method,N_req,frac,N,n_cand,kept,n_pred,n_ref,acc,comp,chamfer,precision@0.1,recall@0.1,f1@0.1,precision@0.2,recall@0.2,f1@0.2,precision@0.5,recall@0.5,f1@0.5,iou,grid_voxel
A_point,-1,0.02,23.666666666666668,76640.7435897436,1532.3589743589744,1532.3589743589744,59403.743589743586,0.20390868163179127,1.9625680201083195,1.0832383508700554,0.7849424515851033,0.09521501172021161,0.16918835738138505,0.84276434355737,0.1263124920675232,0.21888609418381294,0.8698175407233757,0.20952905519786413,0.3355194855026762,0.05019407329695685,
A_point,-1,0.05,23.666666666666668,76640.7435897436,3831.5384615384614,3831.5384615384614,59403.743589743586,0.20539378301438746,1.5024898500691017,0.8539418165417447,0.6992177093151118,0.18489653851488116,0.29083219742086935,0.8110004242473824,0.23854444589598367,0.3665609912516532,0.8833022599362474,0.34748328158144154,0.49488369221989903,0.09600967985431104,
A_point,-1,0.1,23.666666666666668,76640.7435897436,7663.5641025641025,7663.5641025641025,59403.743589743586,0.21692803395377647,1.1088281817774481,0.6628781078656123,0.5948647638846999,0.27850148591575863,0.3766395548247298,0.7568798278529723,0.360589334845848,0.48540944893752824,0.8898834497823458,0.4856037554726947,0.6246385861292377,0.13282243582377967,
A_point,-1,0.25,23.666666666666668,76640.7435897436,19159.82051282051,19159.82051282051,59403.743589743586,0.25894023126843546,0.5283561134477422,0.39364817235808885,0.44952924718075254,0.4289595999618758,0.4352111634223142,0.650458663848099,0.5458547399914058,0.5903215132523426,0.8648972821459119,0.7007185503119595,0.7712999230316259,0.15994731026551523,
A_point,-1,0.5,23.666666666666668,76640.7435897436,38320.07692307692,38320.07692307692,59403.743589743586,0.3662493877282477,0.3234297338657863,0.344839560797017,0.32612489111286275,0.5495192523029632,0.4058170319178415,0.5219633440525878,0.6879867280859094,0.5902280447379666,0.7884189761990447,0.829122792103368,0.8062983515959,0.1453931481620279,
A_point,-1,1.0,23.666666666666668,76640.7435897436,76640.7435897436,76640.7435897436,59403.743589743586,0.5646359442861818,0.2611282379417207,0.4128820911139513,0.22603022705690387,0.6633699806783862,0.33449765036379464,0.38999883243951716,0.7724532035405679,0.514616147328285,0.6691959649032534,0.8676931617290355,0.7527794527151989,0.11421622680523254,
A_point,1,0.02,1.0,9476.871794871795,188.94871794871796,188.94871794871796,14955.076923076924,0.21691954667236638,1.7841114942027378,1.0005155204375522,0.7590704439343886,0.04731652674651532,0.08885450208092231,0.8094727121347915,0.07622170696707088,0.13862726696492972,0.8507005271762899,0.17242793174709214,0.2838073963965915,0.012363435401054657,
A_point,1,0.05,1.0,9476.871794871795,473.35897435897436,473.35897435897436,14955.076923076924,0.1930364606435131,1.488943271193283,0.8409898659183981,0.7441558070486276,0.11010332140752158,0.19086343282232343,0.8240105346625259,0.16450494459171097,0.27230312467992474,0.8860914381080705,0.2948915713724503,0.43876451725457116,0.03023568033772705,
A_point,1,0.1,1.0,9476.871794871795,947.2307692307693,947.2307692307693,14955.076923076924,0.19303073903660614,1.1555779223025981,0.6743043306696023,0.6878858163119475,0.19209820299598054,0.29839640544652934,0.7997214070940603,0.27991480409908254,0.4121001011956297,0.896230231520891,0.4420840794013205,0.5890007471092472,0.05461687331577476,
A_point,1,0.25,1.0,9476.871794871795,2368.948717948718,2368.948717948718,14955.076923076924,0.22218716841178038,0.622813051352704,0.4225001098822423,0.579534904863011,0.33276092875407526,0.42041846433021407,0.7288504877512026,0.4844956054294708,0.5795394737344741,0.8828226881904359,0.6959937541537832,0.7747854282436523,0.09782208913909332,
A_point,1,0.5,1.0,9476.871794871795,4738.282051282052,4738.282051282052,14955.076923076924,0.2772075455870189,0.3916749390180472,0.334441242302533,0.4797416450711391,0.422297273084364,0.44648677811269993,0.6480861826131034,0.5879864463718673,0.6138596335382811,0.8394825760528744,0.7912629312597034,0.8118215720875112,0.1248249528299263,
A_point,1,1.0,1.0,9476.871794871795,9476.871794871795,9476.871794871795,14955.076923076924,0.41092487549602497,0.3226358295130516,0.3667803525045383,0.3451754071141418,0.4680885149137262,0.39442401448801095,0.5151590309038483,0.6322639658902494,0.5644132529277517,0.747247705321937,0.8323401332487353,0.7847837166479044,0.12026553575157849,
A_point,2,0.02,2.0,16246.948717948719,324.5128205128205,324.5128205128205,24069.0,0.16512183705632838,1.5570831559923184,0.8611024965243234,0.7186938135112557,0.048904019310439105,0.0912912681755689,0.8436160846218484,0.08732511925223842,0.15759221887556205,0.9019979375457827,0.19921368510324727,0.3245868737734676,0.014855820559220495,
A_point,2,0.05,2.0,16246.948717948719,811.9230769230769,811.9230769230769,24069.0,0.16385688194878645,1.293855916748417,0.7288563993486017,0.7096489213918584,0.1130918950945464,0.19393185348335806,0.8385447798046616,0.18078000672520508,0.29556048811645586,0.9093595751983963,0.3279779862357153,0.4801069392550013,0.0364978147984918,
A_point,2,0.1,2.0,16246.948717948719,1624.3076923076924,1624.3076923076924,24069.0,0.17109464337722557,0.9983277406481309,0.5847111920126782,0.6771394191879215,0.20287133683958364,0.30987325602142324,0.8172858780260889,0.3062909661649739,0.4428600425389429,0.9080926921571455,0.4830530589357318,0.6284949429243795,0.06694304229589673,
A_point,2,0.25,2.0,16246.948717948719,4061.3846153846152,4061.3846153846152,24069.0,0.2146965249769581,0.5039138176887292,0.3593051713328437,0.5697041235424342,0.35705418189398863,0.43601356915761214,0.7366567023434308,0.5277880243839664,0.6115451200291891,0.884012402099581,0.7431693635307808,0.8049911893480323,0.11722382265456058,
A_point,2,0.5,2.0,16246.948717948719,8123.2307692307695,8123.2307692307695,24069.0,0.2820360295325425,0.3118767776846288,0.2969564036085856,0.46603581702903185,0.45721830130030966,0.4582183261035557,0.6474920941616834,0.643137669443988,0.6416636774632201,0.8420605611650512,0.842365849896149,0.8397416474021008,0.14195546537776657,
A_point,2,1.0,2.0,16246.948717948719,16246.948717948719,16246.948717948719,24069.0,0.44326054536452003,0.24438452524750373,0.34382253530601187,0.33618655452174667,0.52040037561792,0.40527738603979274,0.5126767836093962,0.7082884234256275,0.5909862202116716,0.7480690913505464,0.8879849689230107,0.8085154848056272,0.13166612219849122,
A_point,4,0.02,4.0,28508.5641025641,569.6666666666666,569.6666666666666,34478.53846153846,0.20568084551339977,1.665179166520561,0.9354300060169806,0.7657768107001213,0.06678927020163819,0.12264027714594178,0.8366226955023598,0.10628779732643388,0.18813225020887478,0.8671967458219247,0.21682489208152494,0.34491187545600027,0.02450740307395608,
A_point,4,0.05,4.0,28508.5641025641,1424.974358974359,1424.974358974359,34478.53846153846,0.18929914595370875,1.3577563105631951,0.7735277282584518,0.7548482289201943,0.14983092462154596,0.24914237038096318,0.8394084984513526,0.21518152624072193,0.34078221517361085,0.8858528880994285,0.35305335566266294,0.5009043223046566,0.05804828560085982,
A_point,4,0.1,4.0,28508.5641025641,2850.4358974358975,2850.4358974358975,34478.53846153846,0.19501876734710308,1.0171265519536619,0.6060726596503825,0.6912438516063166,0.2502680523395811,0.365734864749999,0.8109408877048486,0.3481546215486309,0.48437412833203514,0.8926958696582116,0.5130369928019942,0.6471195500276518,0.09687060208070236,
A_point,4,0.25,4.0,28508.5641025641,7126.74358974359,7126.74358974359,34478.53846153846,0.22718004595708335,0.5117099282628157,0.36944498710994955,0.5569255985508648,0.4139683370313541,0.4727167307796053,0.7260534181227681,0.571465751010841,0.6364067810099207,0.8802513691973112,0.7482962412957666,0.8055983647260809,0.14632971453749638,
A_point,4,0.5,4.0,28508.5641025641,14254.0,14254.0,34478.53846153846,0.2886572042882074,0.2919788400071544,0.29031802214768093,0.4360968960943769,0.5182703851887317,0.47139056391912293,0.6229771901383431,0.6893559723553221,0.651490599984393,0.8358684628163585,0.8551309912225651,0.8427360296290545,0.15772446556206046,
A_point,4,1.0,4.0,28508.5641025641,28508.5641025641,28508.5641025641,34478.53846153846,0.45462734643844865,0.22939773797041094,0.3420125422044298,0.3094409757161614,0.5983600801918296,0.405801625514314,0.4869220330094949,0.7649858834971432,0.5916800751196828,0.7365968068969108,0.8982168059809098,0.8061295888163337,0.13649641564394596,
A_point,8,0.02,8.0,44257.256410256414,884.6923076923077,884.6923076923077,44439.41025641026,0.21294801024430732,1.8319622245607934,1.0224551174025502,0.787329809346189,0.07921628077439802,0.1436581692107473,0.8355104448046513,0.11178841145956497,0.1966373794270458,0.860178396157585,0.20503511598481697,0.3290224270045349,0.035001316421760534,
A_point,8,0.05,8.0,44257.256410256414,2212.4615384615386,2212.4615384615386,44439.41025641026,0.1972656007914735,1.4346228703275956,0.8159442355595347,0.7457216218090084,0.1693492104740459,0.2750667414126023,0.8319833664810817,0.22705876310466921,0.3551034616181809,0.8830670026266143,0.346721063827597,0.4944367671989913,0.07609120460669923,
A_point,8,0.1,8.0,44257.256410256414,4425.333333333333,4425.333333333333,44439.41025641026,0.20703079523217438,1.0595981177749656,0.63331445650357,0.6579223430823268,0.26793144562864313,0.3791815837656344,0.7901264834544499,0.3582366267176606,0.4900422130320145,0.8889050557354952,0.5055117308280225,0.6394403942946456,0.11591196216787615,
A_point,8,0.25,8.0,44257.256410256414,11064.051282051281,11064.051282051281,44439.41025641026,0.23845357209857881,0.5117852116952744,0.3751193918969266,0.5126641342088752,0.4279455152066822,0.46406279793852906,0.6962178885871629,0.5657502289586159,0.6209345888641195,0.875856026168887,0.7261210893221227,0.7906844900096442,0.15645163696038678,
A_point,8,0.5,8.0,44257.256410256414,22128.384615384617,22128.384615384617,44439.41025641026,0.3127005461754285,0.29282352261993577,0.30276203439768207,0.38801832773549105,0.5383941109972519,0.4486428423005829,0.5815297932996324,0.6976687589976862,0.6311064416501178,0.8207126658213004,0.8520639190180598,0.8337502713745543,0.155679123424705,
A_point,8,1.0,8.0,44257.256410256414,44257.256410256414,44257.256410256414,44439.41025641026,0.49010380476854426,0.23452467817487,0.3623142414717071,0.27187485673970335,0.6370106602877014,0.37916091327041473,0.44574153737144456,0.7811412744144022,0.5644597849486195,0.7135618862229279,0.8907676289742452,0.7898580550226503,0.12849483375743198,
A_point,16,0.02,15.692307692307692,63060.53846153846,1260.7179487179487,1260.7179487179487,54121.41025641026,0.2072870001451627,1.9300038704074718,1.0686454352763173,0.7900503178448782,0.09006020432478078,0.16131999809352632,0.841176202461684,0.12109039645778709,0.21110790728269274,0.8665186182056437,0.20639908762199988,0.331439004530226,0.044794401379946266,
A_point,16,0.05,15.692307692307692,63060.53846153846,3152.5128205128203,3152.5128205128203,54121.41025641026,0.20203492673655837,1.4835024768864655,0.842768701811512,0.719665308344706,0.18154675968004882,0.2889438549113332,0.820460290221965,0.2354372937985866,0.36428419165837855,0.8844324966087159,0.34760210232790567,0.4956386369566242,0.09050271297048476,
A_point,16,0.1,15.692307692307692,63060.53846153846,6305.589743589743,6305.589743589743,54121.41025641026,0.2142230565844848,1.0903710606279837,0.6522970586062343,0.6181894320736074,0.2762876377251256,0.3802034464763239,0.769937937111345,0.3609238304286727,0.48886643163902666,0.8894152829816011,0.4940926955164387,0.6306414832209051,0.12816509497542425,
A_point,16,0.25,15.692307692307692,63060.53846153846,15764.71794871795,15764.71794871795,54121.41025641026,0.2501066531479064,0.5100980540509796,0.380102353599443,0.4701216662072325,0.42998984881089963,0.446521019498514,0.6651460642573033,0.5526512590577283,0.6007067724060647,0.8699827946833903,0.7117669428957709,0.7799607173093056,0.16034697764602732,
A_point,16,0.5,15.692307692307692,63060.53846153846,31530.02564102564,31530.02564102564,54121.41025641026,0.3433243096314656,0.313215261461737,0.3282697855466013,0.3441651629315655,0.5468577338658615,0.42006295950098976,0.5393528552375206,0.6916133933370298,0.6031738460306433,0.8002345765115988,0.8376923071617788,0.8165495434380146,0.1496600354431729,
A_point,16,1.0,15.692307692307692,63060.53846153846,63060.53846153846,63060.53846153846,54121.41025641026,0.532921615397774,0.2538431139838598,0.3933823646908169,0.24007467282364567,0.6592772282055015,0.35007304732189215,0.407672791748892,0.7762751667869937,0.5315810145806501,0.6854398864855259,0.8744393591493972,0.7661131591660575,0.11948207901853032,
B_argmax,-1,0.02,23.666666666666668,76630.30769230769,1532.076923076923,1532.076923076923,59403.743589743586,0.20738288284396603,1.9488284866749659,1.0781056847594659,0.7862916184682119,0.09521930861411325,0.169302171821318,0.8412047621693253,0.12794348967489366,0.22126588533905073,0.8686149026375085,0.21245306518099633,0.33907035403104396,0.04942847499832145,
B_argmax,-1,0.05,23.666666666666668,76630.30769230769,3831.076923076923,3831.076923076923,59403.743589743586,0.20136401887890082,1.4708317008841956,0.8360978598815482,0.6893361621311784,0.18121352190811463,0.2858645669975648,0.8082794041215222,0.24288719587451782,0.37157667103833375,0.8890060258756711,0.3620441911796216,0.5104021577070934,0.09486104791622683,
B_argmax,-1,0.1,23.666666666666668,76630.30769230769,7662.589743589743,7662.589743589743,59403.743589743586,0.2140881587672733,1.0574200429306426,0.6357541008489579,0.5790994819963975,0.2701351788044967,0.366596026055654,0.749225500569973,0.3632087267853093,0.48688638995090033,0.8929126966649167,0.4982810955325594,0.6362052154395221,0.12756962804522826,
B_argmax,-1,0.25,23.666666666666668,76630.30769230769,19157.20512820513,19157.20512820513,59403.743589743586,0.27297839184310496,0.5437272355544974,0.4083528136988012,0.4224437286661431,0.4153391587162665,0.41626992556813647,0.6229488177831982,0.5363919401905045,0.5742827528377026,0.8536812680132383,0.7079670072427025,0.771780571563443,0.14919769636660354,
B_argmax,-1,0.5,23.666666666666668,76630.30769230769,38314.94871794872,38314.94871794872,59403.743589743586,0.36726653922888225,0.3345446650447827,0.3509056021368325,0.31123503833213667,0.5330856816563284,0.3900854367703923,0.5039798881709532,0.6675575099605603,0.5717750050282985,0.7825924401670792,0.8173527523621151,0.7979123782913339,0.13696564518274665,
B_argmax,-1,1.0,23.666666666666668,76630.30769230769,76630.30769230769,76630.30769230769,59403.743589743586,0.5269634906953266,0.24423906744461535,0.385601279069971,0.21826389961109977,0.6510024122552319,0.3243545691542617,0.38283131365375134,0.7675174054421107,0.5076552826456275,0.6707535111677296,0.8712964625625946,0.7554337310334578,0.10811642318813385,
B_argmax,1,0.02,1.0,9813.153846153846,195.71794871794873,195.71794871794873,14955.076923076924,0.23157587534318055,1.76941318660242,1.0004945309728004,0.7378909467630123,0.0471877840711886,0.08846259186650303,0.7896076412681305,0.0780122578314929,0.1412598877161939,0.8365271565670815,0.1767374445069411,0.28843525397034553,0.013219174828797736,
B_argmax,1,0.05,1.0,9813.153846153846,490.20512820512823,490.20512820512823,14955.076923076924,0.2060245065261861,1.4579235590478195,0.8319740327870028,0.7266424038020659,0.11064455708360085,0.1911398322278854,0.8039450080734591,0.1682264395849187,0.2764171382637447,0.8752091359131763,0.30546891509962165,0.4492946952773164,0.031999284397951744,
B_argmax,1,0.1,1.0,9813.153846153846,980.8974358974359,980.8974358974359,14955.076923076924,0.20502499412130654,1.1124587242859427,0.6587418592036246,0.6748110798851282,0.19481796336287185,0.30043466138407066,0.7815768212338972,0.28818755391835055,0.41895983322929037,0.8872408890236836,0.4582391026798699,0.6013571042392873,0.057420947438753936,
B_argmax,1,0.25,1.0,9813.153846153846,2452.923076923077,2452.923076923077,14955.076923076924,0.22867446431471064,0.5936362470410784,0.4111553556778945,0.5555741801521232,0.32518346657690766,0.4078008637148644,0.7101367181396085,0.4916973925721327,0.5788413021968891,0.8794368390209564,0.7156764749918404,0.7865698844213683,0.09851298305097855,
B_argmax,1,0.5,1.0,9813.153846153846,4906.307692307692,4906.307692307692,14955.076923076924,0.2843776628508813,0.3855612403527281,0.3349694516018047,0.4452248596023792,0.40886152371620016,0.42333571335329256,0.6215550436359368,0.5931554664382732,0.6044129419982304,0.8393243520103653,0.7992768378942093,0.816600669756088,0.11927736771081474,
B_argmax,1,1.0,1.0,9813.153846153846,9813.153846153846,9813.153846153846,14955.076923076924,0.3976212368739396,0.3027498904912686,0.35018556368260406,0.32430353851024485,0.4694841918550891,0.3804701219436487,0.5009183138229476,0.648074729994925,0.561717684362239,0.7559645839089304,0.8497599077498476,0.7974569752091331,0.11479495879008204,
B_argmax,2,0.02,2.0,16527.97435897436,330.1025641025641,330.1025641025641,24069.0,0.17392891521483111,1.5511926696968172,0.8625607924558242,0.7223467032812929,0.04969648365798449,0.0927322529029236,0.8292061820107502,0.08915221801077328,0.16033171804340454,0.8937688947098622,0.2025473648992032,0.3285097380718955,0.015185147709771911,
B_argmax,2,0.05,2.0,16527.97435897436,825.9487179487179,825.9487179487179,24069.0,0.17391374817489894,1.27582009182963,0.7248669200022645,0.706057284258778,0.11392181668879328,0.19526612373996297,0.8180171586055339,0.18230258385613654,0.29658111327115655,0.8995217106372033,0.33503836823887057,0.4862443088609257,0.036438965568633526,
B_argmax,2,0.1,2.0,16527.97435897436,1652.3589743589744,1652.3589743589744,24069.0,0.1833672317088265,0.9615589161532885,0.5724630739310574,0.6671147978416341,0.20408855567254805,0.3105933592176455,0.7954127434624515,0.3102159811616173,0.4438447149975966,0.8984056032836301,0.5027006078785978,0.6426011290971452,0.06635592361098586,
B_argmax,2,0.25,2.0,16527.97435897436,4131.51282051282,4131.51282051282,24069.0,0.2205273391515153,0.48939807705895066,0.35496270810523295,0.5507852764953596,0.35127159288539406,0.42662106352938306,0.7166732832144774,0.5313821163043476,0.6078210125708507,0.8803625740885304,0.7594023413206954,0.8135718025884024,0.1139512687737192,
B_argmax,2,0.5,2.0,16527.97435897436,8263.692307692309,8263.692307692309,24069.0,0.29148652622484783,0.3106628952376334,0.30107471073124065,0.44034951101933845,0.4486805456263764,0.4418566081706611,0.6231537421840263,0.6430653037926893,0.6304922832941366,0.8381438600307141,0.8428545045201452,0.8386933698845269,0.13465493348068006,
B_argmax,2,1.0,2.0,16527.97435897436,16527.97435897436,16527.97435897436,24069.0,0.4288826873943247,0.2378372119694418,0.3333599496818832,0.3210301522620089,0.5248984975621489,0.39573555822104567,0.49986317877441905,0.7156504551913832,0.5855593453953741,0.751579459067892,0.8934126174460693,0.8130951442656892,0.12578865259041805,
B_argmax,4,0.02,4.0,29343.02564102564,586.3333333333334,586.3333333333334,34478.53846153846,0.2136290919901319,1.6547913386744557,0.9342102153322938,0.7685980903104237,0.06850559164981543,0.12556271041020653,0.8266937662204685,0.10990190160995181,0.19351098391050953,0.861422143140667,0.22311454520971133,0.35228124121354637,0.024419728542408665,
B_argmax,4,0.05,4.0,29343.02564102564,1466.6923076923076,1466.6923076923076,34478.53846153846,0.19535615710119772,1.3245238430549258,0.7599400000780617,0.7541666521445162,0.153045284327685,0.2536180262818542,0.8305076432966061,0.22088852231486855,0.3472643102038644,0.8821072217031266,0.36546671627790417,0.5124295593139022,0.05823302798734758,
B_argmax,4,0.1,4.0,29343.02564102564,2933.871794871795,2933.871794871795,34478.53846153846,0.2001759141584922,0.9671695535702823,0.5836727338643873,0.6821626530782675,0.25235190043534966,0.3670975969912791,0.800223121648762,0.3591298210490708,0.4933129061421353,0.8892849775065272,0.5356806674837136,0.6645577923783417,0.09615985981071791,
B_argmax,4,0.25,4.0,29343.02564102564,7335.358974358975,7335.358974358975,34478.53846153846,0.23291219698254415,0.481034939333573,0.3569735681580586,0.5322831253736382,0.406912205906458,0.4596629380729358,0.7042297422925309,0.5735766675058397,0.6299624043020258,0.8754069327531449,0.7589705673670231,0.8101704031139475,0.14014941482580193,
B_argmax,4,0.5,4.0,29343.02564102564,14671.333333333334,14671.333333333334,34478.53846153846,0.29864006210785193,0.29185676458334203,0.2952484133455969,0.40819625242905405,0.5142129464729124,0.4534469520494153,0.5956376075049687,0.6884905519627745,0.6364760960910737,0.8289291182483303,0.8539558305651693,0.839268680638825,0.14849541285674273,
B_argmax,4,1.0,4.0,29343.02564102564,29343.02564102564,29343.02564102564,34478.53846153846,0.4403452813396905,0.22360479365817235,0.3319750374989314,0.29197868508421976,0.603451148732942,0.3917541857194707,0.4687753629994199,0.7689070802470974,0.5796817019186555,0.7362109547655048,0.9024748033979987,0.8080025947587084,0.12864508325023832,
B_argmax,8,0.02,8.0,45334.666666666664,906.2051282051282,906.2051282051282,44439.41025641026,0.2165299377606303,1.8226821580775514,1.019606047919091,0.789516124293421,0.08077794113127357,0.14626377541537708,0.8338857190837717,0.1149135448512828,0.2014037164964785,0.8584304374980736,0.2085500230845849,0.33357091185140636,0.034842206431883245,
B_argmax,8,0.05,8.0,45334.666666666664,2266.2820512820513,2266.2820512820513,44439.41025641026,0.1988349220253146,1.3876212132623569,0.7932280676438358,0.7416025716973468,0.17223794145785737,0.27877835752981844,0.8307212584116807,0.23638125394980733,0.36638136093951346,0.883496419460864,0.36417592444806146,0.5119784875317924,0.07693777162055755,
B_argmax,8,0.1,8.0,45334.666666666664,4533.0,4533.0,44439.41025641026,0.20648539657800533,1.0132465920869258,0.6098659943324655,0.6431574504745041,0.2663254308420532,0.3754263073169954,0.7822836948355504,0.3688140504593475,0.49870108067918356,0.8906695305338116,0.5258794127801759,0.6567241585005382,0.11452342854554744,
B_argmax,8,0.25,8.0,45334.666666666664,11333.23076923077,11333.23076923077,44439.41025641026,0.2461033509352932,0.4834599612089369,0.36478165607211505,0.48158734655001456,0.41629409672520695,0.4448364771072008,0.6707878731567495,0.5653765697856515,0.6110619851972556,0.870388745326038,0.7416279724476146,0.7983523191138762,0.1475291099524114,
B_argmax,8,0.5,8.0,45334.666666666664,22667.05128205128,22667.05128205128,44439.41025641026,0.3222620352667242,0.29699493081269657,0.30962848303971036,0.3618611508666144,0.5308681915763223,0.4285969808456278,0.5553480035355083,0.6912880477670126,0.613714418445398,0.8120588048232625,0.847533272062371,0.8275761971405395,0.14539047746561964,
B_argmax,8,1.0,8.0,45334.666666666664,45334.666666666664,45334.666666666664,44439.41025641026,0.46835002479614657,0.22727230507705956,0.3478111649366031,0.2592099104903286,0.6368272568189732,0.3666778538300326,0.4341079200680674,0.779908664658511,0.5550276820199915,0.7135582331195273,0.8932427254191956,0.7909170818361105,0.12159242859006529,
B_argmax,16,0.02,15.692307692307692,63971.333333333336,1278.923076923077,1278.923076923077,54121.41025641026,0.21203385109641187,1.9203195135574391,1.0661766823269256,0.7882527317876907,0.09066281799219296,0.16225847933601548,0.8390676114041603,0.12292270926902002,0.2137685104012616,0.8642254482300645,0.20796033911404116,0.33329011101703654,0.04453690561259064,
B_argmax,16,0.05,15.692307692307692,63971.333333333336,3198.1794871794873,3198.1794871794873,54121.41025641026,0.2017530097455798,1.4384624668973949,0.8201077383214873,0.7112575346815394,0.18055096238324436,0.28723658564006255,0.8171387127920099,0.2417978192745391,0.37157250695751376,0.8864671403216972,0.36446610272908825,0.512485538932615,0.09001409526054577,
B_argmax,16,0.1,15.692307692307692,63971.333333333336,6396.717948717948,6396.717948717948,54121.41025641026,0.21205575577255514,1.0388214856956965,0.6254386207341258,0.6009188559915172,0.2702773628606268,0.37162150110269354,0.760504191373558,0.36563067321550097,0.4914848356139642,0.8921236995077023,0.5081680036749693,0.6430504662770635,0.12463613411273346,
B_argmax,16,0.25,15.692307692307692,63971.333333333336,15992.51282051282,15992.51282051282,54121.41025641026,0.26213610273250726,0.5160717777999114,0.3891039402662093,0.4410119766181397,0.4179919764486203,0.4273781278403601,0.6388570486514659,0.548522326887204,0.5879329590739438,0.8603716227948109,0.7222339056242145,0.7829630600713682,0.15022734036460433,
B_argmax,16,0.5,15.692307692307692,63971.333333333336,31985.46153846154,31985.46153846154,54121.41025641026,0.3480484697503491,0.3240475979971929,0.33604803387377097,0.3267375552251452,0.5349936220107837,0.40377102998015707,0.5203137354932178,0.6769178583371072,0.5862639944760369,0.7925751877081841,0.8264962244261159,0.8075353899842401,0.14070284320496368,
B_argmax,16,1.0,15.692307692307692,63971.333333333336,63971.333333333336,63971.333333333336,54121.41025641026,0.504685492224667,0.23777135391341772,0.37122842306904236,0.2309676089427788,0.6511644372349423,0.3391126192619163,0.3997177403828343,0.774440400662388,0.5244984349570897,0.6860407126527598,0.8803026765128138,0.7687832702424419,0.11299787890435646,
C_grid,-1,0.005,23.666666666666668,605577.358974359,3027.3846153846152,3027.3846153846152,59403.743589743586,0.21716235971846032,1.8124491493650556,1.014805754541758,0.6899885946383892,0.11043040757881303,0.18756530657675397,0.8459165452558645,0.1389597529487789,0.2368057853240053,0.8767019313477317,0.22382592539853546,0.35371085026838484,0.06308863566915107,0.10199405101569427
C_grid,-1,0.01,23.666666666666668,605577.358974359,6055.25641025641,6055.25641025641,59403.743589743586,0.2257722073990176,1.5223002625260358,0.8740362349625267,0.5860448592662391,0.17809476382821668,0.2671108956178765,0.8170785664282363,0.21949442277699802,0.3425562780533369,0.8791376139525531,0.32199606034422484,0.467503166596352,0.09503646626605443,0.10199405101569427
C_grid,-1,0.02,23.666666666666668,605577.358974359,12111.051282051281,12111.051282051281,59403.743589743586,0.2413020462820301,1.2059172545659789,0.7236096504240045,0.47508223301315705,0.2714467318802112,0.33566727161086235,0.7526235398670924,0.32294222759948965,0.4459848725987635,0.8801020164464126,0.4310169030278534,0.5748092646416068,0.12464591253600762,0.10199405101569427
C_grid,-1,0.05,23.666666666666668,605577.358974359,30278.51282051282,30278.51282051282,59403.743589743586,0.2935716569270095,0.746629886898561,0.5201007719127853,0.3391840420050699,0.43386269920547404,0.3695878003628641,0.6083510510174086,0.4875136869793998,0.5320768965345342,0.8479385206489832,0.5951629224251851,0.6952524026496224,0.13926479752112142,0.10199405101569427
C_grid,-1,0.1,23.666666666666668,605577.358974359,60557.46153846154,60557.46153846154,59403.743589743586,0.3800363264109582,0.44640440973196377,0.41322036807146095,0.24588050526653135,0.5750321592725877,0.3356934158340373,0.4732313437588755,0.6332848867445443,0.5310358483318972,0.7758037806069565,0.744179525932983,0.7554965340329665,0.12177613715123425,0.10199405101569427
C_grid,-1,0.25,23.666666666666668,605577.358974359,151394.15384615384,151394.15384615384,59403.743589743586,0.677254336447711,0.24886684501738648,0.46306059073254874,0.15070117058920238,0.7716504718588261,0.24801959765968568,0.3071274805441592,0.8084996693868073,0.4372514047423826,0.610976754057859,0.8711357619990551,0.7117659801135523,0.0830617422012024,0.10199405101569427
C_grid,-1,0.5,23.666666666666668,605577.358974359,302788.58974358975,302788.58974358975,59403.743589743586,1.0358638741006025,0.1435053713722666,0.5896846227364345,0.09501780405117174,0.8899799932359107,0.1697345707454837,0.19942934142545304,0.9052378351202575,0.3213805205865234,0.4561054762601234,0.9331011145479436,0.602951500118808,0.0534433364493573,0.10199405101569427
C_grid,-1,1.0,23.666666666666668,605577.358974359,605577.358974359,605577.358974359,59403.743589743586,1.466276574576916,0.07566053431079221,0.770968554443854,0.05431930242674994,0.9712410491416059,0.10222949505930827,0.11600661137569485,0.9740327914103051,0.20513496639051085,0.2937458031875981,0.9821660712539722,0.44426005067296687,0.03051603901556107,0.10199405101569427
C_grid,1,0.005,1.0,343487.5128205128,1717.025641025641,1717.025641025641,14955.076923076924,0.21207832995899772,1.1250904269831603,0.668584378471079,0.7018923128944358,0.2036477853739928,0.3075253018195118,0.8257688652618359,0.26351651982328256,0.3925712952818424,0.873644595655366,0.4071856120346759,0.5477492697903517,0.07228050770224786,0.1
C_grid,1,0.01,1.0,343487.5128205128,3434.4615384615386,3434.4615384615386,14955.076923076924,0.2274401699901351,0.923119187358085,0.57527967867411,0.6002262202141286,0.2927321724258517,0.3799955705890684,0.8002232307599445,0.3718809932181864,0.4978074129842679,0.8768091509166408,0.5288128946218844,0.6518053054321188,0.10176759801046759,0.1
C_grid,1,0.02,1.0,343487.5128205128,6869.358974358975,6869.358974358975,14955.076923076924,0.2420289825244747,0.7036163649323027,0.4728226737283887,0.4836963271478501,0.40652408160816617,0.42490048221479526,0.740640048512143,0.49838218882910096,0.582749021413297,0.8759641264795548,0.6434470318140232,0.7344717084743977,0.1243304460465188,0.1
C_grid,1,0.05,1.0,343487.5128205128,17173.97435897436,17173.97435897436,14955.076923076924,0.3055566849088953,0.45184558768812494,0.3787011362985101,0.3440999958079216,0.5626087653117755,0.4129528028690264,0.6075568038565856,0.6455444161020295,0.6142077031805402,0.8279218889351636,0.7627898236604562,0.7896333629985941,0.12722136606999676,0.1
C_grid,1,0.1,1.0,343487.5128205128,34348.46153846154,34348.46153846154,14955.076923076924,0.37129898436386205,0.29552518223531427,0.33341208329958816,0.2478505511280311,0.668929047450669,0.3512372313823817,0.4939256682461955,0.7388930367166621,0.5790824385582781,0.7742994134310798,0.8397550693958488,0.7997549436313233,0.10501426703145834,0.1
C_grid,1,0.25,1.0,343487.5128205128,85871.61538461539,85871.61538461539,14955.076923076924,0.5723551464106611,0.18863201202856691,0.380493579219614,0.1454317865664179,0.7875459494264339,0.24024893206460218,0.3297478000575001,0.8393508516228396,0.4624746829252706,0.6424351500359584,0.9149075157088288,0.7462397263823554,0.0648437419680397,0.1
C_grid,1,0.5,1.0,343487.5128205128,171743.6923076923,171743.6923076923,14955.076923076924,0.7473545962878099,0.1395456727710274,0.44345013452941867,0.09545308547246759,0.8872875448938949,0.16965285936500643,0.233819078568769,0.9131289229505342,0.363986973989441,0.5427773498170104,0.9453452924499322,0.6782189500526695,0.04227165259639847,0.1
C_grid,1,1.0,1.0,343487.5128205128,343487.5128205128,343487.5128205128,14955.076923076924,0.9519961790055035,0.09243993243212315,0.5222180557188134,0.05723713267998037,0.9629713519256884,0.10696392323785232,0.14611588838332895,0.9663602791417899,0.24953573116930877,0.4077819511895709,0.9734658057010785,0.5619830707488578,0.02500674991635961,0.1
C_grid,2,0.005,2.0,466176.8717948718,2330.4102564102564,2330.4102564102564,24069.0,0.2000780746785618,1.0817266629027547,0.6409023687906582,0.6820957880597566,0.18697685006099246,0.28559869887027595,0.8205110996283782,0.2499041564562889,0.37644323071785596,0.8819666264037125,0.40064057424859795,0.5434411525390731,0.07270681128124633,0.10005145954031863
C_grid,2,0.01,2.0,466176.8717948718,4661.282051282052,4661.282051282052,24069.0,0.2181231602307988,0.8751928219148383,0.5466579910728185,0.5968255083475151,0.2759320891446851,0.36463364311429614,0.7944394376700168,0.3546814095526981,0.48053199290023046,0.8788790846944877,0.514191730592522,0.6409583417191408,0.1068108900465554,0.10005145954031863
C_grid,2,0.02,2.0,466176.8717948718,9323.102564102564,9323.102564102564,24069.0,0.23459513757170483,0.6665583513454975,0.45057674445860113,0.494959759057631,0.38998347185976356,0.41882637038622744,0.7524444116067941,0.48233262222825046,0.5749532935240459,0.8775316316935337,0.6385216503884152,0.7318435956457116,0.13392145453574172,0.10005145954031863
C_grid,2,0.05,2.0,466176.8717948718,23308.46153846154,23308.46153846154,24069.0,0.2889872900186368,0.4028011151939768,0.34589420260630677,0.3598601585159766,0.5741466021512696,0.42574195433429407,0.6334931861772538,0.6617936254328829,0.6333728307828685,0.8466699446597548,0.7829956509548431,0.8071252588832557,0.14264999085210647,0.10005145954031863
C_grid,2,0.1,2.0,466176.8717948718,46617.333333333336,46617.333333333336,24069.0,0.3659912965108253,0.25584860932502107,0.3109199529179232,0.2618977342804602,0.6971616936092615,0.3685488526959117,0.5108153775515473,0.7670064240477958,0.5990171216718517,0.7947517052775289,0.8652073654982121,0.8219051152057779,0.11907368234844307,0.10005145954031863
C_grid,2,0.25,2.0,466176.8717948718,116544.07692307692,116544.07692307692,24069.0,0.6174392353767998,0.14955483737117303,0.38349703637398647,0.15382323711652973,0.8312634959366605,0.25375220283907357,0.3346527546302615,0.8777728257599663,0.47312450409605716,0.6483942279034574,0.9358716552516407,0.7554983747267905,0.07413991878316444,0.10005145954031863
C_grid,2,0.5,2.0,466176.8717948718,233088.41025641025,233088.41025641025,24069.0,0.8907907319395579,0.10696359282769517,0.49887716238362656,0.09815176652435444,0.9194009545425524,0.17434577200970391,0.22613394589230618,0.9391830689263381,0.3557470431478909,0.5130314207375868,0.9641774626254318,0.6554600938211532,0.04725926013277015,0.10005145954031863
C_grid,2,1.0,2.0,466176.8717948718,466176.8717948718,466176.8717948718,24069.0,1.1807195270398687,0.0755020266827175,0.628110776861293,0.0571580813659255,0.9773678911875566,0.10677783420580364,0.1364998585249175,0.9799467529185572,0.23511978193602948,0.3633482058681646,0.9837100060285433,0.5161033320274128,0.02708339249457098,0.10005145954031863
C_grid,4,0.005,4.0,518887.5128205128,2593.923076923077,2593.923076923077,34478.53846153846,0.20217632235941957,1.3439878994241359,0.7730821108917778,0.7238844225833397,0.15640598578426057,0.25165034926646873,0.8558664609676433,0.19982455898647528,0.3199770351791746,0.8851074236125485,0.31888696160602,0.4635713988322051,0.07187807598689296,0.10043059647219352
C_grid,4,0.01,4.0,518887.5128205128,5188.358974358975,5188.358974358975,34478.53846153846,0.21722117410572522,1.0859904116418515,0.6516057928737883,0.6216810983430732,0.2420296288497103,0.3379885450707245,0.8284058685691326,0.30295992797428734,0.43697339492173143,0.8842918919315595,0.4454244875524191,0.5846281740505753,0.10553203371430023,0.10043059647219352
C_grid,4,0.02,4.0,518887.5128205128,10377.28205128205,10377.28205128205,34478.53846153846,0.23148683820810156,0.8284031241658599,0.5299449811869807,0.5045678528086679,0.3550503830026071,0.4015508545997083,0.7737027870709213,0.430531280904856,0.543143005645519,0.8830730397505127,0.5720402583373505,0.6874620360231062,0.13460243365423896,0.10043059647219352
C_grid,4,0.05,4.0,518887.5128205128,25944.153846153848,25944.153846153848,34478.53846153846,0.27751583293385956,0.5054101417806525,0.391462987357256,0.3652148020293608,0.5417945692861881,0.42017676571030166,0.6445982844786727,0.6115096260257389,0.6144004158326513,0.8577367936941914,0.7219313593262598,0.7784669803041457,0.14767460745106153,0.10043059647219352
C_grid,4,0.1,4.0,518887.5128205128,51888.46153846154,51888.46153846154,34478.53846153846,0.3489579463283389,0.30223013097765017,0.3255940386529945,0.26259914527737166,0.6727871042778264,0.3660079932321962,0.5070784758275944,0.733779782446293,0.5858801292049537,0.7988936003354196,0.8325805954272516,0.8100352494379081,0.12406580573755499,0.10043059647219352
C_grid,4,0.25,4.0,518887.5128205128,129721.71794871795,129721.71794871795,34478.53846153846,0.591090639637224,0.17012030294245126,0.3806054712898377,0.15832324706220802,0.830246560183408,0.2605417568418979,0.3334820039835689,0.8682751332682773,0.47155232356112,0.6461278840838285,0.9230712858872587,0.7519384509244406,0.08075939817084375,0.10043059647219352
C_grid,4,0.5,4.0,518887.5128205128,259443.66666666666,259443.66666666666,34478.53846153846,0.9185583017601886,0.1153966848655213,0.516977493312855,0.10044815169500924,0.9226633465049363,0.17847806007900055,0.2216177236386453,0.937329088564332,0.35098472952012255,0.5000151297231109,0.9579786446003967,0.6452473143529227,0.0516260376011971,0.10043059647219352
C_grid,4,1.0,4.0,518887.5128205128,518887.5128205128,518887.5128205128,34478.53846153846,1.2846754538476628,0.08014166878767585,0.6824085613176692,0.0572419068986866,0.9737554483823737,0.1071614845194977,0.1302612020716775,0.9756081209763396,0.22659019245974518,0.33781948960147556,0.9793781212295795,0.49173226206054393,0.029024713432525162,0.10043059647219352
C_grid,8,0.005,8.0,566647.6153846154,2832.6923076923076,2832.6923076923076,44439.41025641026,0.21026098003002142,1.5624915864905413,0.8863762832602814,0.7030221485542432,0.13244723986959633,0.21874569563867474,0.8499146022964288,0.16668664577261172,0.27588853292117355,0.8810599666510686,0.2661610739611969,0.40512112124827165,0.0667889779003693,0.10084203696830284
C_grid,8,0.01,8.0,566647.6153846154,5665.948717948718,5665.948717948718,44439.41025641026,0.22240750235609985,1.2913611856605072,0.7568843440083034,0.5990718145910059,0.2090645040302038,0.30187182232247617,0.82391773822425,0.25863506807824616,0.388714465490251,0.8808461741990729,0.37974467370515025,0.5249425843425265,0.09918581002629857,0.10084203696830284
C_grid,8,0.02,8.0,566647.6153846154,11332.461538461539,11332.461538461539,44439.41025641026,0.236514456002021,1.0009519647840712,0.6187332103930461,0.4917146673474363,0.3170529357503279,0.37265230339597566,0.7668817727856582,0.3799900315484107,0.5001999522551507,0.881533779280939,0.5052158851498116,0.6366329768801016,0.1303269718839324,0.10084203696830284
C_grid,8,0.05,8.0,566647.6153846154,28332.02564102564,28332.02564102564,44439.41025641026,0.2821430276449953,0.6046495902087218,0.4433963089268585,0.3529100613594835,0.49327904216828944,0.3975538500118401,0.627643413869336,0.5544844252671202,0.5769170887985409,0.855057916623569,0.6657385047312034,0.7435869076960593,0.14374020755000497,0.10084203696830284
C_grid,8,0.1,8.0,566647.6153846154,56664.41025641026,56664.41025641026,44439.41025641026,0.35892836852308363,0.3605492183729117,0.35973879344799764,0.25472211175063375,0.6312533349848395,0.3525750678554135,0.491124181295376,0.6902813468692341,0.5612945963915024,0.7909555339737688,0.7952179216129575,0.7882341871015188,0.12307847238328896,0.10084203696830284
C_grid,8,0.25,8.0,566647.6153846154,141661.7435897436,141661.7435897436,44439.41025641026,0.6254363645646379,0.19682675510644335,0.41113155983554067,0.15510569293598656,0.8097923975869603,0.25568728655351997,0.32076902602703455,0.8476101433173372,0.45659530142713395,0.6316207442105364,0.9050942191451253,0.7363093196675271,0.08220988531966386,0.10084203696830284
C_grid,8,0.5,8.0,566647.6153846154,283323.74358974356,283323.74358974356,44439.41025641026,0.955958600658139,0.1240773153653382,0.5400179580117386,0.09816691837431178,0.9145848515768831,0.17508139176299084,0.2104764176064639,0.9280882556066249,0.3371271560780698,0.4788066246849276,0.950732340133576,0.626656272953852,0.052692935276974974,0.10084203696830284
C_grid,8,1.0,8.0,566647.6153846154,566647.6153846154,566647.6153846154,44439.41025641026,1.3700209374676224,0.08102519921104682,0.7255230683393347,0.055304457646564185,0.9707463820258437,0.10392427596971715,0.12160792138360572,0.9731063020894742,0.21389431850715987,0.31171859556769843,0.9776135962557965,0.4647692155826478,0.029455748054600744,0.10084203696830284
C_grid,16,0.005,15.692307692307692,592680.5128205129,2962.897435897436,2962.897435897436,54121.41025641026,0.21529667777854777,1.7430010826150963,0.979148880196822,0.7016403546100873,0.11528445550968869,0.19491658554616598,0.8490474480122396,0.14493098716515104,0.24537849756815738,0.8773884006643897,0.23379337010394907,0.36589769459632465,0.06467275844983533,0.1010481166766521
C_grid,16,0.01,15.692307692307692,592680.5128205129,5926.25641025641,5926.25641025641,54121.41025641026,0.22080817941823475,1.454694287954405,0.8377512336863199,0.5983825826390492,0.1851703818553849,0.2764837352706212,0.8238862155405636,0.22879925925930442,0.354178064588652,0.8824384060188901,0.3369626274087869,0.4828654441990513,0.0972368473722978,0.1010481166766521
C_grid,16,0.02,15.692307692307692,592680.5128205129,11853.128205128205,11853.128205128205,54121.41025641026,0.23796677733683774,1.1455280422775578,0.6917474098071977,0.48519281989698687,0.282543263235653,0.3466382322398536,0.7609830761458656,0.33666970962560366,0.4600353794330826,0.8813227429704172,0.45077914248701717,0.5915469687875529,0.1279228779798192,0.1010481166766521
C_grid,16,0.05,15.692307692307692,592680.5128205129,29633.69230769231,29633.69230769231,54121.41025641026,0.28517727564426254,0.7091267357228946,0.4971520056835786,0.3468458892244068,0.4501668802047723,0.3797971257116677,0.6200975753653039,0.5055498409796256,0.5468558137468383,0.8540842626214675,0.6130055161793699,0.7090324357819915,0.14216372916564057,0.1010481166766521
C_grid,16,0.1,15.692307692307692,592680.5128205129,59267.743589743586,59267.743589743586,54121.41025641026,0.36476180951805515,0.41755804054678536,0.39115992503242025,0.2509511647118836,0.5902116584545406,0.3429718666606529,0.48217651991656924,0.6490168391073486,0.5422107307208663,0.784805198381647,0.7602615561043053,0.7680613492630237,0.1235314886590356,0.1010481166766521
C_grid,16,0.25,15.692307692307692,592680.5128205129,148169.97435897434,148169.97435897434,54121.41025641026,0.6376422996760135,0.2332545674578811,0.4354484335669473,0.1537317821238962,0.7842024719649806,0.25285011296391346,0.31408714080405986,0.8216315623133107,0.4465047803466454,0.621471136216771,0.8827603471103307,0.7229712313835898,0.08384855593779374,0.1010481166766521
C_grid,16,0.5,15.692307692307692,592680.5128205129,296340.2051282051,296340.2051282051,54121.41025641026,0.9797863257461205,0.1399011874116348,0.5598437565788776,0.09678016323601892,0.8971337125021489,0.17274000547117624,0.2040293066294339,0.911786768377242,0.32809932345755033,0.4658886393583023,0.937433904972019,0.6132673826324921,0.053823578204816994,0.1010481166766521
C_grid,16,1.0,15.692307692307692,592680.5128205129,592680.5128205129,592680.5128205129,54121.41025641026,1.39774235308002,0.07785187789483038,0.7377971154874252,0.05532429107452573,0.9710661052019786,0.10404776200057957,0.11897020744817653,0.9735450412756367,0.2099684286468259,0.3020615636444882,0.9799529754853651,0.45449497334263317,0.030609113498738,0.1010481166766521
C_on_B,-1,0.02,23.666666666666668,76630.30769230769,1532.076923076923,1532.076923076923,59403.743589743586,0.20026516846297926,2.1538096337611385,1.177037401112059,0.8157334305379623,0.06768727686687097,0.12474020963162716,0.8678543719351097,0.08430104745863878,0.15334434898582958,0.8820343549661995,0.14162926011212176,0.24347453964102123,0.041924472697226794,
C_on_B,-1,0.05,23.666666666666668,76630.30769230769,3831.076923076923,3831.076923076923,59403.743589743586,0.24374429846284598,1.7384403336192047,0.9910923160410252,0.7003110389916145,0.12487812997912795,0.211219195427554,0.8165063020600696,0.15493072062356106,0.25994029912631655,0.8536540858424934,0.2400896285839937,0.373828624695505,0.07515466447260298,
C_on_B,-1,0.1,23.666666666666668,76630.30769230769,7662.589743589743,7662.589743589743,59403.743589743586,0.2481045142696761,1.4187763963813964,0.8334404553255362,0.5973069236071397,0.20245079639476218,0.30057648731124015,0.779019917330798,0.2462230922299939,0.37322349644451513,0.858482878060372,0.3546046725001282,0.500052848367094,0.1098818599443968,
C_on_B,-1,0.25,23.666666666666668,76630.30769230769,19157.20512820513,19157.20512820513,59403.743589743586,0.2680276029892532,0.9773278821574463,0.6226777425733498,0.44864484465880156,0.34822467801116447,0.3881926756657075,0.6729124647465672,0.4053601844502063,0.5039010451871783,0.8598046329194505,0.5142702167714821,0.6418401829851049,0.14506517790730988,
C_on_B,-1,0.5,23.666666666666668,76630.30769230769,38314.94871794872,38314.94871794872,59403.743589743586,0.3280402840724259,0.5755251347606248,0.4517827094165253,0.33214684222973273,0.48905602509696183,0.3915967324771962,0.545208068513318,0.559816781840218,0.5493262210135187,0.8107708281342642,0.6808360219558391,0.7388673505299531,0.1415042276982486,
C_on_B,-1,1.0,23.666666666666668,76630.30769230769,76630.30769230769,76630.30769230769,59403.743589743586,0.5269634906953266,0.24423906744461535,0.38560127906997094,0.21826389961109977,0.6510024122552319,0.3243545691542617,0.38283131365375134,0.7675174054421107,0.5076552826456275,0.6707535111677296,0.8712964625625946,0.7554337310334578,0.10811642318813385,
C_on_B,1,0.02,1.0,9813.153846153846,195.71794871794873,195.71794871794873,14955.076923076924,0.16796604718482705,1.719066323557651,0.943516185371239,0.8509000939812312,0.057776705482521,0.1079413563327179,0.8651022746201895,0.08547621585617225,0.1551808693277318,0.8862734232695433,0.16662709271579648,0.2797232004103673,0.016408203638422086,
C_on_B,1,0.05,1.0,9813.153846153846,490.20512820512823,490.20512820512823,14955.076923076924,0.1991018373473073,1.4797294056320935,0.8394156214897004,0.8036646199962603,0.11175267775266885,0.19537026226671775,0.8261295730688045,0.14649345738896222,0.24781437456451053,0.8610974497641667,0.24615939881114665,0.38164978033265146,0.03782597107045641,
C_on_B,1,0.1,1.0,9813.153846153846,980.8974358974359,980.8974358974359,14955.076923076924,0.22105257747634108,1.1832377673440213,0.702145172410181,0.7586861863283114,0.18347871013410005,0.2937156955028856,0.8007882159014694,0.23495449795420528,0.36122439160142555,0.8514787636705463,0.37062459867814657,0.5139723829433106,0.06647685728209274,
C_on_B,1,0.25,1.0,9813.153846153846,2452.923076923077,2452.923076923077,14955.076923076924,0.23738029235496474,0.8665513032167816,0.5519657977858732,0.6276982971991131,0.30298334154946627,0.4052654026712311,0.7551656467101886,0.3995107551848714,0.5193853539526275,0.8644260172468438,0.5638125633912302,0.6786410789167656,0.11011474800787638,
C_on_B,1,0.5,1.0,9813.153846153846,4906.307692307692,4906.307692307692,14955.076923076924,0.27368129901575233,0.590766571211496,0.4322239351136242,0.4889043140469842,0.40204777188594815,0.43724525183721863,0.6615010262303722,0.536068636219095,0.5886852887521461,0.8427224408932573,0.7053054325041378,0.7650994731423131,0.1287538150593776,
C_on_B,1,1.0,1.0,9813.153846153846,9813.153846153846,9813.153846153846,14955.076923076924,0.3976212368739395,0.3027498904912686,0.35018556368260406,0.32430353851024485,0.4694841918550891,0.3804701219436487,0.5009183138229476,0.648074729994925,0.561717684362239,0.7559645839089304,0.8497599077498476,0.7974569752091331,0.11479495879008204,
C_on_B,2,0.02,2.0,16527.97435897436,330.1025641025641,330.1025641025641,24069.0,0.13442520858233725,1.6633676776494104,0.8988964431158738,0.823970555066928,0.054099523429497975,0.10131052199502825,0.884691917843106,0.08596184197698581,0.156290944512716,0.9274285608519367,0.17540112321919332,0.29366710174887206,0.018417979302094354,
C_on_B,2,0.05,2.0,16527.97435897436,825.9487179487179,825.9487179487179,24069.0,0.1777385815837473,1.3652948877501663,0.7715167346669568,0.7759860591432436,0.10717471859003548,0.18762069128181752,0.8399718396364317,0.14950076421104325,0.2529609499702543,0.8893839796575653,0.264994642563476,0.40708601794696286,0.04038691768134174,
C_on_B,2,0.1,2.0,16527.97435897436,1652.3589743589744,1652.3589743589744,24069.0,0.2097293597827774,1.115414617570634,0.6625719886767057,0.7215349890129732,0.17489164598667595,0.2797705677676388,0.8066315652184438,0.23181141518251636,0.3580303798965909,0.8662547147490571,0.3746914196921988,0.5203552575738886,0.06914708653085959,
C_on_B,2,0.25,2.0,16527.97435897436,4131.51282051282,4131.51282051282,24069.0,0.22730059739349523,0.7651280836385727,0.4962143405160339,0.61581143099697,0.31389769292441183,0.4126547957057933,0.7651475414986042,0.4085134660757409,0.5291777704789842,0.8690528156115658,0.5763185830914357,0.6900212836109743,0.122452648979719,
C_on_B,2,0.5,2.0,16527.97435897436,8263.692307692309,8263.692307692309,24069.0,0.26062176212662286,0.477073407028153,0.36884758457738787,0.48573248967893334,0.4375497783349662,0.4569412247802606,0.6762107417804255,0.5757470561752929,0.6187164054426345,0.8573086560150163,0.7475902563816832,0.7960575157595867,0.1456911059124021,
C_on_B,2,1.0,2.0,16527.97435897436,16527.97435897436,16527.97435897436,24069.0,0.4288826873943247,0.2378372119694418,0.3333599496818832,0.3210301522620089,0.5248984975621489,0.39573555822104567,0.49986317877441905,0.7156504551913832,0.5855593453953741,0.751579459067892,0.8934126174460693,0.8130951442656892,0.12578865259041805,
C_on_B,4,0.02,4.0,29343.02564102564,586.3333333333334,586.3333333333334,34478.53846153846,0.14623854007309559,1.8511075924662215,0.9986730662696585,0.887305993669873,0.06275831814124572,0.11702745657558711,0.9122458372648521,0.08568827289224282,0.1563226694947395,0.9199952178913895,0.15525059861184973,0.26470180750438177,0.027021453000370777,
C_on_B,4,0.05,4.0,29343.02564102564,1466.6923076923076,1466.6923076923076,34478.53846153846,0.20263116382118623,1.5164189309072411,0.8595250473642136,0.8090276352883199,0.11718631839057118,0.20423512244321243,0.8550749649321503,0.15074400550587533,0.25570859010169633,0.8759338217299307,0.24844194790058355,0.3860291731917855,0.05457663070375425,
C_on_B,4,0.1,4.0,29343.02564102564,2933.871794871795,2933.871794871795,34478.53846153846,0.2281851580381793,1.2255260650968696,0.7268556115675244,0.7310836236014956,0.18968838696330192,0.3003869368804814,0.8192442032593308,0.23923717664133703,0.3693075338537611,0.8603950852411888,0.3652757012660409,0.5112708867434153,0.08906592182129766,
C_on_B,4,0.25,4.0,29343.02564102564,7335.358974358975,7335.358974358975,34478.53846153846,0.23956328361336468,0.8112685157244023,0.5254158996688835,0.5832304953903593,0.34137697236484665,0.42880790376624445,0.753744339006106,0.4249983727938651,0.5412964262532035,0.8675200496246441,0.5756983938043257,0.6885014931559409,0.1417435749322547,
C_on_B,4,0.5,4.0,29343.02564102564,14671.333333333334,14671.333333333334,34478.53846153846,0.26835036899017783,0.5085249013168234,0.38843763515350055,0.44835625926239214,0.4869920173057171,0.4645179163207371,0.6536181387172844,0.5965003869922284,0.6212526510212136,0.8550599019734912,0.7291997889932603,0.7849723349642611,0.15804226786177197,
C_on_B,4,1.0,4.0,29343.02564102564,29343.02564102564,29343.02564102564,34478.53846153846,0.4403452813396905,0.22360479365817235,0.3319750374989314,0.29197868508421976,0.603451148732942,0.3917541857194707,0.4687753629994199,0.7689070802470974,0.5796817019186555,0.7362109547655048,0.9024748033979987,0.8080025947587084,0.12864508325023832,
C_on_B,8,0.02,8.0,45334.666666666664,906.2051282051282,906.2051282051282,44439.41025641026,0.17615571437095204,2.0219223251366243,1.0990390197537883,0.8538914074217154,0.06439340020712624,0.11956667295525633,0.8855431968710843,0.08232351235089869,0.15034191354176255,0.8982749055249399,0.14352371223153484,0.2467914218292693,0.0333150601611538,
C_on_B,8,0.05,8.0,45334.666666666664,2266.2820512820513,2266.2820512820513,44439.41025641026,0.2294535314803232,1.6338014586556238,0.9316274950679735,0.7683257125864741,0.11976039961194523,0.20685272148683823,0.8329473040618334,0.14947369758502232,0.25294331920163987,0.8601682236504633,0.23946798056829324,0.3737528461879516,0.06443695488414478,
C_on_B,8,0.1,8.0,45334.666666666664,4533.0,4533.0,44439.41025641026,0.24492760666166136,1.3251411208322081,0.7850343637469347,0.67405300360462,0.19473011925028563,0.3014718537645224,0.7992888459914115,0.23884247676999587,0.36703389987024426,0.853576793463651,0.3571465714382378,0.5017176539909237,0.09961317765342197,
C_on_B,8,0.25,8.0,45334.666666666664,11333.23076923077,11333.23076923077,44439.41025641026,0.24976014836626795,0.8989208195395048,0.5743404839528864,0.5221480494145779,0.3469592418694831,0.4149488757382014,0.7242311061344073,0.4175317417801504,0.5279713808383437,0.8662969592804373,0.5439598634120231,0.6658558732874396,0.1461185849324618,
C_on_B,8,0.5,8.0,45334.666666666664,22667.05128205128,22667.05128205128,44439.41025641026,0.28765156033719724,0.547525065122599,0.4175883127298981,0.3957733576076512,0.49285364972561635,0.43640995830077556,0.6107301369364897,0.5784224956320876,0.5915452939623805,0.842338661422198,0.7038802569206087,0.7652779046891154,0.15390432821190453,
C_on_B,8,1.0,8.0,45334.666666666664,45334.666666666664,45334.666666666664,44439.41025641026,0.46835002479614657,0.22727230507705956,0.3478111649366031,0.2592099104903286,0.6368272568189732,0.3666778538300326,0.4341079200680674,0.779908664658511,0.5550276820199915,0.7135582331195273,0.8932427254191956,0.7909170818361105,0.12159242859006529,
C_on_B,16,0.02,15.692307692307692,63971.333333333336,1278.923076923077,1278.923076923077,54121.41025641026,0.1922884278363609,2.1134844922810063,1.1528864600586834,0.8331194116905888,0.06708109993202824,0.12395957935938941,0.8743884536031218,0.08407095912373799,0.15310063166930846,0.887431825838457,0.14255480195482728,0.24499858955711076,0.039182618588961084,
C_on_B,16,0.05,15.692307692307692,63971.333333333336,3198.1794871794873,3198.1794871794873,54121.41025641026,0.23958651092842692,1.7104639642278636,0.9750252375781452,0.7283807641674416,0.12404609969757499,0.211521252067,0.823464438236717,0.153579433453396,0.25835223478042607,0.8557138674897649,0.2384491693383695,0.3721034080738809,0.07246916924758685,
C_on_B,16,0.1,15.692307692307692,63971.333333333336,6396.717948717948,6396.717948717948,54121.41025641026,0.24868831413080864,1.3872848087594116,0.8179865614451101,0.6223259764962374,0.1991209964917401,0.30073466309835095,0.7856675354298692,0.2434619025451559,0.3709675386331006,0.8563369102016455,0.3557517107166208,0.5007754014303039,0.10718656071568304,
C_on_B,16,0.25,15.692307692307692,63971.333333333336,15992.51282051282,15992.51282051282,54121.41025641026,0.2615180919611072,0.9505132677669135,0.6060156798640103,0.4704315503041934,0.34782612033754734,0.39743765467403747,0.690444877977947,0.4084903032231419,0.5116817952803,0.8621884836678684,0.5224396354342697,0.6486534638299164,0.1461572513082428,
C_on_B,16,0.5,15.692307692307692,63971.333333333336,31985.46153846154,31985.46153846154,54121.41025641026,0.31215035597271357,0.5608395965378458,0.4364949762552797,0.35153175384831903,0.4915954236195181,0.40715585262635584,0.56698839223335,0.5659142030618273,0.5640094601663065,0.8234088794060325,0.6897347438952287,0.7493407584261634,0.1464292071563706,
C_on_B,16,1.0,15.692307692307692,63971.333333333336,63971.333333333336,63971.333333333336,54121.41025641026,0.504685492224667,0.23777135391341772,0.37122842306904236,0.2309676089427788,0.6511644372349423,0.3391126192619163,0.3997177403828343,0.774440400662388,0.5244984349570897,0.6860407126527598,0.8803026765128138,0.7687832702424419,0.11299787890435646,
D_conf_sum,-1,0.02,23.666666666666668,76630.30769230769,1532.076923076923,1532.076923076923,59403.743589743586,0.21725591607241868,1.9475742540489533,1.082415085060686,0.7857172729671288,0.09387251769337936,0.16715031920546736,0.8316813266961449,0.12242165206673494,0.21271323473547057,0.8579485093640543,0.2028560932598716,0.32636044122681596,0.04955240782114617,
D_conf_sum,-1,0.05,23.666666666666668,76630.30769230769,3831.076923076923,3831.076923076923,59403.743589743586,0.21238344959204497,1.5022979089718538,0.8573406792819492,0.7016049397028931,0.178561493913506,0.2835228381157385,0.8056774757732555,0.23144884778896704,0.35782218838892976,0.8754251181406758,0.343463092148302,0.48937226629108066,0.09634247030308091,
D_conf_sum,-1,0.1,23.666666666666668,76630.30769230769,7662.589743589743,7662.589743589743,59403.743589743586,0.21999934832203208,1.1847649541387872,0.7023821512304096,0.5908942035557389,0.2633355095116157,0.3623734027992795,0.7526057962454805,0.34338970931323914,0.46908293090697367,0.8856019875201867,0.465202279322947,0.6060882509724704,0.12910265427528894,
D_conf_sum,-1,0.25,23.666666666666668,76630.30769230769,19157.20512820513,19157.20512820513,59403.743589743586,0.2607918957341911,0.6924187619111907,0.4766053288226909,0.4379480977899884,0.4092273622421522,0.42019238089262134,0.6418854649952248,0.5086772759129895,0.5654173807194706,0.8612110704563707,0.6449417973451184,0.7355911146511497,0.15256574575150225,
D_conf_sum,-1,0.5,23.666666666666668,76630.30769230769,38314.94871794872,38314.94871794872,59403.743589743586,0.33682490107505775,0.3914542688382797,0.3641395849566687,0.32282242227431635,0.5274856934568268,0.39712100678142404,0.5224403683880388,0.6418445965602672,0.5732370613815619,0.7976905577325731,0.785847783225772,0.7900064259474497,0.1402739006544416,
D_conf_sum,-1,1.0,23.666666666666668,76630.30769230769,76630.30769230769,76630.30769230769,59403.743589743586,0.5268458536574245,0.24421543777184979,0.3855306457146372,0.21862650069761805,0.6508818231382413,0.32472658361302026,0.38297356483549366,0.7674960902218839,0.5077728973309459,0.6707574411399142,0.8712945940850483,0.7554339591322993,0.10811642318813385,
D_conf_sum,1,0.02,1.0,9813.153846153846,195.71794871794873,195.71794871794873,14955.076923076924,0.24179825127224264,1.7845080425561286,1.0131531469141857,0.7435192864323875,0.046661832072372886,0.0875783540188314,0.7815886424979451,0.07314464414213201,0.13324718440678948,0.8243438748973145,0.16226581803926096,0.26903744130371177,0.013410093535293674,
D_conf_sum,1,0.05,1.0,9813.153846153846,490.20512820512823,490.20512820512823,14955.076923076924,0.2167670262148789,1.4795922562094415,0.8481796412121602,0.7507355380565701,0.11178947033319758,0.1937154680389144,0.8076115296319772,0.16123922766365345,0.2671867794835939,0.8600553898267004,0.2845520023594677,0.42423257549251847,0.033488903032709044,
D_conf_sum,1,0.1,1.0,9813.153846153846,980.8974358974359,980.8974358974359,14955.076923076924,0.2051753606935155,1.163016551085789,0.6840959558896522,0.7238519698519125,0.2010428932867736,0.3127905261616691,0.8025856568729225,0.27489713780010494,0.407200563879832,0.8787016857299915,0.4213667797859546,0.566865881587218,0.0630720081605863,
D_conf_sum,1,0.25,1.0,9813.153846153846,2452.923076923077,2452.923076923077,14955.076923076924,0.22187986658632602,0.7261390272871818,0.47400944693675395,0.5988648256196922,0.3233590493997003,0.41730768761092735,0.7424495699331708,0.4643416629598154,0.5688602649026727,0.8830693415871531,0.6581124882633963,0.7510179965570124,0.10703679442971187,
D_conf_sum,1,0.5,1.0,9813.153846153846,4906.307692307692,4906.307692307692,14955.076923076924,0.26467277078374835,0.47543437452107196,0.3700535726524101,0.4766862111799496,0.41370113706110745,0.4398882169170091,0.6533486509340042,0.5821914929110242,0.613241570323,0.8532741783643727,0.7690918691557777,0.8067306117361464,0.1267708534768969,
D_conf_sum,1,1.0,1.0,9813.153846153846,9813.153846153846,9813.153846153846,14955.076923076924,0.3975779629749796,0.302760162805419,0.35016906289019933,0.3244735594471548,0.46940176714807164,0.3805611146244111,0.5008935953024262,0.6480206828765116,0.561683704477766,0.7559700235967493,0.8497557771900812,0.7974585800954724,0.11479495879008204,
D_conf_sum,2,0.02,2.0,16527.97435897436,330.1025641025641,330.1025641025641,24069.0,0.18494023369819043,1.554709365600486,0.8698247996493381,0.7315688761492383,0.049125223096613616,0.09182134471336847,0.8184346233676951,0.08441316199694761,0.1525952591593224,0.8804731470922531,0.19378344247084944,0.3166713896593675,0.015602003080647124,
D_conf_sum,2,0.05,2.0,16527.97435897436,825.9487179487179,825.9487179487179,24069.0,0.18444345357755518,1.2829581632047287,0.7337008083911419,0.7246197460556635,0.11555227735498576,0.19842383056977914,0.8164413932141183,0.17581935404351748,0.2879840112057444,0.884946136665036,0.322694685474288,0.47098854989654537,0.03815425637871924,
D_conf_sum,2,0.1,2.0,16527.97435897436,1652.3589743589744,1652.3589743589744,24069.0,0.187447655474409,1.00278244994244,0.5951150527084246,0.7008643183194678,0.20918651433954458,0.3202765099917407,0.8067206274117669,0.2959428915691553,0.43062061537412116,0.8897279992859806,0.46491313451242633,0.6084487710750336,0.0714435663222835,
D_conf_sum,2,0.25,2.0,16527.97435897436,4131.51282051282,4131.51282051282,24069.0,0.21533569394232407,0.6060274208970277,0.41068155741967577,0.5883789870499988,0.3489345473391219,0.4355507532002838,0.7443360731851832,0.5016619183125385,0.5966313947755195,0.8829101749822116,0.6999839878737811,0.7784924628881984,0.12244637510003419,
D_conf_sum,2,0.5,2.0,16527.97435897436,8263.692307692309,8263.692307692309,24069.0,0.2657582012883506,0.3786548377280808,0.32220651950821566,0.46587696292617126,0.4503391439763521,0.4552476641421292,0.6505010569643825,0.6297418853962666,0.6375317053461431,0.851806499261681,0.81352773417571,0.8303534544727673,0.14158993162236713,
D_conf_sum,2,1.0,2.0,16527.97435897436,16527.97435897436,16527.97435897436,24069.0,0.42883292753617197,0.23785294613511582,0.33334293683564387,0.321221422203128,0.5247839092343981,0.3958428371248692,0.49988103864404554,0.7155763371968613,0.5855456365376422,0.7515918825620472,0.8934056820475599,0.8130998275371447,0.12578865259041805,
D_conf_sum,4,0.02,4.0,29343.02564102564,586.3333333333334,586.3333333333334,34478.53846153846,0.2210938008179808,1.6651395182702646,0.9431166595441228,0.7769365014122049,0.06793429797111067,0.12472487129494202,0.8230144884824176,0.10452237068963746,0.18509847983015115,0.8543456757725452,0.21040780942265686,0.3361512546889618,0.025013031267892897,
D_conf_sum,4,0.05,4.0,29343.02564102564,1466.6923076923076,1466.6923076923076,34478.53846153846,0.2077336264240081,1.3483836124289412,0.7780586194264747,0.7632200063309902,0.1508563423588198,0.25115717674847887,0.8255904054235815,0.20762524786515954,0.33057245758965603,0.8677545325206506,0.3408520403752623,0.48651645881382166,0.05933270430982715,
D_conf_sum,4,0.1,4.0,29343.02564102564,2933.871794871795,2933.871794871795,34478.53846153846,0.20896448727423644,1.0308474436642883,0.6199059654692624,0.7056281466795723,0.25058092050987135,0.3684623561428058,0.8047041281546664,0.33717542460497124,0.47277966997219634,0.8776174472238848,0.49524591198150036,0.6287740622109401,0.1002957188560196,
D_conf_sum,4,0.25,4.0,29343.02564102564,7335.358974358975,7335.358974358975,34478.53846153846,0.2292170503860047,0.62044362995767,0.4248303401718373,0.5581256826512219,0.40212286813595677,0.46575765750077297,0.725275311448338,0.5462983784442553,0.6206412947016042,0.8776017547191564,0.7069662384945947,0.7796434034896097,0.1463906937760156,
D_conf_sum,4,0.5,4.0,29343.02564102564,14671.333333333334,14671.333333333334,34478.53846153846,0.27943866328735506,0.35968834559014784,0.3195635044387514,0.4303868558486781,0.5139269331821993,0.4666711202833695,0.6219413638689854,0.66844061905662,0.6421450257523305,0.8425673288120109,0.8148256197175823,0.8265264085707721,0.15492038336277142,
D_conf_sum,4,1.0,4.0,29343.02564102564,29343.02564102564,29343.02564102564,34478.53846153846,0.4402826505770517,0.2236058086533142,0.33194422961518294,0.2922425641839733,0.6032689911014347,0.3919409582216649,0.4688339032476729,0.7688699359939521,0.5797165799683456,0.7362359769476711,0.9024713674348476,0.808016630395198,0.12864508325023832,
D_conf_sum,8,0.02,8.0,45334.666666666664,906.2051282051282,906.2051282051282,44439.41025641026,0.22473244644716034,1.8278695629038206,1.0263010046754903,0.7907864271800816,0.07967219741999107,0.14447219152695367,0.8272254034940713,0.11039781191184148,0.1943230047334018,0.8503756749405923,0.19801210076359793,0.3198181197845547,0.03497493098748667,
D_conf_sum,8,0.05,8.0,45334.666666666664,2266.2820512820513,2266.2820512820513,44439.41025641026,0.2107909901597502,1.415298490962437,0.8130447405610937,0.7507448254633736,0.16998795069680733,0.27644768928146124,0.8245660611200821,0.22429331294307886,0.35122551350972075,0.8694298915015772,0.34596703166617704,0.4913878303924304,0.0783157693171019,
D_conf_sum,8,0.1,8.0,45334.666666666664,4533.0,4533.0,44439.41025641026,0.21694820867985512,1.0936030855903558,0.6552756471351054,0.6601478968819402,0.26086216099128495,0.3726579835964779,0.7841208870623165,0.34525112953636716,0.47697590847246685,0.878068555319091,0.49156039035678045,0.6252009475899668,0.1171597216955156,
D_conf_sum,8,0.25,8.0,45334.666666666664,11333.23076923077,11333.23076923077,44439.41025641026,0.24178720239823884,0.6600382421545409,0.45091272227638984,0.5012297456528427,0.4112113846914497,0.44990612179030676,0.6886278682622033,0.5377070391767917,0.6011870159634809,0.8732453726953759,0.6813891334076089,0.7626209762864173,0.1518895742126367,
D_conf_sum,8,0.5,8.0,45334.666666666664,22667.05128205128,22667.05128205128,44439.41025641026,0.2988375054261031,0.3534565886995612,0.32614704706283215,0.38072604377012426,0.5291332906659336,0.4408643498939534,0.5809468054113166,0.6641850182511312,0.6174958014375489,0.828501420044536,0.8101641608958521,0.8175377002390715,0.15108823037019117,
D_conf_sum,8,1.0,8.0,45334.666666666664,45334.666666666664,45334.666666666664,44439.41025641026,0.468268230966155,0.22726581731139597,0.34776702413877547,0.25958242215570027,0.6366577505045607,0.36701043888170215,0.4341644087823474,0.7798669197116567,0.5550611881898255,0.7135629915030568,0.8932398490460418,0.7909206798273314,0.12159242859006529,
D_conf_sum,16,0.02,15.692307692307692,63971.333333333336,1278.923076923077,1278.923076923077,54121.41025641026,0.2202419179349482,1.9174455179969414,1.068843717965945,0.7890926210325907,0.08952132334454789,0.16044478600083048,0.8316575337398325,0.1186439976313826,0.2071118813377059,0.8556174876347379,0.19974955891869017,0.3224353660261941,0.044708251049092554,
D_conf_sum,16,0.05,15.692307692307692,63971.333333333336,3198.1794871794873,3198.1794871794873,54121.41025641026,0.21292445901552448,1.4746899257580972,0.8438071923868108,0.722396433409207,0.17766997996682626,0.2844002327651643,0.8137503457562161,0.2300360508530458,0.3571993079397501,0.8727605479560069,0.3430992432858103,0.489365606977744,0.09130796939038535,
D_conf_sum,16,0.1,15.692307692307692,63971.333333333336,6396.717948717948,6396.717948717948,54121.41025641026,0.2196837917284693,1.1541258385550022,0.6869048151417356,0.6144142787254658,0.26397184149776126,0.36796891396674386,0.763328448280004,0.3450307908064154,0.47294112871596355,0.8832361379719614,0.47443108392928945,0.6126298497985153,0.12683436186313285,
D_conf_sum,16,0.25,15.692307692307692,63971.333333333336,15992.51282051282,15992.51282051282,54121.41025641026,0.2533611504132277,0.6824061831014578,0.4678836667573428,0.45754219356674913,0.4121325206865254,0.4316602159910501,0.6578185256479401,0.519884212520123,0.5785089542532317,0.8666101691118536,0.6583984581087571,0.7459816283770231,0.1539185587516807,
D_conf_sum,16,0.5,15.692307692307692,63971.333333333336,31985.46153846154,31985.46153846154,54121.41025641026,0.32221682130467044,0.3748359541670537,0.34852638773586203,0.3407702757577621,0.5311420519978513,0.41286170636121045,0.5418777796792164,0.6515698067049587,0.5893653743512821,0.809564991258762,0.7962037516628905,0.8012160807288379,0.14493481843366385,
D_conf_sum,16,1.0,15.692307692307692,63971.333333333336,63971.333333333336,63971.333333333336,54121.41025641026,0.5045828691806215,0.2377514930051148,0.3711671810928681,0.23132593108776822,0.6510585780808511,0.33947101972400623,0.39985660419803604,0.7744285902513146,0.5246136573987807,0.6860394518924705,0.8803010689037881,0.7687804451295179,0.11299787890435646,
E_conf_filter50,-1,0.02,23.666666666666668,7507.871794871795,149.6153846153846,149.6153846153846,59403.743589743586,0.27914305439515397,2.5406781089194928,1.4099105816573234,0.7738297500299259,0.013594546829693886,0.02668258239370165,0.7912568491720329,0.026275351628892916,0.05070721254463868,0.8058067786487109,0.07059319537858263,0.12894308554536169,0.005132873980559211,
E_conf_filter50,-1,0.05,23.666666666666668,7507.871794871795,374.9230769230769,374.9230769230769,59403.743589743586,0.25435536613171583,2.4137739967905216,1.3340646814611188,0.7890016083729636,0.028417204895862795,0.05469592013340469,0.8087356770453094,0.043855772306616005,0.08283528534747327,0.8228846015383229,0.09584897893535263,0.17035836864283288,0.013012477861465687,
E_conf_filter50,-1,0.1,23.666666666666668,7507.871794871795,750.3076923076923,750.3076923076923,59403.743589743586,0.23753607689602363,2.2409807063015537,1.2392583915987887,0.7958894174899336,0.05194855696978342,0.09700317830466505,0.8193229098562512,0.07153424499844666,0.13063473568703038,0.8379500088768839,0.13372254270014552,0.22803731357252027,0.025789876064088047,
E_conf_filter50,-1,0.25,23.666666666666668,7507.871794871795,1876.6153846153845,1876.6153846153845,59403.743589743586,0.22586255817217768,1.8451934107738481,1.035527984473013,0.7698787018454243,0.11041228982076753,0.19169653011397095,0.8187960925207266,0.14160835311627365,0.23932726784325986,0.8519209745842693,0.22783886285953214,0.3552649390895078,0.05918252031700305,
E_conf_filter50,-1,0.5,23.666666666666668,7507.871794871795,3753.769230769231,3753.769230769231,59403.743589743586,0.2330844144934502,1.5068180262707564,0.8699512203821033,0.7109985759299132,0.17175540182322369,0.2740606487631844,0.7931697494941015,0.21643937781739786,0.3365178059451004,0.8517815119788671,0.3254064413063554,0.4651836209304658,0.0947980367097735,
E_conf_filter50,-1,1.0,23.666666666666668,7507.871794871795,7507.871794871795,7507.871794871795,59403.743589743586,0.25789150550112616,1.2539097910811918,0.7559006482911591,0.6120114183776918,0.23434693514940824,0.333878879979608,0.7457469714773524,0.28947124976290023,0.41214543457585323,0.8431519710314879,0.41098669879232513,0.5466396675499124,0.12390611623943726,
E_conf_filter50,1,0.02,1.0,1618.5128205128206,31.846153846153847,31.846153846153847,14955.076923076924,0.2696510847627465,2.1158171858600396,1.1927341353113932,0.7247421911402583,0.008762354229844588,0.01730142378313234,0.7383925909196903,0.01861544980526189,0.03626530602543712,0.7721119181874047,0.06512977445193677,0.11973020597965892,0.0021268527052218447,
E_conf_filter50,1,0.05,1.0,1618.5128205128206,80.41025641025641,80.41025641025641,14955.076923076924,0.25325520928697154,1.9752227682111094,1.1142389887490405,0.7459082494763313,0.020510509456413296,0.039854202605152836,0.763152468224878,0.036156770990544485,0.06885284861072229,0.8000089261118506,0.1016044263258845,0.17926155830998403,0.005458439010382517,
E_conf_filter50,1,0.1,1.0,1618.5128205128206,161.43589743589743,161.43589743589743,14955.076923076924,0.24578796138805956,1.8309523342447704,1.0383701478164151,0.7428243873788491,0.03861231084122966,0.07318389532104283,0.7762891035917613,0.06244642947051236,0.11501585488564096,0.8192820894231276,0.14735519386952403,0.2473219330037744,0.01103395071693511,
E_conf_filter50,1,0.25,1.0,1618.5128205128206,404.28205128205127,404.28205128205127,14955.076923076924,0.22991535158033258,1.5479382174466518,0.8889267845134922,0.7511527070318375,0.09207607375124313,0.1632037649882093,0.7961129246303416,0.132456613569802,0.22568162227234032,0.8459913025685422,0.24616168670578004,0.3782954755092103,0.027883870098940465,
E_conf_filter50,1,0.5,1.0,1618.5128205128206,809.0512820512821,809.0512820512821,14955.076923076924,0.2212100518936591,1.234231406594767,0.7277207292442132,0.7508567586113278,0.17337994955843772,0.2797179900463392,0.8001901121495283,0.23033598295550936,0.355163955096014,0.8582390088599786,0.36388938562363327,0.5077792060694131,0.05519677315670993,
E_conf_filter50,1,1.0,1.0,1618.5128205128206,1618.5128205128206,1618.5128205128206,14955.076923076924,0.2383040983917357,1.0335989031974546,0.6359515007945951,0.7115695338429607,0.23888271912014256,0.3542315913653566,0.7818099659365236,0.30537064781688744,0.43520147850606694,0.8482849793937334,0.4483022252115894,0.5817400924263735,0.09216000685972851,
E_conf_filter50,2,0.02,2.0,2710.4102564102564,53.69230769230769,53.69230769230769,24069.0,0.17073369976286046,1.855283417418463,1.0130085585906616,0.7434927368893178,0.00991640775896813,0.019560454002575233,0.8378731898067782,0.02367226420444523,0.04599547822454695,0.884550737178597,0.08712086777117979,0.15827194913048398,0.0026829403985251334,
E_conf_filter50,2,0.05,2.0,2710.4102564102564,134.97435897435898,134.97435897435898,24069.0,0.1833116018968994,1.7252044423346025,0.954258022115751,0.7353552294820062,0.022043881309412698,0.04274828945715605,0.8172769915850029,0.04361244551109878,0.08268109751440116,0.8771138689099696,0.12804630704219092,0.2229660685413124,0.006486600849480424,
E_conf_filter50,2,0.1,2.0,2710.4102564102564,270.53846153846155,270.53846153846155,24069.0,0.1865377024033034,1.5912370036095058,0.8888873530064046,0.7322011315198959,0.04122721353422164,0.07787655177932616,0.8111932657209889,0.07312967373435646,0.13376230032548753,0.8779419432659086,0.17991509014478135,0.29744026710858684,0.012863416203590022,
E_conf_filter50,2,0.25,2.0,2710.4102564102564,677.2307692307693,677.2307692307693,24069.0,0.19325793785853262,1.341108443953513,0.7671831909060227,0.7276602572368511,0.09548596963254154,0.16810538585250315,0.8030624904036927,0.14688087490249466,0.247132697825471,0.8726880463285991,0.28796661951114266,0.43092198924560476,0.032080673424688164,
E_conf_filter50,2,0.5,2.0,2710.4102564102564,1354.923076923077,1354.923076923077,24069.0,0.20270950371327073,1.0685298599807878,0.6356196818470292,0.7249480148504169,0.1799697466704591,0.2867116386812126,0.7982353524985729,0.2493605614269395,0.37773102343669596,0.8680010362422479,0.41078002864934376,0.5545797035633351,0.06314037247826108,
E_conf_filter50,2,1.0,2.0,2710.4102564102564,2710.4102564102564,2710.4102564102564,24069.0,0.2308696770629623,0.8720565895817739,0.5514631333223681,0.6834820225107233,0.254786716688459,0.36831746819397926,0.7733245200166169,0.3344308731835049,0.46326348180101734,0.8520941534755371,0.5043922104842362,0.6293491747805616,0.10486620150178218,
E_conf_filter50,4,0.02,4.0,4334.205128205128,86.25641025641026,86.25641025641026,34478.53846153846,0.2332312405475905,1.9545232773735024,1.0938772589605466,0.7559527604062981,0.012653932000714695,0.024875542004991504,0.8142275459363599,0.030617305928352597,0.058950612663631524,0.8426490688909595,0.10859510391556877,0.19173619635236633,0.003634965565920139,
E_conf_filter50,4,0.05,4.0,4334.205128205128,216.30769230769232,216.30769230769232,34478.53846153846,0.24011452779276704,1.851219806748869,1.045667167270818,0.7585267935343143,0.028308053728509225,0.054492804825217164,0.8055012285610557,0.05398563165046903,0.10092842610094764,0.8363289296874444,0.14472334273659543,0.24517770172971637,0.009090287687359465,
E_conf_filter50,4,0.1,4.0,4334.205128205128,432.97435897435895,432.97435897435895,34478.53846153846,0.23139600693779144,1.7388563686834697,0.9851261878106305,0.7712090007242022,0.05217741533261929,0.09745316959584385,0.8116330299864029,0.08479678501769751,0.1528565072037976,0.8437760433431003,0.1863355731273557,0.30271667011695064,0.01853547287928304,
E_conf_filter50,4,0.25,4.0,4334.205128205128,1083.179487179487,1083.179487179487,34478.53846153846,0.21968845601550882,1.4745696958517358,0.8471290759336224,0.7692555874478744,0.11678556650126182,0.20160406332013983,0.8156502329993608,0.16492021642384333,0.2722994905049459,0.8551367207834849,0.28990524683382013,0.42824528155226854,0.04535813821367291,
E_conf_filter50,4,0.5,4.0,4334.205128205128,2166.7948717948716,2166.7948717948716,34478.53846153846,0.22355642047826324,1.1650795664897113,0.6943179934839873,0.7418271592181781,0.20113040307696592,0.3141519680970647,0.8033861934971812,0.26580618389874977,0.39571721549005445,0.8553620548160381,0.41496087760259315,0.5523938827841431,0.08236902307906957,
E_conf_filter50,4,1.0,4.0,4334.205128205128,4334.205128205128,4334.205128205128,34478.53846153846,0.24758529018833814,0.927674688059651,0.5876299891239947,0.6746507417359435,0.2807530477792202,0.3925110089927587,0.7696385508667528,0.3596880117916282,0.4850227830305616,0.8437059592379332,0.5154519485804457,0.6335968450833226,0.1236926954607263,
E_conf_filter50,8,0.02,8.0,5584.282051282052,111.15384615384616,111.15384615384616,44439.41025641026,0.265687459904653,2.203961156727009,1.2348243083158312,0.7577619059611151,0.013886185953262142,0.027246199546912517,0.7913436673349153,0.03246637301419388,0.06220352465894402,0.81250775968901,0.09617803272461486,0.17061159950271979,0.004236297747656991,
E_conf_filter50,8,0.05,8.0,5584.282051282052,278.7692307692308,278.7692307692308,44439.41025641026,0.257418298360585,2.119714025652163,1.188566162006374,0.773554207763074,0.02910161879745918,0.055958521545395316,0.8010334068162701,0.050168254384878555,0.09399525141554083,0.8194620078954732,0.1183190844424992,0.2048127120608481,0.010879517215555322,
E_conf_filter50,8,0.1,8.0,5584.282051282052,557.974358974359,557.974358974359,44439.41025641026,0.2404630413077256,1.9887001024353215,1.1145815718715235,0.7854875058023674,0.05256798044022673,0.09811638897765218,0.814204173455944,0.07734974497268562,0.14037385790552892,0.8351154844176204,0.15318793827937588,0.25627570740669126,0.021876149806617683,
E_conf_filter50,8,0.25,8.0,5584.282051282052,1395.6923076923076,1395.6923076923076,44439.41025641026,0.22517445680899315,1.6520599586665368,0.9386172077377649,0.776774779056809,0.11567985018055829,0.19996791540198272,0.8208880681325632,0.15440560329559,0.2575431218260625,0.8518266915427191,0.25622996365226575,0.3892109444067621,0.05245482421939507,
E_conf_filter50,8,0.5,8.0,5584.282051282052,2791.923076923077,2791.923076923077,44439.41025641026,0.22773496368752438,1.3208500789235016,0.774292521305513,0.7329140953357638,0.19038102868382512,0.2996202534418976,0.8020272874351563,0.2440495258024793,0.3701923483801136,0.8542080637605597,0.37114351516365535,0.5110369015344549,0.09001421868354462,
E_conf_filter50,8,1.0,8.0,5584.282051282052,5584.282051282052,5584.282051282052,44439.41025641026,0.25414243156412053,1.0680788441585112,0.6611106378613157,0.6474925048371257,0.2634935202506786,0.36953554212547957,0.7570087629183048,0.33109235226876443,0.4544988328441761,0.8416937719027686,0.47002339983778785,0.5952818620288509,0.12498384031161766,
E_conf_filter50,16,0.02,15.692307692307692,6704.923076923077,133.5897435897436,133.5897435897436,54121.41025641026,0.2840405844133617,2.440284349459871,1.3621624669366164,0.766773129176855,0.01367686553945842,0.026836795419891424,0.7855965117641418,0.02835225719040233,0.054501515048001485,0.8008812985185451,0.07728059955537218,0.13952590010207208,0.004828574951694252,
E_conf_filter50,16,0.05,15.692307692307692,6704.923076923077,334.7692307692308,334.7692307692308,54121.41025641026,0.25931263034652285,2.3275232493696305,1.2934179398580767,0.785003707888912,0.028575172805409055,0.05498010182509455,0.805521552694021,0.04553431140608853,0.08577907094276303,0.8196186628236092,0.10143765612676592,0.17889116690065826,0.01228680597351801,
E_conf_filter50,16,0.1,15.692307692307692,6704.923076923077,670.0512820512821,670.0512820512821,54121.41025641026,0.2397669130087891,2.1700545951273886,1.204910754068089,0.7942079154553947,0.05180673614441013,0.09675906256013163,0.8178516888232238,0.07255453957138243,0.13235989225859698,0.835989053136289,0.13853084989622635,0.2349544182860839,0.02444819892493577,
E_conf_filter50,16,0.25,15.692307692307692,6704.923076923077,1675.7692307692307,1675.7692307692307,54121.41025641026,0.22652956835794938,1.790996794416207,1.008763181387078,0.7743467954118276,0.11190456268980505,0.19406438534210163,0.8207769463301988,0.14507102267999877,0.24424471897603317,0.8520936604509682,0.23501144443746141,0.3638150169075105,0.05680638280662514,
E_conf_filter50,16,0.5,15.692307692307692,6704.923076923077,3352.2051282051284,3352.2051282051284,54121.41025641026,0.23121000973893116,1.4536292565919808,0.842419633165456,0.7225173063798395,0.17788470233481468,0.2826369450910242,0.7985926873508992,0.2248043570670039,0.34667054116754525,0.8527699338954097,0.33826633749028606,0.4778516438782828,0.09326144447282562,
E_conf_filter50,16,1.0,15.692307692307692,6704.923076923077,6704.923076923077,6704.923076923077,54121.41025641026,0.256008298237413,1.1962659033361704,0.7261371007867917,0.6263434992579742,0.2438205490832017,0.34562461464356814,0.7515537641330275,0.30249208661480526,0.425641159826808,0.8432122247966393,0.4290696828879709,0.5616728186182545,0.12470795076776636,
E_conf_filter75,-1,0.02,23.666666666666668,2872.2051282051284,56.97435897435897,56.97435897435897,59403.743589743586,0.1733285539256731,2.757128978510145,1.465228766217909,0.8787865249093002,0.006699658989340145,0.013286581040660411,0.8914690616896623,0.015008136052258413,0.029448289425854472,0.9005184390962798,0.047342938059378434,0.08929989788309915,0.0022975370383900937,
E_conf_filter75,-1,0.05,23.666666666666668,2872.2051282051284,143.10256410256412,143.10256410256412,59403.743589743586,0.20129892941945843,2.5662278938744865,1.3837634116469724,0.8493299755478306,0.013556334800572185,0.026636398156980483,0.8621104340090862,0.025398221650724053,0.049172956331553275,0.8762976396237456,0.06809804040768884,0.12542407593668417,0.0055361595363423105,
E_conf_filter75,-1,0.1,23.666666666666668,2872.2051282051284,286.7435897435897,286.7435897435897,59403.743589743586,0.21483662403306134,2.45372048392717,1.3342785539801159,0.8303220198236753,0.02339243565538232,0.04533889572160021,0.8452745106668811,0.037323835715614886,0.07112127588141923,0.860366196437613,0.08659826187017614,0.15596803467668777,0.010739859228189139,
E_conf_filter75,-1,0.25,23.666666666666668,2872.2051282051284,717.6153846153846,717.6153846153846,59403.743589743586,0.22658761833827418,2.237633885840045,1.2321107520891597,0.8073564875953286,0.04860269565691648,0.09107319665768498,0.8279328350552932,0.06639280888554226,0.12190575515048266,0.84567126589152,0.12609635067571917,0.21685449495982376,0.025042138792050774,
E_conf_filter75,-1,0.5,23.666666666666668,2872.2051282051284,1435.7692307692307,1435.7692307692307,59403.743589743586,0.23568464189092417,1.9586438220520863,1.0971642319715051,0.7837211595905135,0.08382738371291244,0.15017196943355268,0.812987450304864,0.10737368909585221,0.18757003116192153,0.8364614390624541,0.1799007448719605,0.29185209274502194,0.046145470498094913,
E_conf_filter75,-1,1.0,23.666666666666668,2872.2051282051284,2872.2051282051284,2872.2051282051284,59403.743589743586,0.24779463908442148,1.6316025793652527,0.9396986092248372,0.7352885573422768,0.1339176975081792,0.22358036744352475,0.7858776866366475,0.1665980745187113,0.2706431884628862,0.8257121593177634,0.2603131896101459,0.3892552750979641,0.07638555166171176,
E_conf_filter75,1,0.02,1.0,649.3076923076923,12.435897435897436,12.435897435897436,14955.076923076924,0.22453385735892636,2.217190450545868,1.2208621539523974,0.7858844293799044,0.004374264916914094,0.008697511697749512,0.7940292257599949,0.011356124345206109,0.022380564844066256,0.8155820319281858,0.047956237497421214,0.09037794383261231,0.0009571248293088539,
E_conf_filter75,1,0.05,1.0,649.3076923076923,31.94871794871795,31.94871794871795,14955.076923076924,0.22627288882784705,2.112109974896984,1.1691914318624153,0.7907703049996783,0.009629990917500874,0.01901604966409783,0.7950438092731824,0.019604838565879565,0.03823196453396847,0.8170198438486865,0.06487809984299622,0.11999459192652684,0.002409849015601958,
E_conf_filter75,1,0.1,1.0,649.3076923076923,64.43589743589743,64.43589743589743,14955.076923076924,0.2311249266334667,2.018382378426318,1.1247536525298925,0.7891808950721314,0.017664379204475635,0.034514376986665575,0.7953883826161565,0.030723902839124656,0.05908076869715513,0.8168168507649696,0.08527995831843596,0.15404396139253415,0.004864490186103862,
E_conf_filter75,1,0.25,1.0,649.3076923076923,161.89743589743588,161.89743589743588,14955.076923076924,0.227762283976885,1.8300989064235091,1.028930595200197,0.7947707638428825,0.04101039431085473,0.07779983416795834,0.8085244744856156,0.0611424822686891,0.1133957397983781,0.8284964689381744,0.13331096314073168,0.22890266965436346,0.012276158998568255,
E_conf_filter75,1,0.5,1.0,649.3076923076923,324.38461538461536,324.38461538461536,14955.076923076924,0.2223765877463652,1.6170258833580444,0.9197012355522048,0.8002845390302057,0.08026753690822398,0.14529980062643497,0.8165457693170157,0.10977906977602121,0.19274928688196355,0.8429209290434576,0.19838576343919379,0.31978470483325505,0.02496501679729531,
E_conf_filter75,1,1.0,1.0,649.3076923076923,649.3076923076923,649.3076923076923,14955.076923076924,0.2174978936803952,1.4061593702083182,0.8118286319443567,0.7931523312826584,0.1340220263771564,0.22800024243723746,0.8117701831014127,0.16849021830170413,0.2774182821235171,0.8462445211622083,0.26976813797589916,0.40646283254212495,0.04937418727785231,
E_conf_filter75,2,0.02,2.0,1117.2051282051282,21.82051282051282,21.82051282051282,24069.0,0.14629212033296377,2.031281882901312,1.0887870016171377,0.7772837440867095,0.0049026731467015664,0.009741772026412413,0.8693295199588105,0.014188027743664016,0.027900000883959677,0.9102006854066351,0.06255810990679367,0.11680297098563153,0.0012007425918809638,
E_conf_filter75,2,0.05,2.0,1117.2051282051282,55.35897435897436,55.35897435897436,24069.0,0.16045969191051773,1.8565641849531955,1.0085119384318568,0.7681973722146527,0.01030289368043649,0.02032361202931163,0.8435105046057109,0.02325059868407216,0.045212778775055,0.8959438577074297,0.08487265072647808,0.1547643097715073,0.0029974196723319066,
E_conf_filter75,2,0.1,2.0,1117.2051282051282,111.25641025641026,111.25641025641026,24069.0,0.1775278912023183,1.7597006924228031,0.9686142918125606,0.7651193095278541,0.01872899571564996,0.03653031009551874,0.825494617083394,0.03564245012190835,0.06824442854346224,0.877831734213006,0.10915850131927787,0.1936836486255743,0.005996470722243248,
E_conf_filter75,2,0.25,2.0,1117.2051282051282,278.94871794871796,278.94871794871796,24069.0,0.19417361318610557,1.5845110342193351,0.8893423237027204,0.7671207238848491,0.04311441355288659,0.08147717300513814,0.8099744845238148,0.06850063843583364,0.1260604503084398,0.8595980206798368,0.16433758932935277,0.27520156730757517,0.015191212484607041,
E_conf_filter75,2,0.5,2.0,1117.2051282051282,558.3589743589744,558.3589743589744,24069.0,0.20227552692688658,1.3943010487654257,0.7982882878461561,0.771645419832084,0.0839669431577637,0.15097176360056372,0.8083529676017022,0.12020956056757338,0.2085460787456234,0.8543519949738979,0.23505393677584563,0.3673278411062471,0.030496824114364822,
E_conf_filter75,2,1.0,2.0,1117.2051282051282,1117.2051282051282,1117.2051282051282,24069.0,0.21515818986942245,1.1998830405990824,0.7075206152342524,0.7559492307239447,0.14106726259969307,0.2366134508727282,0.7950951669215591,0.18501272497529286,0.29871913792847316,0.8432407406317878,0.31496993945004137,0.4563218998773867,0.05773462144504169,
E_conf_filter75,4,0.02,4.0,1866.6666666666667,36.82051282051282,36.82051282051282,34478.53846153846,0.16668531164267272,2.051428152636439,1.109056732139556,0.8098927632176116,0.006604886796448503,0.01309931156747095,0.8710995329687891,0.0191718763073719,0.03749523152576387,0.9024017753403445,0.08379719344039999,0.15297924837571528,0.001695330246663435,
E_conf_filter75,4,0.05,4.0,1866.6666666666667,92.82051282051282,92.82051282051282,34478.53846153846,0.18512282023785215,1.9514676443818517,1.068295232309852,0.8026376637457878,0.013919637494781308,0.02734572311782175,0.8511498418072577,0.03166397971877155,0.06097736435772047,0.8829642409900011,0.10879015596128476,0.19290444702718276,0.004254503983759763,
E_conf_filter75,4,0.1,4.0,1866.6666666666667,186.2051282051282,186.2051282051282,34478.53846153846,0.20255536626315143,1.8699230028535778,1.0362391845583647,0.803682794417991,0.025575661074292235,0.049512196433771805,0.8390300199300851,0.048022989701669024,0.09065833542406755,0.8692337101768272,0.13280162005044743,0.22922897440484952,0.00867868340614507,
E_conf_filter75,4,0.25,4.0,1866.6666666666667,466.2564102564103,466.2564102564103,34478.53846153846,0.2128165109188015,1.7194894563064282,0.9661529836126151,0.8053843122909667,0.056551558592303264,0.10534237635148415,0.8305601320987376,0.0854057545039266,0.1541809012131828,0.8584241061003024,0.1803339419224785,0.2958058960115146,0.021645326327539387,
E_conf_filter75,4,0.5,4.0,1866.6666666666667,933.1025641025641,933.1025641025641,34478.53846153846,0.22338090669861133,1.5116621762944378,0.8675215414965246,0.7930382277763998,0.10177380331497665,0.1795060474147277,0.8198778814782929,0.13757384670203246,0.23400671363281084,0.8478397726625396,0.24641617448269423,0.3779977382709034,0.04198323813865891,
E_conf_filter75,4,1.0,4.0,1866.6666666666667,1866.6666666666667,1866.6666666666667,34478.53846153846,0.23336824038729526,1.2668813800960503,0.7501248102416728,0.7677149833097346,0.16465929668082982,0.26936920903759826,0.802902264672987,0.20855041556368278,0.32827559629524417,0.837392667163481,0.33362731855018335,0.47171689331963496,0.07451757328172802,
E_conf_filter75,8,0.02,8.0,2279.25641025641,45.12820512820513,45.12820512820513,44439.41025641026,0.18363353899912255,2.3122975978367806,1.2479655684179518,0.8415471564222275,0.007304765645088677,0.01447832108778782,0.8738547125358139,0.021263244280881558,0.041439592625147306,0.8857553382575779,0.07621099339375399,0.13928323334960957,0.001893782280106288,
E_conf_filter75,8,0.05,8.0,2279.25641025641,113.46153846153847,113.46153846153847,44439.41025641026,0.20201011856611187,2.214030508507078,1.208020313536595,0.8257157386810329,0.014806090745115954,0.029058600159317355,0.8492104670576378,0.03254421480625424,0.06249009500336731,0.866664954463485,0.09462298586655657,0.16916849819795965,0.00474548981347555,
E_conf_filter75,8,0.1,8.0,2279.25641025641,227.51282051282053,227.51282051282053,44439.41025641026,0.2098797644223093,2.1403725591995633,1.1751261618109363,0.8184304415966492,0.02540918518405167,0.04918454408896421,0.8412139324435097,0.044983834429595644,0.08503125761113307,0.8601299326657917,0.11143801520454175,0.19547504751533135,0.009539248981756872,
E_conf_filter75,8,0.25,8.0,2279.25641025641,569.4102564102565,569.4102564102565,44439.41025641026,0.2249299536787207,1.970085102186685,1.097507527932703,0.8054528073168217,0.05313587714777779,0.09925638411835151,0.827317032992724,0.07608544151559048,0.13845527265800625,0.8467967509357911,0.1509542134342386,0.253639581082523,0.022943232000038657,
E_conf_filter75,8,0.5,8.0,2279.25641025641,1139.4102564102564,1139.4102564102564,44439.41025641026,0.23227435044517164,1.7273694266674824,0.979821888556327,0.7886629116200878,0.09335320215477762,0.16590298381616367,0.8165553581188442,0.12196050275833951,0.2105183828911482,0.8406459280795203,0.20995092868146983,0.3322131441824201,0.04380444788654737,
E_conf_filter75,8,1.0,8.0,2279.25641025641,2279.25641025641,2279.25641025641,44439.41025641026,0.2439061342057999,1.4299112796967706,0.8369087069512853,0.7524658995343737,0.15100603043646513,0.2491883063436538,0.7931209587500048,0.18981381824440613,0.30255740861919034,0.828618957725967,0.29875523837642576,0.43284342547728105,0.07592099662841885,
E_conf_filter75,16,0.02,15.692307692307692,2650.897435897436,52.53846153846154,52.53846153846154,54121.41025641026,0.16260280884817108,2.6229104484034553,1.392756628625813,0.88805582273913,0.007128144382050359,0.014130472922220206,0.8995684950492557,0.01779778679972893,0.03477303779793356,0.9069849010267944,0.05649953332200324,0.1051502285962357,0.002222546027160368,
E_conf_filter75,16,0.05,15.692307692307692,2650.897435897436,132.0,132.0,54121.41025641026,0.20423293993685693,2.4546829757874744,1.3294579578621657,0.8449381225265469,0.014032921378569306,0.02755596346139007,0.860035700696387,0.02798256780652948,0.053948357736833936,0.8726051570598224,0.07599572675517277,0.1383318136469132,0.005336951716831843,
E_conf_filter75,16,0.1,15.692307692307692,2650.897435897436,264.56410256410254,264.56410256410254,54121.41025641026,0.21282871849147392,2.360499844632712,1.2866642815620928,0.8296285967231154,0.024132237537644798,0.04674084760999145,0.8459591942265349,0.039532194704443545,0.07513254962278955,0.8607440600509969,0.09275552065812186,0.16594846846114936,0.0104239750430636,
E_conf_filter75,16,0.25,15.692307692307692,2650.897435897436,662.3076923076923,662.3076923076923,54121.41025641026,0.22575825717445341,2.158583400635863,1.1921708289051582,0.8086030111872319,0.04991392051161277,0.09343320785110021,0.8294183516977739,0.06906490166825012,0.1264748283046836,0.8465645739422033,0.13309441258211122,0.2273121837792324,0.024483691471848312,
E_conf_filter75,16,0.5,15.692307692307692,2650.897435897436,1325.1538461538462,1325.1538461538462,54121.41025641026,0.23541796734468762,1.8892527064273752,1.0623353368860313,0.7879116987658236,0.08710355165318501,0.15554413496047365,0.8153084658431515,0.11218334765577871,0.1950269563487229,0.8376622270264429,0.18896194314031886,0.3038089110426154,0.04551832691974234,
E_conf_filter75,16,1.0,15.692307692307692,2650.897435897436,2650.897435897436,2650.897435897436,54121.41025641026,0.2466951984887735,1.5705144724636888,0.9086048354762312,0.74325422231674,0.13933608654674096,0.23157641899112477,0.7892503016193962,0.17368268874928922,0.280196057086235,0.8269154543775602,0.27161079018034606,0.4018093882072251,0.0763058742159922,
oracle,-1,0.02,23.666666666666668,76630.30769230769,1532.076923076923,1532.076923076923,59403.743589743586,0.019192915699938043,0.4522039879003636,0.2356984518001508,1.0,0.24556549832177274,0.39268119168255117,1.0,0.4780468768050191,0.6454639313219852,1.0,0.7525088217392626,0.8556569102537602,0.07829848277418544,
oracle,-1,0.05,23.666666666666668,76630.30769230769,3831.076923076923,3831.076923076923,59403.743589743586,0.026386824986045714,0.37523703514653595,0.2008119300662908,1.0,0.43623405487351546,0.6057350652563276,1.0,0.6241637576142428,0.76664500709297,1.0,0.7976872716441579,0.8842140537231924,0.18815763490759624,
oracle,-1,0.1,23.666666666666668,76630.30769230769,7662.589743589743,7662.589743589743,59403.743589743586,0.03546857393348509,0.3280907720124169,0.181779672972951,0.9978696951540963,0.5773617047675749,0.7294625578527566,1.0,0.6974989271118571,0.8190334715501962,1.0,0.818609936830231,0.8970179917828821,0.3263262529867517,
oracle,-1,0.25,23.666666666666668,76630.30769230769,19157.20512820513,19157.20512820513,59403.743589743586,0.06959305060482904,0.2815700143776959,0.1755815324912625,0.8133732816866853,0.6488523352512183,0.7173655527165425,0.9825022600698,0.7498993442702905,0.8484419630374657,1.0,0.8463043854232998,0.9135497506692395,0.31732006499176474,
oracle,-1,0.5,23.666666666666668,76630.30769230769,38314.94871794872,38314.94871794872,59403.743589743586,0.14790048806479825,0.2556673891500861,0.20178393860744218,0.43653069906070313,0.6510024122552319,0.517317912100103,0.753003107094891,0.7673374364865543,0.7557219760201848,0.9829226359310204,0.8657170957878648,0.9187561828200932,0.19352382722757683,
oracle,-1,1.0,23.666666666666668,76630.30769230769,76630.30769230769,76630.30769230769,59403.743589743586,0.5269634906953266,0.24423906744461535,0.38560127906997094,0.21826389961109977,0.6510024122552319,0.3243545691542617,0.38283131365375134,0.7675174054421107,0.5076552826456275,0.6707535111677296,0.8712964625625946,0.7554337310334578,0.10811642318813385,
oracle,1,0.02,1.0,9813.153846153846,195.71794871794873,195.71794871794873,14955.076923076924,0.012462658969859533,0.6931763178387285,0.35281948840429406,1.0,0.07619164698768276,0.1410757677658476,1.0,0.19829367932720862,0.3295882810983247,1.0,0.5089467378829876,0.6724509038020425,0.023275558223416266,
oracle,1,0.05,1.0,9813.153846153846,490.20512820512823,490.20512820512823,14955.076923076924,0.020700497535881966,0.5732136118751046,0.2969570547054932,1.0,0.17369715619437093,0.29481644394817447,1.0,0.33840850530693606,0.5042549918016876,1.0,0.6268584703391602,0.768884514457817,0.055455520803746196,
oracle,1,0.1,1.0,9813.153846153846,980.8974358974359,980.8974358974359,14955.076923076924,0.02819462564410645,0.5035250525532435,0.26585983909867505,1.0,0.28421358966775057,0.4412934054769835,1.0,0.4419853790397957,0.6118088938821906,1.0,0.6869735275345533,0.8129578081529925,0.10708879633463561,
oracle,1,0.25,1.0,9813.153846153846,2452.923076923077,2452.923076923077,14955.076923076924,0.04692166557583835,0.4183944215749831,0.2326580435754107,0.9677338772719739,0.43269343227298834,0.596328498702232,1.0,0.5616254867470101,0.7177762424249232,1.0,0.7508561600760355,0.856390880038071,0.18996632744082287,
oracle,1,0.5,1.0,9813.153846153846,4906.307692307692,4906.307692307692,14955.076923076924,0.09548389268692978,0.34225344004098385,0.21886866636395683,0.6486429469898441,0.4694841918550891,0.5400896872941942,0.9039012261960622,0.637433120221165,0.7452310803456919,1.0,0.8172040536436386,0.8980530977418197,0.16611663536520507,
oracle,1,1.0,1.0,9813.153846153846,9813.153846153846,9813.153846153846,14955.076923076924,0.3976212368739396,0.3027498904912686,0.35018556368260406,0.32430353851024485,0.4694841918550891,0.3804701219436487,0.5009183138229476,0.648074729994925,0.561717684362239,0.7559645839089304,0.8497599077498476,0.7974569752091331,0.11479495879008204,
oracle,2,0.02,2.0,16527.97435897436,330.1025641025641,330.1025641025641,24069.0,0.01364325026069371,0.5576560414718491,0.28564964586627145,1.0,0.09854575852489372,0.17898146067874116,1.0,0.2582064078422385,0.40937534262864106,1.0,0.6171409079307804,0.7618057421630464,0.028365157306504137,
oracle,2,0.05,2.0,16527.97435897436,825.9487179487179,825.9487179487179,24069.0,0.02115997241393087,0.45742591049064213,0.23929294145228647,1.0,0.2116661282891064,0.3485708986649742,1.0,0.41180625850375224,0.5822117398459118,1.0,0.7169479064839231,0.8338762921547173,0.06826472479417353,
oracle,2,0.1,2.0,16527.97435897436,1652.3589743589744,1652.3589743589744,24069.0,0.028311724154602542,0.39557792275806053,0.21194482345633153,1.0,0.3327881236197737,0.49815423189294405,1.0,0.5178246624719982,0.6809467549032221,1.0,0.7662006995398217,0.8665737616065564,0.13085840524318357,
oracle,2,0.25,2.0,16527.97435897436,4131.51282051282,4131.51282051282,24069.0,0.047129909705065524,0.3203570036628654,0.18374345668396547,0.9680247429004604,0.4881397033459963,0.6470766288554106,1.0,0.6367294381798201,0.7766898249166891,1.0,0.8225827001245063,0.9016922655447479,0.22750905125664422,
oracle,2,0.5,2.0,16527.97435897436,8263.692307692309,8263.692307692309,24069.0,0.09744732512219942,0.26519836055700285,0.18132284283960112,0.6420845193635081,0.5248984975621489,0.5734370478531267,0.9058985342139619,0.7073760725214406,0.7921073617272731,0.9965422145007716,0.8705142814821304,0.928575108269849,0.19009185752875793,
oracle,2,1.0,2.0,16527.97435897436,16527.97435897436,16527.97435897436,24069.0,0.4288826873943247,0.2378372119694418,0.3333599496818832,0.3210301522620089,0.5248984975621489,0.39573555822104567,0.49986317877441905,0.7156504551913832,0.5855593453953741,0.751579459067892,0.8934126174460693,0.8130951442656892,0.12578865259041805,
oracle,4,0.02,4.0,29343.02564102564,586.3333333333334,586.3333333333334,34478.53846153846,0.01541708501324439,0.4767010516589571,0.24605906833610072,1.0,0.14841567657530158,0.25772969699657744,1.0,0.3616584471932948,0.5303270533934921,1.0,0.7155709983354022,0.8330040835803626,0.040576352136291904,
oracle,4,0.05,4.0,29343.02564102564,1466.6923076923076,1466.6923076923076,34478.53846153846,0.022511584062663664,0.3900111750746315,0.2062613795686476,1.0,0.2983128875544666,0.45858664186629594,1.0,0.5300481284788351,0.6918853866786838,1.0,0.7893467034091951,0.8810408094630672,0.0974977940938945,
oracle,4,0.1,4.0,29343.02564102564,2933.871794871795,2933.871794871795,34478.53846153846,0.02961472462131334,0.33838737301608757,0.18400104881870044,1.0,0.445084808567306,0.6148239984401626,1.0,0.6305779473831412,0.7722949757276881,1.0,0.8184571653194709,0.8990103064741917,0.1815265464834993,
oracle,4,0.25,4.0,29343.02564102564,7335.358974358975,7335.358974358975,34478.53846153846,0.05020478673502231,0.2795183375937803,0.1648615621644013,0.951509569634367,0.5848694172518506,0.7230467454505666,1.0,0.7207725177484104,0.8365272537692252,1.0,0.8562752790016469,0.921531385052709,0.2826784568968829,
oracle,4,0.5,4.0,29343.02564102564,14671.333333333334,14671.333333333334,34478.53846153846,0.10635919947614901,0.24060454615151103,0.17348187281383,0.5839642740648304,0.603451148732942,0.5904230015546199,0.8808813645703187,0.7662603475724353,0.8172599810851157,0.9991030945305298,0.8889535357125252,0.9397857407182811,0.20868380311272355,
oracle,4,1.0,4.0,29343.02564102564,29343.02564102564,29343.02564102564,34478.53846153846,0.4403452813396905,0.22360479365817235,0.3319750374989314,0.29197868508421976,0.603451148732942,0.3917541857194707,0.4687753629994199,0.7689070802470974,0.5796817019186555,0.7362109547655048,0.9024748033979987,0.8080025947587084,0.12864508325023832,
oracle,8,0.02,8.0,45334.666666666664,906.2051282051282,906.2051282051282,44439.41025641026,0.016987491347088296,0.4556822799865573,0.23633488566682276,1.0,0.19355584818474675,0.32355949790780736,1.0,0.4306557325970268,0.6011698104921714,1.0,0.7478792001523865,0.8539689271211477,0.05447683951814987,
oracle,8,0.05,8.0,45334.666666666664,2266.2820512820513,2266.2820512820513,44439.41025641026,0.02395918775135269,0.37529871831612166,0.19962895303373718,1.0,0.36622958609395556,0.5352663969140422,1.0,0.5912603759990086,0.7420378868394579,1.0,0.8046047883145077,0.889951077864089,0.13098290967025247,
oracle,8,0.1,8.0,45334.666666666664,4533.0,4533.0,44439.41025641026,0.03153516207407824,0.32769858781926503,0.17961687494667164,1.0,0.5177825955212163,0.6814075123485023,1.0,0.6778617246586517,0.8065048175630484,1.0,0.8269137416942755,0.903601551025395,0.24053097163293558,
oracle,8,0.25,8.0,45334.666666666664,11333.23076923077,11333.23076923077,44439.41025641026,0.05689465532966006,0.273318957400254,0.16510680636495706,0.9034926625203777,0.6291723933847106,0.740107387569153,1.0,0.7494632203326469,0.855087374283992,1.0,0.8588318081338215,0.9224059827342441,0.3111800647428611,
oracle,8,0.5,8.0,45334.666666666664,22667.05128205128,22667.05128205128,44439.41025641026,0.12123173907944655,0.2412057618216087,0.18121875045052763,0.5184269985789183,0.6368272568189732,0.5682140831048057,0.8362331493725603,0.7789073614702209,0.8037543050887107,0.9968708684042803,0.8839550714365735,0.9354546815480103,0.207432176855567,
oracle,8,1.0,8.0,45334.666666666664,45334.666666666664,45334.666666666664,44439.41025641026,0.46835002479614657,0.22727230507705956,0.3478111649366031,0.2592099104903286,0.6368272568189732,0.3666778538300326,0.4341079200680674,0.779908664658511,0.5550276820199915,0.7135582331195273,0.8932427254191956,0.7909170818361105,0.12159242859006529,
oracle,16,0.02,15.692307692307692,63971.333333333336,1278.923076923077,1278.923076923077,54121.41025641026,0.018507608244839272,0.44780075862004337,0.23315418343244132,1.0,0.23018855745339073,0.3733300115417045,1.0,0.46939205018339564,0.6379442464506556,1.0,0.7577959933933629,0.8598055927674986,0.06970666303733458,
oracle,16,0.05,15.692307692307692,63971.333333333336,3198.1794871794873,3198.1794871794873,54121.41025641026,0.025539656576406434,0.3707705246354517,0.19815509060592904,1.0,0.4177463603374444,0.5883128564316089,1.0,0.6204840339722614,0.7643477722879122,1.0,0.8047402028794315,0.8893455482852803,0.16765273401691352,
oracle,16,0.1,15.692307692307692,63971.333333333336,6396.717948717948,6396.717948717948,54121.41025641026,0.03389457477622082,0.3231971375525134,0.1785458561643671,1.0,0.5660286094659328,0.7215590676801421,1.0,0.6979864183233386,0.8199920179414221,1.0,0.8248084281594436,0.90154645321283,0.2999147210816304,
oracle,16,0.25,15.692307692307692,63971.333333333336,15992.51282051282,15992.51282051282,54121.41025641026,0.06456136886502062,0.2769653602739133,0.17076336456946695,0.8483661731425212,0.6483463129817599,0.7324266949198717,0.9943320963878451,0.7539042775495564,0.8553729198051022,1.0,0.8526625667742522,0.9180553603137965,0.32121453718211845,
oracle,16,0.5,15.692307692307692,63971.333333333336,31985.46153846154,31985.46153846154,54121.41025641026,0.13754636485054791,0.2496454830033658,0.19359592392695685,0.4619387180936894,0.6511644372349423,0.5367008116725849,0.7842128854726887,0.7742011023426929,0.7755796413549945,0.9904936097112482,0.873885445025787,0.9267230546263223,0.19997439001795075,
oracle,16,1.0,15.692307692307692,63971.333333333336,63971.333333333336,63971.333333333336,54121.41025641026,0.504685492224667,0.23777135391341772,0.37122842306904236,0.2309676089427788,0.6511644372349423,0.3391126192619163,0.3997177403828343,0.774440400662388,0.5244984349570897,0.6860407126527598,0.8803026765128138,0.7687832702424419,0.11299787890435646,
