method,N_req,frac,N,n_cand,kept,n_pred,n_ref,acc,comp,chamfer,precision@0.1,recall@0.1,f1@0.1,precision@0.2,recall@0.2,f1@0.2,precision@0.5,recall@0.5,f1@0.5,iou,grid_voxel
A_point,-1,0.02,23.666666666666668,84042.51282051283,1680.3076923076924,1680.3076923076924,59403.743589743586,0.20618772999304222,1.8912909461782839,1.048739338085663,0.7838520238003057,0.10651572875774096,0.18673513000547518,0.828927579675616,0.13665242486405263,0.23379173879649337,0.8683861619178137,0.22230114994766184,0.3519063045906798,0.052611044347141825,
A_point,-1,0.05,23.666666666666668,84042.51282051283,4201.717948717948,4201.717948717948,59403.743589743586,0.21279375955028776,1.4365100008925968,0.8246518802214424,0.6842995604665213,0.19889708958240812,0.3064866793163945,0.7922984466003267,0.25471631006269657,0.38314886220259226,0.8778310913771008,0.36834004168693446,0.5147615570941887,0.10102887348322054,
A_point,-1,0.1,23.666666666666668,84042.51282051283,8403.871794871795,8403.871794871795,59403.743589743586,0.22863014002351215,1.0753550666059184,0.6519926033147153,0.5676912638192001,0.287967686356787,0.37965886734088333,0.7303839702030944,0.3681192232251084,0.48654763046752436,0.8800194956956324,0.49218702041901125,0.6280659654895406,0.13365913348765304,
A_point,-1,0.25,23.666666666666668,84042.51282051283,21010.17948717949,21010.17948717949,59403.743589743586,0.28724152398836766,0.5423081195337088,0.4147748217610383,0.4049499803233256,0.42656844964387647,0.41227907477812326,0.5974537512583393,0.5377702305531618,0.5624595005887948,0.8373710161602325,0.6970921458161649,0.7573354204001334,0.15022371192403616,
A_point,-1,0.5,23.666666666666668,84042.51282051283,42021.02564102564,42021.02564102564,59403.743589743586,0.40214929746603373,0.32753249035062504,0.36484089390832936,0.2891261011304504,0.5413215284772307,0.37371917964342594,0.4675820621633206,0.6759051497658569,0.5485115673820159,0.7491817091809412,0.8267071026204397,0.7831532180257355,0.1320446925328744,
A_point,-1,1.0,23.666666666666668,84042.51282051283,84042.51282051283,84042.51282051283,59403.743589743586,0.6045948985061248,0.24609129909241304,0.4253430987992689,0.19922247917276797,0.6622436542814445,0.30401428022655314,0.34547999199156376,0.7798093618857774,0.47539493479362366,0.6231119701529817,0.8826799284878004,0.7273840963252491,0.10170705697987846,
A_point,1,0.02,1.0,9340.461538461539,186.33333333333334,186.33333333333334,14955.076923076924,0.2195996195315997,1.7821266293811566,1.0008631244563782,0.7479995297385421,0.04646904360619881,0.08732512344660066,0.7942734639534331,0.07358172442569294,0.13422406926713457,0.8457657467880488,0.17011199587646786,0.2805841999658141,0.012560220079267078,
A_point,1,0.05,1.0,9340.461538461539,466.5128205128205,466.5128205128205,14955.076923076924,0.20286635316336765,1.4923126036272134,0.8475894783952906,0.7205098311954334,0.10557704377380464,0.18340617972678133,0.8029569727565945,0.15746957626272426,0.2618335207594083,0.8752873052317821,0.2874483032664462,0.42940108649349484,0.029158679846329385,
A_point,1,0.1,1.0,9340.461538461539,933.5897435897435,933.5897435897435,14955.076923076924,0.20757554954828736,1.1750509401266716,0.6913132448374795,0.661636612105959,0.18277199663125332,0.2848218014567978,0.774310388899206,0.2667714500505269,0.3947752836054501,0.878481971682298,0.424968074585624,0.569755959350897,0.05198574173734357,
A_point,1,0.25,1.0,9340.461538461539,2334.74358974359,2334.74358974359,14955.076923076924,0.23753269134591953,0.6626174544384795,0.45007507289219956,0.5500103604823351,0.3137358254260879,0.3975711492020894,0.6948203520759094,0.4509990314450268,0.5443533239591347,0.8652316162722721,0.6610665547971727,0.7461292565414146,0.09439542121914152,
A_point,1,0.5,1.0,9340.461538461539,4670.0,4670.0,14955.076923076924,0.29903696776523697,0.4337301346856114,0.36638355122542415,0.44865261944865065,0.39521878687229145,0.4181435139363319,0.6063206940380443,0.5460447153887302,0.572244128538143,0.8161418309061201,0.7548896792058938,0.781635644334176,0.12040442465527022,
A_point,1,1.0,1.0,9340.461538461539,9340.461538461539,9340.461538461539,14955.076923076924,0.43391624355961783,0.3646416646202884,0.3992789540899531,0.3187270944630735,0.43560137717410513,0.3657804862055722,0.4744665984447868,0.5883042966867865,0.5226495057026553,0.7147992470697547,0.7968493802022965,0.7512406435608023,0.11299674142197294,
A_point,2,0.02,2.0,16425.69230769231,328.0,328.0,24069.0,0.16872072585220665,1.5545284500174428,0.8616245879348247,0.7243438570056621,0.04896822829667313,0.0914678157869655,0.8255205568254484,0.08454518614226923,0.15287751481281947,0.8976668817236447,0.19839915872854613,0.32335530919669886,0.01483320389474086,
A_point,2,0.05,2.0,16425.69230769231,820.8717948717949,820.8717948717949,24069.0,0.17018635160440956,1.2924123642086032,0.7312993579065062,0.7018820186842322,0.11176155113032192,0.19172638436935907,0.8191249001694135,0.1762647700724872,0.2883603444802794,0.9045820257173582,0.324075131010958,0.4751866012457017,0.03524189690164409,
A_point,2,0.1,2.0,16425.69230769231,1642.1538461538462,1642.1538461538462,24069.0,0.18140469075526686,0.9907285214871413,0.5860666061212041,0.6623745729142894,0.19781661618993734,0.3024728430649905,0.7953195077928704,0.29535368282299623,0.4283634164399577,0.8996471432843876,0.4769891299705232,0.6210956586522591,0.06473547189585223,
A_point,2,0.25,2.0,16425.69230769231,4106.153846153846,4106.153846153846,24069.0,0.22790035009159523,0.503527377755235,0.36571386392341515,0.5477576305044923,0.34290482760297797,0.4189037887923676,0.7069969206476795,0.5023903879552908,0.5838531291345189,0.8708285606678415,0.7286079875090578,0.7906689582085554,0.11320428823329451,
A_point,2,0.5,2.0,16425.69230769231,8212.641025641025,8212.641025641025,24069.0,0.3069129522183731,0.3376033576291176,0.3222581549237454,0.4330238860654555,0.42910788836821806,0.4278699483662569,0.6030476350554757,0.6033488819758954,0.5995690840751541,0.8166752265602973,0.8191703228262466,0.8148310548922456,0.133151382065678,
A_point,2,1.0,2.0,16425.69230769231,16425.69230769231,16425.69230769231,24069.0,0.474836352296078,0.26828792914189636,0.3715621407189872,0.3094754067105722,0.48695614442685026,0.37519296854658396,0.4716181648012241,0.6712186477777442,0.5502344637153006,0.7154255279764341,0.8714113259233451,0.7817937303315562,0.12099998753462402,
A_point,4,0.02,4.0,29268.358974358973,584.7948717948718,584.7948717948718,34478.53846153846,0.20105988601690714,1.6576736515951376,0.9293667688060224,0.7797495749699842,0.06931020862034003,0.12702127588453024,0.8286408686088277,0.10527470903919318,0.18636520581225774,0.8692858438827045,0.21521963455080703,0.34324486842534835,0.024727988431223622,
A_point,4,0.05,4.0,29268.358974358973,1462.871794871795,1462.871794871795,34478.53846153846,0.1914281900580981,1.3341735333986555,0.7628008617283769,0.7587160485970053,0.15464758110738688,0.25594093951728364,0.8288125038395594,0.21557934233593953,0.34075623872705957,0.8838421513803556,0.3559428146692894,0.5042164737041726,0.05737903138248041,
A_point,4,0.1,4.0,29268.358974358973,2926.3333333333335,2926.3333333333335,34478.53846153846,0.2015889823218112,0.9894906882054457,0.5955398352636285,0.6849742621740086,0.2540774029502175,0.3687670087041238,0.7937265263552263,0.350713872674191,0.4837673557856301,0.885155139139374,0.517591371551918,0.6492121053299531,0.09513595021367278,
A_point,4,0.25,4.0,29268.358974358973,7316.74358974359,7316.74358974359,34478.53846153846,0.24681133773809824,0.5133620480943785,0.38008669291623837,0.5263863038587021,0.4058536105335347,0.45618310977714127,0.6853008555652775,0.5562508381453501,0.6109216746885767,0.8599629527339036,0.7389451857373756,0.7916053179072998,0.1392729990312708,
A_point,4,0.5,4.0,29268.358974358973,14633.97435897436,14633.97435897436,34478.53846153846,0.32103153803276296,0.30604259769382514,0.31353706786329405,0.4009245643971756,0.4973361051066128,0.44170953435644905,0.5732909416957234,0.659427437001473,0.6103308831572459,0.8031648595672698,0.8385331430745993,0.817570918564113,0.14639537521509413,
A_point,4,1.0,4.0,29268.358974358973,29268.358974358973,29268.358974358973,34478.53846153846,0.49862093534539287,0.23560129130390728,0.36711111332465013,0.27988653414877823,0.5700131566366741,0.37330514415715205,0.4394246421837503,0.7420351734423273,0.5488063892954546,0.6930313700469183,0.8918209094968618,0.7765713226361032,0.1232516611779204,
A_point,8,0.02,8.0,46557.846153846156,930.6923076923077,930.6923076923077,44439.41025641026,0.20628588279191995,1.805947152727252,1.0061165177595859,0.7968118202014113,0.08423776403059687,0.15202918392295547,0.8345220630904117,0.11460116748613473,0.20108073957262024,0.8651276012378876,0.20614619184053887,0.33145731024103126,0.03528180518948011,
A_point,8,0.05,8.0,46557.846153846156,2327.3076923076924,2327.3076923076924,44439.41025641026,0.20194603595399463,1.4008827008449494,0.8014143683994719,0.7359092884857872,0.1764082253363342,0.28356503663574234,0.8175983277231061,0.23426158417422216,0.3625837509390273,0.8799522439302496,0.357781128287368,0.5052610702578543,0.07620739316057352,
A_point,8,0.1,8.0,46557.846153846156,4655.307692307692,4655.307692307692,44439.41025641026,0.21694126693533028,1.0221620658630006,0.6195516663991655,0.6382796401096738,0.27527997844935687,0.3827006091483929,0.7683523582813975,0.36719345209642407,0.49396601681788244,0.8798225757785704,0.5156846582860706,0.6454709897320964,0.11510384536816169,
A_point,8,0.25,8.0,46557.846153846156,11639.076923076924,11639.076923076924,44439.41025641026,0.2634308710117904,0.5184466124502369,0.3909387417310137,0.4710920401089383,0.417270401339775,0.4401642546139544,0.6481899864705934,0.5507914210817569,0.5918320493760179,0.8521107879269891,0.7160353756549808,0.7746098433519594,0.14653932877856837,
A_point,8,0.5,8.0,46557.846153846156,23278.69230769231,23278.69230769231,44439.41025641026,0.3438911891655994,0.3077004934798699,0.3257958413227347,0.350742583601189,0.5200403457325833,0.41673703658571,0.5310162130804575,0.6731791020949407,0.5902234597950416,0.7868482276203748,0.8368261653362808,0.8080143412843822,0.14302921306928731,
A_point,8,1.0,8.0,46557.846153846156,46557.846153846156,46557.846153846156,44439.41025641026,0.5292520163551209,0.24155503250443125,0.3854035244297761,0.24499863218316023,0.6171546857434377,0.3488005429045878,0.4033050638818301,0.7665414501552502,0.5251899115080528,0.6719205243144993,0.8895919197136277,0.7624689284336176,0.11616807318672681,
A_point,16,0.02,15.692307692307692,68554.92307692308,1370.5897435897436,1370.5897435897436,54121.41025641026,0.2046629249072607,1.8683799921366102,1.0365214585219356,0.7903820745015478,0.09944514134572187,0.17623602114038825,0.8331177727951149,0.12923229652811127,0.2232527866544834,0.8682038001366615,0.21682844810133572,0.34532641971342215,0.046834141183763174,
A_point,16,0.05,15.692307692307692,68554.92307692308,3427.2820512820513,3427.2820512820513,54121.41025641026,0.20948928606483636,1.4248908747719247,0.8171900804183805,0.7038703257373518,0.19444384641035584,0.3035512809033562,0.803208021384906,0.24940024127013558,0.3790206868021702,0.8796332968239642,0.3634409169327242,0.5111802786275051,0.09382563244480674,
A_point,16,0.1,15.692307692307692,68554.92307692308,6855.076923076923,6855.076923076923,54121.41025641026,0.2259613173789424,1.0417171676718375,0.63383924252539,0.5914569199933576,0.2869652842403309,0.3847851689496689,0.7432974625963745,0.37193996787160066,0.49307369732704176,0.8798431921277261,0.5042124149015278,0.6367852249068565,0.12925086443131856,
A_point,16,0.25,15.692307692307692,68554.92307692308,17138.384615384617,17138.384615384617,54121.41025641026,0.27794636342689183,0.5272193298090321,0.402582846617962,0.4258418906360625,0.425399506355407,0.4234069767026619,0.6134385277107028,0.5450484243848318,0.5738755196817674,0.843229968852242,0.7060239552788097,0.7651178154461706,0.15028857550480146,
A_point,16,0.5,15.692307692307692,68554.92307692308,34277.256410256414,34277.256410256414,54121.41025641026,0.3767015290646108,0.3146936429826309,0.34569758602362083,0.30757041458596307,0.5362455762767226,0.38881158145149125,0.4867485325720992,0.6785250688006141,0.5634768530339489,0.7624182468572702,0.834772529102651,0.7942221002117866,0.1361979892344076,
A_point,16,1.0,15.692307692307692,68554.92307692308,68554.92307692308,68554.92307692308,54121.41025641026,0.5736680240719798,0.23620137645663355,0.40493470026430667,0.21268436236207108,0.6529256722840151,0.3192148510195201,0.3632978411903608,0.7817294881876734,0.49315957582966863,0.6400492001132994,0.8896244531084095,0.7417675463236798,0.10650928150223106,
B_argmax,-1,0.02,23.666666666666668,86082.33333333333,1721.1538461538462,1721.1538461538462,59403.743589743586,0.21149453887642855,1.8892446751254193,1.0503696070009239,0.777532888238032,0.10289079256318327,0.18089909930882284,0.8309505952794226,0.13680026327380737,0.2340250803522479,0.8668799859310977,0.22226421937161575,0.3516146066911558,0.05037402632462842,
B_argmax,-1,0.05,23.666666666666668,86082.33333333333,4303.641025641025,4303.641025641025,59403.743589743586,0.21371970929400264,1.3883776674047483,0.8010486883493755,0.6835673506304172,0.19861420305886907,0.3059497355082693,0.7916966251553377,0.2643526222996498,0.393717346782918,0.87899447848383,0.3831352397735794,0.5288608264617176,0.09707113060731287,
B_argmax,-1,0.1,23.666666666666668,86082.33333333333,8607.794871794871,8607.794871794871,59403.743589743586,0.22949694619942745,0.9961494499917032,0.6128231980955653,0.5676402646322152,0.2958658466379583,0.38628377813985093,0.726002057567728,0.3900448289682786,0.5044620775024387,0.8769612139866165,0.5193056290805395,0.648716773424218,0.13084979871703273,
B_argmax,-1,0.25,23.666666666666668,86082.33333333333,21520.17948717949,21520.17948717949,59403.743589743586,0.3066411905631591,0.5078762540215613,0.4072587222923602,0.39549040134254937,0.4346938522892597,0.4115338288391521,0.5804758658391126,0.5532565431119654,0.5636778399122901,0.818574445267505,0.7184674165871653,0.7615614662512399,0.1450607072395413,
B_argmax,-1,0.5,23.666666666666668,86082.33333333333,43040.8717948718,43040.8717948718,59403.743589743586,0.41550705534696714,0.30433393719278773,0.35992049626987743,0.2817032619727512,0.547480333821001,0.36936099850920723,0.4570398398503622,0.6845954047909141,0.5447782993811011,0.7346875891372816,0.8375981225683077,0.7797397489392759,0.12733593051773184,
B_argmax,-1,1.0,23.666666666666668,86082.33333333333,86082.33333333333,86082.33333333333,59403.743589743586,0.6009416625386482,0.19979096969152216,0.40036631611508516,0.1946293424770059,0.6767677088689249,0.300365426457453,0.34161706377666395,0.8054769379959713,0.47679676632875767,0.6198107685191646,0.9098292356871375,0.7336573570315228,0.09849497129999107,
B_argmax,1,0.02,1.0,9964.435897435897,198.89743589743588,198.89743589743588,14955.076923076924,0.21989524908535585,1.7675440073039619,0.9937196281946589,0.741097471067006,0.04670090370060707,0.08766875929207783,0.7934358612643511,0.07677252083230586,0.13940132808754263,0.8458125178412235,0.17522889146314155,0.2875863521277013,0.013112374299189003,
B_argmax,1,0.05,1.0,9964.435897435897,497.79487179487177,497.79487179487177,14955.076923076924,0.20917912780955972,1.4499516963347174,0.8295654120721386,0.7124428303747293,0.10792720289585286,0.1866286273383703,0.7959141032654016,0.16680721539518178,0.27425765162526516,0.8706030974075342,0.30493816042514954,0.4481282366164604,0.030059315351771938,
B_argmax,1,0.1,1.0,9964.435897435897,996.025641025641,996.025641025641,14955.076923076924,0.21895268337950105,1.1207329298013953,0.6698428065904483,0.6595109406692313,0.18981801769694043,0.2930023740148309,0.7657782274391165,0.28135095505000707,0.40914690351410077,0.8716335381338981,0.4500333778694227,0.5898631096470535,0.052765247504339446,
B_argmax,1,0.25,1.0,9964.435897435897,2490.7179487179487,2490.7179487179487,14955.076923076924,0.24198958263304546,0.6026525153425765,0.4223210489878109,0.5530052038363612,0.3248270710350142,0.40696957207293716,0.6918609359819079,0.4758774457669738,0.5614168473095332,0.8600210697761304,0.6936504658937697,0.7646141711735265,0.09371450011853819,
B_argmax,1,0.5,1.0,9964.435897435897,4981.974358974359,4981.974358974359,14955.076923076924,0.3075758356114204,0.40781380746999596,0.35769482154070814,0.44215819481544233,0.40860103300677675,0.42239538244510083,0.6019031811860677,0.5722648013682343,0.5846723733347086,0.8097584959614264,0.7726779708204681,0.788455870161759,0.11414405635398485,
B_argmax,1,1.0,1.0,9964.435897435897,9964.435897435897,9964.435897435897,14955.076923076924,0.439357139178168,0.3281285892068063,0.38374286419248715,0.31534308003631767,0.46521599056128704,0.3735614901577273,0.47438394859999206,0.625502780563423,0.5373776716154178,0.7165704155533364,0.8232824628898626,0.7638797012256493,0.10839112613852474,
B_argmax,2,0.02,2.0,17339.384615384617,346.3333333333333,346.3333333333333,24069.0,0.16819914952755013,1.5398013188533568,0.8540002341904535,0.7178646207871798,0.050098470846639695,0.09343365673875512,0.8304835170271678,0.09055731891146658,0.16286606979226798,0.9008345112227136,0.20587586497067073,0.333885288465442,0.015235882347305532,
B_argmax,2,0.05,2.0,17339.384615384617,866.4615384615385,866.4615384615385,24069.0,0.17237786745891526,1.266468433403329,0.7194231504311221,0.692640869072388,0.11436366209688216,0.1953868019862844,0.8165848720010505,0.1862498391811991,0.30182722103334597,0.9037001929280623,0.3396553003038995,0.49188958588098275,0.03554070882916639,
B_argmax,2,0.1,2.0,17339.384615384617,1733.4871794871794,1733.4871794871794,24069.0,0.19329971980285876,0.9515349341126653,0.572417326957762,0.6508788413876735,0.20421644071030973,0.308957626336685,0.7825403916409368,0.3120878574551978,0.4438260818641723,0.8896902351642302,0.4979839417413823,0.6361262158026189,0.06355130554505092,
B_argmax,2,0.25,2.0,17339.384615384617,4334.410256410257,4334.410256410257,24069.0,0.23594478592094162,0.46743479701777,0.3516897914693558,0.544030044469336,0.3536818629434907,0.4261917955818515,0.6992401038287982,0.526036185120862,0.5975127337069945,0.8629763233189442,0.7523338211560967,0.8013952511507605,0.11058734039967728,
B_argmax,2,0.5,2.0,17339.384615384617,8669.435897435897,8669.435897435897,24069.0,0.31970270796390493,0.32128016856199637,0.3204914382629507,0.42539178709669045,0.4443242446121339,0.4319623787871309,0.5943495720260973,0.6280361457727889,0.6079278421302562,0.8060198887432133,0.8308801075843374,0.8157613571820788,0.12794989253190642,
B_argmax,2,1.0,2.0,17339.384615384617,17339.384615384617,17339.384615384617,24069.0,0.4727591780892365,0.24079664340336057,0.35677791074629855,0.3035560651830384,0.5182504543712154,0.3804801413787449,0.4688993690586221,0.704741453763584,0.5603216057723763,0.7149194335284492,0.89356361302902,0.7907737019056963,0.11741047190969751,
B_argmax,4,0.02,4.0,31117.94871794872,621.8461538461538,621.8461538461538,34478.53846153846,0.19946859383252416,1.6444721351031717,0.9219703644678479,0.7766467967856652,0.07106447417226144,0.12992012297635352,0.8364974967692006,0.11228585546834129,0.1974614464689252,0.8742454404045208,0.22422184855110602,0.3547158865875501,0.024730005287144384,
B_argmax,4,0.05,4.0,31117.94871794872,1555.4358974358975,1555.4358974358975,34478.53846153846,0.19398652996709329,1.302585862083026,0.7482861960250596,0.7523002048504434,0.15724114144020385,0.25913308633487847,0.8294997610861164,0.2261764796687248,0.35381185706769286,0.8843771682131398,0.3698710418607835,0.5176184903865487,0.056986868206310194,
B_argmax,4,0.1,4.0,31117.94871794872,3111.3333333333335,3111.3333333333335,34478.53846153846,0.20932085232591718,0.9381266231168228,0.57372373772137,0.681677320523871,0.2597098106111652,0.3742945455047331,0.7885816201572711,0.36796397499566674,0.4989476710005862,0.8789599409163796,0.542312768832389,0.6666817883912881,0.09493295724464668,
B_argmax,4,0.25,4.0,31117.94871794872,7779.076923076923,7779.076923076923,34478.53846153846,0.25542489371588756,0.4626120336456969,0.3590184636807922,0.5230565865988515,0.4159254206633486,0.46128557886606786,0.6775905807960114,0.5788923380490686,0.621587263212619,0.8497951652027222,0.7620206981922132,0.8005500334822294,0.13756869479252368,
B_argmax,4,0.5,4.0,31117.94871794872,15558.666666666666,15558.666666666666,34478.53846153846,0.33071808785205753,0.28424047197983804,0.30747927991594776,0.3915044844385804,0.5161114113528635,0.44348725300462005,0.5627961849782046,0.6833596344556225,0.6150281136954797,0.7929415501390077,0.8544403808136226,0.8198644253393382,0.14251613787856157,
B_argmax,4,1.0,4.0,31117.94871794872,31117.94871794872,31117.94871794872,34478.53846153846,0.49730122710770774,0.20816417235644508,0.35273269973207644,0.27285558215009875,0.6029508990896562,0.37418513859024227,0.4347366725930817,0.7715836980428241,0.5537699350403609,0.6919646345892984,0.9126546136094572,0.7840215061448101,0.12041609460048382,
B_argmax,8,0.02,8.0,49024.89743589744,980.0,980.0,44439.41025641026,0.20338388348216002,1.8007476778285314,1.0020657806553457,0.7887555145990738,0.08315154916863726,0.15012088050889508,0.8375691201278564,0.11764018252809183,0.20574336764219162,0.8701366648729795,0.21005792628493097,0.3367280956435281,0.03451960630530064,
B_argmax,8,0.05,8.0,49024.89743589744,2450.74358974359,2450.74358974359,44439.41025641026,0.21003257246100554,1.3553325702102386,0.7826825713356221,0.7320402139440302,0.17760358333840803,0.28471713280513944,0.8150167289646022,0.24404883904039734,0.3738949610326068,0.8755278900104355,0.37305299699280486,0.5193753509505579,0.07495188804484752,
B_argmax,8,0.1,8.0,49024.89743589744,4902.025641025641,4902.025641025641,44439.41025641026,0.22022350671573102,0.954947918061788,0.5875857123887596,0.6391290879695204,0.2801434644687048,0.3876583918044795,0.7651687151494593,0.3869037445278392,0.5107763050909465,0.8771888705398112,0.5422841952841674,0.6648278011788802,0.11365701101890391,
B_argmax,8,0.25,8.0,49024.89743589744,12255.846153846154,12255.846153846154,44439.41025641026,0.26926970999439837,0.46065077056684955,0.3649602402806239,0.46763307982243657,0.43058485743373554,0.4462874596517906,0.6395599356561253,0.5754425597429514,0.6028915471765306,0.8434153900182851,0.7460278052889338,0.7882597313694991,0.14492722827089322,
B_argmax,8,0.5,8.0,49024.89743589744,24512.23076923077,24512.23076923077,44439.41025641026,0.3569468732880591,0.2808578133034054,0.31890234329573225,0.343038638448166,0.5362047647049254,0.41650550077032167,0.5202481270190605,0.688966515628406,0.5901497061702417,0.775539128660115,0.8486511680570009,0.8074680176817131,0.13925885106538316,
B_argmax,8,1.0,8.0,49024.89743589744,49024.89743589744,49024.89743589744,44439.41025641026,0.5287006884701694,0.20206868311683568,0.36538468579350253,0.23856591468584618,0.642289964854116,0.34640915353153046,0.39719203418532023,0.7930003838405288,0.5267492334879249,0.668851789400168,0.9122893604909026,0.7685774740119319,0.1128255890960405,
B_argmax,16,0.02,15.692307692307692,71029.17948717948,1420.1025641025642,1420.1025641025642,54121.41025641026,0.209495877184415,1.8644247552448918,1.0369603162146535,0.7853556155226459,0.09701465869338641,0.17226280433494215,0.8344909527388007,0.13088888471884824,0.22568128300311371,0.8674622171998811,0.21910370714676683,0.3479013478589853,0.04512256231151378,
B_argmax,16,0.05,15.692307692307692,71029.17948717948,3550.974358974359,3550.974358974359,54121.41025641026,0.21480431673556064,1.3792113302842202,0.7970078235098904,0.7017834481847856,0.19400158866402478,0.3027826121292364,0.7991227966096053,0.2576865417832427,0.38792847648943696,0.8771355227316241,0.3784665141590119,0.5247083567667138,0.09071913070901812,
B_argmax,16,0.1,15.692307692307692,71029.17948717948,7102.461538461538,7102.461538461538,54121.41025641026,0.2250999035632171,0.978131461383147,0.6016156824731821,0.5926684629858787,0.2937641522206069,0.3910090373349695,0.7405962436079735,0.394088131539489,0.5114570999967298,0.8784568005599465,0.5302838984270689,0.6565771681877853,0.12680657855665406,
B_argmax,16,0.25,15.692307692307692,71029.17948717948,17756.871794871793,17756.871794871793,54121.41025641026,0.2910200577473111,0.48738134347004547,0.3892007006086783,0.4181233445165628,0.43612314231073485,0.42516152004300817,0.5999252101782607,0.563083670471494,0.578285965743656,0.828417263650316,0.7309195903431626,0.7731584081026326,0.1462521776224614,
B_argmax,16,0.5,15.692307692307692,71029.17948717948,35514.35897435898,35514.35897435898,54121.41025641026,0.39224304701100904,0.2938213689764062,0.3430322079937076,0.29933425305296024,0.5472031643989054,0.3852058094746497,0.47576007680022353,0.6906310226516896,0.5606166504950385,0.7475730941501806,0.8441538027982148,0.7902006819110385,0.13131679206021357,
B_argmax,16,1.0,15.692307692307692,71029.17948717948,71029.17948717948,71029.17948717948,54121.41025641026,0.5745720879716761,0.20021435147784103,0.3873932197247586,0.20763145775976674,0.6704985549015038,0.31568127972758625,0.3591904436406351,0.8057745585817252,0.4943824346149445,0.6356604023285342,0.9116759912232277,0.745986742143751,0.10334036390241767,
B_argmax_matchE50,-1,0.02,23.666666666666668,86082.33333333333,155.23076923076923,155.23076923076923,59403.743589743586,0.26305509353882944,2.525609661488873,1.3943323775138512,0.771819347371837,0.013328569958072856,0.02618441055225352,0.805720191168706,0.027092768873565543,0.05231075079451237,0.8191081019843481,0.07336666687780867,0.1338779002869088,0.004824157583485944,
B_argmax_matchE50,-1,0.05,23.666666666666668,86082.33333333333,389.0,389.0,59403.743589743586,0.23047969333016277,2.400949649377891,1.3157146713540269,0.8022426890822638,0.028675989254636915,0.05526892484507521,0.831003081794423,0.04559092003129603,0.08609658249551255,0.8459638631155298,0.09835910441222408,0.17484407333707258,0.012783711249641979,
B_argmax_matchE50,-1,0.1,23.666666666666668,86082.33333333333,778.4358974358975,778.4358974358975,59403.743589743586,0.21120681345350834,2.2290989039674454,1.220152858710477,0.8082596032951249,0.0526298278234019,0.09852232449654583,0.8408374120601255,0.07428950190078232,0.1358087879983537,0.8614463269588258,0.13828890471065203,0.23616295700309495,0.02554727941676735,
B_argmax_matchE50,-1,0.25,23.666666666666668,86082.33333333333,1946.820512820513,1946.820512820513,59403.743589743586,0.20953606327986407,1.8294618156906313,1.0194989394852476,0.7707841485786016,0.11555941384729741,0.19980287874147257,0.8315335718979503,0.1547345185129053,0.2586394779613339,0.8708984637157846,0.2482968294382857,0.3803753867832935,0.05732011946479133,
B_argmax_matchE50,-1,0.5,23.666666666666668,86082.33333333333,3894.025641025641,3894.025641025641,59403.743589743586,0.21115481474862194,1.4584138758718945,0.8347843453102584,0.7005256626833813,0.1932925149727607,0.30025975255337406,0.8050402124939767,0.25685732338891554,0.3849985772300314,0.8816048914706835,0.3685367860608534,0.5129156058941708,0.09361132613565183,
B_argmax_matchE50,-1,1.0,23.666666666666668,86082.33333333333,7788.51282051282,7788.51282051282,59403.743589743586,0.21925054794204016,1.0390266846049967,0.6291386162735184,0.5899015909658324,0.2892763627416113,0.3841850809575983,0.7447827646028704,0.37888172645036255,0.49860603615284904,0.8861729320134291,0.5024369040234715,0.636570235803589,0.12974435815270072,
B_argmax_matchE50,1,0.02,1.0,9964.435897435897,34.743589743589745,34.743589743589745,14955.076923076924,0.2590161720734908,2.104297381357954,1.1816567767157224,0.7109808806277093,0.009044550915269936,0.017850984388186483,0.7367012528509435,0.019308396647770308,0.037594215208324545,0.7876675674474874,0.06596234362355236,0.12142438395746065,0.0023322970716791024,
B_argmax_matchE50,1,0.05,1.0,9964.435897435897,87.53846153846153,87.53846153846153,14955.076923076924,0.24104295738478904,1.9591941614748198,1.1001185594298044,0.7320217917944865,0.02107540485832996,0.04092670809738733,0.7662069085737441,0.03745054165675146,0.07127126192100396,0.8163385306168021,0.1058161821307523,0.18625940524752732,0.005933871930994101,
B_argmax_matchE50,1,0.1,1.0,9964.435897435897,175.48717948717947,175.48717948717947,14955.076923076924,0.2231393190529029,1.8011767654486994,1.0121580422508012,0.7401225797242489,0.041224133172382216,0.07792713361261332,0.7910461429677595,0.06939440372941763,0.12698340969343194,0.8415135965376533,0.16388282183176558,0.27130336889254847,0.011823158350743452,
B_argmax_matchE50,1,0.25,1.0,9964.435897435897,439.2564102564103,439.2564102564103,14955.076923076924,0.2076597999000319,1.5070856455593933,0.8573727227297127,0.7219713116169881,0.09704047626577096,0.1703924145156813,0.800179236660735,0.1514431101385227,0.25311206499162703,0.8715663367205946,0.28557405774401146,0.4265594487163364,0.027590519139611632,
B_argmax_matchE50,1,0.5,1.0,9964.435897435897,879.0512820512821,879.0512820512821,14955.076923076924,0.21869646704391976,1.1993211189690551,0.7090087930064876,0.6663912219852431,0.17150865695428136,0.2711745712987633,0.7701769464024992,0.25789633977923937,0.3834970232876485,0.8716523773763691,0.4226425531646137,0.5640801384135978,0.0480908138106703,
B_argmax_matchE50,1,1.0,1.0,9964.435897435897,1758.6410256410256,1758.6410256410256,14955.076923076924,0.2294556628328707,0.781811865439761,0.5056337641363159,0.6008999457680493,0.2759129276241759,0.3754259591576869,0.7262525940281809,0.4078099972374471,0.5181167576066715,0.8700145397012934,0.6154458693384189,0.7146768917204194,0.07827127836939365,
B_argmax_matchE50,2,0.02,2.0,17339.384615384617,57.61538461538461,57.61538461538461,24069.0,0.17604962338943322,1.8467058342960172,1.011377728842725,0.7371786042201399,0.010335066871097668,0.020372599874668988,0.8296234577048605,0.02522187071049372,0.048915481341688924,0.8852836887918567,0.09010719981133661,0.16323224819018956,0.0027173679494626834,
B_argmax_matchE50,2,0.05,2.0,17339.384615384617,144.82051282051282,144.82051282051282,24069.0,0.16986022090979147,1.7225921044157746,0.946226162662783,0.7304524559735789,0.022758080575358015,0.04409695959061373,0.8301766471779383,0.04674188604151519,0.08839494130000981,0.8967174504936062,0.1323179061975725,0.22986144964484959,0.006625277036109551,
B_argmax_matchE50,2,0.1,2.0,17339.384615384617,290.0769230769231,290.0769230769231,24069.0,0.16694364892814129,1.5845811755578758,0.8757624122430087,0.7225192693445581,0.04274369134674172,0.08056915176741966,0.8334054862393981,0.0793725120518085,0.14460643481557167,0.9019508257297053,0.18806816972754392,0.3098697799497473,0.01303401065771767,
B_argmax_matchE50,2,0.25,2.0,17339.384615384617,726.0,726.0,24069.0,0.16783048799210998,1.3264549674312198,0.7471427277116649,0.7001691640908672,0.09814786630900546,0.17154766800789428,0.8243076686840348,0.16373102955805258,0.27173244054797774,0.9073960184593818,0.31110571240813023,0.4609649627788231,0.03070672208076064,
B_argmax_matchE50,2,0.5,2.0,17339.384615384617,1452.4871794871794,1452.4871794871794,24069.0,0.18370754431764202,1.0393908594789683,0.6115492018983052,0.6659555932881797,0.17834292983725789,0.27994091875641136,0.7966307736259406,0.27778012811461883,0.40940639673423873,0.897127655050067,0.45612432501230604,0.6013611533611497,0.055868782391999425,
B_argmax_matchE50,2,1.0,2.0,17339.384615384617,2905.4102564102564,2905.4102564102564,24069.0,0.21041063678577154,0.6597937354932054,0.4351021861394885,0.6018552658587966,0.2921442923286555,0.39087886157656687,0.7459272537558772,0.43887089936159257,0.5489052245374985,0.880867713971052,0.6547278492708426,0.7474412101441761,0.09136868378196435,
B_argmax_matchE50,4,0.02,4.0,31117.94871794872,92.48717948717949,92.48717948717949,34478.53846153846,0.2356392945175697,1.9472302883398886,1.0914347914287292,0.7529043964188441,0.012900152176754394,0.025353417949098202,0.8087861299703845,0.03197048585298216,0.06144616877811815,0.8429211043638688,0.11046876292892627,0.19469910942956878,0.0036912795491885067,
B_argmax_matchE50,4,0.05,4.0,31117.94871794872,231.82051282051282,231.82051282051282,34478.53846153846,0.22059934381531773,1.8405280591937372,1.0305637015045275,0.7656223443210147,0.029253877522954108,0.05629182140406377,0.8216327367113564,0.056911932206857786,0.10627390832908591,0.8561073335538827,0.14789402740544264,0.2511718162409313,0.009267561417385248,
B_argmax_matchE50,4,0.1,4.0,31117.94871794872,464.12820512820514,464.12820512820514,34478.53846153846,0.20765914042421826,1.7175807667520535,0.962619953588136,0.7754580127189669,0.05474115522830443,0.10205012272481087,0.8319995723935174,0.0916708558095782,0.1645388404100523,0.8675796658998104,0.1967682868560014,0.3182913121638336,0.018773486077045484,
B_argmax_matchE50,4,0.25,4.0,31117.94871794872,1160.974358974359,1160.974358974359,34478.53846153846,0.19133887573648187,1.4417605584818012,0.8165497171091415,0.7691506703147306,0.12305703757375716,0.2113576291440404,0.8378241038127482,0.18133213630031275,0.2962803443430119,0.883923363364164,0.314736174866772,0.4591411294996964,0.0449700444789664,
B_argmax_matchE50,4,0.5,4.0,31117.94871794872,2322.5384615384614,2322.5384615384614,34478.53846153846,0.19824637761310454,1.1099204843533212,0.654083430983213,0.7209263744245863,0.21551460707479514,0.3301374413343513,0.8143754933011416,0.3070978373584807,0.4425415861286717,0.8851966418032953,0.46861846160658216,0.607182805511871,0.07881082208002599,
B_argmax_matchE50,4,1.0,4.0,31117.94871794872,4645.51282051282,4645.51282051282,34478.53846153846,0.22187216523615463,0.73165576504544,0.4767639651407973,0.6252399795411228,0.333695155740851,0.4324275178094854,0.7543293442735194,0.46929894769193997,0.5745512447512622,0.8742871244493395,0.6440671779781629,0.7369922659884584,0.11876779190827416,
B_argmax_matchE50,8,0.02,8.0,49024.89743589744,118.23076923076923,118.23076923076923,44439.41025641026,0.25835667360565157,2.198943907339857,1.2286502904727543,0.7486555791818664,0.013721016909773747,0.026932210581446483,0.8000131735036313,0.03318271619520473,0.06358059013386534,0.8210048973723937,0.09756236201868707,0.17308217352343966,0.0041451942528700535,
B_argmax_matchE50,8,0.05,8.0,49024.89743589744,296.28205128205127,296.28205128205127,44439.41025641026,0.22989798790894134,2.107284647888677,1.1685913178988092,0.7824617672269436,0.029562717478233472,0.05688951411425123,0.8254011892159832,0.052643662489687326,0.09859898442101099,0.8476120865749354,0.12230895379606924,0.2118569731158968,0.010911864976136028,
B_argmax_matchE50,8,0.1,8.0,49024.89743589744,593.1025641025641,593.1025641025641,44439.41025641026,0.21497751325034123,1.9685339871872514,1.0917557502187962,0.7929836310267004,0.05362606351592125,0.10021698930352543,0.8346943142316542,0.08141138319750861,0.14760605323442516,0.8603127213631603,0.1602783012409153,0.26784397666616766,0.021743604501831888,
B_argmax_matchE50,8,0.25,8.0,49024.89743589744,1483.5897435897436,1483.5897435897436,44439.41025641026,0.20155056768715116,1.6313002572001216,0.9164254124436365,0.7742096665242381,0.11929926957329808,0.2057569389697099,0.8339929969969234,0.16598719154017988,0.27474039243851506,0.8749930236481693,0.2766104941304679,0.4150163114549149,0.050694332884491336,
B_argmax_matchE50,8,0.5,8.0,49024.89743589744,2967.6923076923076,2967.6923076923076,44439.41025641026,0.2098159471736202,1.2585767251924567,0.7341963361830384,0.7163578921779122,0.20763303477873285,0.3197080150707687,0.8103142381247189,0.2861585558476185,0.4184204715549534,0.879116568872995,0.424751134570411,0.564812841370803,0.0868479495455922,
B_argmax_matchE50,8,1.0,8.0,49024.89743589744,5935.871794871795,5935.871794871795,44439.41025641026,0.2221441201254883,0.8694098521426995,0.5457769861340939,0.6120796674170328,0.31764915733399196,0.4146248594082704,0.751858893365349,0.43191637532529314,0.5437711216546385,0.8795340023640933,0.578585116543526,0.6920128595532168,0.1252791691120067,
B_argmax_matchE50,16,0.02,15.692307692307692,71029.17948717948,140.0,140.0,54121.41025641026,0.26651324211254157,2.4254195498087867,1.345966395960664,0.7708359387735637,0.013527778057881572,0.026568717465220233,0.8015514094945123,0.029189507128002754,0.05616553898433954,0.8155141281887822,0.07994948764360067,0.14453331336653896,0.004607715841778607,
B_argmax_matchE50,16,0.05,15.692307692307692,71029.17948717948,350.9230769230769,350.9230769230769,54121.41025641026,0.2334944118018828,2.316585402063331,1.275039906932607,0.7985585468976053,0.028864822703777212,0.05561505101425499,0.8277453005259022,0.047149125836535,0.0888545363118789,0.8439634286994174,0.10386965626363584,0.18339548832254293,0.012127535689535365,
B_argmax_matchE50,16,0.1,15.692307692307692,71029.17948717948,702.3589743589744,702.3589743589744,54121.41025641026,0.2144617093548685,2.1564452619587073,1.1854534856567878,0.8057972198418754,0.05279914945886903,0.09880147520046936,0.8381603501127518,0.07581244864203462,0.1382969515536492,0.8594142493462298,0.14334109581868745,0.24335274722659692,0.024145053577070617,
B_argmax_matchE50,16,0.25,15.692307692307692,71029.17948717948,1756.6410256410256,1756.6410256410256,54121.41025641026,0.2066030198712097,1.7742767435633295,0.9904398817172697,0.7761739926701156,0.11640306840147574,0.2013432074430968,0.8342601550572286,0.15662068689300931,0.2616101710672411,0.872582101988159,0.25289158688488256,0.3870719901167542,0.05506920606377676,
B_argmax_matchE50,16,0.5,15.692307692307692,71029.17948717948,3513.74358974359,3513.74358974359,54121.41025641026,0.212366692283682,1.403002453964184,0.807684573123933,0.7079150034386056,0.19742114426903465,0.30610567119542076,0.807056670670948,0.2646699439293883,0.393750645472338,0.8803384388707454,0.38256591973637005,0.5251501465707579,0.09127517546363535,
B_argmax_matchE50,16,1.0,15.692307692307692,71029.17948717948,7027.897435897436,7027.897435897436,54121.41025641026,0.21865776965014966,0.9872755392326386,0.6029666544413941,0.6019427567078952,0.29748411451373113,0.39434266058124734,0.7510327847687718,0.39465660188533197,0.5131104980854577,0.8853562944388764,0.5251865494561627,0.6537175965357332,0.12853864736117823,
B_argmax_matchE75,-1,0.02,23.666666666666668,86082.33333333333,61.666666666666664,61.666666666666664,59403.743589743586,0.3194534670585381,2.666747593792268,1.493100530425403,0.710060935360186,0.006316473563501979,0.012513598185161822,0.7510714457707073,0.016751442914671063,0.03271238179152292,0.7678958877169274,0.05277654690267953,0.09834141835845871,0.0016927482429515996,
B_argmax_matchE75,-1,0.05,23.666666666666668,86082.33333333333,155.02564102564102,155.02564102564102,59403.743589743586,0.26294528150096735,2.526895567633357,1.3949204245671623,0.7712472324331024,0.013337409173983699,0.026193126906265754,0.8047843559369802,0.02711385954892764,0.05232251377142933,0.8181892092592352,0.07323430587874344,0.1335241483451344,0.004732544702931184,
B_argmax_matchE75,-1,0.1,23.666666666666668,86082.33333333333,310.43589743589746,310.43589743589746,59403.743589743586,0.23817565733741958,2.4422749809398923,1.340225319138656,0.795330151442293,0.02366754273961016,0.045865990737607075,0.8258618173963322,0.039761876174022916,0.07552480048011945,0.8393372866807832,0.09031743544699264,0.16170459524171546,0.009925588854746405,
B_argmax_matchE75,-1,0.25,23.666666666666668,86082.33333333333,776.9487179487179,776.9487179487179,59403.743589743586,0.2108934865021522,2.2370199439644063,1.2239567152332793,0.8086943627559592,0.05254374638355499,0.09823753273820832,0.8405032770533006,0.07356157110192275,0.13442167492050383,0.8600450800341861,0.1350768431253456,0.23148939543790822,0.02514310910724873,
B_argmax_matchE75,-1,0.5,23.666666666666668,86082.33333333333,1554.3589743589744,1554.3589743589744,59403.743589743586,0.20825389398708474,1.9511174921643897,1.0796856930757373,0.7870305101860777,0.09603020023927329,0.16988485894300778,0.8345809142433017,0.12775837262337764,0.21970688770978475,0.8662296526925507,0.2123617083210191,0.336614998893397,0.04732737282918077,
B_argmax_matchE75,-1,1.0,23.666666666666668,86082.33333333333,3109.230769230769,3109.230769230769,59403.743589743586,0.21450702794353246,1.5825084712512725,0.8985077495974024,0.7277911540570441,0.16465211739620578,0.2655670640700724,0.813472597948247,0.2203462870309042,0.34204118198612954,0.8728061856507833,0.32731698216022453,0.4683886234211425,0.08040163512276309,
B_argmax_matchE75,1,0.02,1.0,9964.435897435897,13.512820512820513,13.512820512820513,14955.076923076924,0.2696227204718066,2.1974925152762004,1.2335576178740038,0.7102874124367338,0.00420573765361131,0.008358259715646193,0.7355262259108414,0.011167767412601616,0.021982372394507947,0.7769812096735174,0.048766019932632444,0.09149746543182356,0.000929323438928736,
B_argmax_matchE75,1,0.05,1.0,9964.435897435897,34.38461538461539,34.38461538461539,14955.076923076924,0.25454137901992685,2.106068921394869,1.180305150207398,0.7195364542314261,0.009235523054780368,0.018221460757173014,0.7430390164207189,0.019431712158864023,0.037824106951460136,0.7915529378858545,0.06664338527037894,0.12259876788984747,0.0023206325850500687,
B_argmax_matchE75,1,0.1,1.0,9964.435897435897,69.38461538461539,69.38461538461539,14955.076923076924,0.2396787338639313,2.0035339354230004,1.121606334643466,0.7352094127442703,0.017452143303545376,0.03404124427177531,0.766473799786259,0.03154434314291427,0.060479195474436656,0.8132354378592382,0.09318291751973053,0.16636563265481732,0.004725599264846684,
B_argmax_matchE75,1,0.25,1.0,9964.435897435897,174.48717948717947,174.48717948717947,14955.076923076924,0.22299744316574666,1.8033274278442748,1.0131624355050108,0.7420057717977518,0.04164682456340224,0.07860020461762911,0.7908653348541793,0.06884434711984544,0.1260389245894407,0.8397077823069458,0.1617457008473741,0.26863785079845964,0.01179552151653441,
B_argmax_matchE75,1,0.5,1.0,9964.435897435897,349.35897435897436,349.35897435897436,14955.076923076924,0.21184020217656085,1.5892362658360202,0.9005382340062905,0.7297182410893188,0.07966721602625002,0.14286194652737655,0.8000967586258857,0.12550901292835837,0.2155785856290408,0.8635942977245443,0.2509748989745413,0.3851306901442925,0.02225889278163846,
B_argmax_matchE75,1,1.0,1.0,9964.435897435897,699.1538461538462,699.1538461538462,14955.076923076924,0.21637077217673842,1.3046070630921593,0.7604889176344489,0.6843180841222815,0.14382693719570663,0.23567187027914946,0.779704839682111,0.21902353691729715,0.33870373137489435,0.8697088355033202,0.3755978551640165,0.5190574824413675,0.04007031156383625,
B_argmax_matchE75,2,0.02,2.0,17339.384615384617,22.41025641025641,22.41025641025641,24069.0,0.17635871035749537,1.9410081782146933,1.0586834442860944,0.7423688871675381,0.004977242915602076,0.009882972081604583,0.8292763012160725,0.01516094457486044,0.029744915106867425,0.8826869856958469,0.06808974603180909,0.1261011072242757,0.0011107787115499908,
B_argmax_matchE75,2,0.05,2.0,17339.384615384617,56.743589743589745,56.743589743589745,24069.0,0.17401604059504217,1.847717768079438,1.01086690433724,0.7419759682372226,0.01031237263959711,0.020323609007403057,0.8316635094538887,0.025018023750685684,0.04851459841457453,0.887313570354012,0.09002392418736821,0.16304773226080593,0.002684972808869345,
B_argmax_matchE75,2,0.1,2.0,17339.384615384617,114.02564102564102,114.02564102564102,24069.0,0.1685673748194468,1.759381381947407,0.9639743783834268,0.7326327182293283,0.01857696692273838,0.03618168225236873,0.8311665922735525,0.03946859310570116,0.07523067573024353,0.8944559526704458,0.11784823247966021,0.20767297912297492,0.005259867835505542,
B_argmax_matchE75,2,0.25,2.0,17339.384615384617,285.87179487179486,285.87179487179486,24069.0,0.1681015285076044,1.588976075896267,0.8785388022019358,0.7202590851651094,0.04211389638961279,0.07932979511187506,0.8318020601919437,0.07836577670282263,0.14276626265228703,0.900391646175425,0.18581716405269808,0.3065796860494081,0.012679160968178843,
B_argmax_matchE75,2,0.5,2.0,17339.384615384617,572.2051282051282,572.2051282051282,24069.0,0.16823465729177814,1.4061670751324964,0.7872008662121371,0.7053761685371088,0.07890910075734227,0.14123004376138823,0.8266823914228743,0.1348025926684139,0.23051496696440274,0.9044194260409921,0.2713826583726045,0.41499506507074624,0.024395627461942695,
B_argmax_matchE75,2,1.0,2.0,17339.384615384617,1145.1025641025642,1145.1025641025642,24069.0,0.1785176563291955,1.1507240394786589,0.6646208479039272,0.6793020039372833,0.14589306735934682,0.23826257166493392,0.8068067059821094,0.23177134189110568,0.35723276505847534,0.8989987746153809,0.40013931107422074,0.5502252849764663,0.04545014303625452,
B_argmax_matchE75,4,0.02,4.0,31117.94871794872,40.282051282051285,40.282051282051285,34478.53846153846,0.22843253883637019,2.011119357631956,1.1197759482341632,0.7530018364523863,0.006611265398867339,0.013101935500091854,0.8116274149534437,0.020409137428151154,0.039781889429643384,0.8477082004675125,0.09017971662857278,0.1625578661949925,0.0016386075516539882,
B_argmax_matchE75,4,0.05,4.0,31117.94871794872,101.61538461538461,101.61538461538461,34478.53846153846,0.23119841786648748,1.9391353202178807,1.085166869042184,0.7554489128733469,0.01409152839027139,0.02764371024060106,0.8107017064516935,0.03382886129174147,0.0648613526278563,0.8459384163198868,0.11317948630383214,0.1989543002795472,0.004012688114513775,
B_argmax_matchE75,4,0.1,4.0,31117.94871794872,203.7948717948718,203.7948717948718,34478.53846153846,0.22258353854410465,1.860302985169654,1.0414432618568794,0.7649722585797444,0.026382041115132628,0.05091768232331122,0.8195035814079894,0.05262424084035558,0.09868858226994168,0.853457418853952,0.14091478147643313,0.2408689455338792,0.008112889762123404,
B_argmax_matchE75,4,0.25,4.0,31117.94871794872,510.15384615384613,510.15384615384613,34478.53846153846,0.20651212283365497,1.7017952598288877,0.9541536913312714,0.7759054490920875,0.060311438271095294,0.11146199459686777,0.832213083834069,0.09839903204779292,0.17501013594961143,0.8683640696736629,0.20368696538811967,0.32717011207209495,0.02046302866030813,
B_argmax_matchE75,4,0.5,4.0,31117.94871794872,1020.8974358974359,1020.8974358974359,34478.53846153846,0.193710415746894,1.4959169930123688,0.8448137043796313,0.7736588567669838,0.11125393550083032,0.19327178361405076,0.8372011099067316,0.16453343698125822,0.272801833816228,0.8803901800559564,0.29158448500712464,0.43327128229405176,0.03998418406971388,
B_argmax_matchE75,4,1.0,4.0,31117.94871794872,2042.3076923076924,2042.3076923076924,34478.53846153846,0.19791680108915563,1.1820968400841778,0.6900068205866666,0.7328605187927988,0.19649161060632117,0.30704162129446816,0.8197006168754243,0.2782146104995375,0.4112456811528841,0.8829500883577766,0.4327145038511175,0.5746494347700924,0.0713889088583105,
B_argmax_matchE75,8,0.02,8.0,49024.89743589744,50.17948717948718,50.17948717948718,44439.41025641026,0.2645422253313292,2.258542579485165,1.2615424024082473,0.7410098632140544,0.007067578868397686,0.013995382682377521,0.7906999854008608,0.02301715114254079,0.044656373901679175,0.8143855869519827,0.08352835256830028,0.15044307729536,0.0016860812429268053,
B_argmax_matchE75,8,0.05,8.0,49024.89743589744,126.3076923076923,126.3076923076923,44439.41025641026,0.25634639930472247,2.193797558958458,1.2250719791315903,0.7508582910603173,0.014523771795425681,0.02846515820276933,0.8014360969949915,0.03455691611612891,0.06604786656090422,0.8225752253893099,0.09955995779609826,0.17605090667269627,0.004349097612150217,
B_argmax_matchE75,8,0.1,8.0,49024.89743589744,253.07692307692307,253.07692307692307,44439.41025641026,0.23677752277311306,2.131864308831703,1.184320915802408,0.7752024526530331,0.02600589465630537,0.05020783382315495,0.8194856489290839,0.04826856673499934,0.09071533941289746,0.8401712358012605,0.11612770823643402,0.20200118572369866,0.009051795589324618,
B_argmax_matchE75,8,0.25,8.0,49024.89743589744,633.5897435897435,633.5897435897435,44439.41025641026,0.21264961829427934,1.958593545928694,1.0856215821114867,0.7945937037856817,0.05720200944135625,0.10622472781415038,0.8357198537475758,0.08530366588308597,0.15371183987601997,0.8612539150885266,0.16370496075738927,0.2724407555160281,0.02281651403534751,
B_argmax_matchE75,8,0.5,8.0,49024.89743589744,1267.6666666666667,1267.6666666666667,44439.41025641026,0.20260477633307286,1.704468934067452,0.9535368552002625,0.7830712729281738,0.1050081835193557,0.18370611778858148,0.834117835483914,0.14573715702895693,0.24572772774285448,0.8706256839833717,0.2496558286473762,0.38287129589829255,0.043857649810149515,
B_argmax_matchE75,8,1.0,8.0,49024.89743589744,2535.8205128205127,2535.8205128205127,44439.41025641026,0.21042173810628909,1.3458080494333051,0.7781148937697971,0.7332128331672481,0.18446397455652488,0.29141329064374205,0.8150624077894781,0.25461172266017934,0.38256778861914664,0.874006459078783,0.38779749627221083,0.5279008206299903,0.07732402563921796,
B_argmax_matchE75,16,0.02,15.692307692307692,71029.17948717948,57.02564102564103,57.02564102564103,54121.41025641026,0.29480905482911096,2.5182533669120124,1.4065312108705617,0.7394771145953613,0.006883508591804084,0.013631114386941432,0.7685608995190729,0.0198524097712314,0.03859111109020896,0.7850509306623749,0.0631867582897486,0.11605041614530463,0.0017753810665971702,
B_argmax_matchE75,16,0.05,15.692307692307692,71029.17948717948,143.28205128205127,143.28205128205127,54121.41025641026,0.26599714813598235,2.424460229531256,1.3452286888336193,0.7701263846428191,0.01382394143610621,0.02712771748175937,0.8014658575234537,0.029621317248967757,0.05692332695578278,0.8154757667057929,0.08071294479582163,0.14560672151262813,0.004626292403406801,
B_argmax_matchE75,16,0.1,15.692307692307692,71029.17948717948,286.9230769230769,286.9230769230769,54121.41025641026,0.2400367496241104,2.352072869176553,1.296054809400332,0.7940409398617287,0.02447140409645937,0.047365642372227075,0.8238858658030122,0.04191936796430767,0.0793938574047374,0.8381229199085798,0.09688879424289482,0.1720436345983709,0.009664489816140227,
B_argmax_matchE75,16,0.25,15.692307692307692,71029.17948717948,718.1538461538462,718.1538461538462,54121.41025641026,0.21415918847008045,2.15730943075576,1.1857343096129203,0.806076549760646,0.054010217146897736,0.10073274625944423,0.8378610751716972,0.07636244617781521,0.1389941709066012,0.8580840810724205,0.1420219789521449,0.24137028398950003,0.0243105503751097,
B_argmax_matchE75,16,0.5,15.692307692307692,71029.17948717948,1436.871794871795,1436.871794871795,54121.41025641026,0.2066230218418395,1.8818261957766533,1.0442246088092464,0.7902996684438032,0.09887304681599228,0.17438221100916612,0.836058267582035,0.13249979462384567,0.2267106977683863,0.8672867813758779,0.22051383000701086,0.347436926451849,0.04620717365086793,
B_argmax_matchE75,16,1.0,15.692307692307692,71029.17948717948,2874.358974358974,2874.358974358974,54121.41025641026,0.21431671364098312,1.5147679674186634,0.8645423405298234,0.7317044105630556,0.1707539455535715,0.2736304386031249,0.8141692434373393,0.22969393869175406,0.353054458362962,0.8728642011456157,0.34381078063080434,0.48403924152803113,0.07938195528091638,
C_grid,-1,0.005,23.666666666666668,719213.282051282,3595.641025641026,3595.641025641026,59403.743589743586,0.2324076844953516,1.773694176610285,1.0030509305528184,0.6360642250360307,0.12355052241079445,0.20306028784516428,0.8294345493022601,0.1508891918722753,0.2521825246136357,0.8674341763803068,0.2294361842326702,0.3587455073865205,0.06872857347510417,0.10367506524099153
C_grid,-1,0.01,23.666666666666668,719213.282051282,7191.692307692308,7191.692307692308,59403.743589743586,0.24667592052101592,1.458539222509993,0.8526075715155045,0.519506243077585,0.19404586628501694,0.2752834081506346,0.7943480256284091,0.2331961750048629,0.35487404843879544,0.8678399666657839,0.3310456977146043,0.4740564203615379,0.09798847254233657,0.10367506524099153
C_grid,-1,0.02,23.666666666666668,719213.282051282,14383.76923076923,14383.76923076923,59403.743589743586,0.26553978248273746,1.120652835365135,0.6930963089239364,0.41584696375829583,0.2960397339148185,0.33640856660508955,0.7124291842342763,0.3443493179548505,0.4566146591238939,0.8661408940502658,0.4522456572179783,0.5902502104172381,0.12378312957674782,0.10367506524099153
C_grid,-1,0.05,23.666666666666668,719213.282051282,35960.333333333336,35960.333333333336,59403.743589743586,0.34285038353105435,0.6656887598547836,0.504269571692919,0.2859134351729094,0.45995676164317106,0.3442605601586775,0.5351999501569571,0.5139502545600608,0.5144745402225086,0.8132479206836551,0.6239204375178182,0.7009206111900597,0.12635425523060423,0.10367506524099153
C_grid,-1,0.1,23.666666666666668,719213.282051282,71921.02564102564,71921.02564102564,59403.743589743586,0.4902349256016092,0.42861246104634076,0.4594236933239749,0.20132778659515313,0.5954732546241012,0.2954278096223106,0.39717606685323925,0.6487679412700429,0.48423742845429185,0.7074787874898164,0.7534871483798791,0.725131687880154,0.1034941516483109,0.10367506524099153
C_grid,-1,0.25,23.666666666666668,719213.282051282,179803.15384615384,179803.15384615384,59403.743589743586,0.7732718289140543,0.21901241809962985,0.4961421235068421,0.12410973116256045,0.8061410692424826,0.21286747604813586,0.25689920336311417,0.8375197111032301,0.3877442831138046,0.5459677073189365,0.892511692854985,0.6703288542097753,0.06943921312783366,0.10367506524099153
C_grid,-1,0.5,23.666666666666668,719213.282051282,359606.58974358975,359606.58974358975,59403.743589743586,1.1349582117017476,0.10098485071619717,0.6179715312089724,0.07725040169690926,0.9308322047325966,0.14177056273685443,0.1634108702374814,0.9422394403067463,0.27570116881908363,0.3918572658819483,0.961978219864122,0.5496020508782037,0.043843273956729885,0.10367506524099153
C_grid,-1,1.0,23.666666666666668,719213.282051282,719213.282051282,719213.282051282,59403.743589743586,1.703203892084967,0.06161857206773077,0.882411232076349,0.04264468253381757,0.9866548291458017,0.08149483553211043,0.09146131393294599,0.9875554221406964,0.16649083106853582,0.23195652788578222,0.9897641240468081,0.37209752670948115,0.02410599287362315,0.10367506524099153
C_grid,1,0.005,1.0,388089.58974358975,1940.025641025641,1940.025641025641,14955.076923076924,0.2254014971195206,1.1041882929514586,0.6647948950354896,0.6404203146252794,0.21029848448754598,0.31034074695309793,0.8033603304250149,0.27321770555296643,0.401727249339138,0.8664516817692677,0.42092368589592777,0.5596284537636493,0.07386768821570971,0.1
C_grid,1,0.01,1.0,388089.58974358975,3880.4102564102564,3880.4102564102564,14955.076923076924,0.23362086202982185,0.908737480094941,0.5711791710623816,0.5384331035412077,0.3038248466489429,0.37875714509764163,0.7774583703054037,0.38175919701714134,0.5049825439229398,0.8731974223531555,0.5353140352433841,0.658161271323093,0.1031377347530185,0.1
C_grid,1,0.02,1.0,388089.58974358975,7761.358974358975,7761.358974358975,14955.076923076924,0.25446162202051803,0.701881914512226,0.478171768266372,0.4358895631817806,0.4193896655195367,0.41617008735083116,0.7141773554036532,0.5004923928103248,0.5790642273669194,0.86440305979292,0.6417404565543561,0.7308528244574989,0.12666496026200036,0.1
C_grid,1,0.05,1.0,388089.58974358975,19404.20512820513,19404.20512820513,14955.076923076924,0.33289574569698266,0.41479899152046545,0.37384736860872403,0.29832228586057,0.5649743437277721,0.3811071131422935,0.5590546887758544,0.6436358997917184,0.5892736696262107,0.7961605801908174,0.7665963777980305,0.776329877599056,0.11918292575763413,0.1
C_grid,1,0.1,1.0,388089.58974358975,38808.743589743586,38808.743589743586,14955.076923076924,0.43767584072923127,0.2920082777061124,0.36484205921767177,0.2061825888317359,0.6575193776645603,0.3077418333597551,0.428755680621568,0.7283699075292207,0.5314764552715517,0.717944805280615,0.838066083513153,0.7684693192419805,0.09086559458004985,0.1
C_grid,1,0.25,1.0,388089.58974358975,97022.23076923077,97022.23076923077,14955.076923076924,0.6816287393289279,0.20113947543268176,0.4413841073808048,0.11885110854744972,0.7722804814589909,0.20314976608828583,0.2785184449086642,0.8236670681201205,0.4097553843255437,0.5745229378708986,0.9018807167467261,0.6952485977034788,0.05343477789161861,0.1
C_grid,1,0.5,1.0,388089.58974358975,194044.71794871794,194044.71794871794,14955.076923076924,0.8180602983660122,0.14165016351746365,0.479855230941738,0.07835653869218223,0.8778189159059254,0.14237719727911577,0.1961138620700949,0.9046419584228508,0.31759914858062266,0.48507918234497777,0.9388147187379553,0.6321539647478707,0.03483679730129734,0.1
C_grid,1,1.0,1.0,388089.58974358975,388089.58974358975,388089.58974358975,14955.076923076924,1.0534587181275628,0.09633627922118154,0.5748974986743721,0.047552698768321265,0.9598455750217173,0.09002848638422693,0.12282081198104966,0.9633690584812127,0.21560162716356152,0.3474593561134336,0.9699377423236561,0.5048777783474411,0.020828620961603588,0.1
C_grid,2,0.005,2.0,538081.358974359,2690.0,2690.0,24069.0,0.22575886151009728,1.0612191195432041,0.6434889905266507,0.6121945113247208,0.18999044402390416,0.2838742176323905,0.7897272039821033,0.25236445825652254,0.376513766801713,0.8634153742548785,0.4017675674013737,0.542377809736161,0.07147413087435157,0.10048145582847352
C_grid,2,0.01,2.0,538081.358974359,5380.384615384615,5380.384615384615,24069.0,0.23794991075233823,0.8362381455805493,0.5370940281664438,0.5349156345629831,0.2835764527708675,0.35989073184649495,0.7675394697284036,0.3612150538974597,0.4815021168335339,0.8651722929615039,0.5231647975018566,0.6441383686547326,0.10338521367729772,0.10048145582847352
C_grid,2,0.02,2.0,538081.358974359,10761.179487179486,10761.179487179486,24069.0,0.2600850465623316,0.6161008103776283,0.43809292846997994,0.44142731330330864,0.40134434783702144,0.40603276289401075,0.713401879851672,0.49034099862831027,0.5680875639494201,0.8590828835754846,0.6513787945252855,0.7338954323281516,0.12881000163629,0.10048145582847352
C_grid,2,0.05,2.0,538081.358974359,26903.82051282051,26903.82051282051,24069.0,0.3234705566590987,0.3599714284179767,0.3417209925385377,0.31402130365577224,0.5799956783488689,0.39550796253320025,0.578170386507792,0.6646607721154698,0.6053188427619766,0.8184806301354294,0.7957730386031331,0.8000678443413825,0.12950084269376344,0.10048145582847352
C_grid,2,0.1,2.0,538081.358974359,53807.846153846156,53807.846153846156,24069.0,0.4273631517901872,0.23512786991647588,0.33124551085333154,0.22220859680322486,0.7005212411804187,0.33018867410897673,0.44805286988190757,0.7730732681355743,0.5565316059267909,0.7468851536123632,0.8760785261044784,0.7988788440172956,0.10281970447890351,0.10048145582847352
C_grid,2,0.25,2.0,538081.358974359,134520.1794871795,134520.1794871795,24069.0,0.7163656050161514,0.145399451310158,0.43088252816315464,0.13091113221200737,0.8414084238277243,0.2232474199883569,0.29032445466630047,0.8845258151965908,0.42886298134951234,0.5925726988515189,0.9388276990779366,0.7156122393314072,0.06310634691344474,0.10048145582847352
C_grid,2,0.5,2.0,538081.358974359,269040.6153846154,269040.6153846154,24069.0,0.9430630686199336,0.09787661559885856,0.5204698421093961,0.08279254200002459,0.9348242473388638,0.15049529602219675,0.19370432907338908,0.9496009691185944,0.3164969861305281,0.46546695263089305,0.9685017539051214,0.6176048493686243,0.039631376732084014,0.10048145582847352
C_grid,2,1.0,2.0,538081.358974359,538081.358974359,538081.358974359,24069.0,1.295955743874828,0.07253788162519051,0.6842468127500091,0.046960501853813875,0.9813268441603694,0.08904660538829348,0.11324453098674155,0.9827134276658862,0.20087696839036343,0.30440929811257716,0.9854019725867548,0.457554184864896,0.022171843968410727,0.10048145582847352
C_grid,4,0.005,4.0,616937.0256410256,3084.3076923076924,3084.3076923076924,34478.53846153846,0.2228880963005637,1.3002309189044585,0.7615595076025111,0.6648826772794733,0.16968771519369064,0.26584288639701387,0.8342188490926719,0.2124858067907623,0.33520048954356396,0.8710835827498635,0.3279024451882079,0.47162099761663884,0.07659175442279736,0.1008361403169258
C_grid,4,0.01,4.0,616937.0256410256,6169.0,6169.0,34478.53846153846,0.24003164393894247,1.0422034485661706,0.6411175462525566,0.5589649861418378,0.25537634462879655,0.34231701094508227,0.8044140703080636,0.3124033685154808,0.4428302906198125,0.869870282008348,0.45139420579473977,0.5864600633537942,0.10975805681525258,0.1008361403169258
C_grid,4,0.02,4.0,616937.0256410256,12338.358974358975,12338.358974358975,34478.53846153846,0.2560787349136065,0.7683495196982982,0.5122141273059524,0.45056219495161526,0.3764669110264469,0.39865607944825193,0.7416382867190874,0.44706064808914275,0.5483837037044037,0.8676752657981515,0.5823399598915941,0.6914858212149123,0.1351288310500104,0.1008361403169258
C_grid,4,0.05,4.0,616937.0256410256,30846.5641025641,30846.5641025641,34478.53846153846,0.31550590835727477,0.444506342996302,0.3800061256767884,0.312002988470801,0.5595511412517717,0.39078064866708245,0.5794219553472245,0.6280689736985495,0.5917780759916039,0.8297998885135339,0.7448256987801535,0.7795540358208033,0.13461466913472775,0.1008361403169258
C_grid,4,0.1,4.0,616937.0256410256,61693.4358974359,61693.4358974359,34478.53846153846,0.4213967047562095,0.28323456911234235,0.3523156369342759,0.22014395560784422,0.688314402980887,0.3274493029077926,0.4398970908054024,0.7473179549291417,0.5442476188489963,0.7466953844487385,0.8424630235460453,0.7862652815868204,0.10788706848638746,0.1008361403169258
C_grid,4,0.25,4.0,616937.0256410256,154234.07692307694,154234.07692307694,34478.53846153846,0.6803348211687711,0.15137721975921664,0.4158560204639939,0.13218009918418167,0.8525332839413778,0.22621437342041673,0.2846478052681669,0.8854567121312311,0.4241642088172061,0.5897727891035892,0.9337748607843457,0.7143385249394749,0.06788825720631013,0.1008361403169258
C_grid,4,0.5,4.0,616937.0256410256,308468.46153846156,308468.46153846156,34478.53846153846,1.0015488762212807,0.09615362296483987,0.5488512495930602,0.08189547214249904,0.9401663829660535,0.14949486072954574,0.18385816679384467,0.9510067978141157,0.3044402219369143,0.44075683720210396,0.9687324975862137,0.5974123197942609,0.04188010922752416,0.1008361403169258
C_grid,4,1.0,4.0,616937.0256410256,616937.0256410256,616937.0256410256,34478.53846153846,1.4520575379873624,0.06818864847303559,0.760123093230199,0.04584984870262846,0.9837061688442211,0.08723397162868328,0.10569174546626514,0.9847360748288878,0.18954299594041055,0.2768800941380033,0.9875658525036412,0.4276800634023695,0.02305905042313067,0.1008361403169258
C_grid,8,0.005,8.0,670608.6666666666,3352.6923076923076,3352.6923076923076,44439.41025641026,0.22611831799014076,1.5400190967906,0.8830687073903704,0.6545370173737907,0.14260646850941272,0.23099432349531043,0.8338845840879384,0.17494286389199445,0.286890364407773,0.8707308704529644,0.26873664853286056,0.4074275225852742,0.07084062819190298,0.10143687426119581
C_grid,8,0.01,8.0,670608.6666666666,6705.692307692308,6705.692307692308,44439.41025641026,0.24078598510425378,1.2347335973853477,0.7377597912448007,0.5438371757953779,0.2216210753438412,0.30821892139549156,0.8014004151318529,0.26933626488197004,0.3978330351133037,0.8702046947061186,0.38746155374384533,0.5304614426977899,0.10211302393678702,0.10143687426119581
C_grid,8,0.02,8.0,670608.6666666666,13411.794871794871,13411.794871794871,44439.41025641026,0.25956317399284035,0.9310996600720697,0.5953314170324551,0.4374280539435456,0.3342682924624043,0.369604390785225,0.7300505810190429,0.39405210911575556,0.5040594131667749,0.8664836118216436,0.5168000960077702,0.6426955788049021,0.12960216253024576,0.10143687426119581
C_grid,8,0.05,8.0,670608.6666666666,33530.10256410256,33530.10256410256,44439.41025641026,0.32028377394330665,0.5406649273264246,0.4304743506348656,0.3015248134432499,0.5090699539255508,0.3699553557900197,0.5621435233046892,0.5701437891215922,0.5568828898966284,0.826547639441897,0.6866080568933857,0.7454324849758877,0.13062733201370497,0.10143687426119581
C_grid,8,0.1,8.0,670608.6666666666,67060.58974358975,67060.58974358975,44439.41025641026,0.44588360915530967,0.3447678956467429,0.39532575240102624,0.21459134741579178,0.6456440807847348,0.3162702654145091,0.42383734913596527,0.7016230501545461,0.5196600147993712,0.7351318678765933,0.8022515785089062,0.7621370954262584,0.10713880435080839,0.10143687426119581
C_grid,8,0.25,8.0,670608.6666666666,167651.97435897434,167651.97435897434,44439.41025641026,0.724616735163083,0.17754322533910605,0.4510799802510945,0.13070644083581576,0.8331451602457901,0.22345426939699686,0.274108985491015,0.8650075107862364,0.41033678225526543,0.57230864811658,0.9178702953737365,0.6969738803674885,0.06983006520452335,0.10143687426119581
C_grid,8,0.5,8.0,670608.6666666666,335304.28205128206,335304.28205128206,44439.41025641026,1.0427928890905536,0.09856669237082896,0.5706797907306912,0.08125998399823929,0.9375900026538339,0.14853380849448877,0.17629403475410532,0.9483596350832787,0.29419749317205973,0.4223922656733815,0.9657206834157014,0.5802343513944462,0.04359937228819442,0.10143687426119581
C_grid,8,1.0,8.0,670608.6666666666,670608.6666666666,670608.6666666666,44439.41025641026,1.521599876432839,0.06467110198763414,0.7931354892102365,0.04500509965100134,0.9860150197378499,0.08579374019239507,0.09970508447055096,0.9869429064577765,0.18017148203324845,0.2568230351769455,0.989895669155186,0.40434973530544316,0.02385180747828214,0.10143687426119581
C_grid,16,0.005,15.692307692307692,713427.4615384615,3566.6923076923076,3566.6923076923076,54121.41025641026,0.22754387321060313,1.7012958773540425,0.9644198752823229,0.628451264468172,0.1296896971260016,0.21112443976379205,0.8325091670026935,0.15773775297615727,0.2621020956902297,0.8708720315849721,0.24020792653504586,0.37232754868954804,0.07097641334884638,0.1024301735681871
C_grid,16,0.01,15.692307692307692,713427.4615384615,7133.794871794872,7133.794871794872,54121.41025641026,0.2452971277167861,1.3843861628771015,0.8148416452969438,0.5229553052128985,0.203763506026682,0.2856203676918824,0.795846060853191,0.24428848867856304,0.36804284788498787,0.8683824767773396,0.34724884106741566,0.4908384004947051,0.10092177356725185,0.1024301735681871
C_grid,16,0.02,15.692307692307692,713427.4615384615,14268.02564102564,14268.02564102564,54121.41025641026,0.2626377479938495,1.0581517568784085,0.6603947524361289,0.417337932883312,0.3076594067859246,0.34425106147138734,0.7150795100302403,0.35879117933255555,0.4700259752944942,0.8673105815234899,0.4720674187658132,0.6068479706814238,0.1258603415403106,0.1024301735681871
C_grid,16,0.05,15.692307692307692,713427.4615384615,35671.02564102564,35671.02564102564,54121.41025641026,0.33120584109220874,0.6215678386988093,0.476386839895509,0.2887867781720824,0.47682176697540185,0.3508651984140954,0.5424871473685372,0.5328403957107677,0.5275380818086213,0.8194457976369114,0.6447170683183063,0.7164612982781575,0.12785233100353616,0.1024301735681871
C_grid,16,0.1,15.692307692307692,713427.4615384615,71342.41025641025,71342.41025641025,54121.41025641026,0.4704433681764783,0.39908548072606936,0.4347644244512739,0.20369399422443774,0.6123343595191553,0.300077178696703,0.40366141470186423,0.666033861052109,0.49406442469522904,0.7163270298513822,0.770416356016729,0.737680906552691,0.1042534554711029,0.1024301735681871
C_grid,16,0.25,15.692307692307692,713427.4615384615,178356.64102564103,178356.64102564103,54121.41025641026,0.753721141588213,0.20068551804902743,0.4772033298186202,0.12537614009422002,0.8167855571005992,0.21507648576660116,0.26106550097495285,0.847539438606656,0.3935384533714306,0.5526240344704061,0.9022223941358875,0.6780184888136456,0.06913532685354046,0.1024301735681871
C_grid,16,0.5,15.692307692307692,713427.4615384615,356713.641025641,356713.641025641,54121.41025641026,1.1106225528975733,0.10292321655210192,0.6067728847248376,0.07784614766171422,0.9321471181790472,0.14277283009863626,0.1661024497768474,0.9433669436078742,0.27957723333800394,0.3993449257941012,0.9619505530609658,0.557145222924216,0.04327645948893282,0.1024301735681871
C_grid,16,1.0,15.692307692307692,713427.4615384615,713427.4615384615,713427.4615384615,54121.41025641026,1.6528072962322329,0.06310978477924435,0.8579585405057386,0.043271065096490695,0.9854189051681238,0.08263438236447045,0.0937930844033713,0.9862706407611602,0.17035046936811168,0.23924461773338598,0.9881360706371675,0.38152830227740214,0.023851570911689896,0.1024301735681871
C_on_B,-1,0.02,23.666666666666668,86082.33333333333,1721.1538461538462,1721.1538461538462,59403.743589743586,0.22829054559294845,2.1669592095932537,1.197624877593101,0.785541075470252,0.06832936423801404,0.12538710061190722,0.8392331510083947,0.08442673335714967,0.15305586800670465,0.8572011475627161,0.1393889462515917,0.23921646702192192,0.0416648036760572,
C_on_B,-1,0.05,23.666666666666668,86082.33333333333,4303.641025641025,4303.641025641025,59403.743589743586,0.24978646909726515,1.7284126327222555,0.9890995509097604,0.6807095281554906,0.12870830283325313,0.21538105784260367,0.8024170787112213,0.15509854042889604,0.2592888887681318,0.8461505799336728,0.23502932824976228,0.3667737773506704,0.07707306202429222,
C_on_B,-1,0.1,23.666666666666668,86082.33333333333,8607.794871794871,8607.794871794871,59403.743589743586,0.26873367408905896,1.3727233482725272,0.8207285111807932,0.5759475792851675,0.2092016118673715,0.30466531915641565,0.757671586246016,0.25015969105963554,0.3747580626078403,0.8422429310717252,0.354241894522474,0.49671404067053915,0.11220650392471981,
C_on_B,-1,0.25,23.666666666666668,86082.33333333333,21520.17948717949,21520.17948717949,59403.743589743586,0.294573557664264,0.9215977592299606,0.6080856584471123,0.4177938637263973,0.3631831539549388,0.38477614710758035,0.6344611583246981,0.4188633674555168,0.5021246831046909,0.8438597607099094,0.5286804212181138,0.6477728194544817,0.14267728762085777,
C_on_B,-1,0.5,23.666666666666668,86082.33333333333,43040.8717948718,43040.8717948718,59403.743589743586,0.39586480724475065,0.5476511731383008,0.47175799019152576,0.2939040016195761,0.4951796142948676,0.365497161143469,0.4856724262461808,0.5632903468681444,0.5182494937921629,0.7680093629344011,0.6819458053222993,0.7197237038454336,0.12945031510203217,
C_on_B,-1,1.0,23.666666666666668,86082.33333333333,86082.33333333333,86082.33333333333,59403.743589743586,0.6009416625386482,0.19979096969152216,0.40036631611508516,0.1946293424770059,0.6767677088689249,0.300365426457453,0.34161706377666395,0.8054769379959713,0.47679676632875767,0.6198107685191646,0.9098292356871375,0.7336573570315228,0.09849497129999107,
C_on_B,1,0.02,1.0,9964.435897435897,198.89743589743588,198.89743589743588,14955.076923076924,0.26400026951111155,1.7295088910624685,0.99675458028679,0.7429603387940736,0.05140708044410423,0.09586805441704979,0.7650903355282174,0.07982276692252406,0.14389784027294475,0.8001408728877312,0.16245499542616718,0.26816605212359795,0.01367570172980584,
C_on_B,1,0.05,1.0,9964.435897435897,497.79487179487177,497.79487179487177,14955.076923076924,0.2555794498613969,1.4990948056873985,0.8773371277743979,0.7484314975556968,0.10278769857774996,0.17966522722863618,0.7758212895115394,0.1397985089743729,0.23530915769694735,0.8193920331287214,0.24158029098062664,0.370112756029693,0.03177206596225851,
C_on_B,1,0.1,1.0,9964.435897435897,996.025641025641,996.025641025641,14955.076923076924,0.24121620190461845,1.2047891390100427,0.7230026704573306,0.7294395370298802,0.17521496403361786,0.2803137816609369,0.7802236314298592,0.22929007350769728,0.35179215288254145,0.8440015036021402,0.36797062376139217,0.5085447134541022,0.05815617620382694,
C_on_B,1,0.25,1.0,9964.435897435897,2490.7179487179487,2490.7179487179487,14955.076923076924,0.2421775467899033,0.8793045200828422,0.5607410334363728,0.6226292442859079,0.30106032164008506,0.4024020051492642,0.7399532137747697,0.3912314988215854,0.5087289105480319,0.8582737222276828,0.5544581008367042,0.6701445186575766,0.10289545884757197,
C_on_B,1,0.5,1.0,9964.435897435897,4981.974358974359,4981.974358974359,14955.076923076924,0.2833296163194913,0.5999925466510708,0.4416610814852811,0.48661385198178564,0.4008421516340353,0.4361362014567317,0.644479599141225,0.5217358575464913,0.573742435549542,0.8285495210277264,0.688122015956963,0.7489788334906944,0.12324492891395433,
C_on_B,1,1.0,1.0,9964.435897435897,9964.435897435897,9964.435897435897,14955.076923076924,0.439357139178168,0.3281285892068063,0.38374286419248715,0.31534308003631767,0.46521599056128704,0.3735614901577273,0.47438394859999206,0.625502780563423,0.5373776716154178,0.7165704155533364,0.8232824628898626,0.7638797012256493,0.10839112613852474,
C_on_B,2,0.02,2.0,17339.384615384617,346.3333333333333,346.3333333333333,24069.0,0.22245699115563164,1.7628287223408619,0.9926428567482466,0.7236894864001194,0.048577915585264975,0.09074260812685468,0.8069791804988332,0.08063791121020913,0.1458300131559385,0.852806204177349,0.16920693205982482,0.27955585327654503,0.01586428993886132,
C_on_B,2,0.05,2.0,17339.384615384617,866.4615384615385,866.4615384615385,24069.0,0.22875171566205887,1.3800359650401655,0.8043938403511123,0.7123819476419663,0.0990816944171706,0.172923277094526,0.7930172179921262,0.1441511961841964,0.24242294116020724,0.8479722397486648,0.2597398729608476,0.3949674057091139,0.0352257511180424,
C_on_B,2,0.1,2.0,17339.384615384617,1733.4871794871794,1733.4871794871794,24069.0,0.23212357860662108,1.1216385409101346,0.6768810597583779,0.6841143463445573,0.16647013863153234,0.26556947582953994,0.7813624318699326,0.2264546208170578,0.34865989667953,0.8503540431231597,0.36809879206014434,0.5107701668248951,0.06251234762205995,
C_on_B,2,0.25,2.0,17339.384615384617,4334.410256410257,4334.410256410257,24069.0,0.24401354598783448,0.7514257989246274,0.4977196724562309,0.5976971594685924,0.30851576577447953,0.4031418261735016,0.7468773661547538,0.400996210565643,0.5178498925130716,0.855881641062729,0.5713828444764645,0.6821224683995404,0.115325914518245,
C_on_B,2,0.5,2.0,17339.384615384617,8669.435897435897,8669.435897435897,24069.0,0.28350043924608287,0.46548189104800103,0.37449116514704195,0.46907370288626093,0.4352024817878753,0.44779096342915564,0.650849895797869,0.56913458563333,0.6035366393740482,0.8359266245892747,0.7429059957072288,0.7836697138544205,0.13858700578748026,
C_on_B,2,1.0,2.0,17339.384615384617,17339.384615384617,17339.384615384617,24069.0,0.4727591780892365,0.24079664340336057,0.35677791074629855,0.3035560651830384,0.5182504543712154,0.3804801413787449,0.4688993690586221,0.704741453763584,0.5603216057723763,0.7149194335284492,0.89356361302902,0.7907737019056963,0.11741047190969751,
C_on_B,4,0.02,4.0,31117.94871794872,621.8461538461538,621.8461538461538,34478.53846153846,0.21534714246129205,1.8976889914387993,1.0565180669500458,0.8176166205319648,0.057364518511462424,0.10692754513798754,0.8546436188405618,0.0800165174531144,0.14576422292608607,0.8648784068235792,0.14739667647108737,0.25049802599175025,0.02433748373783215,
C_on_B,4,0.05,4.0,31117.94871794872,1555.4358974358975,1555.4358974358975,34478.53846153846,0.23528962908265477,1.535569768449075,0.8854296987658649,0.7754331861485018,0.11365956254798046,0.19748220400805938,0.828114731206693,0.1457724216885999,0.24684709034716895,0.8497935335746052,0.23949445646065534,0.37202680298941493,0.05125384317421868,
C_on_B,4,0.1,4.0,31117.94871794872,3111.3333333333335,3111.3333333333335,34478.53846153846,0.24392992414141745,1.2369342125664593,0.7404320683539384,0.7144459684185304,0.1886885091528404,0.2972793784770151,0.8052025061010313,0.2328325395944577,0.359541188230776,0.8486817621380299,0.3509490572477657,0.49358813278052766,0.08610453280759384,
C_on_B,4,0.25,4.0,31117.94871794872,7779.076923076923,7779.076923076923,34478.53846153846,0.26140923293035634,0.7964060686367951,0.5289076507835757,0.5705119619431721,0.34458719247749303,0.42731183332220807,0.7365944017614654,0.42469787294377864,0.5358460216338027,0.8503949278585647,0.5714317804327422,0.6797393088616906,0.1387107867182572,
C_on_B,4,0.5,4.0,31117.94871794872,15558.666666666666,15558.666666666666,34478.53846153846,0.299141756894004,0.47526855701862813,0.3872051569563161,0.42627363430683385,0.49129258424118116,0.45401377719891645,0.6175380600467423,0.5959585549553523,0.6036742609211229,0.8284292483261836,0.7324659680055414,0.7743858547186563,0.15174846347307283,
C_on_B,4,1.0,4.0,31117.94871794872,31117.94871794872,31117.94871794872,34478.53846153846,0.49730122710770774,0.20816417235644508,0.35273269973207644,0.27285558215009875,0.6029508990896562,0.37418513859024227,0.4347366725930817,0.7715836980428241,0.5537699350403609,0.6919646345892984,0.9126546136094572,0.7840215061448101,0.12041609460048382,
C_on_B,8,0.02,8.0,49024.89743589744,980.0,980.0,44439.41025641026,0.2186395269087118,2.043290582804197,1.1309650548564545,0.8171417267745809,0.06248002626902313,0.11583408950777521,0.8526843331235929,0.08064900964711692,0.14699622211325908,0.8627296790806702,0.13910044638500318,0.238936654060316,0.03077227369451348,
C_on_B,8,0.05,8.0,49024.89743589744,2450.74358974359,2450.74358974359,44439.41025641026,0.24069744887554692,1.6479192688620292,0.9443083588687881,0.7490107710656912,0.11999206733814663,0.20626115362610642,0.8206620927062767,0.14765221609917317,0.24965962043955905,0.849538671837725,0.23269404045711,0.3644125782013239,0.0632285513986935,
C_on_B,8,0.1,8.0,49024.89743589744,4902.025641025641,4902.025641025641,44439.41025641026,0.25431739703286654,1.30731616465014,0.7808167808415032,0.6588176228977997,0.19533214877247201,0.30011160703536915,0.7858062741112825,0.23640917308781545,0.3622286654953099,0.8468034748229124,0.3490564517553724,0.4919227112822898,0.09865095125087517,
C_on_B,8,0.25,8.0,49024.89743589744,12255.846153846154,12255.846153846154,44439.41025641026,0.2730558651327987,0.8553939619121536,0.5642249135224762,0.5026022095749474,0.35221527565586247,0.411792722803305,0.6974431893625926,0.4207163511892178,0.5221959762921986,0.8488383116883644,0.550697646263696,0.6644214222916351,0.1436175936604743,
C_on_B,8,0.5,8.0,49024.89743589744,24512.23076923077,24512.23076923077,44439.41025641026,0.32457187019373096,0.5158809381167548,0.4202264041552429,0.36679802923529753,0.49596998961131095,0.4192649056186655,0.5649061007176254,0.5770761525204525,0.5680392429635992,0.813715822222194,0.7049911031337011,0.7525523134707282,0.14544303385888485,
C_on_B,8,1.0,8.0,49024.89743589744,49024.89743589744,49024.89743589744,44439.41025641026,0.5287006884701695,0.20206868311683568,0.36538468579350253,0.23856591468584618,0.642289964854116,0.34640915353153046,0.39719203418532023,0.7930003838405288,0.5267492334879249,0.668851789400168,0.9122893604909026,0.7685774740119319,0.1128255890960405,
C_on_B,16,0.02,15.692307692307692,71029.17948717948,1420.1025641025642,1420.1025641025642,54121.41025641026,0.22270717538344287,2.1279099729087543,1.1753085741460985,0.8042881282194594,0.06712562685200554,0.12366242760648696,0.8450027587643777,0.08355145848627037,0.1517538010448456,0.8599142863433786,0.1393709644548277,0.2393272170676484,0.038259046466389376,
C_on_B,16,0.05,15.692307692307692,71029.17948717948,3550.974358974359,3550.974358974359,54121.41025641026,0.24784539365660152,1.7062320558658797,0.9770387247612405,0.709212300026485,0.12672798564942625,0.21431563907809142,0.8099957624444923,0.15269319149537422,0.25633219867338464,0.8477396869738311,0.2327438326515133,0.36418226237092927,0.07354087986564461,
C_on_B,16,0.1,15.692307692307692,71029.17948717948,7102.461538461538,7102.461538461538,54121.41025641026,0.2628646458227193,1.347321181821881,0.8050929138223002,0.6070332435017028,0.20594576244789253,0.30616681329603046,0.7706188543427399,0.24742726335800902,0.37341501221264256,0.8447989576840162,0.3539995682109547,0.49671278714254513,0.10993987553393496,
C_on_B,16,0.25,15.692307692307692,71029.17948717948,17756.871794871793,17756.871794871793,54121.41025641026,0.2848165804963463,0.8969226362459227,0.5908696083711344,0.4416388236675138,0.3604357661909776,0.39450094611735487,0.6549118285848287,0.42049171863307155,0.5102274529640424,0.8474760708578563,0.5371264602991422,0.6548830997964186,0.14402852063707344,
C_on_B,16,0.5,15.692307692307692,71029.17948717948,35514.35897435898,35514.35897435898,54121.41025641026,0.3657533097749957,0.537868355532869,0.4518108326539324,0.3148254329910201,0.4970705676609234,0.3831728029014284,0.5106781926691782,0.5691348270918655,0.5357066862810619,0.784641137115833,0.6890048080531286,0.7311288487142351,0.13495963198413335,
C_on_B,16,1.0,15.692307692307692,71029.17948717948,71029.17948717948,71029.17948717948,54121.41025641026,0.5745720879716761,0.20021435147784103,0.3873932197247586,0.20763145775976674,0.6704985549015038,0.31568127972758625,0.3591904436406351,0.8057745585817252,0.4943824346149445,0.6356604023285342,0.9116759912232277,0.745986742143751,0.10334036390241767,
D_conf_sum,-1,0.02,23.666666666666668,86082.33333333333,1721.1538461538462,1721.1538461538462,59403.743589743586,0.23391251645031966,1.9102948163505984,1.072103666400459,0.7653850468591945,0.09866236104706598,0.17399309359310366,0.812544610427498,0.12748730433192504,0.2195958843500623,0.8476050714729112,0.2077401996951609,0.33195711369816927,0.04929590375017564,
D_conf_sum,-1,0.05,23.666666666666668,86082.33333333333,4303.641025641025,4303.641025641025,59403.743589743586,0.22479176472788814,1.441405767067097,0.8330987658974925,0.684606695742744,0.19190829973846207,0.29791621749185815,0.7848637791967139,0.24779059543709117,0.3744634336001334,0.867528504094916,0.3587401155564138,0.5033389644768423,0.097097757232913,
D_conf_sum,-1,0.1,23.666666666666668,86082.33333333333,8607.794871794871,8607.794871794871,59403.743589743586,0.23299865872191297,1.1157257912313225,0.6743622249766178,0.5706004380942538,0.28439827412108837,0.3767577108520527,0.7263172774496831,0.36585179085993996,0.4834172265783162,0.8735096610402775,0.48352544339507847,0.6186444773499412,0.13110953716448698,
D_conf_sum,-1,0.25,23.666666666666668,86082.33333333333,21520.17948717949,21520.17948717949,59403.743589743586,0.29122056184263834,0.6248981305729441,0.45805934620779115,0.40493902763906436,0.4263624840084619,0.4124912073294213,0.5928785343520897,0.5237132951506659,0.5535055923004956,0.8281153924383201,0.658838557779022,0.731227671578332,0.1475418102438358,
D_conf_sum,-1,0.5,23.666666666666668,86082.33333333333,43040.8717948718,43040.8717948718,59403.743589743586,0.3840545425446523,0.35288695026642997,0.3684707464055411,0.28835447160051864,0.5406835443969115,0.3731740427518994,0.46779559136284815,0.6595900624636539,0.5438611063825379,0.7481139703127263,0.8039778191805823,0.7718142441956183,0.1290686571165209,
D_conf_sum,-1,1.0,23.666666666666668,86082.33333333333,86082.33333333333,86082.33333333333,59403.743589743586,0.6009416625386482,0.19979096969152216,0.40036631611508516,0.1946293424770059,0.6767677088689249,0.300365426457453,0.34161706377666395,0.8054769379959713,0.47679676632875767,0.6198107685191646,0.9098292356871375,0.7336573570315228,0.09849497129999107,
D_conf_sum,1,0.02,1.0,9964.435897435897,198.89743589743588,198.89743589743588,14955.076923076924,0.23661327192977913,1.7808033979278945,1.0087083349288368,0.7383000660199627,0.04530914776571078,0.08518750128081026,0.7751730858168445,0.0710256240814197,0.1297030135193409,0.8280557353396792,0.16142788387626517,0.268153670231416,0.013055225683956718,
D_conf_sum,1,0.05,1.0,9964.435897435897,497.79487179487177,497.79487179487177,14955.076923076924,0.22292862789496845,1.4753782182082271,0.8491534230515978,0.7312495596443052,0.10862483036655798,0.18829588561084784,0.7927490733028291,0.15931112704414485,0.26387301312587386,0.8541384957559478,0.284521316299449,0.42361713278398,0.031081315385970115,
D_conf_sum,1,0.1,1.0,9964.435897435897,996.025641025641,996.025641025641,14955.076923076924,0.22113053949955827,1.1788839693680804,0.7000072544338193,0.694977123200411,0.19194275969256294,0.29884192601743453,0.7844721669804969,0.266013914925913,0.3947466735197408,0.8673849721185377,0.4148196080011593,0.557448691757707,0.05638821570915454,
D_conf_sum,1,0.25,1.0,9964.435897435897,2490.7179487179487,2490.7179487179487,14955.076923076924,0.23224341974575177,0.7478852467574636,0.4900643332516077,0.5974075584375681,0.3252785169746794,0.41863249160892396,0.7266330366344994,0.4505872093018536,0.5535424188561142,0.8677134312973374,0.6326289658222619,0.7283251429907086,0.1014029691960608,
D_conf_sum,1,0.5,1.0,9964.435897435897,4981.974358974359,4981.974358974359,14955.076923076924,0.2852073716779526,0.4861799380142669,0.38569365484610973,0.472812528906895,0.41234508583466795,0.437942687937158,0.6312531236576552,0.5639636393328749,0.593538554357448,0.8256169488226778,0.7497816515959216,0.7832658170222196,0.12149304277947624,
D_conf_sum,1,1.0,1.0,9964.435897435897,9964.435897435897,9964.435897435897,14955.076923076924,0.439357139178168,0.3281285892068063,0.38374286419248715,0.31534308003631767,0.46521599056128704,0.3735614901577273,0.47438394859999206,0.625502780563423,0.5373776716154178,0.7165704155533364,0.8232824628898626,0.7638797012256493,0.10839112613852474,
D_conf_sum,2,0.02,2.0,17339.384615384617,346.3333333333333,346.3333333333333,24069.0,0.18372126173529127,1.549020415325463,0.8663708385303772,0.7190115131676319,0.04919047817607705,0.09185614958620936,0.8150976614867976,0.08548119180341247,0.1543454826412834,0.8839373254378524,0.19576051301949632,0.3194595822507512,0.015368139186397203,
D_conf_sum,2,0.05,2.0,17339.384615384617,866.4615384615385,866.4615384615385,24069.0,0.18874079218654408,1.2756098327957672,0.7321753124911556,0.7020304867341468,0.11381259863147197,0.1950110896776333,0.8091054651809069,0.17776082106733432,0.2902414777316598,0.8850363506093114,0.32521629490132536,0.4735491019010043,0.036490478228558575,
D_conf_sum,2,0.1,2.0,17339.384615384617,1733.4871794871794,1733.4871794871794,24069.0,0.19912983062470183,1.0012829931909657,0.6002064119078337,0.6732782318478631,0.20485927566295012,0.3121132912957151,0.7910606451869545,0.2948825582893965,0.4272248476423262,0.883061612853231,0.4630035004457399,0.6051276542732865,0.06668027604902531,
D_conf_sum,2,0.25,2.0,17339.384615384617,4334.410256410257,4334.410256410257,24069.0,0.22924268225771877,0.5920910420178682,0.4106668621377935,0.5800619926910676,0.3517751533289483,0.435103198567258,0.7287808032715574,0.497183425852396,0.5878521072809273,0.8686355834044468,0.6930403256994057,0.7681390913386036,0.11840759003354155,
D_conf_sum,2,0.5,2.0,17339.384615384617,8669.435897435897,8669.435897435897,24069.0,0.28890245125741587,0.3685436980121372,0.32872307463477657,0.45374255812254016,0.4482767988572554,0.44810442161144093,0.626720829580835,0.6179748993008923,0.6195196401164229,0.8264234213574662,0.8091806535892082,0.8151972392855398,0.13603632966367327,
D_conf_sum,2,1.0,2.0,17339.384615384617,17339.384615384617,17339.384615384617,24069.0,0.4727591780892365,0.24079664340336057,0.35677791074629855,0.3035560651830384,0.5182504543712154,0.3804801413787449,0.4688993690586221,0.704741453763584,0.5603216057723763,0.7149194335284492,0.89356361302902,0.7907737019056963,0.11741047190969751,
D_conf_sum,4,0.02,4.0,31117.94871794872,621.8461538461538,621.8461538461538,34478.53846153846,0.21475601876420627,1.6561492113774312,0.9354526150708187,0.771850989380955,0.0692562888773611,0.12682173561411356,0.824107640156357,0.10696670705231213,0.18887555047785648,0.8603469579489254,0.21258847260598615,0.3391286727861848,0.02444219426810227,
D_conf_sum,4,0.05,4.0,31117.94871794872,1555.4358974358975,1555.4358974358975,34478.53846153846,0.21226125753328434,1.336822032008346,0.7745416447708151,0.7533125483115197,0.15310798509187457,0.2534910870383429,0.8186667343303056,0.2106606001310984,0.3336784576058594,0.8672330810933966,0.3435163613055871,0.4887296684954012,0.05718765656119869,
D_conf_sum,4,0.1,4.0,31117.94871794872,3111.3333333333335,3111.3333333333335,34478.53846153846,0.22021938753472214,1.0217979654486502,0.6210086764916862,0.6953566792833141,0.2538971528819736,0.37007329272712236,0.7905574467434432,0.3402579132081136,0.4731181454840309,0.8689630723530575,0.4935435068764819,0.6253694923767763,0.09700562208301487,
D_conf_sum,4,0.25,4.0,31117.94871794872,7779.076923076923,7779.076923076923,34478.53846153846,0.25082502883455565,0.5947852156307376,0.42280512223264666,0.5441885792008749,0.4088578370750203,0.46460620723719476,0.6965722901111497,0.5500522707652122,0.611635242875844,0.8555793936108518,0.7073870172616475,0.770872604594225,0.1432170412660873,
D_conf_sum,4,0.5,4.0,31117.94871794872,15558.666666666666,15558.666666666666,34478.53846153846,0.30973491221099936,0.3358227372478479,0.32277882472942365,0.40944427239072934,0.5165369906244839,0.4549258915395322,0.5851518631597771,0.6679438103771856,0.621640757779188,0.8081024675827886,0.8211672136833355,0.8119192000790946,0.1485220016945649,
D_conf_sum,4,1.0,4.0,31117.94871794872,31117.94871794872,31117.94871794872,34478.53846153846,0.49730122710770774,0.20816417235644508,0.35273269973207644,0.27285558215009875,0.6029508990896562,0.37418513859024227,0.4347366725930817,0.7715836980428241,0.5537699350403609,0.6919646345892984,0.9126546136094572,0.7840215061448101,0.12041609460048382,
D_conf_sum,8,0.02,8.0,49024.89743589744,980.0,980.0,44439.41025641026,0.2205892354829175,1.8125600982339738,1.0165746668584457,0.7768766556851526,0.08024327319159348,0.14513335667800883,0.8220403699517831,0.11137714363256855,0.19565505984933265,0.8547897393107048,0.19964547377358738,0.3221526540604696,0.03370692726743355,
D_conf_sum,8,0.05,8.0,49024.89743589744,2450.74358974359,2450.74358974359,44439.41025641026,0.22872722299509826,1.4012032339261211,0.8149652284606097,0.7300711560450903,0.17089574529304372,0.27574778112923826,0.8031094813870598,0.22575275198789582,0.3507930253243089,0.8582409966349701,0.34627188369672557,0.48957737861818973,0.0745982441727158,
D_conf_sum,8,0.1,8.0,49024.89743589744,4902.025641025641,4902.025641025641,44439.41025641026,0.22784030351358003,1.0601472557947456,0.6439937796541627,0.6478477290918854,0.2702714916508442,0.3795006857047203,0.7656853698791963,0.35517699673398884,0.48243863698266115,0.8696879195328356,0.4951075230517924,0.6266476831485746,0.11507420395751783,
D_conf_sum,8,0.25,8.0,49024.89743589744,12255.846153846154,12255.846153846154,44439.41025641026,0.2625399621463263,0.6247153923487023,0.44362767724751434,0.48112132069262703,0.42275516754568315,0.4477906064668817,0.6542126490660937,0.5452714185616642,0.5916359830527029,0.8503760764000421,0.6843507942655298,0.7550190515649412,0.1483676825728245,
D_conf_sum,8,0.5,8.0,49024.89743589744,24512.23076923077,24512.23076923077,44439.41025641026,0.3301736172622651,0.3370819254554184,0.3336277713588417,0.3555872834782835,0.5337675308298677,0.42491552628785784,0.5376755958775484,0.6674383542536292,0.5930506076758009,0.7918434655210924,0.8145416902116771,0.7999375246594089,0.143401698000323,
D_conf_sum,8,1.0,8.0,49024.89743589744,49024.89743589744,49024.89743589744,44439.41025641026,0.5287006884701694,0.20206868311683568,0.36538468579350253,0.23856591468584618,0.642289964854116,0.34640915353153046,0.39719203418532023,0.7930003838405288,0.5267492334879249,0.668851789400168,0.9122893604909026,0.7685774740119319,0.1128255890960405,
D_conf_sum,16,0.02,15.692307692307692,71029.17948717948,1420.1025641025642,1420.1025641025642,54121.41025641026,0.22862879233994285,1.885659844394492,1.0571443183672176,0.774512256452064,0.09336344806952325,0.1662210767917387,0.8184351555322392,0.12223201002323804,0.2121999225034656,0.8508436941613616,0.20391308238653127,0.3276533694159337,0.04427905014792267,
D_conf_sum,16,0.05,15.692307692307692,71029.17948717948,3550.974358974359,3550.974358974359,54121.41025641026,0.2275783502874033,1.4341379277770914,0.8308581390322474,0.7019042883314975,0.18761199120805994,0.29481664772605803,0.7912141433580525,0.24212992788935828,0.3691237532239257,0.8641873529807691,0.3521966913060969,0.4970611007655798,0.09042009707152267,
D_conf_sum,16,0.1,15.692307692307692,71029.17948717948,7102.461538461538,7102.461538461538,54121.41025641026,0.23086479929158918,1.0887089424918772,0.6597868708917332,0.5965501865091806,0.28226677214046536,0.38135702250422193,0.7398362743949597,0.3656238098696928,0.48668048631092603,0.8732066503280521,0.4918080907691153,0.6244232078984526,0.1273715523300763,
D_conf_sum,16,0.25,15.692307692307692,71029.17948717948,17756.871794871793,17756.871794871793,54121.41025641026,0.2809845965335182,0.6174761220408543,0.4492303592871863,0.428113395602015,0.42737671016665185,0.42578656071757975,0.6119141315732255,0.5335681746527172,0.5675006764146655,0.8359744021054516,0.668109895439149,0.7400315877628199,0.1489487589865161,
D_conf_sum,16,0.5,15.692307692307692,71029.17948717948,35514.35897435898,35514.35897435898,54121.41025641026,0.36416703642284787,0.34341682974765814,0.35379193308525303,0.3078178156430244,0.5411784749452184,0.39045923181707387,0.48908315143801967,0.6642180278172851,0.5604571486039487,0.7625649263051208,0.8092887263442133,0.7822391283897986,0.13401558388211623,
D_conf_sum,16,1.0,15.692307692307692,71029.17948717948,71029.17948717948,71029.17948717948,54121.41025641026,0.5745720879716761,0.20021435147784103,0.3873932197247586,0.20763145775976674,0.6704985549015038,0.31568127972758625,0.3591904436406351,0.8057745585817252,0.4943824346149445,0.6356604023285342,0.9116759912232277,0.745986742143751,0.10334036390241767,
E_conf_filter50,-1,0.02,23.666666666666668,7788.51282051282,155.23076923076923,155.23076923076923,59403.743589743586,0.2675415226356956,2.5331567474025967,1.4003491350191462,0.7672373508856098,0.01325833578175987,0.026045333925243483,0.801427183546882,0.02667379663443975,0.05151345992050635,0.8151258652741672,0.07212803814802446,0.13170511445491487,0.004798304439862283,
E_conf_filter50,-1,0.05,23.666666666666668,7788.51282051282,389.0,389.0,59403.743589743586,0.23515753677271894,2.40129526529017,1.3182264010314446,0.79711817504519,0.028403837774455012,0.054747382465343754,0.8259745523735175,0.04484600222457058,0.08474385536273095,0.842056623102003,0.09750668528466215,0.17341834504845346,0.012654401738454144,
E_conf_filter50,-1,0.1,23.666666666666668,7788.51282051282,778.4358974358975,778.4358974358975,59403.743589743586,0.21957341482162854,2.2315673824663795,1.225570398644004,0.8010099438859282,0.05146917217289715,0.09644576038092396,0.832088883208105,0.07126636483447367,0.13071468850479062,0.8538436977574673,0.13298839992880113,0.22842814116452664,0.02518344776005458,
E_conf_filter50,-1,0.25,23.666666666666668,7788.51282051282,1946.820512820513,1946.820512820513,59403.743589743586,0.23851296294913346,1.8495268429092273,1.0440199029291806,0.7562404805061426,0.10865550625427421,0.18900639506167,0.8048832362415713,0.1389933168355378,0.23544793667459835,0.8447898838991775,0.2254555116661504,0.35181699981287523,0.05577149621915377,
E_conf_filter50,-1,0.5,23.666666666666668,7788.51282051282,3894.025641025641,3894.025641025641,59403.743589743586,0.2387407489587725,1.5050613008828566,0.8719010249208146,0.6922244741855993,0.17225119505659223,0.2737068752054857,0.7779183687684305,0.21739651252199238,0.33697757942707496,0.8520378471619722,0.32483722018602823,0.4651941439295747,0.09024460212429218,
E_conf_filter50,-1,1.0,23.666666666666668,7788.51282051282,7788.51282051282,7788.51282051282,59403.743589743586,0.2526211751657967,1.2371051237846167,0.7448631494752067,0.5940792845587927,0.23855606082509062,0.3370757570228523,0.7272326427303136,0.29648790249457446,0.41764224098621283,0.8509950588212494,0.41633592836969596,0.5543533755218173,0.12114909988665822,
E_conf_filter50,1,0.02,1.0,1758.6410256410256,34.743589743589745,34.743589743589745,14955.076923076924,0.26026081984954946,2.103046939529616,1.1816538796895826,0.7111898989288329,0.009101638857707383,0.017961997752124464,0.7362172704590663,0.01944929627921969,0.03785699938999147,0.7863074341794595,0.06610643647923595,0.1216533456358584,0.0023383480589063057,
E_conf_filter50,1,0.05,1.0,1758.6410256410256,87.53846153846153,87.53846153846153,14955.076923076924,0.24518232757291253,1.9675643470548914,1.106373337313902,0.7331876312404222,0.021097123398958223,0.04096988754613197,0.7621205805482335,0.03667060201160227,0.06984847483316817,0.8132319296969899,0.1013138686426574,0.17922341357182683,0.005943265525563137,
E_conf_filter50,1,0.1,1.0,1758.6410256410256,175.48717948717947,175.48717948717947,14955.076923076924,0.23346096595592486,1.8115719243205797,1.0225164451382525,0.7399951252451014,0.040394132048234624,0.07646632851721623,0.7774247245124303,0.06395400275810362,0.11784734640557701,0.8311444638862955,0.15236590365943586,0.2554327855142684,0.011986660018674085,
E_conf_filter50,1,0.25,1.0,1758.6410256410256,439.2564102564103,439.2564102564103,14955.076923076924,0.22630822090807248,1.5162695723179114,0.8712888966129919,0.7378948480149216,0.09692994491955624,0.17066062176858438,0.7891131400238759,0.14081901410798908,0.23765671518766104,0.8498185825996156,0.26069998978521697,0.3958210946036957,0.02878711523616083,
E_conf_filter50,1,0.5,1.0,1758.6410256410256,879.0512820512821,879.0512820512821,14955.076923076924,0.22811114988406053,1.221977374443966,0.7250442621640133,0.7272637108701715,0.17479040162020326,0.2802177784231974,0.7899432607807583,0.23612885262729336,0.36110086337672026,0.8574686465315176,0.3735961500724681,0.5163486173787023,0.053752181284534,
E_conf_filter50,1,1.0,1.0,1758.6410256410256,1758.6410256410256,1758.6410256410256,14955.076923076924,0.23666220245709085,1.0070763888016532,0.621869295629372,0.6918746541422502,0.24593241162882956,0.3600616844994598,0.7739192557186568,0.3190820114650525,0.4482661193819223,0.856321436426385,0.4667147233517525,0.5993550365420304,0.08858432955000996,
E_conf_filter50,2,0.02,2.0,2905.4102564102564,57.61538461538461,57.61538461538461,24069.0,0.17675423037075644,1.8507176658386835,1.01373594810472,0.7383267149123476,0.010278747916383385,0.020263219042192603,0.8267932103776621,0.024599767292581357,0.047739508225859414,0.8841882024301884,0.0881007189246463,0.15994514637104493,0.0027580995839113324,
E_conf_filter50,2,0.05,2.0,2905.4102564102564,144.82051282051282,144.82051282051282,24069.0,0.1739399357966142,1.7234850792884704,0.9487125075425422,0.7301614328094996,0.022307212319757838,0.04324929325274283,0.82392209793124,0.044423839363452136,0.08420568149447484,0.8914936303450934,0.1280043022286548,0.2232224101544925,0.006679004585231007,
E_conf_filter50,2,0.1,2.0,2905.4102564102564,290.0769230769231,290.0769230769231,24069.0,0.1778484576723382,1.583862104070196,0.8808552808712671,0.7224563383142151,0.04180978147892943,0.07890474709593844,0.818419311829601,0.074396153900999,0.1360900857499459,0.889403663229267,0.1807376876622894,0.2995737947048858,0.013318747589358172,
E_conf_filter50,2,0.25,2.0,2905.4102564102564,726.0,726.0,24069.0,0.19093081762647182,1.3211784673583142,0.756054642492393,0.7111245720981767,0.0969166921178057,0.17004062113074422,0.8054457828716463,0.1520392216373121,0.25475134983339487,0.8787987636098021,0.29514264400165324,0.43977431787636195,0.032251643440481294,
E_conf_filter50,2,0.5,2.0,2905.4102564102564,1452.4871794871794,1452.4871794871794,24069.0,0.21011107597934378,1.05485193411304,0.6324815050461918,0.7001170172489919,0.1784658485265517,0.2830288421688915,0.7926315840944388,0.2532830712417958,0.38186376153472557,0.8664761397752891,0.4147727702391127,0.5581678893300502,0.0611594311543567,
E_conf_filter50,2,1.0,2.0,2905.4102564102564,2905.4102564102564,2905.4102564102564,24069.0,0.23132481816302927,0.8573181488087741,0.5443214834859017,0.6646579882058256,0.25589611706032284,0.3668194925938719,0.7690299339695997,0.34103156841154664,0.4694944067856966,0.8566969664946387,0.5122812513154816,0.6378416334221609,0.10012089158499227,
E_conf_filter50,4,0.02,4.0,4645.51282051282,92.48717948717949,92.48717948717949,34478.53846153846,0.23706564377789377,1.9474662925161288,1.0922659681470113,0.750388428277227,0.01279707358042175,0.02515352792421352,0.8046374150151291,0.031194923422136426,0.06000535098725587,0.840876142792747,0.1091529056525847,0.19261714880966924,0.0036865807003992135,
E_conf_filter50,4,0.05,4.0,4645.51282051282,231.82051282051282,231.82051282051282,34478.53846153846,0.22633158183013377,1.8413932248232703,1.033862403326702,0.7606633972008466,0.02883232633399011,0.0554939169914125,0.8146787989029641,0.055294905720203485,0.10337912203134401,0.8503818959300594,0.14444761741143475,0.24596605166816765,0.009273458433429404,
E_conf_filter50,4,0.1,4.0,4645.51282051282,464.12820512820514,464.12820512820514,34478.53846153846,0.2174770663947251,1.7225358673944833,0.9700064668946041,0.7717320793393007,0.053624181772632985,0.10007222359376242,0.8217999219412642,0.0874506722783197,0.15752296123040926,0.8579797700497687,0.1902613993053142,0.30911760753505435,0.018723956712814384,
E_conf_filter50,4,0.25,4.0,4645.51282051282,1160.974358974359,1160.974358974359,34478.53846153846,0.21173047624462563,1.4525388700991801,0.8321346731719029,0.7668399941748492,0.11967867584737525,0.20629952211317212,0.822115484772294,0.16903094227730137,0.2789858770492713,0.8642381319278092,0.29452462032578075,0.43549758365530067,0.0452381243231674,
E_conf_filter50,4,0.5,4.0,4645.51282051282,2322.5384615384614,2322.5384615384614,34478.53846153846,0.22998058219889858,1.1560835614437375,0.6930320718213181,0.7285184036487032,0.20343199731486855,0.3163094673988155,0.7980325699485332,0.26843063248579696,0.39902435576908,0.8542178136187084,0.4154906444363248,0.5538340284820507,0.08008940963716392,
E_conf_filter50,4,1.0,4.0,4645.51282051282,4645.51282051282,4645.51282051282,34478.53846153846,0.252529534401896,0.9163344402136431,0.5844319873077696,0.6576081904414319,0.2857202887034272,0.39533054127212564,0.7586485289157275,0.3648800564027756,0.48894915123054006,0.8448340673200619,0.5189466289982758,0.6379434195597464,0.12043760333068132,
E_conf_filter50,8,0.02,8.0,5935.871794871795,118.23076923076923,118.23076923076923,44439.41025641026,0.26233369241945753,2.1979152408391536,1.2301244666293054,0.7456834301593336,0.013746090081638145,0.026978709022132452,0.794674490289116,0.03298829575838718,0.06319465746426224,0.8165626504654553,0.09710018056574109,0.17222620584274245,0.00411481344955372,
E_conf_filter50,8,0.05,8.0,5935.871794871795,296.28205128205127,296.28205128205127,44439.41025641026,0.23734753108711273,2.1071237794273734,1.1722356552572428,0.7743825154246243,0.029234949955338922,0.05626019829853535,0.8173281318659629,0.05167656016274247,0.09682682964147848,0.8410255501211631,0.12146239054965384,0.21027960118269257,0.0107932434434954,
E_conf_filter50,8,0.1,8.0,5935.871794871795,593.1025641025641,593.1025641025641,44439.41025641026,0.22320241052185025,1.9720111325629233,1.0976067715423865,0.7865182080452109,0.05280704133505116,0.09872641254022635,0.8259858019399127,0.07888286408232033,0.14333744375048987,0.852455494555814,0.1563215047793851,0.26198501587561945,0.02151365716351123,
E_conf_filter50,8,0.25,8.0,5935.871794871795,1483.5897435897436,1483.5897435897436,44439.41025641026,0.22452027550318826,1.642940421842626,0.9337303486729073,0.7641054114334833,0.11437386194899571,0.1981123583763653,0.8131346514280227,0.15285597025955835,0.2557000211993857,0.8533602502092881,0.2552424376400276,0.3887830487587395,0.050137259944037976,
E_conf_filter50,8,0.5,8.0,5935.871794871795,2967.6923076923076,2967.6923076923076,44439.41025641026,0.24098619335989094,1.3156054825496477,0.7782958379547694,0.7127635947684839,0.19008263677131867,0.29800563178121103,0.7866843293146742,0.2458611982229109,0.3710892982306292,0.8487816394780867,0.3721420530630438,0.5112171909357327,0.08570143975261313,
E_conf_filter50,8,1.0,8.0,5935.871794871795,5935.871794871795,5935.871794871795,44439.41025641026,0.2514959541502771,1.0554109921678438,0.6534534731590605,0.6300914703015007,0.26840152124926214,0.3731362378893889,0.7449583119581946,0.33762451354567347,0.46038688760154967,0.8479102731366438,0.4750235405748285,0.6034311904314438,0.12232862654180852,
E_conf_filter50,16,0.02,15.692307692307692,7027.897435897436,140.0,140.0,54121.41025641026,0.2731398389494378,2.428639322364332,1.350889580656885,0.7640927530843564,0.01349477359980174,0.026500720900306866,0.7956463999165126,0.028996854992750724,0.05578072004057947,0.8099974574042563,0.07935763269259191,0.14333751854415366,0.00456719037426046,
E_conf_filter50,16,0.05,15.692307692307692,7027.897435897436,350.9230769230769,350.9230769230769,54121.41025641026,0.23810851961357551,2.3155272776077376,1.2768178986106564,0.7929264055720987,0.028606459121904255,0.05511716874475588,0.8231448005487704,0.046451425410557905,0.087592030287362,0.839926443713431,0.10326747129527039,0.18236891307187741,0.012023493286399988,
E_conf_filter50,16,0.1,15.692307692307692,7027.897435897436,702.3589743589744,702.3589743589744,54121.41025641026,0.22282654747488811,2.157767804355374,1.190297175915131,0.7972086127508843,0.05160947255060171,0.09666549772327573,0.8291340867925515,0.0726907055790525,0.13305815611789693,0.851722157947839,0.13831210453496662,0.2360652682044569,0.023830707560165185,
E_conf_filter50,16,0.25,15.692307692307692,7027.897435897436,1756.6410256410256,1756.6410256410256,54121.41025641026,0.23368085698475902,1.7884102976397294,1.0110455773122442,0.7611901706824729,0.11010481216328528,0.19138813241497013,0.8087447277136904,0.14257927826597175,0.2406953700246867,0.8478795252938235,0.23357354325265434,0.3617678484061885,0.05387191818939277,
E_conf_filter50,16,0.5,15.692307692307692,7027.897435897436,3513.74358974359,3513.74358974359,54121.41025641026,0.2400236648033597,1.4501355351336742,0.845079599968517,0.7028021435226147,0.17758084531223117,0.2811991392249929,0.7821998882111705,0.2250287684025149,0.34617461621805373,0.8516243521710112,0.3365488743245103,0.476670945273017,0.08857632735715947,
E_conf_filter50,16,1.0,15.692307692307692,7027.897435897436,7027.897435897436,7027.897435897436,54121.41025641026,0.25158184618666574,1.1817541570639478,0.7166680016253067,0.6074422676424873,0.24702046821071003,0.3477873761398708,0.7338097740636662,0.30806288685848504,0.42985645814038786,0.8509737396457845,0.43335047086390316,0.5686607494823127,0.12091489963831763,
E_conf_filter75,-1,0.02,23.666666666666668,3109.230769230769,61.666666666666664,61.666666666666664,59403.743589743586,0.3921824525195928,3.025775770416732,1.7089791114681623,0.6509612094041233,0.00483046223620924,0.009583225460501143,0.7001011941197617,0.010662079020903147,0.020972470415569943,0.7140523121991307,0.03282890446106713,0.062328976931107685,0.0015121573111764742,
E_conf_filter75,-1,0.05,23.666666666666668,3109.230769230769,155.02564102564102,155.02564102564102,59403.743589743586,0.357128358843958,2.695685236583361,1.5264067977136595,0.6926070001448864,0.011269112624978787,0.022150877107957923,0.7286980411463737,0.020949290574168895,0.040598644794784894,0.745349553719405,0.056475494574010625,0.10385718199390087,0.004167763096021924,
E_conf_filter75,-1,0.1,23.666666666666668,3109.230769230769,310.43589743589746,310.43589743589746,59403.743589743586,0.2996344456348957,2.4872392038304127,1.3934368247326543,0.7408621530873452,0.02149213886285591,0.0416750178085287,0.7731758063649732,0.0347869318426172,0.06629995143159367,0.7917122322903115,0.08081297266671883,0.14531152469557945,0.009058863537939795,
E_conf_filter75,-1,0.25,23.666666666666668,3109.230769230769,776.9487179487179,776.9487179487179,59403.743589743586,0.26522396449531616,2.242017335734357,1.2536206501148364,0.7549461970581594,0.046491814356777225,0.08721313668210733,0.7885710289609315,0.06470989705006679,0.11896095955316587,0.8134603088389996,0.12399129919387719,0.21332239203850498,0.022632104346378405,
E_conf_filter75,-1,0.5,23.666666666666668,3109.230769230769,1554.3589743589744,1554.3589743589744,59403.743589743586,0.28619693193406204,1.9996292655536279,1.142913098743845,0.7181952018627671,0.07741135788147545,0.13877822586712793,0.7594169587324483,0.09987944476169298,0.175138108480318,0.7971258943098719,0.17077790928083483,0.2780925541281545,0.04040844996559066,
E_conf_filter75,-1,1.0,23.666666666666668,3109.230769230769,3109.230769230769,3109.230769230769,59403.743589743586,0.2860701970734519,1.6768950097595126,0.9814826034164822,0.6847253027906292,0.12296963314347995,0.2061160213982089,0.7407690902546616,0.15219550766605333,0.24954956828989422,0.8008339456828342,0.24144636567585026,0.36611938871453187,0.0690597489658377,
E_conf_filter75,1,0.02,1.0,699.1538461538462,13.512820512820513,13.512820512820513,14955.076923076924,0.3141997952671311,2.2989316471622145,1.306565721214673,0.6732825725472784,0.0040206668785462574,0.007988285464338735,0.6990911865911865,0.010508526463550738,0.02066413281868929,0.7369600129215513,0.043788488444604166,0.08188626365982594,0.000861215090969899,
E_conf_filter75,1,0.05,1.0,699.1538461538462,34.38461538461539,34.38461538461539,14955.076923076924,0.27993363073020955,2.1345972433769855,1.2072654370535976,0.712061803113486,0.009195098748173723,0.01813682292662048,0.732525835205425,0.01907861828092871,0.03712221728832269,0.7755736133367702,0.06303360731257733,0.11596399789041233,0.0022548760204587127,
E_conf_filter75,1,0.1,1.0,699.1538461538462,69.38461538461539,69.38461538461539,14955.076923076924,0.2700718342509255,2.0192725469305324,1.144672190590729,0.7251177003992675,0.017507041951311433,0.03412563318356725,0.7440006262589376,0.031062120526670248,0.05947768490973926,0.7841896689943485,0.08510366101178046,0.15272722916040485,0.004638715203211759,
E_conf_filter75,1,0.25,1.0,699.1538461538462,174.48717948717947,174.48717948717947,14955.076923076924,0.2733016422952243,1.828633618624499,1.0509676304598616,0.7307881218334364,0.04005473925872686,0.07565247841001115,0.750885914054579,0.06093622045314535,0.11227009261844631,0.7910791318848852,0.13465691200693003,0.22888107198267277,0.011685146817466213,
E_conf_filter75,1,0.5,1.0,699.1538461538462,349.35897435897436,349.35897435897436,14955.076923076924,0.28451999106731946,1.6373907065190414,0.9609553487931805,0.7261649641065729,0.07364521214141395,0.13289476567330688,0.7498400591361943,0.10268237148835027,0.17951702313770887,0.7923341256600411,0.190620970477039,0.3050599039062975,0.022672746820793174,
E_conf_filter75,1,1.0,1.0,699.1538461538462,699.1538461538462,699.1538461538462,14955.076923076924,0.2913040426133368,1.442725251507078,0.8670146470602075,0.7175163337226358,0.11889618079453812,0.20192028974289492,0.7476739357576884,0.1545765295314122,0.2531272833856404,0.7970575931522591,0.2564121046275607,0.3830649084219694,0.04154316496263704,
E_conf_filter75,2,0.02,2.0,1145.1025641025642,22.41025641025641,22.41025641025641,24069.0,0.20319358862919662,2.211481268259714,1.2073374284444554,0.7024474062618632,0.0043094440829977805,0.008559993382620213,0.7995904601606154,0.011709856141162378,0.023041299125541204,0.8600255489725834,0.04852772618913543,0.0913169992575117,0.0009980573521863364,
E_conf_filter75,2,0.05,2.0,1145.1025641025642,56.743589743589745,56.743589743589745,24069.0,0.19762474500254698,1.9595681327629433,1.0785964388827451,0.7195503011936888,0.009441091459059098,0.01861624451174969,0.7978809080989641,0.02108483564653182,0.04099387048301733,0.863674711587549,0.07369207791683488,0.13499348653259569,0.002557267482721451,
E_conf_filter75,2,0.1,2.0,1145.1025641025642,114.02564102564102,114.02564102564102,24069.0,0.20012480372405808,1.7884124441384865,0.9942686239312724,0.7257080607223002,0.017444945002700576,0.03400382800651248,0.797587037007651,0.03394604071726455,0.06493432166100689,0.8618830081824538,0.10211803395565723,0.18162273196758805,0.0050958754314265374,
E_conf_filter75,2,0.25,2.0,1145.1025641025642,285.87179487179486,285.87179487179486,24069.0,0.225011974746609,1.6142963178547454,0.9196541463006772,0.715087979692823,0.03931756079115334,0.07427103839443432,0.7710655678428233,0.06428644986546601,0.11816308263695034,0.8366950709096478,0.1543312554131722,0.2591534310743507,0.01285788394971254,
E_conf_filter75,2,0.5,2.0,1145.1025641025642,572.2051282051282,572.2051282051282,24069.0,0.2535516794895346,1.4394474238033814,0.846499551646458,0.7045338130483464,0.07306572991896639,0.1316620334985706,0.7555237136478052,0.10858711598374861,0.18864221164507672,0.8140865391183936,0.215669265852465,0.3385400824707416,0.025325685246217786,
E_conf_filter75,2,1.0,2.0,1145.1025641025642,1145.1025641025642,1145.1025641025642,24069.0,0.2756772486077797,1.2595465422016456,0.7676118954047126,0.6904539058343586,0.1190416744613108,0.2009834785969386,0.7428508640061713,0.16350906803588514,0.26479046987260796,0.8037744525646907,0.28658471141225106,0.4176960924416095,0.04614526939466032,
E_conf_filter75,4,0.02,4.0,2042.3076923076924,40.282051282051285,40.282051282051285,34478.53846153846,0.29113613420136264,2.229980462393844,1.2605582982976034,0.6928833254825489,0.005784877048049897,0.011465484042169615,0.7530948655601969,0.015872034447981614,0.031040439647348803,0.7931719440958479,0.06467887014427538,0.11879046729554918,0.001476644386109745,
E_conf_filter75,4,0.05,4.0,2042.3076923076924,101.61538461538461,101.61538461538461,34478.53846153846,0.2831924242751179,1.9966422607739476,1.1399173425245328,0.7136838772941699,0.013092148240187696,0.025684678104808355,0.7623605590994668,0.029664741834371674,0.05699478629571006,0.8035904663561962,0.0985825098860567,0.1744684753062232,0.0037720166381030704,
E_conf_filter75,4,0.1,4.0,2042.3076923076924,203.7948717948718,203.7948717948718,34478.53846153846,0.2713516100319968,1.8817147846002593,1.076533197316128,0.7300128001221291,0.024738001279203323,0.047760103802584664,0.7747570258535453,0.046990948074382,0.08833593578408037,0.8129645729124317,0.1276928697021571,0.2192316710855662,0.007724294534223428,
E_conf_filter75,4,0.25,4.0,2042.3076923076924,510.15384615384613,510.15384615384613,34478.53846153846,0.2601282588631506,1.713186678948648,0.9866574689058993,0.7501449606321126,0.05546043035141842,0.10283491148882143,0.7863853535883037,0.08521233892360722,0.15292386781976558,0.8210673551592703,0.17891231392935555,0.2916743133399546,0.01962855280010188,
E_conf_filter75,4,0.5,4.0,2042.3076923076924,1020.8974358974359,1020.8974358974359,34478.53846153846,0.27601891104525494,1.528152218188823,0.9020855646170389,0.733867273201709,0.09583926272745458,0.16834594317133017,0.7701861782300966,0.1321408844267667,0.22371587881725835,0.806133597581444,0.23625872424563218,0.3618519508246247,0.0372610419317876,
E_conf_filter75,4,1.0,4.0,2042.3076923076924,2042.3076923076924,2042.3076923076924,34478.53846153846,0.294810335365465,1.3188118187880817,0.8068110770767734,0.7084684743457456,0.15020120652322483,0.24487928445451987,0.7515563733695451,0.19254929700187712,0.30252815663907484,0.7959212932061336,0.309827996555882,0.43954315968477614,0.06586254644542955,
E_conf_filter75,8,0.02,8.0,2535.8205128205127,50.17948717948718,50.17948717948718,44439.41025641026,0.3500282483943546,2.5605922185731473,1.4553102334837509,0.6509583943610425,0.005615620582026626,0.011127207572944556,0.7152978249315304,0.015321909065408113,0.029928457721044504,0.738543769744035,0.05289615728303915,0.09764311623876909,0.0014586942509138086,
E_conf_filter75,8,0.05,8.0,2535.8205128205127,126.3076923076923,126.3076923076923,44439.41025641026,0.3313410260850693,2.2894954328762673,1.3104182294806683,0.682101838546587,0.012891730719963043,0.02526681187176703,0.7330409156700524,0.02780361801833144,0.053339228499913995,0.7614158633766982,0.08121684236100811,0.14443360253572127,0.0039009714823265308,
E_conf_filter75,8,0.1,8.0,2535.8205128205127,253.07692307692307,253.07692307692307,44439.41025641026,0.30054081168379515,2.1595795768820745,1.2300601942829348,0.7191881719715106,0.02384312272854481,0.04604234669555536,0.762688906462923,0.04290698103226938,0.08081742011093523,0.7909471418090962,0.10651575219824895,0.18508608340286598,0.008225017866918335,
E_conf_filter75,8,0.25,8.0,2535.8205128205127,633.5897435897435,633.5897435897435,44439.41025641026,0.2672670574203823,1.96317342043346,1.1152202389269212,0.7460074313864536,0.0517453721346887,0.09629500483407692,0.7857058620603672,0.07602844471726539,0.13768069202038122,0.8155406972844563,0.1522615136345596,0.25362480808589327,0.02091483364069716,
E_conf_filter75,8,0.5,8.0,2535.8205128205127,1267.6666666666667,1267.6666666666667,44439.41025641026,0.2789914213938057,1.7436478267093094,1.0113196240515576,0.7246583720674342,0.08818616860885888,0.15595473343179556,0.7650525059308806,0.11774391721078029,0.2021292492999765,0.802762748013398,0.20546339154056825,0.32283895228295006,0.039131048641725806,
E_conf_filter75,8,1.0,8.0,2535.8205128205127,2535.8205128205127,2535.8205128205127,44439.41025641026,0.2939836606955165,1.4771276343623636,0.8855556475289401,0.6957153722405219,0.13957631473958262,0.22924996369604472,0.7460282677362413,0.17586152571016672,0.2803554950103972,0.796289773915632,0.28001839284293983,0.4072922835453159,0.06803877595032891,
E_conf_filter75,16,0.02,15.692307692307692,2874.358974358974,57.02564102564103,57.02564102564103,54121.41025641026,0.38014913739314343,2.890125117903067,1.635137127648105,0.6587661317200276,0.005243992271883631,0.010396465864225681,0.7018133306530417,0.012343752958559277,0.02420679847394546,0.717254348529278,0.03827517184283001,0.07208784732433568,0.0015312392285488793,
E_conf_filter75,16,0.05,15.692307692307692,2874.358974358974,143.28205128205127,143.28205128205127,54121.41025641026,0.35249522102741965,2.5576067567221545,1.455050988874787,0.6916894926390272,0.011830874976872406,0.023229834935678755,0.7283480442209912,0.022619710340592347,0.04370818306221876,0.7467787147766497,0.06240852151739459,0.11355110626370223,0.004156386892002728,
E_conf_filter75,16,0.1,15.692307692307692,2874.358974358974,286.9230769230769,286.9230769230769,54121.41025641026,0.3040268176934898,2.391259013378031,1.3476429155357603,0.7343081852301478,0.02214440793398337,0.042877990450826145,0.7689393520071184,0.03679690739915579,0.06985804006471996,0.788247720779993,0.08698017653953471,0.15451122542384865,0.008846554460407236,
E_conf_filter75,16,0.25,15.692307692307692,2874.358974358974,718.1538461538462,718.1538461538462,54121.41025641026,0.267606853100919,2.1596685156134026,1.2136376843571608,0.7531631752025251,0.04819969321356798,0.09015499925459958,0.7867118804722798,0.06782016739289445,0.12407249093072573,0.8131742781708547,0.13171890495977248,0.22433213682725808,0.022197944001371626,
E_conf_filter75,16,0.5,15.692307692307692,2874.358974358974,1436.871794871795,1436.871794871795,54121.41025641026,0.28320244510038384,1.9262659746531916,1.1047342098767878,0.7235259105628149,0.08078363392588989,0.14419322719496877,0.762081015230236,0.10497307782062047,0.1828424331538761,0.7993436511681437,0.17998149437495212,0.29011822768900875,0.04012276810762179,
E_conf_filter75,16,1.0,15.692307692307692,2874.358974358974,2874.358974358974,2874.358974358974,54121.41025641026,0.2888002213100273,1.6202327035030704,0.9545164624065487,0.6906477444223773,0.12798717144271834,0.2131600515656787,0.7431889705554269,0.15890330447700227,0.2582326365770336,0.7995541819454802,0.25177985888755733,0.37700647498995,0.06855737294796944,
oracle,-1,0.02,23.666666666666668,86082.33333333333,1721.1538461538462,1721.1538461538462,59403.743589743586,0.01947002142238215,0.3870496408147626,0.20325983111857238,1.0,0.2697571388417582,0.4233015155732076,1.0,0.5148440876188777,0.6781085903810299,1.0,0.7958321720942161,0.8835993931337887,0.08814035910456533,
oracle,-1,0.05,23.666666666666668,86082.33333333333,4303.641025641025,4303.641025641025,59403.743589743586,0.027092225101946754,0.310815923513628,0.1689540743077874,1.0,0.4707949927166891,0.6384651866277484,1.0,0.663314404549861,0.7954085000874292,1.0,0.8423620788210863,0.9116742946159584,0.20961594986528667,
oracle,-1,0.1,23.666666666666668,86082.33333333333,8607.794871794871,8607.794871794871,59403.743589743586,0.037326402933256335,0.2637246093504184,0.15052550614183738,0.9924462009912229,0.6138867783733276,0.7562647483644912,1.0,0.739297765836408,0.8471953866753736,1.0,0.8638429445441281,0.9243671020984803,0.3506632904532623,
oracle,-1,0.25,23.666666666666668,86082.33333333333,21520.17948717949,21520.17948717949,59403.743589743586,0.07713628687507747,0.2254214927663876,0.15127888982073254,0.7639121240999649,0.676244380993844,0.711947067013862,0.969874035880079,0.7924214717570517,0.8708248359337702,1.0,0.891127385835543,0.940123797465207,0.29988428932692357,
oracle,-1,0.5,23.666666666666668,86082.33333333333,43040.8717948718,43040.8717948718,59403.743589743586,0.1701418299816954,0.20517853871031436,0.1876601843460049,0.38926154344664154,0.6767677088689249,0.48996322354037614,0.6832390633506262,0.8054769379959713,0.7338606176968256,0.9696309498766402,0.9074717935618991,0.9364031397894248,0.1783768316310517,
oracle,-1,1.0,23.666666666666668,86082.33333333333,86082.33333333333,86082.33333333333,59403.743589743586,0.6009416625386482,0.19979096969152216,0.40036631611508516,0.1946293424770059,0.6767677088689249,0.300365426457453,0.34161706377666395,0.8054769379959713,0.47679676632875767,0.6198107685191646,0.9098292356871375,0.7336573570315228,0.09849497129999107,
oracle,1,0.02,1.0,9964.435897435897,198.89743589743588,198.89743589743588,14955.076923076924,0.012671983110751307,0.7090252951986175,0.3608486391546844,1.0,0.07548296523986875,0.1400024903118606,1.0,0.1991156123231149,0.330694706861639,1.0,0.4993654361861227,0.6634018283058294,0.02347818393169256,
oracle,1,0.05,1.0,9964.435897435897,497.79487179487177,497.79487179487177,14955.076923076924,0.021321446876548078,0.5884732605260085,0.30489735370127824,1.0,0.17464216985014464,0.2966803626064353,1.0,0.33632770173762455,0.5018851773881696,1.0,0.6171743525107546,0.7601917856000531,0.05637194244134033,
oracle,1,0.1,1.0,9964.435897435897,996.025641025641,996.025641025641,14955.076923076924,0.029353420524132715,0.5193854973092555,0.27436945891669406,1.0,0.2837904636171428,0.4409938873507332,1.0,0.43694661922371425,0.6060544010518809,1.0,0.6759975685301756,0.8034437416732279,0.10622975212002941,
oracle,1,0.25,1.0,9964.435897435897,2490.7179487179487,2490.7179487179487,14955.076923076924,0.04875596765502115,0.4346961187195981,0.24172604318730967,0.9694697470476984,0.4314161184491057,0.5952124125667391,0.9986389449476698,0.5539337695266549,0.7098959017696719,1.0,0.7379232005586284,0.8466218981186671,0.18437459188180116,
oracle,1,0.5,1.0,9964.435897435897,4981.974358974359,4981.974358974359,14955.076923076924,0.09970514968306651,0.3629530245861268,0.23132908713459668,0.6307174178832426,0.46521599056128704,0.5320742605608877,0.8971506929753229,0.6196223578245041,0.7308841503398367,0.9977514732738157,0.7974982774649974,0.8842853209256799,0.15731177609178612,
oracle,1,1.0,1.0,9964.435897435897,9964.435897435897,9964.435897435897,14955.076923076924,0.439357139178168,0.3281285892068063,0.38374286419248715,0.31534308003631767,0.46521599056128704,0.3735614901577273,0.47438394859999206,0.625502780563423,0.5373776716154178,0.7165704155533364,0.8232824628898626,0.7638797012256493,0.10839112613852474,
oracle,2,0.02,2.0,17339.384615384617,346.3333333333333,346.3333333333333,24069.0,0.014045120854949605,0.5506953333826351,0.28237022711879234,1.0,0.10116659702211438,0.1833476638367806,1.0,0.26065006993072876,0.4122460445105986,1.0,0.6163422507743184,0.7602940049577308,0.029734202925766402,
oracle,2,0.05,2.0,17339.384615384617,866.4615384615385,866.4615384615385,24069.0,0.021966683726332998,0.4456612414831494,0.23381396260474124,1.0,0.21699232815769343,0.35573980029743335,1.0,0.4141311250351467,0.5839337252838211,1.0,0.7202425603171037,0.8352976350451621,0.07115522861088341,
oracle,2,0.1,2.0,17339.384615384617,1733.4871794871794,1733.4871794871794,24069.0,0.02953209181540207,0.3865867076806725,0.20805939974803728,1.0,0.3391566989134703,0.5049125915261462,1.0,0.5162256320000395,0.6786467351694786,1.0,0.7676368889571383,0.8666822919350674,0.13470260447059304,
oracle,2,0.25,2.0,17339.384615384617,4334.410256410257,4334.410256410257,24069.0,0.049694423008098614,0.31026597918028653,0.17998020109419258,0.9564014872959075,0.4862513040374852,0.6425130175171145,1.0,0.6358547836180398,0.7753553478281479,1.0,0.827474847125705,0.9043011681752443,0.22239032405058573,
oracle,2,0.5,2.0,17339.384615384617,8669.435897435897,8669.435897435897,24069.0,0.1052516549193521,0.2595652969136329,0.1824084759164925,0.6071328240683789,0.5182504543712154,0.5553781594068266,0.8854668792616247,0.7006016654543595,0.7790837666719783,0.9960895031317357,0.8759676578976416,0.9311915611832134,0.1784660103374687,
oracle,2,1.0,2.0,17339.384615384617,17339.384615384617,17339.384615384617,24069.0,0.4727591780892365,0.24079664340336057,0.35677791074629855,0.3035560651830384,0.5182504543712154,0.3804801413787449,0.4688993690586221,0.704741453763584,0.5603216057723763,0.7149194335284492,0.89356361302902,0.7907737019056963,0.11741047190969751,
oracle,4,0.02,4.0,31117.94871794872,621.8461538461538,621.8461538461538,34478.53846153846,0.015708261912749752,0.4593516335188166,0.2375299477157832,1.0,0.15414726616002897,0.2666504294255255,1.0,0.3663991154159594,0.5355430444545576,1.0,0.720782671696225,0.836233613128384,0.04314528543815818,
oracle,4,0.05,4.0,31117.94871794872,1555.4358974358975,1555.4358974358975,34478.53846153846,0.023071261466010278,0.37248815900805265,0.19777971023703145,1.0,0.30827266418333654,0.4705871998588908,1.0,0.5352702504347416,0.6962901959847678,1.0,0.7972686488384693,0.8858199972359794,0.10224752719286301,
oracle,4,0.1,4.0,31117.94871794872,3111.3333333333335,3111.3333333333335,34478.53846153846,0.030544555509804228,0.32079828778600533,0.17567142164790475,1.0,0.45312257794858735,0.6225253734383416,1.0,0.633221254388471,0.7740373841340453,1.0,0.8268125208472185,0.903866322323721,0.19023347838393379,
oracle,4,0.25,4.0,31117.94871794872,7779.076923076923,7779.076923076923,34478.53846153846,0.053550329328722036,0.2551891999331788,0.1543697646309504,0.9335862408912393,0.5888496295334206,0.7210113208597047,1.0,0.7283590486426362,0.8415043912918256,1.0,0.8713736333973472,0.9302198639428929,0.2749551629888905,
oracle,4,0.5,4.0,31117.94871794872,15558.666666666666,15558.666666666666,34478.53846153846,0.11737317347622842,0.21899101764730516,0.16818209556176678,0.5457219452581243,0.6029508990896562,0.5701937739895,0.8489837281750912,0.7707310376331444,0.8050555421094662,0.9947104278239738,0.9037690104674311,0.9463284948303748,0.19656022659593034,
oracle,4,1.0,4.0,31117.94871794872,31117.94871794872,31117.94871794872,34478.53846153846,0.49730122710770774,0.20816417235644508,0.35273269973207644,0.27285558215009875,0.6029508990896562,0.37418513859024227,0.4347366725930817,0.7715836980428241,0.5537699350403609,0.6919646345892984,0.9126546136094572,0.7840215061448101,0.12041609460048382,
oracle,8,0.02,8.0,49024.89743589744,980.0,980.0,44439.41025641026,0.017249534246841274,0.41886458339295984,0.21805705881990056,1.0,0.20468476699163657,0.3392621003247556,1.0,0.4432218686173242,0.6136107037272155,1.0,0.7640060728349417,0.8645793110524287,0.05900684611003312,
oracle,8,0.05,8.0,49024.89743589744,2450.74358974359,2450.74358974359,44439.41025641026,0.02454814423434043,0.339113420506354,0.1818307823703472,1.0,0.3855483357953038,0.5558132294602677,1.0,0.605979332375963,0.7536593346881684,1.0,0.8232438514694135,0.9014494253863692,0.14034492365777732,
oracle,8,0.1,8.0,49024.89743589744,4902.025641025641,4902.025641025641,44439.41025641026,0.032672412275439,0.28960752238452836,0.16113996732998367,1.0,0.5324581142078827,0.6940024389257584,1.0,0.6897111447686708,0.8148607034768849,1.0,0.8478429497738192,0.9160437245909028,0.255034947678199,
oracle,8,0.25,8.0,49024.89743589744,12255.846153846154,12255.846153846154,44439.41025641026,0.061345334055819864,0.2354244678115505,0.14838490093368517,0.8804987142093125,0.6376831655390721,0.7375460705292634,0.9961036720460643,0.7656675718360407,0.8643093830004938,1.0,0.8835964365206115,0.9367376433479949,0.29836686184664135,
oracle,8,0.5,8.0,49024.89743589744,24512.23076923077,24512.23076923077,44439.41025641026,0.13624442936096873,0.20909155677997013,0.17266799307046943,0.4771359346609792,0.642289964854116,0.54457807863472,0.7870107839616031,0.7928269529673525,0.7860307794446456,0.9887914322622395,0.9078742855037553,0.945744393553025,0.19397927688972746,
oracle,8,1.0,8.0,49024.89743589744,49024.89743589744,49024.89743589744,44439.41025641026,0.5287006884701694,0.20206868311683568,0.36538468579350253,0.23856591468584618,0.642289964854116,0.34640915353153046,0.39719203418532023,0.7930003838405288,0.5267492334879249,0.668851789400168,0.9122893604909026,0.7685774740119319,0.1128255890960405,
oracle,16,0.02,15.692307692307692,71029.17948717948,1420.1025641025642,1420.1025641025642,54121.41025641026,0.018718836399534915,0.3960288155675552,0.20737382598354506,1.0,0.24967715674472343,0.3989516313902923,1.0,0.49720155579330994,0.6634943536708736,1.0,0.7910472865519125,0.880976971699417,0.07785914778418283,
oracle,16,0.05,15.692307692307692,71029.17948717948,3550.974358974359,3550.974358974359,54121.41025641026,0.026169304537001257,0.31748514539603007,0.17182722496651567,1.0,0.446750207483016,0.6169292492581755,1.0,0.6517045712111591,0.7877677005000661,1.0,0.8409502900403376,0.9111142928689137,0.18509415337102206,
oracle,16,0.1,15.692307692307692,71029.17948717948,7102.461538461538,7102.461538461538,54121.41025641026,0.035426477258391695,0.2691496179836595,0.15228804762102557,1.0,0.5949430036072751,0.7446909771264144,1.0,0.7311349634597156,0.8424465343477859,1.0,0.8621479005448247,0.92358815142054,0.3219256136682646,
oracle,16,0.25,15.692307692307692,71029.17948717948,17756.871794871793,17756.871794871793,54121.41025641026,0.07097654408242084,0.22830445444415587,0.14964049926328835,0.806607559210594,0.6695467402290226,0.7284616043441935,0.9815735199919963,0.7899255018286487,0.8739797722193293,1.0,0.8905430704911452,0.9400059468704074,0.30372793297596334,
oracle,16,0.5,15.692307692307692,71029.17948717948,35514.35897435898,35514.35897435898,54121.41025641026,0.15744947463645723,0.20596706953045824,0.18170827208345772,0.41526596889441436,0.6704985549015038,0.5099172631645322,0.7179412767538352,0.8057742138608835,0.754837465690508,0.9767792683064608,0.9087849359907931,0.9407314900969433,0.18477269408364894,
oracle,16,1.0,15.692307692307692,71029.17948717948,71029.17948717948,71029.17948717948,54121.41025641026,0.5745720879716761,0.20021435147784103,0.3873932197247586,0.20763145775976674,0.6704985549015038,0.31568127972758625,0.3591904436406351,0.8057745585817252,0.4943824346149445,0.6356604023285342,0.9116759912232277,0.745986742143751,0.10334036390241767,
