method,N_req,frac,N,n_cand,kept,n_pred,n_ref,acc,comp,chamfer,precision@0.1,recall@0.1,f1@0.1,precision@0.2,recall@0.2,f1@0.2,precision@0.5,recall@0.5,f1@0.5,iou,grid_voxel
A_point,-1,0.02,23.666666666666668,84042.51282051283,1680.3076923076924,1680.3076923076924,59403.743589743586,0.20618772999304222,1.8912909461782839,1.048739338085663,0.7838520238003057,0.10651572875774096,0.18673513000547518,0.828927579675616,0.13665242486405263,0.23379173879649337,0.8683861619178137,0.22230114994766184,0.3519063045906798,0.052611044347141825,
A_point,-1,0.05,23.666666666666668,84042.51282051283,4201.717948717948,4201.717948717948,59403.743589743586,0.21279375955028776,1.4365100008925968,0.8246518802214424,0.6842995604665213,0.19889708958240812,0.3064866793163945,0.7922984466003267,0.25471631006269657,0.38314886220259226,0.8778310913771008,0.36834004168693446,0.5147615570941887,0.10102887348322054,
A_point,-1,0.1,23.666666666666668,84042.51282051283,8403.871794871795,8403.871794871795,59403.743589743586,0.22863014002351215,1.0753550666059184,0.6519926033147153,0.5676912638192001,0.287967686356787,0.37965886734088333,0.7303839702030944,0.3681192232251084,0.48654763046752436,0.8800194956956324,0.49218702041901125,0.6280659654895406,0.13365913348765304,
A_point,-1,0.25,23.666666666666668,84042.51282051283,21010.17948717949,21010.17948717949,59403.743589743586,0.28724152398836766,0.5423081195337088,0.4147748217610383,0.4049499803233256,0.42656844964387647,0.41227907477812326,0.5974537512583393,0.5377702305531618,0.5624595005887948,0.8373710161602325,0.6970921458161649,0.7573354204001334,0.15022371192403616,
A_point,-1,0.5,23.666666666666668,84042.51282051283,42021.02564102564,42021.02564102564,59403.743589743586,0.40214929746603373,0.32753249035062504,0.36484089390832936,0.2891261011304504,0.5413215284772307,0.37371917964342594,0.4675820621633206,0.6759051497658569,0.5485115673820159,0.7491817091809412,0.8267071026204397,0.7831532180257355,0.1320446925328744,
A_point,-1,1.0,23.666666666666668,84042.51282051283,84042.51282051283,84042.51282051283,59403.743589743586,0.6045948985061248,0.24609129909241304,0.4253430987992689,0.19922247917276797,0.6622436542814445,0.30401428022655314,0.34547999199156376,0.7798093618857774,0.47539493479362366,0.6231119701529817,0.8826799284878004,0.7273840963252491,0.10170705697987846,
A_point,1,0.02,1.0,9340.461538461539,186.33333333333334,186.33333333333334,59403.743589743586,0.21684799321231651,3.0054953043934156,1.611171648802866,0.7528943500671984,0.015433652717352602,0.030216655074357116,0.7955630077947763,0.024526697302675513,0.04751020394967965,0.8464945068962786,0.058336668470959925,0.10864396231069823,0.006986886628916232,
A_point,1,0.05,1.0,9340.461538461539,466.5128205128205,466.5128205128205,59403.743589743586,0.199399025740427,2.70035531483338,1.4498771702869035,0.7312521432583802,0.03544453494616881,0.06748159230065101,0.8084812027830646,0.05355508100545604,0.10016544788625555,0.8762029103605607,0.10452472761290454,0.18527180891132775,0.016408704157932948,
A_point,1,0.1,1.0,9340.461538461539,933.5897435897435,933.5897435897435,59403.743589743586,0.20251122966517904,2.3263940875036715,1.2644526585844251,0.6761961467628564,0.0635566880993893,0.11576109589122623,0.7849519506033001,0.09615897639822649,0.17040091581462471,0.8810267410455742,0.17172387570220798,0.2839766979940437,0.02938044309207184,
A_point,1,0.25,1.0,9340.461538461539,2334.74358974359,2334.74358974359,59403.743589743586,0.22925756277352485,1.4879767665622352,0.8586171646678801,0.5721954362774794,0.12394955560311992,0.20228221619272765,0.7125329858508133,0.19711979175072414,0.305588550184877,0.8701632872021628,0.34987980159619,0.49097473833572525,0.05560361580149719,
A_point,1,0.5,1.0,9340.461538461539,4670.0,4670.0,59403.743589743586,0.28402684050116556,0.9325610888656255,0.6082939646833955,0.4793927344388879,0.1856272130528395,0.26510184577952794,0.6316001913163887,0.29724040248272093,0.4000680545829077,0.8269575605579857,0.4992650187658701,0.6144622368840649,0.07944134113923536,
A_point,1,1.0,1.0,9340.461538461539,9340.461538461539,9340.461538461539,59403.743589743586,0.4067800532829578,0.717324687053559,0.5620523701682584,0.3600627582357602,0.24425682965514975,0.2881531462862005,0.510127082774982,0.3831999156263747,0.43408573305662046,0.7364881486404068,0.6049241482996208,0.658531728466279,0.09226597598656981,
A_point,2,0.02,2.0,16425.69230769231,328.0,328.0,59403.743589743586,0.1670209659982636,2.2785807059210006,1.222800835959632,0.7276485587877262,0.024480135154716195,0.04730253832552479,0.8267257141321588,0.04308832472367444,0.08174961972660463,0.8983670667209261,0.10510815796198013,0.18732444403454507,0.01031429574799724,
A_point,2,0.05,2.0,16425.69230769231,820.8717948717949,820.8717948717949,59403.743589743586,0.16844089200771245,2.0062815258450013,1.087361208926357,0.7080469845568593,0.05692022116813778,0.10508381955600453,0.820924078645829,0.09100508193505667,0.16325549125240366,0.9051158957080206,0.17610461779749575,0.29314147484901315,0.024809105832414677,
A_point,2,0.1,2.0,16425.69230769231,1642.1538461538462,1642.1538461538462,59403.743589743586,0.17959235325248926,1.6662018570967005,0.922897105174595,0.6707494412257352,0.10279657630242024,0.1775812095650601,0.7981567194764873,0.15808844109738965,0.2626291729525209,0.9000719066203154,0.27683828408853206,0.420083263188736,0.04610595281014681,
A_point,2,0.25,2.0,16425.69230769231,4106.153846153846,4106.153846153846,59403.743589743586,0.22456472363073596,0.9578596201869493,0.5912121719088426,0.5606795557492672,0.19761779528221934,0.29050855089887556,0.713500145395628,0.3110394123395082,0.4303966706484705,0.8717276629529095,0.5086671304278693,0.6388689339993705,0.08479417595457177,
A_point,2,0.5,2.0,16425.69230769231,8212.641025641025,8212.641025641025,59403.743589743586,0.3012415057646218,0.6284487087395456,0.46484510725208367,0.4492690936900217,0.2752433449050709,0.33899923089387307,0.6123108520440821,0.4230748791619635,0.4975355224543158,0.8190984178765356,0.6468066091363429,0.7197498087277608,0.10854005622816629,
A_point,2,1.0,2.0,16425.69230769231,16425.69230769231,16425.69230769231,59403.743589743586,0.4644384221816026,0.47597929398555305,0.4702088580835779,0.3303060468686838,0.3492447658300387,0.3368153293429441,0.4851780328931419,0.5253959118769606,0.5015380760847997,0.7209546645133947,0.7470073459761776,0.730788823164503,0.11331003843065623,
A_point,4,0.02,4.0,29268.358974358973,584.7948717948718,584.7948717948718,59403.743589743586,0.20080163156783581,2.1691423567196226,1.1849719941437293,0.7802041170772462,0.044803691149641556,0.08463025057345452,0.8288709646982875,0.06870222953194778,0.1266675092292368,0.8694255450118504,0.14322198882600004,0.24476613584480392,0.020012901930775314,
A_point,4,0.05,4.0,29268.358974358973,1462.871794871795,1462.871794871795,59403.743589743586,0.19124494987086565,1.8315214833742823,1.011383216622574,0.7600387522121148,0.10103840694837904,0.17801154293104515,0.8293160784955458,0.1424023641122986,0.24250936718263488,0.8839798217430627,0.24173688149799757,0.37751955610752486,0.04686287152833738,
A_point,4,0.1,4.0,29268.358974358973,2926.3333333333335,2926.3333333333335,59403.743589743586,0.20119950664452224,1.4393701719447494,0.8202848392946357,0.6875030995638651,0.1693154878444556,0.27104957417746384,0.79456645092588,0.23795313376477842,0.3650378628415052,0.8852753694146446,0.3665924938493082,0.5156988574997328,0.078566279853627,
A_point,4,0.25,4.0,29268.358974358973,7316.74358974359,7316.74358974359,59403.743589743586,0.24545539987034962,0.8065491524318756,0.5260022761511126,0.5310612666826527,0.28749276709059995,0.37202568366421623,0.6875999923376437,0.41165221107272576,0.5132068174198776,0.8607354980946093,0.5893204513788276,0.6969990544498459,0.11985981283723028,
A_point,4,0.5,4.0,29268.358974358973,14633.97435897436,14633.97435897436,59403.743589743586,0.3184252602880433,0.4715347724107576,0.39498001634940044,0.40778562526694856,0.37682549024756934,0.3903874466371396,0.5774057769358324,0.5299992202955314,0.5508629157140711,0.8045564062218583,0.7327255009008657,0.7638414144856468,0.13402905805903872,
A_point,4,1.0,4.0,29268.358974358973,29268.358974358973,29268.358974358973,59403.743589743586,0.49354354445456633,0.3560765012615808,0.4248100228580735,0.28948557694611937,0.46651764005919616,0.35580102594339547,0.4460316889494855,0.6437713532976658,0.5245918070606533,0.6958333329757874,0.8177571641069963,0.7494678129286816,0.12259853666198221,
A_point,8,0.02,8.0,46557.846153846156,930.6923076923077,930.6923076923077,59403.743589743586,0.20628478268676623,2.085887302488634,1.1460860425877002,0.7968061462650332,0.06699934113840417,0.12340576265462591,0.8345179578718978,0.09162097851719164,0.16484514162314834,0.8652392872376143,0.16642214387489548,0.27806984686371805,0.03203490447323503,
A_point,8,0.05,8.0,46557.846153846156,2327.3076923076924,2327.3076923076924,59403.743589743586,0.20193205820741106,1.6664698172088452,0.9342009377081281,0.7364933410168709,0.14142389707897524,0.23673534298082968,0.8177042126278511,0.18890424364246278,0.306074697578847,0.8800930581807171,0.2927160679865012,0.4368035711002034,0.06937228453844098,
A_point,8,0.1,8.0,46557.846153846156,4655.307692307692,4655.307692307692,59403.743589743586,0.21673769576251353,1.2560446039310555,0.7363911498467847,0.6395787896255748,0.22296530758836036,0.3295748291565107,0.768915142324499,0.30057103741159696,0.4306791658595682,0.8800481325599813,0.4315304713684455,0.5756586665451737,0.10554432045465927,
A_point,8,0.25,8.0,46557.846153846156,11639.076923076924,11639.076923076924,59403.743589743586,0.2626864406420801,0.6673958635339481,0.46504115208801405,0.4733435795010155,0.34888111647242087,0.40023873078562855,0.6497086507327798,0.4708997170964105,0.5439609069241731,0.8526588774818208,0.6380902914524543,0.7269904354089791,0.13831699294186825,
A_point,8,0.5,8.0,46557.846153846156,23278.69230769231,23278.69230769231,59403.743589743586,0.34249074173846256,0.3958520015767821,0.3691713716576223,0.3541493285730025,0.4511673580189199,0.3952543078924157,0.5332949659675583,0.6041551545095258,0.563663646128461,0.787771481871359,0.7830615734142129,0.7818273680652004,0.13963872194869625,
A_point,8,1.0,8.0,46557.846153846156,46557.846153846156,46557.846153846156,59403.743589743586,0.5266075023868151,0.31132561404357895,0.418966558215197,0.24917114492347622,0.5587586269835854,0.34310845895808795,0.40639127231558664,0.7141501896436717,0.5153118399724259,0.6733636904191849,0.8499527945054174,0.7491523386075742,0.11796075025988358,
A_point,16,0.02,15.692307692307692,68554.92307692308,1370.5897435897436,1370.5897435897436,59403.743589743586,0.2046232092222254,1.9501009122603927,1.0773620607413092,0.7905065088146044,0.09312639189393698,0.16628199022683873,0.833111169516769,0.12126845375274779,0.21130808215546595,0.8682072233022018,0.2041719298380456,0.3291068994715772,0.045718252483895515,
A_point,16,0.05,15.692307692307692,68554.92307692308,3427.2820512820513,3427.2820512820513,59403.743589743586,0.20944985321392792,1.499807752852323,0.8546288030331255,0.7041290103644214,0.18232154508441006,0.28885812616364137,0.8032310875620493,0.2344564500240859,0.36193798356576634,0.8796464453498771,0.3433411051876419,0.4914517038137524,0.09160189712816119,
A_point,16,0.1,15.692307692307692,68554.92307692308,6855.076923076923,6855.076923076923,59403.743589743586,0.2258578157862324,1.1069846005330197,0.666421208159626,0.5919764165688196,0.2702433963667132,0.36992664337685743,0.7434909592423073,0.3512613280882135,0.475385672402347,0.879898427202174,0.47926107410938823,0.6174140729811782,0.12659042423107095,
A_point,16,0.25,15.692307692307692,68554.92307692308,17138.384615384617,17138.384615384617,59403.743589743586,0.2777037865392143,0.5709442452304596,0.424324015884837,0.42668661787348955,0.4041322206098002,0.41339785870961965,0.6138464411542959,0.5213354107099563,0.5612946806618648,0.843360972307749,0.6832218582152505,0.7517498543968698,0.148727451899256,
A_point,16,0.5,15.692307692307692,68554.92307692308,34277.256410256414,34277.256410256414,59403.743589743586,0.3762916205115273,0.3427917151260375,0.3595416678187824,0.3086529029251086,0.5149949129680863,0.3841410828956583,0.48743735115135367,0.6578183255216593,0.5568400352220549,0.7626041618615096,0.8184763903603922,0.7866335486873085,0.13615735657865397,
A_point,16,1.0,15.692307692307692,68554.92307692308,68554.92307692308,68554.92307692308,59403.743589743586,0.5729741322611142,0.25846823404792535,0.4157211831545197,0.21386816102753628,0.6345752162067482,0.31844496494491675,0.3641389566569998,0.765365532866326,0.49087188798082665,0.6404367096829784,0.8767298150444239,0.7378828099799054,0.1075420330175794,
B_argmax,-1,0.02,23.666666666666668,85580.92307692308,1711.1538461538462,1711.1538461538462,59403.743589743586,0.19511435536586777,1.8655309343522861,1.0303226448590768,0.7841338656751669,0.10625652642243646,0.1864017339232295,0.8425994847194906,0.14034005220607218,0.23964961117808883,0.883269637469507,0.22914966019210445,0.3616678715524591,0.05297177940624881,
B_argmax,-1,0.05,23.666666666666668,85580.92307692308,4278.615384615385,4278.615384615385,59403.743589743586,0.20075589067032967,1.3801462253783294,0.7904510580243296,0.6724130655350115,0.19717834323131117,0.3034406117683427,0.7949625896561854,0.2633009695675589,0.39331926457937577,0.8920354483296458,0.3836605013476386,0.5323154889710364,0.09751278241848543,
B_argmax,-1,0.1,23.666666666666668,85580.92307692308,8557.71794871795,8557.71794871795,59403.743589743586,0.22996493261635223,0.975337553009316,0.602651242812834,0.5442806804108997,0.28991001143306916,0.37591768769134776,0.7176919794084998,0.38476615183255497,0.49836156065101733,0.8815311202080235,0.5205189637066485,0.6510762919771076,0.12760975553921497,
B_argmax,-1,0.25,23.666666666666668,85580.92307692308,21394.923076923078,21394.923076923078,59403.743589743586,0.30768515523523804,0.5168542872195873,0.4122697212274126,0.38525431935478593,0.4261196329671209,0.40195875199929443,0.5771577645310827,0.5425594607275972,0.5562120600512863,0.8254405163126464,0.7163442632618539,0.7637012517005111,0.1434418228860894,
B_argmax,-1,0.5,23.666666666666668,85580.92307692308,42790.282051282054,42790.282051282054,59403.743589743586,0.40963076553387645,0.31300286858248516,0.3613168170581808,0.2770333203114877,0.5318733009151078,0.3616739882026875,0.4554031954334749,0.6667241033101748,0.5379289795299784,0.7429368996317562,0.8408124741552486,0.7861563495761525,0.12593463284243248,
B_argmax,-1,1.0,23.666666666666668,85580.92307692308,85580.92307692308,85580.92307692308,59403.743589743586,0.5955815543006927,0.20687323184954415,0.4012273930751184,0.1913303536631034,0.6599400356098201,0.2947542160362892,0.3387725030429238,0.7883244587803437,0.4708453065777651,0.6218504308770838,0.9090498901126827,0.7351720079024745,0.09632834133901746,
B_argmax,1,0.02,1.0,9918.564102564103,197.84615384615384,197.84615384615384,59403.743589743586,0.22907950596889562,2.9879171280834336,1.6084983170261644,0.732910752306428,0.015963090114118648,0.031214678765200697,0.7833247187795567,0.026047623049193627,0.0503330098064364,0.8396756925855353,0.06163698017423771,0.11425095861547852,0.0068787693732659675,
B_argmax,1,0.05,1.0,9918.564102564103,495.38461538461536,495.38461538461536,59403.743589743586,0.20668937423038705,2.662470164209517,1.434579769219952,0.7211213929862711,0.03719383252989101,0.07058828683615184,0.800618872132598,0.05680052061501473,0.10570953514895355,0.8735137155742754,0.11056502462079355,0.19442727413722952,0.016447303694604697,
B_argmax,1,0.1,1.0,9918.564102564103,991.3589743589744,991.3589743589744,59403.743589743586,0.2000219667778693,2.22418273815832,1.2121023524680947,0.684549903625011,0.06827021997667428,0.12363474629058029,0.7896159199087328,0.10414049572899561,0.1827117854452889,0.8855467181917596,0.18674884266862557,0.30428383672935067,0.030414744873405262,
B_argmax,1,0.25,1.0,9918.564102564103,2479.2051282051284,2479.2051282051284,59403.743589743586,0.22774708336819308,1.3884044080949565,0.8080757457315748,0.5717306131114127,0.13004896090175633,0.21031268894598718,0.7160912822469687,0.21486059748131958,0.3271911347219074,0.8718421740226654,0.3823536437689207,0.5239080901034383,0.05599101109525037,
B_argmax,1,0.5,1.0,9918.564102564103,4959.0,4959.0,59403.743589743586,0.2965216229794337,0.9314423919903992,0.6139820074849164,0.45541574253066724,0.1845187523944675,0.2601651859495036,0.6175663114262507,0.3057600496505779,0.40459466115523596,0.8204635316101242,0.5039059224783157,0.6165657995549073,0.07455725312646067,
B_argmax,1,1.0,1.0,9918.564102564103,9918.564102564103,9918.564102564103,59403.743589743586,0.40752022722249975,0.6496045927106365,0.5285624099665681,0.3425832136241107,0.24940947573292346,0.28567261857520665,0.5000693129958925,0.39019373367512866,0.43453318837875343,0.7400838090787588,0.626993804243304,0.6740837745090739,0.08793731141310711,
B_argmax,2,0.02,2.0,17059.102564102563,340.6666666666667,340.6666666666667,59403.743589743586,0.17451753276365806,2.2672002584382125,1.2208588956009352,0.699799528760551,0.0247484436747276,0.04775415364671088,0.8174459393942295,0.045943814834071964,0.08681480987838881,0.8978240964947312,0.1097910222025181,0.19473623927433795,0.009778113471978302,
B_argmax,2,0.05,2.0,17059.102564102563,852.5128205128206,852.5128205128206,59403.743589743586,0.17698130779562793,1.994889242649311,1.0859352752224696,0.6843172225634547,0.05664142379354649,0.10437934366235957,0.8075306147396757,0.09307691400018797,0.16634076273664236,0.9017547833009831,0.18132503215321655,0.3000914887430682,0.02369671927154895,
B_argmax,2,0.1,2.0,17059.102564102563,1705.4615384615386,1705.4615384615386,59403.743589743586,0.18690572329091087,1.6415532411184093,0.91422948220466,0.6598074751849573,0.10494653799389546,0.18040561580320555,0.7881491828370867,0.16279480218610892,0.2685915300433809,0.8951120511746217,0.28496181214137384,0.4289188458161405,0.04519861176648136,
B_argmax,2,0.25,2.0,17059.102564102563,4264.4358974358975,4264.4358974358975,59403.743589743586,0.22964752138168945,0.9175650127150988,0.5736062670483941,0.5534204675568831,0.20089451297801478,0.29321516888653026,0.7066291301875008,0.3239655130247594,0.44193130024152283,0.8684514538792575,0.5333793990036327,0.6584404427870973,0.08340576940292396,
B_argmax,2,0.5,2.0,17059.102564102563,8529.25641025641,8529.25641025641,59403.743589743586,0.3162668309804443,0.6067776508644188,0.4615222409224316,0.43165272928948667,0.2762568954495573,0.33489272461021846,0.5987453630317484,0.4326642736824829,0.500190571070918,0.8125271973359013,0.655553034502468,0.7233915349497106,0.10345146510485097,
B_argmax,2,1.0,2.0,17059.102564102563,17059.102564102563,17059.102564102563,59403.743589743586,0.4567590766028539,0.43798969943187044,0.4473743880173622,0.3186506604408897,0.35809109140639733,0.335337488046552,0.47877881121326793,0.5338515749367261,0.5027076752816888,0.7253045108413405,0.7715093939918122,0.7451951318365294,0.10962543486727548,
B_argmax,4,0.02,4.0,30803.30769230769,615.5384615384615,615.5384615384615,59403.743589743586,0.21784413594931612,2.153813697539783,1.1858289167445493,0.7545664980813008,0.0454803230869789,0.08571604341173379,0.8160024047945249,0.07279194523143268,0.13345722302432161,0.8603284298171883,0.15072689413238471,0.2552053192045305,0.01985497953211737,
B_argmax,4,0.05,4.0,30803.30769230769,1539.6923076923076,1539.6923076923076,59403.743589743586,0.1965806026944944,1.8043288111449733,1.0004547069197338,0.7388662713578614,0.10156054298969398,0.17829304290095063,0.820850217014302,0.14674272949917222,0.24833048105244865,0.8854438720100168,0.24973901430291412,0.3871345419938209,0.04652758123561833,
B_argmax,4,0.1,4.0,30803.30769230769,3079.871794871795,3079.871794871795,59403.743589743586,0.20422068021259862,1.3826605175856497,0.7934405988991241,0.673817579211015,0.17189907365155033,0.27335369916041774,0.7876659611971095,0.24681266104916252,0.3748243082205205,0.8856539853057416,0.3833973013179821,0.5323992247831194,0.07818229008488398,
B_argmax,4,0.25,4.0,30803.30769230769,7700.4358974358975,7700.4358974358975,59403.743589743586,0.25106143693685073,0.7121937577909826,0.48162759736391675,0.5123316447021212,0.2902431085715572,0.36965329215802606,0.6757305750769872,0.4311217500962501,0.5249693233742623,0.8566418722382727,0.6231252703806709,0.7190040140876728,0.11676334088983217,
B_argmax,4,0.5,4.0,30803.30769230769,15401.410256410256,15401.410256410256,59403.743589743586,0.3290499177835124,0.44756539025587944,0.3883076540196959,0.38643204524955616,0.38255689932594183,0.3835093820949887,0.5628459303286807,0.5420462889335772,0.5509458471739388,0.7996913946839704,0.7504543958144385,0.7716247251123222,0.1284633785533032,
B_argmax,4,1.0,4.0,30803.30769230769,30803.30769230769,30803.30769230769,59403.743589743586,0.485498553235804,0.3199644659884133,0.40273150961210863,0.2754765669165008,0.47607503394047357,0.34807892435478527,0.4371359662721095,0.6521782236658412,0.5216968999983396,0.6991862719527314,0.8441267464402745,0.762618370207332,0.11825501376693151,
B_argmax,8,0.02,8.0,48755.794871794875,974.5897435897435,974.5897435897435,59403.743589743586,0.21388244231651585,2.0695953017748425,1.1417388720456791,0.784674122894338,0.06744827853619526,0.12406312290838638,0.8329461435734501,0.0953396242786174,0.1708222141929244,0.8656479664379038,0.1745672855226777,0.2891486303296003,0.0326374299416892,
B_argmax,8,0.05,8.0,48755.794871794875,2437.25641025641,2437.25641025641,59403.743589743586,0.19513468199806638,1.6093163723163388,0.9022255271572026,0.7301449355645274,0.14375601800990287,0.23971950505354472,0.820673165120889,0.19653144032715655,0.3162092058729214,0.8913311127513208,0.3056924363091632,0.45284064374754085,0.06944250514354568,
B_argmax,8,0.1,8.0,48755.794871794875,4875.025641025641,4875.025641025641,59403.743589743586,0.21287822240878945,1.1743787587087156,0.6936284905587525,0.6238020305007267,0.2243264361713343,0.32916413258147803,0.7632561645893433,0.3155206226816629,0.4449447634892402,0.8854092692814817,0.45587236674197756,0.598619279294362,0.10285604749209191,
B_argmax,8,0.25,8.0,48755.794871794875,12188.564102564103,12188.564102564103,59403.743589743586,0.2697216889553741,0.597437353820936,0.43357952138815503,0.45299985038160345,0.35571817412614154,0.39735527579403646,0.6340374498923925,0.48831092095145945,0.5501324902807853,0.8482415632395766,0.6669941907574332,0.7440578490177809,0.13417746837939715,
B_argmax,8,0.5,8.0,48755.794871794875,24377.615384615383,24377.615384615383,59403.743589743586,0.3567298981998987,0.37330682898441686,0.3650183635921578,0.33699840791761093,0.4580551693840334,0.3871150302001131,0.5181813500321467,0.6094532523750656,0.5579750196482036,0.781211340407611,0.8007738476899195,0.7877207909066202,0.1344067202746382,
B_argmax,8,1.0,8.0,48755.794871794875,48755.794871794875,48755.794871794875,59403.743589743586,0.5209056338816771,0.26619991459115466,0.3935527742364159,0.2384233818562785,0.5665681563635017,0.33445064515754647,0.3973907230787406,0.7269789305067103,0.5115415664841395,0.6738577773048048,0.8794254142069587,0.760466710835206,0.11300122403099824,
B_argmax,16,0.02,15.692307692307692,70703.56410256411,1413.5897435897436,1413.5897435897436,59403.743589743586,0.20309864199095484,1.9304149357841829,1.0667567888875689,0.7864730059503418,0.09323509923522037,0.1663876128992275,0.8403141282412455,0.12501948284969241,0.21718100318634698,0.8773233233150253,0.21097055210220228,0.3385279485510743,0.046201627660532825,
B_argmax,16,0.05,15.692307692307692,70703.56410256411,3534.8205128205127,3534.8205128205127,59403.743589743586,0.19972861422202132,1.4425497691136473,0.8211391916678343,0.6954519073056554,0.18228461798374448,0.28821291093689283,0.805521237689387,0.24367684354011926,0.3731787881473048,0.8912250501732271,0.3600868619686702,0.5100553896118655,0.08978402741941674,
B_argmax,16,0.1,15.692307692307692,70703.56410256411,7069.948717948718,7069.948717948718,59403.743589743586,0.22391020418521426,1.019221283513865,0.6215657438495397,0.5713967654253937,0.27175253180462955,0.36732159001400805,0.7324161136919277,0.3676238464856141,0.48801082575813964,0.8833240542687818,0.5064090529131257,0.6408996878421565,0.12189589952760557,
B_argmax,16,0.25,15.692307692307692,70703.56410256411,17675.5641025641,17675.5641025641,59403.743589743586,0.2927562414801067,0.5279771270340409,0.4103666842570738,0.4059258583254728,0.40684315795613135,0.4049705713362223,0.5939040260890251,0.5309704466221212,0.5585236372043164,0.8331174769273261,0.7095311020179752,0.763278739397513,0.14296715093914256,
B_argmax,16,0.5,15.692307692307692,70703.56410256411,35351.51282051282,35351.51282051282,59403.743589743586,0.38861723527094155,0.3288042610673378,0.35871074816913967,0.29473984581062557,0.5106985775497758,0.37225983898176285,0.47487277119578036,0.6534445399405259,0.5474649079886357,0.7566734747816694,0.8313387831584433,0.789534174047868,0.12979101684705738,
B_argmax,16,1.0,15.692307692307692,70703.56410256411,70703.56410256411,70703.56410256411,59403.743589743586,0.569683042223456,0.22177391407985383,0.3957284781516549,0.204987942427421,0.6349181490464664,0.3087412191249634,0.3570527818250957,0.7756689382465122,0.4865234882830634,0.6389305031762544,0.9025772556134959,0.7454997704588822,0.1019327053562152,
B_argmax_matchE50,-1,0.02,23.666666666666668,85580.92307692308,137.89743589743588,137.89743589743588,59403.743589743586,0.2870825589338301,2.5406026864310918,1.413842622682461,0.7541706475918019,0.012235351744219206,0.02405642626422218,0.7780478102350968,0.025221670310359694,0.04874317785604931,0.7924450220697941,0.0691863922166838,0.12663835381621352,0.004284535535578978,
B_argmax_matchE50,-1,0.05,23.666666666666668,85580.92307692308,345.38461538461536,345.38461538461536,59403.743589743586,0.2519486509145511,2.4234619293156876,1.3377052901151194,0.7895371934250901,0.026142867080089133,0.050474171895909255,0.811141145266895,0.04218001349947084,0.07980989222661158,0.8254936932663194,0.0939353583607213,0.16727667864652393,0.011518023126142444,
B_argmax_matchE50,-1,0.1,23.666666666666668,85580.92307692308,691.3076923076923,691.3076923076923,59403.743589743586,0.22556002951909493,2.262905971620465,1.24423300056978,0.8060558843939655,0.048656376403440886,0.0912955728748422,0.8328483104821722,0.06961146450616051,0.1273535744768452,0.852659863191551,0.13218715486912908,0.22593299949916817,0.023507869681879724,
B_argmax_matchE50,-1,0.25,23.666666666666668,85580.92307692308,1728.923076923077,1728.923076923077,59403.743589743586,0.19367468827041548,1.8738381573697005,1.033756422820058,0.783974013102623,0.10727102661936427,0.18728003645515295,0.8465359710724002,0.14481346340428652,0.2445434547364264,0.8861569698646892,0.23762892514006523,0.3682312834111993,0.05393032141676434,
B_argmax_matchE50,-1,0.5,23.666666666666668,85580.92307692308,3458.4102564102564,3458.4102564102564,59403.743589743586,0.19013782078388342,1.499863839342114,0.8450008300629986,0.7138027923239575,0.17953283967580314,0.28366949911864053,0.8213476559933637,0.2388652431617093,0.3649353762613086,0.8976434414538679,0.35122007237388014,0.49733569223030966,0.0888664638908219,
B_argmax_matchE50,-1,1.0,23.666666666666668,85580.92307692308,6917.307692307692,6917.307692307692,59403.743589743586,0.21135868550651807,1.0977257639249138,0.654542224715716,0.5958145146087744,0.26568292443644975,0.36268805583093927,0.7562513460591012,0.3514028332507523,0.47566776778843245,0.8933503962161448,0.47835195203093206,0.6178953665814457,0.1222709860023944,
B_argmax_matchE50,1,0.02,1.0,9918.564102564103,30.025641025641026,30.025641025641026,59403.743589743586,0.2597783408105531,3.3403885792592916,1.8000834600349225,0.7111704890077777,0.002795614703914497,0.005567406104559268,0.7338630399735734,0.006026272756817645,0.011946844879045742,0.7831433791995648,0.02156762625669226,0.041915455724418064,0.0010494585494246463,
B_argmax_matchE50,1,0.05,1.0,9918.564102564103,75.84615384615384,75.84615384615384,59403.743589743586,0.24948382343279485,3.2013181482201767,1.7254009858264858,0.7230953075738928,0.006512578751943483,0.012899450099251024,0.7533993864609325,0.011731726609410367,0.023078911559595985,0.8033652792677736,0.03409171025192091,0.06527847069550805,0.0026909703523666437,
B_argmax_matchE50,1,0.1,1.0,9918.564102564103,152.23076923076923,152.23076923076923,59403.743589743586,0.2344889463701165,3.05489970385435,1.6446943251122332,0.7350418489857975,0.012555674501289362,0.024656649519746505,0.7781973132324865,0.021151768764835443,0.041090350296355584,0.8304208005639412,0.05338676282501652,0.09966477582616115,0.005386892788629024,
B_argmax_matchE50,1,0.25,1.0,9918.564102564103,381.46153846153845,381.46153846153845,59403.743589743586,0.20935765720374677,2.7794857035348786,1.4944216803693124,0.7300001635436502,0.029470118613700427,0.05650210558569617,0.8038887984316054,0.0458448460539282,0.0863312691088907,0.8686423246824665,0.094083554876173,0.16767737406825622,0.01305001236360403,
B_argmax_matchE50,1,0.5,1.0,9918.564102564103,763.4871794871794,763.4871794871794,59403.743589743586,0.19862238827193066,2.4396434470715747,1.3191329176717526,0.7062514328070634,0.05517209488249094,0.10187908246339925,0.8016031123134545,0.08366903260276375,0.15021017575760884,0.8856244333202145,0.152012744610064,0.25539020079440944,0.024609744482091085,
B_argmax_matchE50,1,1.0,1.0,9918.564102564103,1527.5897435897436,1527.5897435897436,59403.743589743586,0.2081373087903924,1.7983689272138572,1.0032531180021247,0.6429411890808083,0.09682103784039396,0.16694550840720776,0.7645634379326045,0.1533531292859706,0.2522975040538418,0.8841453570141294,0.27539653769453676,0.41197687810028466,0.04236709806418022,
B_argmax_matchE50,2,0.02,2.0,17059.102564102563,51.07692307692308,51.07692307692308,59403.743589743586,0.17597299316806486,2.580154490656159,1.3780637419121122,0.7150516835939046,0.00456949271708319,0.009077959979496524,0.82342095467887,0.011645449565621961,0.022947129868997645,0.8848808796024236,0.04568828079396863,0.08660190507963424,0.0015177379861239313,
B_argmax_matchE50,2,0.05,2.0,17059.102564102563,128.3846153846154,128.3846153846154,59403.743589743586,0.1751830628553998,2.4599049823554844,1.3175440226054422,0.7101124052080591,0.010339192102396942,0.02036855844975754,0.8204413988890749,0.022413477453970154,0.043563545289691114,0.8880915578297208,0.06816205930054241,0.12602948591011215,0.0037485952656623636,
B_argmax_matchE50,2,0.1,2.0,17059.102564102563,257.4871794871795,257.4871794871795,59403.743589743586,0.1724021229301997,2.3333497586122247,1.2528759407712122,0.7045533226346561,0.019271548007444985,0.037475120307913015,0.8209801036164515,0.03751093292560884,0.0715536719683421,0.8977684879398162,0.09618340975353289,0.17274023690408571,0.007413585823249231,
B_argmax_matchE50,2,0.25,2.0,17059.102564102563,644.5384615384615,644.5384615384615,59403.743589743586,0.17287756486170516,2.0892667098142725,1.1310721373379888,0.6896456931285336,0.044306814125753595,0.08303449864474888,0.8153395233940174,0.07608675341598992,0.13851297909624857,0.9055321859399122,0.15891573119769303,0.2680101400168712,0.018229199162527132,
B_argmax_matchE50,2,0.5,2.0,17059.102564102563,1289.6923076923076,1289.6923076923076,59403.743589743586,0.1794418837714687,1.814158510367973,0.9968001970697208,0.6738924985695335,0.08227993557036185,0.14600299390812888,0.8009606209044269,0.13092764019749412,0.2234694867189703,0.9016304992894646,0.2361328252721826,0.36960710786738793,0.035244863482428515,
B_argmax_matchE50,2,1.0,2.0,17059.102564102563,2579.974358974359,2579.974358974359,59403.743589743586,0.19788884994475422,1.3107200093083515,0.754304429626553,0.6285575890595435,0.14822178085987586,0.23831998784987804,0.7657229891752101,0.23316102890266513,0.35405546810217775,0.8899313831839469,0.39408279373926475,0.5401616524747218,0.06318288004599061,
B_argmax_matchE50,4,0.02,4.0,30803.30769230769,81.7948717948718,81.7948717948718,59403.743589743586,0.23914579836024666,2.4696351446685303,1.3543904715143884,0.7316062643758924,0.00745073835723699,0.014746088784499532,0.8002610095280968,0.019280153658334822,0.03760944634648583,0.8382041065037931,0.07113144286072733,0.13055692713604358,0.0025202687535163977,
B_argmax_matchE50,4,0.05,4.0,30803.30769230769,205.23076923076923,205.23076923076923,59403.743589743586,0.24268317272029202,2.371331072755623,1.3070071227379576,0.7338212039603151,0.01685743963562271,0.03293006223771365,0.7957021345151541,0.03432038239319838,0.06566139765930326,0.8344611314621678,0.09368631745368217,0.16755479357723008,0.0063662752265253985,
B_argmax_matchE50,4,0.1,4.0,30803.30769230769,410.8974358974359,410.8974358974359,59403.743589743586,0.228659367994333,2.253731416624294,1.2411953923093135,0.7507060754370766,0.031730045853155225,0.060784323262853907,0.8087317311262493,0.054734166726959556,0.10212963813359785,0.8481005816472476,0.12487435791460232,0.21573776123167007,0.013162654547837879,
B_argmax_matchE50,4,0.25,4.0,30803.30769230769,1027.974358974359,1027.974358974359,59403.743589743586,0.20338155839659278,1.9996288459259695,1.101505202161281,0.7562027101377904,0.07221095451259167,0.1313736774420822,0.8250214801274123,0.10867878452826951,0.19074183584275226,0.8761108625840541,0.20012456349417423,0.3219091523847526,0.03246284775897175,
B_argmax_matchE50,4,0.5,4.0,30803.30769230769,2056.3076923076924,2056.3076923076924,59403.743589743586,0.19402041638518275,1.6582642425198515,0.9261423294525171,0.7239401450296569,0.1291204780058504,0.21810615103012593,0.8180298142879457,0.18446542128937551,0.29858933405996835,0.890438518195339,0.29925698327912154,0.4424167371276762,0.05906771523776844,
B_argmax_matchE50,4,1.0,4.0,30803.30769230769,4113.153846153846,4113.153846153846,59403.743589743586,0.20799134343694844,1.1936642133310404,0.7008277783839945,0.6399596373360283,0.211527730335889,0.315888068366619,0.7699492636404067,0.3064489030549952,0.4347406721936755,0.8864242441346252,0.4530654182959843,0.5947477467330744,0.09425200048350132,
B_argmax_matchE50,8,0.02,8.0,48755.794871794875,105.05128205128206,105.05128205128206,59403.743589743586,0.28047726473234835,2.489361496084811,1.3849193804085798,0.7282397325844321,0.009978873840637321,0.01967616611199175,0.7715732645362178,0.024626361414912597,0.04763317012642219,0.794618964144943,0.0752472668407546,0.1366882031685496,0.003328491409121007,
B_argmax_matchE50,8,0.05,8.0,48755.794871794875,263.3333333333333,263.3333333333333,59403.743589743586,0.25937185834021204,2.4080817638454826,1.3337268110928473,0.7580149317372836,0.021131997843905685,0.0410577397420634,0.795753034748568,0.03822371698479617,0.0727240201303517,0.8177318282648435,0.09323417813438598,0.1661498436714443,0.008691777760702837,
B_argmax_matchE50,8,0.1,8.0,48755.794871794875,527.1794871794872,527.1794871794872,59403.743589743586,0.23657805085785372,2.2829581083268917,1.259768079592373,0.7804900701299919,0.03897942322034747,0.07405272278863141,0.8171727044937319,0.06004469742188792,0.11131816263018898,0.842276357686207,0.12280483207000216,0.2123390925530343,0.017932347763428818,
B_argmax_matchE50,8,0.25,8.0,48755.794871794875,1318.5897435897436,1318.5897435897436,59403.743589743586,0.2021290951571301,1.955377207025835,1.0787531510914825,0.7770825993929302,0.08767391412016297,0.15671908839251977,0.8367039505072416,0.1236998164072931,0.21342656211647956,0.8791174295689033,0.21393144223726268,0.3392396686147667,0.042562214817952866,
B_argmax_matchE50,8,0.5,8.0,48755.794871794875,2637.641025641026,2637.641025641026,59403.743589743586,0.19183876996620816,1.5680291646412967,0.8799339673037525,0.7267214152249607,0.15275864174051768,0.2508159883237045,0.8239770357929529,0.21173516375766185,0.3332169747826103,0.8949639319343127,0.32807509173762994,0.47267610906629015,0.07342878554636717,
B_argmax_matchE50,8,1.0,8.0,48755.794871794875,5275.923076923077,5275.923076923077,59403.743589743586,0.20868782658196577,1.1491780656890167,0.6789329461354912,0.622364003496916,0.2393659662732554,0.34255127623202014,0.7660014634605355,0.3316619867285161,0.45886533472747193,0.890117606424563,0.46465576235828876,0.6054775029674414,0.10843210554433619,
B_argmax_matchE50,16,0.02,15.692307692307692,70703.56410256411,124.51282051282051,124.51282051282051,59403.743589743586,0.29296424663291565,2.521117341375406,1.407040794004161,0.7495468231912039,0.01148565843718985,0.022604913686953606,0.7705364668129906,0.02539669032889068,0.04903675757281242,0.7868141075193595,0.071466940530996,0.13018125682090018,0.003974371742475462,
B_argmax_matchE50,16,0.05,15.692307692307692,70703.56410256411,311.87179487179486,311.87179487179486,59403.743589743586,0.25763534229375734,2.4192948932284892,1.3384651177611233,0.7831088366397813,0.024403725756915413,0.047228305544538426,0.8049870221970729,0.0406568172138345,0.0770967332747511,0.8206741839872936,0.09332612344683502,0.16626745371689675,0.010607717745988093,
B_argmax_matchE50,16,0.1,15.692307692307692,70703.56410256411,624.2820512820513,624.2820512820513,59403.743589743586,0.22982800271568576,2.2720350761828945,1.2509315394492901,0.8019034386947497,0.04539215466001445,0.0855508502103276,0.8286593107395277,0.0662639062610282,0.12178811721295801,0.8486414102407195,0.12852880177747839,0.22046555398095363,0.02169789437789957,
B_argmax_matchE50,16,0.25,15.692307692307692,70703.56410256411,1561.3076923076924,1561.3076923076924,59403.743589743586,0.1971067991958201,1.9037146596960548,1.0504107294459375,0.7837248676478475,0.10057648278844793,0.17709047417194707,0.8445459297622148,0.13658362868695081,0.23285262691060085,0.8836553108831819,0.22643969777648423,0.35545930659965624,0.05032210586423025,
B_argmax_matchE50,16,0.5,15.692307692307692,70703.56410256411,3123.1794871794873,3123.1794871794873,59403.743589743586,0.1912887764214877,1.5189433212822423,0.855116048851865,0.7218942739371287,0.1717635026446892,0.2749311244503739,0.8241030483079239,0.23157864370397746,0.3568566696464714,0.8966604445236317,0.3447047929588231,0.4904440761225679,0.0842528656849877,
B_argmax_matchE50,16,1.0,15.692307692307692,70703.56410256411,6246.897435897436,6246.897435897436,59403.743589743586,0.20918772553954001,1.1131242376721882,0.6611559816058641,0.6100520484741087,0.25911984398728427,0.3596457352491424,0.7624112354770828,0.345437740035933,0.4715838995813281,0.8931958482714504,0.47315640420141275,0.6139510757308079,0.11918478803230591,
B_argmax_matchE75,-1,0.02,23.666666666666668,85580.92307692308,53.23076923076923,53.23076923076923,59403.743589743586,0.38190628149081085,2.826938101612106,1.6044221915514585,0.655760290933385,0.005536970777175009,0.010975930848447711,0.6839794919552481,0.013916559652090306,0.027225699294080707,0.7057827283178564,0.04392870530693628,0.08219004413614284,0.0014721920507900156,
B_argmax_matchE75,-1,0.05,23.666666666666668,85580.92307692308,133.82051282051282,133.82051282051282,59403.743589743586,0.3033954539203527,2.5524684024978295,1.427931928209091,0.7383101081007776,0.012310642634672039,0.024192287234874956,0.7613260192731257,0.025085079052226414,0.04845522369805142,0.7759200026391391,0.06794596964517377,0.12437526184964341,0.0042279528055311905,
B_argmax_matchE75,-1,0.1,23.666666666666668,85580.92307692308,268.0769230769231,268.0769230769231,59403.743589743586,0.27404029464387075,2.466119354664509,1.3700798246541899,0.7678956215316217,0.021645212382035275,0.04200791062280375,0.7891783785553348,0.036394823797751136,0.06933778246494908,0.8029799298265337,0.08487615867820632,0.1526554089288988,0.008850189169044821,
B_argmax_matchE75,-1,0.25,23.666666666666668,85580.92307692308,670.9230769230769,670.9230769230769,59403.743589743586,0.23907494492216486,2.2860515980112517,1.262563271466708,0.7933059177737036,0.04814688877482959,0.09023049590289245,0.8189871353047061,0.06838350622564765,0.12507245853040708,0.8362885423199921,0.1281262424242376,0.2194533775739904,0.022504470955172575,
B_argmax_matchE75,-1,0.5,23.666666666666668,85580.92307692308,1342.2564102564102,1342.2564102564102,59403.743589743586,0.21500548383788995,2.0251838461384812,1.1200946649881856,0.7892879125623896,0.08785485289459101,0.1565890036907232,0.8333150191239929,0.11648810522342203,0.20202717598015763,0.8626253749321589,0.19289963462451537,0.31130914449025426,0.04351772961051392,
B_argmax_matchE75,-1,1.0,23.666666666666668,85580.92307692308,2684.923076923077,2684.923076923077,59403.743589743586,0.198796131184605,1.6530329985967755,0.9259145648906902,0.7409621680925056,0.1508757526389537,0.2475798722963153,0.823787217215112,0.19866967436941063,0.3157952580628323,0.8835753686158765,0.302389331459289,0.44414809012974016,0.07551367427855574,
B_argmax_matchE75,1,0.02,1.0,9918.564102564103,12.051282051282051,12.051282051282051,59403.743589743586,0.2582769097744903,3.4267365622969055,1.842506736035698,0.7180202051659541,0.0013089204783041956,0.0026125608991877393,0.7433013567628952,0.003600473893342798,0.007163400103573079,0.781050644512183,0.016251001456505192,0.0318035112993426,0.0004325336490028647,
B_argmax_matchE75,1,0.05,1.0,9918.564102564103,30.743589743589745,30.743589743589745,59403.743589743586,0.2620298495127589,3.3380412317732455,1.8000355406430022,0.7075216266502918,0.002958752615515755,0.005890526705381433,0.7306908016488196,0.006233676674037401,0.012354100878462896,0.7816639830567836,0.021846375663677087,0.04244827713655313,0.0010919310205745113,
B_argmax_matchE75,1,0.1,1.0,9918.564102564103,61.97435897435897,61.97435897435897,59403.743589743586,0.25801695739894964,3.241618032063253,1.7498174947311014,0.7149982908453401,0.005537051725476137,0.01098134828831086,0.7399287632736468,0.009973316677804408,0.019663104363395495,0.7888549119471787,0.029583551382228974,0.05695157017229251,0.002204638154989012,
B_argmax_matchE75,1,0.25,1.0,9918.564102564103,155.74358974358975,155.74358974358975,59403.743589743586,0.2355954292770648,3.0505945189214136,1.6430949740992393,0.7323216831107168,0.013135681160227996,0.025766386137239115,0.7732420687795086,0.021434313031152386,0.041634921353296474,0.8261183017343632,0.05311915442146068,0.09934727451740775,0.0055857144113606715,
B_argmax_matchE75,1,0.5,1.0,9918.564102564103,311.8974358974359,311.8974358974359,59403.743589743586,0.22079335166487932,2.8476126929863472,1.5342030223256133,0.729474268414644,0.025020631490418933,0.04824404627729271,0.790670116189338,0.038518689282322244,0.07320708207301833,0.8514228945016372,0.081600074310862,0.14790276768351437,0.010870099230215681,
B_argmax_matchE75,1,1.0,1.0,9918.564102564103,624.3076923076923,624.3076923076923,59403.743589743586,0.2077360597747134,2.546578542394373,1.3771573010845435,0.708434580719013,0.046701450644959154,0.08716598786868685,0.7941596257433264,0.07059524410537335,0.12873505828875487,0.8739120672814717,0.13334532840581712,0.22809933637469343,0.020617641246921226,
B_argmax_matchE75,2,0.02,2.0,17059.102564102563,20.974358974358974,20.974358974358974,59403.743589743586,0.18156260589775094,2.6543810299961828,1.4179718179469667,0.723613938598161,0.002237804636162122,0.0044607479924722,0.8115034970432089,0.007316399299688492,0.014491409483983201,0.8753792003732466,0.03597948707094283,0.06886600388815237,0.0006575496907226122,
B_argmax_matchE75,2,0.05,2.0,17059.102564102563,53.23076923076923,53.23076923076923,59403.743589743586,0.17969067490101664,2.5771018778491546,1.3783962763750854,0.7042660638964205,0.004757739408318265,0.009447604769836021,0.8170876606974048,0.01205766223679128,0.02374358436390925,0.8825099260603463,0.04664921719255237,0.0883221292947866,0.0015791879977573192,
B_argmax_matchE75,2,0.1,2.0,17059.102564102563,106.8974358974359,106.8974358974359,59403.743589743586,0.17368177575475174,2.4906319889446737,1.3321568823497127,0.7112424280738094,0.008934177333877696,0.017632399299628808,0.8213426345298851,0.019720376787543736,0.03846123235368275,0.8888060583665509,0.06275821531458725,0.1167136134568936,0.003157954503985823,
B_argmax_matchE75,2,0.25,2.0,17059.102564102563,268.2307692307692,268.2307692307692,59403.743589743586,0.17309086786082964,2.3268175215844686,1.2499541947226491,0.7009750144310657,0.020235889317001814,0.03927212206480237,0.8178675068695502,0.03869767251092294,0.07371305633898574,0.8964342419595497,0.097354348363807,0.1747166343655477,0.007775332704506701,
B_argmax_matchE75,2,0.5,2.0,17059.102564102563,536.8461538461538,536.8461538461538,59403.743589743586,0.17343842201251114,2.150513499475694,1.1619759607441025,0.6920750109481282,0.03773895845606485,0.07135632471998668,0.813274654185147,0.06579141900133216,0.1212160468099573,0.9017820755390892,0.1421868582318291,0.24385818216066787,0.01527114552676447,
B_argmax_matchE75,2,1.0,2.0,17059.102564102563,1074.2820512820513,1074.2820512820513,59403.743589743586,0.18114553630342173,1.8988916615178875,1.0400185989106545,0.6772701023379449,0.07066976049206102,0.1272930691993522,0.8000917391830983,0.1135571803208785,0.19759287174478346,0.8974078343694984,0.2112724452004494,0.33852381792498143,0.029626724398144386,
B_argmax_matchE75,4,0.02,4.0,30803.30769230769,35.717948717948715,35.717948717948715,59403.743589743586,0.23203827322671694,2.532957410403935,1.3824978418153258,0.737483884375208,0.003942971824324489,0.007842142273912722,0.8008982423268616,0.012686895109560978,0.02495635951265149,0.8414147352710105,0.05891502263929487,0.10963182819644637,0.0011555067274354562,
B_argmax_matchE75,4,0.05,4.0,30803.30769230769,90.2051282051282,90.2051282051282,59403.743589743586,0.241725942248975,2.4608433496002995,1.3512846459246373,0.7275537086831567,0.008336752455618617,0.016477161426757606,0.7970966373724345,0.020819626938896926,0.04053543415732271,0.8370695349570263,0.07333969152639092,0.13430587286339676,0.0028390937390331745,
B_argmax_matchE75,4,0.1,4.0,30803.30769230769,180.87179487179486,180.87179487179486,59403.743589743586,0.24337868397392112,2.3886171911171865,1.315997937545554,0.7326920818803793,0.015509574772193373,0.03035173439728898,0.7945439624472596,0.03230674055550548,0.061978873617210294,0.8342299389879537,0.09053546390109621,0.16253980291674042,0.0056992577262971605,
B_argmax_matchE75,4,0.25,4.0,30803.30769230769,453.05128205128204,453.05128205128204,59403.743589743586,0.23379985513160442,2.2398150102475767,1.2368074326895904,0.7446095076343032,0.035140944324721625,0.06696918568377323,0.8011317800235634,0.058799212518011894,0.10913311614886223,0.8423432656120476,0.129514453855716,0.22265621732006904,0.014545751609522012,
B_argmax_matchE75,4,0.5,4.0,30803.30769230769,906.5897435897435,906.5897435897435,59403.743589743586,0.21409789882851143,2.0496894084303254,1.1318936536294184,0.7535023098672625,0.06567594842504108,0.12030232765504685,0.815499548713361,0.09939374674223861,0.17599645633324182,0.8637320741108905,0.18537954598198356,0.30207782482314427,0.028898386411576105,
B_argmax_matchE75,4,1.0,4.0,30803.30769230769,1813.6923076923076,1813.6923076923076,59403.743589743586,0.2021351879498221,1.7406906544665355,0.9714129212081789,0.7285224378677956,0.11742214913161224,0.2009084434171473,0.8140110251207299,0.1663749593157438,0.27404912535962095,0.880104239537693,0.2724839019647523,0.4121729315103768,0.05335872058340161,
B_argmax_matchE75,8,0.02,8.0,48755.794871794875,43.333333333333336,43.333333333333336,59403.743589743586,0.2836357153165731,2.5531123440420838,1.4183740296793284,0.7274900128672219,0.005273233814447346,0.010468191569795096,0.7647733930636844,0.017125981622128274,0.03346808394978132,0.7923656967449874,0.06327712645865266,0.11675577537137233,0.001420284852814692,
B_argmax_matchE75,8,0.05,8.0,48755.794871794875,108.94871794871794,108.94871794871794,59403.743589743586,0.28051160672571024,2.4866618659101514,1.3835867363179308,0.7286842655587056,0.010566634252458762,0.02082106132067618,0.7708366941260968,0.025483121082089267,0.049251333085619305,0.7939657022589042,0.07651996184979322,0.13882757598758166,0.0035497784366323084,
B_argmax_matchE75,8,0.1,8.0,48755.794871794875,218.56410256410257,218.56410256410257,59403.743589743586,0.272756732014761,2.433644079712757,1.3532004058637592,0.7415497454273152,0.018431574164983054,0.035926014202548484,0.781642407040275,0.03496622393922605,0.06677153288127295,0.8027305222737071,0.088236016740074,0.15794543708478748,0.007201237668652999,
B_argmax_matchE75,8,0.25,8.0,48755.794871794875,547.1282051282051,547.1282051282051,59403.743589743586,0.24630747087128363,2.2857258440558854,1.2660166574635845,0.7689388868703947,0.04078154027093533,0.07722760482481354,0.8053282217353336,0.061392630617787915,0.1135984348113558,0.8301847893454246,0.1224904500319778,0.21192050937334833,0.018314663206766228,
B_argmax_matchE75,8,0.5,8.0,48755.794871794875,1094.8974358974358,1094.8974358974358,59403.743589743586,0.22153551156636744,2.055494504132429,1.1385150078493982,0.7749995977024381,0.07439030533146561,0.13504394643281437,0.8221292941709422,0.10391547391996833,0.18310886574251922,0.8568330428829244,0.18353362544754015,0.2992343932290375,0.03572018724393622,
B_argmax_matchE75,8,1.0,8.0,48755.794871794875,2190.3076923076924,2190.3076923076924,59403.743589743586,0.2018545837386392,1.6940398441060722,0.9479472139223557,0.7404254283523184,0.13311750959673235,0.2240169361835766,0.82040233344553,0.181275697043013,0.2945343587274052,0.8816620618983666,0.28719476040335823,0.42915005370861325,0.0641425459885341,
B_argmax_matchE75,16,0.02,15.692307692307692,70703.56410256411,48.717948717948715,48.717948717948715,59403.743589743586,0.3280508611494885,2.680793691043769,1.5044222760966286,0.700522742605817,0.0057133080735828545,0.01133003598450453,0.7248506047958381,0.016196774508147927,0.03161145666094719,0.7464414827241259,0.053111461191072046,0.09844278460427314,0.0015209089562355103,
B_argmax_matchE75,16,0.05,15.692307692307692,70703.56410256411,122.61538461538461,122.61538461538461,59403.743589743586,0.3027384018680995,2.5297221565979893,1.4162302792330446,0.7373157200020695,0.011641146238062876,0.02290258475560849,0.7599462204343825,0.025384063080385218,0.04899745723940008,0.7756100469859831,0.07045004722811651,0.1283889373871652,0.003965613716102124,
B_argmax_matchE75,16,0.1,15.692307692307692,70703.56410256411,245.56410256410257,245.56410256410257,59403.743589743586,0.28237581735020373,2.457590445081466,1.369983131215835,0.759524968398412,0.020414148510532765,0.03969095468882165,0.7811272682375919,0.03574208271401242,0.0681293122854722,0.7964708908824493,0.08566609033337963,0.15360275242032356,0.008228026182207734,
B_argmax_matchE75,16,0.25,15.692307692307692,70703.56410256411,614.5384615384615,614.5384615384615,59403.743589743586,0.2424374864092759,2.2879398642150104,1.2651886753121433,0.789336309957338,0.045227764499171944,0.08517768684483897,0.8153049728289047,0.06546799944201158,0.12037129810322633,0.8333642981698324,0.12593369579216562,0.2164355971838822,0.0209749097907881,
B_argmax_matchE75,16,0.5,15.692307692307692,70703.56410256411,1229.4871794871794,1229.4871794871794,59403.743589743586,0.21759054361491756,2.040814969638348,1.1292027566266327,0.7880939881051889,0.08286989501162799,0.14885407100531842,0.831509618242381,0.1114648809979492,0.1946174965643457,0.8607094646204542,0.1874138031825259,0.3042547819251107,0.04079608247075449,
B_argmax_matchE75,16,1.0,15.692307692307692,70703.56410256411,2459.4358974358975,2459.4358974358975,59403.743589743586,0.20024008343687874,1.6675812096464626,0.9339106465416708,0.7450255009745578,0.14497790368669503,0.24042868090454497,0.8246641432826968,0.19242582685962809,0.30864567861434505,0.8829166968369421,0.29748364262686033,0.4390876863049527,0.07181831087628783,
C_grid,-1,0.005,23.666666666666668,742901.641025641,3714.076923076923,3714.076923076923,59403.743589743586,0.2307889573151739,1.7021363287046432,0.9664626430099086,0.6100905390307549,0.13270663298256336,0.2149086795072732,0.8283771138186037,0.16055616785512036,0.2675465028759183,0.8706756130617853,0.24529134065881864,0.38038863343710866,0.06773928445606223,0.10662600615975744
C_grid,-1,0.01,23.666666666666668,742901.641025641,7428.5641025641025,7428.5641025641025,59403.743589743586,0.24726772487826265,1.3837147056740657,0.8154912152761643,0.5061156741293831,0.20960795445119282,0.2906988278724898,0.7800585318023261,0.252860637740296,0.37836976793931093,0.8676211846368065,0.3574238269957818,0.5030643000741761,0.097674413639025,0.10662600615975744
C_grid,-1,0.02,23.666666666666668,742901.641025641,14857.641025641025,14857.641025641025,59403.743589743586,0.2677747109630669,1.0876015133707426,0.6776881121669047,0.40776851388309093,0.3188162571791857,0.35038015415890855,0.6976844081016548,0.36749102727043176,0.4764266536811681,0.8656404720863256,0.4698446842254411,0.6069925905177983,0.1240297607538918,0.10662600615975744
C_grid,-1,0.05,23.666666666666668,742901.641025641,37144.666666666664,37144.666666666664,59403.743589743586,0.3601178630773565,0.6411103400726832,0.5006141015750198,0.269104599615341,0.4754215253704719,0.33710529699476877,0.5129350782215887,0.5256944390128596,0.5119190087006387,0.7994475672322721,0.6401955693548695,0.7076570346062484,0.11978110340590063,0.10662600615975744
C_grid,-1,0.1,23.666666666666668,742901.641025641,74289.84615384616,74289.84615384616,59403.743589743586,0.5142055680793668,0.39615126358075986,0.4551784158300633,0.18835931758783309,0.6165887311526874,0.28455747841496337,0.3773859723460579,0.6712070614111413,0.47655027634152336,0.6897214145750579,0.7774095703715644,0.7268329549054534,0.09730333473900031,0.10662600615975744
C_grid,-1,0.25,23.666666666666668,742901.641025641,185725.23076923078,185725.23076923078,59403.743589743586,0.8066602296441379,0.18664943553589766,0.49665483259001775,0.11550455717696687,0.8366211163104248,0.20131213195487851,0.24010515078126707,0.8658996585058839,0.37183315514482496,0.5228894473177825,0.9138605347910222,0.6591914013696872,0.06408158114858646,0.10662600615975744
C_grid,-1,0.5,23.666666666666668,742901.641025641,371450.7948717949,371450.7948717949,59403.743589743586,1.2498859270852658,0.09749835573162142,0.6736921414084437,0.0692719112674444,0.9428829090686276,0.128441494844557,0.1467376868770492,0.9506723639951019,0.25224204485733803,0.3564517352903457,0.9640949726220635,0.5149108102817376,0.03870714470459996,0.10662600615975744
C_grid,-1,1.0,23.666666666666668,742901.641025641,742901.641025641,742901.641025641,59403.743589743586,1.9358765204147126,0.061778871760226915,0.9988276960874699,0.03731550024284807,0.9843589022631577,0.07173783414242878,0.08008027049847148,0.9864500482975663,0.14753475436888802,0.203610387809847,0.9889148911050666,0.3351088299383482,0.0207330300702103,0.10662600615975744
C_grid,1,0.005,1.0,404755.3846153846,2023.4102564102564,2023.4102564102564,59403.743589743586,0.21120418193833268,2.1819315083259254,1.196567845132129,0.6690165058643867,0.07634338140809276,0.1361398680412352,0.819500208445018,0.09985474561492531,0.17715209782772273,0.8733645770340654,0.1693502522657382,0.2812232423197531,0.044479798732211445,0.1
C_grid,1,0.01,1.0,404755.3846153846,4047.051282051282,4047.051282051282,59403.743589743586,0.22159770262696044,1.912967449005522,1.0672825758162412,0.5699688250123335,0.11634462848737456,0.1910926580726938,0.7982022494471909,0.15268310369180474,0.25437037951427516,0.8792017296863778,0.2361023362779538,0.36868557038516864,0.06741505705723168,0.1
C_grid,1,0.02,1.0,404755.3846153846,8094.666666666667,8094.666666666667,59403.743589743586,0.24396474474220278,1.6353968243680486,0.9396807845551257,0.46559056756799283,0.17615548989056845,0.2510856127812043,0.7397422092300016,0.21776744586564029,0.3323199887003396,0.8751048662605223,0.3117694696976979,0.45436535716615356,0.0931852359931077,0.1
C_grid,1,0.05,1.0,404755.3846153846,20237.410256410258,20237.410256410258,59403.743589743586,0.31750485583251137,1.0776594559355068,0.6975821558840092,0.33184453044625006,0.29068991690183865,0.30324033322511523,0.5873413423458705,0.34792124249163003,0.4296090905712055,0.8175553317794313,0.4651929169339158,0.5853432984090321,0.1149913423387921,0.1
C_grid,1,0.1,1.0,404755.3846153846,40475.230769230766,40475.230769230766,59403.743589743586,0.40198640917961764,0.6744760777468963,0.5382312434632569,0.24652905287726976,0.40343427864918957,0.30055972719084395,0.46551529453338614,0.4701532576488488,0.46049471877140474,0.7449168009287803,0.6099885244091823,0.6637441209636423,0.11092435192935583,0.1
C_grid,1,0.25,1.0,404755.3846153846,101188.64102564103,101188.64102564103,59403.743589743586,0.6038016352089652,0.4312747068630259,0.5175381710359955,0.15755272520386215,0.5748481816197717,0.24454107197790662,0.3187882963849121,0.6398521529903112,0.4209649912271544,0.6070371844761263,0.7611615109240125,0.6709302804305711,0.08369843520774901,0.1
C_grid,1,0.5,1.0,404755.3846153846,202377.61538461538,202377.61538461538,59403.743589743586,0.7818497692847501,0.30162639227854515,0.5417380807816478,0.11051519738797956,0.737147149846406,0.19070796964849476,0.23108303036158923,0.7774583893711533,0.3527453669417608,0.5066147499791308,0.8418268075029399,0.6272829141507813,0.06175666496673187,0.1
C_grid,1,1.0,1.0,404755.3846153846,404755.3846153846,404755.3846153846,59403.743589743586,0.9884000116639913,0.18989713864908245,0.5891485751565368,0.07047837205541826,0.8830258060069374,0.12990157376397946,0.14991978606111842,0.8914479274820233,0.2547969627451086,0.37464950859533963,0.9103502336392677,0.5255827561131091,0.04000072272089954,0.1
C_grid,2,0.005,2.0,548032.6153846154,2739.641025641026,2739.641025641026,59403.743589743586,0.2115406409505139,1.6900087202856269,0.9507746806180705,0.6632017143454559,0.10300831598549189,0.17699483044918315,0.8089219361770081,0.1360953028979764,0.2320218925312136,0.8702804853873667,0.2326016412119378,0.3654699564335396,0.05529216109476915,0.10069677269002598
C_grid,2,0.01,2.0,548032.6153846154,5479.820512820513,5479.820512820513,59403.743589743586,0.22946420425958833,1.4351293544365182,0.8322967793480532,0.5747659462520845,0.1582509532484575,0.24504050370121555,0.7896144200955217,0.2038054292084323,0.32181711051475204,0.8691723739728667,0.316964400878327,0.4616950839074518,0.08438857259559264,0.10069677269002598
C_grid,2,0.02,2.0,548032.6153846154,10960.179487179486,10960.179487179486,59403.743589743586,0.25534238924772623,1.1496384633149817,0.702490426281354,0.46870954898282935,0.2400508471482585,0.3114858901075653,0.7393071778542103,0.3011978932202118,0.4228044055856401,0.8632044835440674,0.4308810650375949,0.5708252497486707,0.11312641394666854,0.10069677269002598
C_grid,2,0.05,2.0,548032.6153846154,27401.30769230769,27401.30769230769,59403.743589743586,0.31832785208430836,0.7544780645086561,0.5364029582964822,0.3355134790889361,0.3912695327324366,0.3539468389448841,0.5982787293690243,0.4616104319238879,0.5129133102710683,0.8253453066324079,0.5959366865582526,0.6872247222685758,0.13252165017791545,0.10069677269002598
C_grid,2,0.1,2.0,548032.6153846154,54802.97435897436,54802.97435897436,59403.743589743586,0.4141824804700306,0.5033525924488135,0.45876753645942203,0.2442895466582803,0.5188106074423348,0.3263953484605791,0.46931414326311244,0.5883063457681793,0.5131628329664478,0.7548213541004268,0.7167201280280576,0.7284748013670237,0.11924350223779313,0.10069677269002598
C_grid,2,0.25,2.0,548032.6153846154,137007.94871794872,137007.94871794872,59403.743589743586,0.6574433125336744,0.28148126513023103,0.46946228883195273,0.15098047652934485,0.7158789066403475,0.24672729029300314,0.30825977326473397,0.7701914487651241,0.434663673504338,0.6081364342931136,0.8549927079138394,0.703994259941853,0.08307457658934328,0.10069677269002598
C_grid,2,0.5,2.0,548032.6153846154,274016.1794871795,274016.1794871795,59403.743589743586,0.946290956760593,0.18474979210336348,0.5655203744319782,0.0986830890358482,0.8553331065065487,0.17566844053316336,0.20682258120917746,0.8818819321950147,0.33138726691007825,0.46951361559665217,0.9181324428986264,0.6139828182411979,0.05576414687318003,0.10069677269002598
C_grid,2,1.0,2.0,548032.6153846154,548032.6153846154,548032.6153846154,59403.743589743586,1.281607533737288,0.11120998991418334,0.6964087618257359,0.058611287705781674,0.9481751378369054,0.10990296769968669,0.12488966089552991,0.9524533041633452,0.21914115041610366,0.31331908079540643,0.9604504487215204,0.4666831866005819,0.03311951928960558,0.10069677269002598
C_grid,4,0.005,4.0,637958.9743589744,3189.358974358974,3189.358974358974,59403.743589743586,0.21544383206670373,1.743061248905044,0.979252540485874,0.6619060504470551,0.11561509584763704,0.19481046122980233,0.8451629776665468,0.1427461917252856,0.2432602065332392,0.877304485624018,0.22590302087340697,0.35750979170555364,0.062198632579465195,0.10175823798873107
C_grid,4,0.01,4.0,637958.9743589744,6379.128205128205,6379.128205128205,59403.743589743586,0.23597633677936927,1.4435800961349723,0.8397782164571707,0.5625971594804,0.17890103903935461,0.2675472453998315,0.8117281429327308,0.22019703741968982,0.34359219836889576,0.870202955329406,0.32875079366616505,0.47307015685865456,0.0932503396910312,0.10175823798873107
C_grid,4,0.02,4.0,637958.9743589744,12758.71794871795,12758.71794871795,59403.743589743586,0.25548955663094103,1.1380065238001253,0.6967480402155332,0.4554840069558,0.27465889431076157,0.336307434695455,0.7451173548814306,0.33068915631748974,0.4531760804597084,0.8675275733900403,0.4478229991657239,0.5873011966919545,0.12414366721010563,0.10175823798873107
C_grid,4,0.05,4.0,637958.9743589744,31897.589743589742,31897.589743589742,59403.743589743586,0.31858943591828964,0.7199585568679611,0.5192739963931253,0.3169622422427996,0.43396619514166485,0.3597528395390396,0.5827798554189179,0.4922267447299121,0.5266542068378138,0.8295318127941206,0.6083992001769115,0.6981287460258588,0.13502251078707342,0.10175823798873107
C_grid,4,0.1,4.0,637958.9743589744,63795.53846153846,63795.53846153846,59403.743589743586,0.43316460335097634,0.4551095537041839,0.4441370785275801,0.22368733042179711,0.566026408884579,0.31585338314118905,0.43903212464367797,0.6233031789787431,0.5074780616775367,0.7424060680901372,0.7382794894780721,0.7354544217760554,0.11334609102142125,0.10175823798873107
C_grid,4,0.25,4.0,637958.9743589744,159489.61538461538,159489.61538461538,59403.743589743586,0.6718102103416336,0.23192056138963735,0.45186538586563546,0.13773688962496636,0.7721448727767081,0.23167395221485051,0.2843700419192633,0.8144230010942131,0.4168268162166903,0.5868632551973886,0.8826528118900604,0.6992856575824163,0.07669616675161099,0.10175823798873107
C_grid,4,0.5,4.0,637958.9743589744,318979.4358974359,318979.4358974359,59403.743589743586,1.0096111306118827,0.13483017774278105,0.5722206541773319,0.087409906730315,0.9024761533152553,0.1584362892037084,0.18436908285483108,0.9192670946168249,0.3043838582034634,0.4315217987038335,0.9425271975339109,0.5861336828457399,0.049327664784562936,0.10175823798873107
C_grid,4,1.0,4.0,637958.9743589744,637958.9743589744,637958.9743589744,59403.743589743586,1.493652815349932,0.08548563426578369,0.7895692248078577,0.04924323765884532,0.9672894297349106,0.09340997814917151,0.10543249795772294,0.9706173688316105,0.1891728674439656,0.26691424601710284,0.9762658894206715,0.415391629237791,0.02771716979401672,0.10175823798873107
C_grid,8,0.005,8.0,700246.5897435897,3500.8205128205127,3500.8205128205127,59403.743589743586,0.22444524119607037,1.7320244770497373,0.9782348591229038,0.6337520895137957,0.12333537688614758,0.20417801940215477,0.8343657695045954,0.14974539834596956,0.25271475486854084,0.8730030646422855,0.231568113799866,0.3643045251342395,0.06853443902069219,0.1035088371776429
C_grid,8,0.01,8.0,700246.5897435897,7002.025641025641,7002.025641025641,59403.743589743586,0.24037369669526198,1.4258379208596539,0.8331058087774579,0.5246111414613387,0.1912328488408385,0.2751481809061158,0.7944532507762754,0.23138040313616032,0.3549798027544213,0.8713293732219396,0.3376644437339804,0.4830050908287657,0.09712011518147302,0.1035088371776429
C_grid,8,0.02,8.0,700246.5897435897,14004.435897435897,14004.435897435897,59403.743589743586,0.26001514876866394,1.112847528604637,0.6864313386866505,0.42810152846138605,0.2963984604818211,0.3432345150813362,0.7191661193890815,0.34807262837997066,0.46386498575608126,0.8666748053892304,0.4575573440581285,0.5959187827916725,0.12597048262007796,0.1035088371776429
C_grid,8,0.05,8.0,700246.5897435897,35012.05128205128,35012.05128205128,59403.743589743586,0.3308111173413567,0.6798297490152065,0.5053204331782817,0.29449458850439864,0.4555509684376642,0.3508483685330555,0.5518059665210225,0.5092662423326068,0.5220986845206712,0.81854113387977,0.6256116878040141,0.7048751051321063,0.12881926306040023,0.1035088371776429
C_grid,8,0.1,8.0,700246.5897435897,70024.38461538461,70024.38461538461,59403.743589743586,0.46072974660264504,0.42618892962527566,0.4434593381139604,0.20678833778621394,0.5941560135656043,0.30243270531156546,0.41144864934038367,0.6494901184567217,0.49670392071192226,0.7242908940726891,0.7607450020272197,0.7374458353529372,0.10611000322313438,0.1035088371776429
C_grid,8,0.25,8.0,700246.5897435897,175061.5641025641,175061.5641025641,59403.743589743586,0.7356831140304076,0.21419961212273345,0.4749413630765705,0.12720857699712898,0.8087684999874479,0.21793563216393694,0.2637084999179047,0.8429358343038473,0.39713825563914884,0.5569689241039264,0.8977672117883674,0.6813132607571777,0.07071341702678281,0.1035088371776429
C_grid,8,0.5,8.0,700246.5897435897,350123.25641025644,350123.25641025644,59403.743589743586,1.1329629513765083,0.12183264162170918,0.6273977964991087,0.07775901596981973,0.9220052000738539,0.14263934572875694,0.16449839545425735,0.933292654388683,0.2772344043777635,0.3924365956412052,0.9500222594099693,0.5491310694460199,0.0436933931751321,0.1035088371776429
C_grid,8,1.0,8.0,700246.5897435897,700246.5897435897,700246.5897435897,59403.743589743586,1.743712507096742,0.08083918757104944,0.9122758473338957,0.042530904095253015,0.9698825493903885,0.08125802930876055,0.09122064207773328,0.973012868018088,0.16596665183377088,0.2311796247563973,0.9778272885203529,0.3703641409549476,0.023779326323872838,0.1035088371776429
C_grid,16,0.005,15.692307692307692,738910.1538461539,3694.051282051282,3694.051282051282,59403.743589743586,0.22766930206929745,1.7000179271055669,0.9638436145874321,0.6158139575626369,0.13139043639481102,0.2134490092023909,0.8309876036152494,0.15879032851674307,0.2653412712845923,0.8722183974920895,0.2431882681066498,0.3781591072769939,0.06836064216546768,0.10552968408740988
C_grid,16,0.01,15.692307692307692,738910.1538461539,7388.615384615385,7388.615384615385,59403.743589743586,0.24702874172962958,1.3862057946184951,0.8166172681740624,0.507120128417306,0.20613040453009981,0.2874436421099885,0.7818735460765412,0.24872329442115515,0.37400445220701845,0.8668544879120724,0.35391773459124454,0.4993591035024427,0.09794879718220192,0.10552968408740988
C_grid,16,0.02,15.692307692307692,738910.1538461539,14777.74358974359,14777.74358974359,59403.743589743586,0.265734481403423,1.0895684319344825,0.6776514566689528,0.4109379715072124,0.3152279049861703,0.3493495157359342,0.7031876790890761,0.3641520371390603,0.47498534948435933,0.866443622583895,0.46834621776523566,0.6058728510189154,0.12534759101323378,0.10552968408740988
C_grid,16,0.05,15.692307692307692,738910.1538461539,36945.10256410256,36945.10256410256,59403.743589743586,0.35106340670661174,0.6488181772233965,0.4999407919650042,0.27399921393018534,0.47250535688718937,0.34039370625292154,0.5218116104308183,0.5237072327398692,0.515614583455794,0.8053972244837967,0.6362047373627044,0.7076598741642945,0.12190943697168294,0.10552968408740988
C_grid,16,0.1,15.692307692307692,738910.1538461539,73890.66666666667,73890.66666666667,59403.743589743586,0.49540781014995616,0.3993683088272795,0.4473880594886178,0.19154351722938465,0.6117976119209994,0.2878095579427799,0.38430539621355647,0.6664481077109642,0.4811679002835672,0.6993862177710363,0.7754474107091287,0.7316324998834742,0.09889926388893014,0.10552968408740988
C_grid,16,0.25,15.692307692307692,738910.1538461539,184727.38461538462,184727.38461538462,59403.743589743586,0.7784270553842253,0.1896342432850957,0.48403064933466056,0.11768615562757678,0.8310777138332915,0.20453333231027793,0.2450173519698544,0.861805962295974,0.377573957804289,0.5313733052791435,0.9113775795301424,0.6657857295510557,0.06535632382450099,0.10552968408740988
C_grid,16,0.5,15.692307692307692,738910.1538461539,369455.0256410256,369455.0256410256,59403.743589743586,1.2199975070750706,0.10083954460597323,0.660418525840522,0.0709657722889003,0.9394121137981859,0.1313349749097467,0.15041521106038655,0.9478761028336178,0.25766603829727713,0.3643925134387599,0.9629469010269052,0.5234452537701529,0.03964226328025074,0.10552968408740988
C_grid,16,1.0,15.692307692307692,738910.1538461539,738910.1538461539,738910.1538461539,59403.743589743586,1.9011445693673994,0.06470575969601738,0.9829251645317083,0.03845157896380144,0.9832053768456662,0.07383605057500377,0.08261154476861872,0.9851857774601381,0.15183613607181742,0.21019708907927823,0.9872750915498966,0.34409689195493265,0.021358778732890427,0.10552968408740988
C_on_B,-1,0.02,23.666666666666668,85580.92307692308,1711.1538461538462,1711.1538461538462,59403.743589743586,0.21022911155546745,2.115378852873171,1.1628039822143192,0.8058286787304806,0.0742077350446933,0.13563031323855526,0.853521161418976,0.09027924688939892,0.16295788824474644,0.8714371422586944,0.14734365584880896,0.2516169891073299,0.04519140877076133,
C_on_B,-1,0.05,23.666666666666668,85580.92307692308,4278.615384615385,4278.615384615385,59403.743589743586,0.25330166974316515,1.6919307850544993,0.9726162273988322,0.6845700575297771,0.13432367922496788,0.22382807964528673,0.8010238615714308,0.16045193561054935,0.26684541715932764,0.8436018524606916,0.2416809374604002,0.3751128749895252,0.07986751249512684,
C_on_B,-1,0.1,23.666666666666668,85580.92307692308,8557.71794871795,8557.71794871795,59403.743589743586,0.2677908666615358,1.3627425306048395,0.8152666986331878,0.5725742978523579,0.2136724553765567,0.30973314709532307,0.7605001844947532,0.25500194823337974,0.3809115293369333,0.8420757538445242,0.3604579426794304,0.5028823213496221,0.11310879736143217,
C_on_B,-1,0.25,23.666666666666668,85580.92307692308,21394.923076923078,21394.923076923078,59403.743589743586,0.28612169144413446,0.9640327421348494,0.6250772167894919,0.4207373764836839,0.36590969186378897,0.38820526181092063,0.6456117785269654,0.4170407015172726,0.5046082203899792,0.8500703209102856,0.5188685193433873,0.6426219813804726,0.14431937955223204,
C_on_B,-1,0.5,23.666666666666668,85580.92307692308,42790.282051282054,42790.282051282054,59403.743589743586,0.3793757884189616,0.5636960696677968,0.47153592904337915,0.294464230015302,0.4917705236474386,0.3651210037706799,0.492448113459498,0.5579501033598186,0.5196538423415151,0.7813455053773416,0.6797382769707185,0.7245096770807101,0.12952678365484807,
C_on_B,-1,1.0,23.666666666666668,85580.92307692308,85580.92307692308,85580.92307692308,59403.743589743586,0.5955815543006927,0.20687323184954415,0.4012273930751184,0.1913303536631034,0.6599400356098201,0.2947542160362892,0.3387725030429238,0.7883244587803437,0.4708453065777651,0.6218504308770838,0.9090498901126827,0.7351720079024745,0.09632834133901746,
C_on_B,1,0.02,1.0,9918.564102564103,197.84615384615384,197.84615384615384,59403.743589743586,0.17735630582978137,2.8970839838065,1.5372201448181408,0.839534028400856,0.01822704329330005,0.035638729343128124,0.857257206605251,0.027423033875716936,0.05305876408272546,0.8743753030459991,0.05664033122591345,0.10605388634091592,0.008056316607559158,
C_on_B,1,0.05,1.0,9918.564102564103,495.38461538461536,495.38461538461536,59403.743589743586,0.19917568736147395,2.619685037557211,1.4094303624593425,0.8052799132971129,0.03772270031079006,0.07191937033015054,0.8309126358780596,0.04988273256936577,0.09387317530482224,0.8638078895451926,0.09086456372113388,0.1638052240057256,0.01879384432412083,
C_on_B,1,0.1,1.0,9918.564102564103,991.3589743589744,991.3589743589744,59403.743589743586,0.20939819706939639,2.305949630106777,1.2576739135880866,0.7617183393912851,0.06559427309665039,0.12038444651563801,0.8099661342625113,0.08474780216594884,0.1527234451686192,0.865576017220846,0.14634921584429952,0.24830617381778397,0.03407383589968818,
C_on_B,1,0.25,1.0,9918.564102564103,2479.2051282051284,2479.2051282051284,59403.743589743586,0.2312756723854899,1.8817810119918532,1.0565283421886715,0.6464350153598003,0.11983356266524076,0.20103932826486476,0.7666933255246291,0.16159189444038918,0.2648639166298513,0.8626997559225347,0.24887121641483093,0.38219181879822767,0.0618921626877043,
C_on_B,1,0.5,1.0,9918.564102564103,4959.0,4959.0,59403.743589743586,0.2686735560217303,1.4316397371199021,0.8501566465708162,0.5097820313273804,0.18268641440357727,0.2666366259427617,0.6705214960549556,0.2516905944747804,0.36243372797176104,0.8449595519465469,0.3723633260262818,0.5105991968425595,0.08226121491483121,
C_on_B,1,1.0,1.0,9918.564102564103,9918.564102564103,9918.564102564103,59403.743589743586,0.40752022722249975,0.6496045927106365,0.5285624099665681,0.3425832136241107,0.24940947573292346,0.28567261857520665,0.5000693129958925,0.39019373367512866,0.43453318837875343,0.7400838090787588,0.626993804243304,0.6740837745090739,0.08793731141310711,
C_on_B,2,0.02,2.0,17059.102564102563,340.6666666666667,340.6666666666667,59403.743589743586,0.17924555900479847,2.364988196150879,1.2721168775778386,0.7907699407540459,0.025885983954093052,0.05006378704410809,0.8398044194433768,0.041511575820601936,0.07891270240718774,0.8850939178738614,0.08904050688636383,0.16082019686500126,0.011748356528929917,
C_on_B,2,0.05,2.0,17059.102564102563,852.5128205128206,852.5128205128206,59403.743589743586,0.20042673934353825,2.0353235761599247,1.1178751577517316,0.760388242018558,0.053256104553328104,0.09933476218364201,0.8157930829436097,0.07519820279312976,0.13734425686763657,0.8643144474444728,0.14405179859934414,0.24572610002005135,0.02661874373652368,
C_on_B,2,0.1,2.0,17059.102564102563,1705.4615384615386,1705.4615384615386,59403.743589743586,0.2162301618512734,1.760074230297318,0.9881521960742956,0.7211418373435686,0.09258944624853663,0.16372216884713015,0.7956451434068945,0.12358367816207558,0.21333923639050026,0.8579905912431582,0.2124824056223557,0.33911129954704433,0.047506011348289794,
C_on_B,2,0.25,2.0,17059.102564102563,4264.4358974358975,4264.4358974358975,59403.743589743586,0.23898192423274148,1.3299585405528542,0.7844702323927979,0.6224270907333384,0.1809262166326941,0.2792578991661159,0.7612825635757607,0.23904419575886904,0.3625014160795044,0.8573535772184999,0.3653342547449353,0.5101135472058892,0.08962769824284533,
C_on_B,2,0.5,2.0,17059.102564102563,8529.25641025641,8529.25641025641,59403.743589743586,0.2781800897446548,0.9197244119438056,0.5989522508442301,0.4863319383659741,0.2729840056343413,0.34770504366211846,0.6627023461558988,0.3720913676669983,0.4745582328224731,0.8420163128937582,0.5283904606128678,0.6472936497994309,0.11492943256210048,
C_on_B,2,1.0,2.0,17059.102564102563,17059.102564102563,17059.102564102563,59403.743589743586,0.45675907660285386,0.43798969943187044,0.4473743880173622,0.3186506604408897,0.35809109140639733,0.335337488046552,0.47877881121326793,0.5338515749367261,0.5027076752816888,0.7253045108413405,0.7715093939918122,0.7451951318365294,0.10962543486727548,
C_on_B,4,0.02,4.0,30803.30769230769,615.5384615384615,615.5384615384615,59403.743589743586,0.15820393059731672,2.3224964381930064,1.2403501843951616,0.874720661920384,0.04143242285320188,0.07900695191070947,0.9025577523352297,0.05636713368731817,0.10590341281210734,0.9108643404284413,0.10401326609001955,0.18608507699418414,0.02184080933488258,
C_on_B,4,0.05,4.0,30803.30769230769,1539.6923076923076,1539.6923076923076,59403.743589743586,0.2120422137106291,1.9791608156933636,1.0956015147019962,0.8015690536461433,0.08043788457137548,0.1459619689209239,0.8457010905864061,0.10098601654299084,0.18012473929817124,0.8663332854709015,0.16746931343701796,0.2800694408861993,0.04516820159049891,
C_on_B,4,0.1,4.0,30803.30769230769,3079.871794871795,3079.871794871795,59403.743589743586,0.24280327408305338,1.6620146463882175,0.9524089602356355,0.719767769824403,0.1310989810939634,0.22136471437359598,0.8053648598122952,0.16114823745632467,0.2680005499803361,0.8479637118591609,0.24876247493812811,0.38309973924877017,0.07344864983663703,
C_on_B,4,0.25,4.0,30803.30769230769,7700.4358974358975,7700.4358974358975,59403.743589743586,0.257756676274643,1.1888222670846822,0.7232894716796626,0.5748223242162254,0.2487395658898445,0.34632334200079157,0.7427796998197399,0.30854404398392665,0.43479023979742537,0.8509506413244762,0.42850915993461997,0.5679169736909216,0.12220717646871505,
C_on_B,4,0.5,4.0,30803.30769230769,15401.410256410256,15401.410256410256,59403.743589743586,0.2930355375001066,0.7857228939568683,0.5393792157284875,0.4311890478979305,0.36689630208646723,0.3953404798308529,0.6267041826381797,0.45475014681820586,0.5258477570068513,0.8361950529269618,0.5853388686766738,0.6868913283977816,0.14043304337438614,
C_on_B,4,1.0,4.0,30803.30769230769,30803.30769230769,30803.30769230769,59403.743589743586,0.485498553235804,0.3199644659884133,0.40273150961210863,0.2754765669165008,0.47607503394047357,0.34807892435478527,0.4371359662721095,0.6521782236658412,0.5216968999983396,0.6991862719527314,0.8441267464402745,0.762618370207332,0.11825501376693151,
C_on_B,8,0.02,8.0,48755.794871794875,974.5897435897435,974.5897435897435,59403.743589743586,0.18650500571117565,2.263366852387872,1.2249359290495236,0.8484228224725254,0.05486761980289889,0.10290844403380471,0.878008343720646,0.06946502793226987,0.1284998639807057,0.8887580241062378,0.11871475147557006,0.20891286118833882,0.030736239288237453,
C_on_B,8,0.05,8.0,48755.794871794875,2437.25641025641,2437.25641025641,59403.743589743586,0.23596013136416716,1.8710989370673594,1.0535295342157633,0.7587778256034928,0.10241146878696508,0.18011190258318685,0.8229766959597663,0.12438140860034674,0.21563474510404504,0.8521494918706685,0.1952418713690747,0.316886810638656,0.05990545445485896,
C_on_B,8,0.1,8.0,48755.794871794875,4875.025641025641,4875.025641025641,59403.743589743586,0.25960343619462334,1.5340605679975836,0.8968320020961034,0.6597077635844185,0.16409470750147065,0.26211583948328304,0.7840872485401597,0.19756514275245868,0.31476147900396556,0.8413530638287926,0.2941990204362442,0.4337647897543994,0.09220870279908527,
C_on_B,8,0.25,8.0,48755.794871794875,12188.564102564103,12188.564102564103,59403.743589743586,0.2721556246311451,1.0954266131213253,0.6837911188762351,0.5011749059745693,0.29709203175278054,0.37175778993936076,0.7000869085834406,0.3544468451557648,0.469366858851926,0.8488775802089399,0.46686602706513713,0.6006570669926972,0.1364109661810589,
C_on_B,8,0.5,8.0,48755.794871794875,24377.615384615383,24377.615384615383,59403.743589743586,0.3195643229833022,0.6887821579835157,0.504173240483409,0.36919367887220933,0.42475149968968995,0.39346032295921235,0.5725400782780217,0.49921542441704614,0.5313425678769603,0.821180023517145,0.6242192065298664,0.7071470503118099,0.14249421549539518,
C_on_B,8,1.0,8.0,48755.794871794875,48755.794871794875,48755.794871794875,59403.743589743586,0.5209056338816771,0.26619991459115466,0.3935527742364159,0.2384233818562785,0.5665681563635017,0.33445064515754647,0.3973907230787406,0.7269789305067103,0.5115415664841395,0.6738577773048048,0.8794254142069587,0.760466710835206,0.11300122403099824,
C_on_B,16,0.02,15.692307692307692,70703.56410256411,1413.5897435897436,1413.5897435897436,59403.743589743586,0.20084771884473998,2.1571932809923435,1.1790204999185419,0.8250401880829691,0.06848613153460659,0.126264989059699,0.8631322246933087,0.08400045637764436,0.15280244528783862,0.8782946467312259,0.13888516451992539,0.23925212795314643,0.04041968663501803,
C_on_B,16,0.05,15.692307692307692,70703.56410256411,3534.8205128205127,3534.8205128205127,59403.743589743586,0.24579300658539593,1.7447235436463349,0.9952582751158655,0.7169262220131186,0.12492978034307861,0.21228821620417415,0.8116167304609794,0.14958734528454148,0.2520746606449315,0.8484479727389458,0.2271940000204559,0.3576118540917819,0.07441925392009176,
C_on_B,16,0.1,15.692307692307692,70703.56410256411,7069.948717948718,7069.948717948718,59403.743589743586,0.2631714970855013,1.4071800346231538,0.8351757658543275,0.6049317118917787,0.19926801285898876,0.29886015269017296,0.7722046409595585,0.2379225309731455,0.3627821605631321,0.8436068215515212,0.34171259434266976,0.48440994747404215,0.10866913276638653,
C_on_B,16,0.25,15.692307692307692,70703.56410256411,17675.5641025641,17675.5641025641,59403.743589743586,0.28186192660604625,1.0025470715704565,0.6422044990882514,0.44551563969702546,0.34542778008737773,0.3875691449593928,0.6644328651601703,0.3980173155329603,0.49662059997497593,0.8493536535705649,0.503171291066877,0.6305507899260259,0.14396845297380376,
C_on_B,16,0.5,15.692307692307692,70703.56410256411,35351.51282051282,35351.51282051282,59403.743589743586,0.35375758129591445,0.598867174686485,0.4763123779911997,0.3162700089581278,0.4722267884088082,0.3770691591648828,0.5180683457765951,0.5407366841335397,0.5269451504584935,0.7966762060848076,0.6626295898524036,0.7214415951091692,0.13493110758631346,
C_on_B,16,1.0,15.692307692307692,70703.56410256411,70703.56410256411,70703.56410256411,59403.743589743586,0.569683042223456,0.22177391407985383,0.3957284781516549,0.204987942427421,0.6349181490464664,0.3087412191249634,0.3570527818250957,0.7756689382465122,0.4865234882830634,0.6389305031762544,0.9025772556134959,0.7454997704588822,0.1019327053562152,
D_conf_sum,-1,0.02,23.666666666666668,85580.92307692308,1711.1538461538462,1711.1538461538462,59403.743589743586,0.2034296442133271,1.8736647747853747,1.0385472094993509,0.7879250190230654,0.10518150796588675,0.1848287531305083,0.8362359179738014,0.13518711571868527,0.23185259687951829,0.8734478965172383,0.22012111238063534,0.34976761095135195,0.05347381595521348,
D_conf_sum,-1,0.05,23.666666666666668,85580.92307692308,4278.615384615385,4278.615384615385,59403.743589743586,0.21348960746860357,1.4319323958433297,0.8227110016559667,0.6792121913916616,0.19303483352200734,0.29916277207657554,0.7897811385616944,0.24744935484075356,0.37494235512772406,0.8772823424864155,0.36020371794992734,0.5066557550293902,0.09879558513731578,
D_conf_sum,-1,0.1,23.666666666666668,85580.92307692308,8557.71794871795,8557.71794871795,59403.743589743586,0.2338647563611982,1.129333599999777,0.6815991781804875,0.551318252518089,0.2808097979361466,0.3696841507410333,0.7214061181287563,0.36020088852974624,0.477875096443729,0.8764918608602418,0.47868803252502884,0.6157826874391538,0.12839567424680923,
D_conf_sum,-1,0.25,23.666666666666668,85580.92307692308,21394.923076923078,21394.923076923078,59403.743589743586,0.28374980632859387,0.6361356762576058,0.45994274129309987,0.399708352035078,0.4189712785737677,0.406381400145364,0.5980964573937079,0.5122830113185708,0.5491102054694941,0.8413416517315361,0.6512296681588405,0.7315009961357055,0.14669266041038442,
D_conf_sum,-1,0.5,23.666666666666668,85580.92307692308,42790.282051282054,42790.282051282054,59403.743589743586,0.3768652340367366,0.36706644750698797,0.37196584077186234,0.28579366303210135,0.5274946633108013,0.367956498152288,0.4707856674131077,0.6403130128270118,0.5393630744763904,0.7614650677336808,0.8030613981564604,0.7784353009249192,0.12862253328983367,
D_conf_sum,-1,1.0,23.666666666666668,85580.92307692308,85580.92307692308,85580.92307692308,59403.743589743586,0.5955815543006927,0.20687323184954415,0.4012273930751184,0.1913303536631034,0.6599400356098201,0.2947542160362892,0.3387725030429238,0.7883244587803437,0.4708453065777651,0.6218504308770838,0.9090498901126827,0.7351720079024745,0.09632834133901746,
D_conf_sum,1,0.02,1.0,9918.564102564103,197.84615384615384,197.84615384615384,59403.743589743586,0.2379507640538121,2.9857788045652103,1.611864784309511,0.7408479233328177,0.01583554425739142,0.03097771494574771,0.7789418785850224,0.024525311160999066,0.047489765325355926,0.8278915082017483,0.05652460020698612,0.1054197845382066,0.007073023977242666,
D_conf_sum,1,0.05,1.0,9918.564102564103,495.38461538461536,495.38461538461536,59403.743589743586,0.20885324297941027,2.671456062892622,1.4401546529360163,0.7541901310204756,0.03816719945648224,0.07250381514029093,0.8110092442767457,0.05404485368338275,0.10105798314043975,0.866194505337856,0.10124619983974818,0.18034299387180333,0.017644777275604134,
D_conf_sum,1,0.1,1.0,9918.564102564103,991.3589743589744,991.3589743589744,59403.743589743586,0.1945639094058698,2.3043377833488563,1.2494508463773633,0.7313479785983766,0.07016535783717372,0.12756512582553245,0.813213095539462,0.09745752836311612,0.17308525835113095,0.8858158065467785,0.16714197077899184,0.27795723645158193,0.03311946188930369,
D_conf_sum,1,0.25,1.0,9918.564102564103,2479.2051282051284,2479.2051282051284,59403.743589743586,0.21986964869264397,1.6919881219632005,0.9559288853279222,0.6172247044669833,0.1276371625846019,0.21013116661784656,0.7517561090155157,0.1900432556649276,0.300537826959055,0.8762161112473933,0.306435212864783,0.44805847918565067,0.06044747153978367,
D_conf_sum,1,0.5,1.0,9918.564102564103,4959.0,4959.0,59403.743589743586,0.2711594183560801,1.1646276157588626,0.7178935170574714,0.48986938325407947,0.18588173988062232,0.26698081702642124,0.6549542609635801,0.2908359765576782,0.39809597862600893,0.8410777778926641,0.4536741015768258,0.5808134521951352,0.0790265723024014,
D_conf_sum,1,1.0,1.0,9918.564102564103,9918.564102564103,9918.564102564103,59403.743589743586,0.4075202272224998,0.6496045927106365,0.5285624099665681,0.3425832136241107,0.24940947573292346,0.28567261857520665,0.5000693129958925,0.39019373367512866,0.43453318837875343,0.7400838090787588,0.626993804243304,0.6740837745090739,0.08793731141310711,
D_conf_sum,2,0.02,2.0,17059.102564102563,340.6666666666667,340.6666666666667,59403.743589743586,0.18563635280849858,2.2626333772187373,1.224134865013618,0.7135258011459492,0.024928322959472546,0.04812104436167455,0.8112423992047622,0.04399004149859292,0.08329430627481663,0.8820725190504256,0.10530372910972889,0.18731560016871085,0.010275877925775044,
D_conf_sum,2,0.05,2.0,17059.102564102563,852.5128205128206,852.5128205128206,59403.743589743586,0.1863585763284985,1.9889372379207824,1.0876479071246403,0.7113402460354096,0.058205176444168685,0.10735751392827524,0.8110615640912994,0.09019215550966353,0.16182148172708496,0.8877149345551208,0.17469159597550366,0.29015687201930673,0.025442294188592646,
D_conf_sum,2,0.1,2.0,17059.102564102563,1705.4615384615386,1705.4615384615386,59403.743589743586,0.18537756916438525,1.67811507786958,0.9317463235169827,0.6973481446273759,0.10825691465502939,0.18677914187545983,0.8052108272139337,0.15493100237770063,0.2588575350264086,0.892927886306355,0.264105474684387,0.4050615337722728,0.048939507697458993,
D_conf_sum,2,0.25,2.0,17059.102564102563,4264.4358974358975,4264.4358974358975,59403.743589743586,0.2224310265418334,1.13858953538219,0.6805102809620117,0.5922095583399406,0.19831444306340776,0.2956098170183688,0.737526211408593,0.294342339476843,0.418423656099538,0.8739085488577505,0.45643972281307643,0.5963652202383469,0.08936768214443723,
D_conf_sum,2,0.5,2.0,17059.102564102563,8529.25641025641,8529.25641025641,59403.743589743586,0.2822048292054197,0.7483516816569961,0.5152782554312078,0.4619378024222387,0.27754114660623763,0.3447992284633426,0.6344090224477197,0.41549008385813213,0.500055885667744,0.8340262699679237,0.6075531240056665,0.700939287099457,0.10973659206277336,
D_conf_sum,2,1.0,2.0,17059.102564102563,17059.102564102563,17059.102564102563,59403.743589743586,0.4567590766028539,0.43798969943187044,0.4473743880173622,0.3186506604408897,0.35809109140639733,0.335337488046552,0.47877881121326793,0.5338515749367261,0.5027076752816888,0.7253045108413405,0.7715093939918122,0.7451951318365294,0.10962543486727548,
D_conf_sum,4,0.02,4.0,30803.30769230769,615.5384615384615,615.5384615384615,59403.743589743586,0.2260057354597508,2.1607840193477,1.1933948774037253,0.765843237854863,0.045350557066936845,0.08555460359544143,0.8153133806972449,0.06927989430322093,0.12754996922150713,0.851971468673032,0.1412894796269158,0.24153318098453994,0.020482236212603245,
D_conf_sum,4,0.05,4.0,30803.30769230769,1539.6923076923076,1539.6923076923076,59403.743589743586,0.2041508910116825,1.823103569798369,1.0136272304050256,0.7578435339346173,0.10201925879082005,0.17954053152203053,0.8233182038007214,0.1398827755504329,0.23858471855199342,0.8759485453212065,0.23470548857920945,0.36817891345914217,0.048240035886035273,
D_conf_sum,4,0.1,4.0,30803.30769230769,3079.871794871795,3079.871794871795,59403.743589743586,0.20724010065191673,1.4679451304141524,0.8375926155330345,0.6985878248941702,0.17059607152166828,0.2736713448437889,0.7984990909400901,0.2299314832523878,0.3561096028953482,0.8804948802206576,0.3478092715337123,0.4962232786472889,0.08172317701010241,
D_conf_sum,4,0.25,4.0,30803.30769230769,7700.4358974358975,7700.4358974358975,59403.743589743586,0.24454417831911007,0.950985999898239,0.5977650891086745,0.5380572276128015,0.28377978345354093,0.37058272148903515,0.7004357983112164,0.397363690898112,0.5057484137486901,0.8627814223622818,0.5457321145574099,0.6664254309187838,0.12171884398025015,
D_conf_sum,4,0.5,4.0,30803.30769230769,15401.410256410256,15401.410256410256,59403.743589743586,0.30187823760042587,0.5500335400327777,0.4259558888166018,0.40736091905531646,0.380499800928978,0.39254574191792363,0.5900649944557153,0.5174145137152993,0.5502870058520448,0.818412350683474,0.6929091726247341,0.7483188792330235,0.13432013982236196,
D_conf_sum,4,1.0,4.0,30803.30769230769,30803.30769230769,30803.30769230769,59403.743589743586,0.485498553235804,0.3199644659884133,0.40273150961210863,0.2754765669165008,0.47607503394047357,0.34807892435478527,0.4371359662721095,0.6521782236658412,0.5216968999983396,0.6991862719527314,0.8441267464402745,0.762618370207332,0.11825501376693151,
D_conf_sum,8,0.02,8.0,48755.794871794875,974.5897435897435,974.5897435897435,59403.743589743586,0.22099559877148692,2.073216237746151,1.147105918258819,0.7892382414182771,0.06712987357015371,0.1235742461275888,0.8295402803672375,0.09180571919343418,0.1650795317987661,0.8583567075344839,0.16581960870817336,0.2769839026211695,0.03303414978273643,
D_conf_sum,8,0.05,8.0,48755.794871794875,2437.25641025641,2437.25641025641,59403.743589743586,0.2045121209127176,1.6413894590034748,0.9229507899580961,0.7396799015289418,0.14191202865526842,0.23762402950233488,0.8175394014813566,0.18639201095070257,0.30271350914597717,0.8797192652574575,0.2889653844862556,0.43268104411949976,0.07062075203395855,
D_conf_sum,8,0.1,8.0,48755.794871794875,4875.025641025641,4875.025641025641,59403.743589743586,0.22003740786749887,1.3003924024795328,0.7602149051735159,0.6383051797433176,0.21789055977235633,0.3240812407223786,0.7687560042138419,0.2883337944703654,0.41828512606732854,0.8766795841369824,0.4106980159979099,0.5564967493845092,0.10530047600074785,
D_conf_sum,8,0.25,8.0,48755.794871794875,12188.564102564103,12188.564102564103,59403.743589743586,0.2593846097311523,0.8337199313278209,0.5465522705294865,0.4709554615443412,0.34773828293469533,0.3989087319849345,0.65559177805488,0.45460306541051904,0.5354964387379925,0.8580123113301082,0.58982530796035,0.6970757382980842,0.13769385380663424,
D_conf_sum,8,0.5,8.0,48755.794871794875,24377.615384615383,24377.615384615383,59403.743589743586,0.3244644054468341,0.45626232731826877,0.3903633663825514,0.35275380694088865,0.45363912703521864,0.3957426219006621,0.5415630843359045,0.5801364550600175,0.5583388842305225,0.8028330071805744,0.7471790510653763,0.7709006244228112,0.1391261287536136,
D_conf_sum,8,1.0,8.0,48755.794871794875,48755.794871794875,48755.794871794875,59403.743589743586,0.5209056338816771,0.26619991459115466,0.3935527742364159,0.2384233818562785,0.5665681563635017,0.33445064515754647,0.3973907230787406,0.7269789305067103,0.5115415664841395,0.6738577773048048,0.8794254142069587,0.760466710835206,0.11300122403099824,
D_conf_sum,16,0.02,15.692307692307692,70703.56410256411,1413.5897435897436,1413.5897435897436,59403.743589743586,0.2106347764134162,1.9381392404976598,1.074387008455538,0.7918999044793371,0.09260413353153737,0.1654929656062827,0.8356293233131635,0.12045134798958497,0.21011046509263404,0.868428663983937,0.20092192915407056,0.3249410013800662,0.04671318059989263,
D_conf_sum,16,0.05,15.692307692307692,70703.56410256411,3534.8205128205127,3534.8205128205127,59403.743589743586,0.211147366728853,1.486545737409439,0.848846552069146,0.7029309975446982,0.17887759234732445,0.2844936030737305,0.8006242509306455,0.22953588032175815,0.35582657698320025,0.8776469848261036,0.3375098424975,0.4852837756465713,0.09100849525162065,
D_conf_sum,16,0.1,15.692307692307692,70703.56410256411,7069.948717948718,7069.948717948718,59403.743589743586,0.2312458273736081,1.169847672632547,0.7005467500030775,0.5787159001656178,0.2621329729300716,0.359865840496972,0.7343980811357979,0.34059296540685374,0.4639914761825017,0.8753376132261516,0.4627795686650923,0.6023181150931513,0.12280280586459338,
D_conf_sum,16,0.25,15.692307692307692,70703.56410256411,17675.5641025641,17675.5641025641,59403.743589743586,0.27597811904828545,0.6834524451048992,0.4797152820765923,0.4211997769976641,0.39862432232968664,0.4082408184333327,0.614788017674071,0.4967897926649349,0.5477814443890527,0.84635991500462,0.6354029376682012,0.7237761083054973,0.14610007561122787,
D_conf_sum,16,0.5,15.692307692307692,70703.56410256411,35351.51282051282,35351.51282051282,59403.743589743586,0.3571564711462549,0.3850442677911611,0.371100369468708,0.30529993508406533,0.5064312547162066,0.3794064875293846,0.49217047692090093,0.6258669105144036,0.548607097131511,0.7753315135134712,0.7904433109544858,0.7797748154048195,0.13321020234479153,
D_conf_sum,16,1.0,15.692307692307692,70703.56410256411,70703.56410256411,70703.56410256411,59403.743589743586,0.569683042223456,0.22177391407985383,0.39572847815165485,0.204987942427421,0.6349181490464664,0.3087412191249634,0.3570527818250957,0.7756689382465122,0.4865234882830634,0.6389305031762544,0.9025772556134959,0.7454997704588822,0.1019327053562152,
E_conf_filter50,-1,0.02,23.666666666666668,6917.307692307692,137.89743589743588,137.89743589743588,59403.743589743586,0.2932194108404754,2.552602317185216,1.4229108640128458,0.7479570327937841,0.012037473874123463,0.023670021478807948,0.771341070925993,0.024595908211834345,0.0475554649283493,0.7868736396843552,0.06756924157835532,0.12381899171263323,0.004253421859979596,
E_conf_filter50,-1,0.05,23.666666666666668,6917.307692307692,345.38461538461536,345.38461538461536,59403.743589743586,0.25700643216039243,2.4257505742923673,1.3413785032263799,0.7842479662090781,0.02576152662963856,0.049756853650904376,0.8050698672477434,0.04108905839407494,0.07785553087729728,0.8207373740769893,0.09161724359744489,0.16365138470904833,0.01143052923827079,
E_conf_filter50,-1,0.1,23.666666666666668,6917.307692307692,691.3076923076923,691.3076923076923,59403.743589743586,0.23265712815146772,2.259038292897576,1.2458477105245218,0.8008314369823902,0.04796070089511672,0.09006065488778935,0.8246403238038178,0.06694603232469191,0.12293564630774395,0.8455324407199689,0.12828003930630472,0.2200084973241155,0.023399650379565862,
E_conf_filter50,-1,0.25,23.666666666666668,6917.307692307692,1728.923076923077,1728.923076923077,59403.743589743586,0.21013690859829856,1.8802230364996255,1.045179972548962,0.7808652802487047,0.10430546591736456,0.18267250876391194,0.8303637992804936,0.13519110729746045,0.23022945924421392,0.8683843700138292,0.2230795055518685,0.3497368619538267,0.05390423786607414,
E_conf_filter50,-1,0.5,23.666666666666668,6917.307692307692,3458.4102564102564,3458.4102564102564,59403.743589743586,0.21987637515934175,1.5639620713072104,0.8919192232332761,0.7030716897692384,0.16478053149695904,0.2645781598697803,0.7926269823615557,0.20615419621541542,0.32395844916955585,0.8651268262974352,0.3098824194872852,0.450512602800888,0.08656041294929952,
E_conf_filter50,-1,1.0,23.666666666666668,6917.307692307692,6917.307692307692,6917.307692307692,59403.743589743586,0.25393427148858666,1.2998826426380892,0.776908457063338,0.5995966596617338,0.22549076146957803,0.3228600994090024,0.7353139744860899,0.27959386170029327,0.40003480969688393,0.8482135591787682,0.39215053831163144,0.5302845025218084,0.11472118314873239,
E_conf_filter50,1,0.02,1.0,1527.5897435897436,30.025641025641026,30.025641025641026,59403.743589743586,0.26105353873046,3.340802218044565,1.8009278783875124,0.7085545923596229,0.0027950946115357597,0.00556627627588368,0.7313416724522059,0.006015116603113103,0.01192436024754348,0.7825023535585393,0.02143427538507795,0.041668579384344775,0.0010472080222410538,
E_conf_filter50,1,0.05,1.0,1527.5897435897436,75.84615384615384,75.84615384615384,59403.743589743586,0.25537564946713676,3.202448306617669,1.728911978042403,0.7229167354586433,0.006500532290530014,0.012875505123177021,0.7487562980842685,0.011419250580602856,0.02247224241045484,0.7966259898063738,0.03292086961696635,0.06311207219836677,0.0026927120335522624,
E_conf_filter50,1,0.1,1.0,1527.5897435897436,152.23076923076923,152.23076923076923,59403.743589743586,0.24439002765127277,3.0537970652154427,1.6490935464333576,0.7312311808452158,0.012423714967702122,0.024397745357180003,0.7688164878151594,0.020088446050366852,0.03907298810900575,0.8193170495185794,0.050387465421325064,0.09443483934654014,0.005414539370709597,
E_conf_filter50,1,0.25,1.0,1527.5897435897436,381.46153846153845,381.46153846153845,59403.743589743586,0.22641633573953746,2.7698620393962736,1.4981391875679055,0.7426704328153839,0.029771061775524996,0.05708823997508688,0.7936712709722145,0.04308324188695359,0.08142200015235777,0.8500859597773893,0.08581601895864972,0.15474613334446247,0.013613105404318952,
E_conf_filter50,1,0.5,1.0,1527.5897435897436,763.4871794871794,763.4871794871794,59403.743589743586,0.209782205901939,2.4063004114527238,1.3080413086773313,0.7569674991362801,0.05782301125643185,0.10693317293908741,0.8114670668256412,0.077977013647712,0.1413521521186774,0.8688657405461371,0.1364638791327926,0.23320935623802116,0.02744371243082166,
E_conf_filter50,1,1.0,1.0,1527.5897435897436,1527.5897435897436,1527.5897435897436,59403.743589743586,0.22042333238175305,2.0948463890921887,1.157634860736971,0.7244106248722948,0.08718387487003827,0.15473437207990517,0.7980056264466215,0.11361845037339367,0.19713353917798523,0.864341984933672,0.1857390957051037,0.3020360789076006,0.04728824557307782,
E_conf_filter50,2,0.02,2.0,2579.974358974359,51.07692307692308,51.07692307692308,59403.743589743586,0.17921078351716227,2.578022321829919,1.3786165526735406,0.7170277660367267,0.00457762619339967,0.00909411462131099,0.8210429962166819,0.011600087300092784,0.022858477078429397,0.8806004088294154,0.04579906540391141,0.08675856915385337,0.001531862693781031,
E_conf_filter50,2,0.05,2.0,2579.974358974359,128.3846153846154,128.3846153846154,59403.743589743586,0.18172195407785044,2.4568643988842322,1.3192931764810412,0.712726380114893,0.010282371477154842,0.020258739737632456,0.8143664067381199,0.021580542675585006,0.041990116286168735,0.8804777464396495,0.06683474466753661,0.12370813408254719,0.0038301074313347883,
E_conf_filter50,2,0.1,2.0,2579.974358974359,257.4871794871795,257.4871794871795,59403.743589743586,0.18279084248899918,2.3287721219952497,1.2557814822421243,0.7093781985696693,0.019224225594206723,0.03738873513594624,0.8083364469030341,0.035642013091000325,0.06811007077618605,0.8845379166381031,0.09265780631292388,0.16682531605264714,0.007715588360226613,
E_conf_filter50,2,0.25,2.0,2579.974358974359,644.5384615384615,644.5384615384615,59403.743589743586,0.19209378314763284,2.0744551474118156,1.1332744652797242,0.7108040110641553,0.04510482917438014,0.08460194757652438,0.8044574540632485,0.07202883943788262,0.1316923258746372,0.879359768900978,0.15109725403390223,0.25573582780199,0.0195908837727861,
E_conf_filter50,2,0.5,2.0,2579.974358974359,1289.6923076923076,1289.6923076923076,59403.743589743586,0.1976463581014965,1.7685628147095844,0.9831045864055405,0.7203921560221966,0.08718088634413307,0.15489016863707467,0.8036408655554278,0.12536034302947055,0.2155919152812563,0.8739374520603079,0.2243859428532142,0.35342100712241165,0.03971774643026363,
E_conf_filter50,2,1.0,2.0,2579.974358974359,2579.974358974359,2579.974358974359,59403.743589743586,0.21672612560408303,1.517907491165728,0.8673168083849054,0.6918915290770971,0.13344741431091128,0.22254013220624172,0.785163049258592,0.1785753457180767,0.28896718248922304,0.86404219889398,0.2920616089450226,0.43263981589073364,0.0693535367997109,
E_conf_filter50,4,0.02,4.0,4113.153846153846,81.7948717948718,81.7948717948718,59403.743589743586,0.24478419195021417,2.468647975020729,1.3567160834854715,0.7267358897537017,0.007420335988505145,0.014685581019135033,0.7942750534205353,0.01908690960318005,0.03723653956641199,0.8314794584204355,0.07069310914529751,0.12970748514301103,0.0025155854642361112,
E_conf_filter50,4,0.05,4.0,4113.153846153846,205.23076923076923,205.23076923076923,59403.743589743586,0.2500808560268099,2.371636444514378,1.310858650270594,0.732995417970181,0.01680518857765326,0.03282989836000575,0.7892483291774052,0.03348945781187114,0.06413085681432419,0.8272490052391402,0.09192577104835853,0.16460260172560748,0.00642189592585012,
E_conf_filter50,4,0.1,4.0,4113.153846153846,410.8974358974359,410.8974358974359,59403.743589743586,0.2352983155747331,2.2523589716935835,1.2438286436341583,0.7530078544690892,0.0315131314835745,0.060395123554294154,0.803381189869466,0.05329846117750229,0.09962361418113978,0.8412917553472367,0.12242494514647671,0.21196909242274659,0.013328670397694605,
E_conf_filter50,4,0.25,4.0,4113.153846153846,1027.974358974359,1027.974358974359,59403.743589743586,0.21669231440489084,1.9990889258606444,1.1078906201327676,0.7620867242927137,0.07145328243099959,0.13021207573375987,0.8170766091576326,0.10297945479091482,0.18191304720239201,0.8622880629797101,0.1900503092097666,0.30812492433526406,0.03315642776017865,
E_conf_filter50,4,0.5,4.0,4113.153846153846,2056.3076923076924,2056.3076923076924,59403.743589743586,0.21100398007354998,1.6759848941729876,0.9434944371232689,0.7433851990441835,0.12603142384203478,0.21475482038420196,0.8124496923605987,0.16782024556789576,0.27661473197435016,0.8700053221641851,0.27386428558235565,0.4121858544069097,0.06160688244972025,
E_conf_filter50,4,1.0,4.0,4113.153846153846,4113.153846153846,4113.153846153846,59403.743589743586,0.23915042436382877,1.3789680952688883,0.8090592598163585,0.6739286010566145,0.18382702889845637,0.2873339083044968,0.7716722813531306,0.23840475779739323,0.3616240646015977,0.8513998057873571,0.3572313076755946,0.498800885179419,0.09624894223070617,
E_conf_filter50,8,0.02,8.0,5275.923076923077,105.05128205128206,105.05128205128206,59403.743589743586,0.2835581136072765,2.489395015916392,1.3864765647618342,0.7230225937201576,0.009904061513084345,0.019529087255283233,0.7674244858507427,0.02461132588838943,0.04759753058575888,0.7906764907848004,0.0751560616734727,0.13649312406052433,0.003292571136031639,
E_conf_filter50,8,0.05,8.0,5275.923076923077,263.3333333333333,263.3333333333333,59403.743589743586,0.26521334882020414,2.4090046808760994,1.3371090148481517,0.7526663121179368,0.020872890200479572,0.04056483994480084,0.7893179205614276,0.03761405598643009,0.07159788980455468,0.8116661267083928,0.09168962263987752,0.1636419942962274,0.00866435598544839,
E_conf_filter50,8,0.1,8.0,5275.923076923077,527.1794871794872,527.1794871794872,59403.743589743586,0.24330456547480522,2.282818621647604,1.2630615935612046,0.7779828518711257,0.038618585718051664,0.07338278161389612,0.8112349016144987,0.05811892537355449,0.1080021418196078,0.8353701631792453,0.11895811515673979,0.20657600807576315,0.017900509346170008,
E_conf_filter50,8,0.25,8.0,5275.923076923077,1318.5897435897436,1318.5897435897436,59403.743589743586,0.2131092764165549,1.9489333565168085,1.0810213164666818,0.7791594236555552,0.08584686081400612,0.15392107292071816,0.8284229082716075,0.11711349733163837,0.20359559699078217,0.8673209118117589,0.20356387912821847,0.32571347429097147,0.04280210018378883,
E_conf_filter50,8,0.5,8.0,5275.923076923077,2637.641025641026,2637.641025641026,59403.743589743586,0.2144991931999611,1.619414222137947,0.916956707668954,0.7301513322500034,0.14498473317190894,0.24046668111224093,0.807316523070529,0.18805858260868638,0.3024164561604411,0.8686658006775184,0.29336044866792405,0.4330939822456571,0.07396109442304222,
E_conf_filter50,8,1.0,8.0,5275.923076923077,5275.923076923077,5275.923076923077,59403.743589743586,0.24685835055525224,1.3392417729470396,0.7930500617511459,0.6398400474642347,0.20552549548683763,0.30826270552547536,0.7574003780222467,0.26002807009770446,0.38354976065044627,0.8492931450632543,0.37424919624719377,0.5145625417242605,0.10629389359463816,
E_conf_filter50,16,0.02,15.692307692307692,6246.897435897436,124.51282051282051,124.51282051282051,59403.743589743586,0.2972888488278507,2.5252326430226417,1.4112607459252462,0.7438529907445162,0.011368084106579003,0.022374328117378647,0.7650748661057291,0.02507835381863475,0.04842160025809683,0.7817668231900744,0.07062704933405783,0.12863630298825038,0.003954744733233694,
E_conf_filter50,16,0.05,15.692307692307692,6246.897435897436,311.87179487179486,311.87179487179486,59403.743589743586,0.2636709132439038,2.4227180180077617,1.3431944656258328,0.7777023638653984,0.024050173353859394,0.046559373748683325,0.7982738300685628,0.03963497402441106,0.07525046011722344,0.8148249639587544,0.0904093243355014,0.1617443566236048,0.010552705669972587,
E_conf_filter50,16,0.1,15.692307692307692,6246.897435897436,624.2820512820513,624.2820512820513,59403.743589743586,0.23632564906885917,2.268406017516291,1.252365833292575,0.7978789997592726,0.044633119460877044,0.08420655995899125,0.8217646798678999,0.06379520151139607,0.11766240088665221,0.8421938041617838,0.125518023865853,0.21588549396761125,0.02163090495272321,
E_conf_filter50,16,0.25,15.692307692307692,6246.897435897436,1561.3076923076924,1561.3076923076924,59403.743589743586,0.2121411267402629,1.9044406801667741,1.0582909034535184,0.7828623851504246,0.09816733577784796,0.1733701438792928,0.8308428304818452,0.1287505460232265,0.22098165763447428,0.8679440023993872,0.21541734046162406,0.34055829638207674,0.050487696173661785,
E_conf_filter50,16,0.5,15.692307692307692,6246.897435897436,3123.1794871794873,3123.1794871794873,59403.743589743586,0.2178122765852661,1.5792212028850223,0.8985167397351441,0.7144454430633266,0.15901163565015639,0.25818368751936166,0.7982697153051946,0.20130422204966839,0.31851780529451534,0.8669665500814582,0.3050943678532104,0.44574107564955623,0.0827236313164403,
E_conf_filter50,16,1.0,15.692307692307692,6246.897435897436,6246.897435897436,6246.897435897436,59403.743589743586,0.251683389805795,1.3115944802717232,0.7816389350387591,0.6155610905787342,0.21972054994679455,0.3198215389090198,0.7427969381941478,0.27345354878980405,0.3951924651604445,0.8482529324876213,0.3867560437630295,0.5255175032354795,0.1125329433547483,
E_conf_filter75,-1,0.02,23.666666666666668,2684.923076923077,53.23076923076923,53.23076923076923,59403.743589743586,0.3657203394923778,2.839426949189166,1.6025736443407719,0.6699478966632019,0.00506483748976356,0.010048571339922598,0.6924737143289108,0.012260473304638706,0.024052243783126936,0.716120989057852,0.04106361483194997,0.0772205707681572,0.0015295644371357007,
E_conf_filter75,-1,0.05,23.666666666666668,2684.923076923077,133.82051282051282,133.82051282051282,59403.743589743586,0.3382353124643602,2.63583852922012,1.4870369208422398,0.7105513701373899,0.01131355105830876,0.02224603225470476,0.7316163578712965,0.02233059266108095,0.04321091668489389,0.7525028780681594,0.06129292911017238,0.11258400162319344,0.004085267242830528,
E_conf_filter75,-1,0.1,23.666666666666668,2684.923076923077,268.0769230769231,268.0769230769231,59403.743589743586,0.289454047510013,2.4866141578170518,1.3880341026635326,0.7542876360962644,0.020869445584452008,0.04051772501503515,0.775913894319741,0.03450001331892733,0.06578484328573322,0.7951511270241096,0.08088386624103985,0.14573826854108513,0.008750797101171366,
E_conf_filter75,-1,0.25,23.666666666666668,2684.923076923077,670.9230769230769,670.9230769230769,59403.743589743586,0.23721139035009925,2.267207647776591,1.252209519063345,0.796949472044546,0.0467463568862634,0.08781561055420108,0.8188104380818559,0.06416287593411123,0.11812081777285541,0.8375544660855383,0.12122537018056466,0.2097649149501874,0.022446164487092683,
E_conf_filter75,-1,0.5,23.666666666666668,2684.923076923077,1342.2564102564102,1342.2564102564102,59403.743589743586,0.2292287525742069,2.002146613061275,1.1156876828177407,0.7891823006900385,0.08175879578011677,0.1469405293935115,0.819019578405428,0.10411840447876297,0.1829024745002778,0.8458821177696111,0.1733297562743179,0.2844546466472118,0.04241599959683183,
E_conf_filter75,-1,1.0,23.666666666666668,2684.923076923077,2684.923076923077,2684.923076923077,59403.743589743586,0.2329270801601984,1.6962146449218103,0.9645708625410043,0.7332010539446255,0.1268105284821469,0.21374097495629635,0.794519602844428,0.15610215025946853,0.2581872746776333,0.8420994894479932,0.2419669490472271,0.3718005386441752,0.07167154420653882,
E_conf_filter75,1,0.02,1.0,624.3076923076923,12.051282051282051,12.051282051282051,59403.743589743586,0.29008269856425856,3.4635533460002716,1.876818022282265,0.6937842559300049,0.0012809244755171065,0.002556658443925506,0.719065407526946,0.0035033277930953907,0.0069697097400537,0.7571708206323591,0.015431629932670906,0.030204204079482596,0.0004061904679935346,
E_conf_filter75,1,0.05,1.0,624.3076923076923,30.743589743589745,30.743589743589745,59403.743589743586,0.2711793372042143,3.330275164026441,1.8007272506153278,0.7105148249116384,0.0029943368966672836,0.005961383363294138,0.7302340279368972,0.006423328259381189,0.012725509215603824,0.7754061263698652,0.022145109043302913,0.04299158537841427,0.0010618407391381414,
E_conf_filter75,1,0.1,1.0,624.3076923076923,61.97435897435897,61.97435897435897,59403.743589743586,0.24658531507716774,3.233001725926914,1.7397935205020407,0.7529662787739266,0.005783245432732713,0.01146988962552139,0.7665416217435099,0.010382325526128331,0.02046440207984781,0.8037843634815811,0.02936104415474931,0.05654688610418541,0.0022551740785294503,
E_conf_filter75,1,0.25,1.0,624.3076923076923,155.74358974358975,155.74358974358975,59403.743589743586,0.22535506407510916,3.025292008083847,1.6253235360794778,0.7789837165425442,0.013686006237065399,0.026855886486246573,0.7969139787092675,0.02094910955987084,0.04073651390325141,0.8255047670337381,0.04651193525380803,0.08778776449039365,0.005944551354950525,
E_conf_filter75,1,0.5,1.0,624.3076923076923,311.8974358974359,311.8974358974359,59403.743589743586,0.21157641682351042,2.7845663879650044,1.4980714023942574,0.8002442665867184,0.02634045709729137,0.050850174708666054,0.8202206239055064,0.03656289443116464,0.06976008429416518,0.8469051527236048,0.06959547925307337,0.1280225669245625,0.012197298567163128,
E_conf_filter75,1,1.0,1.0,624.3076923076923,624.3076923076923,624.3076923076923,59403.743589743586,0.22156172186200487,2.5401373612602343,1.3808495415611195,0.7900478824518894,0.04384460185127065,0.08273040424598649,0.810677524504482,0.05622519904746692,0.10466851059424914,0.8438572484525907,0.0982529285487012,0.17499029671966815,0.023649226142183424,
E_conf_filter75,2,0.02,2.0,1074.2820512820513,20.974358974358974,20.974358974358974,59403.743589743586,0.18147978189422098,2.809403274631327,1.495441528262774,0.6831981510238239,0.0020044632744717046,0.003996079273425624,0.804754763486009,0.006218814395189699,0.012331251727035671,0.8806302625426227,0.029827440967817413,0.05744359323173054,0.0006070915714171624,
E_conf_filter75,2,0.05,2.0,1074.2820512820513,53.23076923076923,53.23076923076923,59403.743589743586,0.18896433629673667,2.5967662910344336,1.392865313665585,0.7025643732761012,0.004655006740354983,0.009244694821514535,0.7976167655566909,0.01122880494855584,0.022124566859121682,0.872785008838661,0.044030515632509946,0.0835327802872134,0.0016165737790165096,
E_conf_filter75,2,0.1,2.0,1074.2820512820513,106.8974358974359,106.8974358974359,59403.743589743586,0.19180172796122333,2.4821840534159465,1.336992890688585,0.7131613418105133,0.008826107675637598,0.0174226991965801,0.7889790951040695,0.01805968532700627,0.03526313972456243,0.864081693499978,0.05839078124663844,0.10899839202224576,0.003330068004712208,
E_conf_filter75,2,0.25,2.0,1074.2820512820513,268.2307692307692,268.2307692307692,59403.743589743586,0.20111680600024123,2.293708899539061,1.2474128527696513,0.7342021372578372,0.02098897395827253,0.040739820583981304,0.7879031746773754,0.035271584543694924,0.06735637673452521,0.8557735399954924,0.08834183747250454,0.15937101932591427,0.008807043072779271,
E_conf_filter75,2,0.5,2.0,1074.2820512820513,536.8461538461538,536.8461538461538,59403.743589743586,0.20925113687988736,2.0919718707449575,1.1506115038124223,0.7465873027919946,0.04025060595127649,0.07614903426511481,0.7913623063879762,0.06059425179686315,0.11214814552667178,0.8480813694179451,0.1259021155302524,0.21793890684554304,0.018063932271598044,
E_conf_filter75,2,1.0,2.0,1074.2820512820513,1074.2820512820513,1074.2820512820513,59403.743589743586,0.22422796100127365,1.8920270767109513,1.0581275188561123,0.7423764343462298,0.06805821147402072,0.12414023211247513,0.7831379213053,0.09253761909997628,0.16468325577727608,0.8383432367808441,0.1696368889964781,0.28017373224027076,0.035146790289522355,
E_conf_filter75,4,0.02,4.0,1813.6923076923076,35.717948717948715,35.717948717948715,59403.743589743586,0.24790814442066308,2.6158889841893274,1.4318985643049953,0.6921319074771147,0.0036917319879734537,0.007342314762947955,0.7786572339347477,0.01128988018330462,0.022233397303599134,0.8302023353237928,0.05186292699183881,0.09702715535386466,0.0011091986979198166,
E_conf_filter75,4,0.05,4.0,1813.6923076923076,90.2051282051282,90.2051282051282,59403.743589743586,0.2697116528962004,2.4956068705168137,1.382659261706507,0.7066189606650567,0.008148741933774519,0.01610405314633442,0.7663809928125814,0.019524715592823667,0.03803306190666328,0.8136757623405941,0.06925543317724649,0.12701558342229644,0.0028473034600072886,
E_conf_filter75,4,0.1,4.0,1813.6923076923076,180.87179487179486,180.87179487179486,59403.743589743586,0.2607981822986202,2.3837234586012586,1.3222608204499393,0.7299834879935191,0.015496310941744995,0.03031829915308822,0.774138312203111,0.030831223866243027,0.0591973841322074,0.8165309430142752,0.0872000908898442,0.1567732059059937,0.005884794715584592,
E_conf_filter75,4,0.25,4.0,1813.6923076923076,453.05128205128204,453.05128205128204,59403.743589743586,0.23227373596720255,2.2260970028218945,1.2291853693945485,0.7728948998600725,0.03593173890469097,0.06850364670498175,0.806623639976902,0.056199766004477306,0.10469989229235686,0.8424151663881984,0.11985568482787329,0.20854874154378897,0.015556632943267892,
E_conf_filter75,4,0.5,4.0,1813.6923076923076,906.5897435897435,906.5897435897435,59403.743589743586,0.22166161574086352,2.01609555850652,1.1188785871236917,0.7877341093687982,0.06538267173654175,0.12020309245060999,0.8191538101838002,0.09000075478179986,0.16120640055896762,0.8514798955069116,0.16234006983911958,0.2703204883461245,0.03070028755133933,
E_conf_filter75,4,1.0,4.0,1813.6923076923076,1813.6923076923076,1813.6923076923076,59403.743589743586,0.22784096785364547,1.7637369981006106,0.995788982977128,0.7680967746691073,0.10475159635916757,0.1832870326817026,0.8087441487763163,0.13311914706074698,0.2270753999792791,0.84713496248698,0.21684593338210179,0.34260407708167634,0.05651092296754706,
E_conf_filter75,8,0.02,8.0,2190.3076923076924,43.333333333333336,43.333333333333336,59403.743589743586,0.3009910072605408,2.6465535589097335,1.4737722830851372,0.690700674714775,0.0048148675266457925,0.009560130492179757,0.7386328400596643,0.014592538744827138,0.02857153815636247,0.7750747721781284,0.05393942985451894,0.10025578171314022,0.0013477876835056336,
E_conf_filter75,8,0.05,8.0,2190.3076923076924,108.94871794871794,108.94871794871794,59403.743589743586,0.30894479552808035,2.5228018147613627,1.4158733051447216,0.7005958166262592,0.010211062567248729,0.020117206571278634,0.7439585008415757,0.02357016281435485,0.045594482934294515,0.7719818993180527,0.07067859215640247,0.12871216761467252,0.0034560416151205634,
E_conf_filter75,8,0.1,8.0,2190.3076923076924,218.56410256410257,218.56410256410257,59403.743589743586,0.2841068640226291,2.439749796425983,1.3619283302243061,0.7366352792122914,0.0183943121994162,0.035847021992099604,0.7712539481506718,0.03393619650758211,0.06482661306363773,0.7966817516949508,0.0852914736036232,0.15305406653950226,0.007200062485104168,
E_conf_filter75,8,0.25,8.0,2190.3076923076924,547.1282051282051,547.1282051282051,59403.743589743586,0.24186423258102543,2.265773817846524,1.2538190252137746,0.7815266824345374,0.040414271596801776,0.076632208737888,0.8106895046578615,0.05889319443780272,0.10935473562304414,0.8340732845462195,0.11818863788568668,0.20560272597040097,0.01866881694740414,
E_conf_filter75,8,0.5,8.0,2190.3076923076924,1094.8974358974358,1094.8974358974358,59403.743589743586,0.2297923899082957,2.0314611161325025,1.130626753020399,0.7885935699814515,0.07246406647148172,0.13204144305924728,0.8187692385179316,0.09514561664728459,0.16942610503676983,0.8467491860594976,0.16407118304727056,0.2727501276563535,0.03608454147321571,
E_conf_filter75,8,1.0,8.0,2190.3076923076924,2190.3076923076924,2190.3076923076924,59403.743589743586,0.2308294926806512,1.7334466020148152,0.9821380473477331,0.7573227176687178,0.11566122676677856,0.19916573717082228,0.8051974212145447,0.14512977191108836,0.24385697685697463,0.8448353443370521,0.23045685901136528,0.3584357524889176,0.06384630354981269,
E_conf_filter75,16,0.02,15.692307692307692,2459.4358974358975,48.717948717948715,48.717948717948715,59403.743589743586,0.34206014440335486,2.741616102839643,1.541838123621499,0.6845722191185083,0.005087950884476672,0.010096348318719,0.708324576674657,0.01343192117503211,0.026305564272792077,0.7317463672713486,0.04635249342758225,0.08652311624780018,0.0014890040939653957,
E_conf_filter75,16,0.05,15.692307692307692,2459.4358974358975,122.61538461538461,122.61538461538461,59403.743589743586,0.32615738263800814,2.5845258753093248,1.4553416289736665,0.7170030696926408,0.011078913121162697,0.021800987569643892,0.7372572277649988,0.02294583785441978,0.04439078859157457,0.7589437058699845,0.06434093505362831,0.11785931905415935,0.003913364974805755,
E_conf_filter75,16,0.1,15.692307692307692,2459.4358974358975,245.56410256410257,245.56410256410257,59403.743589743586,0.2908931358728352,2.477831067525495,1.3843621016991652,0.7548023175894211,0.019839825421027198,0.03859381956374373,0.7747873634673266,0.03367732190307981,0.0643233507162295,0.7948349038472622,0.08061488685810225,0.14534698416505987,0.008234556330732085,
E_conf_filter75,16,0.25,15.692307692307692,2459.4358974358975,614.5384615384615,614.5384615384615,59403.743589743586,0.24132847801210602,2.2695685283564844,1.2554485031842952,0.793530337938849,0.04410744163125224,0.08321288270276839,0.8155070541250903,0.06192295010568209,0.11439046948404939,0.834886726511699,0.11969280564019431,0.20743251575968968,0.021051185864221757,
E_conf_filter75,16,0.5,15.692307692307692,2459.4358974358975,1229.4871794871794,1229.4871794871794,59403.743589743586,0.2292548051950333,2.012659619302924,1.1209572122489784,0.7924291073594337,0.07826025987343994,0.14149693029958874,0.8206829758520826,0.10071336569062161,0.17789592202894589,0.8470754333235886,0.16984201467966506,0.2800567020385287,0.04020936020854988,
E_conf_filter75,16,1.0,15.692307692307692,2459.4358974358975,2459.4358974358975,2459.4358974358975,59403.743589743586,0.23140321744287976,1.708889877235485,0.9701465473391824,0.7466354451340294,0.12317382918647812,0.2095672847351574,0.8000225518218087,0.15226646467371321,0.2534914191733763,0.8435504333431805,0.23719569481907632,0.36647669236090114,0.06942062178397149,
oracle,-1,0.02,23.666666666666668,85580.92307692308,1711.1538461538462,1711.1538461538462,59403.743589743586,0.019879676439265224,0.3957083859619765,0.20779403120062084,1.0,0.2695829676545961,0.4232665760098004,1.0,0.5105869513375627,0.6744236681043018,1.0,0.7909902267163706,0.8807553079407519,0.08763417498463649,
oracle,-1,0.05,23.666666666666668,85580.92307692308,4278.615384615385,4278.615384615385,59403.743589743586,0.02763989204779272,0.32336624201103464,0.17550306702941368,1.0,0.47042260512515827,0.638196239801918,1.0,0.6556426800738946,0.7898112879938652,1.0,0.8345974468856008,0.9072807601653079,0.2084757698768815,
oracle,-1,0.1,23.666666666666668,85580.92307692308,8557.71794871795,8557.71794871795,59403.743589743586,0.03786731109217527,0.279656188397643,0.15876174974490911,0.9944942744445348,0.6072479595605356,0.7516835041754971,1.0,0.7262897532951694,0.8385858300386377,1.0,0.856746261903526,0.9203501037620787,0.34899793372236854,
oracle,-1,0.25,23.666666666666668,85580.92307692308,21394.923076923078,21394.923076923078,59403.743589743586,0.07777787707419619,0.23883873710927075,0.15830830709173346,0.7533354929358553,0.6595798761478753,0.6979188678401901,0.9713532362896189,0.7757234683479927,0.8612863624964152,1.0,0.8848235143172047,0.9365499133963116,0.29209447631210506,
oracle,-1,0.5,23.666666666666668,85580.92307692308,42790.282051282054,42790.282051282054,59403.743589743586,0.16904505214976961,0.21593262747535044,0.19248883981256004,0.3826625419592919,0.6599400356098201,0.4802737489899319,0.677548260710758,0.7883244587803437,0.7231745289238142,0.9736674632658088,0.9054330464250026,0.937508077590316,0.1741283570066985,
oracle,-1,1.0,23.666666666666668,85580.92307692308,85580.92307692308,85580.92307692308,59403.743589743586,0.5955815543006927,0.20687323184954415,0.4012273930751184,0.1913303536631034,0.6599400356098201,0.2947542160362892,0.3387725030429238,0.7883244587803437,0.4708453065777651,0.6218504308770838,0.9090498901126827,0.7351720079024745,0.09632834133901746,
oracle,1,0.02,1.0,9918.564102564103,197.84615384615384,197.84615384615384,59403.743589743586,0.014755004988709483,1.146370609067993,0.5805628070283513,1.0,0.04211939903395388,0.08068143773239637,1.0,0.12045045585042871,0.21380116016118883,1.0,0.3419170602926074,0.5041330249577521,0.010791940034447885,
oracle,1,0.05,1.0,9918.564102564103,495.38461538461536,495.38461538461536,59403.743589743586,0.020659416125128983,1.0193853396376233,0.5200223778813762,1.0,0.0889550491919813,0.16259871867805403,1.0,0.19688205989542762,0.325729175033253,1.0,0.4192986385618404,0.5842919601825338,0.026308642096314366,
oracle,1,0.1,1.0,9918.564102564103,991.3589743589744,991.3589743589744,59403.743589743586,0.02672867014156887,0.9396491097771178,0.48318888995934334,1.0,0.14040747519029953,0.2443254774816165,1.0,0.25164306219143207,0.3976761606900814,1.0,0.461807460838652,0.6251544541684324,0.05036982874993764,
oracle,1,0.25,1.0,9918.564102564103,2479.2051282051284,2479.2051282051284,59403.743589743586,0.04212924321645789,0.84546878240429,0.44379901281037387,0.9803087255623598,0.22233167530508893,0.3587541541287151,0.9995416938032177,0.3270479710483143,0.48764806614721795,1.0,0.5196970464060322,0.6773026357946933,0.10723149968102455,
oracle,1,0.5,1.0,9918.564102564103,4959.0,4959.0,59403.743589743586,0.08811040917213184,0.7326903057000004,0.41040035743606607,0.6852062072508217,0.24940947573292346,0.3627585061839028,0.9215362771487141,0.38429410110636353,0.5374872579025597,0.999195954040733,0.5860160798388946,0.7314009410554798,0.11029330303599202,
oracle,1,1.0,1.0,9918.564102564103,9918.564102564103,9918.564102564103,59403.743589743586,0.4075202272224998,0.6496045927106365,0.5285624099665681,0.3425832136241107,0.24940947573292346,0.28567261857520665,0.5000693129958925,0.39019373367512866,0.43453318837875343,0.7400838090787588,0.626993804243304,0.6740837745090739,0.08793731141310711,
oracle,2,0.02,2.0,17059.102564102563,340.6666666666667,340.6666666666667,59403.743589743586,0.015216265483061969,0.8031030216461204,0.40915964356459117,1.0,0.07105697404994146,0.13247996339405607,1.0,0.19440162203940436,0.324248902224352,1.0,0.49389320177415924,0.6577834746062428,0.01832290898373259,
oracle,2,0.05,2.0,17059.102564102563,852.5128205128206,852.5128205128206,59403.743589743586,0.021264203457229323,0.7028910217605323,0.36207761260888083,1.0,0.14505676975103776,0.2524529964079381,1.0,0.3007373174506944,0.45951621099308254,1.0,0.5770333203952986,0.7277257032207795,0.04440930932325466,
oracle,2,0.1,2.0,17059.102564102563,1705.4615384615386,1705.4615384615386,59403.743589743586,0.027650897272704637,0.6383177783942847,0.3329843378334947,1.0,0.22246432753379525,0.36201450002124674,1.0,0.37395304184973965,0.5410478733717243,1.0,0.6226142841754285,0.7635482911777532,0.08535435241580536,
oracle,2,0.25,2.0,17059.102564102563,4264.4358974358975,4264.4358974358975,59403.743589743586,0.04509478415644087,0.5527710474479852,0.29893291580221304,0.9670908460794575,0.33359202475801336,0.4931281895112913,1.0,0.4718446152107302,0.6374915664645011,1.0,0.682274861651705,0.8072320342054082,0.16632712005748138,
oracle,2,0.5,2.0,17059.102564102563,8529.25641025641,8529.25641025641,59403.743589743586,0.09858250660421324,0.48180327837918197,0.2901928924916976,0.6373245794844734,0.35809109140639733,0.4562230736675185,0.8937761341510215,0.5294643308819605,0.6624534326921787,0.9986417985088198,0.7413758291173591,0.8471937756426328,0.15096734966662037,
oracle,2,1.0,2.0,17059.102564102563,17059.102564102563,17059.102564102563,59403.743589743586,0.45675907660285386,0.43798969943187044,0.4473743880173622,0.3186506604408897,0.35809109140639733,0.335337488046552,0.47877881121326793,0.5338515749367261,0.5027076752816888,0.7253045108413405,0.7715093939918122,0.7451951318365294,0.10962543486727548,
oracle,4,0.02,4.0,30803.30769230769,615.5384615384615,615.5384615384615,59403.743589743586,0.016499426581032067,0.6265885202526315,0.3215439734168318,1.0,0.12271871375327767,0.21838109938191913,1.0,0.30077267423221554,0.46136529162165857,1.0,0.6224436854686112,0.7639908639193416,0.03297008467441621,
oracle,4,0.05,4.0,30803.30769230769,1539.6923076923076,1539.6923076923076,59403.743589743586,0.02296508521063065,0.5317614693633674,0.277363277286999,1.0,0.2373355540113152,0.38271265630306456,1.0,0.4312749390246145,0.6003418593102697,1.0,0.6958253112942187,0.8173326833732382,0.07938620414178164,
oracle,4,0.1,4.0,30803.30769230769,3079.871794871795,3079.871794871795,59403.743589743586,0.030004411749973443,0.4741736146602179,0.2520890132050957,1.0,0.3486633185114363,0.5153364036726219,1.0,0.5166048123583697,0.6788408746459771,1.0,0.7335652005136014,0.8429088737182611,0.1496594848997471,
oracle,4,0.25,4.0,30803.30769230769,7700.4358974358975,7700.4358974358975,59403.743589743586,0.052118056617124923,0.3960187838030607,0.22406842021009282,0.931298487250904,0.46447877443570507,0.6182590719534762,1.0,0.608308770838545,0.7535389517816976,1.0,0.7841666660574275,0.8754675398506537,0.2393539141817111,
oracle,4,0.5,4.0,30803.30769230769,15401.410256410256,15401.410256410256,59403.743589743586,0.11513954335590536,0.3444559174567781,0.22979773040634177,0.5509636846993988,0.47607503394047357,0.5093405459368564,0.8513610255510247,0.6511009893404935,0.7358422529419615,0.9977570530947242,0.8277545063766764,0.9018264979237293,0.18272474765482508,
oracle,4,1.0,4.0,30803.30769230769,30803.30769230769,30803.30769230769,59403.743589743586,0.485498553235804,0.3199644659884133,0.40273150961210863,0.2754765669165008,0.47607503394047357,0.34807892435478527,0.4371359662721095,0.6521782236658412,0.5216968999983396,0.6991862719527314,0.8441267464402745,0.762618370207332,0.11825501376693151,
oracle,8,0.02,8.0,48755.794871794875,974.5897435897435,974.5897435897435,59403.743589743586,0.01760187966050785,0.5013740713008437,0.2594879754806757,1.0,0.18007149623834534,0.3048927336379095,1.0,0.4003037982908281,0.5707412475530832,1.0,0.7145257578888242,0.8302578288883041,0.05175662470102264,
oracle,8,0.05,8.0,48755.794871794875,2437.25641025641,2437.25641025641,59403.743589743586,0.024494845766440225,0.42268202140252586,0.22358843358448305,1.0,0.33686017494786424,0.503160749402858,1.0,0.545171877554578,0.7037266634617617,1.0,0.7722419090532662,0.8682354336406838,0.12422922656439898,
oracle,8,0.1,8.0,48755.794871794875,4875.025641025641,4875.025641025641,59403.743589743586,0.03241616232133929,0.3737048132984779,0.20306048780990857,1.0,0.4682384755991781,0.6363671702125665,1.0,0.6240692313834,0.7661188515586641,1.0,0.7992916067323284,0.8851470763845573,0.22990324868738204,
oracle,8,0.25,8.0,48755.794871794875,12188.564102564103,12188.564102564103,59403.743589743586,0.06102276232091894,0.31493775426626086,0.1879802582935899,0.8775449496261124,0.5629236509923312,0.6842969235652474,0.998299598260241,0.6990761944558331,0.8193476037871519,1.0,0.8397574355332471,0.9095050920850681,0.2832439444074415,
oracle,8,0.5,8.0,48755.794871794875,24377.615384615383,24377.615384615383,59403.743589743586,0.13435293654852054,0.2806094818631524,0.20748120920583646,0.47685268014701393,0.5665681563635017,0.5157027270559945,0.7864997364694964,0.7266430388764874,0.7521192939610234,0.992030459645292,0.8707906484700617,0.9250328688771676,0.1898371694546199,
oracle,8,1.0,8.0,48755.794871794875,48755.794871794875,48755.794871794875,59403.743589743586,0.5209056338816771,0.26619991459115466,0.3935527742364159,0.2384233818562785,0.5665681563635017,0.33445064515754647,0.3973907230787406,0.7269789305067103,0.5115415664841395,0.6738577773048048,0.8794254142069587,0.760466710835206,0.11300122403099824,
oracle,16,0.02,15.692307692307692,70703.56410256411,1413.5897435897436,1413.5897435897436,59403.743589743586,0.019089654136779457,0.4217319750617652,0.22041081459927228,1.0,0.24130351794561838,0.388394849071254,1.0,0.48302603260780785,0.6503294933387606,1.0,0.7755075745957107,0.8705202296272267,0.07470732397684421,
oracle,16,0.05,15.692307692307692,70703.56410256411,3534.8205128205127,3534.8205128205127,59403.743589743586,0.026510143078779604,0.3469569121379857,0.18673352760838266,1.0,0.42984268991161045,0.60060659521346,1.0,0.6288623742719408,0.7703520914726956,1.0,0.8222467260492936,0.8995027840484119,0.17819084321362105,
oracle,16,0.1,15.692307692307692,70703.56410256411,7069.948717948718,7069.948717948718,59403.743589743586,0.03571560152488452,0.3015788816172501,0.1686472415710673,1.0,0.5695956852092863,0.7240830343680172,1.0,0.7031462022014866,0.8230401083917354,1.0,0.8453232922479953,0.9132497238717827,0.31308280053616044,
oracle,16,0.25,15.692307692307692,70703.56410256411,17675.5641025641,17675.5641025641,59403.743589743586,0.0713328574358287,0.2575129266687574,0.16442289205229305,0.8020993004698855,0.6343665961408689,0.705676882804882,0.9850273128113364,0.7599883671771335,0.8560753286633772,1.0,0.8752524509413055,0.9306750654577363,0.29476684592777513,
oracle,16,0.5,15.692307692307692,70703.56410256411,35351.51282051282,35351.51282051282,59403.743589743586,0.15604064221715733,0.23226249267071358,0.19415156744393544,0.40997919929701004,0.6349181490464664,0.49578195653539264,0.7138371023594673,0.7756681441772566,0.7390813647565795,0.9827650967525946,0.8977949489628901,0.9370962564574831,0.1809492852939439,
oracle,16,1.0,15.692307692307692,70703.56410256411,70703.56410256411,70703.56410256411,59403.743589743586,0.569683042223456,0.22177391407985383,0.3957284781516549,0.204987942427421,0.6349181490464664,0.3087412191249634,0.3570527818250957,0.7756689382465122,0.4865234882830634,0.6389305031762544,0.9025772556134959,0.7454997704588822,0.1019327053562152,
