scene,seq,n_steps,selection,n,span_m,frac,ref,delta,n_pred,n_ref,acc,comp,chamfer,precision@0.1,recall@0.1,f1@0.1,precision@0.2,recall@0.2,f1@0.2,precision@0.5,recall@0.5,f1@0.5,iou,sid
apartment_2,seq_0011,15,all,15,2.1,1.0,fixed,0.0,77324,51469,0.6997059177462818,0.27734485243321616,0.48852538508974896,0.1778878485334437,0.6861217431852182,0.2825263096546205,0.30263566292483574,0.7947308088363869,0.4383474278979513,0.5592312865345818,0.8692416794575375,0.6805969091265266,0.08894408805533083,apartment_2/seq_0011
apartment_2,seq_0011,15,all,15,2.1,1.0,subset,0.0,77324,51469,0.6997059177462818,0.27734485243321616,0.48852538508974896,0.1778878485334437,0.6861217431852182,0.2825263096546205,0.30263566292483574,0.7947308088363869,0.4383474278979513,0.5592312865345818,0.8692416794575375,0.6805969091265266,0.08894408805533083,apartment_2/seq_0011
apartment_2,seq_0011,15,all,15,2.1,0.25,fixed,0.0,19331,51469,0.42411296663639625,0.5878917216822132,0.5060023441593047,0.34912834307588847,0.4283937904369621,0.384720660139983,0.4884899901712276,0.5491849462783424,0.5170624047788811,0.7097408307899229,0.7052400474071772,0.7074832810332466,0.10902544123723511,apartment_2/seq_0011
apartment_2,seq_0011,15,all,15,2.1,0.25,subset,0.0,19331,51469,0.42411296663639625,0.5878917216822132,0.5060023441593047,0.34912834307588847,0.4283937904369621,0.384720660139983,0.4884899901712276,0.5491849462783424,0.5170624047788811,0.7097408307899229,0.7052400474071772,0.7074832810332466,0.10902544123723511,apartment_2/seq_0011
apartment_2,seq_0011,15,spaced0.3,6,2.1,1.0,fixed,0.3,43558,51469,0.5873527529342533,0.29935845096144215,0.44335560194784773,0.237706047109601,0.6032951873943538,0.3410385344329324,0.3799531658937509,0.7655676232295168,0.5078560684602434,0.6222737499426053,0.8657249995142707,0.7240838637309864,0.10285693891753957,apartment_2/seq_0011
apartment_2,seq_0011,15,spaced0.3,6,2.1,1.0,subset,0.3,43558,36443,0.5908408457149953,0.24587035858717685,0.4183556021510861,0.23068093117223012,0.6693192108223801,0.3431092320980845,0.37545341843059826,0.8172214142633702,0.5145217542770106,0.6207814867532945,0.9001179924814093,0.7347975237747716,0.09988770353733857,apartment_2/seq_0011
apartment_2,seq_0011,15,spaced0.3,6,2.1,0.25,fixed,0.3,10889,51469,0.3140246527595149,0.7780095174690826,0.5460170851142988,0.47791349067866656,0.3607608463346869,0.4111547659511968,0.6129121131417027,0.4787736307291768,0.5376018865763491,0.787124621177335,0.6009442577085236,0.681548341573924,0.10868407032498668,apartment_2/seq_0011
apartment_2,seq_0011,15,spaced0.3,6,2.1,0.25,subset,0.3,10889,36443,0.3147199324923431,0.6150009094202683,0.4648604209563057,0.4758012673340068,0.4491671926021458,0.4621007715218978,0.6114427403802002,0.5776966770024422,0.5940908763623071,0.786114427403802,0.6925335455368657,0.736362706432335,0.11994163841565464,apartment_2/seq_0011
apartment_2,seq_0011,15,random_n0.3,6,1.2,1.0,fixed,0.3,44382,51469,0.646189771881801,0.35477304606080157,0.5004814089713013,0.2179261862917399,0.5497678214070606,0.3121264552377886,0.34320219908972105,0.7071829645029046,0.462129049397569,0.5899013113424362,0.8296644582175678,0.6895350146805124,0.09155715132289888,apartment_2/seq_0011
apartment_2,seq_0011,15,random_n0.3,6,1.2,1.0,subset,0.3,44382,34085,0.6622547419568233,0.31680328341288033,0.4895290126848518,0.19906718940110857,0.6197154173390055,0.30133763307301803,0.3157586408904511,0.7544374358222092,0.44518970785959633,0.5691045919516922,0.8528091535866217,0.6826540736208176,0.08441378289899569,apartment_2/seq_0011
apartment_2,seq_0011,15,random_n0.3,6,1.2,0.25,fixed,0.3,11095,51469,0.3216880212181211,0.8034988110098172,0.5625934161139692,0.47345651194231636,0.36589014746740756,0.4127807528198322,0.5972960793150067,0.4818628689113835,0.5334057653717781,0.7824245155475439,0.6106588431871612,0.6859524184963407,0.10520962820657702,apartment_2/seq_0011
apartment_2,seq_0011,15,random_n0.3,6,1.2,0.25,subset,0.3,11095,34085,0.3285478565854309,0.6598403268757819,0.49419409173060636,0.45822442541685443,0.4696787443156814,0.463880887068418,0.5810725552050473,0.5902596450051342,0.5856300716329887,0.7758449752140604,0.7096083321108992,0.7412499014589803,0.11780531910201561,apartment_2/seq_0011
apartment_2,seq_0011,15,consec_n0.3,6,0.7500000000000001,1.0,fixed,0.3,43047,51469,0.6190570067041363,0.3464868192853451,0.4827719129947407,0.23432527237670453,0.5847986166430278,0.33458454079367334,0.36608822914488814,0.733043191047038,0.488310094256551,0.6082886147699027,0.8478890205754921,0.708376815143354,0.1,apartment_2/seq_0011
apartment_2,seq_0011,15,consec_n0.3,6,0.7500000000000001,1.0,subset,0.3,43047,34451,0.6353975803466922,0.29332086122666096,0.4643592207866766,0.21346435291657956,0.6407070912310238,0.32023576900344247,0.3343554719260343,0.7744042262924153,0.46705573977762294,0.591771784328757,0.8744013236190531,0.7058457540825294,0.08967799608193697,apartment_2/seq_0011
apartment_2,seq_0011,15,consec_n0.3,6,0.7500000000000001,0.25,fixed,0.3,10761,51469,0.2835584972780311,0.802490028504139,0.5430242628910851,0.47384072112257225,0.3603722629155414,0.40938958323542873,0.5990149614348109,0.4642794691950494,0.5231107025927026,0.8066164854567419,0.6013522702986264,0.689021901667808,0.10360308944945402,apartment_2/seq_0011
apartment_2,seq_0011,15,consec_n0.3,6,0.7500000000000001,0.25,subset,0.3,10761,34451,0.2907824257645152,0.6646812709120329,0.47773184833827403,0.4607378496422266,0.452526777161766,0.45659540092925804,0.5812656816281014,0.5623058837189051,0.5716286110772295,0.7989034476349781,0.687120838292067,0.7388078537504041,0.1104400728273902,apartment_2/seq_0011
apartment_2,seq_0011,15,spaced0.5,4,1.7999999999999996,1.0,fixed,0.5,31318,51469,0.6410878632517567,0.4044603159611879,0.5227740896064723,0.2441407497285906,0.4756261050340982,0.3226592419618973,0.3741298933520659,0.6302045891701801,0.4695216182244335,0.6168657002362858,0.7866482737181605,0.6914877189852169,0.0883160229243978,apartment_2/seq_0011
apartment_2,seq_0011,15,spaced0.5,4,1.7999999999999996,1.0,subset,0.5,31318,29953,0.6477372126425267,0.3020004056439568,0.47486880914324175,0.23187943035953765,0.5864854939405068,0.332355207831943,0.3602401175043106,0.7302440490101159,0.48247046605558863,0.6128743853375056,0.8558742029179047,0.7142725177528098,0.0864269281995399,apartment_2/seq_0011
apartment_2,seq_0011,15,spaced0.5,4,1.7999999999999996,0.25,fixed,0.5,7829,51469,0.2901703521898611,0.847603960567289,0.5688871563785751,0.5486013539404777,0.3098175600847112,0.39599857402960364,0.6618980712734704,0.4226427558336086,0.5158799335755202,0.8206667518201558,0.5778041150984088,0.6781473072384613,0.09178460765430031,apartment_2/seq_0011
apartment_2,seq_0011,15,spaced0.5,4,1.7999999999999996,0.25,subset,0.5,7829,29953,0.29361006243903454,0.6220619530505233,0.4578360077447789,0.5376165538382935,0.43855373418355426,0.4830586428162226,0.6507855409375399,0.5550696090541849,0.5991288021431023,0.8190062587814536,0.7012319300237038,0.7555570485940728,0.10802965113265253,apartment_2/seq_0011
apartment_2,seq_0011,15,random_n0.5,4,1.2000000000000002,1.0,fixed,0.5,29616,51469,0.6138695548445353,0.5492465062804099,0.5815580305624726,0.2679294975688817,0.48664244496687326,0.3455889582575839,0.41852377093462995,0.6342847150712079,0.5042953857731866,0.6428619665045922,0.7564553420505548,0.6950480291930995,0.10276260915647105,apartment_2/seq_0011
apartment_2,seq_0011,15,random_n0.5,4,1.2000000000000002,1.0,subset,0.5,29616,30427,0.6207528599025949,0.36865997222981484,0.49470641606620486,0.2622906537007023,0.5901337627764814,0.36316784788775835,0.41325634792004323,0.7354323462714036,0.5291635359505602,0.6405996758508914,0.8424754330035823,0.7277979194341546,0.09903811898824368,apartment_2/seq_0011
apartment_2,seq_0011,15,random_n0.5,4,1.2000000000000002,0.25,fixed,0.5,7404,51469,0.2090123199124265,0.8557291386019938,0.5323707292572102,0.5468665586169638,0.3091569682721638,0.39500691745204747,0.7034035656401945,0.4147545124249548,0.5218221083907877,0.8965424095083738,0.5547416891721231,0.6853922689807036,0.09386728079153872,apartment_2/seq_0011
apartment_2,seq_0011,15,random_n0.5,4,1.2000000000000002,0.25,subset,0.5,7404,30427,0.2106188654185994,0.6167847122288203,0.41370178882370984,0.5432198811453268,0.42744930489367994,0.47843068254289134,0.7023230686115614,0.5418542741643935,0.6117403741211768,0.894921663965424,0.6749597397048673,0.7695308600435015,0.10346641418126348,apartment_2/seq_0011
apartment_2,seq_0011,15,consec_n0.5,4,0.4499999999999999,1.0,fixed,0.5,32230,51469,0.5472082899850089,0.3582868166365601,0.45274755331078453,0.28284207260316474,0.564903145582778,0.37694904810807145,0.41951597890164444,0.718646175367697,0.5297725857645367,0.6496742165684145,0.8390876061318464,0.7323314916246718,0.10851232046382922,apartment_2/seq_0011
apartment_2,seq_0011,15,consec_n0.5,4,0.4499999999999999,1.0,subset,0.5,32230,28494,0.5722549104580398,0.27232479573575075,0.42228985309689526,0.2499534595097735,0.656875131606654,0.3621152072606869,0.3758920260626745,0.7888327367165017,0.5091605246228418,0.6242941358982315,0.8854846634379168,0.7322965232458937,0.09521717911176183,apartment_2/seq_0011
apartment_2,seq_0011,15,consec_n0.5,4,0.4499999999999999,0.25,fixed,0.5,8057,51469,0.25794827777518403,0.7769777200726237,0.5174629989239039,0.5340697530098052,0.3380870038275467,0.41405869120309036,0.6445327044805759,0.4414307641492938,0.5239891994102496,0.8304579868437384,0.6034311915910548,0.6989720825070227,0.09173169516852067,apartment_2/seq_0011
apartment_2,seq_0011,15,consec_n0.5,4,0.4499999999999999,0.25,subset,0.5,8057,28494,0.26997008888690777,0.5826262778081365,0.4262981833475221,0.5114807000124115,0.474415666456096,0.492251448385006,0.6177237185056472,0.5789990875271988,0.5977348598282856,0.8160605684497952,0.7203270864041552,0.7652112144270503,0.10383241831458878,apartment_2/seq_0011
apartment_2,seq_0011,15,spaced1.0,3,2.1,1.0,fixed,1.0,27021,51469,0.49857442901700233,0.4112519188474366,0.4549131739322195,0.261389289811628,0.4645514775884513,0.33454184214692567,0.4023537248806484,0.6228215042064155,0.4888814029897668,0.6456089708004885,0.8011035769103733,0.7149998893865446,0.09187833176544372,apartment_2/seq_0011
apartment_2,seq_0011,15,spaced1.0,3,2.1,1.0,subset,1.0,27021,26223,0.5086510646021598,0.27125691979444566,0.38995399219830273,0.2468820546981977,0.594668802196545,0.3489107153735852,0.38817956404278153,0.7363764634099836,0.5083718152937634,0.635616742533585,0.8868931853716203,0.7405195160031073,0.08990069430997759,apartment_2/seq_0011
apartment_2,seq_0011,15,spaced1.0,3,2.1,0.25,fixed,1.0,6755,51469,0.31672560442917896,0.7636576199608097,0.5401916121949943,0.5422649888971133,0.27805086556956615,0.3676077908525611,0.6528497409326425,0.38763138976859857,0.48643852333436244,0.778238341968912,0.5771629524568187,0.6627857609597243,0.08488109703176532,apartment_2/seq_0011
apartment_2,seq_0011,15,spaced1.0,3,2.1,0.25,subset,1.0,6755,26223,0.3184305380894504,0.4951539094602574,0.4067922237748539,0.5367875647668394,0.4419784158944438,0.48479109865913356,0.6512213175425611,0.5651145940586508,0.6051201267599531,0.7776461880088823,0.7349654883117873,0.7557036868761848,0.10786243631310792,apartment_2/seq_0011
apartment_2,seq_0011,15,random_n1.0,3,1.3499999999999999,1.0,fixed,1.0,25823,51469,0.5294217827473432,0.45698063330401834,0.4932012080256808,0.25802579096154593,0.437214634051565,0.3245284586810109,0.3757115749525617,0.5742680059841847,0.4542395253599694,0.6294388723231228,0.7721541121840331,0.6935306026858876,0.0867838910947249,apartment_2/seq_0011
apartment_2,seq_0011,15,random_n1.0,3,1.3499999999999999,1.0,subset,1.0,25823,26363,0.5404169240211548,0.3164488995884005,0.42843291180477766,0.24412345583394648,0.5678792246709403,0.3414585743405998,0.35921465360337684,0.6899821719834617,0.4724598871387472,0.6193316036091856,0.8580586427948261,0.7194075316610917,0.08336643777311163,apartment_2/seq_0011
apartment_2,seq_0011,15,random_n1.0,3,1.3499999999999999,0.25,fixed,1.0,6455,51469,0.28049003863541283,0.8226758110179024,0.5515829248266576,0.5696359411309063,0.28183955390623483,0.377100551860955,0.6604182804027885,0.37756707921273,0.4804541776634257,0.8171959721146398,0.5693912840739086,0.6711503539725431,0.07949827367684979,apartment_2/seq_0011
apartment_2,seq_0011,15,random_n1.0,3,1.3499999999999999,0.25,subset,1.0,6455,26363,0.28417294184288366,0.5598225508897594,0.42199774636632154,0.558017041053447,0.43523119523574705,0.4890346941807077,0.6520526723470178,0.538671623108144,0.5899640625555664,0.8150271107668474,0.7153586465880211,0.7619473561991881,0.09359376816649227,apartment_2/seq_0011
apartment_2,seq_0011,15,consec_n1.0,3,0.30000000000000016,1.0,fixed,1.0,25683,51469,0.5772194877816759,0.44705071561537757,0.5121351016985267,0.28953003932562393,0.47966737259321146,0.3610987533192206,0.4203169411673091,0.6347898735160971,0.5057553116085758,0.6452517229295643,0.792477025005343,0.7113263423316402,0.09877685785037145,apartment_2/seq_0011
apartment_2,seq_0011,15,consec_n1.0,3,0.30000000000000016,1.0,subset,1.0,25683,25108,0.603779502288376,0.31843945021541076,0.46110947625189336,0.25861464782151616,0.6153815516966704,0.3641816368437903,0.3791223766693922,0.745539270352079,0.5026411647001751,0.6194369816610209,0.8618766926875896,0.7208173479086396,0.09041247955129703,apartment_2/seq_0011
apartment_2,seq_0011,15,consec_n1.0,3,0.30000000000000016,0.25,fixed,1.0,6420,51469,0.22501109134473132,0.8600628359539719,0.5425369636493517,0.5718068535825546,0.3023761876080748,0.39557110647896393,0.6866043613707166,0.4045541976723853,0.5091261471225258,0.8741433021806854,0.5691969923643359,0.6894558966823812,0.08018743978278006,apartment_2/seq_0011
apartment_2,seq_0011,15,consec_n1.0,3,0.30000000000000016,0.25,subset,1.0,6420,25108,0.2353573224629838,0.5918839612396801,0.41362064185133196,0.5518691588785046,0.4706069778556635,0.5080088770797054,0.664797507788162,0.5803727895491477,0.6197230770849612,0.8640186915887851,0.7201290425362434,0.7855390500569844,0.09658228616524009,apartment_2/seq_0011
apartment_2,seq_0005,18,all,18,2.55,1.0,fixed,0.0,48022,53901,0.3143908249734111,0.1996283512929582,0.25700958813318464,0.27874724084794467,0.6950705923823306,0.3979163313911216,0.47338719753446334,0.7992430567150888,0.5945975738103779,0.8015701136978884,0.8940279401124284,0.8452782497533766,0.14211145157842228,apartment_2/seq_0005
apartment_2,seq_0005,18,all,18,2.55,1.0,subset,0.0,48022,53901,0.3143908249734111,0.1996283512929582,0.25700958813318464,0.27874724084794467,0.6950705923823306,0.3979163313911216,0.47338719753446334,0.7992430567150888,0.5945975738103779,0.8015701136978884,0.8940279401124284,0.8452782497533766,0.14211145157842228,apartment_2/seq_0005
apartment_2,seq_0005,18,all,18,2.55,0.25,fixed,0.0,12005,53901,0.15915028383858873,0.6882564426355,0.4237033632370444,0.48696376509787587,0.3970612790115211,0.43744112610932123,0.7082049146189088,0.49036195988942693,0.5794866474652218,0.9649312786339025,0.6201369176824177,0.7550331402750149,0.16767811123119128,apartment_2/seq_0005
apartment_2,seq_0005,18,all,18,2.55,0.25,subset,0.0,12005,53901,0.15915028383858873,0.6882564426355,0.4237033632370444,0.48696376509787587,0.3970612790115211,0.43744112610932123,0.7082049146189088,0.49036195988942693,0.5794866474652218,0.9649312786339025,0.6201369176824177,0.7550331402750149,0.16767811123119128,apartment_2/seq_0005
apartment_2,seq_0005,18,spaced0.3,9,2.55,1.0,fixed,0.3,34309,53901,0.27194414687957325,0.2582122305907618,0.26507818873516753,0.31496108892710367,0.6128643253371923,0.4160877947621979,0.5237109796263371,0.7471104432199773,0.6157748603756723,0.8365443469643534,0.8638615239049369,0.8499835089527717,0.15138222526844872,apartment_2/seq_0005
apartment_2,seq_0005,18,spaced0.3,9,2.55,1.0,subset,0.3,34309,45841,0.27269434625975475,0.21049047116604463,0.2415924087128997,0.312512751756099,0.6559630025523003,0.4233390501844895,0.522282782943251,0.7855849566981523,0.6274296474889142,0.8361071438981026,0.895377500490827,0.8647278820196667,0.15247510802179223,apartment_2/seq_0005
apartment_2,seq_0005,18,spaced0.3,9,2.55,0.25,fixed,0.3,8577,53901,0.14396998668368857,0.7715431157604741,0.4577565512220813,0.5335198787454821,0.34563366171314075,0.4194999412533918,0.7423341494695115,0.4536836051279197,0.5631769793488638,0.9764486417162178,0.5877627502272685,0.7338140382646443,0.15139349236730312,apartment_2/seq_0005
apartment_2,seq_0005,18,spaced0.3,9,2.55,0.25,subset,0.3,8577,45841,0.1439866228534473,0.6403211786500375,0.3921539007517424,0.5311880610936225,0.38858227351061275,0.4488300104400946,0.7421009677043255,0.5067079688488471,0.6022193836378137,0.9763320508336248,0.6498549333566022,0.7803213357341457,0.15861829371184674,apartment_2/seq_0005
apartment_2,seq_0005,18,random_n0.3,9,2.55,1.0,fixed,0.3,36752,53901,0.3092568321612878,0.2118833323507739,0.26057008225603084,0.3093709185894645,0.6314910669560861,0.41528932928874734,0.504952111449717,0.7751804233687687,0.6115444782286504,0.8001469307792773,0.8914120331719263,0.8433174575672759,0.1501240694789082,apartment_2/seq_0005
apartment_2,seq_0005,18,random_n0.3,9,2.55,1.0,subset,0.3,36752,46972,0.30994776519518696,0.1933174586296524,0.2516326119124197,0.3081464954288202,0.6600740866899429,0.4201511934228557,0.5032107096212451,0.7970280166907945,0.6169221478344682,0.7998748367435786,0.9049859490760453,0.8491901441963496,0.1503042371943799,apartment_2/seq_0005
apartment_2,seq_0005,18,random_n0.3,9,2.55,0.25,fixed,0.3,9188,53901,0.15616206631294233,0.6098931027744705,0.38302758454370645,0.5314540705267741,0.37084655201202205,0.4368564194338323,0.7294296909011755,0.49609469212073987,0.5905491607421964,0.9541793643883326,0.6489118940279401,0.7724804627770325,0.15929731217319512,apartment_2/seq_0005
apartment_2,seq_0005,18,random_n0.3,9,2.55,0.25,subset,0.3,9188,46972,0.1562893523571253,0.5329007787865203,0.3445950655718228,0.5314540705267741,0.40734905901388063,0.461198538279485,0.7273617762298651,0.5414715149450736,0.6207997309459368,0.9542882020026121,0.6965851996934344,0.8053228516179927,0.1642673276766136,apartment_2/seq_0005
apartment_2,seq_0005,18,consec_n0.3,9,1.2000000000000002,1.0,fixed,0.3,28049,53901,0.2462518326992737,0.6604591296763676,0.45335548118782065,0.3304930657064423,0.5074488413944083,0.4002862772715714,0.5495383079610682,0.6092094766330866,0.5778374715081774,0.8849156832685657,0.7160535055008256,0.7915792277853604,0.14883648289864126,apartment_2/seq_0005
apartment_2,seq_0005,18,consec_n0.3,9,1.2000000000000002,1.0,subset,0.3,28049,40148,0.2526916189118325,0.49755406983078854,0.3751228443713105,0.3168740418553246,0.5729799740958453,0.408072508612183,0.5316410567221648,0.671889010660556,0.5935934519764641,0.8811722343042533,0.7778967819069443,0.8263201092579167,0.15010895680840364,apartment_2/seq_0005
apartment_2,seq_0005,18,consec_n0.3,9,1.2000000000000002,0.25,fixed,0.3,7012,53901,0.13679056770655815,1.0717174517619643,0.6042540097342612,0.5233884768967484,0.2662473794549266,0.35294955083347407,0.760125499144324,0.35633847238455685,0.4852139721351152,0.9853108956075299,0.4961874547782045,0.6600060072013444,0.13014335339302313,apartment_2/seq_0005
apartment_2,seq_0005,18,consec_n0.3,9,1.2000000000000002,0.25,subset,0.3,7012,40148,0.13943060474770544,0.8700376985521163,0.5047341516499109,0.5092698231602967,0.3181976686260835,0.39167332140477323,0.7477181973759269,0.41710670519079407,0.535493829212341,0.9851682829435254,0.5671017236225964,0.7198369213504332,0.1447907188353048,apartment_2/seq_0005
apartment_2,seq_0005,18,spaced0.5,5,2.4,1.0,fixed,0.5,25003,53901,0.2695943451846827,0.2861317985983607,0.2778630718915217,0.3552373715154182,0.5392849854362628,0.42832731733379525,0.5518137823461184,0.6939203354297694,0.6147616886724395,0.8325000999880015,0.8381106101927608,0.8352959340371802,0.15880312473561015,apartment_2/seq_0005
apartment_2,seq_0005,18,spaced0.5,5,2.4,1.0,subset,0.5,25003,38923,0.27134599578320295,0.20304863463080663,0.2371973152070048,0.35007799064112305,0.6204814634021016,0.4476117419349713,0.5479342478902531,0.7696477661023046,0.6401368042081694,0.8311802583689957,0.8953061172057653,0.8620522934282563,0.16459260604959577,apartment_2/seq_0005
apartment_2,seq_0005,18,spaced0.5,5,2.4,0.25,fixed,0.5,6250,53901,0.14720952188056896,0.76455760111117,0.4558835614958695,0.56112,0.29875141463052635,0.38990805119277355,0.73968,0.4317916179662715,0.5452759060979442,0.96144,0.584553162278993,0.7270572807877569,0.1321338063862139,apartment_2/seq_0005
apartment_2,seq_0005,18,spaced0.5,5,2.4,0.25,subset,0.5,6250,38923,0.14740445560761983,0.5324836087827934,0.33994403219520664,0.55952,0.3779770315751612,0.4511709404596209,0.7392,0.5394239909565038,0.6237051970482103,0.96128,0.7045962541427947,0.8131627850484122,0.1486013986013986,apartment_2/seq_0005
apartment_2,seq_0005,18,random_n0.5,5,1.9499999999999997,1.0,fixed,0.5,21972,53901,0.22367933409034582,0.6761316097853746,0.4499054719378602,0.370471509193519,0.4715496929556038,0.41494377092434365,0.5978518113963226,0.5842563217751062,0.5909758853547196,0.8878572728927726,0.7033821264911597,0.7849264376808972,0.15107065085894023,apartment_2/seq_0005
apartment_2,seq_0005,18,random_n0.5,5,1.9499999999999997,1.0,subset,0.5,21972,35394,0.2259764376846,0.36246825806694155,0.2942223478757708,0.3628254141634808,0.595581171950048,0.4509401093684682,0.5909794283633716,0.7148104198451715,0.6470233382313981,0.886400873839432,0.8312425834887269,0.8579360859011905,0.16312757762704932,apartment_2/seq_0005
apartment_2,seq_0005,18,random_n0.5,5,1.9499999999999997,0.25,fixed,0.5,5493,53901,0.12166896489086466,1.0326856290374615,0.5771772969641631,0.595121063171309,0.2671379009665869,0.3687509164849052,0.8083014746040416,0.38004860763251147,0.5170090103286951,0.9856180593482614,0.506799502792156,0.6693981029066328,0.12677527151211362,apartment_2/seq_0005
apartment_2,seq_0005,18,random_n0.5,5,1.9499999999999997,0.25,subset,0.5,5493,35394,0.1235845623861836,0.6556379579121886,0.3896112601491861,0.584380120152922,0.3614736961066847,0.4466610766519699,0.8010194793373384,0.5068373170593886,0.6208425340422248,0.9856180593482614,0.6524269650223201,0.785135682554104,0.15340871952415192,apartment_2/seq_0005
apartment_2,seq_0005,18,consec_n0.5,5,0.6000000000000001,1.0,fixed,0.5,19026,53901,0.18008120552426385,0.7757441488622131,0.4779126771932385,0.4018185640702197,0.46032541140238586,0.42908679078420847,0.6498475769998949,0.5670395725496744,0.6056260720985644,0.9526437506569957,0.689950093690284,0.8002911337835201,0.161951090373606,apartment_2/seq_0005
apartment_2,seq_0005,18,consec_n0.5,5,0.6000000000000001,1.0,subset,0.5,19026,31696,0.18804114387307466,0.4867929774742864,0.33741706067368055,0.38111005991800695,0.5793160020191822,0.4597608602908357,0.627772521812257,0.6898977788995457,0.6573706157275968,0.9481236203090507,0.8048334174659263,0.8706221054705102,0.1710465652374366,apartment_2/seq_0005
apartment_2,seq_0005,18,consec_n0.5,5,0.6000000000000001,0.25,fixed,0.5,4756,53901,0.12009810068136356,1.2130851027194256,0.6665916017003946,0.5664423885618166,0.20517244578022673,0.3012341522799285,0.8111858704793945,0.28797239383313855,0.42505095862909925,0.9911690496215307,0.45229216526595056,0.6211431120895918,0.10813972034664257,apartment_2/seq_0005
apartment_2,seq_0005,18,consec_n0.5,5,0.6000000000000001,0.25,subset,0.5,4756,31696,0.12275362959056767,0.8466677302820976,0.48471067993633266,0.5527754415475189,0.3020570418980313,0.39064897027478723,0.8017241379310345,0.40730691569914185,0.540180973651201,0.9909587888982339,0.5994131751640586,0.7469872049215206,0.13499509872566867,apartment_2/seq_0005
apartment_2,seq_0005,18,spaced1.0,3,2.1,1.0,fixed,1.0,17783,53901,0.24277919607771883,0.28603745905286826,0.26440832756529353,0.41365348928752177,0.5004174319585908,0.45291762820280707,0.6280717539222853,0.6902840392571566,0.6577100195315659,0.8580104594275432,0.8469045101204059,0.8524213122632582,0.16889839867476533,apartment_2/seq_0005
apartment_2,seq_0005,18,spaced1.0,3,2.1,1.0,subset,1.0,17783,32764,0.24664441482033103,0.1985939421623423,0.22261917849133667,0.40347522915143674,0.5992247588816995,0.48224264443696846,0.6195804982286454,0.7798498351849591,0.690537767962786,0.8562672215036833,0.9105115370528629,0.8825566644419789,0.17809286382050482,apartment_2/seq_0005
apartment_2,seq_0005,18,spaced1.0,3,2.1,0.25,fixed,1.0,4445,53901,0.1189898701538039,0.8205694822320633,0.4697796761929336,0.6386951631046119,0.2534461327248103,0.3628905417463298,0.8227221597300337,0.4005306024006976,0.5387691120698346,0.9770528683914511,0.5684866700061223,0.7187671590047731,0.12123197903014417,apartment_2/seq_0005
apartment_2,seq_0005,18,spaced1.0,3,2.1,0.25,subset,1.0,4445,32764,0.11983481942296548,0.5121014772343523,0.3159681483286589,0.6323959505061867,0.3607923330484678,0.45945691098353514,0.8186726659167604,0.5466365523135148,0.6555531854536604,0.9770528683914511,0.731351483335368,0.8365338848181844,0.1442301184433164,apartment_2/seq_0005
apartment_2,seq_0005,18,random_n1.0,3,1.9499999999999997,1.0,fixed,1.0,17731,53901,0.24327165167124423,0.2829392727549185,0.26310546221308134,0.40262816536010376,0.49524127567206544,0.44415830881874724,0.6244430658169308,0.694977829724866,0.6578250930155058,0.8582708251085669,0.855253149292221,0.8567593299958643,0.1681116369037339,apartment_2/seq_0005
apartment_2,seq_0005,18,random_n1.0,3,1.9499999999999997,1.0,subset,1.0,17731,32271,0.24753920811351243,0.197758601888727,0.22264890500111972,0.39123568890643506,0.5855411979796101,0.4690623151515624,0.6155321188878236,0.78101081466332,0.6884675437819803,0.8562968811685748,0.9115304762790121,0.8830508257941871,0.17452054794520547,apartment_2/seq_0005
apartment_2,seq_0005,18,random_n1.0,3,1.9499999999999997,0.25,fixed,1.0,4432,53901,0.11961065646777536,0.8637911479615652,0.4917009022146703,0.6401173285198556,0.2526483738706147,0.3623002131553881,0.8131768953068592,0.3862451531511475,0.5237282987594988,0.9760830324909747,0.5587094859093523,0.7106456967307535,0.12457524936972487,apartment_2/seq_0005
apartment_2,seq_0005,18,random_n1.0,3,1.9499999999999997,0.25,subset,1.0,4432,32271,0.12031983887961865,0.5329674794565316,0.3266436591680751,0.6342509025270758,0.36320535465278425,0.4619016068784984,0.8100180505415162,0.5361470050509746,0.645223629941751,0.9760830324909747,0.7273713240990363,0.8335706853863655,0.14892739273927394,apartment_2/seq_0005
apartment_2,seq_0005,18,consec_n1.0,3,0.2999999999999996,1.0,fixed,1.0,13123,53901,0.16469873757898937,0.8070295963228541,0.4858641669509217,0.4459346186085499,0.38429713734439064,0.4128278547411816,0.6887906728644365,0.524684143151333,0.5956407817165783,0.9641850186695116,0.6767592437988164,0.795299558969049,0.15372462279800933,apartment_2/seq_0005
apartment_2,seq_0005,18,consec_n1.0,3,0.2999999999999996,1.0,subset,1.0,13123,25676,0.17353135485195184,0.42001199257774113,0.2967716737148465,0.42337880057913585,0.5369216388845615,0.47343774955030216,0.66821610912139,0.6967206730020252,0.6821707545071556,0.9589270746018441,0.8366957470010905,0.8936511558561372,0.17836821784190204,apartment_2/seq_0005
apartment_2,seq_0005,18,consec_n1.0,3,0.2999999999999996,0.25,fixed,1.0,3280,53901,0.11001564332733182,1.3486851910246844,0.7293504171760081,0.6051829268292683,0.1566390233947422,0.24886461359070625,0.8439024390243902,0.22873416077623793,0.3599155878200366,0.9935975609756098,0.3675442014062819,0.5365951323526423,0.08730069615989221,apartment_2/seq_0005
apartment_2,seq_0005,18,consec_n1.0,3,0.2999999999999996,0.25,subset,1.0,3280,25676,0.11315032542466201,0.8309479068030879,0.47204911611387496,0.5878048780487805,0.28287116373266863,0.381940106129932,0.8350609756097561,0.39756971490886434,0.5386770856159754,0.9935975609756098,0.5631718336189437,0.7188812450153266,0.12286603313430325,apartment_2/seq_0005
apartment_2,seq_0006,18,all,18,2.5499999999999994,1.0,fixed,0.0,86240,54151,0.9523978467201347,0.4587122468197179,0.7055550467699263,0.1577226345083488,0.6119923916455836,0.2508072443166855,0.27339981447124306,0.7022954331406622,0.39358076529451674,0.4996405380333952,0.7718417019076287,0.606604466981193,0.08334786578172604,apartment_2/seq_0006
apartment_2,seq_0006,18,all,18,2.5499999999999994,1.0,subset,0.0,86240,54151,0.9523978467201347,0.4587122468197179,0.7055550467699263,0.1577226345083488,0.6119923916455836,0.2508072443166855,0.27339981447124306,0.7022954331406622,0.39358076529451674,0.4996405380333952,0.7718417019076287,0.606604466981193,0.08334786578172604,apartment_2/seq_0006
apartment_2,seq_0006,18,all,18,2.5499999999999994,0.25,fixed,0.0,21560,54151,0.31754719838527773,0.7948258319310338,0.5561865151581558,0.4118274582560297,0.4723827814814131,0.440031547879768,0.5737940630797773,0.545160754187365,0.5591110549768029,0.8047773654916512,0.6164429096415579,0.6981314712117266,0.15848170058592093,apartment_2/seq_0006
apartment_2,seq_0006,18,all,18,2.5499999999999994,0.25,subset,0.0,21560,54151,0.31754719838527773,0.7948258319310338,0.5561865151581558,0.4118274582560297,0.4723827814814131,0.440031547879768,0.5737940630797773,0.545160754187365,0.5591110549768029,0.8047773654916512,0.6164429096415579,0.6981314712117266,0.15848170058592093,apartment_2/seq_0006
apartment_2,seq_0006,18,spaced0.3,7,2.25,1.0,fixed,0.3,46506,54151,0.7743469275885513,0.5499535237532719,0.6621502256709115,0.2367436459811637,0.5368506583442596,0.3285856203779478,0.3594374919365243,0.6480766744843124,0.46241147216168205,0.5833010794306112,0.7297556831822127,0.6483608170507137,0.11679240484869034,apartment_2/seq_0006
apartment_2,seq_0006,18,spaced0.3,7,2.25,1.0,subset,0.3,46506,40079,0.778990323750555,0.44007708801143247,0.6095337058809938,0.23379778953253344,0.6126150852067167,0.33843543034417684,0.35672816410785707,0.7175079218543376,0.47653451050600704,0.580333720380166,0.7909628483744604,0.6694721228632771,0.11497856662061147,apartment_2/seq_0006
apartment_2,seq_0006,18,spaced0.3,7,2.25,0.25,fixed,0.3,11626,54151,0.2345677574657882,0.9218855397835947,0.5782266486246914,0.5284706691897472,0.3968717105870621,0.45331341795241686,0.6638568725270945,0.48833816550017545,0.5627287682814902,0.8790641665233099,0.5896844010267585,0.7058668011027202,0.15696741199746164,apartment_2/seq_0006
apartment_2,seq_0006,18,spaced0.3,7,2.25,0.25,subset,0.3,11626,40079,0.23598918601350374,0.7431791410301039,0.4895841635218038,0.5256322036814037,0.47768157888170865,0.5005110571174887,0.6615344916566317,0.5782579405673794,0.617099383440233,0.877515912609668,0.6780109284163777,0.7649696076169011,0.16733216870476667,apartment_2/seq_0006
apartment_2,seq_0006,18,random_n0.3,7,2.25,1.0,fixed,0.3,42898,54151,0.7643844713707122,0.5503014891279482,0.6573429802493302,0.23663107837195207,0.5180698417388414,0.3248741907049792,0.3590610284861765,0.6412254621336633,0.4603462629642563,0.5789314187141592,0.7371793688020535,0.6485415998037686,0.11589813437516801,apartment_2/seq_0006
apartment_2,seq_0006,18,random_n0.3,7,2.25,1.0,subset,0.3,42898,39908,0.7699355934119869,0.42240376061801244,0.5961696770149997,0.2335073896218938,0.5962964819083892,0.3355964938422569,0.355471117534617,0.7147439109952891,0.4748033059142535,0.5753181966525246,0.8044001202766362,0.6708413172547439,0.11413494157557483,apartment_2/seq_0006
apartment_2,seq_0006,18,random_n0.3,7,2.25,0.25,fixed,0.3,10724,54151,0.23360873493941237,0.9189906230033185,0.5762996789713655,0.5265759045132413,0.3847389706561282,0.4446196962100319,0.6586161879895561,0.4729552547506048,0.5505546980209549,0.8797090637821708,0.5835164632232092,0.7016344535953213,0.14745471877979027,apartment_2/seq_0006
apartment_2,seq_0006,18,random_n0.3,7,2.25,0.25,subset,0.3,10724,39908,0.23499730004331162,0.725336448880186,0.4801668744617488,0.5247109287579261,0.4697804951388193,0.49572867898806816,0.6553524804177546,0.5672546857772878,0.6081295376497637,0.8779373368146214,0.6764809060839931,0.7641544967792301,0.15874586039310137,apartment_2/seq_0006
apartment_2,seq_0006,18,consec_n0.3,7,0.8999999999999999,1.0,fixed,0.3,42155,54151,0.7503941500761555,0.5538095212509019,0.6521018356635286,0.23423081484995847,0.49012945282635595,0.31697879146729335,0.3503024552247657,0.600302856826282,0.4424287597782645,0.5764203534574783,0.7167919336669683,0.6389878349802955,0.10830285889283205,apartment_2/seq_0006
apartment_2,seq_0006,18,consec_n0.3,7,0.8999999999999999,1.0,subset,0.3,42155,37034,0.7609496528436887,0.4243268007773611,0.5926382268105249,0.22483691139841064,0.580493600475239,0.3241312387723681,0.33749258688174594,0.682912998865907,0.45173816729659333,0.5641798125963705,0.7888156828859967,0.6578497646587317,0.10288988054640762,apartment_2/seq_0006
apartment_2,seq_0006,18,consec_n0.3,7,0.8999999999999999,0.25,fixed,0.3,10538,54151,0.20688665936454864,0.9070262425672923,0.5569564509659204,0.5696526855190738,0.3770382818415172,0.45375075330724796,0.7041184285443158,0.45699987073184245,0.5542622677211435,0.8954260770544695,0.5692415652527193,0.6960128386091357,0.15395894428152493,apartment_2/seq_0006
apartment_2,seq_0006,18,consec_n0.3,7,0.8999999999999999,0.25,subset,0.3,10538,37034,0.21015652997842724,0.6751956070564173,0.4426760685174223,0.5623457961662555,0.47880326186747313,0.5172227730971863,0.6968115391914974,0.570421774585516,0.6273138030953314,0.8941924463845132,0.6824269590106389,0.7740879376066362,0.16647209899603083,apartment_2/seq_0006
apartment_2,seq_0006,18,spaced0.5,5,2.4,1.0,fixed,0.5,38422,54151,0.7547251176110629,0.6096643715449533,0.6821947445780081,0.24228306699286867,0.4972576683717752,0.3258160293751312,0.3761907240643381,0.5969603516093885,0.46153357381671495,0.5955702462131071,0.7144466399512475,0.6496147732992016,0.1138737905246521,apartment_2/seq_0006
apartment_2,seq_0006,18,spaced0.5,5,2.4,1.0,subset,0.5,38422,35010,0.7595348267368174,0.44632837705092326,0.6029316018938703,0.23762427775753475,0.6063410454155955,0.3414390355516366,0.37231273749414395,0.6982290774064553,0.4856598324117687,0.5916402061319036,0.805798343330477,0.6823093554019977,0.11355150908370357,apartment_2/seq_0006
apartment_2,seq_0006,18,spaced0.5,5,2.4,0.25,fixed,0.5,9605,54151,0.24718991163354806,0.9316937649367482,0.5894418382851481,0.5074440395627278,0.36422226736348357,0.4240669099655073,0.6413326392503904,0.47306605602851287,0.5444957958724249,0.8593440916189484,0.5860464257354435,0.6968573922734209,0.13339592379611157,apartment_2/seq_0006
apartment_2,seq_0006,18,spaced0.5,5,2.4,0.25,subset,0.5,9605,35010,0.24881095976470513,0.6689080192718109,0.458859489518258,0.5042165538781884,0.4782347900599829,0.49088211701581996,0.6384174908901614,0.6013424735789774,0.6193256181044077,0.8592399791775117,0.7162239360182805,0.7812406668727827,0.15206076804051202,apartment_2/seq_0006
apartment_2,seq_0006,18,random_n0.5,5,0.9000000000000001,1.0,fixed,0.5,37491,54151,0.740679593667579,0.5374435718024769,0.6390615827350279,0.23923074871302447,0.4859190042658492,0.3206145123179629,0.3495772318689819,0.6078742774833337,0.44388463576756965,0.5678696220426236,0.7154069176931174,0.6331571463789522,0.10741274540355251,apartment_2/seq_0006
apartment_2,seq_0006,18,random_n0.5,5,0.9000000000000001,1.0,subset,0.5,37491,31918,0.7643179975793054,0.3917352248832258,0.5780266112312656,0.22338694620042143,0.6048937903377405,0.32627917235865866,0.3272785468512443,0.7131085907638324,0.4486505741839991,0.5375956896321784,0.8111410489379034,0.6466286846387144,0.10190167076916375,apartment_2/seq_0006
apartment_2,seq_0006,18,random_n0.5,5,0.9000000000000001,0.25,fixed,0.5,9372,54151,0.2804902101270737,0.8875025213931766,0.5839963657601251,0.5370251813913786,0.34553378515632216,0.42050525955512874,0.6450064020486556,0.4371479751066462,0.5211146367630098,0.8150874946649594,0.5762405126405791,0.6751627701109266,0.1283420360409878,apartment_2/seq_0006
apartment_2,seq_0006,18,random_n0.5,5,0.9000000000000001,0.25,subset,0.5,9372,31918,0.287053201296421,0.6015518811236126,0.4443025412100168,0.5263551002987623,0.47484178206654554,0.49927321634324745,0.6323090055484422,0.5818347014223949,0.6060226962224102,0.8084720443875374,0.7268312550911711,0.7654809976997226,0.14651696861444247,apartment_2/seq_0006
apartment_2,seq_0006,18,consec_n0.5,5,0.6000000000000001,1.0,fixed,0.5,32702,54151,0.732030177929485,0.599507248721803,0.665768713325644,0.26389823252400463,0.44290964155786594,0.3307350578876616,0.3845636352516666,0.5672286753707226,0.4583679001922404,0.5966301755244328,0.6945578105667486,0.6418804277831023,0.11460741501840911,apartment_2/seq_0006
apartment_2,seq_0006,18,consec_n0.5,5,0.6000000000000001,1.0,subset,0.5,32702,32319,0.7438099380650246,0.40917685582705104,0.5764933969460379,0.25240046480337597,0.572759058139175,0.35039201142379944,0.37061953397345726,0.6853244221665274,0.4810759443947529,0.5821968075347074,0.7977041368854234,0.6731219421653256,0.11134903640256959,apartment_2/seq_0006
apartment_2,seq_0006,18,consec_n0.5,5,0.6000000000000001,0.25,fixed,0.5,8175,54151,0.19333396774031944,0.9293183577367055,0.5613261627385124,0.6012232415902141,0.3450351794057358,0.43844929550352807,0.7270948012232415,0.4315155768129859,0.5416017990091919,0.8998165137614679,0.5555022067921184,0.6869286459976944,0.13659059959559278,apartment_2/seq_0006
apartment_2,seq_0006,18,consec_n0.5,5,0.6000000000000001,0.25,subset,0.5,8175,32319,0.19643397369896118,0.6137132603815217,0.4050736170402415,0.5940061162079511,0.4767164825644358,0.5289371993550543,0.7223241590214067,0.5830316532070918,0.6452460618637123,0.898348623853211,0.7106655527708159,0.7935609650016437,0.15729845109736743,apartment_2/seq_0006
apartment_2,seq_0006,18,spaced1.0,3,2.1,1.0,fixed,1.0,24972,54151,0.6959067938911835,0.7918869553144688,0.7438968746028262,0.27947300977094347,0.42235600450591865,0.3363699743753688,0.387473970847349,0.5026130634706654,0.4375964866221125,0.6068797052699023,0.6143007516020018,0.6105676797911742,0.11300768110848938,apartment_2/seq_0006
apartment_2,seq_0006,18,spaced1.0,3,2.1,1.0,subset,1.0,24972,28243,0.7053686019992972,0.48281190077694874,0.594090251388123,0.27382668588819475,0.5865524200686896,0.37335566188228253,0.38038603235623897,0.6761321389370818,0.486865685166545,0.6004324843825084,0.7835569875721418,0.6798795485615248,0.11812789565320034,apartment_2/seq_0006
apartment_2,seq_0006,18,spaced1.0,3,2.1,0.25,fixed,1.0,6243,54151,0.18503897037842487,0.9322990463070362,0.5586690083427306,0.6149287201665866,0.3199202230799062,0.4208768373866879,0.7251321480057664,0.4183302247419254,0.5305722368702397,0.9085375620695179,0.5642924415061588,0.696184729881379,0.11692106410815525,apartment_2/seq_0006
apartment_2,seq_0006,18,spaced1.0,3,2.1,0.25,subset,1.0,6243,28243,0.18752552559509839,0.573692617571298,0.3806090715831982,0.6102835175396444,0.47969408348971426,0.53716588733308,0.7209674835816114,0.5986262082639946,0.6541256352543862,0.9062950504565113,0.7462025988740573,0.818494019971897,0.1474339780825199,apartment_2/seq_0006
apartment_2,seq_0006,18,random_n1.0,3,1.5,1.0,fixed,1.0,22743,54151,0.5816805404146351,0.6750249443080111,0.6283527423613231,0.3007518796992481,0.4185148935384388,0.3499929250095411,0.43138548124697706,0.5437757382135141,0.48110395253299126,0.6591918392472409,0.6733762996066555,0.666208576508492,0.11774386197743862,apartment_2/seq_0006
apartment_2,seq_0006,18,random_n1.0,3,1.5,1.0,subset,1.0,22743,27991,0.589709686059905,0.39004820364366344,0.48987894485178424,0.2934089609989887,0.5862955950126827,0.39109580641679154,0.4254935584575474,0.7060483726912222,0.5309905470927726,0.6548388515147517,0.8240148619199028,0.7297502665865387,0.12345639921474258,apartment_2/seq_0006
apartment_2,seq_0006,18,random_n1.0,3,1.5,0.25,fixed,1.0,5685,54151,0.1821714209554612,1.0008840861115849,0.591527753533523,0.6388742304309587,0.2984063082860889,0.4068026437910952,0.745646437994723,0.40047275211907446,0.5210820719298533,0.919613016710642,0.5527321748444165,0.6904626790743996,0.11574775095751313,apartment_2/seq_0006
apartment_2,seq_0006,18,random_n1.0,3,1.5,0.25,subset,1.0,5685,27991,0.18511256405815874,0.6108386640758794,0.3979756140670191,0.6325417766051011,0.4591475831517273,0.5320744868951085,0.7408970976253298,0.5854381765567503,0.6540570160398469,0.9185576077396658,0.7390589832446144,0.8190895956520029,0.14535281317998136,apartment_2/seq_0006
apartment_2,seq_0006,18,consec_n1.0,3,0.29999999999999977,1.0,fixed,1.0,24038,54151,0.6953270571252674,0.7593639865740993,0.7273455218496834,0.3045594475413928,0.40407379365108675,0.34732915196932695,0.4166319993343872,0.4861406068216653,0.44871040967924863,0.6269656377402446,0.6181233956898303,0.6225131192637795,0.11943262411347517,apartment_2/seq_0006
apartment_2,seq_0006,18,consec_n1.0,3,0.29999999999999977,1.0,subset,1.0,24038,26009,0.7101983393047798,0.4252598429374823,0.567729091121131,0.2917464015309094,0.5864123957091776,0.3896418433635489,0.400990099009901,0.6749202199238725,0.5030834281415912,0.6107413262334637,0.7948402476065977,0.6907344205441692,0.12256604735651232,apartment_2/seq_0006
apartment_2,seq_0006,18,consec_n1.0,3,0.29999999999999977,0.25,fixed,1.0,6009,54151,0.18266384665928792,0.9345444634689909,0.5586041550641394,0.6370444333499751,0.30959723735480416,0.4166881783063118,0.7425528374105509,0.4103894664918469,0.528622918519816,0.9033116991179897,0.5500360104153201,0.6837372225314062,0.11566868900026378,apartment_2/seq_0006
apartment_2,seq_0006,18,consec_n1.0,3,0.29999999999999977,0.25,subset,1.0,6009,26009,0.1868997427651973,0.5274041460292604,0.35715194439722886,0.6268929938425695,0.4861394132800185,0.5476163861281271,0.7360625728074555,0.6132108116421239,0.6690438466994254,0.8996505242136795,0.7569687415894498,0.8221651640084788,0.15023411371237458,apartment_2/seq_0006
apartment_2,seq_0010,21,all,21,3.0,1.0,fixed,0.0,75664,64652,0.567493357334317,0.36011874665386995,0.4638060519940935,0.19102875872277436,0.6387428076470952,0.29410081191799947,0.3283992387396913,0.740147249891728,0.45494285181926436,0.6141361810107845,0.8329208686506218,0.7069891839813354,0.10321150953578359,apartment_2/seq_0010
apartment_2,seq_0010,21,all,21,3.0,1.0,subset,0.0,75664,64652,0.567493357334317,0.36011874665386995,0.4638060519940935,0.19102875872277436,0.6387428076470952,0.29410081191799947,0.3283992387396913,0.740147249891728,0.45494285181926436,0.6141361810107845,0.8329208686506218,0.7069891839813354,0.10321150953578359,apartment_2/seq_0010
apartment_2,seq_0010,21,all,21,3.0,0.25,fixed,0.0,18916,64652,0.19544991667771094,0.5564845829338507,0.37596724980578083,0.43635017974201734,0.449668997092124,0.4429094828548867,0.6349651089025163,0.5759914619810679,0.6040422756315154,0.9328610699936561,0.7396677596980759,0.8251065637881225,0.16359010767956456,apartment_2/seq_0010
apartment_2,seq_0010,21,all,21,3.0,0.25,subset,0.0,18916,64652,0.19544991667771094,0.5564845829338507,0.37596724980578083,0.43635017974201734,0.449668997092124,0.4429094828548867,0.6349651089025163,0.5759914619810679,0.6040422756315154,0.9328610699936561,0.7396677596980759,0.8251065637881225,0.16359010767956456,apartment_2/seq_0010
apartment_2,seq_0010,21,spaced0.3,8,2.85,1.0,fixed,0.3,42027,64652,0.47697458337072796,0.39218562220932424,0.4345801027900261,0.2539319960977467,0.5367970055064035,0.34477029382001295,0.3993385204749328,0.6793447998515127,0.5029994293096911,0.6711399814405026,0.822913444286333,0.739317756936019,0.12649504807605577,apartment_2/seq_0010
apartment_2,seq_0010,21,spaced0.3,8,2.85,1.0,subset,0.3,42027,48978,0.47877466149665543,0.2879845603467297,0.3833796109216926,0.24979180050919647,0.6103965045530646,0.35450852098202823,0.3973635995907393,0.7535015721344277,0.5203287133136374,0.6702595950222476,0.8790273183878476,0.7605776429613156,0.126077749205869,apartment_2/seq_0010
apartment_2,seq_0010,21,spaced0.3,8,2.85,0.25,fixed,0.3,10506,64652,0.1519128986121539,0.6554074288876586,0.4036601637499062,0.5454978107747953,0.36696467239992575,0.4387652733499153,0.7308204835332192,0.4769380684278909,0.5771950183551163,0.9644964782029316,0.6491369176514261,0.7760006362719282,0.15461300078407944,apartment_2/seq_0010
apartment_2,seq_0010,21,spaced0.3,8,2.85,0.25,subset,0.3,10506,48978,0.152488298944081,0.4860699605987093,0.31927912977139516,0.5415952788882543,0.44279064069582263,0.4872343575131365,0.7300590138968208,0.5634366450242966,0.6360160525051385,0.9641157433847325,0.7325329739883213,0.8325195021678634,0.16715237302248126,apartment_2/seq_0010
apartment_2,seq_0010,21,random_n0.3,8,3.0,1.0,fixed,0.3,41523,64652,0.5310631901316829,0.4784490748858333,0.5047561325087582,0.22247910796426076,0.4671935902988307,0.3014206984793635,0.35712737518965393,0.5991307306811854,0.44750676397932954,0.6334320737904294,0.756635525583122,0.6895739607046734,0.10836539321821598,apartment_2/seq_0010
apartment_2,seq_0010,21,random_n0.3,8,3.0,1.0,subset,0.3,41523,50495,0.5327945138826424,0.40740031729322707,0.4700974155879347,0.22076921224381668,0.5212595306465987,0.31017142410729026,0.35544156250752595,0.6572928012674523,0.46138294238697836,0.6320593406064109,0.7984750965442123,0.7055875481300786,0.10659165772234354,apartment_2/seq_0010
apartment_2,seq_0010,21,random_n0.3,8,3.0,0.25,fixed,0.3,10380,64652,0.18601204999343302,0.665924840237714,0.4259684451155735,0.5073217726396917,0.33293633607622347,0.40203325726300043,0.6674373795761079,0.4491121697704634,0.5369295969046082,0.9316955684007707,0.6508847367444163,0.7663768123398211,0.1399911163754812,apartment_2/seq_0010
apartment_2,seq_0010,21,random_n0.3,8,3.0,0.25,subset,0.3,10380,50495,0.18668329393952834,0.5562387222155228,0.3714610080775256,0.5053949903660886,0.3863154767798792,0.4379042612123516,0.6657996146435453,0.5144073670660462,0.5803934938026827,0.9309248554913295,0.7105852064560848,0.805966951977902,0.14446042016135474,apartment_2/seq_0010
apartment_2,seq_0010,21,consec_n0.3,8,1.0499999999999998,1.0,fixed,0.3,39176,64652,0.6133791293763073,0.5464692805880031,0.5799242049821552,0.19256687768021238,0.39418734145888756,0.25873670129607224,0.3078925872983459,0.5282435191486728,0.3890329877641134,0.560904635491117,0.7176576130668811,0.6296720903791712,0.0890318336318117,apartment_2/seq_0010
apartment_2,seq_0010,21,consec_n0.3,8,1.0499999999999998,1.0,subset,0.3,39176,42708,0.6187222551870791,0.4210557583540473,0.5198890067705633,0.18526648968756382,0.4718085604570572,0.26605884908027744,0.2989074943843169,0.6071462021166995,0.40059557330982776,0.5571268123340821,0.7887515219630983,0.6530079427787654,0.08681621097230197,apartment_2/seq_0010
apartment_2,seq_0010,21,consec_n0.3,8,1.0499999999999998,0.25,fixed,0.3,9794,64652,0.248960395166493,0.8520946318995517,0.5505275135330223,0.42903818664488463,0.2543308791684712,0.3193520592752226,0.5833163161119053,0.355735321413104,0.44194846993608483,0.8420461507045129,0.5364103198663615,0.6553449523938705,0.10674774708769873,apartment_2/seq_0010
apartment_2,seq_0010,21,consec_n0.3,8,1.0499999999999998,0.25,subset,0.3,9794,42708,0.2530172101091697,0.6791941982553196,0.4661057041822446,0.4177047171737799,0.32668352533483186,0.3666292446948224,0.5695323667551562,0.43361899409946614,0.4923684732263425,0.8386767408617521,0.6166760325934251,0.7107443014728803,0.11610814594452708,apartment_2/seq_0010
apartment_2,seq_0010,21,spaced0.5,6,3.0,1.0,fixed,0.5,33519,64652,0.47132615221355884,0.4694310005002659,0.4703785763569124,0.2648647036009428,0.47269999381302974,0.33949982745224533,0.4040394999850831,0.6028274453999877,0.483809903052375,0.6763029923327069,0.7579347893336633,0.7147957926807075,0.12293887408394404,apartment_2/seq_0010
apartment_2,seq_0010,21,spaced0.5,6,3.0,1.0,subset,0.5,33519,45108,0.47361999522293846,0.31346271833644607,0.39354135677969226,0.2588382708314687,0.5625387957790192,0.35454257269665734,0.40144395715862646,0.697658951848896,0.5096355729424125,0.6752886422625973,0.8446173627737874,0.7505207693751729,0.12405466663674514,apartment_2/seq_0010
apartment_2,seq_0010,21,spaced0.5,6,3.0,0.25,fixed,0.5,8379,64652,0.14558943880289377,0.7118348444432195,0.42871214162305665,0.5656999641962048,0.3290230773989977,0.41605800778862195,0.7372001432151808,0.4351450844521438,0.5472603308426354,0.9717150017901898,0.6100043308791685,0.7495013144613095,0.14174133692807867,apartment_2/seq_0010
apartment_2,seq_0010,21,spaced0.5,6,3.0,0.25,subset,0.5,8379,45108,0.14671203579424352,0.4824135077347377,0.3145627717644906,0.5624776226279986,0.41839584996009577,0.47985455735084986,0.7340971476309822,0.5429635541367385,0.6242271738651584,0.9713569638381668,0.7225104194377937,0.8286546329373387,0.15966347494654642,apartment_2/seq_0010
apartment_2,seq_0010,21,random_n0.5,6,2.1,1.0,fixed,0.5,30306,64652,0.48245200319870374,0.5570918157463707,0.5197719094725373,0.2658879429815878,0.42246179545876383,0.3263675178764454,0.4161222200224378,0.5668347460248716,0.47992443423076936,0.6723751072394906,0.7356307616160366,0.702582032036974,0.11827862166273508,apartment_2/seq_0010
apartment_2,seq_0010,21,random_n0.5,6,2.1,1.0,subset,0.5,30306,41074,0.4891342662428705,0.33244659363446794,0.4107904299386692,0.25839767702765126,0.5287773287237668,0.347152367412072,0.4060912030620999,0.6861761698398013,0.510223253455754,0.6690094370751666,0.8522179480936846,0.7495813647296726,0.12125619345773658,apartment_2/seq_0010
apartment_2,seq_0010,21,random_n0.5,6,2.1,0.25,fixed,0.5,7576,64652,0.16727663166779755,0.8324681314868949,0.49987238157734626,0.5230992608236537,0.2581977355688919,0.3457405960756288,0.708025343189018,0.3657891480541979,0.48237007266692206,0.9460137275607181,0.5421796696157891,0.6893047788466135,0.1084098828001267,apartment_2/seq_0010
apartment_2,seq_0010,21,random_n0.5,6,2.1,0.25,subset,0.5,7576,41074,0.16913876998324887,0.5317788313379344,0.3504588006605916,0.51610348468849,0.3565028972099138,0.42170763672686734,0.7030095036958818,0.48877635487169496,0.5766378585321145,0.9448257655755016,0.677484540098359,0.7891275140462326,0.12787470261697065,apartment_2/seq_0010
apartment_2,seq_0010,21,consec_n0.5,6,0.7499999999999997,1.0,fixed,0.5,28831,64652,0.6383199101441931,0.9169004838264551,0.7776101969853241,0.18403801463702266,0.26096640475159316,0.21585286313978364,0.2884048420103361,0.3456350924952051,0.3144370845411989,0.5238805452464361,0.5030006805667264,0.5132283348270508,0.07378175079036302,apartment_2/seq_0010
apartment_2,seq_0010,21,consec_n0.5,6,0.7499999999999997,1.0,subset,0.5,28831,37156,0.6447313880101244,0.6944837248930016,0.669607556451563,0.1742915611667996,0.3445742275810098,0.2314909996585966,0.27845027921334675,0.43799117235439766,0.3404570295819381,0.5202733169158198,0.604128539132307,0.5590740662819055,0.0732993452291698,apartment_2/seq_0010
apartment_2,seq_0010,21,consec_n0.5,6,0.7499999999999997,0.25,fixed,0.5,7207,64652,0.2181347235028925,1.0228110586289354,0.620472891065914,0.472457333148328,0.21160984965662316,0.29230060365340826,0.6293880949077286,0.2976396708531832,0.4041537315842654,0.8735951158595809,0.4476891666151086,0.5919983678995998,0.09155207839418365,apartment_2/seq_0010
apartment_2,seq_0010,21,consec_n0.5,6,0.7499999999999997,0.25,subset,0.5,7207,37156,0.22333864540306214,0.7884616662975625,0.5059001558503123,0.45261551269599,0.29115082355474214,0.3543569340322093,0.6094075204662134,0.38806653030466143,0.4741790762900028,0.8712362980435687,0.54922488965443,0.6737314103335388,0.10487590030571532,apartment_2/seq_0010
apartment_2,seq_0010,21,spaced1.0,3,2.1,1.0,fixed,1.0,21139,64652,0.41056953229925275,0.46532880253550746,0.4379491674173801,0.328586971947585,0.42304955763162777,0.369882430285188,0.457732153838876,0.567205964239312,0.5066226011153405,0.7260513742371919,0.775753263626802,0.7500798824623605,0.136244326570788,apartment_2/seq_0010
apartment_2,seq_0010,21,spaced1.0,3,2.1,1.0,subset,1.0,21139,32866,0.4158499215056183,0.30075156366264083,0.3583007425841296,0.3177066086380623,0.5449400596360982,0.4013950661964067,0.45215005440181655,0.6904095417756952,0.54643751261254,0.7235914660106911,0.8703523398040528,0.7902154683335755,0.14048304180542534,apartment_2/seq_0010
apartment_2,seq_0010,21,spaced1.0,3,2.1,0.25,fixed,1.0,5284,64652,0.13214368833700968,0.769502681381397,0.45082318485920336,0.6290688872066617,0.2623584730557446,0.37028603799154985,0.7611657834973505,0.3708315288003465,0.49870130979711214,0.9742619227857684,0.5505011445894945,0.7034959268088428,0.11811023622047244,apartment_2/seq_0010
apartment_2,seq_0010,21,spaced1.0,3,2.1,0.25,subset,1.0,5284,32866,0.13311957360927162,0.4804482378387385,0.30678390572400505,0.6264193792581377,0.4042171240795959,0.4913651692549742,0.7605980317940954,0.5399196738270553,0.6315359482839624,0.9748296744890235,0.7311507332805939,0.8355868896034643,0.14980164604180235,apartment_2/seq_0010
apartment_2,seq_0010,21,random_n1.0,3,2.4,1.0,fixed,1.0,20799,64652,0.42398621001656367,0.5277933642603844,0.475889787138474,0.289869705274292,0.3661913011198416,0.3235911401381137,0.4139141304870426,0.5019952979026171,0.4537194198454033,0.6753690081253907,0.7248035636948587,0.6992136165929512,0.1140030811643558,apartment_2/seq_0010
apartment_2,seq_0010,21,random_n1.0,3,2.4,1.0,subset,1.0,20799,33431,0.42872691699030435,0.273004427820715,0.3508656724055097,0.2801096206548392,0.4992372349017379,0.3588675606709876,0.409346603202077,0.6461667314767731,0.5011896068801143,0.6728208086927256,0.8675181717567527,0.7578647106712724,0.11904221147918627,apartment_2/seq_0010
apartment_2,seq_0010,21,random_n1.0,3,2.4,0.25,fixed,1.0,5199,64652,0.1385957647256536,0.8243520048232523,0.48147388477445296,0.5989613387189844,0.2455763162779187,0.3483343064343017,0.7628390075014426,0.3484501639547114,0.47838381595427004,0.9669167147528371,0.5552805791004145,0.7054408459112487,0.10494306418219462,apartment_2/seq_0010
apartment_2,seq_0010,21,random_n1.0,3,2.4,0.25,subset,1.0,5199,33431,0.140953055172581,0.45024025223486824,0.2955966537037246,0.5906905174071937,0.3833268523226945,0.46493531588118514,0.7586074245047124,0.514911309862104,0.6134429468240994,0.9667243700711675,0.7434118034159911,0.8404878143654928,0.13276565123530823,apartment_2/seq_0010
apartment_2,seq_0010,21,consec_n1.0,3,0.2999999999999999,1.0,fixed,1.0,15516,64652,0.5617852228484239,1.1797023676294391,0.8707437952389315,0.22267336942510957,0.17533873662067687,0.196191355393479,0.3252126836813612,0.24543710944750355,0.279748672476584,0.5430523330755349,0.37295056610777705,0.44220749787417185,0.06667062455473759,apartment_2/seq_0010
apartment_2,seq_0010,21,consec_n1.0,3,0.2999999999999999,1.0,subset,1.0,15516,26308,0.572238995103799,0.6971329241545926,0.6346859596291958,0.21249033255993813,0.2935228827733009,0.24651836388650705,0.3179298788347512,0.3763113881708986,0.3446658668429089,0.5362206754318123,0.5300668998023415,0.5331260302337136,0.07631071083949822,apartment_2/seq_0010
apartment_2,seq_0010,21,consec_n1.0,3,0.2999999999999999,0.25,fixed,1.0,3879,64652,0.21023020642189824,1.2559956537023316,0.7331129300621149,0.5282289249806651,0.13400977541298026,0.21378345772067228,0.6475895849445733,0.19778197116871868,0.3030183442829376,0.8672338231502965,0.33952545938254036,0.48799784092676995,0.06160702582251933,apartment_2/seq_0010
apartment_2,seq_0010,21,consec_n1.0,3,0.2999999999999999,0.25,subset,1.0,3879,26308,0.21380246037047412,0.7685634224110117,0.4911829413907429,0.51405001288992,0.24270183974456438,0.32972732981034636,0.6444960041247745,0.3299376615478182,0.43644531581545076,0.8646558391337974,0.5009122700319294,0.6343392413308178,0.08565894253533252,apartment_2/seq_0010
apartment_2,seq_0008,23,all,23,3.2999999999999994,1.0,fixed,0.0,108846,63172,1.199389194769281,0.48221183345904023,0.8408005141141606,0.11037612774010988,0.5145475843728234,0.18176224969628363,0.19758190470940595,0.6278731083391376,0.3005769247273721,0.3873821729783364,0.7501266383840942,0.5109159318741829,0.05855808414281432,apartment_2/seq_0008
apartment_2,seq_0008,23,all,23,3.2999999999999994,1.0,subset,0.0,108846,63172,1.199389194769281,0.48221183345904023,0.8408005141141606,0.11037612774010988,0.5145475843728234,0.18176224969628363,0.19758190470940595,0.6278731083391376,0.3005769247273721,0.3873821729783364,0.7501266383840942,0.5109159318741829,0.05855808414281432,apartment_2/seq_0008
apartment_2,seq_0008,23,all,23,3.2999999999999994,0.25,fixed,0.0,27211,63172,0.43944334720665057,0.8262376440598546,0.6328404956332525,0.26809011061702986,0.3696099537769898,0.3107692124428073,0.4228437029142626,0.45638890647755337,0.4389763826376935,0.6858623350850759,0.5742417526752359,0.6251083433801216,0.10128714872969877,apartment_2/seq_0008
apartment_2,seq_0008,23,all,23,3.2999999999999994,0.25,subset,0.0,27211,63172,0.43944334720665057,0.8262376440598546,0.6328404956332525,0.26809011061702986,0.3696099537769898,0.3107692124428073,0.4228437029142626,0.45638890647755337,0.4389763826376935,0.6858623350850759,0.5742417526752359,0.6251083433801216,0.10128714872969877,apartment_2/seq_0008
apartment_2,seq_0008,23,spaced0.3,9,3.2999999999999994,1.0,fixed,0.3,60477,63172,1.049592588274736,0.5683523180527649,0.8089724531637503,0.15936637068637663,0.44996200848477175,0.23537000635524016,0.2588752748978951,0.5854809092635977,0.35901088705496964,0.45460257618598804,0.6973500918128285,0.5503996076373041,0.07634556274932967,apartment_2/seq_0008
apartment_2,seq_0008,23,spaced0.3,9,3.2999999999999994,1.0,subset,0.3,60477,45468,1.0508574497342194,0.44524888942359697,0.7480531695789081,0.15655538469170097,0.5277337907979238,0.24147559129241636,0.2572548241480232,0.6633016627078385,0.37072695708180775,0.4539080972931858,0.7658573062373537,0.5699929374387742,0.07500646724849211,apartment_2/seq_0008
apartment_2,seq_0008,23,spaced0.3,9,3.2999999999999994,0.25,fixed,0.3,15119,63172,0.3699454418194068,0.8825508885173842,0.6262481651683955,0.3712547126132681,0.31973026024187934,0.34357148286276246,0.5121370461009326,0.41415500538213135,0.4579638155044638,0.7354322375818506,0.5398119419996201,0.6226181789098253,0.10300134388532178,apartment_2/seq_0008
apartment_2,seq_0008,23,spaced0.3,9,3.2999999999999994,0.25,subset,0.3,15119,45468,0.3707307464144707,0.7030384941861918,0.5368846203003312,0.36927045439513195,0.40496613002551246,0.38629542922221966,0.5106157814670282,0.5068179818773643,0.5087097936030546,0.7346385342945962,0.6317849916424738,0.6793407628593862,0.10987050739957717,apartment_2/seq_0008
apartment_2,seq_0008,23,random_n0.3,9,3.2999999999999994,1.0,fixed,0.3,59017,63172,1.0233057821465121,0.5656301061153957,0.7944679441309539,0.15099039259874272,0.4306179953143798,0.2235840525130596,0.2530796211261162,0.5500379915152283,0.3466575861530987,0.44863344460070825,0.6992654973722535,0.5465879918616233,0.06840080891391412,apartment_2/seq_0008
apartment_2,seq_0008,23,random_n0.3,9,3.2999999999999994,1.0,subset,0.3,59017,46987,1.0245970361780248,0.46696098446300527,0.7457790103205151,0.14758459426944778,0.4911145636026986,0.22696426859429264,0.25024992798685125,0.6084448890118543,0.35463889299197615,0.4479048409780233,0.7503139166152341,0.5609480462151554,0.06648808297273165,apartment_2/seq_0008
apartment_2,seq_0008,23,random_n0.3,9,3.2999999999999994,0.25,fixed,0.3,14754,63172,0.35478087863048363,0.9205324988571442,0.6376566887438139,0.3613935204012471,0.3190495789273729,0.3389040189396161,0.5213501423342822,0.4158646235674033,0.46267107300655147,0.7507794496407754,0.5493098208066866,0.634434164364074,0.09203571535222624,apartment_2/seq_0008
apartment_2,seq_0008,23,random_n0.3,9,3.2999999999999994,0.25,subset,0.3,14754,46987,0.35564497492710145,0.7651636266126575,0.5604043007698795,0.35997017757896166,0.38889480068955246,0.3738738878867904,0.5182323437711807,0.4923276650988571,0.5049479843811744,0.7505761149518775,0.6244705982505799,0.6817407889292315,0.09682508380989943,apartment_2/seq_0008
apartment_2,seq_0008,23,consec_n0.3,9,1.2,1.0,fixed,0.3,55659,63172,0.9556723017409307,0.5960542189568361,0.7758632603488833,0.14658905118669038,0.3951750775660103,0.213850776006142,0.24218904400007188,0.5256759323751029,0.3316024442650661,0.44822939686304103,0.6800481225859558,0.5403237316531955,0.06694393565890405,apartment_2/seq_0008
apartment_2,seq_0008,23,consec_n0.3,9,1.2,1.0,subset,0.3,55659,40069,0.9696406216671946,0.4645297884285108,0.7170852050478527,0.13234157997808083,0.4721106091991315,0.2067321950835373,0.22314450493181695,0.595497766353041,0.3246400996427754,0.4363535097648179,0.7468866205795004,0.5508714417781136,0.057605427263705176,apartment_2/seq_0008
apartment_2,seq_0008,23,consec_n0.3,9,1.2,0.25,fixed,0.3,13914,63172,0.3937540759593385,0.8999279772738217,0.64684102661658,0.3501509271237602,0.27626163490153866,0.3088484281884269,0.47980451343970104,0.35409675172544797,0.40747562515943686,0.7227253126347564,0.5038466409168619,0.5937568032959046,0.08767390179305307,apartment_2/seq_0008
apartment_2,seq_0008,23,consec_n0.3,9,1.2,0.25,subset,0.3,13914,40069,0.40437551912041114,0.7342588221339024,0.5693171706271567,0.33175219203679746,0.3589807581921186,0.34482980257362367,0.45594365387379615,0.4381691582021014,0.4468797321931519,0.7118010636768722,0.5844168808804812,0.6418497123699406,0.08594551047312143,apartment_2/seq_0008
apartment_2,seq_0008,23,spaced0.5,6,2.9999999999999996,1.0,fixed,0.5,44467,63172,0.9539745241318153,0.5887509544189293,0.7713627392753724,0.1776373490453595,0.39880010131070726,0.2457917775886896,0.28522274945465176,0.5337174697650858,0.37176917334312026,0.48170553444127107,0.6765022478313176,0.5627226510305215,0.07684559396932675,apartment_2/seq_0008
apartment_2,seq_0008,23,spaced0.5,6,2.9999999999999996,1.0,subset,0.5,44467,39050,0.9573053262256196,0.4227747756094544,0.6900400509175371,0.1727348370701869,0.5096798975672215,0.25802336788932934,0.28229923313918187,0.6431754161331626,0.39237795846947077,0.4798164931297367,0.772112676056338,0.5918424231096497,0.07630747630747631,apartment_2/seq_0008
apartment_2,seq_0008,23,spaced0.5,6,2.9999999999999996,0.25,fixed,0.5,11116,63172,0.30040504352393055,1.0098589978376382,0.6551320206807844,0.42218423893486867,0.2874216424998417,0.3420064308003352,0.5784454839870456,0.3813873234977522,0.4596879231608789,0.7983087441525729,0.49960425504970557,0.6145842528230255,0.0943076462964809,apartment_2/seq_0008
apartment_2,seq_0008,23,spaced0.5,6,2.9999999999999996,0.25,subset,0.5,11116,39050,0.3019408552986621,0.7247040186734025,0.5133224369860323,0.42065491183879095,0.40714468629961587,0.41378955125407413,0.5759265922993883,0.5197695262483994,0.5464089668037868,0.7961496941345808,0.6393854033290653,0.7092080077929855,0.10559178028057696,apartment_2/seq_0008
apartment_2,seq_0008,23,random_n0.5,6,1.9499999999999995,1.0,fixed,0.5,43998,63172,1.0590189409107664,0.763945798863242,0.9114823698870043,0.15784808400381836,0.3413537643259672,0.21587274905580492,0.256557116232556,0.45756031153042487,0.32877044997052834,0.4439974544297468,0.5910529981637435,0.5070787147819125,0.06695523888267432,apartment_2/seq_0008
apartment_2,seq_0008,23,random_n0.5,6,1.9499999999999995,1.0,subset,0.5,43998,34165,1.0693014289867318,0.5314793427192444,0.800390385852988,0.14716578026273922,0.47987706717400846,0.22525249529453167,0.24269284967498522,0.5966632518659447,0.3450404533328536,0.44024728396745305,0.7166105663690912,0.545418532475,0.06270555495319671,apartment_2/seq_0008
apartment_2,seq_0008,23,random_n0.5,6,1.9499999999999995,0.25,fixed,0.5,10999,63172,0.3280005692613916,1.0093448018062208,0.6686726855338062,0.40030911901081917,0.254622301019439,0.3112619913605309,0.5378670788253478,0.3292439688469575,0.4084586218108057,0.7670697336121466,0.4449281327170265,0.5631873020923394,0.08379297816824652,apartment_2/seq_0008
apartment_2,seq_0008,23,random_n0.5,6,1.9499999999999995,0.25,subset,0.5,10999,34165,0.3333027880945347,0.7031893201409617,0.5182460541177482,0.39239930902809345,0.40231230791745937,0.397293982557007,0.5255932357487044,0.4914093370408313,0.5079267849322666,0.7647967997090644,0.6098931655202693,0.6786175107876309,0.09429722281110875,apartment_2/seq_0008
apartment_2,seq_0008,23,consec_n0.5,6,0.7500000000000003,1.0,fixed,0.5,42140,63172,0.8393730858280991,0.6016465373457145,0.7205098115869069,0.17327954437588988,0.3733932755018046,0.23670983557020192,0.27653061224489794,0.5173811182169316,0.3604222280510988,0.4876364499288087,0.671864117013867,0.5651147437022223,0.07298045465984397,apartment_2/seq_0008
apartment_2,seq_0008,23,consec_n0.5,6,0.7500000000000003,1.0,subset,0.5,42140,33917,0.8575632456140418,0.4259796548703947,0.6417714502422183,0.1535595633602278,0.4777545183831117,0.2324160900504436,0.24850498338870433,0.6108736032078309,0.3532904752001463,0.4691267204556241,0.7570834684671404,0.5792939707753961,0.061712774997639504,apartment_2/seq_0008
apartment_2,seq_0008,23,consec_n0.5,6,0.7500000000000003,0.25,fixed,0.5,10535,63172,0.36004068378235193,0.9571479490335774,0.6585943164079646,0.39288087327954435,0.2455993161527259,0.3022529920395521,0.5160892263882297,0.3338187804723612,0.40540923200433393,0.7289985761746559,0.4760811752042044,0.575999220749184,0.08143344253526777,apartment_2/seq_0008
apartment_2,seq_0008,23,consec_n0.5,6,0.7500000000000003,0.25,subset,0.5,10535,33917,0.3723130150778818,0.7123853321720097,0.5423491736249457,0.3707641196013289,0.35610460830851787,0.36328653721324883,0.4870431893687708,0.45065896158268715,0.46814519459967124,0.7125771238728049,0.5939204528702421,0.6478605634624086,0.08201476793248945,apartment_2/seq_0008
apartment_2,seq_0008,23,spaced1.0,4,3.1500000000000004,1.0,fixed,1.0,33069,63172,0.9576728366755984,0.7652952998775321,0.8614840682765652,0.19423024584958723,0.3532736022288356,0.2506518222799691,0.30699446611630227,0.4911986323054518,0.37784155783815593,0.5070307538782546,0.6394130310897232,0.5655786623712348,0.0726654418950084,apartment_2/seq_0008
apartment_2,seq_0008,23,spaced1.0,4,3.1500000000000004,1.0,subset,1.0,33069,32290,0.965144396836893,0.47586264277615864,0.7205035198065258,0.18422087151108288,0.5105915144007432,0.27075399252023485,0.2990716380900541,0.6456797770207494,0.4087943251666228,0.5028879010553691,0.7776401362650975,0.6107883693371994,0.07292534155619078,apartment_2/seq_0008
apartment_2,seq_0008,23,spaced1.0,4,3.1500000000000004,0.25,fixed,1.0,8267,63172,0.26447568011979855,1.0387070725275804,0.6515913763236895,0.45808636748518206,0.26255302982333945,0.3337923631519446,0.6075964678843595,0.3575318178940037,0.4501682789940686,0.8389984274827628,0.49982587222187047,0.6264498200426536,0.07786018846966929,apartment_2/seq_0008
apartment_2,seq_0008,23,spaced1.0,4,3.1500000000000004,0.25,subset,1.0,8267,32290,0.2677957179779925,0.633288501758697,0.45054210986834475,0.45324785290915687,0.43087643233199135,0.4417791052314904,0.6032418047659368,0.5536698668318365,0.5773937940324878,0.8353695415507439,0.6979869928770517,0.7605238066379292,0.09333014582835286,apartment_2/seq_0008
apartment_2,seq_0008,23,random_n1.0,4,2.4,1.0,fixed,1.0,31290,63172,1.1592730393706248,0.8900616415492046,1.0246673404599147,0.16337488015340365,0.28550623694041666,0.20782583836530907,0.2569830616810483,0.4022668270752865,0.31361631635477344,0.43585810162991373,0.541315772810739,0.48289638372632865,0.059874264045504444,apartment_2/seq_0008
apartment_2,seq_0008,23,random_n1.0,4,2.4,1.0,subset,1.0,31290,28026,1.1675235073904513,0.5086146661609674,0.8380690867757093,0.15698306168104825,0.49040176978519945,0.23783310183627276,0.24966442953020135,0.6238136016556055,0.3566067180398199,0.43314157877916265,0.7442374937557982,0.5475894901681488,0.061752701080432175,apartment_2/seq_0008
apartment_2,seq_0008,23,random_n1.0,4,2.4,0.25,fixed,1.0,7822,63172,0.3073089292159583,1.3872995154772876,0.847304222346623,0.41907440552288416,0.22234534287342494,0.290540609697257,0.5727435438506776,0.29236053947951623,0.3871155267676213,0.7992840705701867,0.3731874881276515,0.5088103201885923,0.06244846746728804,apartment_2/seq_0008
apartment_2,seq_0008,23,random_n1.0,4,2.4,0.25,subset,1.0,7822,28026,0.3098697627831554,0.7899592592044888,0.5499145109938222,0.4133214011761698,0.4252836651680582,0.41921721544297397,0.566734850421887,0.5374295297224007,0.5516932978760438,0.7981334697008438,0.6303789338471419,0.704406240293226,0.07846601538141758,apartment_2/seq_0008
apartment_2,seq_0008,23,consec_n1.0,4,0.4500000000000005,1.0,fixed,1.0,31044,63172,0.723256361267149,0.6139040591907426,0.6685802102289458,0.19047158871279474,0.33182422592287725,0.24202027170756152,0.3071446978482154,0.48779522573291967,0.37694349667229404,0.5336618992397887,0.66254036598493,0.5911584692880018,0.0729524002841774,apartment_2/seq_0008
apartment_2,seq_0008,23,consec_n1.0,4,0.4500000000000005,1.0,subset,1.0,31044,28061,0.7490987664627008,0.39289607933352,0.5709974228981104,0.16341321994588326,0.4665550051673141,0.2420479403149561,0.2680711248550445,0.609493603221553,0.37236600464939085,0.5059270712537044,0.7738854638109832,0.611854620054828,0.06258543253270846,apartment_2/seq_0008
apartment_2,seq_0008,23,consec_n1.0,4,0.4500000000000005,0.25,fixed,1.0,7761,63172,0.30780865420579395,0.9964268069283011,0.6521177305670476,0.4431130009019456,0.22283606661179003,0.29654387400579857,0.5728643216080402,0.3164534920534414,0.407694329880355,0.7759309367349568,0.46340150699677074,0.5802600702128136,0.07709676244582833,apartment_2/seq_0008
apartment_2,seq_0008,23,consec_n1.0,4,0.4500000000000005,0.25,subset,1.0,7761,28061,0.3227034607071918,0.6677883058532516,0.4952458832802217,0.4179873727612421,0.3720466127365383,0.3936812569005661,0.5376884422110553,0.4786358290866327,0.5064465360044658,0.7578920242236825,0.6283453903994868,0.687065512469869,0.08772024065320155,apartment_2/seq_0008
apartment_2,seq_0009,25,all,25,3.604598861776625,1.0,fixed,0.0,84315,60306,0.7763527138797559,0.38835571541559705,0.5823542146476764,0.15678111842495404,0.5870725964248997,0.24747311582013418,0.2723477435806203,0.6849898849202402,0.3897380484787003,0.5309731364525885,0.7948131197559115,0.6366402021655796,0.08411762858429037,apartment_2/seq_0009
apartment_2,seq_0009,25,all,25,3.604598861776625,1.0,subset,0.0,84315,60306,0.7763527138797559,0.38835571541559705,0.5823542146476764,0.15678111842495404,0.5870725964248997,0.24747311582013418,0.2723477435806203,0.6849898849202402,0.3897380484787003,0.5309731364525885,0.7948131197559115,0.6366402021655796,0.08411762858429037,apartment_2/seq_0009
apartment_2,seq_0009,25,all,25,3.604598861776625,0.25,fixed,0.0,21078,60306,0.22963783232606264,0.7581540694579149,0.49389595089198873,0.39088148780719234,0.43930952144065266,0.41368301375406324,0.6006736882057121,0.542400424501708,0.5700516875464884,0.8828162064712022,0.6600835737737538,0.7553730760923211,0.13757300454250487,apartment_2/seq_0009
apartment_2,seq_0009,25,all,25,3.604598861776625,0.25,subset,0.0,21078,60306,0.22963783232606264,0.7581540694579149,0.49389595089198873,0.39088148780719234,0.43930952144065266,0.41368301375406324,0.6006736882057121,0.542400424501708,0.5700516875464884,0.8828162064712022,0.6600835737737538,0.7553730760923211,0.13757300454250487,apartment_2/seq_0009
apartment_2,seq_0009,25,spaced0.3,10,3.454798540337967,1.0,fixed,0.3,48808,60306,0.6646788810023068,0.55314462081295,0.6089117509076284,0.20810113096213737,0.48767950121049314,0.2917202665790063,0.3492255367972463,0.5946506151958346,0.4400305693921175,0.6045115554827077,0.7385998076476635,0.6648623946709598,0.09802497821667151,apartment_2/seq_0009
apartment_2,seq_0009,25,spaced0.3,10,3.454798540337967,1.0,subset,0.3,48808,47703,0.6668917238817315,0.41987532305526043,0.5433835234684959,0.20648254384527126,0.5594197429931032,0.30163224107165915,0.34768890345844944,0.6714252772362326,0.458137317326742,0.603548598590395,0.8054420057438736,0.6900307103782843,0.09759277833500501,apartment_2/seq_0009
apartment_2,seq_0009,25,spaced0.3,10,3.454798540337967,0.25,fixed,0.3,12202,60306,0.1810085501993047,0.8492871892597953,0.51514786972955,0.492706113751844,0.3570954797200942,0.4140804804387507,0.7161121127683986,0.47270586674626075,0.5694907089004162,0.9214063268316669,0.5917653301495706,0.7206800585826799,0.12044328831557567,apartment_2/seq_0009
apartment_2,seq_0009,25,spaced0.3,10,3.454798540337967,0.25,subset,0.3,12202,47703,0.1813145458205559,0.6491427599681223,0.4152286528943391,0.4915587608588756,0.41991069744041254,0.45291870226861475,0.7156203900999836,0.5522503825755194,0.6234099605870569,0.9215702343878053,0.6732700249460202,0.7780912364915588,0.12613380882238934,apartment_2/seq_0009
apartment_2,seq_0009,25,random_n0.3,10,3.3050163319295933,1.0,fixed,0.3,51546,60306,0.796791546986279,0.5060494691355608,0.6514205080609199,0.19006324448065806,0.45270785659801677,0.2677255523233983,0.3031273037675086,0.5706231552416011,0.39592873853675803,0.5313700384122919,0.699200742877989,0.60384064248855,0.09091049192454691,apartment_2/seq_0009
apartment_2,seq_0009,25,random_n0.3,10,3.3050163319295933,1.0,subset,0.3,51546,49867,0.7978050055531127,0.435623252309523,0.6167141289313178,0.18882163504442634,0.5026169611165701,0.2745144888527273,0.3017886935940713,0.6222351454869954,0.4064473744564562,0.5302060295658247,0.7418733831993102,0.6184295367089565,0.0895595380829179,apartment_2/seq_0009
apartment_2,seq_0009,25,random_n0.3,10,3.3050163319295933,0.25,fixed,0.3,12886,60306,0.20850846029560954,0.8038606187892359,0.5061845395424227,0.4712090641005743,0.3446754883427851,0.3981303820351161,0.6546639764085054,0.4705004477166451,0.5475105458362775,0.8991929225516064,0.616273670944848,0.7313244985361023,0.12418643711946252,apartment_2/seq_0009
apartment_2,seq_0009,25,random_n0.3,10,3.3050163319295933,0.25,subset,0.3,12886,49867,0.20889060259208972,0.6813786742570487,0.4451346384245692,0.47089864969734596,0.38875408586841,0.4259016845430781,0.6537327331988204,0.5269216114865543,0.5835169400921092,0.8989601117491851,0.6728497804159063,0.7696415664618647,0.12644487255483106,apartment_2/seq_0009
apartment_2,seq_0009,25,consec_n0.3,10,1.3622161922108196,1.0,fixed,0.3,45853,60306,0.7024471707951921,0.57822438629466,0.6403357785449261,0.1817329291431313,0.415646867641694,0.252893462926737,0.32253069591956907,0.5728451563691839,0.4126985253525092,0.6088805530717728,0.7484993201339833,0.6715094116441819,0.08408693479890082,apartment_2/seq_0009
apartment_2,seq_0009,25,consec_n0.3,10,1.3622161922108196,1.0,subset,0.3,45853,40373,0.7100053764619335,0.4003271600530651,0.5551662682574994,0.17488495845419055,0.509176925172764,0.26034891735974086,0.3112337251652018,0.6737671215911624,0.42578450939854084,0.6009421411903256,0.835112575235925,0.69893484329922,0.08026617135231638,apartment_2/seq_0009
apartment_2,seq_0009,25,consec_n0.3,10,1.3622161922108196,0.25,fixed,0.3,11463,60306,0.23313953016604974,1.2636894983762446,0.7484145142711471,0.37416034196981596,0.2616157596259079,0.3079267743491453,0.593038471604292,0.3825987463933937,0.4651232478902717,0.8836255779464364,0.4991045667097801,0.63789968406928,0.08575267866614802,apartment_2/seq_0009
apartment_2,seq_0009,25,consec_n0.3,10,1.3622161922108196,0.25,subset,0.3,11463,40373,0.2358005521424851,0.882412974111134,0.5591067631268095,0.3699729564686382,0.3389889282441235,0.35380388902973664,0.5845764634039955,0.48834617194659796,0.53214587652005,0.8824914943732007,0.6234612240854036,0.7306992053376298,0.09202191405581236,apartment_2/seq_0009
apartment_2,seq_0009,25,spaced0.5,7,3.599999999999999,1.0,fixed,0.5,38102,60306,0.6007438200739833,0.42378822961222506,0.5122660248431041,0.24174584011337988,0.4747786289921401,0.3203680083022566,0.38420555351425123,0.6296056777103439,0.4772052043815423,0.6373156264763005,0.778844559413657,0.7010079979030612,0.10636696893690913,apartment_2/seq_0009
apartment_2,seq_0009,25,spaced0.5,7,3.599999999999999,1.0,subset,0.5,38102,42961,0.6037372917647621,0.2860945620821437,0.4449159269234529,0.23870138050496037,0.5733339540513489,0.33706810651829944,0.38281455041730095,0.7321524173087218,0.5027567750112045,0.6351635084772453,0.8616652312562557,0.731277128624645,0.1070658535082856,apartment_2/seq_0009
apartment_2,seq_0009,25,spaced0.5,7,3.599999999999999,0.25,fixed,0.5,9525,60306,0.1736447757562295,0.821703801232959,0.4976742884945943,0.5413123359580052,0.3428514575664113,0.41980846703095825,0.729238845144357,0.47466255430637083,0.5750344224096321,0.9275590551181102,0.622989420621497,0.7453613832545509,0.11314913706369475,apartment_2/seq_0009
apartment_2,seq_0009,25,spaced0.5,7,3.599999999999999,0.25,subset,0.5,9525,42961,0.17429867962654882,0.5510881474772962,0.3626934135519225,0.5402624671916011,0.43236889271664997,0.4803313862675227,0.7299737532808399,0.584856032215265,0.6494065736486642,0.9273490813648294,0.7331067712576523,0.8188665658221369,0.12319900696014541,apartment_2/seq_0009
apartment_2,seq_0009,25,random_n0.5,7,3.1505673779741734,1.0,fixed,0.5,36917,60306,0.6233075619014492,0.7269094825664759,0.6751085222339626,0.2544898014464881,0.45784830696779755,0.327141629393441,0.4103529539236666,0.589626239511823,0.4839198068978399,0.6445269117208874,0.6903956488574935,0.6666732416760759,0.11378195593106047,apartment_2/seq_0009
apartment_2,seq_0009,25,random_n0.5,7,3.1505673779741734,1.0,subset,0.5,36917,42359,0.6266433455058624,0.45321751120225234,0.5399304283540574,0.2512663542541377,0.5612266578531127,0.34712268075573655,0.406885716607525,0.7077362543969404,0.516709306887099,0.6428745564374136,0.8018602894308176,0.7136196366646358,0.11504669517305934,apartment_2/seq_0009
apartment_2,seq_0009,25,random_n0.5,7,3.1505673779741734,0.25,fixed,0.5,9229,60306,0.15284160254570672,0.8746002985417998,0.5137209505437532,0.5471882110737891,0.3096706795343747,0.395510035581592,0.7608624986455738,0.42657447020197,0.5466639927360286,0.9512406544587713,0.5795443239478659,0.7202659155616442,0.12232427957582687,apartment_2/seq_0009
apartment_2,seq_0009,25,random_n0.5,7,3.1505673779741734,0.25,subset,0.5,9229,42359,0.15346021706466725,0.5762121094510143,0.3648361632578408,0.5466464405677754,0.3963266366061522,0.4595052614911316,0.7584787084191137,0.5382327250407234,0.6296513651129647,0.9514573626611768,0.699048608324087,0.8059527889510921,0.13530762167125804,apartment_2/seq_0009
apartment_2,seq_0009,25,consec_n0.5,7,0.9182227149887687,1.0,fixed,0.5,34935,60306,0.6075525956560914,0.6224065399203774,0.6149795677882344,0.20054386718190925,0.37414187643020597,0.2611230906909442,0.3469586374695864,0.5194342188173647,0.416028796886252,0.6524116215829397,0.6808609425264485,0.6663327567726423,0.08784964157346238,apartment_2/seq_0009
apartment_2,seq_0009,25,consec_n0.5,7,0.9182227149887687,1.0,subset,0.5,34935,34150,0.6226320855020908,0.3891022490759726,0.5058671672890317,0.1859739516244454,0.49013177159590043,0.2696375411413962,0.3256905681980822,0.6510395314787701,0.4341781521771177,0.6377272076713897,0.7961932650073207,0.7082040006184563,0.08298603160064118,apartment_2/seq_0009
apartment_2,seq_0009,25,consec_n0.5,7,0.9182227149887687,0.25,fixed,0.5,8733,60306,0.2327793491491043,1.2809270548025131,0.7568532019758087,0.3448986602542082,0.20999568865452858,0.261048726910062,0.5688766746822398,0.33147613836102546,0.4188781122145919,0.8834306652925684,0.4664544158126886,0.6105410610993011,0.07245821193068548,apartment_2/seq_0009
apartment_2,seq_0009,25,consec_n0.5,7,0.9182227149887687,0.25,subset,0.5,8733,34150,0.23728751300508227,0.7856734555223445,0.5114804842637134,0.3384862017634261,0.2980966325036603,0.31701010917393757,0.5584564296347189,0.46181551976573937,0.5055590256496391,0.8810259933585252,0.6301610541727672,0.7347710789811032,0.08241814636149031,apartment_2/seq_0009
apartment_2,seq_0009,25,spaced1.0,4,3.1499999999999995,1.0,fixed,1.0,23523,60306,0.5553039903070108,0.7568492642655703,0.6560766272862906,0.3197721379075798,0.4190627798229032,0.36274571708952774,0.46975300769459677,0.5653666301860512,0.5131439212646427,0.6825234876503847,0.689251484097768,0.6858709868355575,0.10690065745198529,apartment_2/seq_0009
apartment_2,seq_0009,25,spaced1.0,4,3.1499999999999995,1.0,subset,1.0,23523,36252,0.5604130786797493,0.4315660655265327,0.495989572103141,0.3124176338052119,0.551666114972967,0.39892017998040785,0.4646941291501934,0.7074092463864062,0.5609213838358421,0.6796752114951324,0.8177479863179963,0.7423459665405349,0.10953430292346114,apartment_2/seq_0009
apartment_2,seq_0009,25,spaced1.0,4,3.1499999999999995,0.25,fixed,1.0,5880,60306,0.17498895191314812,0.9937898719936108,0.5843894119533795,0.6062925170068028,0.27453321394222796,0.3779349931198411,0.7557823129251701,0.3846051802474049,0.50978775974071,0.9156462585034013,0.5221371007859914,0.6650416137752465,0.07322595804673815,apartment_2/seq_0009
apartment_2,seq_0009,25,spaced1.0,4,3.1499999999999995,0.25,subset,1.0,5880,36252,0.17588570491023658,0.609143985410113,0.3925148451601748,0.604421768707483,0.39451616462539996,0.47741536295651926,0.7540816326530613,0.5376255103166722,0.6277173967521069,0.9149659863945578,0.6842381110007724,0.7829577215068968,0.08212768246114129,apartment_2/seq_0009
apartment_2,seq_0009,25,random_n1.0,4,2.85,1.0,fixed,1.0,25450,60306,0.6232222603492259,0.6633342394221599,0.6432782498856928,0.2606679764243615,0.3561834643319073,0.3010307401386205,0.38585461689587425,0.4898020097502736,0.4316586229716109,0.6082514734774067,0.6927337246708454,0.6477495814068728,0.09418764077955147,apartment_2/seq_0009
apartment_2,seq_0009,25,random_n1.0,4,2.85,1.0,subset,1.0,25450,36760,0.6281353140847675,0.45857762766366245,0.543356470874215,0.2538310412573674,0.4513057671381937,0.3249168428997411,0.3798428290766208,0.6040805223068553,0.46640961261969316,0.60475442043222,0.7940968443960827,0.6866113488609562,0.091903660361954,apartment_2/seq_0009
apartment_2,seq_0009,25,random_n1.0,4,2.85,0.25,fixed,1.0,6362,60306,0.19274501194707333,1.0097084763332882,0.6012267441401807,0.5259352404904118,0.23576426889530064,0.32557914487957507,0.7068531908204967,0.3507279541007528,0.4688305472475535,0.8939012889028607,0.4856564852585149,0.6293740882298661,0.07847514743049705,apartment_2/seq_0009
apartment_2,seq_0009,25,random_n1.0,4,2.85,0.25,subset,1.0,6362,36760,0.19375815342325695,0.7145885940433928,0.4541733737333249,0.5218484753222257,0.3220076169749728,0.39826502526772284,0.7038667085822069,0.47121871599564746,0.5645124340970246,0.8934297390757623,0.6266594124047878,0.7366359463441561,0.08216288521891238,apartment_2/seq_0009
apartment_2,seq_0009,25,consec_n1.0,4,0.48542038927237685,1.0,fixed,1.0,24156,60306,0.5239751779589755,0.7021596864263329,0.6130674321926541,0.18082463984103328,0.2587304745796438,0.21287362311060806,0.33668653750620964,0.42758597817795907,0.37673065437939784,0.6664596787547608,0.6294232746327065,0.6474122254883271,0.06430410790925813,apartment_2/seq_0009
apartment_2,seq_0009,25,consec_n1.0,4,0.48542038927237685,1.0,subset,1.0,24156,26786,0.5618663972827261,0.4319471888865543,0.49690679308464025,0.15602748799470112,0.36007615918763536,0.21771510010266662,0.30526577247888725,0.5730978869558725,0.39834792181676454,0.6221642656068885,0.7643918464869708,0.6859834775633902,0.05556237344296496,apartment_2/seq_0009
apartment_2,seq_0009,25,consec_n1.0,4,0.48542038927237685,0.25,fixed,1.0,6039,60306,0.2623027109434373,1.4632040774039194,0.8627533941736784,0.3177678423580063,0.1428547739860047,0.19710127852763035,0.5371750289783077,0.2467581998474447,0.3381725337813153,0.8415300546448088,0.39758896295559315,0.5400337771752146,0.045016741763465755,apartment_2/seq_0009
apartment_2,seq_0009,25,consec_n1.0,4,0.48542038927237685,0.25,subset,1.0,6039,26786,0.2734949321157305,0.8471928284222213,0.560343880268976,0.29392283490644144,0.22022698424550138,0.2517932988446891,0.515979466799139,0.3803852758903905,0.43792662179741426,0.8286140089418778,0.5856044202195176,0.6862306646363203,0.048133848133848134,apartment_2/seq_0009
apartment_2,seq_0002,24,all,24,3.4499999999999993,1.0,fixed,0.0,106219,62100,1.090732109127469,0.4629763547287964,0.7768542319281327,0.11500767282689538,0.5235748792270531,0.18858995823437127,0.20703452301377342,0.6271819645732689,0.3113060477954642,0.41452094258089417,0.7142028985507246,0.524578374112204,0.06278097707310182,apartment_2/seq_0002
apartment_2,seq_0002,24,all,24,3.4499999999999993,1.0,subset,0.0,106219,62100,1.090732109127469,0.4629763547287964,0.7768542319281327,0.11500767282689538,0.5235748792270531,0.18858995823437127,0.20703452301377342,0.6271819645732689,0.3113060477954642,0.41452094258089417,0.7142028985507246,0.524578374112204,0.06278097707310182,apartment_2/seq_0002
apartment_2,seq_0002,24,all,24,3.4499999999999993,0.25,fixed,0.0,26554,62100,0.4363920047053175,0.8584860490504136,0.6474390268778656,0.27750997966408075,0.40027375201288246,0.3277740541406262,0.43059426075167584,0.48515297906602256,0.45624836044058326,0.6964299163967764,0.5885829307568438,0.6379807986628712,0.10573858816516496,apartment_2/seq_0002
apartment_2,seq_0002,24,all,24,3.4499999999999993,0.25,subset,0.0,26554,62100,0.4363920047053175,0.8584860490504136,0.6474390268778656,0.27750997966408075,0.40027375201288246,0.3277740541406262,0.43059426075167584,0.48515297906602256,0.45624836044058326,0.6964299163967764,0.5885829307568438,0.6379807986628712,0.10573858816516496,apartment_2/seq_0002
apartment_2,seq_0002,24,spaced0.3,9,3.1500000000000004,1.0,fixed,0.3,58637,62100,0.9005892994172577,0.6117403968442284,0.756164848130743,0.1639408564558214,0.46454106280193236,0.24235306493650327,0.2704776847383052,0.5701288244766506,0.3668949092269828,0.48953732285075974,0.6863768115942029,0.571482316560917,0.08043533827505953,apartment_2/seq_0002
apartment_2,seq_0002,24,spaced0.3,9,3.1500000000000004,1.0,subset,0.3,58637,45351,0.9046790559083175,0.478402487817543,0.6915407718629303,0.15909749816668656,0.5507706555533506,0.24688030559748878,0.2667257874720739,0.6546713413155167,0.3790281597199,0.4878489690809557,0.7605565478159246,0.5944169947310758,0.07814584415766784,apartment_2/seq_0002
apartment_2,seq_0002,24,spaced0.3,9,3.1500000000000004,0.25,fixed,0.3,14659,62100,0.34497814140718774,0.9167144198833105,0.6308462806452491,0.3993451122177502,0.35988727858293074,0.37859086991764396,0.5306637560543012,0.4461996779388084,0.48478014184098894,0.7636264410942083,0.573317230273752,0.6549269135983522,0.11296942963915947,apartment_2/seq_0002
apartment_2,seq_0002,24,spaced0.3,9,3.1500000000000004,0.25,subset,0.3,14659,45351,0.34634406265476736,0.700850644947666,0.5235973538012166,0.3958660208745481,0.44680381909990957,0.4197953732009535,0.5288901016440412,0.544905294260325,0.5367782681262055,0.7624667439798076,0.6786619920178166,0.7181276542355033,0.12086935720876192,apartment_2/seq_0002
apartment_2,seq_0002,24,random_n0.3,9,3.3,1.0,fixed,0.3,55035,62100,0.8410753461560769,0.6414180440926249,0.7412466951243509,0.17203597710547833,0.44856682769726247,0.24869250316885608,0.2825111292813664,0.5503703703703704,0.3733682520775223,0.5132006904697011,0.6814331723027375,0.585471390745834,0.08263354738550562,apartment_2/seq_0002
apartment_2,seq_0002,24,random_n0.3,9,3.3,1.0,subset,0.3,55035,44844,0.8442138470893013,0.5250239705552923,0.6846189088222967,0.16580357954029254,0.5244179823387745,0.25194918110165093,0.27818660852184973,0.6194808670056194,0.38395349310212334,0.511092940855819,0.7441352243332441,0.6059810809640301,0.07921277385815076,apartment_2/seq_0002
apartment_2,seq_0002,24,random_n0.3,9,3.3,0.25,fixed,0.3,13758,62100,0.2962331674875313,0.8892609025990716,0.5927470350433015,0.41437708969326936,0.35056360708534623,0.37980859919770327,0.5534234627126036,0.43768115942028984,0.48879405342530047,0.796118621892717,0.5752657004830918,0.6679086660365724,0.11193748823197137,apartment_2/seq_0002
apartment_2,seq_0002,24,random_n0.3,9,3.3,0.25,subset,0.3,13758,44844,0.2976949925303174,0.6996937221030072,0.4986943573166623,0.4088530309638029,0.43000178396218003,0.41916081201320204,0.5505160633813054,0.5274284185175274,0.5387249928980061,0.7949556621601978,0.6683168316831684,0.7261562719163214,0.11855284263054713,apartment_2/seq_0002
apartment_2,seq_0002,24,consec_n0.3,9,1.2,1.0,fixed,0.3,51216,62100,0.9228224038355959,0.5325793197370263,0.7277008617863111,0.15858325523273978,0.4186473429951691,0.230030974277972,0.25691190253045926,0.5391304347826087,0.3479941184525234,0.4675687285223368,0.668743961352657,0.550348097848051,0.07466053341589632,apartment_2/seq_0002
apartment_2,seq_0002,24,consec_n0.3,9,1.2,1.0,subset,0.3,51216,42044,0.9328724976530647,0.4352024393252644,0.6840374684891646,0.15194470477975633,0.5001902768528208,0.23308445671735709,0.24783270852858483,0.6235610313005423,0.3546934347965245,0.4587628865979381,0.7433165255446675,0.5673602450390645,0.06695116168800379,apartment_2/seq_0002
apartment_2,seq_0002,24,consec_n0.3,9,1.2,0.25,fixed,0.3,12804,62100,0.37347292201204146,1.0469434933115789,0.7102082076618101,0.38409871915026556,0.2980193236714976,0.33562765773126235,0.5188222430490472,0.3884057971014493,0.44424016442877745,0.7396907216494846,0.5116747181964574,0.6049088931193909,0.09980861244019139,apartment_2/seq_0002
apartment_2,seq_0002,24,consec_n0.3,9,1.2,0.25,subset,0.3,12804,42044,0.38132115679632966,0.8666457639585204,0.623983460377425,0.3732427366447985,0.3675197412234802,0.3703591315261841,0.5051546391752577,0.46865188849776424,0.48621911828543973,0.729069040924711,0.6024878698506326,0.6597618920921702,0.09908956971780439,apartment_2/seq_0002
apartment_2,seq_0002,24,spaced0.5,6,3.0,1.0,fixed,0.5,44486,62100,0.8405416207513723,0.5956004851185633,0.7180710529349679,0.186777862698377,0.42618357487922703,0.25972810801174673,0.29692487524164907,0.5299838969404187,0.3806112784699502,0.5206132266330981,0.6581481481481481,0.5813570725009423,0.08524703103470901,apartment_2/seq_0002
apartment_2,seq_0002,24,spaced0.5,6,3.0,1.0,subset,0.5,44486,38893,0.848485519871091,0.41251464334828003,0.6305000816096855,0.17994425212426382,0.5520273571079629,0.27141530811862774,0.28991143281032233,0.6650039852929833,0.4037891828865757,0.5173088162567999,0.777440670557684,0.6212428227881793,0.08339867417492337,apartment_2/seq_0002
apartment_2,seq_0002,24,spaced0.5,6,3.0,0.25,fixed,0.5,11121,62100,0.28641537299484704,0.9163253768367174,0.6013703749157823,0.46317777178311303,0.3398872785829308,0.3920684439690433,0.59778796870785,0.44027375201288244,0.5070803530033456,0.814764859275245,0.5521900161030596,0.6582587748390648,0.111766500559341,apartment_2/seq_0002
apartment_2,seq_0002,24,spaced0.5,6,3.0,0.25,subset,0.5,11121,38893,0.2884267348869706,0.6236863968374585,0.45605656586221455,0.45967089290531427,0.4634767181755072,0.46156596047543225,0.5929322902616672,0.5849381636798395,0.5889080991743169,0.8134160597068609,0.7014115650631219,0.7532730749785475,0.12588244951567887,apartment_2/seq_0002
apartment_2,seq_0002,24,random_n0.5,6,1.9500000000000002,1.0,fixed,0.5,43156,62100,0.9308213206761008,0.6430504225621706,0.7869358716191357,0.17501622022430252,0.4,0.2434939593961814,0.2742608212067847,0.5290177133655395,0.3612416521943176,0.4691120585781815,0.667842190016103,0.5511089385543285,0.07749966759739396,apartment_2/seq_0002
apartment_2,seq_0002,24,random_n0.5,6,1.9500000000000002,1.0,subset,0.5,43156,36010,0.9400703319521588,0.4396632590349794,0.6898667954935691,0.16570117712484939,0.5278533740627603,0.25222507813336487,0.2653628695893966,0.6591502360455429,0.37839160323735055,0.4598897024747428,0.7828658705915024,0.5794091132750285,0.07173174092788241,apartment_2/seq_0002
apartment_2,seq_0002,24,random_n0.5,6,1.9500000000000002,0.25,fixed,0.5,10789,62100,0.37740166584468915,1.0669755753361614,0.7221886205904253,0.42524793771433866,0.2871658615136876,0.3428251685270079,0.5371211419037909,0.36628019323671496,0.43554692249253113,0.7285197886736491,0.5027053140096618,0.5949046495710364,0.09753541363805403,apartment_2/seq_0002
apartment_2,seq_0002,24,random_n0.5,6,1.9500000000000002,0.25,subset,0.5,10789,36010,0.3832140659995447,0.7577409981146632,0.5704775320571039,0.4178329780331819,0.41158011663426824,0.4146829774890208,0.5293354342385763,0.5023882254929186,0.5155099177755609,0.7201779590323477,0.6497917245209665,0.6831766915423244,0.10820847739787424,apartment_2/seq_0002
apartment_2,seq_0002,24,consec_n0.5,6,0.7500000000000003,1.0,fixed,0.5,37306,62100,0.9580023902097029,0.7914969053328144,0.8747496477712586,0.1723047231008417,0.35576489533011274,0.2321662509613589,0.2668739612930896,0.4562479871175523,0.33676396608256454,0.46378598616844474,0.5695813204508857,0.5112680316404689,0.07421775397952865,apartment_2/seq_0002
apartment_2,seq_0002,24,consec_n0.5,6,0.7500000000000003,1.0,subset,0.5,37306,34878,0.9737440520158164,0.5777998086409909,0.7757719303284036,0.16490644936471346,0.47995871322896955,0.2454723617629067,0.25416823031147806,0.5881357876025002,0.35494412738997827,0.4498472095641452,0.7047709157635186,0.5491672491252724,0.0676926901008762,apartment_2/seq_0002
apartment_2,seq_0002,24,consec_n0.5,6,0.7500000000000003,0.25,fixed,0.5,9326,62100,0.3318448327981912,1.1370842454807732,0.7344645391394822,0.43619987132747157,0.2569565217391304,0.32340292274731625,0.5681964400600472,0.3317874396135266,0.4189418195210797,0.7608835513617842,0.46876006441223833,0.5801222695277424,0.09343256207674944,apartment_2/seq_0002
apartment_2,seq_0002,24,consec_n0.5,6,0.7500000000000003,0.25,subset,0.5,9326,34878,0.34707178454591764,0.8398705698645056,0.5934711772052116,0.4209736221316749,0.36312288548655314,0.3899141365812812,0.5408535277718207,0.449825104650496,0.49115724669599464,0.7427621702766459,0.6064567922472619,0.6677243289642949,0.0986013986013986,apartment_2/seq_0002
apartment_2,seq_0002,24,spaced1.0,4,3.1500000000000004,1.0,fixed,1.0,32863,62100,0.8326852664466328,0.6963889263163305,0.7645370963814817,0.21531813894044974,0.3889694041867955,0.2771930984406893,0.3176520707178286,0.49895330112721414,0.38817660220984,0.5170556552962298,0.6542512077294687,0.5776185517551915,0.08984453059430078,apartment_2/seq_0002
apartment_2,seq_0002,24,spaced1.0,4,3.1500000000000004,1.0,subset,1.0,32863,32564,0.8388398874624513,0.41194048502661,0.6253901862445307,0.20643276633295804,0.5520513450436064,0.3004980186291696,0.3094057146334784,0.6614973590468002,0.42160967176303876,0.5141648662629705,0.8063505711829013,0.6279322783158614,0.08981772760917839,apartment_2/seq_0002
apartment_2,seq_0002,24,spaced1.0,4,3.1500000000000004,0.25,fixed,1.0,8215,62100,0.2890580476667739,1.0820478185006868,0.6855529330837303,0.49494826536822883,0.2906280193236715,0.36621735364139973,0.5975654290931224,0.3843317230273752,0.46779512597418854,0.7866098600121728,0.5198228663446055,0.6259760397563544,0.09395015188668887,apartment_2/seq_0002
apartment_2,seq_0002,24,spaced1.0,4,3.1500000000000004,0.25,subset,1.0,8215,32564,0.2908104416584893,0.6174769702541824,0.4541437059563358,0.4909312233718807,0.45909593416042255,0.4744801805200375,0.5941570298234936,0.5751750399213856,0.5845119657461553,0.7862446743761412,0.7301007247266921,0.7571333113341593,0.11603993840345736,apartment_2/seq_0002
apartment_2,seq_0002,24,random_n1.0,4,2.5500000000000003,1.0,fixed,1.0,33617,62100,0.9659361804589491,0.6932682196948603,0.8296022000769048,0.19055834845465092,0.3570692431561997,0.24849925862811253,0.2797096707023232,0.46325281803542673,0.34880978555123304,0.4661927001219621,0.637536231884058,0.5385647304314556,0.0784474351472596,apartment_2/seq_0002
apartment_2,seq_0002,24,random_n1.0,4,2.5500000000000003,1.0,subset,1.0,33617,30589,0.9782787900325615,0.4011847948683999,0.6897317924504807,0.18026593687717524,0.5260387721076204,0.26851547464265985,0.27108308296397654,0.6399359246788061,0.3808390426676037,0.4566737067555106,0.8030991532903985,0.582254593438333,0.0772892683038473,apartment_2/seq_0002
apartment_2,seq_0002,24,random_n1.0,4,2.5500000000000003,0.25,fixed,1.0,8404,62100,0.36885003162489594,0.9956047851708923,0.6822274083978941,0.45264159923845787,0.2747020933977456,0.3419060235994922,0.5453355544978582,0.33956521739130435,0.4185259907027562,0.7317943836268443,0.48434782608695653,0.5828973224039624,0.08330332060793777,apartment_2/seq_0002
apartment_2,seq_0002,24,random_n1.0,4,2.5500000000000003,0.25,subset,1.0,8404,30589,0.37323355980727063,0.5738006419047997,0.47351710085603516,0.447405997144217,0.45212331230180786,0.44975228544162144,0.5405759162303665,0.5346039425937429,0.5375733440617879,0.7258448357924798,0.6921769263460721,0.708611194634005,0.10283061708461577,apartment_2/seq_0002
apartment_2,seq_0002,24,consec_n1.0,4,0.44999999999999973,1.0,fixed,1.0,28993,62100,0.8704050333501802,0.7951083568007505,0.8327566950754653,0.19711654537302106,0.34128824476650566,0.24989955890757137,0.3039009416065947,0.4514814814814815,0.36327466233395445,0.508846963060049,0.5682769726247987,0.5369224508287105,0.07882297832474557,apartment_2/seq_0002
apartment_2,seq_0002,24,consec_n1.0,4,0.44999999999999973,1.0,subset,1.0,28993,29217,0.8927512538944945,0.5179179629526236,0.705334608423559,0.18480322836546753,0.5014204059280556,0.2700697124173722,0.28510330079674406,0.6211452236711503,0.39082116828108693,0.4878074017866382,0.7421022007735223,0.5886659404332454,0.07351725563132878,apartment_2/seq_0002
apartment_2,seq_0002,24,consec_n1.0,4,0.44999999999999973,0.25,fixed,1.0,7248,62100,0.27585639310870996,1.1252514299903933,0.7005539115495516,0.48427152317880795,0.23249597423510468,0.3141637420279309,0.6240342163355408,0.31925925925925924,0.42241085476413814,0.8089128035320088,0.4740257648953301,0.5977612956135917,0.08737170570322192,apartment_2/seq_0002
apartment_2,seq_0002,24,consec_n1.0,4,0.44999999999999973,0.25,subset,1.0,7248,29217,0.29671251513626884,0.7476185134567229,0.5221655142964958,0.46509381898454744,0.3724543929903823,0.41365078106967174,0.58719646799117,0.4753396994900229,0.5253803139674604,0.7826986754966887,0.6552691925933531,0.7133376767560525,0.10225312934631432,apartment_2/seq_0002
apartment_2,seq_0007,30,all,30,4.35,1.0,fixed,0.0,105097,75972,0.8539252465074939,0.45154923431314287,0.6527372404103184,0.15739745187778909,0.6155820565471489,0.25069499531660394,0.2831003739402647,0.7091560048438899,0.4046581799741924,0.525961730591739,0.7901068814826515,0.6315263184980019,0.0851832557514242,apartment_2/seq_0007
apartment_2,seq_0007,30,all,30,4.35,1.0,subset,0.0,105097,75972,0.8539252465074939,0.45154923431314287,0.6527372404103184,0.15739745187778909,0.6155820565471489,0.25069499531660394,0.2831003739402647,0.7091560048438899,0.4046581799741924,0.525961730591739,0.7901068814826515,0.6315263184980019,0.0851832557514242,apartment_2/seq_0007
apartment_2,seq_0007,30,all,30,4.35,0.25,fixed,0.0,26274,75972,0.2636899980575564,0.6569469733793535,0.4603184857184549,0.3716601963918703,0.4559442952666772,0.4095104558530607,0.5913450559488468,0.5698678460485442,0.580407835161622,0.861498058917561,0.6975596272310851,0.7709095951713758,0.14368495205199291,apartment_2/seq_0007
apartment_2,seq_0007,30,all,30,4.35,0.25,subset,0.0,26274,75972,0.2636899980575564,0.6569469733793535,0.4603184857184549,0.3716601963918703,0.4559442952666772,0.4095104558530607,0.5913450559488468,0.5698678460485442,0.580407835161622,0.861498058917561,0.6975596272310851,0.7709095951713758,0.14368495205199291,apartment_2/seq_0007
apartment_2,seq_0007,30,spaced0.3,11,4.2,1.0,fixed,0.3,60345,75972,0.7222518977244292,0.4900812459480242,0.6061665718362267,0.20155770983511476,0.5059890485968515,0.2882805768564237,0.3441378738917889,0.6525167166850945,0.45061893595228797,0.5938851603281133,0.7773653451271522,0.6733499689337674,0.09913007240714695,apartment_2/seq_0007
apartment_2,seq_0007,30,spaced0.3,11,4.2,1.0,subset,0.3,60345,58442,0.7240567960731706,0.36916839745016344,0.5466125967616671,0.19857486121468224,0.5858286848499367,0.2966096988553713,0.3396470295799155,0.7304164812976969,0.46368049318028004,0.5925925925925926,0.8402860956161664,0.6950306680088527,0.09859535751463451,apartment_2/seq_0007
apartment_2,seq_0007,30,spaced0.3,11,4.2,0.25,fixed,0.3,15086,75972,0.21641446765242098,0.7223164285170995,0.4693654480847603,0.47302134429272175,0.3775996419733586,0.41995834369131635,0.6556409916478855,0.5080950876638761,0.5725146329129476,0.8993769057404216,0.6641130942978992,0.7640445155347358,0.14273619058741097,apartment_2/seq_0007
apartment_2,seq_0007,30,spaced0.3,11,4.2,0.25,subset,0.3,15086,58442,0.21839363832663825,0.547242763835311,0.38281820108097464,0.46884528702107914,0.45318435371821636,0.46088181768671876,0.6489460426885855,0.5951028370007871,0.6208592562067803,0.8979186000265147,0.748006570617022,0.816135538453992,0.15102784615876466,apartment_2/seq_0007
apartment_2,seq_0007,30,random_n0.3,11,3.7500000000000004,1.0,fixed,0.3,58513,75972,0.791129457444452,0.5258645605975597,0.6584970090210058,0.19549501820108353,0.4784920760280103,0.2775804400799821,0.33440432040743084,0.6014584320539146,0.4298286211206288,0.5718729171295268,0.7448796925182962,0.647010713401835,0.09431161533160155,apartment_2/seq_0007
apartment_2,seq_0007,30,random_n0.3,11,3.7500000000000004,1.0,subset,0.3,58513,56779,0.7933651721414694,0.4314087387331309,0.6123869554373002,0.19182062105856817,0.5522464291375332,0.2847384600262016,0.3302172166868901,0.673435601190581,0.44314134505855585,0.5707449626578709,0.7961922541784815,0.664877234714996,0.09243153983762213,apartment_2/seq_0007
apartment_2,seq_0007,30,random_n0.3,11,3.7500000000000004,0.25,fixed,0.3,14628,75972,0.2337442662928403,0.7487525123545239,0.4912483893236821,0.450027344818157,0.3335702627283736,0.3831449667539497,0.626538146021329,0.43214605380929816,0.511495283310033,0.8782471971561389,0.6074211551624282,0.718149412259079,0.13423251722621315,apartment_2/seq_0007
apartment_2,seq_0007,30,random_n0.3,11,3.7500000000000004,0.25,subset,0.3,14628,56779,0.23555466496068314,0.6119207838923406,0.42373772442651186,0.4470194148208914,0.4089011782525229,0.4271115028689063,0.6201804757998359,0.5174096056640659,0.5641528361625898,0.8768115942028986,0.6856584300533648,0.7695421375138581,0.13908942150351333,apartment_2/seq_0007
apartment_2,seq_0007,30,consec_n0.3,11,1.5000000000000004,1.0,fixed,0.3,49472,75972,0.8805817691632658,0.9428701809950631,0.9117259750791644,0.16874191461837,0.33732164481651133,0.22495316695838954,0.28248302069857695,0.4202337703364397,0.3378570324734825,0.5152813712807245,0.5135576264939714,0.5144180548829428,0.07719241700606522,apartment_2/seq_0007
apartment_2,seq_0007,30,consec_n0.3,11,1.5000000000000004,1.0,subset,0.3,49472,46892,0.8873030349486093,0.7701210926329644,0.8287120637907868,0.15994906209573093,0.43958457732662287,0.23455277980026573,0.2707996442432083,0.5263371150729336,0.3576096619506649,0.50935882923674,0.6091870681566152,0.5548182019987246,0.0726148409893993,apartment_2/seq_0007
apartment_2,seq_0007,30,consec_n0.3,11,1.5000000000000004,0.25,fixed,0.3,12368,75972,0.25683329220979545,1.1964791180576169,0.7266562051337062,0.40871604139715395,0.2561075132943716,0.31489633081461227,0.5840879689521346,0.33181961775390934,0.4232126677525983,0.8561610608020699,0.4319354499025957,0.5741903807880351,0.10540212443095599,apartment_2/seq_0007
apartment_2,seq_0007,30,consec_n0.3,11,1.5000000000000004,0.25,subset,0.3,12368,46892,0.2669925943599617,0.960407440228874,0.6137000172944178,0.3933538163001294,0.3461358014160198,0.36823732256199804,0.5589424320827943,0.4407361596860872,0.49285068827146755,0.8470245795601552,0.5476413887230231,0.6651997361115406,0.11496412067475674,apartment_2/seq_0007
apartment_2,seq_0007,30,spaced0.5,8,4.2,1.0,fixed,0.5,49289,75972,0.7084532438042713,0.6187289504819352,0.6635910971431033,0.22489805027490922,0.4798215131890697,0.30625209910663753,0.3752764308466392,0.6181751171484231,0.4670314361477372,0.6056523767980685,0.7305454641183594,0.6622621039394506,0.1062109740279328,apartment_2/seq_0007
apartment_2,seq_0007,30,spaced0.5,8,4.2,1.0,subset,0.5,49289,52732,0.7135714305110559,0.4116920705093562,0.5626317505102061,0.22094179228631133,0.5865129333232193,0.3209720980695549,0.36923045709996144,0.7289311992717894,0.4901711844334057,0.6028728519547972,0.8266138208298567,0.6972335470021143,0.10692015942401646,apartment_2/seq_0007
apartment_2,seq_0007,30,spaced0.5,8,4.2,0.25,fixed,0.5,12322,75972,0.19501832805540512,0.7534587642277771,0.4742385461415911,0.5172861548449927,0.34528510503869847,0.4141366925088638,0.6968024671319591,0.4820460169536145,0.5698626387002761,0.9052913488070119,0.6494629600379087,0.7563294029777903,0.1445066700226529,apartment_2/seq_0007
apartment_2,seq_0007,30,spaced0.5,8,4.2,0.25,subset,0.5,12322,52732,0.19660489983093593,0.5124271147691593,0.3545160073000476,0.51428339555267,0.44437912463020557,0.47678260141837886,0.6913650381431585,0.6011150724417811,0.6430891146155515,0.9036682356760266,0.7631039975726314,0.8274590005374843,0.16015269950918015,apartment_2/seq_0007
apartment_2,seq_0007,30,random_n0.5,8,4.2,1.0,fixed,0.5,49868,75972,0.6771526700870526,0.5708540839358344,0.6240033770114435,0.23351648351648352,0.5112278207760754,0.32059358438954355,0.3751303441084463,0.6405254567472226,0.47315347344518494,0.6079850806128179,0.752053388090349,0.672388686504201,0.1087895605219739,apartment_2/seq_0007
apartment_2,seq_0007,30,random_n0.5,8,4.2,1.0,subset,0.5,49868,51742,0.6809468407984146,0.3452227482022584,0.5130847945003365,0.22832277211839255,0.6297785164856403,0.3351417335324915,0.3684326622282827,0.7604653859533841,0.4963783702709991,0.6056188337210235,0.8585481813613699,0.7102372105549984,0.10974647887323943,apartment_2/seq_0007
apartment_2,seq_0007,30,random_n0.5,8,4.2,0.25,fixed,0.5,12467,75972,0.1904374404034043,0.7251284608185198,0.457782950610962,0.5228202454479827,0.3568551571631654,0.4241816931646013,0.6979225154407637,0.4932738377296899,0.5780187568793901,0.9089596534852009,0.6532406676143843,0.7601706424682794,0.13899890846717605,apartment_2/seq_0007
apartment_2,seq_0007,30,random_n0.5,8,4.2,0.25,subset,0.5,12467,51742,0.19328074787242724,0.4512323173478647,0.322256532610146,0.5190502927729205,0.46697073943798073,0.4916351499687439,0.6901419748135077,0.6238065787947895,0.6552997878171649,0.906312665436753,0.7854547562908276,0.8415667361970809,0.1562740569668976,apartment_2/seq_0007
apartment_2,seq_0007,30,consec_n0.5,8,1.05,1.0,fixed,0.5,39566,75972,0.8617444241100041,0.9871520813519019,0.924448252730953,0.18915230248192894,0.30577054704364764,0.2337220965243635,0.30751149977253195,0.40114779129152844,0.34814348865806505,0.5348531567507456,0.5003685568367293,0.5170364930532839,0.08062981961477053,apartment_2/seq_0007
apartment_2,seq_0007,30,consec_n0.5,8,1.05,1.0,subset,0.5,39566,40633,0.8728360916347012,0.740949877520771,0.8068929845777362,0.17608552797856747,0.43302242020032977,0.2503627861547377,0.28908658949603194,0.5379617552235867,0.3760784483514286,0.5245412728099884,0.6294637363719144,0.5722327144807213,0.07595774072416678,apartment_2/seq_0007
apartment_2,seq_0007,30,consec_n0.5,8,1.05,0.25,fixed,0.5,9891,75972,0.23159491410853855,1.2821032354983881,0.7568490748034633,0.4557678697806086,0.2257673879850471,0.3019580287752572,0.6287534121929026,0.2949507713368083,0.40153830027767057,0.8741279951471034,0.3945400937187385,0.5436860029100662,0.10443779281624153,apartment_2/seq_0007
apartment_2,seq_0007,30,consec_n0.5,8,1.05,0.25,subset,0.5,9891,40633,0.24405503004074133,0.9495953850894754,0.5968252075651084,0.43746840562127187,0.33814879531415354,0.38144954539540316,0.5992316247093317,0.43176728275047377,0.5018989030286369,0.8613891416439187,0.5489872763517338,0.670589316038196,0.12040923399790136,apartment_2/seq_0007
apartment_2,seq_0007,30,spaced1.0,5,4.2,1.0,fixed,1.0,34673,75972,0.6152420341152163,0.6513423439149786,0.6332921890150974,0.26409598246474203,0.4310798715316169,0.3275328437788733,0.40812736134744615,0.5717237929763597,0.47626850673665894,0.642113460040954,0.7065761069867846,0.6728042389167829,0.11313709509278037,apartment_2/seq_0007
apartment_2,seq_0007,30,spaced1.0,5,4.2,1.0,subset,1.0,34673,45139,0.6206952902497167,0.36600989092585584,0.49335259058778624,0.2570588065641854,0.5682447550898336,0.35398446187970384,0.4001672771320624,0.7241409867298788,0.5154770025865497,0.6380757361635855,0.8471388378120915,0.727893123379177,0.1167235494880546,apartment_2/seq_0007
apartment_2,seq_0007,30,spaced1.0,5,4.2,0.25,fixed,1.0,8668,75972,0.1618259576625084,0.7913422113462522,0.4765840845043803,0.5987540378403322,0.3076264939714632,0.4064354847602236,0.7448084910013844,0.4316721950192176,0.5465676062511895,0.9347023534840794,0.6200968777970831,0.7455702310676663,0.1334603394527191,apartment_2/seq_0007
apartment_2,seq_0007,30,spaced1.0,5,4.2,0.25,subset,1.0,8668,45139,0.1636853560058774,0.46059227409562065,0.31213881505074903,0.59206275957545,0.4375595383149826,0.5032189148663846,0.7388094139363175,0.5859234808037396,0.6535442505926149,0.9337794185509921,0.7812534615299408,0.8507340139320849,0.1572451355031405,apartment_2/seq_0007
apartment_2,seq_0007,30,random_n1.0,5,4.05,1.0,fixed,1.0,32288,75972,0.6900586847951882,0.6926258192912461,0.6913422520432171,0.27177279484638256,0.4030432264518507,0.3246401408371829,0.4089135282457879,0.5306428684252092,0.4618925448968013,0.6384724975222993,0.6714973937766545,0.6545686598325832,0.1117842061644106,apartment_2/seq_0007
apartment_2,seq_0007,30,random_n1.0,5,4.05,1.0,subset,1.0,32288,44197,0.6967469217582539,0.40415610390621626,0.5504515128322351,0.26461843409316155,0.5348326809511957,0.35405938867769376,0.4009848860257681,0.6776704301196914,0.503841396073801,0.6336719524281467,0.8083806593207684,0.71044308165108,0.11208272451388109,apartment_2/seq_0007
apartment_2,seq_0007,30,random_n1.0,5,4.05,0.25,fixed,1.0,8072,75972,0.1740271521000387,0.7877554342439315,0.4808912931719851,0.5822596630327056,0.2958063497077871,0.39230787436182013,0.7405847373637264,0.42667035223503397,0.541416445413813,0.9151387512388504,0.619715158216185,0.7389958777446244,0.12426511758118701,apartment_2/seq_0007
apartment_2,seq_0007,30,random_n1.0,5,4.05,0.25,subset,1.0,8072,44197,0.17685257692829662,0.47364422117972954,0.3252483990540131,0.5780475718533201,0.41529968097382175,0.4833414931085553,0.7364965312190287,0.5723239133877865,0.6441136806514853,0.9120416253716551,0.7677896689820576,0.8337219814819236,0.14353633688023545,apartment_2/seq_0007
apartment_2,seq_0007,30,consec_n1.0,5,0.6000000000000003,1.0,fixed,1.0,28880,75972,0.817295863223918,1.0469477254607744,0.9321217943423462,0.20135041551246538,0.2590428052440373,0.22658186141705847,0.3255540166204986,0.35653925130311165,0.34034285574445133,0.5626385041551246,0.48257252672037065,0.5195388807806235,0.0771406478919095,apartment_2/seq_0007
apartment_2,seq_0007,30,consec_n1.0,5,0.6000000000000003,1.0,subset,1.0,28880,32996,0.8433367022954078,0.6874579714561299,0.7653973368757688,0.18379501385041552,0.4315068493150685,0.2577882892744703,0.2935595567867036,0.5420050915262457,0.38084611350141423,0.5318213296398892,0.6750515213965329,0.5949372336551132,0.076587210925799,apartment_2/seq_0007
apartment_2,seq_0007,30,consec_n1.0,5,0.6000000000000003,0.25,fixed,1.0,7220,75972,0.21472882619487266,1.2459362194180086,0.7303325228064406,0.4986149584487535,0.20098194071500025,0.2864866958053885,0.6473684210526316,0.2835255093981993,0.3943423742345478,0.8828254847645429,0.4091770652345601,0.5591814675141071,0.09185169669040637,apartment_2/seq_0007
apartment_2,seq_0007,30,consec_n1.0,5,0.6000000000000003,0.25,subset,1.0,7220,32996,0.24336906032331854,0.8111318971130815,0.5272504787182001,0.4710526315789474,0.3538913807734271,0.4041521938708822,0.5972299168975069,0.4625409140501879,0.521326429437318,0.8454293628808864,0.6110134561765063,0.709356673956173,0.1159513821662902,apartment_2/seq_0007
apartment_2,seq_0003,31,all,31,4.500000000000001,1.0,fixed,0.0,123243,60016,1.596559576556309,0.8404901496653013,1.2185248631108052,0.08901114059216345,0.4509464142895228,0.14867559243856446,0.15098626291148382,0.5001832844574781,0.23195435104779286,0.30446353951137184,0.5942415355905092,0.4026346045281849,0.050260521042084165,apartment_2/seq_0003
apartment_2,seq_0003,31,all,31,4.500000000000001,1.0,subset,0.0,123243,60016,1.596559576556309,0.8404901496653013,1.2185248631108052,0.08901114059216345,0.4509464142895228,0.14867559243856446,0.15098626291148382,0.5001832844574781,0.23195435104779286,0.30446353951137184,0.5942415355905092,0.4026346045281849,0.050260521042084165,apartment_2/seq_0003
apartment_2,seq_0003,31,all,31,4.500000000000001,0.25,fixed,0.0,30810,60016,0.5037867224018366,0.9942318578815322,0.7490092901416845,0.2654333008763389,0.39906025059984,0.3188108577726408,0.3888023369036027,0.45104638762996535,0.417617802920053,0.6330736773774749,0.5365402559317516,0.5808233011088156,0.11533316071120317,apartment_2/seq_0003
apartment_2,seq_0003,31,all,31,4.500000000000001,0.25,subset,0.0,30810,60016,0.5037867224018366,0.9942318578815322,0.7490092901416845,0.2654333008763389,0.39906025059984,0.3188108577726408,0.3888023369036027,0.45104638762996535,0.417617802920053,0.6330736773774749,0.5365402559317516,0.5808233011088156,0.11533316071120317,apartment_2/seq_0003
apartment_2,seq_0003,31,spaced0.3,14,4.35,1.0,fixed,0.3,77284,60016,1.37870139072377,0.8904292415125764,1.1345653161181732,0.12842244190259303,0.42758597707278057,0.19752087711256314,0.20191760260856062,0.47770594508131164,0.283854906177238,0.3659619067336059,0.5739969341508931,0.4469578950572729,0.06792937259978894,apartment_2/seq_0003
apartment_2,seq_0003,31,spaced0.3,14,4.35,1.0,subset,0.3,77284,47864,1.3819535138629897,0.7533084607490418,1.0676309873060157,0.12701205941721444,0.496093097108474,0.2022445337404739,0.20106360954401947,0.5498077887347484,0.2944481273672988,0.365056156513638,0.6463730569948186,0.4665921464577635,0.0666845027088489,apartment_2/seq_0003
apartment_2,seq_0003,31,spaced0.3,14,4.35,0.25,fixed,0.3,19321,60016,0.4075565305554102,1.037314087567005,0.7224353090612077,0.3614202163449097,0.3727339376166356,0.3669899016318874,0.47699394441281506,0.43411756864836043,0.4545468879276008,0.6931835826302987,0.5211776859504132,0.5949989099311666,0.12665003783526246,apartment_2/seq_0003
apartment_2,seq_0003,31,spaced0.3,14,4.35,0.25,subset,0.3,19321,47864,0.4086802239785923,0.8782053754254174,0.6434427997020049,0.3589358728844263,0.43602707671736585,0.3937435309688038,0.47585528699342683,0.5043456459969915,0.48968641845218414,0.6918896537446302,0.5968995487213772,0.6408939821887629,0.13091312428802687,apartment_2/seq_0003
apartment_2,seq_0003,31,random_n0.3,14,4.500000000000001,1.0,fixed,0.3,77124,60016,1.3857039024472095,0.8848261796871152,1.1352650410671623,0.13007624085887662,0.4326512929885364,0.20001741663467734,0.20190861469840776,0.4838043188483071,0.2849129862507212,0.3663321404491468,0.5579178885630498,0.4422683211178422,0.06924805795583486,apartment_2/seq_0003
apartment_2,seq_0003,31,random_n0.3,14,4.500000000000001,1.0,subset,0.3,77124,47277,1.3877270272936268,0.7287759690739799,1.0582514981838034,0.12911674705668794,0.5095924022251835,0.2060309089797675,0.2014159016648514,0.5657930917782431,0.29707609454583767,0.3655930708988123,0.6392537597563297,0.46515894359850957,0.06830503158743671,apartment_2/seq_0003
apartment_2,seq_0003,31,random_n0.3,14,4.500000000000001,0.25,fixed,0.3,19281,60016,0.42172574543617986,1.0172677717608887,0.7194967585985342,0.34899642134744047,0.3730338576379632,0.36061501891588,0.4649655100876511,0.4499466808850973,0.4573328239676202,0.6831595871583425,0.5365735803785657,0.6010583222750687,0.12247750013975069,apartment_2/seq_0003
apartment_2,seq_0003,31,random_n0.3,14,4.500000000000001,0.25,subset,0.3,19281,47277,0.42292338554057446,0.8357897515690804,0.6293565685548275,0.34738862092215134,0.44452905218182204,0.39000098025846014,0.4644987293190187,0.5302366901453138,0.49519553439335773,0.682640941859862,0.6206612094676058,0.6501773240768502,0.12759884629251292,apartment_2/seq_0003
apartment_2,seq_0003,31,consec_n0.3,14,1.9499999999999995,1.0,fixed,0.3,66664,60016,1.47925383487354,1.2203036535843006,1.3497787442289204,0.10417916716668667,0.31593241802186084,0.15668968603045424,0.16011640465618623,0.35758797653958946,0.221190715131877,0.30229209168366733,0.43963276459610773,0.35825058793370834,0.05380809649344553,apartment_2/seq_0003
apartment_2,seq_0003,31,consec_n0.3,14,1.9499999999999995,1.0,subset,0.3,66664,44634,1.4901106440236707,1.0088883192835068,1.2494994816535887,0.10272410896435857,0.37449029887529683,0.1612238928070541,0.15833133325333013,0.420912309002106,0.23010561430608667,0.2985569422776911,0.5060043912712282,0.3755366248354186,0.04993510829983745,apartment_2/seq_0003
apartment_2,seq_0003,31,consec_n0.3,14,1.9499999999999995,0.25,fixed,0.3,16666,60016,0.45425713395403855,1.4492071580206978,0.9517321459873682,0.31333253330133204,0.27429352172753935,0.2925162466691889,0.4266170646825873,0.3172487336710211,0.36389285226597057,0.6741269650786031,0.37498333777659293,0.48190619949572694,0.09630040587496715,apartment_2/seq_0003
apartment_2,seq_0003,31,consec_n0.3,14,1.9499999999999995,0.25,subset,0.3,16666,44634,0.45803355775454685,1.2177780106178893,0.8379057841862181,0.3088923556942278,0.32840435542411617,0.3183496578514817,0.421936877475099,0.3767083389344446,0.398041926459929,0.672086883475339,0.438634225030246,0.5308268781941785,0.09383307624142571,apartment_2/seq_0003
apartment_2,seq_0003,31,spaced0.5,8,4.2,1.0,fixed,0.5,53559,60016,1.2647581857412333,0.9248622991789606,1.094810242460097,0.1584794338953304,0.4098573713676353,0.2285756037289095,0.23676692992774323,0.4657258064516129,0.3139348314119057,0.4062995948393361,0.5486870167955212,0.46687840416104787,0.08054987008085471,apartment_2/seq_0003
apartment_2,seq_0003,31,spaced0.5,8,4.2,1.0,subset,0.5,53559,39071,1.2709780940664472,0.6560055691222612,0.9634918315943541,0.15700442502660616,0.5410918584116097,0.24338710327487742,0.23553464403741667,0.6060249289754549,0.3392270030581692,0.4048432569689501,0.6843438867702388,0.5087316896814114,0.08014029206822168,apartment_2/seq_0003
apartment_2,seq_0003,31,spaced0.5,8,4.2,0.25,fixed,0.5,13389,60016,0.3275992300355913,1.055583283579126,0.6915912568073586,0.41339905892897155,0.3429085577179419,0.37486882834202284,0.5375308088729555,0.4250033324446814,0.47468941673062537,0.7606990813354246,0.5172953878965609,0.6158181992578492,0.11844381344038643,apartment_2/seq_0003
apartment_2,seq_0003,31,spaced0.5,8,4.2,0.25,subset,0.5,13389,39071,0.32921005193188574,0.7462521593972227,0.5377311056645542,0.41138247815370826,0.4663561209080904,0.43714777252905807,0.5364851743968929,0.5658416728519874,0.5507725214144038,0.7583837478527149,0.6617184100739679,0.7067611087750272,0.13170037683611474,apartment_2/seq_0003
apartment_2,seq_0003,31,random_n0.5,8,4.500000000000001,1.0,fixed,0.5,50678,60016,1.3829497804937054,0.8994182996665011,1.1411840400801032,0.16058250128260784,0.39901026392961875,0.22900248252834896,0.23824933896365286,0.46132697947214074,0.31422117933062566,0.39954220766407517,0.5727972540655825,0.4707341179513141,0.0796656456991113,apartment_2/seq_0003
apartment_2,seq_0003,31,random_n0.5,8,4.500000000000001,1.0,subset,0.5,50678,37682,1.3898662513866615,0.5696713237261836,0.9797687875564225,0.15837246931607404,0.547290483519983,0.2456576328965501,0.2369075338411145,0.6193673371901703,0.34272356543346516,0.39814120525671887,0.7350459105143039,0.5165114580958966,0.08042957075766036,apartment_2/seq_0003
apartment_2,seq_0003,31,random_n0.5,8,4.500000000000001,0.25,fixed,0.5,12669,60016,0.34446700071477104,1.0596002355006702,0.7020336181077206,0.42110663825084854,0.33827645961077046,0.3751741725809362,0.531691530507538,0.41112370034657425,0.4636984688233499,0.7379430104980661,0.52222740602506,0.611622141122778,0.11566345194546059,apartment_2/seq_0003
apartment_2,seq_0003,31,random_n0.5,8,4.500000000000001,0.25,subset,0.5,12669,37682,0.34566298012870555,0.6669062780223857,0.5062846290755456,0.4177125266398295,0.47489517541531767,0.4444722203383849,0.5302707396005999,0.5657873785892469,0.547453618968111,0.7371536822164338,0.691391115121278,0.713539410613094,0.1338855790418673,apartment_2/seq_0003
apartment_2,seq_0003,31,consec_n0.5,8,1.0499999999999996,1.0,fixed,0.5,43145,60016,1.3824814450411356,1.3611492075793334,1.3718153263102346,0.12050063738556031,0.24306851506264995,0.1611242911901514,0.16720361571445128,0.2854238869634764,0.21087497171167074,0.30559740410244524,0.37471674220207946,0.3366458401981316,0.053632847856496337,apartment_2/seq_0003
apartment_2,seq_0003,31,consec_n0.5,8,1.0499999999999996,1.0,subset,0.5,43145,35561,1.399797242245288,0.995766493694605,1.1977818679699466,0.11860006953297021,0.3431287084165237,0.1762726978278551,0.16553482442925022,0.3922274401732235,0.23281352850818454,0.3020280449646541,0.498804870504204,0.3762409285313414,0.04991589263512031,apartment_2/seq_0003
apartment_2,seq_0003,31,consec_n0.5,8,1.0499999999999996,0.25,fixed,0.5,10786,60016,0.4002413123349709,1.626401348168129,1.01332133025155,0.36825514555905803,0.21450946414289523,0.27110161676474454,0.46161691081030964,0.24891695547853906,0.3234308214933116,0.7099944372334508,0.3261796854172221,0.44700163249079616,0.07994270318201971,apartment_2/seq_0003
apartment_2,seq_0003,31,consec_n0.5,8,1.0499999999999996,0.25,subset,0.5,10786,35561,0.4043613010229406,1.1928124483610116,0.7985868746919761,0.3632486556647506,0.30966508253423697,0.33432346094741944,0.45772297422584834,0.35145243384606734,0.3976093482678801,0.707120341183015,0.4481032591884368,0.5485741971003086,0.08221425795587028,apartment_2/seq_0003
apartment_2,seq_0003,31,spaced1.0,5,4.2,1.0,fixed,1.0,38345,60016,1.167332974819007,0.9111678473865202,1.0392504111027636,0.194210457686791,0.3736670221274327,0.2555834523093595,0.2659016820967532,0.45576179685417223,0.33585689716523437,0.43275524840266005,0.5602839242868568,0.4883308040589958,0.08823637499540626,apartment_2/seq_0003
apartment_2,seq_0003,31,spaced1.0,5,4.2,1.0,subset,1.0,38345,32661,1.173214103051833,0.5476205838795833,0.8604173434657082,0.19089842221932454,0.5486666054315544,0.2832464634895096,0.26300691094014866,0.6487553963442638,0.37427990033159314,0.4292085017603338,0.7504056826184134,0.5460776972917054,0.09092613813938952,apartment_2/seq_0003
apartment_2,seq_0003,31,spaced1.0,5,4.2,0.25,fixed,1.0,9586,60016,0.2884223950476324,1.0549996235616652,0.6717110093046488,0.4742332568328813,0.2973040522527326,0.36548192111803973,0.5768829543083663,0.3887796587576646,0.46451080343064716,0.7915710411016065,0.5146294321514263,0.623741552282717,0.10268568119299262,apartment_2/seq_0003
apartment_2,seq_0003,31,spaced1.0,5,4.2,0.25,subset,1.0,9586,32661,0.2901024509945567,0.63333022150318,0.4617163362488683,0.47110369288545795,0.4662135268362879,0.4686458533876719,0.5740663467556854,0.5844279109641468,0.5792007919824863,0.7892760275401627,0.7173387220232081,0.7515899563352845,0.12300737568403522,apartment_2/seq_0003
apartment_2,seq_0003,31,random_n1.0,5,4.2,1.0,fixed,1.0,38133,60016,1.179508451307561,0.9327504079155968,1.056129429611579,0.19418876039126215,0.37721607571314314,0.2563895771053906,0.2753782812786825,0.45059650759797387,0.3418424267997243,0.4371017229171584,0.5466042388696347,0.4857582729899584,0.08902340001476342,apartment_2/seq_0003
apartment_2,seq_0003,31,random_n1.0,5,4.2,1.0,subset,1.0,38133,33081,1.1871149636218474,0.5431178977085174,0.8651164306651824,0.1905960716439829,0.5523714518908135,0.2834035822125451,0.27320168882595125,0.6478038753362958,0.3843214843785558,0.43495135446988176,0.7426921798010943,0.5486124793418931,0.09117412643147783,apartment_2/seq_0003
apartment_2,seq_0003,31,random_n1.0,5,4.2,0.25,fixed,1.0,9533,60016,0.27004662937206403,1.0704451495571583,0.6702458894646112,0.49228994020769956,0.3142162090109304,0.3835940467314363,0.6029581453896989,0.40917422020794453,0.4875151459308949,0.801636420853876,0.5169954678752333,0.6285945304486978,0.1104133197020593,apartment_2/seq_0003
apartment_2,seq_0003,31,random_n1.0,5,4.2,0.25,subset,1.0,9533,33081,0.271520378536632,0.6178060672740745,0.44466322290535326,0.48840868561837825,0.4804268311115142,0.48438487868605923,0.6013846637994336,0.6072670112753544,0.6043115232347123,0.7998531417182418,0.7241014479610652,0.7600945881153383,0.13410796417332366,apartment_2/seq_0003
apartment_2,seq_0003,31,consec_n1.0,5,0.6000000000000001,1.0,fixed,1.0,30004,60016,1.319369565417804,1.5810517441301066,1.4502106547739553,0.14471403812824957,0.20974406824846709,0.17126374340793826,0.18884148780162646,0.23998600373233805,0.21136384626027163,0.32195707239034793,0.3284790722474007,0.325185373888378,0.053652778928186866,apartment_2/seq_0003
apartment_2,seq_0003,31,consec_n1.0,5,0.6000000000000001,1.0,subset,1.0,30004,28596,1.3377972614113993,0.9979407115805965,1.167868986495998,0.14314758032262365,0.36092460483983774,0.20499240141596067,0.18647513664844687,0.4012798992866135,0.2546255479876956,0.31905745900546595,0.520317526926843,0.3955590547719146,0.05120924556028793,apartment_2/seq_0003
apartment_2,seq_0003,31,consec_n1.0,5,0.6000000000000001,0.25,fixed,1.0,7501,60016,0.3392482053012499,1.7009274277765172,1.0200878165388836,0.4342087721637115,0.19123233804318848,0.2655238274064212,0.518464204772697,0.22530658491069047,0.3141112853477321,0.7570990534595388,0.3087843241802186,0.4386602220547977,0.0675594342461631,apartment_2/seq_0003
apartment_2,seq_0003,31,consec_n1.0,5,0.6000000000000001,0.25,subset,1.0,7501,28596,0.3441789978562587,1.0816504942487957,0.7129147460525271,0.4302093054259432,0.3346272205902924,0.3764457874327714,0.5141981069190774,0.3820114701356833,0.4383563393970285,0.7506999066791095,0.49783186459644707,0.5986589094366869,0.07361996621437523,apartment_2/seq_0003
apartment_2,seq_0000,37,all,37,5.3999999999999995,1.0,fixed,0.0,116986,90479,0.7803089834651489,0.5467838579783989,0.6635464207217738,0.1522746311524456,0.5549132947976878,0.23897245466508316,0.2670063084471646,0.6455310071950398,0.37776176001751227,0.516301095857624,0.7286221112081256,0.6043559833212793,0.08245156482861402,apartment_2/seq_0000
apartment_2,seq_0000,37,all,37,5.3999999999999995,1.0,subset,0.0,116986,90479,0.7803089834651489,0.5467838579783989,0.6635464207217738,0.1522746311524456,0.5549132947976878,0.23897245466508316,0.2670063084471646,0.6455310071950398,0.37776176001751227,0.516301095857624,0.7286221112081256,0.6043559833212793,0.08245156482861402,apartment_2/seq_0000
apartment_2,seq_0000,37,all,37,5.3999999999999995,0.25,fixed,0.0,29246,90479,0.27086985745423753,0.7177051817018328,0.4942875195780352,0.3630923887027286,0.396976093900242,0.37927897680612027,0.5514600287218765,0.49467832314680754,0.521528193289812,0.8481501743828216,0.6373854706617005,0.7278163938968911,0.13589242343463065,apartment_2/seq_0000
apartment_2,seq_0000,37,all,37,5.3999999999999995,0.25,subset,0.0,29246,90479,0.27086985745423753,0.7177051817018328,0.4942875195780352,0.3630923887027286,0.396976093900242,0.37927897680612027,0.5514600287218765,0.49467832314680754,0.521528193289812,0.8481501743828216,0.6373854706617005,0.7278163938968911,0.13589242343463065,apartment_2/seq_0000
apartment_2,seq_0000,37,spaced0.3,15,5.25,1.0,fixed,0.3,75110,90479,0.6644237841142369,0.5737938408790861,0.6191088124966615,0.19382239382239383,0.5027907028150178,0.2797883016602961,0.32428438290507255,0.6155682534068679,0.42478823483503036,0.5785115164425509,0.716232495938284,0.6400473659480631,0.09691896365141002,apartment_2/seq_0000
apartment_2,seq_0000,37,spaced0.3,15,5.25,1.0,subset,0.3,75110,71374,0.666445176191861,0.45638794006173883,0.5614165581267999,0.19207828518173345,0.5706419704654356,0.2874131906900094,0.32235388097457063,0.686916804438591,0.43879268667509913,0.5777126880575156,0.7831563314372181,0.6649271060220631,0.09560678365893877,apartment_2/seq_0000
apartment_2,seq_0000,37,spaced0.3,15,5.25,0.25,fixed,0.3,18777,90479,0.23401509585405827,0.7093034344091949,0.4716592651316266,0.44256270969803485,0.35475635230274427,0.39382460558189886,0.6086701816051553,0.4733142497154036,0.5325257221658296,0.8740480374926772,0.6456083732136739,0.7426583109453838,0.1356308523988802,apartment_2/seq_0000
apartment_2,seq_0000,37,spaced0.3,15,5.25,0.25,subset,0.3,18777,71374,0.23463550929751423,0.5725890863426202,0.4036122978200672,0.4412312936038771,0.41806540196710285,0.42933608163917936,0.6079778452361932,0.5455067671701179,0.5750506340504615,0.8730361612611173,0.7210468798161795,0.7897957431610356,0.14106753812636166,apartment_2/seq_0000
apartment_2,seq_0000,37,random_n0.3,15,5.3999999999999995,1.0,fixed,0.3,71314,90479,0.6808833661112172,0.5944744995507438,0.6376789328309805,0.19202400650643633,0.466660772112866,0.27208787586783206,0.3204980789185854,0.5871307154146266,0.4146502789231679,0.5751325125501304,0.715657776942716,0.6377458193318493,0.09522290892295511,apartment_2/seq_0000
apartment_2,seq_0000,37,random_n0.3,15,5.3999999999999995,1.0,subset,0.3,71314,72952,0.6825427114310758,0.47917146996335275,0.5808570906972143,0.1908040496957119,0.5224257045728699,0.27951985878621155,0.31860504248815097,0.6469596446978836,0.4269514157312474,0.5746697703115797,0.774303651716197,0.6597148534094721,0.09360346210777279,apartment_2/seq_0000
apartment_2,seq_0000,37,random_n0.3,15,5.3999999999999995,0.25,fixed,0.3,17828,90479,0.20878898474898727,0.7524058367233565,0.4805974107361719,0.4652793358761499,0.3480144563931962,0.39819296958878003,0.6411263181512228,0.44679980990063994,0.5266076614691028,0.8980816692842719,0.6143635539738503,0.7296114102058808,0.13650817126377282,apartment_2/seq_0000
apartment_2,seq_0000,37,random_n0.3,15,5.3999999999999995,0.25,subset,0.3,17828,72952,0.20933630611724552,0.6226813984529878,0.41600885228511664,0.46443796275521654,0.4010445224257046,0.4304195732640321,0.6394996634507516,0.5071005592718499,0.5656559811579455,0.8980255777428764,0.6769930913477354,0.7719998802763522,0.14079831379264918,apartment_2/seq_0000
apartment_2,seq_0000,37,consec_n0.3,15,2.1,1.0,fixed,0.3,55416,90479,0.8134000420116358,0.7065143416543095,0.7599571918329726,0.19187599249314277,0.3510648879850573,0.24813354909764068,0.3157571820412877,0.4618972358226771,0.37509558545719407,0.5531074058033781,0.5987798273632555,0.575038158986826,0.08673635006167629,apartment_2/seq_0000
apartment_2,seq_0000,37,consec_n0.3,15,2.1,1.0,subset,0.3,55416,54376,0.8218050246104762,0.5864341838628999,0.7041196042366881,0.17608632885809153,0.46386273355892305,0.25526996019956405,0.2941027861989317,0.562987347359129,0.38636810988759146,0.5470802656272556,0.6767691628659703,0.6050532766026451,0.08164896322236592,apartment_2/seq_0000
apartment_2,seq_0000,37,consec_n0.3,15,2.1,0.25,fixed,0.3,13854,90479,0.22931807778863272,1.2767816761971866,0.7530498769929097,0.4513497906741735,0.2492401551741288,0.3211421817629105,0.6152013858813339,0.3030758518551266,0.40609235735395716,0.8846542514797171,0.38155815161529194,0.5331602189145244,0.11339252682204957,apartment_2/seq_0000
apartment_2,seq_0000,37,consec_n0.3,15,2.1,0.25,subset,0.3,13854,54376,0.23616554123535824,1.0295131606175825,0.6328393509264704,0.43633607622347337,0.356646314550537,0.39248703451951683,0.5946297098310958,0.4221715462704134,0.49377544048324734,0.87895192724123,0.5044321023981169,0.6409956441101302,0.129138617942025,apartment_2/seq_0000
apartment_2,seq_0000,37,spaced0.5,10,5.3999999999999995,1.0,fixed,0.5,54466,90479,0.6476196154433773,0.6900238309349527,0.668821723189165,0.2116916975727977,0.40800627769979775,0.2787536670864061,0.33920243821833806,0.5122072525116326,0.40812772233330136,0.5831344324899937,0.6431437129057571,0.6116707623681438,0.09942600515532407,apartment_2/seq_0000
apartment_2,seq_0000,37,spaced0.5,10,5.3999999999999995,1.0,subset,0.5,54466,63192,0.6515243548153419,0.47531047099611323,0.5634174129057276,0.2098556897881247,0.5060134194201797,0.29667377404203715,0.3370359490324239,0.6220407646537537,0.43719151233721393,0.5816289061065619,0.7582763640967211,0.6583084072937866,0.09975435525312704,apartment_2/seq_0000
apartment_2,seq_0000,37,spaced0.5,10,5.3999999999999995,0.25,fixed,0.5,13616,90479,0.20619634090566663,0.7801431912308803,0.49316976606827345,0.4791421856639248,0.30498789774422796,0.37272531948031523,0.6418184488836662,0.4183291150432697,0.5065169281631291,0.8996034077555817,0.5864454735352955,0.7100282542481483,0.12454704066568247,apartment_2/seq_0000
apartment_2,seq_0000,37,spaced0.5,10,5.3999999999999995,0.25,subset,0.5,13616,63192,0.20691380357649747,0.5519009106944639,0.3794073571354807,0.4771592244418331,0.3942112925686796,0.4317372482916228,0.6405699177438308,0.5245917204709457,0.5768086833789594,0.8990158636897767,0.703870743132042,0.7895642291471969,0.13605004139453591,apartment_2/seq_0000
apartment_2,seq_0000,37,random_n0.5,10,5.1,1.0,fixed,0.5,57817,90479,0.6694189884501056,0.6166998486412658,0.6430594185456857,0.21088953076084888,0.44412515611357334,0.2859824295507339,0.33884497639102684,0.5599310337205319,0.4221959993749434,0.577079405711123,0.6822025000276307,0.6252531883393233,0.09943940032435608,apartment_2/seq_0000
apartment_2,seq_0000,37,random_n0.5,10,5.1,1.0,subset,0.5,57817,62418,0.6730862923895202,0.4510041996722148,0.5620452460308675,0.20857187332445473,0.5455317376397834,0.3017690800657643,0.3365792068076863,0.6638790092601493,0.44669105968520106,0.5757995053358009,0.7754333685795765,0.6608692826651228,0.09813877067284382,apartment_2/seq_0000
apartment_2,seq_0000,37,random_n0.5,10,5.1,0.25,fixed,0.5,14454,90479,0.21276741257637632,0.7330234531865127,0.47289543288144453,0.4939117199391172,0.3295129256512561,0.3953010071344046,0.6565656565656566,0.44366096000176836,0.5295137294622237,0.8913103639131036,0.6207738812321091,0.7318404325224679,0.12829381633838516,apartment_2/seq_0000
apartment_2,seq_0000,37,random_n0.5,10,5.1,0.25,subset,0.5,14454,62418,0.21365677540825662,0.5484315219700024,0.3810441486891295,0.49232046492320464,0.42547021692460507,0.4564607140825881,0.6555278815552789,0.5518920824121247,0.5992623253337535,0.8910336239103362,0.7196962414688071,0.7962521387776624,0.13625811060182152,apartment_2/seq_0000
apartment_2,seq_0000,37,consec_n0.5,10,1.35,1.0,fixed,0.5,41152,90479,0.7947538769291188,0.73973342499474,0.7672436509619294,0.2057980171073095,0.2928524851070414,0.24172626106799705,0.33405423794712286,0.42317001735209275,0.37336822395570324,0.5718069595645412,0.588722244940815,0.5801413279402998,0.08426641680331069,apartment_2/seq_0000
apartment_2,seq_0000,37,consec_n0.5,10,1.35,1.0,subset,0.5,41152,45076,0.809248263371744,0.5343367120100975,0.6717924876909207,0.18638219284603422,0.4463350785340314,0.262957609802022,0.30465104976671853,0.5620951282278818,0.39513960426012806,0.5597540824261276,0.7088472801490816,0.6255395439189152,0.08177561341075108,apartment_2/seq_0000
apartment_2,seq_0000,37,consec_n0.5,10,1.35,0.25,fixed,0.5,10288,90479,0.21924517964878593,1.3784425498330177,0.7988438647409019,0.4774494556765163,0.204975740227014,0.28681694692912074,0.630151632970451,0.25675571127001845,0.3648521613491654,0.8952177293934681,0.3497386133799003,0.5029770066534286,0.09861843042301667,apartment_2/seq_0000
apartment_2,seq_0000,37,consec_n0.5,10,1.35,0.25,subset,0.5,10288,45076,0.2263753824895918,0.974702858975685,0.6005391207326384,0.46277216174183516,0.3476794746650102,0.3970536299916178,0.6113919129082426,0.42182092466057325,0.49921544265708867,0.8863724727838258,0.5378915609193362,0.6694998422476354,0.12373072583678074,apartment_2/seq_0000
apartment_2,seq_0000,37,spaced1.0,6,5.25,1.0,fixed,1.0,38854,90479,0.5742329818341814,0.7133445157430889,0.6437887487886351,0.2457662016780769,0.3612550978680136,0.29252447420297595,0.3855201523652648,0.4857149172736215,0.4298561787486861,0.6330879703505431,0.6582632434045469,0.6454302071882146,0.10532468387776607,apartment_2/seq_0000
apartment_2,seq_0000,37,spaced1.0,6,5.25,1.0,subset,1.0,38854,52224,0.5800166958448848,0.40832594805866934,0.49417132195177704,0.2391774334688835,0.49274280024509803,0.32203771092615446,0.3817367581201421,0.6294232536764706,0.4752442532156167,0.6309002934060843,0.810757506127451,0.7096096572466754,0.10703602549096111,apartment_2/seq_0000
apartment_2,seq_0000,37,spaced1.0,6,5.25,0.25,fixed,1.0,9713,90479,0.1623366978473432,0.8334110018806662,0.4978738498640047,0.5584268506125811,0.2730578366250732,0.36677242547472627,0.71285905487491,0.3817349882293129,0.4972130894301283,0.9396684855348502,0.5834613556736923,0.7199126871796911,0.11876085868252893,apartment_2/seq_0000
apartment_2,seq_0000,37,spaced1.0,6,5.25,0.25,subset,1.0,9713,52224,0.16369866469041802,0.4933891470659148,0.3285439058781664,0.552455472047771,0.39901194852941174,0.46336076172486323,0.7097704107896633,0.5319776348039216,0.608145888734135,0.9393596211263255,0.7518956801470589,0.8352381106479578,0.13907805133577789,apartment_2/seq_0000
apartment_2,seq_0000,37,random_n1.0,6,4.2,1.0,fixed,1.0,34767,90479,0.6369380353140558,0.788416164253895,0.7126770997839754,0.26913452411769784,0.348113926988583,0.30357136064383056,0.4027669916875198,0.45185070568861285,0.4258993231262052,0.6433399488020249,0.602272350490169,0.6221291542310459,0.11017978833929105,apartment_2/seq_0000
apartment_2,seq_0000,37,random_n1.0,6,4.2,1.0,subset,1.0,34767,49453,0.6486234151146757,0.4606334207260352,0.5546284179203554,0.2580320418787931,0.4932157806402038,0.3388108987489718,0.3877815169557339,0.6163225689038077,0.4760432789176111,0.6339920039117554,0.7750793682890825,0.6974722949977207,0.11327335011762764,apartment_2/seq_0000
apartment_2,seq_0000,37,random_n1.0,6,4.2,0.25,fixed,1.0,8691,90479,0.1733525678498336,0.978752464067532,0.5760525159586828,0.5687492808652629,0.24014412184042705,0.337700359884026,0.7129214129559315,0.33385647498314525,0.45475440895695163,0.9208376481417558,0.5027685982382653,0.6504161592975556,0.11456135061802834,apartment_2/seq_0000
apartment_2,seq_0000,37,random_n1.0,6,4.2,0.25,subset,1.0,8691,49453,0.17629436239041166,0.5885445602740395,0.38241946133222554,0.5613853411575193,0.3704729743392716,0.44637278785931295,0.7061327810378553,0.4937819748043597,0.5811673494259728,0.9178460476354849,0.6901704648858512,0.7878902094070611,0.14272242722427225,apartment_2/seq_0000
apartment_2,seq_0000,37,consec_n1.0,6,0.7499999999999999,1.0,fixed,1.0,31339,90479,0.7191987319563421,0.8641776042939868,0.7916881681251644,0.22760777306231852,0.26619436554338577,0.2453934562298265,0.3605730878458151,0.3938593485781231,0.3764819078217696,0.6032419668783305,0.5452978039102996,0.5728082355205103,0.08445657116871305,apartment_2/seq_0000
apartment_2,seq_0000,37,consec_n1.0,6,0.7499999999999999,1.0,subset,1.0,31339,35911,0.7416557268318843,0.5217419113985516,0.631698819115218,0.20112320112320112,0.4662916655063908,0.28103081640152405,0.31641086186540734,0.5815209824287823,0.4098296689494077,0.579724943361307,0.7165770933697195,0.6409271961268497,0.08396313582411334,apartment_2/seq_0000
apartment_2,seq_0000,37,consec_n1.0,6,0.7499999999999999,0.25,fixed,1.0,7834,90479,0.19251242365064816,1.4049076510407383,0.7987100373456932,0.5254020934388562,0.18844151681605675,0.27739287990711053,0.672198110799081,0.2423103703621835,0.35621446173502025,0.9115394434516212,0.3337680566761348,0.48862268731743896,0.09023668639053255,apartment_2/seq_0000
apartment_2,seq_0000,37,consec_n1.0,6,0.7499999999999999,0.25,subset,1.0,7834,35911,0.20308714076572493,0.8528504059722574,0.5279687733689912,0.5095736533061016,0.3791595889838768,0.4347980423163084,0.648710748021445,0.4656511932277018,0.5421451015048333,0.8962215981618585,0.5897357355684888,0.7113715736339734,0.12648101265822784,apartment_2/seq_0000
frl_apartment_5,seq_0000,15,all,15,2.1,1.0,fixed,0.0,79441,48021,0.6983840635341846,0.31643707359116047,0.5074105685626725,0.12491031079669189,0.5044876199995835,0.20024122204376424,0.23758512606840296,0.6803273567814081,0.35218098424126354,0.4962802583049055,0.8360508944003665,0.6228414804931693,0.05879818844581906,frl_apartment_5/seq_0000
frl_apartment_5,seq_0000,15,all,15,2.1,1.0,subset,0.0,79441,48021,0.6983840635341846,0.31643707359116047,0.5074105685626725,0.12491031079669189,0.5044876199995835,0.20024122204376424,0.23758512606840296,0.6803273567814081,0.35218098424126354,0.4962802583049055,0.8360508944003665,0.6228414804931693,0.05879818844581906,frl_apartment_5/seq_0000
frl_apartment_5,seq_0000,15,all,15,2.1,0.25,fixed,0.0,19860,48021,0.38903016728945117,0.7684565584943877,0.5787433628919194,0.25563947633434037,0.3088648716186668,0.27974294378771447,0.42396777442094663,0.4152350013535745,0.41955595111819377,0.7406344410876133,0.6196663959517711,0.6747717303848544,0.0900348599591297,frl_apartment_5/seq_0000
frl_apartment_5,seq_0000,15,all,15,2.1,0.25,subset,0.0,19860,48021,0.38903016728945117,0.7684565584943877,0.5787433628919194,0.25563947633434037,0.3088648716186668,0.27974294378771447,0.42396777442094663,0.4152350013535745,0.41955595111819377,0.7406344410876133,0.6196663959517711,0.6747717303848544,0.0900348599591297,frl_apartment_5/seq_0000
frl_apartment_5,seq_0000,15,spaced0.3,7,1.95,1.0,fixed,0.3,48855,48021,0.6507453967904262,0.35048632639074867,0.5006158615905875,0.1459420734827551,0.41296516107536285,0.21566724549961547,0.26390338757547843,0.605568397159576,0.3676060666367975,0.5256780268140415,0.8156223318964619,0.6393120456166801,0.06506201044386423,frl_apartment_5/seq_0000
frl_apartment_5,seq_0000,15,spaced0.3,7,1.95,1.0,subset,0.3,48855,37708,0.6544122811240433,0.3018984896331714,0.47815538537860736,0.14266707604134685,0.4496658533998091,0.21660964404161423,0.26066932760208783,0.6428344117959054,0.3709275492184963,0.5234264660730734,0.8466107987694919,0.6468999200399695,0.06384656688368347,frl_apartment_5/seq_0000
frl_apartment_5,seq_0000,15,spaced0.3,7,1.95,0.25,fixed,0.3,12213,48021,0.3602624438682331,0.9365635392051458,0.6484129915366894,0.2855973143371817,0.25838695570687825,0.27131159731389937,0.46245803651846396,0.36257054205451783,0.4064675220535651,0.762548104478834,0.5315591095562359,0.626438655181749,0.08609045378661405,frl_apartment_5/seq_0000
frl_apartment_5,seq_0000,15,spaced0.3,7,1.95,0.25,subset,0.3,12213,37708,0.361152642211322,0.7939814033176199,0.5775670227644709,0.28264963563416035,0.30463031717407446,0.2932286305386159,0.4600016375992795,0.4199108942399491,0.4390429548546246,0.7619749447310243,0.5939058024822319,0.6675238098216857,0.09055711782206463,frl_apartment_5/seq_0000
frl_apartment_5,seq_0000,15,random_n0.3,7,1.05,1.0,fixed,0.3,44937,48021,0.655730288327681,0.4799707136784598,0.5678505010030703,0.14099739635489686,0.34874325815788926,0.20080788043011957,0.2606092974608897,0.5353907665396389,0.3505723626043574,0.5240002670405234,0.7237250369629954,0.6078775695510825,0.061787154502500906,frl_apartment_5/seq_0000
frl_apartment_5,seq_0000,15,random_n0.3,7,1.05,1.0,subset,0.3,44937,35505,0.6800803029567303,0.39725879308108536,0.5386695480189079,0.13392082248481207,0.38977608787494716,0.19934864323437212,0.25128513251885976,0.5851851851851851,0.3515924801993046,0.5156552506842913,0.7825376707505985,0.6216636250562696,0.05901799262952526,frl_apartment_5/seq_0000
frl_apartment_5,seq_0000,15,random_n0.3,7,1.05,0.25,fixed,0.3,11234,48021,0.38073926164808497,0.9929336060920396,0.6868364338700623,0.2659782802207584,0.2099706378459424,0.23467908857938743,0.4384012818230372,0.3142791695299973,0.3661059365220751,0.7442585009791703,0.5195643572603652,0.6119373251967486,0.0769350629114565,frl_apartment_5/seq_0000
frl_apartment_5,seq_0000,15,random_n0.3,7,1.05,0.25,subset,0.3,11234,35505,0.38413944416287,0.835367056257805,0.6097532502103375,0.2575218087947303,0.25528798760737925,0.2564000328912147,0.43021185686309416,0.37346852555978033,0.39983702818928485,0.7414990208296244,0.592677087734122,0.6587878127964651,0.08108108108108109,frl_apartment_5/seq_0000
frl_apartment_5,seq_0000,15,consec_n0.3,7,0.8999999999999999,1.0,fixed,0.3,44001,48021,0.6686764259708076,0.48275738752799735,0.5757169067494025,0.1339060475898275,0.3150288415484892,0.1879304463483713,0.24331265198518215,0.45729993128006496,0.3176273498081586,0.4931933365150792,0.6734345390558297,0.5693905215129614,0.05852154258581115,frl_apartment_5/seq_0000
frl_apartment_5,seq_0000,15,consec_n0.3,7,0.8999999999999999,1.0,subset,0.3,44001,36353,0.6938194703952002,0.42705225795829194,0.5604358641767461,0.1273152882889025,0.3502599510356779,0.18674940813611407,0.23494920569987046,0.49195389651473054,0.31801811513790657,0.48401172700620443,0.7119907572965092,0.5762728431997404,0.056318756499370584,frl_apartment_5/seq_0000
frl_apartment_5,seq_0000,15,consec_n0.3,7,0.8999999999999999,0.25,fixed,0.3,11000,48021,0.3954922140970694,0.8120523239653192,0.6037722690311943,0.26536363636363636,0.20272380833385395,0.229852466954001,0.41909090909090907,0.2988275962599696,0.3488861982094567,0.721,0.5084442223194019,0.5963479719327216,0.07350695124339142,frl_apartment_5/seq_0000
frl_apartment_5,seq_0000,15,consec_n0.3,7,0.8999999999999999,0.25,subset,0.3,11000,36353,0.3986519629741292,0.7052065447024444,0.5519292538382867,0.25645454545454544,0.24055786317497868,0.2482519807751584,0.412,0.3475916705636399,0.3770651359722129,0.7188181818181818,0.5678210876681429,0.6344592948707215,0.07722592368261659,frl_apartment_5/seq_0000
frl_apartment_5,seq_0000,15,spaced0.5,4,1.7999999999999998,1.0,fixed,0.5,31008,48021,0.6276182423918576,0.43880363098912234,0.53321093669049,0.15760448916408668,0.3043251910622436,0.2076637130293411,0.27818627450980393,0.5272693196726432,0.364213964773399,0.539796181630547,0.7593136336186251,0.6310083955585157,0.06368183755411498,frl_apartment_5/seq_0000
frl_apartment_5,seq_0000,15,spaced0.5,4,1.7999999999999998,1.0,subset,0.5,31008,29958,0.6348928702223187,0.3352760497714121,0.4850844599968654,0.15021929824561403,0.366513118365712,0.2130980819812656,0.2705108359133127,0.6037452433406769,0.37361966208833225,0.5355069659442725,0.8284264637158689,0.6505128951974863,0.062313749242883104,frl_apartment_5/seq_0000
frl_apartment_5,seq_0000,15,spaced0.5,4,1.7999999999999998,0.25,fixed,0.5,7752,48021,0.34560414675847223,1.0932460939545994,0.7194251203565358,0.3120485036119711,0.19199933362487245,0.237727851707793,0.47665118679050567,0.3140084546344308,0.37860159978322017,0.766124871001032,0.4877032964744591,0.5960013258444788,0.07328773207781825,frl_apartment_5/seq_0000
frl_apartment_5,seq_0000,15,spaced0.5,4,1.7999999999999998,0.25,subset,0.5,7752,29958,0.3476662335950151,0.807553304873271,0.5776097692341431,0.30546955624355004,0.2667734828760264,0.2848131715400652,0.4725232198142415,0.42169036651311836,0.44566195995255287,0.7649638802889577,0.6132919420522064,0.6807824442131427,0.08288193531422561,frl_apartment_5/seq_0000
frl_apartment_5,seq_0000,15,random_n0.5,4,0.7499999999999998,1.0,fixed,0.5,28771,48021,0.6347693991306743,0.6055795787355014,0.6201744889330878,0.1508463383267874,0.26055267487141043,0.19107200398979657,0.2570644051301658,0.3807917369484184,0.3069281453280038,0.5204198672274165,0.5937194144228567,0.5546584415668634,0.0592413728432108,frl_apartment_5/seq_0000
frl_apartment_5,seq_0000,15,random_n0.5,4,0.7499999999999998,1.0,subset,0.5,28771,29349,0.6472611357337398,0.4703847789081464,0.5588229573209431,0.1415314031490042,0.3216123206923575,0.19656206345651792,0.2456987939244378,0.4452621895124195,0.3166615353567308,0.5119738625699489,0.6747418992129204,0.5821953790498795,0.05853044661889719,frl_apartment_5/seq_0000
frl_apartment_5,seq_0000,15,random_n0.5,4,0.7499999999999998,0.25,fixed,0.5,7192,48021,0.3886952623934162,1.129012265071186,0.7588537637323011,0.2906006674082314,0.16615647320963745,0.21142606306538206,0.4253337041156841,0.24784989900251972,0.31319513760922507,0.735539488320356,0.42562628849878176,0.5392252315869777,0.06473002841806126,frl_apartment_5/seq_0000
frl_apartment_5,seq_0000,15,random_n0.5,4,0.7499999999999998,0.25,subset,0.5,7192,29349,0.3917588094201298,0.8322236101231628,0.6119912097716463,0.28225806451612906,0.23919043238270468,0.25894572099309954,0.4190767519466073,0.34205594739173395,0.37666939166208663,0.7335928809788654,0.5421649800674639,0.6235170197067615,0.07482211275314724,frl_apartment_5/seq_0000
frl_apartment_5,seq_0000,15,consec_n0.5,4,0.45000000000000007,1.0,fixed,0.5,29931,48021,0.6576801419036779,0.5975431885971972,0.6276116652504375,0.14339647856737162,0.24539264071968514,0.1810155624214894,0.2548194179947212,0.38454009704087794,0.3065201390430053,0.502221776753199,0.5934070510818183,0.5440199015593337,0.056708318132068586,frl_apartment_5/seq_0000
frl_apartment_5,seq_0000,15,consec_n0.5,4,0.45000000000000007,1.0,subset,0.5,29931,28690,0.6975720821428772,0.48276304670286957,0.5901675644228734,0.13250476095018543,0.3040432206343674,0.1845715750303077,0.24178944906618555,0.4495643081212966,0.31445524161949934,0.48922521800140323,0.6689787382363193,0.5651530842893999,0.05392807918807167,frl_apartment_5/seq_0000
frl_apartment_5,seq_0000,15,consec_n0.5,4,0.45000000000000007,0.25,fixed,0.5,7482,48021,0.37257327932922674,1.0529469168785084,0.7127600981038675,0.28441593156909917,0.16099206597113763,0.20560344076120263,0.45348837209302323,0.2497240790487495,0.3220846442533067,0.7413793103448276,0.4296453634868079,0.5440195930841663,0.06441553813257306,frl_apartment_5/seq_0000
frl_apartment_5,seq_0000,15,consec_n0.5,4,0.45000000000000007,0.25,subset,0.5,7482,28690,0.3771465609096691,0.8055473874927758,0.5913469742012224,0.2714514835605453,0.2275008713837574,0.24754046528282814,0.4437316225608126,0.3351341930986406,0.3818620262679225,0.7383052659716653,0.5383060299756013,0.6226392918455024,0.07323481116584565,frl_apartment_5/seq_0000
frl_apartment_5,seq_0000,15,spaced1.0,3,2.1,1.0,fixed,1.0,23599,48021,0.6329304008618241,0.4874398283914709,0.5601851146266474,0.17331242849273273,0.26800774661085774,0.21050056643836776,0.29200389847027414,0.4511151371275067,0.3545256476823258,0.5474808254587059,0.7392599071239666,0.6290787474620522,0.06488701993452746,frl_apartment_5/seq_0000
frl_apartment_5,seq_0000,15,spaced1.0,3,2.1,1.0,subset,1.0,23599,26228,0.6374753356420726,0.3543304530061997,0.49590289432413615,0.16759184711216576,0.3500076254384627,0.22665565774832744,0.2865799398279588,0.5439225255452188,0.37538066686359167,0.5440484766303657,0.820649687357023,0.6543178909968844,0.06692499474332401,frl_apartment_5/seq_0000
frl_apartment_5,seq_0000,15,spaced1.0,3,2.1,0.25,fixed,1.0,5899,48021,0.33691263323454856,1.1745485873497024,0.7557306102921255,0.33056450245804375,0.1604298119572687,0.21602042798497278,0.4755043227665706,0.25634618187876135,0.3331109750812523,0.760806916426513,0.4565086108161013,0.5706242970610337,0.06807410598879793,frl_apartment_5/seq_0000
frl_apartment_5,seq_0000,15,spaced1.0,3,2.1,0.25,subset,1.0,5899,26228,0.3381780534880651,0.7864183061837512,0.5622981798359081,0.3283607391083234,0.2506481622693305,0.28428929373304695,0.4736395999321919,0.38165319505871587,0.4226998466001918,0.7599593151381591,0.6231508311727925,0.684788959359397,0.08355123137731833,frl_apartment_5/seq_0000
frl_apartment_5,seq_0000,15,random_n1.0,3,1.1999999999999997,1.0,fixed,1.0,25605,48021,0.589636386568564,0.4455447717867305,0.5175905791776473,0.17531732083577425,0.2911851065158993,0.21886185258008553,0.29216949814489357,0.4588617479852565,0.3570168546716048,0.5691466510447178,0.752379167447575,0.6480601097255032,0.07063320168174289,frl_apartment_5/seq_0000
frl_apartment_5,seq_0000,15,random_n1.0,3,1.1999999999999997,1.0,subset,1.0,25605,25925,0.6051638845792192,0.33800840052722303,0.4715861425532211,0.1629369263815661,0.3598457087753134,0.22430796211068124,0.28037492677211484,0.5312246865959499,0.3670333995990535,0.5609060730326109,0.817473481195757,0.6653114357931662,0.0705389427767893,frl_apartment_5/seq_0000
frl_apartment_5,seq_0000,15,random_n1.0,3,1.1999999999999997,0.25,fixed,1.0,6401,48021,0.3383614864585883,1.1019866217463299,0.720174054102459,0.31745039837525385,0.17046708731596594,0.2218196574843367,0.47414466489610996,0.2720268215988838,0.34571159178332395,0.7865958443993126,0.4688157264530101,0.5874862248825996,0.071686945083854,frl_apartment_5/seq_0000
frl_apartment_5,seq_0000,15,random_n1.0,3,1.1999999999999997,0.25,subset,1.0,6401,25925,0.3412140643291351,0.7523337001547276,0.5467738822419314,0.3104202468364318,0.26055930568948893,0.28331271629552307,0.4668020621777847,0.3919382835101254,0.4261069132425265,0.7842524605530385,0.6224879459980713,0.6940693549998737,0.08832902411159882,frl_apartment_5/seq_0000
frl_apartment_5,seq_0000,15,consec_n1.0,3,0.30000000000000004,1.0,fixed,1.0,22722,48021,0.656550933806513,0.6671144367425424,0.6618326852745278,0.15011882756799577,0.20420232814810188,0.17303293124732536,0.2554352609805475,0.31856895941358987,0.2835301288629441,0.5044010210368806,0.5417629786968201,0.5224148406640206,0.05516609145815358,frl_apartment_5/seq_0000
frl_apartment_5,seq_0000,15,consec_n1.0,3,0.30000000000000004,1.0,subset,1.0,22722,25438,0.6977569488581947,0.5159593330963862,0.6068581409772904,0.13717982571956694,0.2717980973346961,0.18233363475874717,0.2405157996655224,0.3959823885525592,0.2992625041174526,0.49031775371886277,0.6372749429986634,0.5542200112895858,0.05425564840606623,frl_apartment_5/seq_0000
frl_apartment_5,seq_0000,15,consec_n1.0,3,0.30000000000000004,0.25,fixed,1.0,5680,48021,0.3824339060588556,1.1414946999837043,0.7619643030212799,0.2964788732394366,0.1364194831427917,0.18685908160099268,0.439612676056338,0.2088877782636763,0.28320632494928877,0.726056338028169,0.38066679161200306,0.49946645068600687,0.05753949258018191,frl_apartment_5/seq_0000
frl_apartment_5,seq_0000,15,consec_n1.0,3,0.30000000000000004,0.25,subset,1.0,5680,25438,0.3867457953229865,0.8260008112022519,0.6063733032626192,0.2820422535211268,0.21302775375422597,0.24272457167039863,0.43028169014084505,0.30599889928453494,0.3576509430138437,0.7241197183098591,0.5109285321173048,0.5991238392917695,0.07016661427224144,frl_apartment_5/seq_0000
frl_apartment_5,seq_0001,16,all,16,2.3124462045054095,1.0,fixed,0.0,70891,48964,0.43593350023295535,0.09337064986015813,0.26465207504655675,0.23444442877093002,0.7533902458949432,0.3576066934483211,0.43493532324272477,0.8971080794052774,0.5858427611654964,0.732956228576265,0.9888897965852463,0.8419021505882719,0.11363002762500951,frl_apartment_5/seq_0001
frl_apartment_5,seq_0001,16,all,16,2.3124462045054095,1.0,subset,0.0,70891,48964,0.43593350023295535,0.09337064986015813,0.26465207504655675,0.23444442877093002,0.7533902458949432,0.3576066934483211,0.43493532324272477,0.8971080794052774,0.5858427611654964,0.732956228576265,0.9888897965852463,0.8419021505882719,0.11363002762500951,frl_apartment_5/seq_0001
frl_apartment_5,seq_0001,16,all,16,2.3124462045054095,0.25,fixed,0.0,17722,48964,0.3571157021028202,0.38852400078459653,0.3728198514437083,0.4120866719331904,0.42923372273507066,0.4204854592955274,0.5930481886920212,0.5641695939874193,0.5782485558676099,0.768818417785803,0.7339269667510824,0.7509676291859553,0.13847163004263693,frl_apartment_5/seq_0001
frl_apartment_5,seq_0001,16,all,16,2.3124462045054095,0.25,subset,0.0,17722,48964,0.3571157021028202,0.38852400078459653,0.3728198514437083,0.4120866719331904,0.42923372273507066,0.4204854592955274,0.5930481886920212,0.5641695939874193,0.5782485558676099,0.768818417785803,0.7339269667510824,0.7509676291859553,0.13847163004263693,frl_apartment_5/seq_0001
frl_apartment_5,seq_0001,16,spaced0.3,8,2.1561023741596697,1.0,fixed,0.3,49377,48964,0.41866046868865786,0.10689042684835684,0.26277544776850736,0.2724750389857626,0.6754554366473328,0.3883085335149904,0.47509974279522854,0.8704149987746099,0.6146851153194325,0.7454280332948539,0.9858263213789723,0.8489365804994937,0.12497881140454961,frl_apartment_5/seq_0001
frl_apartment_5,seq_0001,16,spaced0.3,8,2.1561023741596697,1.0,subset,0.3,49377,38859,0.4211385384762812,0.09961791764449057,0.2603782280603859,0.2647994005306114,0.7087675956663836,0.3855538143365843,0.4701379184640622,0.88427391337914,0.6138911182167932,0.7436053223160581,0.9882137986052137,0.8486348618648978,0.12186560550506542,frl_apartment_5/seq_0001
frl_apartment_5,seq_0001,16,spaced0.3,8,2.1561023741596697,0.25,fixed,0.3,12344,48964,0.35559787431246115,0.6766856050249666,0.5161417396687138,0.4658943616331821,0.3747038640633935,0.4153528099696833,0.6247569669475048,0.5020014704680991,0.5566923764284274,0.7619086195722619,0.6628543419655257,0.7089381887346868,0.13385644157550924,frl_apartment_5/seq_0001
frl_apartment_5,seq_0001,16,spaced0.3,8,2.1561023741596697,0.25,subset,0.3,12344,38859,0.3558213682920112,0.5671747826937122,0.4614980754928617,0.4650842514581983,0.4402583700043748,0.4523309288828304,0.6238658457550227,0.5719395764173035,0.5967752962921931,0.7620706416072586,0.7217118299493039,0.7413423569130615,0.14139403740100345,frl_apartment_5/seq_0001
frl_apartment_5,seq_0001,16,random_n0.3,8,2.3124462045054095,1.0,fixed,0.3,48308,48964,0.39612042768534683,0.10316207865930356,0.2496412531723252,0.2793740167260081,0.6798259946082836,0.39600858328655403,0.4851577378488035,0.8834245568172535,0.6263419616284335,0.761240374265132,0.9882771015439915,0.8600273401774094,0.12790838270602664,frl_apartment_5/seq_0001
frl_apartment_5,seq_0001,16,random_n0.3,8,2.3124462045054095,1.0,subset,0.3,48308,40148,0.3980620980477347,0.09700025650125885,0.24753117727449675,0.27299826115757225,0.7116419248779515,0.3946152326785072,0.4807278297590461,0.8958852246687257,0.6257051803815925,0.7604537550716237,0.9900866792866394,0.8602087884772947,0.12489826250044234,frl_apartment_5/seq_0001
frl_apartment_5,seq_0001,16,random_n0.3,8,2.3124462045054095,0.25,fixed,0.3,12077,48964,0.3627793140043889,0.38369166630130397,0.3732354901528464,0.46186966961993875,0.35832448329384853,0.40356105960453276,0.6204355386271425,0.5214239032758762,0.5666370280091126,0.7708868096381551,0.7469161016256842,0.7587121705678461,0.1268899744126541,frl_apartment_5/seq_0001
frl_apartment_5,seq_0001,16,random_n0.3,8,2.3124462045054095,0.25,subset,0.3,12077,40148,0.36340350664847687,0.33345931257861694,0.3484314096135469,0.45905440092738264,0.40744246288731695,0.43171132758563047,0.6190279042808644,0.5716349506824748,0.5943882167140639,0.770555601556678,0.7842731891999601,0.7773538831817771,0.13341899117171632,frl_apartment_5/seq_0001
frl_apartment_5,seq_0001,16,consec_n0.3,8,1.0925769068842548,1.0,fixed,0.3,37575,48964,0.43021482850820464,0.14022429431880973,0.2852195614135072,0.29918829008649367,0.5782820031043215,0.3943499968926023,0.5101530272787758,0.8034474307654603,0.6240575458912504,0.7326946107784431,0.9568254227595785,0.8298934807463136,0.12396234576801862,frl_apartment_5/seq_0001
frl_apartment_5,seq_0001,16,consec_n0.3,8,1.0925769068842548,1.0,subset,0.3,37575,36356,0.4352256183673397,0.1231797563823864,0.27920268737486303,0.2853759148369927,0.6321927604797007,0.39324051099052626,0.4970326014637392,0.8336450654637474,0.6227635525612752,0.7307518296739853,0.9668830454395423,0.8323951927394878,0.11995583650848632,frl_apartment_5/seq_0001
frl_apartment_5,seq_0001,16,consec_n0.3,8,1.0925769068842548,0.25,fixed,0.3,9393,48964,0.3166596276680865,0.5780721064555123,0.44736586706179937,0.5343340785691473,0.3413528306510906,0.41657914104331417,0.6831683168316832,0.4539457560656809,0.5454533814959981,0.7738741616097093,0.6257658688015685,0.6919836908929884,0.12526656999061675,frl_apartment_5/seq_0001
frl_apartment_5,seq_0001,16,consec_n0.3,8,1.0925769068842548,0.25,subset,0.3,9393,36356,0.3189502595358461,0.4787107588892913,0.3988305092125687,0.527307569466624,0.41522719771151945,0.4646034332658535,0.6739061002874481,0.5324843217075585,0.5949059710085016,0.7734483125731928,0.6897898558697326,0.7292275605690103,0.13569947436948449,frl_apartment_5/seq_0001
frl_apartment_5,seq_0001,16,spaced0.5,4,1.8475725330178,1.0,fixed,0.5,32976,48964,0.3954691709673523,0.12594198622053845,0.2607055785939454,0.313136826783115,0.5924965280614329,0.40972979116701513,0.5080967976710334,0.8184993056122866,0.6269834127331955,0.7617054827753518,0.9744710399477167,0.8550512280511582,0.1346883161121835,frl_apartment_5/seq_0001
frl_apartment_5,seq_0001,16,spaced0.5,4,1.8475725330178,1.0,subset,0.5,32976,29546,0.4005453054217963,0.10837016471946907,0.2544577350706327,0.29782265890344495,0.6826643200433222,0.41471821105102685,0.4967552159146046,0.8583226155824816,0.6293014708343425,0.7584000485201359,0.9787111622554661,0.85458500104934,0.13210702341137123,frl_apartment_5/seq_0001
frl_apartment_5,seq_0001,16,spaced0.5,4,1.8475725330178,0.25,fixed,0.5,8244,48964,0.343653096110805,1.0696894565853996,0.7066712763481023,0.5152838427947598,0.3114124663017727,0.3882098191669407,0.6377971858321203,0.43397189772077444,0.5165031523002959,0.7677098495875788,0.5695817335185034,0.6539688314670795,0.12001775410563693,frl_apartment_5/seq_0001
frl_apartment_5,seq_0001,16,spaced0.5,4,1.8475725330178,0.25,subset,0.5,8244,29546,0.3443396911361092,0.7151152590772863,0.5297274751066978,0.5131004366812227,0.4423272185744263,0.47509256772727665,0.636341581756429,0.5785216272930346,0.6060556689011792,0.7671033478893741,0.7032085561497327,0.7337676260459156,0.13906859862054216,frl_apartment_5/seq_0001
frl_apartment_5,seq_0001,16,random_n0.5,4,1.111352894876433,1.0,fixed,0.5,28701,48964,0.3938910408398923,0.1868109248129138,0.29035098282640304,0.27786488275669835,0.49228004248018953,0.355224924049577,0.46806731472770985,0.7457928273833837,0.5751589230855207,0.7600432040695446,0.9190221387141574,0.8320063705932073,0.11016352017882741,frl_apartment_5/seq_0001
frl_apartment_5,seq_0001,16,random_n0.5,4,1.111352894876433,1.0,subset,0.5,28701,23343,0.4163770989199488,0.11089803240177203,0.2636375656608604,0.2532664367095223,0.663625069614017,0.3666168909474951,0.4450367583011045,0.8735809450370561,0.5896714884210909,0.7482317689279119,0.9776806751488669,0.8477043473715508,0.11196635000572279,frl_apartment_5/seq_0001
frl_apartment_5,seq_0001,16,random_n0.5,4,1.111352894876433,0.25,fixed,0.5,7175,48964,0.2893338604150207,1.5041475468873577,0.8967407036511892,0.41282229965156797,0.2529205130299812,0.31366835909961277,0.5984668989547038,0.3875908830977861,0.47048016473805276,0.8164459930313589,0.5165427661138796,0.6327574313431416,0.08275831167667354,frl_apartment_5/seq_0001
frl_apartment_5,seq_0001,16,random_n0.5,4,1.111352894876433,0.25,subset,0.5,7175,23343,0.29464947094827587,0.8157060493947198,0.5551777601714978,0.3965156794425087,0.4239386539862057,0.4097688721437858,0.584808362369338,0.6131602621770981,0.5986488150797863,0.8140766550522648,0.7473760870496509,0.7793017471568391,0.10823424114563356,frl_apartment_5/seq_0001
frl_apartment_5,seq_0001,16,consec_n0.5,4,0.46248484416444813,1.0,fixed,0.5,21846,48964,0.3826485371558,0.21431522169181674,0.2984818794238084,0.3682596356312368,0.4501062004738175,0.4050900906879261,0.569852604595807,0.6748835879421616,0.6179368330307035,0.7664103268332876,0.8974144269259048,0.8267549604502815,0.12679162072767364,frl_apartment_5/seq_0001
frl_apartment_5,seq_0001,16,consec_n0.5,4,0.46248484416444813,1.0,subset,0.5,21846,26125,0.3924865389206011,0.153370809732592,0.27292867432659657,0.3412524031859379,0.5722488038277512,0.42754465572057443,0.5476975189966127,0.765090909090909,0.6383944034704991,0.762061704659892,0.9415119617224881,0.8423354089894369,0.1287367242373859,frl_apartment_5/seq_0001
frl_apartment_5,seq_0001,16,consec_n0.5,4,0.46248484416444813,0.25,fixed,0.5,5461,48964,0.28979701855570134,1.3546588993780186,0.82222795896686,0.5953122138802417,0.25998692917245325,0.36191640233186384,0.7163523164255631,0.37825749530267133,0.4950908169507154,0.7908807910639077,0.5207295155624541,0.6279837374222136,0.09485028772066713,frl_apartment_5/seq_0001
frl_apartment_5,seq_0001,16,consec_n0.5,4,0.46248484416444813,0.25,subset,0.5,5461,26125,0.29453146458994134,0.8856187711669573,0.5900751178784494,0.577366782640542,0.39647846889952154,0.4701229432761629,0.7059146676432888,0.5454545454545454,0.6153968950792194,0.7892327412561801,0.68,0.730555818672197,0.11876988335100742,frl_apartment_5/seq_0001
frl_apartment_5,seq_0001,16,spaced1.0,3,2.1561023741596697,1.0,fixed,1.0,27809,48964,0.40030337029745805,0.14444710271515085,0.27237523650630446,0.31601280161098927,0.554305203823217,0.4025368642587906,0.5050523211909813,0.7680540805489747,0.6093873939386543,0.7569851486928693,0.9695490564496365,0.8501820983048307,0.13094516813086943,frl_apartment_5/seq_0001
frl_apartment_5,seq_0001,16,spaced1.0,3,2.1561023741596697,1.0,subset,1.0,27809,25651,0.4063193434130672,0.11441851898742111,0.2603689312002442,0.2970621021971304,0.6747885072706717,0.41252038236218347,0.4934014168075084,0.8431250243655218,0.622507821398136,0.7534251501312524,0.982261900120853,0.8527583580914202,0.1291094524528517,frl_apartment_5/seq_0001
frl_apartment_5,seq_0001,16,spaced1.0,3,2.1561023741596697,0.25,fixed,1.0,6952,48964,0.3603243753284176,1.0976814967603012,0.7290029360443594,0.47410817031070196,0.2621926313209705,0.33765457929439413,0.6186708860759493,0.40509353810963156,0.4896039992116322,0.766398158803222,0.5691732701576668,0.6532235368769915,0.09364151288141787,frl_apartment_5/seq_0001
frl_apartment_5,seq_0001,16,spaced1.0,3,2.1561023741596697,0.25,subset,1.0,6952,25651,0.36144290304482996,0.6491082817900041,0.505275592417417,0.4706559263521289,0.41023741764453625,0.43837468665565343,0.6160817031070196,0.5831741452574948,0.5991764327990395,0.7651035673187572,0.73969825737788,0.7521864556130198,0.1154211714387549,frl_apartment_5/seq_0001
frl_apartment_5,seq_0001,16,random_n1.0,3,1.3690023071228536,1.0,fixed,1.0,25622,48964,0.4078715517005509,0.15083715743022658,0.2793543545653887,0.3474357973616423,0.5350665795278163,0.42130489065662713,0.5376629459058622,0.7555551017073768,0.6282528805222541,0.7458434158145344,0.9573155787925823,0.8384508123551134,0.1409751787292152,frl_apartment_5/seq_0001
frl_apartment_5,seq_0001,16,random_n1.0,3,1.3690023071228536,1.0,subset,1.0,25622,25894,0.41425274885217017,0.12734748374938823,0.2708001163007792,0.3253844352509562,0.6401482969027574,0.43145982549953477,0.5231441729763484,0.8106124971035761,0.635898907071454,0.7429943017719147,0.9646636286398393,0.8394416310685797,0.1396779446354261,frl_apartment_5/seq_0001
frl_apartment_5,seq_0001,16,random_n1.0,3,1.3690023071228536,0.25,fixed,1.0,6405,48964,0.35463838448400703,1.172403554014405,0.7635209692492061,0.5391100702576113,0.2710767094191651,0.36075677245306503,0.6437158469945355,0.39198186422677883,0.4872559531674384,0.7511319281811085,0.5416632628053264,0.6294277297015478,0.1083475459541406,frl_apartment_5/seq_0001
frl_apartment_5,seq_0001,16,random_n1.0,3,1.3690023071228536,0.25,subset,1.0,6405,25894,0.3557625498607777,0.7514111173015141,0.5535868335811459,0.5344262295081967,0.416582992198965,0.4682034047966137,0.6409055425448869,0.554916196802348,0.594819201685851,0.7511319281811085,0.6947941608094539,0.721865497374239,0.13281297640100007,frl_apartment_5/seq_0001
frl_apartment_5,seq_0001,16,consec_n1.0,3,0.3039829259039807,1.0,fixed,1.0,18422,48964,0.36167959797181737,0.22284630885577028,0.2922629534137938,0.3892085549886006,0.4310309615227514,0.4090535369550082,0.5887525784388231,0.64680173188465,0.6164135144914632,0.7846596460753447,0.8948411077526346,0.836136221198467,0.1230852177222416,frl_apartment_5/seq_0001
frl_apartment_5,seq_0001,16,consec_n1.0,3,0.3039829259039807,1.0,subset,1.0,18422,23196,0.37350573224062666,0.1562259757382397,0.2648658539894332,0.3562588209749213,0.5739351612346957,0.4396275782645245,0.561719682987732,0.7578030694947405,0.6451922093239847,0.7787970904353491,0.9403776513191929,0.8519941120242204,0.12698535678314093,frl_apartment_5/seq_0001
frl_apartment_5,seq_0001,16,consec_n1.0,3,0.3039829259039807,0.25,fixed,1.0,4605,48964,0.300602271727898,1.4141052588318885,0.8573537652798933,0.6154180238870792,0.23846091005636794,0.3437329021889748,0.7233441910966341,0.3468670860223838,0.4688874003128352,0.7863192182410423,0.47681970427252673,0.5936520368787394,0.08083083083083083,frl_apartment_5/seq_0001
frl_apartment_5,seq_0001,16,consec_n1.0,3,0.3039829259039807,0.25,subset,1.0,4605,23196,0.3054402992668801,0.8372644437825709,0.5713523715247255,0.5963083604777416,0.398258320400069,0.47756429136511735,0.7133550488599348,0.5432402138299707,0.6167827633693549,0.7850162866449512,0.6717537506466632,0.7239819894331067,0.10664348330073173,frl_apartment_5/seq_0001
frl_apartment_5,seq_0003,14,all,14,1.9499999999999997,1.0,fixed,0.0,85818,53836,0.6748702938500166,0.23257429659619117,0.4537222952231039,0.1421263604372043,0.5457314807935211,0.22551993883623586,0.25537765969843157,0.7014265547217475,0.37443119354093823,0.4990561420680976,0.8512519503677837,0.6292230886539878,0.06786256353838788,frl_apartment_5/seq_0003
frl_apartment_5,seq_0003,14,all,14,1.9499999999999997,1.0,subset,0.0,85818,53836,0.6748702938500166,0.23257429659619117,0.4537222952231039,0.1421263604372043,0.5457314807935211,0.22551993883623586,0.25537765969843157,0.7014265547217475,0.37443119354093823,0.4990561420680976,0.8512519503677837,0.6292230886539878,0.06786256353838788,frl_apartment_5/seq_0003
frl_apartment_5,seq_0003,14,all,14,1.9499999999999997,0.25,fixed,0.0,21454,53836,0.5582373537050876,0.44856688896635133,0.5034021213357195,0.24993008296821106,0.29220224385169774,0.2694181012142896,0.3761536310245176,0.43411471877554053,0.4030611038649141,0.6035704297566887,0.686418010253362,0.6423338389576964,0.08589599098373853,frl_apartment_5/seq_0003
frl_apartment_5,seq_0003,14,all,14,1.9499999999999997,0.25,subset,0.0,21454,53836,0.5582373537050876,0.44856688896635133,0.5034021213357195,0.24993008296821106,0.29220224385169774,0.2694181012142896,0.3761536310245176,0.43411471877554053,0.4030611038649141,0.6035704297566887,0.686418010253362,0.6423338389576964,0.08589599098373853,frl_apartment_5/seq_0003
frl_apartment_5,seq_0003,14,spaced0.3,6,1.9499999999999997,1.0,fixed,0.3,51490,53836,0.7088762136238853,0.31411986310399326,0.5114980383639393,0.14880559331909107,0.4039861802511331,0.2174974596916513,0.2558166634297922,0.5834943160710305,0.35569073374046883,0.48498737618955134,0.7672189612898432,0.5942974410237033,0.06590166908563135,frl_apartment_5/seq_0003
frl_apartment_5,seq_0003,14,spaced0.3,6,1.9499999999999997,1.0,subset,0.3,51490,39477,0.7112195017132235,0.28161092787723707,0.49641521479523026,0.1449601864439697,0.4451959368746359,0.2187071639638121,0.2530394251310934,0.6258834257922334,0.36038016782740767,0.4829481452709264,0.7969957190262684,0.6014445086682827,0.064609375,frl_apartment_5/seq_0003
frl_apartment_5,seq_0003,14,spaced0.3,6,1.9499999999999997,0.25,fixed,0.3,12872,53836,0.5719152563819182,0.5503763336088563,0.5611457949953873,0.2675574891236793,0.23279961364142954,0.2489713036974879,0.38851771286513365,0.38477970131510514,0.38663967257759424,0.6002952144188938,0.5899026673601308,0.5950535681678741,0.08055442591839501,frl_apartment_5/seq_0003
frl_apartment_5,seq_0003,14,spaced0.3,6,1.9499999999999997,0.25,subset,0.3,12872,39477,0.5733315331747768,0.4905792772082822,0.5319554051915295,0.26530453697949036,0.28066975707373915,0.27277093722414214,0.38758545680546924,0.4418268865415305,0.41293254681524216,0.5988968303293971,0.6373584618892013,0.6175293485280661,0.08566279240841548,frl_apartment_5/seq_0003
frl_apartment_5,seq_0003,14,random_n0.3,6,1.0500000000000003,1.0,fixed,0.3,49643,53836,0.6746205550993846,0.3359744581700435,0.5052975066347141,0.14729166247003606,0.3832379820194665,0.21279775816344954,0.24964244707209476,0.5459915298313396,0.3426265482482662,0.4871985979896461,0.7475109592094509,0.589914104390487,0.06575597640484322,frl_apartment_5/seq_0003
frl_apartment_5,seq_0003,14,random_n0.3,6,1.0500000000000003,1.0,subset,0.3,49643,38755,0.6795578199078824,0.29843438689769186,0.48899610340278715,0.1395161452772798,0.4241259192362276,0.209964504388417,0.24359929899482305,0.5890594761966198,0.3446657376180593,0.48290796285478316,0.784027867371952,0.5976834678141695,0.06310108739428111,frl_apartment_5/seq_0003
frl_apartment_5,seq_0003,14,random_n0.3,6,1.0500000000000003,0.25,fixed,0.3,12410,53836,0.6043030481607066,0.538903544521415,0.5716032963410608,0.25906526994359386,0.21652797384649677,0.2358943434429457,0.3588235294117647,0.3423917081506798,0.3504150924815266,0.5672038678485093,0.588676721896129,0.5777408437071031,0.07480503488849363,frl_apartment_5/seq_0003
frl_apartment_5,seq_0003,14,random_n0.3,6,1.0500000000000003,0.25,subset,0.3,12410,38755,0.6094441931214409,0.4776520889272586,0.5435481410243498,0.2507655116841257,0.26141143078312473,0.2559778301796601,0.353102336825141,0.3950199974196878,0.3728868336014847,0.5618855761482675,0.641001161140498,0.598841595927705,0.07776195472942588,frl_apartment_5/seq_0003
frl_apartment_5,seq_0003,14,consec_n0.3,6,0.75,1.0,fixed,0.3,47445,53836,0.6879794049705552,0.35383026010636615,0.5209048325384606,0.15006850036884814,0.3826435842187384,0.21558643222416285,0.2577721572346928,0.5428523664462441,0.3495576800856822,0.5057856465380968,0.7340812838992495,0.5989155250032056,0.06629656964990534,frl_apartment_5/seq_0003
frl_apartment_5,seq_0003,14,consec_n0.3,6,0.75,1.0,subset,0.3,47445,36917,0.6947733728191909,0.3132836847693598,0.5040285287942754,0.138476130256086,0.42525123926646263,0.2089206562743242,0.24736010116977553,0.5865319500501124,0.3479697457037982,0.4992728422383813,0.7709185470108622,0.6060483441442532,0.06268757376496376,frl_apartment_5/seq_0003
frl_apartment_5,seq_0003,14,consec_n0.3,6,0.75,0.25,fixed,0.3,11861,53836,0.5894908539249564,0.6834721099502605,0.6364814819376085,0.2608549026220386,0.202373876216658,0.22792287606173614,0.36472472810049744,0.28809718404041906,0.32191372612192387,0.5893263637130091,0.47089308269559405,0.5234948463973994,0.07275886031966644,frl_apartment_5/seq_0003
frl_apartment_5,seq_0003,14,consec_n0.3,6,0.75,0.25,subset,0.3,11861,36917,0.5959848760857251,0.5983000421103424,0.5971424590980338,0.2491358232864008,0.2515372321694612,0.25033076871557675,0.3544389174605851,0.3475905409431969,0.3509813258593656,0.5847736278559986,0.5378010130834033,0.5603045677608351,0.07750294464075383,frl_apartment_5/seq_0003
frl_apartment_5,seq_0003,14,spaced0.5,4,1.7999999999999996,1.0,fixed,0.5,36897,53836,0.665475542365324,0.38726540936280895,0.5263704758640665,0.16949887524731008,0.348502860539416,0.22807198818431018,0.27712280131175976,0.5157701166505684,0.3605320625802073,0.5006911130986259,0.7205773088639572,0.5908392428077711,0.07066258138644198,frl_apartment_5/seq_0003
frl_apartment_5,seq_0003,14,spaced0.5,4,1.7999999999999996,1.0,subset,0.5,36897,32744,0.6687905432818827,0.32469689965424525,0.496743721468064,0.16074477599804862,0.4138468116296115,0.23155129474682254,0.27175651136948803,0.5840153921329099,0.37091656059885686,0.4984687101932406,0.7720193012460298,0.6057947211960609,0.06966716629365748,frl_apartment_5/seq_0003
frl_apartment_5,seq_0003,14,spaced0.5,4,1.7999999999999996,0.25,fixed,0.5,9224,53836,0.5794296487588384,0.6340261260614899,0.6067278874101641,0.2900043365134432,0.19427520618173713,0.2326782252919137,0.4000433651344319,0.32080763801173934,0.356070717834657,0.6028837814397224,0.5440411620477005,0.5719530208085936,0.07328290699000342,frl_apartment_5/seq_0003
frl_apartment_5,seq_0003,14,spaced0.5,4,1.7999999999999996,0.25,subset,0.5,9224,32744,0.5813064144570644,0.5306339031157767,0.5559701587864205,0.28360797918473546,0.26505619350109944,0.27401844389168284,0.39830875975715524,0.40798314194967017,0.40308791128324667,0.6019080659150043,0.6222819447837772,0.6119254667416045,0.0819563194967439,frl_apartment_5/seq_0003
frl_apartment_5,seq_0003,14,random_n0.5,4,1.0499999999999994,1.0,fixed,0.5,34184,53836,0.6312517638970152,0.3853758389708469,0.508313801433931,0.1814884156330447,0.3455865963295936,0.23799255289423746,0.3002866838286918,0.5096961141243778,0.3779214972406064,0.5391703721039083,0.7047514674195705,0.610940492973334,0.07392752599172303,frl_apartment_5/seq_0003
frl_apartment_5,seq_0003,14,random_n0.5,4,1.0499999999999994,1.0,subset,0.5,34184,29862,0.6401775493680049,0.31364972988472245,0.4769136396263637,0.16762227942897262,0.4276337820641618,0.24084072031328346,0.28726889772993214,0.594970196236019,0.3874605730438848,0.5313597004446524,0.7707119415980176,0.6290364572784676,0.07186615874713181,frl_apartment_5/seq_0003
frl_apartment_5,seq_0003,14,random_n0.5,4,1.0499999999999994,0.25,fixed,0.5,8546,53836,0.485654793955033,0.6851561044932069,0.58540544922412,0.3326702550901006,0.20553161453302624,0.25408404725037764,0.4721507137842265,0.3182257225648265,0.3801998519782012,0.6835946641703721,0.5111635336949253,0.5849362068017705,0.07951741157115437,frl_apartment_5/seq_0003
frl_apartment_5,seq_0003,14,random_n0.5,4,1.0499999999999994,0.25,subset,0.5,8546,29862,0.4894332880186132,0.5467017025751812,0.5180674952968972,0.3245963023636789,0.3022570490924921,0.3130286223113215,0.46536391294172713,0.43071462058803833,0.44736936261268634,0.6812543880177861,0.6159667805237425,0.6469676602283326,0.09478349812478691,frl_apartment_5/seq_0003
frl_apartment_5,seq_0003,14,consec_n0.5,4,0.4499999999999996,1.0,fixed,0.5,34644,53836,0.6729909597125998,0.42020921348748824,0.546600086600044,0.1645306546588154,0.3250984471357456,0.21848644265532782,0.273929107493361,0.49325729994799017,0.3522417254236019,0.5180695069853366,0.6801582584144439,0.5881507068753502,0.06835377508760752,frl_apartment_5/seq_0003
frl_apartment_5,seq_0003,14,consec_n0.5,4,0.4499999999999996,1.0,subset,0.5,34644,30005,0.683787236130721,0.34881502787133545,0.5163011320010282,0.1473559635146057,0.39210131644725876,0.21420961186960208,0.2599295693337952,0.5632727878686885,0.35571145268754734,0.5073894469460801,0.7429428428595234,0.6029778823190282,0.06510485215407563,frl_apartment_5/seq_0003
frl_apartment_5,seq_0003,14,consec_n0.5,4,0.4499999999999996,0.25,fixed,0.5,8661,53836,0.5765173289552996,0.6838609671163245,0.630189148035812,0.28680290959473503,0.1826658741362657,0.22318461206129908,0.38979332640572684,0.2732000891596701,0.3212447334399952,0.6043182080591156,0.47271342596032395,0.5304752831367111,0.06919599737279296,frl_apartment_5/seq_0003
frl_apartment_5,seq_0003,14,consec_n0.5,4,0.4499999999999996,0.25,subset,0.5,8661,30005,0.5843235305870691,0.5619609536144133,0.5731422421007413,0.2715621752684447,0.2594567572071321,0.2653714851438226,0.3792864565292691,0.3658056990501583,0.372424125880242,0.5987761228495555,0.5744709215130811,0.5863717666730284,0.07984117872177574,frl_apartment_5/seq_0003
frl_apartment_5,seq_0003,14,spaced1.0,2,1.0500000000000003,1.0,fixed,1.0,22722,53836,0.6137510736554911,0.43376260941695244,0.5237568415362217,0.19496523193380863,0.2717883943829408,0.22705463593689484,0.30331836986180793,0.416468534066424,0.35099987555305634,0.520376727400757,0.6585184634816851,0.5813539415714616,0.07260344384476998,frl_apartment_5/seq_0003
frl_apartment_5,seq_0003,14,spaced1.0,2,1.0500000000000003,1.0,subset,1.0,22722,22874,0.6235142721327878,0.3452339175775489,0.48437409485516836,0.17441246369157645,0.3562997289498995,0.23418762335002097,0.2896752046474782,0.49995628224184663,0.36681652334742326,0.5122348384825279,0.7412783072484043,0.6058310202444305,0.07215394467994267,frl_apartment_5/seq_0003
frl_apartment_5,seq_0003,14,spaced1.0,2,1.0500000000000003,0.25,fixed,1.0,5680,53836,0.5912027097776499,0.8645141223917003,0.727858416084675,0.3183098591549296,0.14358421873839067,0.19789936537806688,0.4213028169014085,0.24838398097927036,0.312518840720517,0.5991197183098591,0.4467270971097407,0.5118206770546774,0.0571538659131775,frl_apartment_5/seq_0003
frl_apartment_5,seq_0003,14,spaced1.0,2,1.0500000000000003,0.25,subset,1.0,5680,22874,0.5976453806912351,0.6421055054669487,0.6198754430790918,0.30140845070422534,0.23856780624289586,0.2663315356646087,0.41390845070422533,0.3695462096703681,0.39047134912733017,0.5950704225352113,0.5886158957768646,0.5918255612016519,0.07297281288870461,frl_apartment_5/seq_0003
frl_apartment_5,seq_0003,14,random_n1.0,2,0.8999999999999995,1.0,fixed,1.0,19575,53836,0.5699886798509726,0.4617469611486892,0.5158678204998308,0.22549169859514687,0.27747232335240357,0.2487959487185743,0.3564240102171137,0.4421762389479159,0.39469616613146985,0.5842656449553001,0.6546177279144068,0.6174441555594409,0.07628371405461189,frl_apartment_5/seq_0003
frl_apartment_5,seq_0003,14,random_n1.0,2,0.8999999999999995,1.0,subset,1.0,19575,20411,0.5824260474255059,0.3281060525369654,0.45526604998123565,0.20035759897828864,0.3973347704669051,0.2663880105253323,0.33547892720306516,0.5756699818725197,0.4239156651957975,0.575581098339719,0.7745333398657587,0.6603984637823949,0.08027120073069627,frl_apartment_5/seq_0003
frl_apartment_5,seq_0003,14,random_n1.0,2,0.8999999999999995,0.25,fixed,1.0,4893,53836,0.4431921120542662,0.9419000254796119,0.692546068766939,0.3676680972818312,0.1482836763503975,0.21133439180913402,0.5207439198855508,0.26159075711419866,0.3482443007329981,0.7216431637032495,0.4529311241548406,0.5565499819867646,0.05956918712880064,frl_apartment_5/seq_0003
frl_apartment_5,seq_0003,14,random_n1.0,2,0.8999999999999995,0.25,subset,1.0,4893,20411,0.4478146500037227,0.6664800410702768,0.5571473455369997,0.35315757204169224,0.2859242565283426,0.31600434157019625,0.5103208665440425,0.4373132134633286,0.47100471110965064,0.7191906805640711,0.6276517564058596,0.6703104705585433,0.08699181492254617,frl_apartment_5/seq_0003
frl_apartment_5,seq_0003,14,consec_n1.0,2,0.15000000000000002,1.0,fixed,1.0,19707,53836,0.5891664988477718,0.4953728954830994,0.5422696971654356,0.20241538539605217,0.24994427520618173,0.22368292842930107,0.31486273912822854,0.38596849691656143,0.3468084523235691,0.551682143400822,0.6046697377219704,0.5769619134137011,0.07088530574992394,frl_apartment_5/seq_0003
frl_apartment_5,seq_0003,14,consec_n1.0,2,0.15000000000000002,1.0,subset,1.0,19707,20940,0.6069768762168188,0.37417972717577547,0.4905783016962971,0.17283198863348048,0.35673352435530087,0.23285113140614552,0.29152077941848076,0.4994269340974212,0.36814906119008667,0.5349368244786117,0.7121298949379179,0.6109448655523599,0.07260359547442216,frl_apartment_5/seq_0003
frl_apartment_5,seq_0003,14,consec_n1.0,2,0.15000000000000002,0.25,fixed,1.0,4926,53836,0.5471479979494883,0.8999222543039928,0.7235351261267405,0.3449045879009338,0.14055650494093172,0.19972180728081157,0.4457978075517661,0.21574782673304108,0.29077331375824894,0.643727161997564,0.3740619659707259,0.4731704066170117,0.058451607198125304,frl_apartment_5/seq_0003
frl_apartment_5,seq_0003,14,consec_n1.0,2,0.15000000000000002,0.25,subset,1.0,4926,20940,0.5539600230501532,0.643938659983445,0.5989493415167991,0.3270401948842874,0.26155682903533906,0.29065589143282533,0.4362565976451482,0.3634670487106017,0.3965492298475173,0.6402760860738936,0.5510506208213944,0.5923220434596086,0.08236004832863472,frl_apartment_5/seq_0003
apartment_2,seq_0004,42,all,42,6.149999999999999,1.0,fixed,0.0,154731,67653,1.6494201701146496,0.8923431093024026,1.270881639708526,0.08294394788374664,0.46190117215792353,0.1406341190978389,0.14978252580284493,0.4936070832039969,0.22982564418656462,0.2938454479063665,0.572539281332683,0.388368021479224,0.04786421566025607,apartment_2/seq_0004
apartment_2,seq_0004,42,all,42,6.149999999999999,1.0,subset,0.0,154731,67653,1.6494201701146496,0.8923431093024026,1.270881639708526,0.08294394788374664,0.46190117215792353,0.1406341190978389,0.14978252580284493,0.4936070832039969,0.22982564418656462,0.2938454479063665,0.572539281332683,0.388368021479224,0.04786421566025607,apartment_2/seq_0004
apartment_2,seq_0004,42,all,42,6.149999999999999,0.25,fixed,0.0,38682,67653,0.5301009135013751,1.0397084131685124,0.7849046633349437,0.2547696603071196,0.41562088894801413,0.31589822622493596,0.3805387518742568,0.4600830709650718,0.4165474481549052,0.6297502714440825,0.5311663932124222,0.5762725103209205,0.11644505633853845,apartment_2/seq_0004
apartment_2,seq_0004,42,all,42,6.149999999999999,0.25,subset,0.0,38682,67653,0.5301009135013751,1.0397084131685124,0.7849046633349437,0.2547696603071196,0.41562088894801413,0.31589822622493596,0.3805387518742568,0.4600830709650718,0.4165474481549052,0.6297502714440825,0.5311663932124222,0.5762725103209205,0.11644505633853845,apartment_2/seq_0004
apartment_2,seq_0004,42,spaced0.3,18,5.85,1.0,fixed,0.3,95780,67653,1.449644577046262,0.9553968001647098,1.202520688605486,0.11930465650448946,0.43505831226996583,0.18725811581367988,0.19589684694090626,0.4723367773786824,0.27693693347720466,0.3543432866986845,0.5483274947156815,0.4304917599312868,0.0654462242562929,apartment_2/seq_0004
apartment_2,seq_0004,42,spaced0.3,18,5.85,1.0,subset,0.3,95780,52958,1.454788402777222,0.7749227738634131,1.1148555883203175,0.11762372102735436,0.5143321122398882,0.19146166140357837,0.19453956984756735,0.5546659617055024,0.2880504028730127,0.3533514303612445,0.6360134446164886,0.45430410168801755,0.06382782871239737,apartment_2/seq_0004
apartment_2,seq_0004,42,spaced0.3,18,5.85,0.25,fixed,0.3,23945,67653,0.4532897597090308,1.1151919286866196,0.7842408441978252,0.3223637502610148,0.3760808833311161,0.34715663381527534,0.44117769889329717,0.43856148286107044,0.43986570075470816,0.6653163499686782,0.5097482742819979,0.5772343992814851,0.12015383512887275,apartment_2/seq_0004
apartment_2,seq_0004,42,spaced0.3,18,5.85,0.25,subset,0.3,23945,52958,0.4545057741863968,0.9003235517000501,0.6774146629432234,0.32065149300480267,0.4502247063710865,0.37454840194162853,0.440091877218626,0.5211488349257902,0.47720277798290545,0.6649822509918564,0.6002870199025643,0.6309806503936026,0.12411967305814013,apartment_2/seq_0004
apartment_2,seq_0004,42,random_n0.3,18,6.149999999999999,1.0,fixed,0.3,97643,67653,1.3686518535794383,0.9220347157128871,1.1453432846461626,0.11919953299263644,0.44676511019466986,0.1881891144036851,0.20066978687668344,0.4899708808182934,0.2847279542855189,0.36606822813719364,0.5675727610009903,0.4450754784242153,0.06563982927281885,apartment_2/seq_0004
apartment_2,seq_0004,42,random_n0.3,18,6.149999999999999,1.0,subset,0.3,97643,53550,1.3711976731370608,0.7468902001727223,1.0590439366548916,0.11842118738670462,0.5223529411764706,0.19307163873098365,0.19933840623495797,0.5703828197945845,0.29542956176003865,0.3648290200014338,0.6524369747899159,0.46797581624484913,0.0643041178863626,apartment_2/seq_0004
apartment_2,seq_0004,42,random_n0.3,18,6.149999999999999,0.25,fixed,0.3,24410,67653,0.4673606805166273,1.0783596769381814,0.7728601787274043,0.32113887750921755,0.3789188949492262,0.34764441844191085,0.4360098320360508,0.45251503998344494,0.44410913591767076,0.6674723473986072,0.524174833340724,0.5872077106583448,0.12158961727927245,apartment_2/seq_0004
apartment_2,seq_0004,42,random_n0.3,18,6.149999999999999,0.25,subset,0.3,24410,53550,0.46846039484608415,0.8715339511570549,0.6699971730015695,0.32027857435477264,0.4484033613445378,0.3736629745999256,0.43527242933224086,0.5324369747899159,0.47897671448868273,0.6669807455960672,0.6120261437908496,0.6383228379724822,0.12434932026077727,apartment_2/seq_0004
apartment_2,seq_0004,42,consec_n0.3,18,2.5499999999999994,1.0,fixed,0.3,85843,67653,1.3471182288557142,1.0146835238795995,1.180900876367657,0.10540172174784199,0.36715297178247824,0.1637844503526323,0.1720116957701851,0.4199370316172232,0.24405519459087174,0.3263981920482742,0.49613468730137616,0.3937531714857251,0.056531028454889776,apartment_2/seq_0004
apartment_2,seq_0004,42,consec_n0.3,18,2.5499999999999994,1.0,subset,0.3,85843,49875,1.3579152899417557,0.8552204576446168,1.1065678737931863,0.09932085318546649,0.42670676691729326,0.16113556980889496,0.1618186689654369,0.48244611528822057,0.24235000928670536,0.31845345572731615,0.561704260651629,0.40646502228528875,0.05226657473968103,apartment_2/seq_0004
apartment_2,seq_0004,42,consec_n0.3,18,2.5499999999999994,0.25,fixed,0.3,21460,67653,0.5832766899900285,1.2189114816671685,0.9010940858285985,0.284762348555452,0.29611399346666073,0.29032725253076364,0.37963653308480894,0.3466069501722023,0.362370648246925,0.59762348555452,0.44265590587261466,0.5085971471682568,0.09888152034049293,apartment_2/seq_0004
apartment_2,seq_0004,42,consec_n0.3,18,2.5499999999999994,0.25,subset,0.3,21460,49875,0.5868428738851659,1.0290919543674262,0.807967414126296,0.28005591798695245,0.3576340852130326,0.3141261162482096,0.3723205964585275,0.4118897243107769,0.39110688489814,0.5961323392357875,0.5150275689223057,0.5526199913773205,0.10191011550185977,apartment_2/seq_0004
apartment_2,seq_0004,42,spaced0.5,11,6.000000000000001,1.0,fixed,0.5,70352,67653,1.3163745817167027,1.0095653257735908,1.1629699537451468,0.14406129178985672,0.4096640208120852,0.2131624713369073,0.2231066636342961,0.4576589360412694,0.29997625717648085,0.388148169206277,0.5276780039318286,0.4472841182399265,0.07514490833035642,apartment_2/seq_0004
apartment_2,seq_0004,42,spaced0.5,11,6.000000000000001,1.0,subset,0.5,70352,44842,1.3222576225268299,0.6737444084421288,0.9980010154844794,0.14266829656584035,0.5454930645377102,0.22618115664405788,0.22084659995451444,0.6030953124303109,0.32330325037897123,0.3868831021150785,0.6843361134650551,0.4943116677072553,0.07439448477823196,apartment_2/seq_0004
apartment_2,seq_0004,42,spaced0.5,11,6.000000000000001,0.25,fixed,0.5,17588,67653,0.4154466504297455,1.1261824091267414,0.7708145297782434,0.36115533318171483,0.3428081533708779,0.35174265487651324,0.4689561064362065,0.4287023487502402,0.4479266766293916,0.6885944962474414,0.5098960873871078,0.5859230672769805,0.11310651618749486,apartment_2/seq_0004
apartment_2,seq_0004,42,spaced0.5,11,6.000000000000001,0.25,subset,0.5,17588,44842,0.41690470595746243,0.7502108367322143,0.5835577713448383,0.35979076643165797,0.4667276214263414,0.4063413254797628,0.4678758244257448,0.5727220016948397,0.5150169873191421,0.687912212872413,0.6663395923464609,0.676954081551284,0.12299907710912389,apartment_2/seq_0004
apartment_2,seq_0004,42,random_n0.5,11,6.000000000000001,1.0,fixed,0.5,68800,67653,1.2177124729923499,0.9553593582237584,1.086535915608054,0.15402616279069767,0.4247705201543169,0.2260751494050755,0.24011627906976743,0.475869510590809,0.3191795643318141,0.41738372093023257,0.5516532895806542,0.4752163233624806,0.07852541496214793,apartment_2/seq_0004
apartment_2,seq_0004,42,random_n0.5,11,6.000000000000001,1.0,subset,0.5,68800,45212,1.2228071800367366,0.6543729329323713,0.938590056484554,0.15100290697674418,0.5551623462797487,0.2374263750465866,0.2360174418604651,0.6164071485446342,0.3413389054740201,0.4146802325581395,0.6989073697248518,0.5205213671918154,0.0775299613038959,apartment_2/seq_0004
apartment_2,seq_0004,42,random_n0.5,11,6.000000000000001,0.25,fixed,0.5,17200,67653,0.38386871301280706,1.0979190058991448,0.740893859455976,0.3824418604651163,0.34087180169393816,0.36046228030809496,0.49604651162790697,0.41473401031735474,0.4517605594638321,0.7248837209302326,0.5185727166570588,0.6046129306349411,0.11817295641275588,apartment_2/seq_0004
apartment_2,seq_0004,42,random_n0.5,11,6.000000000000001,0.25,subset,0.5,17200,45212,0.386202513992185,0.7597091478234305,0.5729558309078078,0.37965116279069766,0.45310979386003714,0.41314055068737865,0.49377906976744185,0.5416924710253915,0.5166272445076474,0.7230232558139534,0.6652216225780766,0.6929191108579322,0.12764773285316747,apartment_2/seq_0004
apartment_2,seq_0004,42,consec_n0.5,11,1.5,1.0,fixed,0.5,61135,67653,1.278240641310345,1.1497831567725958,1.2140118990414703,0.12657233990349226,0.3245975788213383,0.182126836800407,0.19530547149750552,0.3797466483378416,0.2579473951837808,0.3482620430195469,0.45306194847235154,0.3938089498497015,0.062458933535506696,apartment_2/seq_0004
apartment_2,seq_0004,42,consec_n0.5,11,1.5,1.0,subset,0.5,61135,40786,1.2930222091279928,0.8552979062385478,1.0741600576832704,0.12014394373108694,0.4348796155543569,0.18827363699020425,0.1853439110166026,0.49720492325798066,0.27002875230542467,0.34021427987241354,0.5703182464571176,0.4261910605185439,0.05816864204018975,apartment_2/seq_0004
apartment_2,seq_0004,42,consec_n0.5,11,1.5,0.25,fixed,0.5,15283,67653,0.5187124970248838,1.3192027080674553,0.9189576025461695,0.3308250997840738,0.2602249715459773,0.29130849095163164,0.42092521101877906,0.31309771924378815,0.35909157087244437,0.6257279329974481,0.4086736730078489,0.49442794983511806,0.09353279368439119,apartment_2/seq_0004
apartment_2,seq_0004,42,consec_n0.5,11,1.5,0.25,subset,0.5,15283,40786,0.5233194608033637,0.9971347818573172,0.7602271213303404,0.32545966106130997,0.36313931250919435,0.34326858477426575,0.41235359549826606,0.422497915951552,0.417364123664568,0.6241575606883465,0.529078605403815,0.5726986743404768,0.10077547210454513,apartment_2/seq_0004
apartment_2,seq_0004,42,spaced1.0,6,5.25,1.0,fixed,1.0,46308,67653,1.1409656998718274,1.0674665023124392,1.1042161010921334,0.1919322795197374,0.37865283136002836,0.25474096566409443,0.2761941781117733,0.4442522874078016,0.34062182623488557,0.44290403386024013,0.519829128050493,0.4782933149922232,0.09231424380549816,apartment_2/seq_0004
apartment_2,seq_0004,42,spaced1.0,6,5.25,1.0,subset,1.0,46308,36922,1.1497891378296086,0.5728926233788477,0.8613408806042282,0.1884339638939276,0.5675748876008884,0.28293421608971514,0.2723287552906625,0.6514544174205081,0.3840939646130564,0.4404638507385333,0.741021613130383,0.5525133286550548,0.09305965636227811,apartment_2/seq_0004
apartment_2,seq_0004,42,spaced1.0,6,5.25,0.25,fixed,1.0,11577,67653,0.33884211704934697,1.153139545352646,0.7459908312009965,0.44476116437764535,0.29951369488418844,0.3579646901303671,0.5489332296795371,0.39520789913233706,0.45955576310627105,0.7544268808845124,0.5027714957208106,0.603412060296302,0.10706727377669467,apartment_2/seq_0004
apartment_2,seq_0004,42,spaced1.0,6,5.25,0.25,subset,1.0,11577,36922,0.34142601088696994,0.6277889399012406,0.4846074753941053,0.4415651723244364,0.4650343968365744,0.4529960096185832,0.5447006996631252,0.5911651589838037,0.5669825767956866,0.7519219141401053,0.7248523915280862,0.7381390583718512,0.12385398267305912,apartment_2/seq_0004
apartment_2,seq_0004,42,random_n1.0,6,3.749999999999999,1.0,fixed,1.0,41127,67653,1.5096854227677616,1.2026587765326326,1.3561720996501971,0.14489264959758796,0.2934977015062155,0.194008191626317,0.20599606098183676,0.3481442064653452,0.258838201800031,0.3431322488875921,0.43709813312048246,0.38445687033153014,0.06498794980470374,apartment_2/seq_0004
apartment_2,seq_0004,42,random_n1.0,6,3.749999999999999,1.0,subset,1.0,41127,28099,1.5193623464041341,0.5809714598975918,1.050166903150863,0.14139130011914314,0.5309797501690452,0.22331692353845528,0.19967417997908915,0.6079575785615147,0.30061579346681927,0.3395579546283463,0.7051140609986121,0.4583775285464767,0.06834683468346835,apartment_2/seq_0004
apartment_2,seq_0004,42,random_n1.0,6,3.749999999999999,0.25,fixed,1.0,10281,67653,0.39895451995702724,1.3548729318589736,0.8769137259080004,0.3471452193366404,0.21208224321168315,0.2633037243973496,0.4592938430113802,0.26034322203006516,0.3323176216368653,0.6939986382647603,0.3710108938258466,0.4835281701020937,0.06520275685205963,apartment_2/seq_0004
apartment_2,seq_0004,42,random_n1.0,6,3.749999999999999,0.25,subset,1.0,10281,28099,0.4008006931159862,0.6733866568846218,0.537093675000304,0.34432448205427485,0.4288408840172248,0.38196334640078317,0.45569497130629316,0.5058543008647994,0.47946635245694036,0.69390137146192,0.6452186910566212,0.6686751205489542,0.08250983402091529,apartment_2/seq_0004
apartment_2,seq_0004,42,consec_n1.0,6,0.7499999999999992,1.0,fixed,1.0,38439,67653,1.2241844049887642,1.2905093235236282,1.2573468642561962,0.1505502224303442,0.2764105065555112,0.1949296992388962,0.2126486120866828,0.31544794761503553,0.25404281476030854,0.3489684955383855,0.39347848580255124,0.369889294907602,0.06257356504881258,apartment_2/seq_0004
apartment_2,seq_0004,42,consec_n1.0,6,0.7499999999999992,1.0,subset,1.0,38439,31260,1.2451583950778806,0.8218100025251703,1.0334841988015255,0.14347407580842372,0.4429942418426104,0.2167489275171412,0.2046099014022217,0.4925143953934741,0.2891114894254415,0.341450089752595,0.5776711452335253,0.4292053254333748,0.05900107500206731,apartment_2/seq_0004
apartment_2,seq_0004,42,consec_n1.0,6,0.7499999999999992,0.25,fixed,1.0,9609,67653,0.4695584051218656,1.4931775761420907,0.9813679906319781,0.3779789780414195,0.22349341492616737,0.2808967246393037,0.4707045478197523,0.2666400603077469,0.3404342762782824,0.6643771464252264,0.3425273084711691,0.45201372318529254,0.07155317118125268,apartment_2/seq_0004
apartment_2,seq_0004,42,consec_n1.0,6,0.7499999999999992,0.25,subset,1.0,9609,31260,0.4757987593992234,0.9599305240863769,0.7178646417428002,0.36861275887189093,0.3780550223928343,0.37327418781496774,0.46217088146529295,0.43358925143953936,0.4474240796625822,0.6597981059423457,0.5270313499680103,0.585988635097368,0.07922127987663839,apartment_2/seq_0004
frl_apartment_5,seq_0004,15,all,15,2.1,1.0,fixed,0.0,72184,50987,0.4551890186691183,0.19956295906012853,0.32737598886462344,0.18300454394325613,0.5741267381881656,0.2775418328826016,0.34701595921533857,0.7133190813344578,0.46689602016270654,0.6643023384683586,0.8688096965893267,0.75291602952756,0.08520772691188146,frl_apartment_5/seq_0004
frl_apartment_5,seq_0004,15,all,15,2.1,1.0,subset,0.0,72184,50987,0.4551890186691183,0.19956295906012853,0.32737598886462344,0.18300454394325613,0.5741267381881656,0.2775418328826016,0.34701595921533857,0.7133190813344578,0.46689602016270654,0.6643023384683586,0.8688096965893267,0.75291602952756,0.08520772691188146,frl_apartment_5/seq_0004
frl_apartment_5,seq_0004,15,all,15,2.1,0.25,fixed,0.0,18046,50987,0.3629098498474716,0.5706268720866862,0.46676836096707885,0.35282056965532527,0.3474807303822543,0.35013029172196763,0.5544164911891832,0.46713868240924156,0.5070492439243994,0.7865454948465034,0.6693078627885539,0.7232061957075805,0.11161085610424817,frl_apartment_5/seq_0004
frl_apartment_5,seq_0004,15,all,15,2.1,0.25,subset,0.0,18046,50987,0.3629098498474716,0.5706268720866862,0.46676836096707885,0.35282056965532527,0.3474807303822543,0.35013029172196763,0.5544164911891832,0.46713868240924156,0.5070492439243994,0.7865454948465034,0.6693078627885539,0.7232061957075805,0.11161085610424817,frl_apartment_5/seq_0004
frl_apartment_5,seq_0004,15,spaced0.3,6,1.95,1.0,fixed,0.3,43888,50987,0.437116490671409,0.22904374222478585,0.33308011644809743,0.21627779803135253,0.47704316786631884,0.29762217208719444,0.38240521327014215,0.6603447937709612,0.48433333011496904,0.687294932555596,0.8540804518798909,0.7616641247801259,0.09253541751204107,frl_apartment_5/seq_0004
frl_apartment_5,seq_0004,15,spaced0.3,6,1.95,1.0,subset,0.3,43888,37706,0.44246848979389264,0.19487010441189012,0.3186692971028914,0.2092143638352169,0.5313212751286267,0.3002152407511052,0.37515949690120304,0.7069962340211107,0.4901999663954946,0.6831024425811155,0.8911048639473824,0.7733618140811874,0.09020993173998638,frl_apartment_5/seq_0004
frl_apartment_5,seq_0004,15,spaced0.3,6,1.95,0.25,fixed,0.3,10972,50987,0.3972630463467853,0.8810372357291093,0.6391501410379473,0.3704885162231134,0.2731284445054622,0.314444641199658,0.5439300036456435,0.4021024967148489,0.46238498660603516,0.75,0.5699492027379528,0.6476944736460859,0.09757481744920737,frl_apartment_5/seq_0004
frl_apartment_5,seq_0004,15,spaced0.3,6,1.95,0.25,subset,0.3,10972,37706,0.399453788407089,0.6989975637291431,0.549225676068116,0.3660226029894276,0.3326261072508354,0.3485261528825333,0.539008384979949,0.475574179175728,0.5053082505296072,0.7489974480495808,0.64849095634647,0.6951300201974123,0.10422606070769747,frl_apartment_5/seq_0004
frl_apartment_5,seq_0004,15,random_n0.3,6,1.2000000000000002,1.0,fixed,0.3,40133,50987,0.44013905495180744,0.2769064975945021,0.35852277627315476,0.20005980116113922,0.4069272559672073,0.26824224655134127,0.3685246555203947,0.5638299958813031,0.4457214959818978,0.6890090449256223,0.8048129915468649,0.7424223463176249,0.08374319994038304,frl_apartment_5/seq_0004
frl_apartment_5,seq_0004,15,random_n0.3,6,1.2000000000000002,1.0,subset,0.3,40133,36671,0.45133667865418475,0.24284240918768682,0.3470895439209358,0.1887972491465876,0.46104551280303235,0.2678928800790077,0.3547953056088506,0.6121731068146492,0.4492311056438074,0.6796651134976204,0.8430912710316053,0.7526085330999331,0.08047958623932294,frl_apartment_5/seq_0004
frl_apartment_5,seq_0004,15,random_n0.3,6,1.2000000000000002,0.25,fixed,0.3,10033,50987,0.41349611350723237,0.7905015398064168,0.6019988266568246,0.3471543905113127,0.23884519583423225,0.28299050142160015,0.5416126781620652,0.351128719085257,0.4260489465589234,0.7415528755108143,0.5562986643654265,0.6357042566553406,0.08642309776298475,frl_apartment_5/seq_0004
frl_apartment_5,seq_0004,15,random_n0.3,6,1.2000000000000002,0.25,subset,0.3,10033,36671,0.4166558454047985,0.6483519742067635,0.532503909805781,0.3377853084820094,0.2965831310845082,0.3158461807854051,0.5320442539619257,0.4211502277003627,0.4701465713732942,0.7409548489983055,0.6397698453819094,0.6866547271994887,0.09135264648224788,frl_apartment_5/seq_0004
frl_apartment_5,seq_0004,15,consec_n0.3,6,0.7499999999999998,1.0,fixed,0.3,39189,50987,0.445519283623644,0.28403640468492974,0.3647778441542869,0.1971726760060221,0.38458822837193796,0.2606922863941525,0.3657403863328995,0.5526114499774453,0.44016316452038634,0.6795274184082268,0.7946731519799165,0.7326034276340886,0.08228685982298208,frl_apartment_5/seq_0004
frl_apartment_5,seq_0004,15,consec_n0.3,6,0.7499999999999998,1.0,subset,0.3,39189,35539,0.4673562093861921,0.2482970230907496,0.35782661623847084,0.18094363214167242,0.43566223022594897,0.25569106988809637,0.34149888999464134,0.5975688680041644,0.4346206189714289,0.6543672969455715,0.832465741861054,0.7327498691293951,0.07721083646748858,frl_apartment_5/seq_0004
frl_apartment_5,seq_0004,15,consec_n0.3,6,0.7499999999999998,0.25,fixed,0.3,9797,50987,0.3974284391484341,0.7212055844095512,0.5593170117789926,0.3555169949984689,0.2252142703041952,0.27574716703978736,0.5395529243646014,0.35332535744405436,0.4270184049609606,0.751046238644483,0.5823052935061879,0.6559983468503251,0.08366425290041267,frl_apartment_5/seq_0004
frl_apartment_5,seq_0004,15,consec_n0.3,6,0.7499999999999998,0.25,subset,0.3,9797,35539,0.4058012561747142,0.5809759711814091,0.49338861367806164,0.3393896090639992,0.28281606122850955,0.3085308830832092,0.5206695927324692,0.4210585553898534,0.4655959089435231,0.7428804736143717,0.6584878584090718,0.6981430376950477,0.09002345300378856,frl_apartment_5/seq_0004
frl_apartment_5,seq_0004,15,spaced0.5,4,1.8,1.0,fixed,0.5,34624,50987,0.4368117162012065,0.23696393932088572,0.3368878277610461,0.22285120147874307,0.42414733167277935,0.2921853377529853,0.39319547134935307,0.6358679663443623,0.48591835174527065,0.6929875231053605,0.8527467785906211,0.7646111977759781,0.09200622083981337,frl_apartment_5/seq_0004
frl_apartment_5,seq_0004,15,spaced0.5,4,1.8,1.0,subset,0.5,34624,31836,0.4452986307435101,0.1927525520422704,0.3190255913928903,0.2120205637707948,0.5024186455584873,0.29820055531463296,0.3833468114602588,0.7009674582233949,0.49563792999927453,0.6858537430683919,0.9016522176152783,0.779085639629392,0.09014425773450295,frl_apartment_5/seq_0004
frl_apartment_5,seq_0004,15,spaced0.5,4,1.8,0.25,fixed,0.5,8656,50987,0.4245771751430951,0.8943038037335276,0.6594404894383114,0.3767329020332717,0.24539588522564576,0.29720117725272827,0.5426293900184843,0.37866514994018086,0.44605678297521895,0.7281654343807763,0.5568674367976151,0.6310992163747593,0.092181170983184,frl_apartment_5/seq_0004
frl_apartment_5,seq_0004,15,spaced0.5,4,1.8,0.25,subset,0.5,8656,31836,0.42726235190787865,0.6282236945841934,0.5277430232460361,0.37003234750462105,0.33839050131926124,0.35350477976342354,0.5384704251386322,0.49227289860535245,0.5143363840251075,0.7259704251386322,0.683942706370147,0.704330169310024,0.10485446376245361,frl_apartment_5/seq_0004
frl_apartment_5,seq_0004,15,random_n0.5,4,1.2000000000000002,1.0,fixed,0.5,32310,50987,0.43818470403858206,0.2959444574555627,0.3670645807470724,0.2322810275456515,0.4061231294251476,0.2955328432087381,0.39662643144537296,0.5911899111538236,0.4747472473485657,0.6842773135252244,0.7811402906623257,0.7295075179297758,0.09070427417083686,frl_apartment_5/seq_0004
frl_apartment_5,seq_0004,15,random_n0.5,4,1.2000000000000002,1.0,subset,0.5,32310,29932,0.4576604069154549,0.2261418683665377,0.3419011376409963,0.213587124729186,0.5018709073900842,0.29964906195030616,0.3723924481584649,0.679406655084859,0.4810916966976608,0.6638811513463324,0.8497260457035948,0.7453943224505704,0.08982179739660887,frl_apartment_5/seq_0004
frl_apartment_5,seq_0004,15,random_n0.5,4,1.2000000000000002,0.25,fixed,0.5,8077,50987,0.3940274659372612,0.9520865820329438,0.6730570239851025,0.415376996409558,0.2369623629552631,0.30177150335465924,0.5731088275349758,0.3508149136054288,0.43522016994612045,0.753002352358549,0.5268205621040657,0.6199250193950212,0.09203813665635192,frl_apartment_5/seq_0004
frl_apartment_5,seq_0004,15,random_n0.5,4,1.2000000000000002,0.25,subset,0.5,8077,29932,0.4015375699949483,0.6439019712809763,0.5227197706379623,0.4025009285625851,0.3413737805692904,0.3694258239439632,0.5614708431348273,0.4720032072698116,0.5128644277896699,0.7454500433329206,0.6512094079914473,0.695150247178312,0.10950781823905971,frl_apartment_5/seq_0004
frl_apartment_5,seq_0004,15,consec_n0.5,4,0.45000000000000034,1.0,fixed,0.5,30684,50987,0.4416935212775065,0.3063868467186516,0.37404018399807903,0.20994655194889844,0.34816717986937845,0.26194123078537085,0.38137139877460563,0.5216819973718791,0.44062642121102474,0.6880784773823491,0.7744130856885089,0.728697505436069,0.08047812299026456,frl_apartment_5/seq_0004
frl_apartment_5,seq_0004,15,consec_n0.5,4,0.45000000000000034,1.0,subset,0.5,30684,29897,0.4685920864728833,0.2500770448736076,0.35933456567324545,0.18843697040803023,0.4294076328728635,0.2619308252559381,0.3506387693912137,0.5975181456333412,0.44193745561275355,0.6594316256029201,0.8339967220791383,0.7365118186510236,0.07709169724883623,frl_apartment_5/seq_0004
frl_apartment_5,seq_0004,15,consec_n0.5,4,0.45000000000000034,0.25,fixed,0.5,7671,50987,0.4025518523508681,0.7946780184434767,0.5986149353971724,0.3711380524051623,0.19863886873124523,0.2587765145904515,0.5453004823360709,0.3142761880479338,0.39874269005630525,0.7444922435145352,0.5645948967383843,0.6421826453331546,0.07790029768143894,frl_apartment_5/seq_0004
frl_apartment_5,seq_0004,15,consec_n0.5,4,0.45000000000000034,0.25,subset,0.5,7671,29897,0.4115539789036177,0.5800102839141434,0.4957821314088806,0.3569286924781645,0.28554704485399873,0.3172724740827012,0.5261374005996611,0.41412181824263306,0.46345725224594525,0.7361491330986834,0.6743485968491822,0.703894978966308,0.09007681784699569,frl_apartment_5/seq_0004
frl_apartment_5,seq_0004,15,spaced1.0,3,2.1,1.0,fixed,1.0,27428,50987,0.4394421610281933,0.2722723159997503,0.3558572385139718,0.2366195129065189,0.38101869103889224,0.29193937974041,0.39962811725244274,0.6111950104928707,0.4832709197348207,0.6925404695931165,0.8175417263223959,0.749867434488919,0.08765130854983015,frl_apartment_5/seq_0004
frl_apartment_5,seq_0004,15,spaced1.0,3,2.1,1.0,subset,1.0,27428,27728,0.44818804633799864,0.19662804536248846,0.3224080458502435,0.22312964853434447,0.4962132140796307,0.3078361816320728,0.3865393029021438,0.726233410271206,0.5045374546432607,0.6836079918331632,0.8971076168493941,0.7759396225912859,0.08976206662134602,frl_apartment_5/seq_0004
frl_apartment_5,seq_0004,15,spaced1.0,3,2.1,0.25,fixed,1.0,6857,50987,0.4456894090576647,1.0391738040894136,0.7424316065735391,0.4030917310777308,0.22362563006256497,0.28766282194977716,0.5438238296631179,0.36322984290113164,0.43554874466468624,0.7102231296485343,0.5199168415478456,0.6003495130752786,0.08380496299521115,frl_apartment_5/seq_0004
frl_apartment_5,seq_0004,15,spaced1.0,3,2.1,0.25,subset,1.0,6857,27728,0.4481498161005193,0.6415443313280687,0.544847073714294,0.39463322152544844,0.34236151182919794,0.3666436684682925,0.5395945748869768,0.5188618003462204,0.5290251334566843,0.7092022750473969,0.6956866705135603,0.702379459967013,0.1033487951125693,frl_apartment_5/seq_0004
frl_apartment_5,seq_0004,15,random_n1.0,3,1.35,1.0,fixed,1.0,27509,50987,0.43849925963427416,0.29678459312510674,0.36764192637969045,0.24108473590461305,0.3781748288779493,0.2944554559373677,0.40074157548438694,0.575283895895032,0.4724060622433311,0.6871205787196918,0.7859062113872164,0.733200963369569,0.09078934763866271,frl_apartment_5/seq_0004
frl_apartment_5,seq_0004,15,random_n1.0,3,1.35,1.0,subset,1.0,27509,26832,0.4537384590742496,0.22501051625206506,0.3393744876631573,0.2222908866189247,0.4786449016100179,0.30358957650987156,0.37903958704424007,0.669536374478235,0.48404846230663545,0.6710167581518776,0.8605396541443053,0.7540519230621472,0.09098593085396445,frl_apartment_5/seq_0004
frl_apartment_5,seq_0004,15,random_n1.0,3,1.35,0.25,fixed,1.0,6877,50987,0.42230393034637437,1.0008410755050625,0.7115725029257185,0.4093354660462411,0.21591778296428502,0.2827104263983403,0.5575105423876691,0.34132229784062607,0.42341750519440496,0.7241529736803839,0.5259968227195168,0.6093704361120065,0.08260189449900061,frl_apartment_5/seq_0004
frl_apartment_5,seq_0004,15,random_n1.0,3,1.35,0.25,subset,1.0,6877,26832,0.42753625706517895,0.6591905835301027,0.5433634202976408,0.3968300130871019,0.3335942158616577,0.36247482435429945,0.546750036353061,0.48177549194991054,0.512210461459805,0.7210993165624545,0.6735241502683363,0.6965002611787148,0.10063035947526833,frl_apartment_5/seq_0004
frl_apartment_5,seq_0004,15,consec_n1.0,3,0.3000000000000002,1.0,fixed,1.0,24438,50987,0.4370450987273662,0.36352386687293525,0.4002844828001507,0.2260414109174237,0.3128836762311962,0.2624656721865544,0.39103036255012685,0.4667071998744778,0.425530356991246,0.6940829855143629,0.7202620275756565,0.706930223991282,0.08133703317125328,frl_apartment_5/seq_0004
frl_apartment_5,seq_0004,15,consec_n1.0,3,0.3000000000000002,1.0,subset,1.0,24438,26087,0.4686591561700265,0.27920503201524405,0.3739320940926353,0.19915705049513052,0.40755932073446544,0.2675659206451807,0.3534659137408953,0.5631923946793422,0.43433700991666413,0.6592192487110238,0.8083336527772453,0.7262008786889551,0.07989698351144134,frl_apartment_5/seq_0004
frl_apartment_5,seq_0004,15,consec_n1.0,3,0.3000000000000002,0.25,fixed,1.0,6109,50987,0.41426114297633276,1.0403382671585693,0.727299705067451,0.39449991815354396,0.1722988212681664,0.2398448202534594,0.556719594041578,0.26910781179516347,0.3628302734376397,0.7344900965788181,0.4901641594916351,0.5879548763414817,0.07258028694532048,frl_apartment_5/seq_0004
frl_apartment_5,seq_0004,15,consec_n1.0,3,0.3000000000000002,0.25,subset,1.0,6109,26087,0.4234067503490344,0.7000972745328383,0.5617520124409363,0.38074971353740383,0.27810786982021696,0.32143362827189176,0.5383859878867245,0.39429600950665084,0.4552107732138357,0.7258143722376821,0.6377506037489937,0.67893875577045,0.09001921691088158,frl_apartment_5/seq_0004
frl_apartment_5,seq_0006,18,all,18,2.5499999999999994,1.0,fixed,0.0,55363,45500,0.3921560508720018,0.12660692376532773,0.2593814873186647,0.2456153026389466,0.6717582417582417,0.3597097493324289,0.44620053104058666,0.8402197802197802,0.5828678369631108,0.7504470494734751,0.9536483516483516,0.8399325428125903,0.11553077498131074,frl_apartment_5/seq_0006
frl_apartment_5,seq_0006,18,all,18,2.5499999999999994,1.0,subset,0.0,55363,45500,0.3921560508720018,0.12660692376532773,0.2593814873186647,0.2456153026389466,0.6717582417582417,0.3597097493324289,0.44620053104058666,0.8402197802197802,0.5828678369631108,0.7504470494734751,0.9536483516483516,0.8399325428125903,0.11553077498131074,frl_apartment_5/seq_0006
frl_apartment_5,seq_0006,18,all,18,2.5499999999999994,0.25,fixed,0.0,13840,45500,0.29957341382245123,0.4438939760596681,0.3717336949410597,0.41647398843930633,0.38962637362637365,0.402603093762406,0.6315751445086705,0.5494505494505495,0.5876575115080969,0.8296965317919075,0.7332087912087912,0.7784742712083002,0.13489161168708766,frl_apartment_5/seq_0006
frl_apartment_5,seq_0006,18,all,18,2.5499999999999994,0.25,subset,0.0,13840,45500,0.29957341382245123,0.4438939760596681,0.3717336949410597,0.41647398843930633,0.38962637362637365,0.402603093762406,0.6315751445086705,0.5494505494505495,0.5876575115080969,0.8296965317919075,0.7332087912087912,0.7784742712083002,0.13489161168708766,frl_apartment_5/seq_0006
frl_apartment_5,seq_0006,18,spaced0.3,7,2.5499999999999994,1.0,fixed,0.3,35488,45500,0.3757074434496447,0.14929690805913645,0.26250217575439055,0.27865757439134353,0.5865274725274725,0.3778158750904237,0.48323376916140665,0.8108131868131868,0.6055611978228719,0.7716129395852119,0.9438901098901099,0.8491011689666992,0.11988487589534959,frl_apartment_5/seq_0006
frl_apartment_5,seq_0006,18,spaced0.3,7,2.5499999999999994,1.0,subset,0.3,35488,33829,0.3793503077404233,0.1271707802408325,0.2532605439906279,0.2710493688007214,0.651689378935233,0.38286025215248753,0.4765554553651939,0.8498921044074611,0.6106848564697102,0.7695277276825969,0.9597091253066895,0.8541603553692999,0.11891449611345971,frl_apartment_5/seq_0006
frl_apartment_5,seq_0006,18,spaced0.3,7,2.5499999999999994,0.25,fixed,0.3,8872,45500,0.3183723069534941,0.9810011368099201,0.6496867218817071,0.4296663660955816,0.2995164835164835,0.35297637383194236,0.625,0.43032967032967034,0.5097100015619305,0.8047790802524797,0.5874725274725274,0.6791668944171523,0.1119713325075208,frl_apartment_5/seq_0006
frl_apartment_5,seq_0006,18,spaced0.3,7,2.5499999999999994,0.25,subset,0.3,8872,33829,0.31885400828366073,0.7570599161547396,0.5379569622192002,0.4272993688007214,0.3743238050193621,0.3990611320519449,0.6231965734896303,0.5276833486062255,0.5714765692324661,0.8047790802524797,0.6814567383014574,0.7380014937544701,0.12356535996422716,frl_apartment_5/seq_0006
frl_apartment_5,seq_0006,18,random_n0.3,7,2.25,1.0,fixed,0.3,36458,45500,0.36583666436451107,0.1531627353879961,0.2594996998762536,0.27042075813264577,0.5651648351648352,0.36580885171096034,0.4799221021449339,0.7835824175824175,0.5952626447764697,0.7751385155521422,0.939032967032967,0.849250646758812,0.11694667485858351,frl_apartment_5/seq_0006
frl_apartment_5,seq_0006,18,random_n0.3,7,2.25,1.0,subset,0.3,36458,34044,0.3699851369505508,0.13358988271071665,0.2517875098306337,0.259229798672445,0.6160263188814475,0.3649043415243133,0.47114487903889407,0.8216719539419575,0.5988884480364268,0.7724230621537111,0.9545881800023499,0.8538982342380409,0.11374123702191853,frl_apartment_5/seq_0006
frl_apartment_5,seq_0006,18,random_n0.3,7,2.25,0.25,fixed,0.3,9114,45500,0.3194736783010797,0.6529119691808231,0.4861928237409514,0.4253895106429669,0.2961098901098901,0.34916741751677766,0.6280447662936142,0.45195604395604394,0.5256452130545054,0.8052446785165679,0.6287912087912088,0.7061619297794475,0.11581585542804379,frl_apartment_5/seq_0006
frl_apartment_5,seq_0006,18,random_n0.3,7,2.25,0.25,subset,0.3,9114,34044,0.3211059546510464,0.5395995940420543,0.43035277434655034,0.4173798551678736,0.35979908353894957,0.3864564050767991,0.6220100943603247,0.5343085418869699,0.5748334345543922,0.8052446785165679,0.7044413112442721,0.7514776199208753,0.1256155209769549,frl_apartment_5/seq_0006
frl_apartment_5,seq_0006,18,consec_n0.3,7,0.8999999999999998,1.0,fixed,0.3,30148,45500,0.37282857013061976,0.19291208555723846,0.2828703278439291,0.2668502056521162,0.4652087912087912,0.33915589354835934,0.4791362611118482,0.6955164835164835,0.567396907686433,0.7754411569590023,0.9144835164835164,0.8392423250408684,0.10760822872416591,frl_apartment_5/seq_0006
frl_apartment_5,seq_0006,18,consec_n0.3,7,0.8999999999999998,1.0,subset,0.3,30148,30724,0.384406090781669,0.16142849305706933,0.27291729191936914,0.24532307284065277,0.5273727379247494,0.33487097716223485,0.4514395648135863,0.7534500716052598,0.56459473490899,0.7686745389412233,0.9399817732066137,0.8457406571418576,0.10423343326785899,frl_apartment_5/seq_0006
frl_apartment_5,seq_0006,18,consec_n0.3,7,0.8999999999999998,0.25,fixed,0.3,7537,45500,0.3270315827012577,0.7547433697345413,0.5408874762178995,0.42377603821148996,0.2373846153846154,0.3043070131076028,0.6251824333289107,0.3659340659340659,0.4616521871015679,0.8045641501923843,0.5700439560439561,0.667298452535032,0.09920561610936635,frl_apartment_5/seq_0006
frl_apartment_5,seq_0006,18,consec_n0.3,7,0.8999999999999998,0.25,subset,0.3,7537,30724,0.33224356427158863,0.5885755084827591,0.46040953637717386,0.4038742205121401,0.3088790522067439,0.35004619751982285,0.6013002520896908,0.45462830360630124,0.5177776698829645,0.8044314714077219,0.6613396693138914,0.7259011021660038,0.11163921742013927,frl_apartment_5/seq_0006
frl_apartment_5,seq_0006,18,spaced0.5,5,2.3999999999999995,1.0,fixed,0.5,30181,45500,0.3766736012856297,0.16279624784682206,0.2697349245662259,0.2723567807561048,0.5152087912087913,0.3563401265517102,0.4802359100096087,0.7667692307692308,0.5905831616313056,0.7640237235346742,0.9307692307692308,0.8391936863295392,0.11309766327142001,frl_apartment_5/seq_0006
frl_apartment_5,seq_0006,18,spaced0.5,5,2.3999999999999995,1.0,subset,0.5,30181,30158,0.38085426174994,0.13216904806260232,0.25651165490627115,0.2606275471323018,0.5997413621592944,0.3633537159357907,0.4709585500811769,0.8334770210226142,0.6018436449331631,0.7620688512640403,0.955932090987466,0.8480624806998548,0.11252819037250175,frl_apartment_5/seq_0006
frl_apartment_5,seq_0006,18,spaced0.5,5,2.3999999999999995,0.25,fixed,0.5,7545,45500,0.31367787718010204,1.0548213025729427,0.6842495898765224,0.43538767395626243,0.27714285714285714,0.33869309077574317,0.6457256461232604,0.4113846153846154,0.5025806791346158,0.8123260437375746,0.5658021978021978,0.6670146464238459,0.10385756676557864,frl_apartment_5/seq_0006
frl_apartment_5,seq_0006,18,spaced0.5,5,2.3999999999999995,0.25,subset,0.5,7545,30158,0.31478821401975837,0.7366762566480562,0.5257322353339073,0.4299536116633532,0.3782412626832018,0.40244302985028685,0.6421471172962226,0.5457921612839047,0.5900619153366842,0.8121935056328694,0.6948405066648982,0.7489478569941879,0.1199955823071401,frl_apartment_5/seq_0006
frl_apartment_5,seq_0006,18,random_n0.5,5,0.9000000000000002,1.0,fixed,0.5,24376,45500,0.37760168257589505,0.20532035399975834,0.29146101828782667,0.28478831637676405,0.43465934065934064,0.34411371171536365,0.49466688546110926,0.6523736263736264,0.5626786963243832,0.7739169675090253,0.9141318681318681,0.8382010619015969,0.10917328529708781,frl_apartment_5/seq_0006
frl_apartment_5,seq_0006,18,random_n0.5,5,0.9000000000000002,1.0,subset,0.5,24376,26557,0.39002745907248565,0.15887757097544195,0.2744525150239638,0.26234821135543157,0.5243815189968747,0.3497276085271844,0.4665654742369544,0.7283578717475618,0.5687839926939103,0.765548080078766,0.9516511654177806,0.8485150741836466,0.11042048668303446,frl_apartment_5/seq_0006
frl_apartment_5,seq_0006,18,random_n0.5,5,0.9000000000000002,0.25,fixed,0.5,6094,45500,0.30700511599006935,1.063779977708465,0.6853925468492672,0.44322284213980967,0.21545054945054945,0.2899543418248318,0.6540859862159502,0.3159340659340659,0.42606963564860384,0.8201509681654086,0.49351648351648353,0.6162260033822397,0.09229040453390659,frl_apartment_5/seq_0006
frl_apartment_5,seq_0006,18,random_n0.5,5,0.9000000000000002,0.25,subset,0.5,6094,26557,0.30983586106055994,0.6960962167723492,0.5029660389164545,0.43124384640630126,0.32379410324961405,0.36987336753782113,0.6435838529701345,0.4579206988741198,0.5351051291485773,0.8199868723334427,0.6551568324735475,0.7283629387391245,0.11460329628210042,frl_apartment_5/seq_0006
frl_apartment_5,seq_0006,18,consec_n0.5,5,0.6000000000000003,1.0,fixed,0.5,24706,45500,0.36683191910352136,0.2110647454618089,0.28894833228266514,0.2686796729539383,0.3965714285714286,0.32033222188474536,0.4830405569497288,0.6461978021978022,0.5528323471210335,0.7853153080223427,0.9097142857142857,0.8429499486473795,0.1005775688381464,frl_apartment_5/seq_0006
frl_apartment_5,seq_0006,18,consec_n0.5,5,0.6000000000000003,1.0,subset,0.5,24706,26736,0.38088945410294794,0.1684865794872883,0.2746880167951181,0.24010361855419737,0.47785757031717535,0.31961430106558636,0.4478264389217194,0.7242295032914422,0.5534362443632688,0.776289160527807,0.9458034111310593,0.8527032148382198,0.09916575325782487,frl_apartment_5/seq_0006
frl_apartment_5,seq_0006,18,consec_n0.5,5,0.6000000000000003,0.25,fixed,0.5,6176,45500,0.3270169637247047,0.765541267782597,0.5462791157536508,0.4255181347150259,0.20452747252747253,0.27626618647107476,0.6199805699481865,0.334,0.4341252157241339,0.8066709844559585,0.5497582417582417,0.6538844983894008,0.08684490942555459,frl_apartment_5/seq_0006
frl_apartment_5,seq_0006,18,consec_n0.5,5,0.6000000000000003,0.25,subset,0.5,6176,26736,0.3331653850285431,0.5519393852701538,0.44255238514934847,0.4012305699481865,0.29839916217833634,0.3422577984185027,0.5924546632124352,0.4565754039497307,0.5157149173233442,0.8065090673575129,0.6750074805505685,0.7349221368696586,0.10572021899188219,frl_apartment_5/seq_0006
frl_apartment_5,seq_0006,18,spaced1.0,3,2.1,1.0,fixed,1.0,21070,45500,0.3736642849789485,0.26184267451040266,0.3177534797446756,0.30137636449928806,0.43723076923076926,0.35680949630837305,0.5090175605125771,0.6772307692307692,0.5811976218040036,0.7701945894636925,0.8727912087912088,0.818289564592053,0.10997799845394542,frl_apartment_5/seq_0006
frl_apartment_5,seq_0006,18,spaced1.0,3,2.1,1.0,subset,1.0,21070,24828,0.3821722789765483,0.17975054310391594,0.28096141104023215,0.27840531561461795,0.5372563235057194,0.36675751105046583,0.4900806834361652,0.773400998872241,0.5999752832269437,0.7660180351210252,0.9374093765103915,0.8430913859849171,0.1134697564534621,frl_apartment_5/seq_0006
frl_apartment_5,seq_0006,18,spaced1.0,3,2.1,0.25,fixed,1.0,5267,45500,0.31788484468559663,1.233343513686556,0.7756141791860763,0.43459274729447506,0.20307692307692307,0.2768071370266237,0.6398329219669641,0.321978021978022,0.428383852166117,0.7991266375545851,0.5053186813186813,0.6191346051124852,0.0850173864838986,frl_apartment_5/seq_0006
frl_apartment_5,seq_0006,18,spaced1.0,3,2.1,0.25,subset,1.0,5267,24828,0.32032487722685216,0.7813175628375214,0.5508212200321868,0.4239605088285551,0.3168197196713388,0.36264210191133694,0.6341370799316499,0.4828016755276301,0.5482170677823901,0.798936776153408,0.6911551474142098,0.7411479205589894,0.1095478759732277,frl_apartment_5/seq_0006
frl_apartment_5,seq_0006,18,random_n1.0,3,1.5000000000000002,1.0,fixed,1.0,21200,45500,0.3678071007963003,0.1981544785961166,0.28298078969620843,0.300377358490566,0.4347692307692308,0.355289230744932,0.5113207547169811,0.6994285714285714,0.5907619972038433,0.7762264150943397,0.9142857142857143,0.8396186102873179,0.10801218538345508,frl_apartment_5/seq_0006
frl_apartment_5,seq_0006,18,random_n1.0,3,1.5000000000000002,1.0,subset,1.0,21200,24288,0.37824240465561165,0.15187309453721468,0.26505774959641315,0.2725,0.5307147562582345,0.3601023759923889,0.482311320754717,0.778120882740448,0.5955044779412626,0.7715566037735849,0.9559453227931489,0.8539103954730473,0.10955493308434484,frl_apartment_5/seq_0006
frl_apartment_5,seq_0006,18,random_n1.0,3,1.5000000000000002,0.25,fixed,1.0,5300,45500,0.3409270440407609,1.1178717951950505,0.7293994196179057,0.44339622641509435,0.2000879120879121,0.2757433163075265,0.6220754716981132,0.3355164835164835,0.4359196495113313,0.7856603773584906,0.5781538461538461,0.6661208852488325,0.08711872951852785,frl_apartment_5/seq_0006
frl_apartment_5,seq_0006,18,random_n1.0,3,1.5000000000000002,0.25,subset,1.0,5300,24288,0.34663999189969924,0.7254126870047286,0.5360263394522139,0.4239622641509434,0.3100708168642951,0.35818092934748813,0.5983018867924528,0.48896574440052704,0.5381363687443148,0.7854716981132075,0.7417243083003953,0.7629714188956204,0.11153080145594396,frl_apartment_5/seq_0006
frl_apartment_5,seq_0006,18,consec_n1.0,3,0.29999999999999993,1.0,fixed,1.0,17997,45500,0.357615954508082,0.23294798343901982,0.2952819689735509,0.2899927765738734,0.35224175824175824,0.3181005067786159,0.514974718008557,0.6070989010989011,0.5572550322418206,0.7910762904928599,0.8950549450549451,0.8398595919389594,0.09498849399130657,frl_apartment_5/seq_0006
frl_apartment_5,seq_0006,18,consec_n1.0,3,0.29999999999999993,1.0,subset,1.0,17997,21546,0.3771658586217716,0.17311237163484564,0.27513911512830863,0.2522642662666,0.4613385315139701,0.32617368237580396,0.4658554203478357,0.7115009746588694,0.5630522533930175,0.7776296049341557,0.9438410841919613,0.852711317197512,0.100131072010168,frl_apartment_5/seq_0006
frl_apartment_5,seq_0006,18,consec_n1.0,3,0.29999999999999993,0.25,fixed,1.0,4499,45500,0.3218390075286183,1.5236540361288609,0.9227465218287396,0.44943320737941767,0.1747032967032967,0.2516034952722941,0.6410313402978439,0.2868791208791209,0.39637123419721454,0.8079573238497444,0.4510769230769231,0.5789372362336308,0.07147649274913558,frl_apartment_5/seq_0006
frl_apartment_5,seq_0006,18,consec_n1.0,3,0.29999999999999993,0.25,subset,1.0,4499,21546,0.3282415691236125,0.9126105590412883,0.6204260640824504,0.42565014447655036,0.3075744917850181,0.35710509546733454,0.6125805734607691,0.47117794486215536,0.5326545550246317,0.8079573238497444,0.6587301587301587,0.7257522308031854,0.09949670925280682,frl_apartment_5/seq_0006
apartment_2,seq_0001,45,all,45,6.6,1.0,fixed,0.0,144655,91546,0.7770465485704235,0.23987459569100497,0.5084605721307143,0.17058518544122223,0.6959124374631332,0.2740050268057229,0.293857799592133,0.790400454416359,0.4284317642457055,0.5563167536552487,0.867487383391956,0.6778990907644751,0.09647375708947438,apartment_2/seq_0001
apartment_2,seq_0001,45,all,45,6.6,1.0,subset,0.0,144655,91546,0.7770465485704235,0.23987459569100497,0.5084605721307143,0.17058518544122223,0.6959124374631332,0.2740050268057229,0.293857799592133,0.790400454416359,0.4284317642457055,0.5563167536552487,0.867487383391956,0.6778990907644751,0.09647375708947438,apartment_2/seq_0001
apartment_2,seq_0001,45,all,45,6.6,0.25,fixed,0.0,36163,91546,0.27017053522606865,0.5558161341712263,0.4129933346986475,0.42181234963913394,0.518416970703253,0.46515180025551695,0.6002820562453336,0.5885347257116641,0.5943503501698723,0.8549622542377568,0.6937605138400367,0.7659718899206219,0.18394850098475454,apartment_2/seq_0001
apartment_2,seq_0001,45,all,45,6.6,0.25,subset,0.0,36163,91546,0.27017053522606865,0.5558161341712263,0.4129933346986475,0.42181234963913394,0.518416970703253,0.46515180025551695,0.6002820562453336,0.5885347257116641,0.5943503501698723,0.8549622542377568,0.6937605138400367,0.7659718899206219,0.18394850098475454,apartment_2/seq_0001
apartment_2,seq_0001,45,spaced0.3,18,6.45,1.0,fixed,0.3,85661,91546,0.6239294037014422,0.29513826303882656,0.4595338333701344,0.23152893382052508,0.61016319664431,0.33568196556040536,0.36749512613674834,0.7146024949205864,0.4853775276797535,0.6425094266935946,0.8275839468682411,0.723396890028591,0.1260690279595713,apartment_2/seq_0001
apartment_2,seq_0001,45,spaced0.3,18,6.45,1.0,subset,0.3,85661,71968,0.6266574394601501,0.2335715951295477,0.4301145172948489,0.22705782094535437,0.6789684304135171,0.3403104315557338,0.36318744819696247,0.7759976656291685,0.4947968658756058,0.6405715553168887,0.8716096042685638,0.7384410476169553,0.12245558003678923,apartment_2/seq_0001
apartment_2,seq_0001,45,spaced0.3,18,6.45,0.25,fixed,0.3,21415,91546,0.20695144841092628,0.6755768218054145,0.44126413510817036,0.5299556385710951,0.44650776658728947,0.48466600451931663,0.6875087555451787,0.5325847115111528,0.6002108233836077,0.8842400186784963,0.6412186223319424,0.743371404959535,0.1860300200921877,apartment_2/seq_0001
apartment_2,seq_0001,45,spaced0.3,18,6.45,0.25,subset,0.3,21415,71968,0.20766382678574927,0.5391502262935057,0.3734070265396275,0.5277142190053701,0.5245525789239662,0.5261286492338851,0.6853607284613589,0.6196920853712761,0.650874224476042,0.8841466261965911,0.7268091373943976,0.7977945282416392,0.19372689022057887,apartment_2/seq_0001
apartment_2,seq_0001,45,random_n0.3,18,6.6,1.0,fixed,0.3,86463,91546,0.7341039304324742,0.29686367804093805,0.5154838042367061,0.22532181395510217,0.6168374369169598,0.330072798126063,0.3540011334327978,0.7267712406877417,0.47609996167634616,0.5992042839133502,0.8398182334564044,0.6993951479166706,0.12152270824816523,apartment_2/seq_0001
apartment_2,seq_0001,45,random_n0.3,18,6.6,1.0,subset,0.3,86463,72181,0.7356524233446529,0.2347921096563089,0.4852222665004809,0.2226270196500237,0.6891841343289785,0.33654119966879764,0.3519655806529961,0.7871739100317258,0.4864340576107491,0.5983831234169529,0.8787076931602499,0.7119451940296505,0.11947955836466917,apartment_2/seq_0001
apartment_2,seq_0001,45,random_n0.3,18,6.6,0.25,fixed,0.3,21615,91546,0.20046200482677423,0.7600223528697609,0.4802421788482676,0.5287531806615776,0.4469228584536736,0.48440644936209143,0.6934073560027758,0.529460599043104,0.600444017811147,0.8960444136016655,0.6195464575186245,0.7325738796723121,0.1854614769143879,apartment_2/seq_0001
apartment_2,seq_0001,45,random_n0.3,18,6.6,0.25,subset,0.3,21615,72181,0.2010108305854562,0.5880192709080422,0.3945150507467492,0.5271801989359242,0.5263019354123661,0.5267407010802212,0.6915567892667129,0.6195951843282859,0.6536012071039161,0.8958130927596576,0.7125143735886175,0.7937185902686229,0.19329498517598764,apartment_2/seq_0001
apartment_2,seq_0001,45,consec_n0.3,18,2.5500000000000003,1.0,fixed,0.3,66010,91546,0.7222998441316991,0.7095802515962839,0.7159400478639915,0.20366611119527345,0.4280252550630284,0.27600262991850366,0.3288744129677322,0.5068599392655059,0.3989144745273857,0.5741705802151189,0.6215563760295371,0.5969245456874442,0.10242540568836155,apartment_2/seq_0001
apartment_2,seq_0001,45,consec_n0.3,18,2.5500000000000003,1.0,subset,0.3,66010,59641,0.7323173391533266,0.4692604914176133,0.60078891528547,0.1909862142099682,0.5379856139233078,0.28189796021542,0.31208907741251324,0.6247044818162003,0.4162356657234035,0.5646568701711862,0.7368588722523096,0.6393659500254814,0.09767471329911931,apartment_2/seq_0001
apartment_2,seq_0001,45,consec_n0.3,18,2.5500000000000003,0.25,fixed,0.3,16502,91546,0.22044942338487067,1.1755360643966954,0.697992743890783,0.4809720033935281,0.290531536058375,0.3622472945393588,0.6534359471579203,0.33289275336989055,0.44107829668519116,0.8980123621379227,0.426397658007996,0.5782353836852593,0.1388099131966285,apartment_2/seq_0001
apartment_2,seq_0001,45,consec_n0.3,18,2.5500000000000003,0.25,subset,0.3,16502,59641,0.2261157295079616,0.8984172577593423,0.562266493633652,0.46436795539934556,0.37970523633071207,0.41779065127733084,0.6348321415585989,0.431749970657769,0.5139571634498438,0.896800387831778,0.5339112355594305,0.6693337710956956,0.15124538602313967,apartment_2/seq_0001
apartment_2,seq_0001,45,spaced0.5,12,6.6,1.0,fixed,0.5,68953,91546,0.6254247747009613,0.2981307810221445,0.4617777778615529,0.26216408278102477,0.5917353024708889,0.3633489975535386,0.40237553115890534,0.7077207087147445,0.513053708052672,0.6595507084535843,0.81632184912503,0.7296099533145153,0.13801055169281298,apartment_2/seq_0001
apartment_2,seq_0001,45,spaced0.5,12,6.6,1.0,subset,0.5,68953,64150,0.6286457547728963,0.20991652606070577,0.41928114041680103,0.25543486142734906,0.6932813717848791,0.37332181095380995,0.3970820703957768,0.801278254091972,0.5310142894357921,0.6576798688962047,0.8827591582229151,0.7537759265067957,0.13477221166227238,apartment_2/seq_0001
apartment_2,seq_0001,45,spaced0.5,12,6.6,0.25,fixed,0.5,17238,91546,0.18512858524687495,0.6904652571410969,0.4377969211939859,0.5767490428123913,0.4144692285845367,0.4823251099365532,0.7272885485555168,0.5075808882965941,0.5978895525421616,0.9093862397029818,0.6299674480588994,0.7443172199866571,0.18091961695463532,apartment_2/seq_0001
apartment_2,seq_0001,45,spaced0.5,12,6.6,0.25,subset,0.5,17238,64150,0.18612202918212586,0.4800604040661065,0.33309121662411617,0.5735004060795916,0.5283398285268901,0.5499946302403991,0.7248520710059172,0.6366017147310989,0.6778666689430899,0.9086320918900105,0.7607482462977396,0.8281399446522418,0.19685685803084502,apartment_2/seq_0001
apartment_2,seq_0001,45,random_n0.5,12,6.3,1.0,fixed,0.5,67240,91546,0.7921497126948347,0.3987790834521119,0.5954643980734733,0.21839678762641285,0.49661372424791905,0.3033769161872046,0.33454788816180847,0.6248552640202739,0.4357792832123154,0.5680993456276027,0.7486837218447556,0.6460088118819498,0.11242438990474866,apartment_2/seq_0001
apartment_2,seq_0001,45,random_n0.5,12,6.3,1.0,subset,0.5,67240,61451,0.7961992708427124,0.30610735574440356,0.551153313293558,0.21314693634741225,0.5990626678166344,0.3144222172960988,0.3295954788816181,0.7289547769767782,0.4539419786089859,0.5657644259369423,0.8248197751053685,0.6711620716158676,0.10864282382974545,apartment_2/seq_0001
apartment_2,seq_0001,45,random_n0.5,12,6.3,0.25,fixed,0.5,16810,91546,0.24442159577497524,0.8013325644168116,0.5228770800958934,0.5201665675193338,0.3574159438970572,0.4236999308784143,0.6559190957763236,0.4563061193279881,0.5382001650785212,0.8543129089827484,0.5928385729578572,0.699953877864453,0.15332051022474186,apartment_2/seq_0001
apartment_2,seq_0001,45,random_n0.5,12,6.3,0.25,subset,0.5,16810,61451,0.24549644162327727,0.5571983224580707,0.401347382040674,0.5168947055324212,0.4688939154773722,0.49172566451081495,0.6531826293872695,0.5870042798327122,0.6183277635205245,0.8536585365853658,0.7266928121592814,0.7850754492888807,0.16503153468815698,apartment_2/seq_0001
apartment_2,seq_0001,45,consec_n0.5,12,1.650000000000001,1.0,fixed,0.5,46519,91546,0.7014235806129756,0.9755187130456371,0.8384711468293063,0.2219523205571917,0.3297577174316737,0.26532230906075993,0.34360153915604374,0.3981277172132043,0.3688604574794839,0.5965304499236871,0.49093351976055755,0.5386050509984592,0.10089207370576192,apartment_2/seq_0001
apartment_2,seq_0001,45,consec_n0.5,12,1.650000000000001,1.0,subset,0.5,46519,49228,0.7147401316371497,0.6279934937703955,0.6713668127037726,0.20294933253079386,0.4629479158202649,0.2821905954556886,0.31630086631268944,0.5469448281465833,0.4008108562334018,0.5866205206474774,0.6453644267490046,0.6145919507002298,0.09512697790873942,apartment_2/seq_0001
apartment_2,seq_0001,45,consec_n0.5,12,1.650000000000001,0.25,fixed,0.5,11629,91546,0.17401657104650534,1.3566662378555843,0.7653414044510448,0.5413191160030957,0.2561772223800057,0.34777244956391784,0.7170865938601771,0.3058134708234112,0.4287706056938272,0.9370539169318084,0.38071570576540753,0.5414469072291003,0.12388346272643794,apartment_2/seq_0001
apartment_2,seq_0001,45,consec_n0.5,12,1.650000000000001,0.25,subset,0.5,11629,49228,0.18105718071509894,0.9352630511574624,0.5581601159362807,0.5224868862326941,0.38784837897131713,0.4452111207923102,0.6919769541663083,0.452303567075648,0.5470400638540337,0.9355060624301316,0.5352238563419193,0.6808934202999699,0.14755121951219513,apartment_2/seq_0001
apartment_2,seq_0001,45,spaced1.0,7,6.3,1.0,fixed,1.0,47223,91546,0.5656108247168466,0.38114163207274987,0.47337622839479826,0.2920610719352858,0.5151617765931881,0.3727810751793542,0.44302564428350594,0.6565114805671466,0.529043385774326,0.6820405310971349,0.7802416271601162,0.7278436801917939,0.13767443253279033,apartment_2/seq_0001
apartment_2,seq_0001,45,spaced1.0,7,6.3,1.0,subset,1.0,47223,53168,0.5731551067996518,0.21752761607247764,0.3953413614360647,0.2822565275395464,0.6736570869696058,0.39782697355572944,0.4339622641509434,0.8085126391814625,0.5647823944818525,0.6766194439150414,0.8936766476075835,0.7701464706032343,0.13790793858106865,apartment_2/seq_0001
apartment_2,seq_0001,45,spaced1.0,7,6.3,0.25,fixed,1.0,11805,91546,0.16983668578499128,0.8325220584773771,0.5011793721311842,0.6005929690808979,0.3536364232189282,0.4451582630132819,0.7558661584074544,0.47406768182116094,0.582684540847633,0.9192714951291826,0.5817730976776703,0.7125803295797281,0.1495083453767463,apartment_2/seq_0001
apartment_2,seq_0001,45,spaced1.0,7,6.3,0.25,subset,1.0,11805,53168,0.17142250258246913,0.4651493213043819,0.31828591194342554,0.5947479881406184,0.5134103219981944,0.5510941050666374,0.7506141465480729,0.6713436653626241,0.7087693435004228,0.9188479457856841,0.7825007523322299,0.8452108725878493,0.17456593148756452,apartment_2/seq_0001
apartment_2,seq_0001,45,random_n1.0,7,3.2999999999999994,1.0,fixed,1.0,41583,91546,0.46898655737888517,0.551738257022102,0.5103624072004935,0.2924752903830892,0.4279160203613484,0.3474635533441647,0.4461679051535483,0.5558953968496712,0.49502398541309184,0.7222182141740615,0.6901229982740917,0.7058059270394056,0.12846715328467154,apartment_2/seq_0001
apartment_2,seq_0001,45,random_n1.0,7,3.2999999999999994,1.0,subset,1.0,41583,46179,0.4879196075851079,0.23448173117902352,0.3612006693820657,0.27614650217637016,0.6293120249464043,0.3838548299251134,0.4223120025010221,0.7591329392147946,0.5427099315499057,0.6972079936512517,0.880573420818987,0.7782355938043101,0.13492856045475496,apartment_2/seq_0001
apartment_2,seq_0001,45,random_n1.0,7,3.2999999999999994,0.25,fixed,1.0,10395,91546,0.17178795330361016,0.9596837293300532,0.5657358413168316,0.5850889850889851,0.27624363707862715,0.37529545519563945,0.7216931216931217,0.3613593166277063,0.48158431492804543,0.9144781144781144,0.49756406615253534,0.644472885142873,0.1288090639144348,apartment_2/seq_0001
apartment_2,seq_0001,45,random_n1.0,7,3.2999999999999994,0.25,subset,1.0,10395,46179,0.17327249438212547,0.46583126625627647,0.31955188031920095,0.5797017797017797,0.4638472032742155,0.5153434168100594,0.718999518999519,0.5831871629961671,0.6440110246532645,0.9139009139009139,0.7485437103445289,0.822998578120033,0.1758510279743849,apartment_2/seq_0001
apartment_2,seq_0001,45,consec_n1.0,7,0.9,1.0,fixed,1.0,30882,91546,0.661987707733266,1.1900376544269222,0.9260126810800942,0.27391360663169484,0.29215913311340747,0.28274232706389657,0.4046046240528463,0.356563913223953,0.3790682378358114,0.6371025192668869,0.43805300067725517,0.5191521879893207,0.10990769688849189,apartment_2/seq_0001
apartment_2,seq_0001,45,consec_n1.0,7,0.9,1.0,subset,1.0,30882,38588,0.6746582026485863,0.6698858249474393,0.6722720137980128,0.2554562528333657,0.4896081683424899,0.33573866765504673,0.37960624311896896,0.5764745516740956,0.4577716444185242,0.6271614532737517,0.657743339898414,0.6420884584194212,0.11131483715319662,apartment_2/seq_0001
apartment_2,seq_0001,45,consec_n1.0,7,0.9,0.25,fixed,1.0,7720,91546,0.13178813873352244,1.4312938659196053,0.7815410023265639,0.608419689119171,0.22772158259235795,0.33140403224676196,0.7983160621761658,0.2841740764205973,0.4191460440549059,0.9672279792746113,0.3644506586852511,0.529417329522502,0.1042833358559104,apartment_2/seq_0001
apartment_2,seq_0001,45,consec_n1.0,7,0.9,0.25,subset,1.0,7720,38588,0.13854696377220577,0.8433985220869922,0.49097274292959897,0.588860103626943,0.4104384782834042,0.4837209803548658,0.7673575129533678,0.49847102726236137,0.604355922792146,0.9673575129533679,0.5909609204934176,0.7337017570108431,0.13793103448275862,apartment_2/seq_0001
frl_apartment_5,seq_0011,18,all,18,2.55,1.0,fixed,0.0,31123,29308,0.3306924292041663,0.11187524976687573,0.22128383948552102,0.2835844873566173,0.7323256448751194,0.40884756631729785,0.5070205314397712,0.8571038624266412,0.6371402165090132,0.7943321659223083,0.9728401801555889,0.8745703259948752,0.1435156026338391,frl_apartment_5/seq_0011
frl_apartment_5,seq_0011,18,all,18,2.55,1.0,subset,0.0,31123,29308,0.3306924292041663,0.11187524976687573,0.22128383948552102,0.2835844873566173,0.7323256448751194,0.40884756631729785,0.5070205314397712,0.8571038624266412,0.6371402165090132,0.7943321659223083,0.9728401801555889,0.8745703259948752,0.1435156026338391,frl_apartment_5/seq_0011
frl_apartment_5,seq_0011,18,all,18,2.55,0.25,fixed,0.0,7780,29308,0.11407721806591305,0.7877375778935695,0.4509073979797413,0.6120822622107969,0.5221782448478232,0.5635672570713965,0.872107969151671,0.6065238160229289,0.7154644702452655,0.9803341902313625,0.7246826804967926,0.8333421457068811,0.22310639552018863,frl_apartment_5/seq_0011
frl_apartment_5,seq_0011,18,all,18,2.55,0.25,subset,0.0,7780,29308,0.11407721806591305,0.7877375778935695,0.4509073979797413,0.6120822622107969,0.5221782448478232,0.5635672570713965,0.872107969151671,0.6065238160229289,0.7154644702452655,0.9803341902313625,0.7246826804967926,0.8333421457068811,0.22310639552018863,frl_apartment_5/seq_0011
frl_apartment_5,seq_0011,18,spaced0.3,9,2.4,1.0,fixed,0.3,21663,29308,0.2589894636139002,0.11846995393496933,0.18872970877443476,0.36098416655126253,0.7041422137300396,0.47728456427821964,0.5916078105525551,0.8445475638051044,0.6958034542101038,0.8550062318238472,0.9715436058414085,0.909557265127578,0.17255837211985997,frl_apartment_5/seq_0011
frl_apartment_5,seq_0011,18,spaced0.3,9,2.4,1.0,subset,0.3,21663,26186,0.2601860273024667,0.10799018497335813,0.18408810613791243,0.35779901214051607,0.7317268769571527,0.4805964802704465,0.5898075058856114,0.8628274650576644,0.7006606963961598,0.8539445136869316,0.9797219888490033,0.9125194970394132,0.17177191328934968,frl_apartment_5/seq_0011
frl_apartment_5,seq_0011,18,spaced0.3,9,2.4,0.25,fixed,0.3,5415,29308,0.10592707553523135,0.8804453685209518,0.4931862220280916,0.6884579870729455,0.4829739320322096,0.5676937014139063,0.8845798707294552,0.5811382557663437,0.7014489264600178,0.9778393351800554,0.6944179063736864,0.8121108726964353,0.20901987429930355,frl_apartment_5/seq_0011
frl_apartment_5,seq_0011,18,spaced0.3,9,2.4,0.25,subset,0.3,5415,26186,0.10583900129150799,0.7230913047260493,0.4144651530087787,0.6873499538319483,0.5237531505384556,0.5945021568235398,0.884949215143121,0.628541968991064,0.735026048349733,0.9778393351800554,0.7465439547849996,0.8466795621110975,0.21905274488697524,frl_apartment_5/seq_0011
frl_apartment_5,seq_0011,18,random_n0.3,9,2.55,1.0,fixed,0.3,23564,29308,0.28878397641716014,0.11973879095015855,0.20426138368365934,0.32413851638092006,0.6862290159683363,0.44030166847567737,0.5583517229672381,0.8450252490787499,0.6724085020236148,0.8258784586657614,0.97116828169783,0.8926500859197463,0.1540983606557377,frl_apartment_5/seq_0011
frl_apartment_5,seq_0011,18,random_n0.3,9,2.55,1.0,subset,0.3,23564,26618,0.28969287151277395,0.11141104988570597,0.20055196069923997,0.3211254455949754,0.7101585393342851,0.442264169170516,0.5568664063826175,0.8603576527162071,0.6761164844696584,0.8252418944152097,0.9782478022390864,0.8952544292600365,0.15312579093900278,frl_apartment_5/seq_0011
frl_apartment_5,seq_0011,18,random_n0.3,9,2.55,0.25,fixed,0.3,5891,29308,0.11501284389499664,0.817219761710565,0.4661163028027808,0.6167034459344763,0.4772417087484646,0.5380829286896707,0.8692921405533865,0.6084004367408217,0.7158156251098833,0.9774231879137668,0.7167326327282654,0.8270208515974654,0.18455592237700297,frl_apartment_5/seq_0011
frl_apartment_5,seq_0011,18,random_n0.3,9,2.55,0.25,subset,0.3,5891,26618,0.1149921094314623,0.670795708970341,0.39289390920090167,0.6168731964012901,0.5097678262829665,0.5582294663343531,0.8687828891529452,0.6490344879404913,0.7430011885522521,0.9774231879137668,0.7627545270117966,0.8568480736111691,0.1902728946927842,frl_apartment_5/seq_0011
frl_apartment_5,seq_0011,18,consec_n0.3,9,1.2,1.0,fixed,0.3,18392,29308,0.3252302300693897,0.21421438875544963,0.2697223094124197,0.3241626794258373,0.5815818206633001,0.41629205868325686,0.5362657677250978,0.660024566671216,0.5917436107046345,0.7907242279251848,0.8433533506209908,0.8161912699777694,0.15638279789223186,frl_apartment_5/seq_0011
frl_apartment_5,seq_0011,18,consec_n0.3,9,1.2,1.0,subset,0.3,18392,23723,0.3268831588378443,0.18455450368013987,0.2557188312589921,0.3190517616354937,0.6494962694431564,0.4279042903236112,0.5334384515006525,0.7172785903975045,0.6118473927172599,0.7900173988690735,0.8626649243350335,0.8247444654668593,0.1576130586031576,frl_apartment_5/seq_0011
frl_apartment_5,seq_0011,18,consec_n0.3,9,1.2,0.25,fixed,0.3,4598,29308,0.1156176895242741,1.0615727327434326,0.5885952111338534,0.6089604175728578,0.40838678859014604,0.48890170003818206,0.8625489343192693,0.5039579636959192,0.6362037471731703,0.9806437581557199,0.5986761293844685,0.7434694061278523,0.16800139275766016,frl_apartment_5/seq_0011
frl_apartment_5,seq_0011,18,consec_n0.3,9,1.2,0.25,subset,0.3,4598,23723,0.11658962242613573,0.8232385633347101,0.4699140928804229,0.6000434971726838,0.46777389031741345,0.5257166334252732,0.862983906046107,0.5758546558192471,0.6907700604708078,0.9806437581557199,0.6629009821692029,0.7910581251484624,0.18008926838734718,frl_apartment_5/seq_0011
frl_apartment_5,seq_0011,18,spaced0.5,5,2.4,1.0,fixed,0.5,15879,29308,0.23077994460106105,0.13206793867950148,0.18142394164028125,0.39756911644310095,0.6374027569264364,0.4896976573181891,0.6431135461930853,0.8207315408762113,0.7211467612083857,0.8816046350525851,0.9672103180019107,0.9224255764617187,0.17748855835240274,frl_apartment_5/seq_0011
frl_apartment_5,seq_0011,18,spaced0.5,5,2.4,1.0,subset,0.5,15879,23484,0.2333621091485443,0.1103094666006906,0.17183578787461745,0.3916493481957302,0.7002214273547948,0.5023328250138682,0.6401536620693998,0.865823539431102,0.7360803455994744,0.8796523710561118,0.9838613524101516,0.9288431424355224,0.17974300831443688,frl_apartment_5/seq_0011
frl_apartment_5,seq_0011,18,spaced0.5,5,2.4,0.25,fixed,0.5,3969,29308,0.1066607584958889,0.8930798550254516,0.49987030676067024,0.6933736457545981,0.4332605431963969,0.5332901226393907,0.8931720836482742,0.575951958509622,0.7003141955361928,0.9735449735449735,0.6977958236658933,0.8129229153315471,0.17491961414790996,frl_apartment_5/seq_0011
frl_apartment_5,seq_0011,18,spaced0.5,5,2.4,0.25,subset,0.5,3969,23484,0.1067195557738195,0.5736526180698562,0.3401860869218379,0.691358024691358,0.504982115482882,0.583652468291937,0.8926681783824642,0.6701584057230455,0.7655732111914213,0.9735449735449735,0.8003747232158065,0.8785073982345843,0.194020554344441,frl_apartment_5/seq_0011
frl_apartment_5,seq_0011,18,random_n0.5,5,1.9499999999999997,1.0,fixed,0.5,14076,29308,0.252968852791675,0.22008360044629063,0.23652622661898282,0.40309747087240694,0.5414562576770847,0.46214342596019936,0.6223358908780904,0.6579091033165007,0.6396282739412095,0.8481813015061097,0.8434557117510577,0.8458119061586371,0.17109099278809267,frl_apartment_5/seq_0011
frl_apartment_5,seq_0011,18,random_n0.5,5,1.9499999999999997,1.0,subset,0.5,14076,20812,0.2569629910138092,0.16712679729401855,0.21204489415391387,0.3930804205740267,0.6581779742456275,0.4922041549516771,0.6187127024722933,0.7554776090716894,0.6802894609857555,0.8463341858482524,0.883096290601576,0.8643245164340422,0.17584519322720368,frl_apartment_5/seq_0011
frl_apartment_5,seq_0011,18,random_n0.5,5,1.9499999999999997,0.25,fixed,0.5,3519,29308,0.09466940926793481,1.1544864762231657,0.6245779427455502,0.7226484796817277,0.3640985396478777,0.48422540195819846,0.9073600454674623,0.4809267094308721,0.6286506435302975,0.9889173060528559,0.5761225603930668,0.7280805845208438,0.14920368818105617,frl_apartment_5/seq_0011
frl_apartment_5,seq_0011,18,random_n0.5,5,1.9499999999999997,0.25,subset,0.5,3519,20812,0.09573883672655142,0.7014870526301624,0.39861294467835695,0.7124183006535948,0.4701133961176244,0.5664412847301525,0.9076442171071327,0.6120026907553334,0.7310654866523196,0.9889173060528559,0.7036325197001729,0.822232072870878,0.17248413417951042,frl_apartment_5/seq_0011
frl_apartment_5,seq_0011,18,consec_n0.5,5,0.6,1.0,fixed,0.5,12326,29308,0.27995139171070216,0.24866679224013138,0.26430909197541674,0.3514522148304397,0.49225467449160637,0.4101044990867105,0.5745578452052572,0.6316705336426914,0.601762099207167,0.8224890475417816,0.8135662617715299,0.8180033229285507,0.15432065069053988,frl_apartment_5/seq_0011
frl_apartment_5,seq_0011,18,consec_n0.5,5,0.6,1.0,subset,0.5,12326,19642,0.2839729530256169,0.1925419782910649,0.2382574656583409,0.34204121369462925,0.6043172792994603,0.43683533713373585,0.5679863702742171,0.7430506058446187,0.6438302263497532,0.8205419438585104,0.8633540372670807,0.8414037540533649,0.16104984289322902,frl_apartment_5/seq_0011
frl_apartment_5,seq_0011,18,consec_n0.5,5,0.6,0.25,fixed,0.5,3081,29308,0.12146120427372373,1.1972883329770057,0.6593747686253647,0.557935735150925,0.26299986351849325,0.35748729238838345,0.8549172346640701,0.45004776852736456,0.5896764936916976,0.982148653034729,0.5520335744506619,0.7067987385896467,0.09939953810623557,frl_apartment_5/seq_0011
frl_apartment_5,seq_0011,18,consec_n0.5,5,0.6,0.25,subset,0.5,3081,19642,0.12353876062139171,0.7367135704199514,0.43012616552067157,0.5472249269717624,0.34217493126972814,0.4210629224651921,0.851671535215839,0.5847164239894105,0.6933869520328081,0.982148653034729,0.6842989512269626,0.806605970090972,0.11278544105714616,frl_apartment_5/seq_0011
frl_apartment_5,seq_0011,18,spaced1.0,3,2.1,1.0,fixed,1.0,12364,29308,0.22676540264856365,0.13555392756578752,0.18115966510717557,0.43618570042057586,0.6012351576361403,0.5055810789118681,0.6725978647686833,0.8155452436194895,0.7372059668036209,0.8783565189259139,0.9689163368363587,0.9214166473559174,0.18944413250982595,frl_apartment_5/seq_0011
frl_apartment_5,seq_0011,18,spaced1.0,3,2.1,1.0,subset,1.0,12364,21601,0.23061659745279664,0.10905810010635163,0.16983734877957413,0.42753154318990616,0.675431692977177,0.5236228090818416,0.6672597864768683,0.8732929031063377,0.7564989370355797,0.8764962795211906,0.9874542845238646,0.9286727054650639,0.19578999199852282,frl_apartment_5/seq_0011
frl_apartment_5,seq_0011,18,spaced1.0,3,2.1,0.25,fixed,1.0,3091,29308,0.10374631601136844,0.9821920996237684,0.5429692078175684,0.681656421869945,0.37191210590964924,0.4812525596199717,0.9042381106438045,0.5575951958509622,0.6898171277945789,0.9705596894208994,0.6857513306946909,0.8036686231702541,0.15472612699951527,frl_apartment_5/seq_0011
frl_apartment_5,seq_0011,18,spaced1.0,3,2.1,0.25,subset,1.0,3091,21601,0.10383942571267711,0.5150838397907126,0.30946163275169486,0.681656421869945,0.4567381139762048,0.5469781498436904,0.9042381106438045,0.6805240498125087,0.7765907041507717,0.9705596894208994,0.8217212166103421,0.8899603696051376,0.18108862526168876,frl_apartment_5/seq_0011
frl_apartment_5,seq_0011,18,random_n1.0,3,1.9499999999999997,1.0,fixed,1.0,12229,29308,0.22848469468063048,0.1416384631842439,0.1850615789324372,0.4036307138768501,0.5593012146854102,0.46888288124940936,0.6646496034017499,0.8104271871161458,0.7303350062387239,0.8836372557036553,0.9672103180019107,0.9235369602871775,0.17121077231248608,frl_apartment_5/seq_0011
frl_apartment_5,seq_0011,18,random_n1.0,3,1.9499999999999997,1.0,subset,1.0,12229,21433,0.23332473560504483,0.11681723965563236,0.1750709876303386,0.39406329217433966,0.6231978724396958,0.482824694055449,0.6590890506173849,0.863294919050063,0.7474963477496533,0.8811840706517295,0.9866560910745112,0.9309422170929725,0.17667217428553944,frl_apartment_5/seq_0011
frl_apartment_5,seq_0011,18,random_n1.0,3,1.9499999999999997,0.25,fixed,1.0,3057,29308,0.11516231362299782,0.9857536159495376,0.5504579647862677,0.6352633300621524,0.33485737682544015,0.43854875127957493,0.8737324174026824,0.5367476456940085,0.6649846818505163,0.9695780176643768,0.6838747099767981,0.8020427491459569,0.13028169014084506,frl_apartment_5/seq_0011
frl_apartment_5,seq_0011,18,random_n1.0,3,1.9499999999999997,0.25,subset,1.0,3057,21433,0.1154437421646302,0.5285952751368584,0.3220195086507443,0.6352633300621524,0.40824896188121124,0.4970628463534205,0.8740595354923127,0.6533383100825829,0.7477509300992574,0.9692508995747465,0.8185974898520972,0.8875767745419786,0.1522860089377793,frl_apartment_5/seq_0011
frl_apartment_5,seq_0011,18,consec_n1.0,3,0.3,1.0,fixed,1.0,9173,29308,0.2698043156509777,0.3043523273299221,0.2870783214904499,0.3393655292706857,0.37122969837587005,0.3545831949577541,0.5948980704240706,0.5702197352258769,0.5822975471812778,0.83505941349613,0.749215231336154,0.7898115818525495,0.12161825208826829,frl_apartment_5/seq_0011
frl_apartment_5,seq_0011,18,consec_n1.0,3,0.3,1.0,subset,1.0,9173,16989,0.27652135915092174,0.20754889655184014,0.24203512785138093,0.32541153384934046,0.4933780681617517,0.3921664699546712,0.5841055270903739,0.742303843663547,0.6537706795871939,0.8303717431592718,0.8563187945140973,0.8431456917776531,0.13014789533560864,frl_apartment_5/seq_0011
frl_apartment_5,seq_0011,18,consec_n1.0,3,0.3,0.25,fixed,1.0,2293,29308,0.11308624115697744,1.3120613188507282,0.7125737800038529,0.557348451809856,0.20864610345298212,0.30362770058013316,0.8648059310946359,0.3907806742186434,0.5383132368429852,0.9947666812036633,0.5283540330285247,0.6901475149345703,0.07247635591584636,frl_apartment_5/seq_0011
frl_apartment_5,seq_0011,18,consec_n1.0,3,0.3,0.25,subset,1.0,2293,16989,0.11551162567550215,0.6722248259684619,0.393868225821982,0.5368512865242041,0.299899935252222,0.3848256491980346,0.8626253815961622,0.5621284360468538,0.6806877800870277,0.9947666812036633,0.7205250456177527,0.8357229235653082,0.08877426360798155,frl_apartment_5/seq_0011
frl_apartment_5,seq_0008,24,all,24,3.4499999999999997,1.0,fixed,0.0,42562,34525,0.4384705906343439,0.14405753816233527,0.2912640643983396,0.24094262487665052,0.7447646632874728,0.3640950108466282,0.41772003195338564,0.8571180304127444,0.5616954523420995,0.7280907852074621,0.9609558291093411,0.8284710181890537,0.12257818620704258,frl_apartment_5/seq_0008
frl_apartment_5,seq_0008,24,all,24,3.4499999999999997,1.0,subset,0.0,42562,34525,0.4384705906343439,0.14405753816233527,0.2912640643983396,0.24094262487665052,0.7447646632874728,0.3640950108466282,0.41772003195338564,0.8571180304127444,0.5616954523420995,0.7280907852074621,0.9609558291093411,0.8284710181890537,0.12257818620704258,frl_apartment_5/seq_0008
frl_apartment_5,seq_0008,24,all,24,3.4499999999999997,0.25,fixed,0.0,10640,34525,0.1290644769856368,0.8884384293902362,0.5087514531879365,0.5610902255639098,0.5647791455467053,0.5629286421674206,0.8201127819548872,0.6435916002896452,0.7212080583470706,0.9707706766917293,0.7333816075307747,0.8355419477558412,0.22853814793244032,frl_apartment_5/seq_0008
frl_apartment_5,seq_0008,24,all,24,3.4499999999999997,0.25,subset,0.0,10640,34525,0.1290644769856368,0.8884384293902362,0.5087514531879365,0.5610902255639098,0.5647791455467053,0.5629286421674206,0.8201127819548872,0.6435916002896452,0.7212080583470706,0.9707706766917293,0.7333816075307747,0.8355419477558412,0.22853814793244032,frl_apartment_5/seq_0008
frl_apartment_5,seq_0008,24,spaced0.3,10,3.3,1.0,fixed,0.3,28993,34525,0.3894513377870101,0.21792791506004336,0.3036896264235267,0.2953126616769565,0.6696886314265026,0.40988034659587935,0.48373745386817507,0.8063432295438089,0.6047039163035036,0.781257544924637,0.9378421433743664,0.8524185717053994,0.14684847075241309,frl_apartment_5/seq_0008
frl_apartment_5,seq_0008,24,spaced0.3,10,3.3,1.0,subset,0.3,28993,29862,0.3911072820899696,0.1751958862340087,0.28315158416198916,0.29200151760769844,0.718270711941598,0.4152071724938461,0.48156451557272445,0.8444846292947559,0.6133616283966341,0.7796709550581175,0.956935235416248,0.8592559591440243,0.14749200848445015,frl_apartment_5/seq_0008
frl_apartment_5,seq_0008,24,spaced0.3,10,3.3,0.25,fixed,0.3,7248,34525,0.12892258170671933,0.9608408739703291,0.5448817278385243,0.5903697571743929,0.49048515568428674,0.5358121590864012,0.8271247240618101,0.6270528602461984,0.7133254282008661,0.9646799116997793,0.7236784938450398,0.8269785647984919,0.20241814970792013,frl_apartment_5/seq_0008
frl_apartment_5,seq_0008,24,spaced0.3,10,3.3,0.25,subset,0.3,7248,29862,0.1290083477392895,0.7261479360355748,0.42757814188743215,0.5896799116997793,0.544404259594133,0.5661383235076554,0.8269867549668874,0.6941263143794789,0.7547542386345772,0.9645419426048565,0.7932154577724198,0.8705292077049942,0.21429612357913144,frl_apartment_5/seq_0008
frl_apartment_5,seq_0008,24,random_n0.3,10,3.3,1.0,fixed,0.3,29569,34525,0.40682370614770125,0.1565272907904876,0.28167549846909445,0.2911833338969867,0.6857060101375815,0.4087794862833442,0.4791166424295715,0.8227081824764664,0.6055702342531533,0.7735466197707058,0.96,0.8567462178526252,0.14741549840887588,frl_apartment_5/seq_0008
frl_apartment_5,seq_0008,24,random_n0.3,10,3.3,1.0,subset,0.3,29569,30145,0.4085043759448528,0.13988735936739732,0.274195867656125,0.2892894585545673,0.7311660308508874,0.4145572783416194,0.4762420102133992,0.853707082434898,0.6114086310816845,0.7716527444282864,0.9673245977774092,0.8584800532031697,0.14745638469432634,frl_apartment_5/seq_0008
frl_apartment_5,seq_0008,24,random_n0.3,10,3.3,0.25,fixed,0.3,7392,34525,0.12951516480349815,0.9312324496650349,0.5303738072342665,0.5982142857142857,0.5012309920347574,0.5454451366453126,0.8249458874458875,0.628356263577118,0.7133546387775244,0.9614448051948052,0.7244895003620565,0.8263153128154749,0.20638139660650306,frl_apartment_5/seq_0008
frl_apartment_5,seq_0008,24,random_n0.3,10,3.3,0.25,subset,0.3,7392,30145,0.12952108585473296,0.7315999415393754,0.43056051369705417,0.599025974025974,0.5534914579532261,0.5753592102222909,0.8249458874458875,0.6913252612373528,0.7522479493730034,0.9614448051948052,0.7896500248797479,0.8671202739034516,0.21651481454910682,frl_apartment_5/seq_0008
frl_apartment_5,seq_0008,24,consec_n0.3,10,1.3499999999999999,1.0,fixed,0.3,23987,34525,0.28421471766214235,0.32272805353577366,0.30347138559895803,0.30233042898236545,0.6075597393193338,0.40374938211206796,0.5106932921999416,0.7363359884141926,0.6031002734809079,0.8320757076749906,0.8713685734974657,0.8512689618936207,0.14528465017291833,frl_apartment_5/seq_0008
frl_apartment_5,seq_0008,24,consec_n0.3,10,1.3499999999999999,1.0,subset,0.3,23987,25831,0.28900070786029297,0.1460640840308202,0.21753239594555657,0.2923250093800809,0.6878169641128876,0.4102795430125941,0.5028974027598282,0.8204870117300918,0.6235841720355679,0.8278234043440197,0.9401494328519996,0.8804181690143831,0.1456241289354251,frl_apartment_5/seq_0008
frl_apartment_5,seq_0008,24,consec_n0.3,10,1.3499999999999999,0.25,fixed,0.3,5996,34525,0.13692112136122525,1.2002307792385745,0.6685759502998998,0.5406937958639093,0.3745691527878349,0.4425552620320136,0.7931954636424283,0.5374076755973932,0.640715954802276,0.9703135423615744,0.6545981173062998,0.7817845533295251,0.14418863462474787,frl_apartment_5/seq_0008
frl_apartment_5,seq_0008,24,consec_n0.3,10,1.3499999999999999,0.25,subset,0.3,5996,25831,0.13831175869502887,0.7538163094701955,0.4460640340826122,0.5340226817878586,0.4489953931322829,0.4878317704796513,0.790527018012008,0.6364445820912856,0.7051669950181251,0.9703135423615744,0.7647787542100577,0.8553725742275484,0.16073933492862447,frl_apartment_5/seq_0008
frl_apartment_5,seq_0008,24,spaced0.5,6,2.9999999999999996,1.0,fixed,0.5,22485,34525,0.36442215897564706,0.2831899623964882,0.32380606068606765,0.31892372692906384,0.6263287472845764,0.4226407310554415,0.5055370246831221,0.7771180304127444,0.6125761331726152,0.7889704247275962,0.9076321506154961,0.8441516401950746,0.1559166198764739,frl_apartment_5/seq_0008
frl_apartment_5,seq_0008,24,spaced0.5,6,2.9999999999999996,1.0,subset,0.5,22485,26900,0.3668770464401236,0.18822064589459833,0.277548846167361,0.31563264398487884,0.7105204460966543,0.43709549612910814,0.500778296642206,0.8547955390334573,0.6315599235524786,0.7863909272848566,0.9521561338289963,0.8613709248940643,0.15876724521584334,frl_apartment_5/seq_0008
frl_apartment_5,seq_0008,24,spaced0.5,6,2.9999999999999996,0.25,fixed,0.5,5621,34525,0.12557208868514874,0.9819142013095655,0.5537431449973571,0.612880270414517,0.45920347574221576,0.5250275482621314,0.8480697384806973,0.6136133236784939,0.712037929989527,0.9583703967265611,0.7177986965966691,0.8208205536868244,0.17800087937857248,frl_apartment_5/seq_0008
frl_apartment_5,seq_0008,24,spaced0.5,6,2.9999999999999996,0.25,subset,0.5,5621,26900,0.1256527754540866,0.5964118173596304,0.3610322964068585,0.612346557552037,0.5456133828996282,0.5770570554324884,0.8468244084682441,0.724907063197026,0.7811372439286609,0.9583703967265611,0.8349442379182156,0.8924098706156367,0.1986164360726788,frl_apartment_5/seq_0008
frl_apartment_5,seq_0008,24,random_n0.5,6,2.9999999999999996,1.0,fixed,0.5,20953,34525,0.3466384370415277,0.2803437685885207,0.31349110281502424,0.35360091633656276,0.6262708182476466,0.4519978021433286,0.5614947740180404,0.7826502534395365,0.6538788868957288,0.8139168615472725,0.9093700217233889,0.85899985806371,0.16802409907397076,frl_apartment_5/seq_0008
frl_apartment_5,seq_0008,24,random_n0.5,6,2.9999999999999996,1.0,subset,0.5,20953,26462,0.3498812638225559,0.1782541715722762,0.26406771769741605,0.3481601679950365,0.7157811200967426,0.4684590734654522,0.5563881067150289,0.8637669110422492,0.6768129257281187,0.8104805994368348,0.9562013453253723,0.8773312500750408,0.17230427187549627,frl_apartment_5/seq_0008
frl_apartment_5,seq_0008,24,random_n0.5,6,2.9999999999999996,0.25,fixed,0.5,5238,34525,0.1250856796302997,1.074143845125871,0.5996147623780853,0.6109201985490645,0.40657494569152786,0.4882280725424501,0.8283696067201222,0.5829978276611152,0.6843542927998051,0.9600992745322642,0.6991745112237508,0.8091213719639638,0.16677819912261135,frl_apartment_5/seq_0008
frl_apartment_5,seq_0008,24,random_n0.5,6,2.9999999999999996,0.25,subset,0.5,5238,26462,0.12529777399374362,0.6274709109824319,0.3763843424880878,0.6088201603665521,0.49387801375557405,0.545358464523732,0.8260786559755632,0.7021767062202403,0.7591050606861163,0.9600992745322642,0.8265059330360517,0.88830788508063,0.18934045117961082,frl_apartment_5/seq_0008
frl_apartment_5,seq_0008,24,consec_n0.5,6,0.7500000000000001,1.0,fixed,0.5,16955,34525,0.26875245135984455,0.3596276284837476,0.31419003992179606,0.3101150103214391,0.48301230992034755,0.3777183401793979,0.5304629902683574,0.6629978276611151,0.5893713558400602,0.8502506635210852,0.8601013758146271,0.8551476522527105,0.13120099050763517,frl_apartment_5/seq_0008
frl_apartment_5,seq_0008,24,consec_n0.5,6,0.7500000000000001,1.0,subset,0.5,16955,22124,0.2761874528825313,0.1593915175078017,0.2177894851951665,0.29548805662046596,0.5865123847405532,0.3929871157057237,0.5195517546446476,0.7744982824082445,0.6219109463663223,0.8418755529342377,0.9480202495028024,0.8918005960529646,0.13360913920361056,frl_apartment_5/seq_0008
frl_apartment_5,seq_0008,24,consec_n0.5,6,0.7500000000000001,0.25,fixed,0.5,4238,34525,0.14735570470806342,1.3777317086175,0.7625437066627817,0.49362907031618686,0.24944243301955105,0.3314136950645909,0.7302973100519112,0.38566256335988414,0.5047642649522369,0.976875884851345,0.590065170166546,0.7357270184229395,0.09781065530897406,frl_apartment_5/seq_0008
frl_apartment_5,seq_0008,24,consec_n0.5,6,0.7500000000000001,0.25,subset,0.5,4238,22124,0.149096094434773,0.7335388963811572,0.4413174954079651,0.4841906559697971,0.3353823901645272,0.39627711101632795,0.728645587541293,0.5072319652865667,0.5981050995226452,0.976875884851345,0.7467908154040861,0.8464768026076223,0.11879049676025918,frl_apartment_5/seq_0008
frl_apartment_5,seq_0008,24,spaced1.0,4,3.1499999999999995,1.0,fixed,1.0,17166,34525,0.27038205297548223,0.28359559645621746,0.27698882471584985,0.3857625538855878,0.5984359160028965,0.46912116683192084,0.6137131539088897,0.7685734974656047,0.6824686683784114,0.859489688919958,0.9112237509051412,0.8846009756149994,0.172027497241789,frl_apartment_5/seq_0008
frl_apartment_5,seq_0008,24,spaced1.0,4,3.1499999999999995,1.0,subset,1.0,17166,24565,0.2750520652814452,0.1712754790418891,0.22316377216166716,0.3776651520447396,0.7060044779157337,0.49209331169692,0.6055574973785389,0.865906777936088,0.7127000637483699,0.8553536059652802,0.9628332994097293,0.9059166933376375,0.17885495470253104,frl_apartment_5/seq_0008
frl_apartment_5,seq_0008,24,spaced1.0,4,3.1499999999999995,0.25,fixed,1.0,4291,34525,0.12455480034290957,1.0146824071292522,0.5696186037360809,0.6257282684688884,0.37821868211440984,0.4714633993848633,0.8564437194127243,0.5843301955104996,0.6946904310588444,0.9554882311815428,0.7091962346125996,0.8141226396887636,0.14196096654275092,frl_apartment_5/seq_0008
frl_apartment_5,seq_0008,24,spaced1.0,4,3.1499999999999995,0.25,subset,1.0,4291,24565,0.12506907353303615,0.5142185308172144,0.3196438021751252,0.6210673502680027,0.4757174842255241,0.538761274066195,0.8543463062223258,0.7268471402401792,0.7854562904263633,0.9554882311815428,0.8617138204762874,0.9061814709711887,0.16743747050495517,frl_apartment_5/seq_0008
frl_apartment_5,seq_0008,24,random_n1.0,4,2.7,1.0,fixed,1.0,15866,34525,0.2531833498878863,0.22053170941040937,0.23685752964914786,0.40690785327114587,0.5863287472845764,0.4804127671800236,0.6215177108281861,0.7774366401158581,0.6907882884851776,0.8489852514811547,0.9312092686459088,0.8881983695427847,0.17889456239362178,frl_apartment_5/seq_0008
frl_apartment_5,seq_0008,24,random_n1.0,4,2.7,1.0,subset,1.0,15866,23856,0.25957409147954286,0.1500546823718424,0.20481438692569265,0.3934198915920837,0.6795774647887324,0.4983410088304412,0.6109290306315391,0.8616281019450034,0.7149381296535771,0.8431236606580108,0.9657109322602281,0.9002633403103067,0.18289349435912727,frl_apartment_5/seq_0008
frl_apartment_5,seq_0008,24,random_n1.0,4,2.7,0.25,fixed,1.0,3966,34525,0.12061754219261538,1.0868506737588322,0.6037341079757238,0.6611195158850227,0.35296162201303405,0.46021922300009793,0.8489662128088754,0.5568718320057929,0.6725744433815248,0.9551185073121533,0.7006517016654598,0.8083312573350958,0.14927871204271936,frl_apartment_5/seq_0008
frl_apartment_5,seq_0008,24,random_n1.0,4,2.7,0.25,subset,1.0,3966,23856,0.1229993526028314,0.5783893430155505,0.35069434780919095,0.6459909228441755,0.44525486250838364,0.527160064933895,0.8414019162884518,0.6909792085848424,0.7588076109549272,0.9551185073121533,0.8501006036217303,0.8995548680805932,0.17413180741910023,frl_apartment_5/seq_0008
frl_apartment_5,seq_0008,24,consec_n1.0,4,0.45,1.0,fixed,1.0,12462,34525,0.2778842819326408,0.47898701450986153,0.3784356482212512,0.28462526079281014,0.34708182476466326,0.3127660181392689,0.4916546300754293,0.5592179580014482,0.5232643831273395,0.8449687048627829,0.7989283128167994,0.8213037854547643,0.10295037782162969,frl_apartment_5/seq_0008
frl_apartment_5,seq_0008,24,consec_n1.0,4,0.45,1.0,subset,1.0,12462,19744,0.28527980919032375,0.20853304861488842,0.24690642890260608,0.2745947680950088,0.44945299837925445,0.34090966804727985,0.48074145402022145,0.6996555915721232,0.569898827960845,0.8352591879313112,0.9159744732576985,0.8737567255069585,0.1101675061497013,frl_apartment_5/seq_0008
frl_apartment_5,seq_0008,24,consec_n1.0,4,0.45,0.25,fixed,1.0,3115,34525,0.14887761453164808,1.480878234697293,0.8148779246144706,0.5094703049759229,0.19356987690079652,0.28054756118077384,0.7226324237560192,0.3171614771904417,0.44083960634035174,0.9810593900481541,0.549572773352643,0.70449784436058,0.0793032134902959,frl_apartment_5/seq_0008
frl_apartment_5,seq_0008,24,consec_n1.0,4,0.45,0.25,subset,1.0,3115,19744,0.15071518439534057,0.7005417174931005,0.4256284509442205,0.5085072231139647,0.2800850891410049,0.3612139979083903,0.7203852327447833,0.45051661264181525,0.5543513593937668,0.9807383627608347,0.7407820097244733,0.8440368722805353,0.10145592112805228,frl_apartment_5/seq_0008
frl_apartment_5,seq_0005,33,all,33,4.799999999999999,1.0,fixed,0.0,82842,64831,0.3844676344396198,0.09090221249671719,0.2376849234681685,0.2633567514062915,0.7937406487637088,0.39549233341017714,0.4730209314116028,0.9191744690040259,0.6246088204690908,0.7597233287462881,0.9837269207632151,0.8573348061177264,0.13629411182147297,frl_apartment_5/seq_0005
frl_apartment_5,seq_0005,33,all,33,4.799999999999999,1.0,subset,0.0,82842,64831,0.3844676344396198,0.09090221249671719,0.2376849234681685,0.2633567514062915,0.7937406487637088,0.39549233341017714,0.4730209314116028,0.9191744690040259,0.6246088204690908,0.7597233287462881,0.9837269207632151,0.8573348061177264,0.13629411182147297,frl_apartment_5/seq_0005
frl_apartment_5,seq_0005,33,all,33,4.799999999999999,0.25,fixed,0.0,20710,64831,0.2735747344336767,0.3865164773403463,0.3300456058870115,0.44751327860936746,0.4516820656784563,0.44958800862322207,0.6676967648478995,0.606638799339822,0.6357050295596168,0.8445195557701594,0.78241890453641,0.8122840313956965,0.16452434881087202,frl_apartment_5/seq_0005
frl_apartment_5,seq_0005,33,all,33,4.799999999999999,0.25,subset,0.0,20710,64831,0.2735747344336767,0.3865164773403463,0.3300456058870115,0.44751327860936746,0.4516820656784563,0.44958800862322207,0.6676967648478995,0.606638799339822,0.6357050295596168,0.8445195557701594,0.78241890453641,0.8122840313956965,0.16452434881087202,frl_apartment_5/seq_0005
frl_apartment_5,seq_0005,33,spaced0.3,13,4.6499999999999995,1.0,fixed,0.3,56313,64831,0.35169017339142644,0.11640935015948688,0.23404976177545667,0.3015289542379202,0.7071462726164952,0.4227824187578076,0.5214426508976613,0.8722216223720134,0.652687399201077,0.7917532363752597,0.9655103268498095,0.8700412869587983,0.14728705351135565,frl_apartment_5/seq_0005
frl_apartment_5,seq_0005,33,spaced0.3,13,4.6499999999999995,1.0,subset,0.3,56313,51428,0.35375294265802515,0.09884618043181777,0.22629956154492145,0.29424821977163357,0.7542778253091701,0.42334648405102526,0.5162928631044341,0.9031267014077934,0.6569979477155168,0.7913625628185321,0.9798942210469005,0.8755947857164652,0.14402069315924804,frl_apartment_5/seq_0005
frl_apartment_5,seq_0005,33,spaced0.3,13,4.6499999999999995,0.25,fixed,0.3,14078,64831,0.2874686221050661,0.7107085956718546,0.49908860888846035,0.4654070180423356,0.3620027456000987,0.4072434862532957,0.655064639863617,0.49263469636439355,0.5623555922213277,0.8267509589430316,0.6696950532924064,0.7399812929860535,0.14432134801645216,frl_apartment_5/seq_0005
frl_apartment_5,seq_0005,33,spaced0.3,13,4.6499999999999995,0.25,subset,0.3,14078,51428,0.28807119023827565,0.5315429777599645,0.4098070839991201,0.46192641000142065,0.4240686007622307,0.4421886894726053,0.6532177866174173,0.5688535428171424,0.6081236719961653,0.8267509589430316,0.7440304892276581,0.7832126120004648,0.15236452493891045,frl_apartment_5/seq_0005
frl_apartment_5,seq_0005,33,random_n0.3,13,4.349999999999999,1.0,fixed,0.3,56089,64831,0.3492395140082681,0.11151855579448901,0.23037903490137854,0.3028401290805684,0.7116348660363098,0.4248731525686148,0.5229189324109896,0.8789776495812188,0.6557317565878571,0.7933641177414467,0.9772639632274683,0.8757639961998113,0.1489885716860142,frl_apartment_5/seq_0005
frl_apartment_5,seq_0005,33,random_n0.3,13,4.349999999999999,1.0,subset,0.3,56089,51040,0.3521943266420269,0.09318691584243824,0.22269062124223254,0.29415749968799587,0.761833855799373,0.4244336680127099,0.5173741731890389,0.9096590909090909,0.659597967172012,0.7909750574979051,0.9883620689655173,0.8787202073196546,0.14514154670963944,frl_apartment_5/seq_0005
frl_apartment_5,seq_0005,33,random_n0.3,13,4.349999999999999,0.25,fixed,0.3,14022,64831,0.28439217667136363,0.5800752845768464,0.43223373062410503,0.4572814149194124,0.36755564467615803,0.4075383454316192,0.6475538439594922,0.504295784424118,0.5670161549727017,0.8322635857937527,0.7039842050870725,0.7627681189790337,0.14733510992671553,frl_apartment_5/seq_0005
frl_apartment_5,seq_0005,33,random_n0.3,13,4.349999999999999,0.25,subset,0.3,14022,51040,0.28562838663029066,0.42895415254095093,0.3572912695856208,0.4515047782056768,0.4327390282131661,0.44192277635649635,0.6439167023249179,0.5838949843260188,0.6124387589709587,0.8321209527884752,0.7796434169278997,0.8050278751893113,0.15556604116003048,frl_apartment_5/seq_0005
frl_apartment_5,seq_0005,33,consec_n0.3,13,1.7999999999999998,1.0,fixed,0.3,43445,64831,0.3471959019510698,0.16056301107309914,0.2538794565120845,0.29174818736333297,0.5238543289475713,0.37477459388962847,0.5293589596040972,0.7346022736036772,0.6153168072896479,0.7991253308781218,0.9485894093874844,0.867466306920377,0.13107234570087664,frl_apartment_5/seq_0005
frl_apartment_5,seq_0005,33,consec_n0.3,13,1.7999999999999998,1.0,subset,0.3,43445,43941,0.3570337077516756,0.13679073533063926,0.24691222154115744,0.27158476234319257,0.5758630891422589,0.3690979685246202,0.5056047876625619,0.7742654923647618,0.61173752679557,0.7913453792150995,0.9633144443685852,0.8689028198358176,0.12303536345776031,frl_apartment_5/seq_0005
frl_apartment_5,seq_0005,33,consec_n0.3,13,1.7999999999999998,0.25,fixed,0.3,10861,64831,0.3266508092803565,0.5564798150043487,0.4415653121423526,0.42555934076051927,0.2664928814918789,0.3277455987236003,0.6395359543320136,0.4469621014638059,0.5261828727351456,0.800386704723322,0.7126220480942759,0.7539589070125148,0.11130057906142314,frl_apartment_5/seq_0005
frl_apartment_5,seq_0005,33,consec_n0.3,13,1.7999999999999998,0.25,subset,0.3,10861,43941,0.3313467156053988,0.464964211826036,0.3981554637157174,0.4044747260841543,0.3273252770760793,0.3618332911014709,0.6214897339103214,0.5172390250563256,0.5645922991213491,0.8002946321701501,0.7626135044719055,0.7809998294085405,0.11946828902408534,frl_apartment_5/seq_0005
frl_apartment_5,seq_0005,33,spaced0.5,9,4.799999999999999,1.0,fixed,0.5,46343,64831,0.3382994707052485,0.12456771962039939,0.23143359516282397,0.32009149170316986,0.6666718082398853,0.43251704555341547,0.5509138381201044,0.8627816939427126,0.6724480111727826,0.797639341432363,0.962008915487961,0.8721472087209571,0.15110344827586206,frl_apartment_5/seq_0005
frl_apartment_5,seq_0005,33,spaced0.5,9,4.799999999999999,1.0,subset,0.5,46343,46197,0.34115473752400566,0.1001383183666039,0.2206465279453048,0.30943184515460803,0.7358053553261035,0.43565538744408616,0.5445914161793582,0.905037123622746,0.6800024079491274,0.7964093822152213,0.981600536831396,0.879360535332902,0.14761783624668387,frl_apartment_5/seq_0005
frl_apartment_5,seq_0005,33,spaced0.5,9,4.799999999999999,0.25,fixed,0.5,11585,64831,0.28336189942836776,1.1032505637071472,0.6933062315677575,0.47604661199827364,0.3338372075087535,0.3924564678678034,0.6642209753992231,0.4593018771883821,0.5430738505516483,0.8246870953819594,0.6129937838379788,0.7032549022350921,0.1392062644598683,frl_apartment_5/seq_0005
frl_apartment_5,seq_0005,33,spaced0.5,9,4.799999999999999,0.25,subset,0.5,11585,46197,0.2839703813763003,0.7592936496889232,0.5216320155326117,0.4729391454466983,0.42463796350412364,0.44748894235641606,0.6637893828226155,0.5715955581531268,0.6142523681257381,0.8246870953819594,0.7318440591380393,0.7754966544042123,0.154753191835407,frl_apartment_5/seq_0005
frl_apartment_5,seq_0005,33,random_n0.5,9,4.799999999999999,1.0,fixed,0.5,45610,64831,0.34627850070070465,0.127827447679725,0.23705297419021482,0.3256084192063144,0.683669849300489,0.44112444671793877,0.5342688007016005,0.8655272940414308,0.6607022709931287,0.7924577943433457,0.959031944594407,0.8678239131209702,0.15475149522577034,frl_apartment_5/seq_0005
frl_apartment_5,seq_0005,33,random_n0.5,9,4.799999999999999,1.0,subset,0.5,45610,45416,0.3490906526733058,0.09866996718354024,0.223880309928423,0.31530366147774613,0.7513211203100228,0.4441942550448792,0.5278447708835782,0.9139290118020081,0.6691932612894346,0.7912957684718264,0.9823630438611943,0.8765380515184604,0.15148205061744394,frl_apartment_5/seq_0005
frl_apartment_5,seq_0005,33,random_n0.5,9,4.799999999999999,0.25,fixed,0.5,11402,64831,0.26260211927321486,0.9654580603180781,0.6140300897956465,0.48684441326083144,0.33110703212969106,0.39414957866295486,0.6777758288019645,0.4507257330598016,0.5414099857921165,0.8482722329415892,0.6024895497524333,0.704561095817423,0.1386503506512094,frl_apartment_5/seq_0005
frl_apartment_5,seq_0005,33,random_n0.5,9,4.799999999999999,0.25,subset,0.5,11402,45416,0.26324250037586766,0.602255094674026,0.4327487975249469,0.4823715137695141,0.4253787211555399,0.45208598082286117,0.6763725662164533,0.5675312665140039,0.6171901220009027,0.8485353446763726,0.7336841641712172,0.7869413082664615,0.15438871473354232,frl_apartment_5/seq_0005
frl_apartment_5,seq_0005,33,consec_n0.5,9,1.2000000000000002,1.0,fixed,0.5,36340,64831,0.33796935409554557,0.17194042473121446,0.25495488941338,0.3012383048981838,0.4845212938254847,0.3715038886604629,0.5431205283434232,0.7061436658388733,0.6139952184058289,0.8121353880022014,0.9436380743779982,0.8729621333149822,0.12784390088819123,frl_apartment_5/seq_0005
frl_apartment_5,seq_0005,33,consec_n0.5,9,1.2000000000000002,1.0,subset,0.5,36340,37757,0.35024746824362574,0.1398669557420763,0.24505721199285102,0.2747385800770501,0.5662526154090632,0.36997162480988377,0.5142267473858008,0.7675662791005642,0.6158609119396757,0.8022564667033572,0.9628148422809015,0.8752331189410488,0.12090863067068741,frl_apartment_5/seq_0005
frl_apartment_5,seq_0005,33,consec_n0.5,9,1.2000000000000002,0.25,fixed,0.5,9085,64831,0.3340784341128933,0.5514144716092239,0.44274645286105857,0.4413869014859659,0.24104209405994045,0.31180627939086136,0.6401761144744084,0.42124909379772024,0.5081349227276899,0.7913043478260869,0.7031049960666965,0.7446019293703473,0.1032342493924098,frl_apartment_5/seq_0005
frl_apartment_5,seq_0005,33,consec_n0.5,9,1.2000000000000002,0.25,subset,0.5,9085,37757,0.3391942837771151,0.42063480183434554,0.37991454280573034,0.41739130434782606,0.3257938925232407,0.3659479180192076,0.6231150247660979,0.5270810710596711,0.5710889401190231,0.7911942762795817,0.7802526683793733,0.7856853804346642,0.11720003776078543,frl_apartment_5/seq_0005
frl_apartment_5,seq_0005,33,spaced1.0,5,4.2,1.0,fixed,1.0,32428,64831,0.3147184934300814,0.14958155819062957,0.2321500258103555,0.351609719995066,0.5781956162946739,0.43729411052636535,0.5827988158381645,0.7987536826518178,0.6738979530704065,0.8236709016898976,0.9549289691659854,0.8844566087866137,0.15031669677644038,frl_apartment_5/seq_0005
frl_apartment_5,seq_0005,33,spaced1.0,5,4.2,1.0,subset,1.0,32428,38050,0.319753725239659,0.1096481724132783,0.21470094882646865,0.33252127790798075,0.6812614980289093,0.4469082515329308,0.5693536449981498,0.8710643889618922,0.68861076880588,0.8220365116565931,0.9842049934296978,0.8958408244697017,0.15043620634881846,frl_apartment_5/seq_0005
frl_apartment_5,seq_0005,33,spaced1.0,5,4.2,0.25,fixed,1.0,8107,64831,0.28942998621140026,1.2493242309719192,0.7693771085916598,0.48205254718144813,0.26684765004396044,0.3435293244404303,0.6659676822499074,0.4012740818435625,0.5007966877295336,0.821265572961638,0.5728740880134504,0.6749420869329233,0.11120632571183733,frl_apartment_5/seq_0005
frl_apartment_5,seq_0005,33,spaced1.0,5,4.2,0.25,subset,1.0,8107,38050,0.2913960446647275,0.7099025005221948,0.5006492725934611,0.4734180337979524,0.3861760840998686,0.4253698777777919,0.6618971259405452,0.5609986859395533,0.6072854519125952,0.8211422227704452,0.7554533508541393,0.7869293230268345,0.13467963101470956,frl_apartment_5/seq_0005
frl_apartment_5,seq_0005,33,random_n1.0,5,4.5,1.0,fixed,1.0,31899,64831,0.34915715628623556,0.14547862856981858,0.24731789242802707,0.3408884291043606,0.5465286668414802,0.41988214910717225,0.5527132511990972,0.7917354352084651,0.6509771193319401,0.7864509859243236,0.9681016797519705,0.8678730885772098,0.14233313683107357,frl_apartment_5/seq_0005
frl_apartment_5,seq_0005,33,random_n1.0,5,4.5,1.0,subset,1.0,31899,37450,0.3549683026170854,0.10998828887455449,0.23247829574581994,0.3216715257531584,0.6622429906542056,0.43301467692722934,0.5394839963635224,0.8671829105473965,0.6651628752504479,0.7837236276999279,0.9873164218958611,0.8738178541276242,0.1430646869074881,frl_apartment_5/seq_0005
frl_apartment_5,seq_0005,33,random_n1.0,5,4.5,0.25,fixed,1.0,7974,64831,0.27172733420221373,1.193166429624835,0.7324468819135244,0.527213443691999,0.26905338495472847,0.35628399053127996,0.6798344620015049,0.4010427110487267,0.5044840662811658,0.8239277652370203,0.5763292252163317,0.678237857494338,0.11985328916232844,frl_apartment_5/seq_0005
frl_apartment_5,seq_0005,33,random_n1.0,5,4.5,0.25,subset,1.0,7974,37450,0.27471390989498523,0.6514358975457242,0.4630749037203547,0.5129169801856032,0.3859012016021362,0.44043452388128657,0.6721845999498369,0.5573297730307076,0.6093926167233307,0.8234261349385503,0.7651802403204272,0.7932354013317936,0.1444851444851445,frl_apartment_5/seq_0005
frl_apartment_5,seq_0005,33,consec_n1.0,5,0.5999999999999995,1.0,fixed,1.0,26873,64831,0.330110718779537,0.1878869776899072,0.2589988482347221,0.3283593197633312,0.43065817278770957,0.3726149293129294,0.5675957280541808,0.6710832780614212,0.6150164811313674,0.8184795147545864,0.9354629729604664,0.8730699957864922,0.12653041779810395,frl_apartment_5/seq_0005
frl_apartment_5,seq_0005,33,consec_n1.0,5,0.5999999999999995,1.0,subset,1.0,26873,29365,0.34586402344293105,0.14186071356611876,0.24386236850452492,0.293379972463067,0.5587263749361485,0.3847386631808757,0.5287091132363338,0.767103694874851,0.6259773197778087,0.807799650206527,0.9618253022305465,0.8781093888076272,0.12296160668306917,frl_apartment_5/seq_0005
frl_apartment_5,seq_0005,33,consec_n1.0,5,0.5999999999999995,0.25,fixed,1.0,6718,64831,0.3425441957723327,0.6403889587828051,0.49146657727756893,0.4806490026793689,0.20494825006555506,0.28736454704418385,0.6604644239356952,0.3747281393160679,0.478161481161433,0.7814825841024114,0.6624762844935294,0.7170753820930865,0.0922005795235029,frl_apartment_5/seq_0005
frl_apartment_5,seq_0005,33,consec_n1.0,5,0.5999999999999995,0.25,subset,1.0,6718,29365,0.34754268168799846,0.41495915374442227,0.38125091771621034,0.45355760643048526,0.3321641409841648,0.3834832705662921,0.64676987198571,0.54251660139622,0.5900737975054261,0.7808871688002381,0.7947216073556955,0.7877436522871281,0.11868080370218499,frl_apartment_5/seq_0005
frl_apartment_5,seq_0007,29,all,29,4.199999999999999,1.0,fixed,0.0,99887,68669,0.3793200550862522,0.10764715016196325,0.24348360262410773,0.2282178862114189,0.7786628609707437,0.35298081267200776,0.423368406299118,0.8761012975287248,0.5708691922539276,0.7466937639532671,0.9614527661681399,0.8405728339738431,0.11732603223020525,frl_apartment_5/seq_0007
frl_apartment_5,seq_0007,29,all,29,4.199999999999999,1.0,subset,0.0,99887,68669,0.3793200550862522,0.10764715016196325,0.24348360262410773,0.2282178862114189,0.7786628609707437,0.35298081267200776,0.423368406299118,0.8761012975287248,0.5708691922539276,0.7466937639532671,0.9614527661681399,0.8405728339738431,0.11732603223020525,frl_apartment_5/seq_0007
frl_apartment_5,seq_0007,29,all,29,4.199999999999999,0.25,fixed,0.0,24971,68669,0.36242043594027745,0.3097524379021433,0.3360864369212104,0.3846061431260262,0.42018960520759,0.4016112256436693,0.5841976692963838,0.5679709912769955,0.5759700652973027,0.7811461295102319,0.7778182294776391,0.7794786274824469,0.14040100617871884,frl_apartment_5/seq_0007
frl_apartment_5,seq_0007,29,all,29,4.199999999999999,0.25,subset,0.0,24971,68669,0.36242043594027745,0.3097524379021433,0.3360864369212104,0.3846061431260262,0.42018960520759,0.4016112256436693,0.5841976692963838,0.5679709912769955,0.5759700652973027,0.7811461295102319,0.7778182294776391,0.7794786274824469,0.14040100617871884,frl_apartment_5/seq_0007
frl_apartment_5,seq_0007,29,spaced0.3,11,4.199999999999999,1.0,fixed,0.3,64235,68669,0.36911692261141515,0.1375759250632261,0.25334642383732064,0.2597960613372772,0.6465799705835239,0.37066057305418687,0.4589553981474274,0.8162489624138985,0.5875479713184047,0.7653304273371215,0.9416767391399321,0.8443946520350819,0.12341048394474431,frl_apartment_5/seq_0007
frl_apartment_5,seq_0007,29,spaced0.3,11,4.199999999999999,1.0,subset,0.3,64235,52619,0.3711466157994228,0.1246673996716726,0.24790700773554772,0.2526037207130069,0.6918223455405842,0.3700806337317389,0.453958122518876,0.8464242954066021,0.5909664398725568,0.7638514828364599,0.9496379634732701,0.8466726983572367,0.1188457732730725,frl_apartment_5/seq_0007
frl_apartment_5,seq_0007,29,spaced0.3,11,4.199999999999999,0.25,fixed,0.3,16058,68669,0.3895153565098953,0.35154910545618273,0.370532230983039,0.4184829991281604,0.3366584630619348,0.3731376182031696,0.600448374641923,0.5184872358706257,0.5564660113167595,0.7587495329430813,0.7563238142393219,0.7575347317343137,0.12882794060530012,frl_apartment_5/seq_0007
frl_apartment_5,seq_0007,29,spaced0.3,11,4.199999999999999,0.25,subset,0.3,16058,52619,0.3904665291215852,0.3045217315732667,0.34749413034742593,0.41318968738323575,0.3918736578042152,0.4022494754723872,0.5972723875949683,0.5796575381516182,0.5883331440988173,0.7586872586872587,0.8015165624584276,0.7795140549232601,0.1342706502636204,frl_apartment_5/seq_0007
frl_apartment_5,seq_0007,29,random_n0.3,11,3.7500000000000004,1.0,fixed,0.3,63514,68669,0.3576524946396647,0.14046693114226022,0.24905971289096246,0.26307585729130584,0.65689029984418,0.37569203483732094,0.4679598198822307,0.8210837495813249,0.5961539433802151,0.7801587051673646,0.9352837524938473,0.850707358968468,0.12805208898534998,frl_apartment_5/seq_0007
frl_apartment_5,seq_0007,29,random_n0.3,11,3.7500000000000004,1.0,subset,0.3,63514,52986,0.360106115508435,0.12890677580630946,0.24450644565737223,0.25405422426551627,0.6959951685350847,0.37223435744427613,0.4620870989073275,0.8462046578341449,0.5977569657617526,0.7788361621059924,0.9434378892537651,0.853271341191792,0.12248653622364754,frl_apartment_5/seq_0007
frl_apartment_5,seq_0007,29,random_n0.3,11,3.7500000000000004,0.25,fixed,0.3,15878,68669,0.39848815444698177,0.33807728238352536,0.36828271841525356,0.4199521350296007,0.3381147242569427,0.3746160344492146,0.5979972288701347,0.5185746115423262,0.5554612241522492,0.7494646680942184,0.7624401112583553,0.7558967108638361,0.12874467190970762,frl_apartment_5/seq_0007
frl_apartment_5,seq_0007,29,random_n0.3,11,3.7500000000000004,0.25,subset,0.3,15878,52986,0.4000599294309726,0.2952929016652515,0.34767641554811207,0.41195364655498173,0.38993318989921866,0.40064106851309783,0.5935886131754629,0.5763597931529083,0.5848473461858078,0.7492757274215897,0.8015890990072849,0.774550102648092,0.1324953504777785,frl_apartment_5/seq_0007
frl_apartment_5,seq_0007,29,consec_n0.3,11,1.5000000000000004,1.0,fixed,0.3,57189,68669,0.35209862513106077,0.15048463222997915,0.25129162868051996,0.2650509713406424,0.624939929225706,0.3722306265500458,0.4808092465334243,0.7962544962064396,0.599573085597897,0.7792932207242651,0.9338566165227395,0.8496024277177604,0.12756837081702055,frl_apartment_5/seq_0007
frl_apartment_5,seq_0007,29,consec_n0.3,11,1.5000000000000004,1.0,subset,0.3,57189,47917,0.36422804368093603,0.12390427860648395,0.24406616114371,0.24419031631957194,0.6819500386084271,0.35961200644341285,0.45685359072548914,0.8431245695682117,0.5926014740879896,0.7687142632324399,0.958803764843375,0.8533006517992969,0.11991541424363719,frl_apartment_5/seq_0007
frl_apartment_5,seq_0007,29,consec_n0.3,11,1.5000000000000004,0.25,fixed,0.3,14297,68669,0.4109882867634048,0.4493263601049902,0.43015732343419755,0.37917045534028115,0.2783352022018669,0.32102076733642676,0.5753654612855844,0.42668453013732544,0.48999459828800757,0.7472196964398126,0.6753265665729805,0.7094564517060846,0.1077897715041363,frl_apartment_5/seq_0007
frl_apartment_5,seq_0007,29,consec_n0.3,11,1.5000000000000004,0.25,subset,0.3,14297,47917,0.4164402362225393,0.36244575757219816,0.3894429968973687,0.3604952087850598,0.34300978775799823,0.35153520063327776,0.556550325243058,0.5072729928835278,0.5307703720454695,0.7456809120794572,0.7545130120833942,0.7500709634457748,0.11642196263351552,frl_apartment_5/seq_0007
frl_apartment_5,seq_0007,29,spaced0.5,8,4.199999999999999,1.0,fixed,0.5,54883,68669,0.37497200208439374,0.15178618934949525,0.2633790957169445,0.26815225115245156,0.6126345221278888,0.3730285949469232,0.4677222455040723,0.7945215453843801,0.5888171587629358,0.7602900716068728,0.9298955860723179,0.8365831037669701,0.12453760789149199,frl_apartment_5/seq_0007
frl_apartment_5,seq_0007,29,spaced0.5,8,4.199999999999999,1.0,subset,0.5,54883,46896,0.3776992648406756,0.13152419765169773,0.2546117312461867,0.2593699324016544,0.6752601501194132,0.37478395520412816,0.46129038135670425,0.8394106107130672,0.5953897830346611,0.7587595430278957,0.9436838962811327,0.8411782093573359,0.11921925591056265,frl_apartment_5/seq_0007
frl_apartment_5,seq_0007,29,spaced0.5,8,4.199999999999999,0.25,fixed,0.5,13720,68669,0.4066687817808198,0.4787934228070502,0.442731102293935,0.4298833819241982,0.30485371856296145,0.35673044805038767,0.5946793002915451,0.45540200090288196,0.5158041438129604,0.7392128279883382,0.6879523511336993,0.712662010595877,0.1208968439693884,frl_apartment_5/seq_0007
frl_apartment_5,seq_0007,29,spaced0.5,8,4.199999999999999,0.25,subset,0.5,13720,46896,0.4075744060014463,0.38997915041799375,0.39877677820972,0.42441690962099127,0.3899053224155578,0.40642980253782374,0.5914723032069971,0.5490446946434664,0.569469338407759,0.7387026239067055,0.7604912998976459,0.7494386280155784,0.1304332523844719,frl_apartment_5/seq_0007
frl_apartment_5,seq_0007,29,random_n0.5,8,4.199999999999999,1.0,fixed,0.5,53354,68669,0.392636021780449,0.16406752074542336,0.2783517712629362,0.26273568992015595,0.5806550262855146,0.36177490694485603,0.4523934475390786,0.7779929808210401,0.572111197981811,0.734659069610526,0.9270267515181523,0.8197080363986022,0.11834539875472935,frl_apartment_5/seq_0007
frl_apartment_5,seq_0007,29,random_n0.5,8,4.199999999999999,1.0,subset,0.5,53354,45432,0.39581967202631835,0.1371348980439006,0.2664772850351095,0.2527083255238595,0.6521834830075718,0.3642693952388392,0.4456273194137272,0.8287770734284206,0.579605198628983,0.7330284514750535,0.9449066737101602,0.8255902929998525,0.11386346984270504,frl_apartment_5/seq_0007
frl_apartment_5,seq_0007,29,random_n0.5,8,4.199999999999999,0.25,fixed,0.5,13338,68669,0.40684171401821523,0.4508178839821277,0.4288297990001715,0.4346978557504873,0.29878110937977836,0.35414650933602415,0.5874943769680612,0.4343299014111171,0.49943298515644896,0.737666816614185,0.6904134325532627,0.7132583469817612,0.1204742274630109,frl_apartment_5/seq_0007
frl_apartment_5,seq_0007,29,random_n0.5,8,4.199999999999999,0.25,subset,0.5,13338,45432,0.4082154564044827,0.3642762638803163,0.3862458601423995,0.4301994301994302,0.3973851030110935,0.41314171066468264,0.5838956365272154,0.54072019721782,0.5614791367221655,0.7367671315039737,0.7715486881493221,0.75375688085549,0.13230314818817088,frl_apartment_5/seq_0007
frl_apartment_5,seq_0007,29,consec_n0.5,8,1.0499999999999994,1.0,fixed,0.5,48535,68669,0.360962957558279,0.16523825406458123,0.26310060581143013,0.26549912434325745,0.5558985859703797,0.35936449772287726,0.47819099618831773,0.7669108331270297,0.5890760846159598,0.7719583805501185,0.9235899750979336,0.8409940289746808,0.1220415854866013,frl_apartment_5/seq_0007
frl_apartment_5,seq_0007,29,consec_n0.5,8,1.0499999999999994,1.0,subset,0.5,48535,42687,0.3763770221336588,0.13221461437880627,0.25429581825623254,0.23900278149788812,0.6310820624546115,0.34670266774192965,0.4475739157309158,0.8281209735985194,0.5810877662874642,0.7587308128154939,0.9523976854780144,0.8446045644695701,0.11310151643525324,frl_apartment_5/seq_0007
frl_apartment_5,seq_0007,29,consec_n0.5,8,1.0499999999999994,0.25,fixed,0.5,12133,68669,0.43261007975860455,0.4248386622432998,0.4287243710009522,0.3758345009478282,0.26164644890707595,0.3085135722789657,0.5617736751009643,0.41659264005592045,0.47841135737936746,0.7316409791477788,0.7031702806215323,0.717123160441705,0.09718396577983733,frl_apartment_5/seq_0007
frl_apartment_5,seq_0007,29,consec_n0.5,8,1.0499999999999994,0.25,subset,0.5,12133,42687,0.43984746705178956,0.32722625951055906,0.3835368632811743,0.3528393637187835,0.3485604516597559,0.3506868558691754,0.5374598203247342,0.5196664089769719,0.5284133664568271,0.7294156432869034,0.794715018623937,0.7606664979924835,0.1091197462331483,frl_apartment_5/seq_0007
frl_apartment_5,seq_0007,29,spaced1.0,5,4.199999999999999,1.0,fixed,1.0,41084,68669,0.39488692066719916,0.17637564398288116,0.28563128232504015,0.2721010612403856,0.5180649201240735,0.3568010212582318,0.45733132119559927,0.7432465887081507,0.5662438756936169,0.7409210398208549,0.9147213444203353,0.8186988882443518,0.11646550651474483,frl_apartment_5/seq_0007
frl_apartment_5,seq_0007,29,spaced1.0,5,4.199999999999999,1.0,subset,1.0,41084,38394,0.3989855370439659,0.14233622869449697,0.2706608828692314,0.2590302794275144,0.6168411730999636,0.3648492960226185,0.4478872553792231,0.817731937281867,0.5787707947997056,0.738754746373284,0.9401468979528051,0.8273718540904064,0.11297273271880495,frl_apartment_5/seq_0007
frl_apartment_5,seq_0007,29,spaced1.0,5,4.199999999999999,0.25,fixed,1.0,10271,68669,0.44644373952454974,0.6592906015508191,0.5528671705376844,0.42430143121409797,0.24572951404563922,0.3112196092993641,0.5719014701586993,0.38404520234749306,0.4595152054959503,0.7157044104760978,0.617614935414816,0.6630515556750333,0.1029680444000138,frl_apartment_5/seq_0007
frl_apartment_5,seq_0007,29,spaced1.0,5,4.199999999999999,0.25,subset,1.0,10271,38394,0.44770979672107375,0.4667282124980004,0.45721900460953707,0.41777821049557007,0.36430171380944937,0.3892116735026241,0.5675202025119268,0.5283638068448195,0.5472424674515552,0.7149255184500048,0.7424337136010835,0.7284200023407956,0.12087728109827557,frl_apartment_5/seq_0007
frl_apartment_5,seq_0007,29,random_n1.0,5,3.9,1.0,fixed,1.0,39586,68669,0.3748524775157213,0.1743819667830337,0.2746172221493775,0.28949628656595766,0.5237443387846044,0.3728835881083202,0.48590410751275703,0.7397515618401317,0.5865404638920746,0.7606982266457839,0.9223521530821768,0.8337619071224005,0.12365295799428194,frl_apartment_5/seq_0007
frl_apartment_5,seq_0007,29,random_n1.0,5,3.9,1.0,subset,1.0,39586,36923,0.38289286509125053,0.14226549288002538,0.262579178985638,0.2695144748143283,0.6201554586572056,0.3757368130696383,0.4729955034608195,0.8066516805243344,0.5963247096889641,0.7565553478502501,0.9439644665926388,0.8399330126185417,0.11862766836662703,frl_apartment_5/seq_0007
frl_apartment_5,seq_0007,29,random_n1.0,5,3.9,0.25,fixed,1.0,9896,68669,0.4311291065057798,0.7444986132664776,0.5878138598861287,0.44593775262732416,0.258165984651007,0.32701419664409814,0.6043856103476152,0.39393321586159696,0.47697701546663096,0.7305982215036378,0.5986544146558127,0.6580778382452991,0.10590004546567341,frl_apartment_5/seq_0007
frl_apartment_5,seq_0007,29,random_n1.0,5,3.9,0.25,subset,1.0,9896,36923,0.4334734180145263,0.4989811386933216,0.46622727835392397,0.4359337105901374,0.384882051837608,0.4088202704608359,0.5981204527081649,0.542155296156867,0.5687644791152303,0.7303961196443007,0.7344473634320071,0.7324161393777807,0.12568162980412687,frl_apartment_5/seq_0007
frl_apartment_5,seq_0007,29,consec_n1.0,5,0.6000000000000003,1.0,fixed,1.0,33141,68669,0.38624144744509975,0.21670779057477044,0.3014746190099351,0.2635406294318216,0.40596193333236247,0.3196028495964211,0.4638363356567394,0.6127947108593398,0.528010880077444,0.7497963247940618,0.8930958656744674,0.8151965194752251,0.10791163523282582,frl_apartment_5/seq_0007
frl_apartment_5,seq_0007,29,consec_n1.0,5,0.6000000000000003,1.0,subset,1.0,33141,35154,0.40823583933423185,0.1736589242105667,0.29094738177239926,0.2276334449775203,0.48936109688797863,0.31072747648192073,0.42376512476992245,0.695994765887239,0.5267884861143334,0.7283727105398148,0.9340615577174717,0.8184924500129747,0.10223731336341225,frl_apartment_5/seq_0007
frl_apartment_5,seq_0007,29,consec_n1.0,5,0.6000000000000003,0.25,fixed,1.0,8285,68669,0.45319714913122594,0.5962800656427825,0.5247386073870042,0.3695835847917924,0.19122165751649217,0.25203896234594647,0.5408569704284852,0.3241928672326668,0.40539160721666395,0.7141822570911286,0.5694126898600533,0.6336335945019111,0.07829398871761704,frl_apartment_5/seq_0007
frl_apartment_5,seq_0007,29,consec_n1.0,5,0.6000000000000003,0.25,subset,1.0,8285,35154,0.461268032739263,0.43893813559231587,0.4501030841657894,0.3465298732649366,0.29228537293053425,0.31710455829609435,0.5164755582377791,0.4579564203220117,0.4854588171130573,0.708147254073627,0.7095920805598225,0.7088689311011439,0.09722019375882382,frl_apartment_5/seq_0007
frl_apartment_5,seq_0012,15,all,15,2.1000000000000005,1.0,fixed,0.0,80050,47988,0.681412922106489,0.28434510067675395,0.4828790113916215,0.1275952529668957,0.525652246394932,0.20534554335654176,0.2363897564022486,0.703405017921147,0.35385968379790317,0.49582760774515927,0.8507543552554805,0.6265158873881336,0.06141055108931144,frl_apartment_5/seq_0012
frl_apartment_5,seq_0012,15,all,15,2.1000000000000005,1.0,subset,0.0,80050,47988,0.681412922106489,0.28434510067675395,0.4828790113916215,0.1275952529668957,0.525652246394932,0.20534554335654176,0.2363897564022486,0.703405017921147,0.35385968379790317,0.49582760774515927,0.8507543552554805,0.6265158873881336,0.06141055108931144,frl_apartment_5/seq_0012
frl_apartment_5,seq_0012,15,all,15,2.1000000000000005,0.25,fixed,0.0,20012,47988,0.3880594795167704,0.5673986841882132,0.47772908185249174,0.26678992604437335,0.3199341502042177,0.29095519249115753,0.4404357385568659,0.46851296157372674,0.4540407004807679,0.7373076154307415,0.689630741018588,0.7126726881928991,0.09475358664985893,frl_apartment_5/seq_0012
frl_apartment_5,seq_0012,15,all,15,2.1000000000000005,0.25,subset,0.0,20012,47988,0.3880594795167704,0.5673986841882132,0.47772908185249174,0.26678992604437335,0.3199341502042177,0.29095519249115753,0.4404357385568659,0.46851296157372674,0.4540407004807679,0.7373076154307415,0.689630741018588,0.7126726881928991,0.09475358664985893,frl_apartment_5/seq_0012
frl_apartment_5,seq_0012,15,spaced0.3,6,1.9500000000000002,1.0,fixed,0.3,42951,47988,0.6162405816084132,0.3381788018573566,0.4772096917328849,0.16428022630439337,0.4124572809869134,0.23497197461513608,0.2854182673278853,0.6119029757439359,0.3892659144271088,0.5473446485530022,0.804576144036009,0.6514885327684968,0.0717390912206649,frl_apartment_5/seq_0012
frl_apartment_5,seq_0012,15,spaced0.3,6,1.9500000000000002,1.0,subset,0.3,42951,35525,0.6231948097294423,0.28069803353495004,0.45194642163219617,0.1590882633698866,0.4617030260380014,0.23663841248502507,0.2807850806733254,0.6622941590429275,0.3943726275478011,0.5435496263183628,0.8440816326530612,0.6612711454062353,0.07059376174370538,frl_apartment_5/seq_0012
frl_apartment_5,seq_0012,15,spaced0.3,6,1.9500000000000002,0.25,fixed,0.3,10737,47988,0.34722071887840184,0.9162026330999048,0.6317116759891533,0.30967681847815964,0.2490831041093607,0.276094473132758,0.4926888330073577,0.37467700258397935,0.42565470666006305,0.7806649902207321,0.5861673751771276,0.6695778645498572,0.08752149054416057,frl_apartment_5/seq_0012
frl_apartment_5,seq_0012,15,spaced0.3,6,1.9500000000000002,0.25,subset,0.3,10737,35525,0.34842290523295205,0.7475204334526487,0.5479716693428004,0.3067896060352054,0.30738916256157633,0.3070890916571871,0.490826115302226,0.44858550316678397,0.46875613537562466,0.7800130390239359,0.6624630541871921,0.7164483662080338,0.09483597135025201,frl_apartment_5/seq_0012
frl_apartment_5,seq_0012,15,random_n0.3,6,1.2000000000000002,1.0,fixed,0.3,40293,47988,0.6339239238187875,0.4688271770017394,0.5513755504102634,0.15034869580324126,0.3478994748687172,0.20996055939995423,0.2631474449656268,0.520400933566725,0.34954363962137,0.5217283399101581,0.7185963157456031,0.604538595874792,0.06686215906314029,frl_apartment_5/seq_0012
frl_apartment_5,seq_0012,15,random_n0.3,6,1.2000000000000002,1.0,subset,0.3,40293,33901,0.6551210142167263,0.383985344510493,0.5195531793636097,0.14372223463132555,0.3969499424795729,0.2110355782492525,0.2544610726428908,0.5716055573581901,0.35215407080131583,0.5123222395949669,0.7749918881448925,0.6168588866486182,0.06505046507025529,frl_apartment_5/seq_0012
frl_apartment_5,seq_0012,15,random_n0.3,6,1.2000000000000002,0.25,fixed,0.3,10073,47988,0.37891308646058836,0.9513567785761211,0.6651349325183548,0.2938548595254641,0.2056764191047762,0.24198290609334294,0.45974386975081905,0.30513878469617406,0.3668162295789202,0.7380125086865879,0.5287571892973243,0.616101601388863,0.0815128790348875,frl_apartment_5/seq_0012
frl_apartment_5,seq_0012,15,random_n0.3,6,1.2000000000000002,0.25,subset,0.3,10073,33901,0.38180400605123993,0.7732122352927288,0.5775081206719843,0.2872034150699891,0.25898941034187783,0.2723677047975152,0.4535888017472451,0.37099200613551225,0.4081536167519924,0.7355306264270823,0.6124893071000855,0.6683946320473845,0.08772010694201161,frl_apartment_5/seq_0012
frl_apartment_5,seq_0012,15,consec_n0.3,6,0.7499999999999999,1.0,fixed,0.3,40403,47988,0.6618880773595912,0.47127517360479454,0.5665816254821929,0.1369700269781947,0.3064724514461949,0.18932575017084782,0.2422344875380541,0.44971659581562057,0.3148687002461835,0.4957057644234339,0.6999666583312495,0.5803889106008062,0.05945039590125757,frl_apartment_5/seq_0012
frl_apartment_5,seq_0012,15,consec_n0.3,6,0.7499999999999999,1.0,subset,0.3,40403,34049,0.7004899452550387,0.4092479346025143,0.5548689399287765,0.1292478281315744,0.35075919997650445,0.18889250423193446,0.23243323515580527,0.49287791124555785,0.3158953450971688,0.48100388585006065,0.7402566888895415,0.5831128118719292,0.057605228964050875,frl_apartment_5/seq_0012
frl_apartment_5,seq_0012,15,consec_n0.3,6,0.7499999999999999,0.25,fixed,0.3,10100,47988,0.38754951532866616,0.9069747389077475,0.6472621271182069,0.28336633663366334,0.19025589730766024,0.22765872368103915,0.4417821782178218,0.26608735517212634,0.33213083999026777,0.7228712871287128,0.4558222889055597,0.5590950037951801,0.07795633471309146,frl_apartment_5/seq_0012
frl_apartment_5,seq_0012,15,consec_n0.3,6,0.7499999999999999,0.25,subset,0.3,10100,34049,0.39183732335284477,0.7564444654484199,0.5741408944006323,0.2722772277227723,0.2375400158594966,0.25372518409534833,0.43366336633663366,0.32332814473259125,0.370454805967544,0.7182178217821782,0.5349349466944697,0.6131731451658634,0.08361869504858861,frl_apartment_5/seq_0012
frl_apartment_5,seq_0012,15,spaced0.5,4,1.8,1.0,fixed,0.5,32259,47988,0.5795527137338541,0.3519313165040215,0.46574201511893776,0.17973278774915527,0.3706343252479787,0.24207529461409966,0.3038841873585666,0.584333583395849,0.3998337839733748,0.5765832790849066,0.8186004834541969,0.6766009807217519,0.07730066775748463,frl_apartment_5/seq_0012
frl_apartment_5,seq_0012,15,spaced0.5,4,1.8,1.0,subset,0.5,32259,29857,0.6013087070418643,0.26735677105357825,0.4343327390477213,0.1711770358659599,0.4327963291690391,0.24532470155047756,0.297002386930779,0.6534815956057206,0.4083931918395689,0.5704764561827707,0.8736979602773219,0.6902547372011211,0.0764288614488046,frl_apartment_5/seq_0012
frl_apartment_5,seq_0012,15,spaced0.5,4,1.8,0.25,fixed,0.5,8064,47988,0.33807008815568723,0.9011464129448385,0.6196082505502629,0.328125,0.2129282320580145,0.25826322440873806,0.5032242063492064,0.3446486621655414,0.40910744034393787,0.7808779761904762,0.5583270817704427,0.6511106257753707,0.08248742166122341,frl_apartment_5/seq_0012
frl_apartment_5,seq_0012,15,spaced0.5,4,1.8,0.25,subset,0.5,8064,29857,0.33967453662713865,0.6534070644277313,0.496540800527435,0.32242063492063494,0.29661385939645646,0.3089793210259398,0.49975198412698413,0.45949023679539136,0.4787761683481132,0.7797619047619048,0.6864386910942157,0.730130301109794,0.09425456070455022,frl_apartment_5/seq_0012
frl_apartment_5,seq_0012,15,random_n0.5,4,1.2000000000000004,1.0,fixed,0.5,31873,47988,0.6723833505778632,0.4560352479006439,0.5642092992392536,0.15018981583158159,0.2854255230474285,0.19681587361198272,0.25880839582091425,0.4536342418938068,0.3295826055851087,0.5015530386220312,0.6990914395265483,0.5840720415586664,0.06130335499736519,frl_apartment_5/seq_0012
frl_apartment_5,seq_0012,15,random_n0.5,4,1.2000000000000004,1.0,subset,0.5,31873,29909,0.6824941123250933,0.37271385649071825,0.5276039844079058,0.1422520628745333,0.3525025911932863,0.20270338178158762,0.2508078938286324,0.5226520445350897,0.33895810757151623,0.4944310231230195,0.756160353070982,0.5979077484953834,0.060691652227575894,frl_apartment_5/seq_0012
frl_apartment_5,seq_0012,15,random_n0.5,4,1.2000000000000004,0.25,fixed,0.5,7968,47988,0.3455459648456801,1.1516499562232005,0.7485979605344404,0.30961345381526106,0.19163124114361924,0.23673711074088633,0.4691265060240964,0.28013253313328335,0.3507934896328765,0.7600401606425703,0.43852629824122696,0.5561603959310654,0.07554479418886198,frl_apartment_5/seq_0012
frl_apartment_5,seq_0012,15,random_n0.5,4,1.2000000000000004,0.25,subset,0.5,7968,29909,0.34764097250607123,0.8525559657918894,0.6000984691489804,0.3044678714859438,0.27128957838777623,0.2869227675861133,0.46573795180722893,0.3837306496372329,0.42077582739092395,0.7581576305220884,0.5605336186432177,0.6445372871132792,0.08601139154517427,frl_apartment_5/seq_0012
frl_apartment_5,seq_0012,15,consec_n0.5,4,0.45,1.0,fixed,0.5,29387,47988,0.6534359358171246,0.5395407992401113,0.5964883675286179,0.1511212440875217,0.2570017504376094,0.19032705718526105,0.26055738932180894,0.3994957072601484,0.3154035912201772,0.4957634328104264,0.6387638576310745,0.5582514682236999,0.05984605071542498,frl_apartment_5/seq_0012
frl_apartment_5,seq_0012,15,consec_n0.5,4,0.45,1.0,subset,0.5,29387,28449,0.6940389638323486,0.44138613232219903,0.5677125480772738,0.1399938748426175,0.32313965341488277,0.1953543392423016,0.24844318916527716,0.46592147351400753,0.32407822734751834,0.47898730731275735,0.7032584625118633,0.5698508481082358,0.058847537178277176,frl_apartment_5/seq_0012
frl_apartment_5,seq_0012,15,consec_n0.5,4,0.45,0.25,fixed,0.5,7346,47988,0.3806017099155554,1.1376658923742242,0.7591338011448898,0.3041110808603322,0.15993581728765524,0.20962645998818163,0.4673291587258372,0.2391639576560807,0.31640305768680116,0.7246120337598693,0.4173960156705843,0.5296813379715973,0.0698750786375483,frl_apartment_5/seq_0012
frl_apartment_5,seq_0012,15,consec_n0.5,4,0.45,0.25,subset,0.5,7346,28449,0.3858245540659492,0.8543872759313315,0.6201059149986403,0.29335692894092025,0.23111532918556013,0.2585428767700253,0.45766403484889734,0.32640866111286865,0.38105013890657496,0.7198475360740539,0.5294034939716686,0.6101092439532398,0.08077051182413678,frl_apartment_5/seq_0012
frl_apartment_5,seq_0012,15,spaced1.0,3,2.1000000000000005,1.0,fixed,1.0,23995,47988,0.65660186624992,0.4405207830067877,0.5485613246283538,0.18774744738487184,0.2944902892389764,0.22930515754048994,0.31085642842258804,0.4973743435858965,0.3825937279074989,0.5410710564700979,0.7587938651329499,0.6316985579458405,0.07162155003443343,frl_apartment_5/seq_0012
frl_apartment_5,seq_0012,15,spaced1.0,3,2.1000000000000005,1.0,subset,1.0,23995,26303,0.6705127835471446,0.3170003421446206,0.4937565628458826,0.1796624296728485,0.37417785043531154,0.2427620530808745,0.3046468014169619,0.5848762498574307,0.40062071126440185,0.5382788080850177,0.8428696346424362,0.6569878345740056,0.07321300502032034,frl_apartment_5/seq_0012
frl_apartment_5,seq_0012,15,spaced1.0,3,2.1000000000000005,0.25,fixed,1.0,5998,47988,0.33460469317947367,1.1189688299274307,0.7267867615534522,0.3442814271423808,0.16950070851046095,0.22716222218772045,0.5031677225741914,0.2865508043677586,0.3651506472663171,0.7662554184728243,0.5023339168125365,0.6068411186094336,0.07059103908484271,frl_apartment_5/seq_0012
frl_apartment_5,seq_0012,15,spaced1.0,3,2.1000000000000005,0.25,subset,1.0,5998,26303,0.3358652800376166,0.7448868166473415,0.5403760483424791,0.34061353784594867,0.2606546781735924,0.2953174963298545,0.5005001667222407,0.4135269741094172,0.45287565377454375,0.7654218072690897,0.6589362430141048,0.7081985739508141,0.08640552995391705,frl_apartment_5/seq_0012
frl_apartment_5,seq_0012,15,random_n1.0,3,1.35,1.0,fixed,1.0,25714,47988,0.6296506864097297,0.42812105424949126,0.5288858703296104,0.1679629773664152,0.2815912311411186,0.2104169005102043,0.274675274169713,0.44113111611236144,0.3385491158166564,0.5386170957455083,0.7084687838626323,0.6119761357739814,0.0651833518537226,frl_apartment_5/seq_0012
frl_apartment_5,seq_0012,15,random_n1.0,3,1.35,1.0,subset,1.0,25714,26394,0.6521807695351627,0.3185902367601098,0.48538550314763623,0.15874620829120323,0.3683791770857013,0.22187813069930354,0.26526405848953877,0.5418276881109343,0.35616127201325093,0.5298669985222058,0.7969993180268243,0.6365428546946063,0.0670923797360579,frl_apartment_5/seq_0012
frl_apartment_5,seq_0012,15,random_n1.0,3,1.35,0.25,fixed,1.0,6428,47988,0.3480086374305268,1.1715750517096033,0.7597918445700651,0.33478531425015556,0.17704426106526633,0.23160763439820656,0.4909769757311761,0.269296490789364,0.347817943003824,0.761667703795893,0.4632824872884888,0.5761333168812341,0.07273068091288251,frl_apartment_5/seq_0012
frl_apartment_5,seq_0012,15,random_n1.0,3,1.35,0.25,subset,1.0,6428,26394,0.3499576319911817,0.793000494457481,0.5714790632243314,0.32840696950840076,0.2732439190725165,0.2982966005779784,0.48599875544492843,0.4018337500947185,0.43992690338162144,0.7612009956440573,0.6171099492308858,0.6816237069335973,0.08856922070974262,frl_apartment_5/seq_0012
frl_apartment_5,seq_0012,15,consec_n1.0,3,0.30000000000000004,1.0,fixed,1.0,23522,47988,0.649676479525009,0.5674797128133137,0.6085780961691614,0.15700195561601904,0.21928398766358256,0.18298857830508702,0.2602244707082731,0.35319246478286237,0.2996634650547529,0.49430320550973555,0.6037967825289656,0.5435910906685368,0.058672456247186845,frl_apartment_5/seq_0012
frl_apartment_5,seq_0012,15,consec_n1.0,3,0.30000000000000004,1.0,subset,1.0,23522,25084,0.6908527902986837,0.45018125578258794,0.5705170230406358,0.14514071932658787,0.29704193908467547,0.1950003234582576,0.24713034605900858,0.43023441237442195,0.3139341924504161,0.47670266133832156,0.6830649019295169,0.5615243380304842,0.05849354114864455,frl_apartment_5/seq_0012
frl_apartment_5,seq_0012,15,consec_n1.0,3,0.30000000000000004,0.25,fixed,1.0,5880,47988,0.36946694585655204,1.2640892240997834,0.8167780849781677,0.31581632653061226,0.1368258731349504,0.1909315775672306,0.4714285714285714,0.20365508043677585,0.2844353388478441,0.7280612244897959,0.37473951821288654,0.4948007412946526,0.06359784833626886,frl_apartment_5/seq_0012
frl_apartment_5,seq_0012,15,consec_n1.0,3,0.30000000000000004,0.25,subset,1.0,5880,25084,0.3745727705879388,0.8919733849143393,0.6332730777511391,0.3051020408163265,0.2181071599425929,0.2543722072112418,0.46241496598639453,0.3046563546483814,0.36731306224743093,0.7227891156462585,0.5090894594163611,0.597403555196467,0.07811914574747096,frl_apartment_5/seq_0012
frl_apartment_5,seq_0013,16,all,16,2.260215809937197,1.0,fixed,0.0,76230,51631,0.6095012874956673,0.25228478526486686,0.4308930363802671,0.15234159779614326,0.530708295403924,0.23672926528610255,0.28676374130919585,0.684181983691968,0.4041391404851611,0.5524858979404434,0.8160988553388469,0.6589041823236476,0.07138561394351334,frl_apartment_5/seq_0013
frl_apartment_5,seq_0013,16,all,16,2.260215809937197,1.0,subset,0.0,76230,51631,0.6095012874956673,0.25228478526486686,0.4308930363802671,0.15234159779614326,0.530708295403924,0.23672926528610255,0.28676374130919585,0.684181983691968,0.4041391404851611,0.5524858979404434,0.8160988553388469,0.6589041823236476,0.07138561394351334,frl_apartment_5/seq_0013
frl_apartment_5,seq_0013,16,all,16,2.260215809937197,0.25,fixed,0.0,19057,51631,0.3788342888376832,0.6206791418727008,0.499756715355192,0.30235608962585925,0.3125447889833627,0.30736602765534454,0.49105315632051216,0.4260618620596153,0.4562547073358498,0.759196095922758,0.6133524432995681,0.6785257746025548,0.0956989879971758,frl_apartment_5/seq_0013
frl_apartment_5,seq_0013,16,all,16,2.260215809937197,0.25,subset,0.0,19057,51631,0.3788342888376832,0.6206791418727008,0.499756715355192,0.30235608962585925,0.3125447889833627,0.30736602765534454,0.49105315632051216,0.4260618620596153,0.4562547073358498,0.759196095922758,0.6133524432995681,0.6785257746025548,0.0956989879971758,frl_apartment_5/seq_0013
frl_apartment_5,seq_0013,16,spaced0.3,7,1.9617786591483912,1.0,fixed,0.3,47944,51631,0.5772876253479299,0.2881403207273031,0.4327139730376165,0.17301435007508761,0.42288547578005464,0.2455622659170441,0.3153053562489571,0.6099242703027251,0.4157073742859522,0.5778408142833306,0.7951811895953981,0.6693092241793035,0.0736760074033185,frl_apartment_5/seq_0013
frl_apartment_5,seq_0013,16,spaced0.3,7,1.9617786591483912,1.0,subset,0.3,47944,38346,0.5807331502896849,0.25215549486718974,0.41644432257843733,0.1660687468713499,0.4750430292598967,0.2461031087440545,0.31052895044218254,0.6561310175768007,0.4215498375467721,0.5758801935591523,0.8274396286444479,0.6791126099167208,0.07138635097022614,frl_apartment_5/seq_0013
frl_apartment_5,seq_0013,16,spaced0.3,7,1.9617786591483912,0.25,fixed,0.3,11986,51631,0.377797960629855,1.0317895499609342,0.7047937552953946,0.3358918738528283,0.25048904727779825,0.28697125857205824,0.5240280327048223,0.3612364664639461,0.427664353512622,0.7610545636576005,0.5064980341267843,0.608215613347451,0.08333034143539296,frl_apartment_5/seq_0013
frl_apartment_5,seq_0013,16,spaced0.3,7,1.9617786591483912,0.25,subset,0.3,11986,38346,0.3786767091139236,0.8155311798408379,0.5971039444773807,0.3321374937426998,0.3144265373181036,0.32303944251179495,0.5211913899549474,0.4423929484170448,0.4785702434336053,0.7612214249958285,0.5909873259270849,0.6653887043544743,0.08822364773897204,frl_apartment_5/seq_0013
frl_apartment_5,seq_0013,16,random_n0.3,7,1.2190469668926045,1.0,fixed,0.3,43364,51631,0.5839792556773973,0.3084875131636813,0.4462333844205393,0.17431510008301818,0.38624082431097595,0.24021727365990023,0.3182363250622636,0.5824795181189596,0.4115973815127406,0.5835024444239462,0.7794154674517247,0.6673781693191237,0.07225977283812975,frl_apartment_5/seq_0013
frl_apartment_5,seq_0013,16,random_n0.3,7,1.2190469668926045,1.0,subset,0.3,43364,36289,0.5903860920888303,0.2618173573355501,0.4261017247121902,0.16343049534175813,0.4459753644355039,0.23920339310998864,0.30755926575039205,0.6441896993579321,0.41634195192624446,0.5781523844663776,0.823638017029954,0.6794001199818788,0.06956907056607954,frl_apartment_5/seq_0013
frl_apartment_5,seq_0013,16,random_n0.3,7,1.2190469668926045,0.25,fixed,0.3,10841,51631,0.3669607925769998,1.2028289408429458,0.7848948667099728,0.3263536574116779,0.21951928105208113,0.26248203637039247,0.5106539987086062,0.3354186438380043,0.40488928043281724,0.7623835439535098,0.4836435474811644,0.59183605922146,0.07240755107318335,frl_apartment_5/seq_0013
frl_apartment_5,seq_0013,16,random_n0.3,7,1.2190469668926045,0.25,subset,0.3,10841,36289,0.36892853680614823,0.9360451665684866,0.6524868516873175,0.31961996125818654,0.28697401416407176,0.30241851058734154,0.5037358177289918,0.42754002590316625,0.46252080096962783,0.7619223318882022,0.5826007881176114,0.6603033364581421,0.07926596151395437,frl_apartment_5/seq_0013
frl_apartment_5,seq_0013,16,consec_n0.3,7,0.9045159063913294,1.0,fixed,0.3,43491,51631,0.5433587606505436,0.34924761574421265,0.44630318819737813,0.1841990296843025,0.4022002285448665,0.2526773040624012,0.3327814950219586,0.5882125079893862,0.4250760312429797,0.6012968200317307,0.7518157695957854,0.6681845028610636,0.07615940258924521,frl_apartment_5/seq_0013
frl_apartment_5,seq_0013,16,consec_n0.3,7,0.9045159063913294,1.0,subset,0.3,43491,36439,0.5507971168044512,0.296167554095496,0.4234823354499736,0.17297831735301555,0.46087982655945553,0.25154592605885345,0.32091697132740105,0.6476302862317846,0.4291696628642858,0.5946057805063116,0.7954389527703833,0.6805142137292779,0.07273630559184499,frl_apartment_5/seq_0013
frl_apartment_5,seq_0013,16,consec_n0.3,7,0.9045159063913294,0.25,fixed,0.3,10872,51631,0.38342261662212584,0.9497136734691709,0.6665681450456484,0.33931199411331864,0.23125641571923844,0.2750522959804984,0.5138888888888888,0.3484147120915729,0.41527473401641835,0.7519315673289183,0.49057736631093724,0.5937673331098912,0.07769330613758577,frl_apartment_5/seq_0013
frl_apartment_5,seq_0013,16,consec_n0.3,7,0.9045159063913294,0.25,subset,0.3,10872,36439,0.38549358289175656,0.7600135851166276,0.5727535840041921,0.33213760117733626,0.29753835176596505,0.3138874017718907,0.5074503311258278,0.4376080573012432,0.4699484313354307,0.7512877115526122,0.5834408189028238,0.6568105913047605,0.0838608930530936,frl_apartment_5/seq_0013
frl_apartment_5,seq_0013,16,spaced0.5,4,1.8127535705357354,1.0,fixed,0.5,32351,51631,0.5534773937429291,0.3424706349371269,0.44797401434002804,0.20166300887144137,0.3575177703317774,0.25787048472176866,0.3578869277611202,0.5387267339389127,0.430069859401012,0.6129331396247412,0.7352172144641785,0.6685292841423871,0.07775147676625509,frl_apartment_5/seq_0013
frl_apartment_5,seq_0013,16,spaced0.5,4,1.8127535705357354,1.0,subset,0.5,32351,30245,0.5585681272139472,0.27047123494133735,0.41451968107764225,0.18973138388303298,0.44694990907588034,0.26638264925693345,0.34947915056721585,0.6269796660605058,0.4487978753153725,0.6100275107415536,0.8027442552488014,0.693241600065855,0.07609873286541995,frl_apartment_5/seq_0013
frl_apartment_5,seq_0013,16,spaced0.5,4,1.8127535705357354,0.25,fixed,0.5,8087,51631,0.37525093190944714,1.3793436330853512,0.8772972824973992,0.3641647087918882,0.20704615444209873,0.26399673882953206,0.5548411030048226,0.3163215897425965,0.4029286864971553,0.7588722641276122,0.45062075109914584,0.5654660016128858,0.07328132020750787,frl_apartment_5/seq_0013
frl_apartment_5,seq_0013,16,spaced0.5,4,1.8127535705357354,0.25,subset,0.5,8087,30245,0.3762285450614792,0.9142362386825088,0.645232391871994,0.3586002225794485,0.31135724913208795,0.3333130341997764,0.5510077902806975,0.4584228798148454,0.500469394291306,0.7589959193767776,0.6113407174739627,0.6772133174195349,0.08541466133036121,frl_apartment_5/seq_0013
frl_apartment_5,seq_0013,16,random_n0.5,4,1.2001690531540463,1.0,fixed,0.5,31682,51631,0.5387482468726424,0.3931422748306902,0.4659452608516663,0.20500599709614292,0.3770409250256629,0.2655993798546788,0.3526292532037119,0.5462415990393368,0.4285838541930146,0.6125244618395304,0.7240804942766942,0.6636471203489496,0.08307090889347378,frl_apartment_5/seq_0013
frl_apartment_5,seq_0013,16,random_n0.5,4,1.2001690531540463,1.0,subset,0.5,31682,30432,0.5452116171154401,0.30555222855766684,0.42538192283655346,0.19162300359825768,0.45176130389064145,0.2691015523796672,0.34300233571112937,0.6221411671924291,0.44220548104414875,0.6065904930244302,0.7922252891692955,0.6870902299800778,0.08199890222657089,frl_apartment_5/seq_0013
frl_apartment_5,seq_0013,16,random_n0.5,4,1.2001690531540463,0.25,fixed,0.5,7920,51631,0.4161972646743456,1.1538274109228,0.7850123377985727,0.3157828282828283,0.20890550250818307,0.25145888160472757,0.48055555555555557,0.31556622959074976,0.380964590103978,0.728030303030303,0.45943328620402474,0.5633542916343169,0.077196022610059,frl_apartment_5/seq_0013
frl_apartment_5,seq_0013,16,random_n0.5,4,1.2001690531540463,0.25,subset,0.5,7920,30432,0.42013668065217286,0.831961995825664,0.6260493382389184,0.30505050505050507,0.2974171924290221,0.30118549140722856,0.4722222222222222,0.4321437960042061,0.4512949393407214,0.7244949494949495,0.5946372239747634,0.6531743736008643,0.08919737506309945,frl_apartment_5/seq_0013
frl_apartment_5,seq_0013,16,consec_n0.5,4,0.453028408496663,1.0,fixed,0.5,29552,51631,0.5288909632773093,0.4957764485376381,0.5123337059074737,0.20320113697888467,0.31521760182835895,0.24710748394106818,0.35036545749864645,0.4918169316883268,0.4092122240715848,0.6071670276123443,0.699908969417598,0.650247804299274,0.07131636820609488,frl_apartment_5/seq_0013
frl_apartment_5,seq_0013,16,consec_n0.5,4,0.453028408496663,1.0,subset,0.5,29552,28856,0.5411373332176155,0.38273660618928995,0.4619369697034527,0.185368164591229,0.3963473800942612,0.2525983259681937,0.33205874390904166,0.5794635431106182,0.4221859169138332,0.5960002707092582,0.7801497088993623,0.6757540160411979,0.07025160585980146,frl_apartment_5/seq_0013
frl_apartment_5,seq_0013,16,consec_n0.5,4,0.453028408496663,0.25,fixed,0.5,7388,51631,0.38290964824419815,1.3222018240556397,0.852555736149919,0.37236058473199785,0.17820689120876992,0.24105028035077056,0.5240931239848403,0.28229164649144894,0.36693924860992366,0.7464807796426638,0.4360752261238403,0.5505392948704868,0.06637758505670446,frl_apartment_5/seq_0013
frl_apartment_5,seq_0013,16,consec_n0.5,4,0.453028408496663,0.25,subset,0.5,7388,28856,0.38597949269841464,0.8884175954739402,0.6371985440861774,0.3612615051434759,0.27127807041863045,0.3098693830967414,0.5142122360584732,0.4119420571111727,0.4574305769046687,0.7456686518678939,0.5970682007208207,0.6631456334073739,0.08030696065715522,frl_apartment_5/seq_0013
frl_apartment_5,seq_0013,16,spaced1.0,3,2.110941853175985,1.0,fixed,1.0,27787,51631,0.547860926159568,0.33677613149833985,0.44231852882895395,0.20772303595206393,0.3343921287598536,0.25625901175954785,0.35297081368985495,0.5360926575119599,0.4256727841474878,0.6117608953827329,0.7539269043791521,0.6754442679454834,0.07637019174490202,frl_apartment_5/seq_0013
frl_apartment_5,seq_0013,16,spaced1.0,3,2.110941853175985,1.0,subset,1.0,27787,27194,0.5539866332664455,0.25917322130984594,0.40657992728814574,0.1932558390614316,0.4206810325807163,0.26484503434745144,0.34375787238636774,0.6201367948812238,0.4423240680460986,0.6076942455104906,0.8272045304111201,0.7006590867961091,0.07651340791093507,frl_apartment_5/seq_0013
frl_apartment_5,seq_0013,16,spaced1.0,3,2.110941853175985,0.25,fixed,1.0,6946,51631,0.39352393984937145,1.2595077518270916,0.8265158458382316,0.328246472790095,0.17597954717127307,0.22912211331971422,0.49524906420961706,0.300226608045554,0.3738315372080735,0.7371148862654765,0.46789719354651277,0.5724324135551988,0.06762382125562824,frl_apartment_5/seq_0013
frl_apartment_5,seq_0013,16,spaced1.0,3,2.110941853175985,0.25,subset,1.0,6946,27194,0.3946733719599536,0.7812969430316947,0.5879851574958241,0.324071408004607,0.2853938368757814,0.3035053543383692,0.4923697091851425,0.45653452967566377,0.4737754652234316,0.7361071120069105,0.6561741560638377,0.6938460985875724,0.08514807143257011,frl_apartment_5/seq_0013
frl_apartment_5,seq_0013,16,random_n1.0,3,1.35369846270755,1.0,fixed,1.0,25975,51631,0.5324950421453868,0.35358090821268623,0.44303797517903654,0.22067372473532243,0.3184714609440065,0.2607026284389881,0.375822906641001,0.5109720904107997,0.4330990068032548,0.6254475457170356,0.735449632972439,0.6760028239371707,0.07719888775062198,frl_apartment_5/seq_0013
frl_apartment_5,seq_0013,16,random_n1.0,3,1.35369846270755,1.0,subset,1.0,25975,26691,0.5402969374442611,0.27217099934867395,0.4062339683964675,0.20404234841193455,0.41178674459555653,0.27287419631914267,0.36323387872954765,0.6080701360008992,0.45479411325300817,0.6200962463907603,0.8118092240830243,0.7031188343357827,0.0778024948610368,frl_apartment_5/seq_0013
frl_apartment_5,seq_0013,16,random_n1.0,3,1.35369846270755,0.25,fixed,1.0,6493,51631,0.38621438101856675,1.2980572071839624,0.8421357941012646,0.37748344370860926,0.17803257732757452,0.24195287925838135,0.5553673186508548,0.3023377428289206,0.39152969733479553,0.7431079624210688,0.4498653909472991,0.560445969873025,0.06770202457172521,frl_apartment_5/seq_0013
frl_apartment_5,seq_0013,16,random_n1.0,3,1.35369846270755,0.25,subset,1.0,6493,26691,0.3876365995963916,0.81464233392135,0.6011394667588708,0.3711689511781919,0.28811209771083884,0.3244087337540943,0.5518250423533035,0.46023004008841933,0.5018826855774003,0.7426459263822578,0.6325727773406766,0.6832041986639685,0.08585625144441876,frl_apartment_5/seq_0013
frl_apartment_5,seq_0013,16,consec_n1.0,3,0.3045237903760875,1.0,fixed,1.0,24332,51631,0.5168739038181371,0.5096655027371982,0.5132697032776676,0.21823113595265495,0.2889736786039395,0.248668988669935,0.365609074469834,0.4635199783076059,0.40878343292792746,0.6224313661022521,0.6869903740001162,0.6531193791765824,0.07132958754314797,frl_apartment_5/seq_0013
frl_apartment_5,seq_0013,16,consec_n1.0,3,0.3045237903760875,1.0,subset,1.0,24332,25584,0.5283675269963561,0.36740068550372673,0.44788410625004144,0.19599704093374978,0.3877423389618512,0.26037767434790987,0.3448134144336676,0.5753986866791745,0.43121620673007116,0.6117869472299852,0.7926047529706066,0.690555551005612,0.07245727261862077,frl_apartment_5/seq_0013
frl_apartment_5,seq_0013,16,consec_n1.0,3,0.3045237903760875,0.25,fixed,1.0,6083,51631,0.3797252921424445,1.5168710474345446,0.9482981697884946,0.38615814565181655,0.15806395382618968,0.2243116674698084,0.529508466217327,0.2600569425345238,0.3488054345954792,0.7453559099128719,0.4157773430690864,0.533792480869085,0.058897953841455436,frl_apartment_5/seq_0013
frl_apartment_5,seq_0013,16,consec_n1.0,3,0.3045237903760875,0.25,subset,1.0,6083,25584,0.3829008819630335,0.9409054834071618,0.6619031826850976,0.3743218806509946,0.26629924953095685,0.3112030846440058,0.518822949202696,0.41432145090681677,0.46072071386205027,0.7448627322045044,0.6112804878048781,0.6714925792078119,0.07644439021414191,frl_apartment_5/seq_0013
office_4,seq_0000,15,all,15,2.1,1.0,fixed,0.0,52757,54187,0.38759111928700957,0.12596202203934437,0.25677657066317694,0.2638891521504255,0.7132891652979497,0.3852506133375292,0.43025570066531454,0.8294055769834093,0.5665911685827517,0.7418920711943439,0.9476627235314743,0.8322470072579468,0.14426080822331955,office_4/seq_0000
office_4,seq_0000,15,all,15,2.1,1.0,subset,0.0,52757,54187,0.38759111928700957,0.12596202203934437,0.25677657066317694,0.2638891521504255,0.7132891652979497,0.3852506133375292,0.43025570066531454,0.8294055769834093,0.5665911685827517,0.7418920711943439,0.9476627235314743,0.8322470072579468,0.14426080822331955,office_4/seq_0000
office_4,seq_0000,15,all,15,2.1,0.25,fixed,0.0,13189,54187,0.18220895519199531,0.35364121246150654,0.26792508382675095,0.47676093714459017,0.4525624227213169,0.46434662915214786,0.6867844415801047,0.5699522025578091,0.6229376806777662,0.9211464098870271,0.7135290752394485,0.8041531814566555,0.20051284206986422,office_4/seq_0000
office_4,seq_0000,15,all,15,2.1,0.25,subset,0.0,13189,54187,0.18220895519199531,0.35364121246150654,0.26792508382675095,0.47676093714459017,0.4525624227213169,0.46434662915214786,0.6867844415801047,0.5699522025578091,0.6229376806777662,0.9211464098870271,0.7135290752394485,0.8041531814566555,0.20051284206986422,office_4/seq_0000
office_4,seq_0000,15,spaced0.3,6,1.95,1.0,fixed,0.3,33762,54187,0.3670644361940805,0.16284699510109144,0.26495571564758597,0.31514720691902137,0.622787753520217,0.41851477832397765,0.49247674900776023,0.7691328178345359,0.6004710801779746,0.7756057105621705,0.9107350471515309,0.8377563077316775,0.16975382124660732,office_4/seq_0000
office_4,seq_0000,15,spaced0.3,6,1.95,1.0,subset,0.3,33762,43587,0.36848004332011725,0.14732634185981033,0.2579031925899638,0.31174101060363724,0.65849909376649,0.4231554066827858,0.4895148391682957,0.8011333654530021,0.6077049797735571,0.7745690421183579,0.9231881065455296,0.8423736315229589,0.16736949251126945,office_4/seq_0000
office_4,seq_0000,15,spaced0.3,6,1.95,0.25,fixed,0.3,8440,54187,0.15839083120739278,0.41477607116816934,0.28658345118778106,0.5632701421800947,0.3945780353221252,0.4640694241056189,0.7420616113744076,0.5140347315776846,0.6073506118495182,0.9334123222748815,0.6852197021425803,0.7902877291404078,0.19366320749987467,office_4/seq_0000
office_4,seq_0000,15,spaced0.3,6,1.95,0.25,subset,0.3,8440,43587,0.15933815507036095,0.3685557411044223,0.2639469480873916,0.5604265402843602,0.4424713790809186,0.49451235138688404,0.7387440758293838,0.5641819808658545,0.639769377414217,0.933175355450237,0.7304700942941703,0.8194735122119394,0.19932804871646806,office_4/seq_0000
office_4,seq_0000,15,random_n0.3,6,1.2,1.0,fixed,0.3,31500,54187,0.3057227329238945,0.19580233587484486,0.2507625343993697,0.3129523809523809,0.5687895620720838,0.40375542780861406,0.491015873015873,0.6966984701127577,0.5760476153384133,0.7985396825396825,0.872054182737557,0.8336794294705335,0.16493512949246905,office_4/seq_0000
office_4,seq_0000,15,random_n0.3,6,1.2,1.0,subset,0.3,31500,43479,0.3109217582589719,0.18137427003246973,0.2461480141457208,0.30444444444444446,0.5988178200970583,0.40366295752523523,0.4805714285714286,0.724349686055337,0.5778000886318713,0.7915555555555556,0.8856689436279583,0.8359717772462902,0.1591873015873016,office_4/seq_0000
office_4,seq_0000,15,random_n0.3,6,1.2,0.25,fixed,0.3,7875,54187,0.159355987244615,0.36806971717184644,0.2637128522082307,0.5648253968253968,0.3784302507981619,0.4532112097421757,0.7431111111111111,0.5096609887980512,0.6046347036355123,0.9358730158730159,0.6879878937752597,0.7930104126603269,0.1815085900172817,office_4/seq_0000
office_4,seq_0000,15,random_n0.3,6,1.2,0.25,subset,0.3,7875,43479,0.16575502411468052,0.33685338473705434,0.25130420442586743,0.5533968253968254,0.4164999195013685,0.4752871569937772,0.726984126984127,0.549667655649854,0.6260119888754144,0.928,0.7224177188987787,0.8124048057183795,0.18612293271561708,office_4/seq_0000
office_4,seq_0000,15,consec_n0.3,6,0.7500000000000001,1.0,fixed,0.3,30963,54187,0.3949798081943881,0.19020931937451938,0.29259456378445375,0.291476924070665,0.5510546810120509,0.38127880888305715,0.45160352679003973,0.6946500083045749,0.5473595221831657,0.742369925394826,0.8909332496724307,0.8098950154356453,0.15537878410054362,office_4/seq_0000
office_4,seq_0000,15,consec_n0.3,6,0.7500000000000001,1.0,subset,0.3,30963,41307,0.40309744557969546,0.17285843279991261,0.287977939189804,0.28366114394600006,0.5899968528336601,0.3831228760366844,0.44062267868100635,0.7317161740140896,0.5500299506189935,0.7300003229661208,0.9078606531580604,0.8092732895827529,0.1523950003881686,office_4/seq_0000
office_4,seq_0000,15,consec_n0.3,6,0.7500000000000001,0.25,fixed,0.3,7740,54187,0.15068636925150336,0.3972151460600321,0.2739507576557677,0.5479328165374677,0.3551405318618857,0.4309575788823859,0.7525839793281653,0.49092955875025374,0.5942287069347321,0.9501291989664082,0.6751065753778581,0.7893482038807822,0.17608142493638676,office_4/seq_0000
office_4,seq_0000,15,consec_n0.3,6,0.7500000000000001,0.25,subset,0.3,7740,41307,0.15782220832169294,0.353278144825045,0.255550176573369,0.537984496124031,0.40378144140218364,0.46132090074863646,0.7359173126614987,0.5415062822281937,0.6239180951422819,0.9412144702842378,0.7203621662188007,0.816110770692333,0.18766023854642738,office_4/seq_0000
office_4,seq_0000,15,spaced0.5,4,1.7999999999999996,1.0,fixed,0.5,27388,54187,0.2963315972262696,0.18644239862996143,0.24138699792811552,0.3350007302468234,0.5816893350803698,0.42515209752853517,0.510625091280853,0.7207448280952996,0.5977576483642216,0.805243172192201,0.8798235739199439,0.8408829232045443,0.17116327480895122,office_4/seq_0000
office_4,seq_0000,15,spaced0.5,4,1.7999999999999996,1.0,subset,0.5,27388,38458,0.2989238852082172,0.15604526150165712,0.22748457335493716,0.3295969037534687,0.6487336834988819,0.4371132135249519,0.5058054622462392,0.7815018981746321,0.6141313892950911,0.8030159193807507,0.91047376358625,0.8533753469379309,0.16830306469920545,office_4/seq_0000
office_4,seq_0000,15,spaced0.5,4,1.7999999999999996,0.25,fixed,0.5,6847,54187,0.1290235252490845,0.41464925290055304,0.2718363890748188,0.6287425149700598,0.379131526011774,0.4730275797893598,0.8086753322623047,0.5172827430933619,0.6309608153068866,0.9534102526654009,0.6628158045287615,0.7819888571323426,0.18763029881862406,office_4/seq_0000
office_4,seq_0000,15,spaced0.5,4,1.7999999999999996,0.25,subset,0.5,6847,38458,0.13081473327689266,0.3381289711304492,0.23447185220367095,0.6233386884767051,0.4592022466066878,0.5288271637013321,0.8031254564042647,0.6064017889645847,0.6910355441892869,0.951803709653863,0.7358416974361641,0.8300047562069122,0.19920944021391618,office_4/seq_0000
office_4,seq_0000,15,random_n0.5,4,1.2000000000000002,1.0,fixed,0.5,23920,54187,0.2748660579617772,0.212157458995232,0.2435117584785046,0.3491638795986622,0.5011718677911676,0.4115812236303611,0.5190217391304348,0.6537176813626885,0.5786344041176836,0.8197324414715719,0.8660010703674313,0.8422317842573535,0.1664291651822824,office_4/seq_0000
office_4,seq_0000,15,random_n0.5,4,1.2000000000000002,1.0,subset,0.5,23920,34781,0.2797018404844681,0.17248612620530118,0.22609398334488465,0.3410535117056856,0.5836519939047181,0.43052963549477535,0.5135033444816054,0.7341652051407378,0.6043212171307929,0.8152591973244148,0.9074207182082171,0.858874686692151,0.16404074917742345,office_4/seq_0000
office_4,seq_0000,15,random_n0.5,4,1.2000000000000002,0.25,fixed,0.5,5980,54187,0.12113743934396516,0.513627356717791,0.3173823980308781,0.6133779264214047,0.3078413641648366,0.4099416925974306,0.7963210702341137,0.4276486980272021,0.5564609155028426,0.9792642140468227,0.6225662981896026,0.761200254373351,0.1659658128993501,office_4/seq_0000
office_4,seq_0000,15,random_n0.5,4,1.2000000000000002,0.25,subset,0.5,5980,34781,0.12361248142098924,0.3997752229276755,0.2616938521743324,0.6066889632107023,0.40844139041430666,0.4882070224733523,0.7904682274247492,0.5406687559299618,0.6421299662891509,0.9780936454849498,0.7249935309508064,0.8327366625174387,0.18230277185501065,office_4/seq_0000
office_4,seq_0000,15,consec_n0.5,4,0.44999999999999973,1.0,fixed,0.5,24415,54187,0.38377975096166034,0.28570604899145907,0.3347428999765597,0.31374155232439077,0.4914831970767896,0.382995434024846,0.4791726397706328,0.6207946555446878,0.5408666514354421,0.7668236739709196,0.7862586967353793,0.7764195819800832,0.1595744680851064,office_4/seq_0000
office_4,seq_0000,15,consec_n0.5,4,0.44999999999999973,1.0,subset,0.5,24415,35890,0.3939553709904341,0.23477076296821486,0.3143630669793245,0.30239606799098917,0.5571468375592087,0.3920200187416468,0.4634036453000205,0.6931178601281694,0.5554472467626531,0.755273397501536,0.8448592922819727,0.7975585426967071,0.15923189625611772,office_4/seq_0000
office_4,seq_0000,15,consec_n0.5,4,0.44999999999999973,0.25,fixed,0.5,6103,54187,0.150969889992666,0.4440329823717502,0.2975014361822081,0.5693921022447976,0.3173639433812538,0.4075631032680996,0.7512698672783876,0.4513259637920534,0.5638928527060323,0.946255939701786,0.6606935242770406,0.7781018453706561,0.1590737342113786,office_4/seq_0000
office_4,seq_0000,15,consec_n0.5,4,0.44999999999999973,0.25,subset,0.5,6103,35890,0.1593277871087162,0.36273417384604073,0.2610309804773785,0.5562837948549894,0.39180830314850934,0.45977940368899173,0.7283303293462232,0.5362217887991084,0.6176836627524294,0.9415041782729805,0.740261911395932,0.828842592173829,0.17770013102888876,office_4/seq_0000
office_4,seq_0000,15,spaced1.0,3,2.1,1.0,fixed,1.0,22537,54187,0.28864393365581087,0.2776577970784167,0.28315086536711376,0.34978036118383105,0.4931256574455128,0.40926429935993563,0.5129786573190753,0.6408179083544023,0.5698160663561698,0.8222478590761858,0.8083673205750457,0.8152485110952428,0.16386245010746087,office_4/seq_0000
office_4,seq_0000,15,spaced1.0,3,2.1,1.0,subset,1.0,22537,33980,0.2911452904078572,0.2170898263194258,0.25411755836364147,0.3427252961796157,0.5738669805768098,0.4291520578416442,0.5099613968141279,0.7269276044732196,0.5994151717317935,0.8211829436038515,0.8672454384932313,0.843585869036802,0.1639014253709536,office_4/seq_0000
office_4,seq_0000,15,spaced1.0,3,2.1,0.25,fixed,1.0,5634,54187,0.14290031016296692,0.4954201481895009,0.31916022917623393,0.6446574369897053,0.3215346854411575,0.42906523745668373,0.7946396876109336,0.4585970804805581,0.5815651919107319,0.9357472488462903,0.6102386181187369,0.7387248748468509,0.17020446821549948,office_4/seq_0000
office_4,seq_0000,15,spaced1.0,3,2.1,0.25,subset,1.0,5634,33980,0.1438850137809846,0.38008039303405483,0.2619827034075197,0.6409300674476394,0.424043555032372,0.5104018702261072,0.7926872559460418,0.5786344908769865,0.6689548792347803,0.935569755058573,0.7288993525603296,0.8194038394773936,0.18733939204011282,office_4/seq_0000
office_4,seq_0000,15,random_n1.0,3,1.35,1.0,fixed,1.0,21175,54187,0.2609277582422224,0.24215672847222802,0.2515422433572252,0.3490909090909091,0.4964659420156126,0.4099351730261631,0.5290200708382526,0.6548618672375293,0.5852527355191263,0.8303659976387249,0.8236846476092051,0.8270118283460403,0.16649111047272494,office_4/seq_0000
office_4,seq_0000,15,random_n1.0,3,1.35,1.0,subset,1.0,21175,32549,0.26695123787340164,0.18493424169525602,0.22594273978432883,0.33766233766233766,0.5842883037881348,0.4279885400708022,0.5206139315230224,0.7478570770223355,0.6138805072611033,0.8230460448642267,0.8869089680174506,0.8537849391151048,0.1653703193832599,office_4/seq_0000
office_4,seq_0000,15,random_n1.0,3,1.35,0.25,fixed,1.0,5293,54187,0.13015299587719453,0.43198167374651497,0.28106733481185475,0.6176081617230305,0.3023418901212468,0.4059542550061356,0.7959569242395617,0.45837562514994373,0.5817392730792321,0.9573020971093897,0.6391569933747947,0.7665292944703676,0.1551965114328842,office_4/seq_0000
office_4,seq_0000,15,random_n1.0,3,1.35,0.25,subset,1.0,5293,32549,0.1320472762103409,0.32631654109551556,0.22918190865292823,0.6111845834120536,0.40643337736950447,0.4882103579255857,0.7897222747024372,0.5839503517773204,0.6714243135217188,0.9561685244662762,0.7527727426341823,0.842366693858586,0.178101041871437,office_4/seq_0000
office_4,seq_0000,15,consec_n1.0,3,0.3,1.0,fixed,1.0,19640,54187,0.27055050682524073,0.31257307758744096,0.2915617922063408,0.35005091649694503,0.4499972318083673,0.3937811586697007,0.5274439918533604,0.5785151420082307,0.5518003812365493,0.8244399185336049,0.7460276450071051,0.7832762486183387,0.16602830974188176,office_4/seq_0000
office_4,seq_0000,15,consec_n1.0,3,0.3,1.0,subset,1.0,19640,32093,0.2807659088765308,0.24363180992713573,0.2621988594018333,0.33625254582484726,0.5388402455364099,0.4140964390134165,0.5115071283095723,0.6747888947745614,0.5819109616231882,0.8159368635437881,0.8257875549185181,0.8208326561224009,0.16911791674307722,office_4/seq_0000
office_4,seq_0000,15,consec_n1.0,3,0.3,0.25,fixed,1.0,4910,54187,0.124045427696294,0.4860936890390575,0.30506955836767574,0.6266802443991853,0.29091848598372305,0.3973694859417307,0.8079429735234216,0.4244191411224094,0.5565027662299472,0.9680244399185336,0.6479967519884843,0.7763223601943625,0.15155300664357504,office_4/seq_0000
office_4,seq_0000,15,consec_n1.0,3,0.3,0.25,subset,1.0,4910,32093,0.13088947980250076,0.36474478807238103,0.2478171339374409,0.6146639511201629,0.39024086249337864,0.47739245982150597,0.7894093686354379,0.5413641604088119,0.6422699741812552,0.9657841140529532,0.753217212476241,0.846357948669619,0.17736730069353843,office_4/seq_0000
office_4,seq_0001,14,all,14,1.9528330048520262,1.0,fixed,0.0,49043,50714,0.30202171955288987,0.12980859901493177,0.2159151592839108,0.30854556205778605,0.7210632172575621,0.4321658092229391,0.4971759476377873,0.8305793272074772,0.6220183371380053,0.7968925228880778,0.9408644555743976,0.8629145029954368,0.1514007942925944,office_4/seq_0001
office_4,seq_0001,14,all,14,1.9528330048520262,1.0,subset,0.0,49043,50714,0.30202171955288987,0.12980859901493177,0.2159151592839108,0.30854556205778605,0.7210632172575621,0.4321658092229391,0.4971759476377873,0.8305793272074772,0.6220183371380053,0.7968925228880778,0.9408644555743976,0.8629145029954368,0.1514007942925944,office_4/seq_0001
office_4,seq_0001,14,all,14,1.9528330048520262,0.25,fixed,0.0,12260,50714,0.11695559202272983,0.3829570050041643,0.24995629851344706,0.5786296900489396,0.4603462554718618,0.5127549146199947,0.8231647634584013,0.5712623733091454,0.6744605637664063,0.9930668841761827,0.7363252750719722,0.8456384432479314,0.2051848253323323,office_4/seq_0001
office_4,seq_0001,14,all,14,1.9528330048520262,0.25,subset,0.0,12260,50714,0.11695559202272983,0.3829570050041643,0.24995629851344706,0.5786296900489396,0.4603462554718618,0.5127549146199947,0.8231647634584013,0.5712623733091454,0.6744605637664063,0.9930668841761827,0.7363252750719722,0.8456384432479314,0.2051848253323323,office_4/seq_0001
office_4,seq_0001,14,spaced0.3,6,1.6533471337984031,1.0,fixed,0.3,30719,50714,0.24957705823729642,0.17531467959891253,0.21244586891810446,0.3854617663335395,0.6184485546397445,0.47491945700238375,0.5859240209642241,0.7493591513191623,0.6576395721911771,0.8410430027019109,0.8994360531608628,0.8692599848767273,0.17326631103816167,office_4/seq_0001
office_4,seq_0001,14,spaced0.3,6,1.6533471337984031,1.0,subset,0.3,30719,38892,0.25139300089091654,0.1476661778743492,0.19952958938263288,0.38048113545362805,0.6736089684253831,0.48628766025803527,0.5831570038087177,0.7975933353903116,0.6737237377668613,0.8396106644096487,0.9262573279851898,0.8808082301885481,0.1724429416737109,office_4/seq_0001
office_4,seq_0001,14,spaced0.3,6,1.6533471337984031,0.25,fixed,0.3,7679,50714,0.08726447762459051,0.4509245449712579,0.2690945112979242,0.7051699440031254,0.37928382695113777,0.4932613305905596,0.9167860398489387,0.511732460464566,0.6568331817732888,0.9975257194947259,0.6853728753401428,0.8124994253298187,0.1879675647397332,office_4/seq_0001
office_4,seq_0001,14,spaced0.3,6,1.6533471337984031,0.25,subset,0.3,7679,38892,0.08750598311475764,0.3719683694841786,0.22973717629946813,0.7025654382081,0.4580376427028695,0.5545417248225144,0.9161349134001823,0.5952380952380952,0.7216198750628277,0.9975257194947259,0.751928417155199,0.8574879668095727,0.20058499268759142,office_4/seq_0001
office_4,seq_0001,14,random_n0.3,6,1.055251981679918,1.0,fixed,0.3,30658,50714,0.25622824684054823,0.15775861172084302,0.20699342928069564,0.3743231782895166,0.6078991994321095,0.46333857906782616,0.5672255202557245,0.7756832432858777,0.6552750911627352,0.8357688042272816,0.9225066056710178,0.8769982658837623,0.16509830923418253,office_4/seq_0001
office_4,seq_0001,14,random_n0.3,6,1.055251981679918,1.0,subset,0.3,30658,36884,0.25852633024445115,0.13107891060021984,0.19480262042233548,0.370506882379803,0.6734627480750461,0.47802651707311644,0.5636701676560767,0.8282453096193472,0.6708125315875307,0.8339095831430622,0.9475653399848173,0.8871119176689429,0.16417713849153034,office_4/seq_0001
office_4,seq_0001,14,random_n0.3,6,1.055251981679918,0.25,fixed,0.3,7664,50714,0.10084698606766787,0.5551251291405356,0.3279860576041017,0.6544885177453027,0.33341877982411167,0.44177983811319577,0.8791753653444676,0.4658082580746934,0.6089697128537608,0.9966075156576201,0.6682178491146429,0.8000249691237978,0.1618964722748451,office_4/seq_0001
office_4,seq_0001,14,random_n0.3,6,1.055251981679918,0.25,subset,0.3,7664,36884,0.10088634114489028,0.4342756345635822,0.26758098785423623,0.6544885177453027,0.42427610888190004,0.5148182184746791,0.8794363256784968,0.5687832122329466,0.6907911475840651,0.9966075156576201,0.7575913675306366,0.8608160202520657,0.17343888396811338,office_4/seq_0001
office_4,seq_0001,14,consec_n0.3,6,0.7499999999999999,1.0,fixed,0.3,30494,50714,0.2730062279424998,0.1541862737467089,0.21359625084460435,0.3758116350757526,0.6361359782308633,0.47248948258948603,0.571095953302289,0.7842016011357811,0.6608945165071275,0.8314750442710042,0.9267460661750208,0.876529375995693,0.17984138503006428,office_4/seq_0001
office_4,seq_0001,14,consec_n0.3,6,0.7499999999999999,1.0,subset,0.3,30494,38382,0.27663417732623685,0.13309496812391206,0.20486457272507447,0.36872827441463896,0.6882913865874629,0.4802039254979378,0.565193152751361,0.8252305768328905,0.6708957299030959,0.8279005706040533,0.9457818769214736,0.8829239491687436,0.17720437000828057,office_4/seq_0001
office_4,seq_0001,14,consec_n0.3,6,0.7499999999999999,0.25,fixed,0.3,7623,50714,0.09603525567656873,0.48663743680161003,0.2913363462390894,0.6545979273252001,0.379914816421501,0.4807895367029721,0.8903318903318903,0.49832393421934773,0.6389973419000569,0.9980322707595435,0.6684150333241314,0.8006251045365221,0.18541001622272227,office_4/seq_0001
office_4,seq_0001,14,consec_n0.3,6,0.7499999999999999,0.25,subset,0.3,7623,38382,0.09706623280303849,0.40226259080570775,0.24966441180437313,0.6514495605404697,0.4556823511020791,0.5362578103833763,0.8871835235471599,0.5791516856859986,0.7008136065202826,0.9976387249114522,0.7386535355114376,0.8488310270293846,0.19733423698181407,office_4/seq_0001
office_4,seq_0001,14,spaced0.5,4,1.8030687021961735,1.0,fixed,0.5,25274,50714,0.25737746758205327,0.2114565389093706,0.23441700324571194,0.39503046609163567,0.5676736206964547,0.46587186664973257,0.595671441006568,0.7082856804827069,0.6471156834598749,0.8454538260663133,0.8731513980360452,0.8590794207439902,0.16952497025623167,office_4/seq_0001
office_4,seq_0001,14,spaced0.5,4,1.8030687021961735,1.0,subset,0.5,25274,34250,0.2604463362046272,0.1672492405757892,0.21384778839020818,0.3860489040120282,0.6420729927007299,0.48218324290216213,0.5912795758486983,0.7754160583941606,0.6709433565543921,0.8430007121943499,0.9152116788321167,0.877623319004862,0.16838246525126013,office_4/seq_0001
office_4,seq_0001,14,spaced0.5,4,1.8030687021961735,0.25,fixed,0.5,6318,50714,0.0880275553861375,0.5336377809576834,0.31083266817191046,0.7082937638493194,0.3421737587254013,0.46143176109634393,0.908198797087686,0.45654060022873366,0.6076319402293809,0.9946185501741057,0.6211696967306858,0.7647374640307907,0.17027575242585385,office_4/seq_0001
office_4,seq_0001,14,spaced0.5,4,1.8030687021961735,0.25,subset,0.5,6318,34250,0.08851431554153709,0.40013450417882085,0.24432440986017898,0.7063944286166508,0.44694890510948904,0.547490425813868,0.9067742956631846,0.5763211678832116,0.7047330855337549,0.9946185501741057,0.7214598540145986,0.8362990318592872,0.1887478432339167,office_4/seq_0001
office_4,seq_0001,14,random_n0.5,4,1.05,1.0,fixed,0.5,24642,50714,0.23056005387681708,0.17616439586605398,0.20336222487143552,0.36774612450288124,0.5855779469180108,0.4517750616587088,0.5685820956091227,0.749280277635367,0.6465430064713832,0.8708302897492086,0.9084868083763852,0.8892600778187976,0.18230315312630388,office_4/seq_0001
office_4,seq_0001,14,random_n0.5,4,1.05,1.0,subset,0.5,24642,36150,0.2357198052973842,0.1484051230826883,0.19206246419003625,0.3580066553039526,0.6439280774550484,0.4601707670741798,0.558639720801883,0.799585062240664,0.65774087103149,0.8670562454346238,0.9346611341632088,0.8995903385492257,0.17901927755942354,office_4/seq_0001
office_4,seq_0001,14,random_n0.5,4,1.05,0.25,fixed,0.5,6160,50714,0.10727989581197153,0.4600437068088431,0.2836618013104073,0.6360389610389611,0.3524667744607012,0.45357875625358934,0.837012987012987,0.49203375793666443,0.6197504294062949,0.9930194805194805,0.6800094648420555,0.8072336672930256,0.1667309068883872,office_4/seq_0001
office_4,seq_0001,14,random_n0.5,4,1.05,0.25,subset,0.5,6160,36150,0.11026583151499027,0.3688221155090343,0.2395439735120123,0.6314935064935064,0.43059474412171506,0.512043673744787,0.8298701298701299,0.5821300138312586,0.6842666586606411,0.9922077922077922,0.7534439834024896,0.8564972714133393,0.18105662223309282,office_4/seq_0001
office_4,seq_0001,14,consec_n0.5,4,0.4500000000000002,1.0,fixed,0.5,23809,50714,0.26723911063991024,0.15990257914021946,0.21357084489006484,0.39090259985719683,0.6056512994439406,0.4751387109629582,0.5887689529169642,0.773790274874788,0.6687176316785964,0.8436305598723172,0.9237685846117443,0.88188274919185,0.19189811262851006,office_4/seq_0001
office_4,seq_0001,14,consec_n0.5,4,0.4500000000000002,1.0,subset,0.5,23809,33136,0.2725356492461507,0.12802471825911974,0.20028018375263523,0.38031836700407406,0.6902160791887977,0.4904127149772158,0.5802007644168171,0.8376991791405118,0.6855684088247709,0.8389264563820404,0.9507182520521488,0.891330765769329,0.18920938088741635,office_4/seq_0001
office_4,seq_0001,14,consec_n0.5,4,0.4500000000000002,0.25,fixed,0.5,5952,50714,0.09737628803313432,0.5042374362438019,0.30080686213846813,0.6688508064516129,0.3423906613558386,0.452924998152783,0.8714717741935484,0.4651772686043302,0.606574869849999,0.998991935483871,0.6745671806601727,0.8053341730458505,0.17179558782463,office_4/seq_0001
office_4,seq_0001,14,consec_n0.5,4,0.4500000000000002,0.25,subset,0.5,5952,33136,0.09875416856347294,0.37604203041905365,0.23739809949126328,0.6654905913978495,0.4524987928536939,0.5387058115307897,0.8676075268817204,0.5872766779333656,0.7004346661414749,0.9984879032258065,0.7731168517624336,0.8714673203391049,0.19186526850969177,office_4/seq_0001
office_4,seq_0001,14,spaced1.0,2,1.055251981679918,1.0,fixed,1.0,14667,50714,0.21089728724134896,0.28442466712171266,0.2476609771815308,0.4636940069543874,0.45667862917537566,0.4601595813261682,0.651189745687598,0.6158457230744961,0.6330247726742624,0.8691620644985342,0.8104862562605987,0.838799287961387,0.16941009687327716,office_4/seq_0001
office_4,seq_0001,14,spaced1.0,2,1.055251981679918,1.0,subset,1.0,14667,23557,0.21699007378076082,0.18200838242866202,0.19949922810471143,0.44398990932024274,0.6233815850914802,0.5186106896909756,0.6428717529147064,0.7654624952243495,0.6988315689199291,0.866503034021954,0.9031285817379123,0.8844367937581388,0.18079491849983653,office_4/seq_0001
office_4,seq_0001,14,spaced1.0,2,1.055251981679918,0.25,fixed,1.0,3666,50714,0.06970531464152782,0.8959105597921118,0.4828079372168198,0.7907801418439716,0.2347083645541665,0.3619791204993799,0.9609929078014184,0.3386638797965059,0.5008300494693989,0.9994544462629569,0.4856449895492369,0.6536667275007886,0.12214885954381753,office_4/seq_0001
office_4,seq_0001,14,spaced1.0,2,1.055251981679918,0.25,subset,1.0,3666,23557,0.06988216505611691,0.532971754424249,0.30142695974018296,0.7864157119476268,0.42997835038417453,0.5559739906839505,0.9604473540643753,0.5740119709640447,0.7185700783609664,0.9994544462629569,0.7181729422252409,0.835782131914577,0.16294788273615635,office_4/seq_0001
office_4,seq_0001,14,random_n1.0,2,0.9,1.0,fixed,1.0,16022,50714,0.21385967389482344,0.22218835175479748,0.21802401282481046,0.42110847584571215,0.4866506290176283,0.4515134104566703,0.6072899762826114,0.6704263122609141,0.637298253020275,0.8794782174510049,0.8697401112118942,0.8745820577342996,0.17769096563756354,office_4/seq_0001
office_4,seq_0001,14,random_n1.0,2,0.9,1.0,subset,1.0,16022,28067,0.22132055636653916,0.16822054968630437,0.19477055302642177,0.40506803145674697,0.5836035201482168,0.47821569999441516,0.5951192110847584,0.7630313179178394,0.6686955330138659,0.874173012108351,0.9187301813517654,0.8958979301020361,0.17827286229577763,office_4/seq_0001
office_4,seq_0001,14,random_n1.0,2,0.9,0.25,fixed,1.0,4005,50714,0.08951315035081465,0.573309254799187,0.33141120257500084,0.7118601747815231,0.2773395906455811,0.399165095607472,0.8901373283395755,0.4199037741057696,0.5706264069799416,0.9875156054931336,0.6130851441416572,0.7565048903969774,0.13095662507427214,office_4/seq_0001
office_4,seq_0001,14,random_n1.0,2,0.9,0.25,subset,1.0,4005,28067,0.09276211418093239,0.37981224922679063,0.2362871817038615,0.7043695380774032,0.4138668186838636,0.5213838347131352,0.882147315855181,0.5868101328962839,0.7047896235402273,0.987016229712859,0.7539815441621833,0.8549028978200761,0.15682385779344793,office_4/seq_0001
office_4,seq_0001,14,consec_n1.0,2,0.15000000000000008,1.0,fixed,1.0,15460,50714,0.21111827182436194,0.20861974126418065,0.2098690065442713,0.422509702457956,0.47038293173482665,0.44516293430565534,0.6183699870633894,0.6835982174547462,0.6493501445229176,0.8877102199223803,0.8859092163899515,0.886808803750951,0.1772723762452699,office_4/seq_0001
office_4,seq_0001,14,consec_n1.0,2,0.15000000000000008,1.0,subset,1.0,15460,25355,0.21815213516352835,0.14388426781495464,0.1810182014892415,0.4040103492884864,0.6084795898244922,0.4855990012804994,0.605627425614489,0.8110431867481759,0.6934427706286398,0.8834411384217336,0.9433642279629264,0.9124198809939578,0.18352445798244044,office_4/seq_0001
office_4,seq_0001,14,consec_n1.0,2,0.15000000000000008,0.25,fixed,1.0,3865,50714,0.10089749128643524,0.7373396445906872,0.4191185679385612,0.67503234152652,0.24539574870844344,0.3599413546994802,0.8509702457956015,0.3852387900776906,0.5303742949117447,0.9989650711513584,0.5571439839097685,0.7153321005591219,0.11739310426400142,office_4/seq_0001
office_4,seq_0001,14,consec_n1.0,2,0.15000000000000008,0.25,subset,1.0,3865,25355,0.1021256747215626,0.44488192934337195,0.27350380203246727,0.6703751617076326,0.40303687635574836,0.5034150942607007,0.8470892626131954,0.5894300926838888,0.6951523496463622,0.9989650711513584,0.7473082232301321,0.855003411886337,0.14814527995043755,office_4/seq_0001
frl_apartment_5,seq_0009,34,all,34,4.994758012281308,1.0,fixed,0.0,128489,72762,0.5239014584259062,0.1151155563720098,0.319508507398958,0.16585855598533727,0.7462411698414008,0.2713968206371656,0.3110071679287721,0.8726945383579341,0.45858556323795413,0.6030166006428566,0.9617520134135951,0.741262860949953,0.08589915055123802,frl_apartment_5/seq_0009
frl_apartment_5,seq_0009,34,all,34,4.994758012281308,1.0,subset,0.0,128489,72762,0.5239014584259062,0.1151155563720098,0.319508507398958,0.16585855598533727,0.7462411698414008,0.2713968206371656,0.3110071679287721,0.8726945383579341,0.45858556323795413,0.6030166006428566,0.9617520134135951,0.741262860949953,0.08589915055123802,frl_apartment_5/seq_0009
frl_apartment_5,seq_0009,34,all,34,4.994758012281308,0.25,fixed,0.0,32122,72762,0.3894342657986985,0.4192362857684867,0.40433527578359263,0.3149866135358944,0.4152167340095105,0.3582227152716728,0.5024282423261316,0.5477172150298233,0.5240961539405501,0.7622501712222153,0.7464060910915038,0.7542449329885759,0.12862653026999832,frl_apartment_5/seq_0009
frl_apartment_5,seq_0009,34,all,34,4.994758012281308,0.25,subset,0.0,32122,72762,0.3894342657986985,0.4192362857684867,0.40433527578359263,0.3149866135358944,0.4152167340095105,0.3582227152716728,0.5024282423261316,0.5477172150298233,0.5240961539405501,0.7622501712222153,0.7464060910915038,0.7542449329885759,0.12862653026999832,frl_apartment_5/seq_0009
frl_apartment_5,seq_0009,34,spaced0.3,16,4.994758012281308,1.0,fixed,0.3,91181,72762,0.49932045969339367,0.13403417344257806,0.31667731656798587,0.18859192156260624,0.673758280421099,0.29469551576850755,0.34464416928965463,0.8507874989692422,0.49056580749837464,0.6323685855605883,0.9497677359061049,0.7592307585850082,0.09426884940827542,frl_apartment_5/seq_0009
frl_apartment_5,seq_0009,34,spaced0.3,16,4.994758012281308,1.0,subset,0.3,91181,59544,0.500622908416782,0.11910658698266073,0.3098647476997214,0.1854224015968239,0.7073088808276232,0.2938194593061526,0.3423410578958336,0.8748992341797662,0.4921196436418221,0.6316447505511017,0.9631029154910654,0.7629280967316462,0.09137254901960784,frl_apartment_5/seq_0009
frl_apartment_5,seq_0009,34,spaced0.3,16,4.994758012281308,0.25,fixed,0.3,22795,72762,0.39332196573091766,0.5397917126775444,0.4665568392042311,0.3493309936389559,0.3633627442896017,0.35620873808432035,0.5413029173064269,0.4924136224952585,0.5157021680803223,0.7588944944066681,0.6736483329210302,0.7137350468937221,0.129398929287291,frl_apartment_5/seq_0009
frl_apartment_5,seq_0009,34,spaced0.3,16,4.994758012281308,0.25,subset,0.3,22795,59544,0.3940351770463116,0.4692282197203565,0.43163169838333404,0.34656722965562625,0.41080545478973535,0.3759620892537462,0.5404255319148936,0.5460667741502082,0.5432315079155169,0.7586312787892081,0.7185610640870617,0.7380527005374025,0.1309730783414994,frl_apartment_5/seq_0009
frl_apartment_5,seq_0009,34,random_n0.3,16,4.8436138882686,1.0,fixed,0.3,87627,72762,0.48696519741596866,0.13190277306298212,0.3094339852394754,0.19470026361737822,0.6460789972787994,0.29922657928967833,0.3491161400025106,0.8296088617685056,0.4914290323821632,0.6375546349869332,0.9612022759132515,0.7666193177841315,0.09638832069947459,frl_apartment_5/seq_0009
frl_apartment_5,seq_0009,34,random_n0.3,16,4.8436138882686,1.0,subset,0.3,87627,59628,0.4885843655354995,0.12186608147978295,0.30522522350764125,0.1903979367090052,0.6742637686992689,0.2969448734805742,0.3456697136727264,0.8487958677131549,0.49127078943300834,0.6364134342154816,0.9685382706111223,0.7681112959537202,0.0933219785678802,frl_apartment_5/seq_0009
frl_apartment_5,seq_0009,34,random_n0.3,16,4.8436138882686,0.25,fixed,0.3,21906,72762,0.38817101753721545,0.5141144344365939,0.45114272598690464,0.3511366748835935,0.35613369616008356,0.353617532992721,0.5367479229434858,0.47403864654627414,0.5034480405830749,0.7693782525335524,0.6793930897996207,0.7215911206134219,0.12837226145210937,frl_apartment_5/seq_0009
frl_apartment_5,seq_0009,34,random_n0.3,16,4.8436138882686,0.25,subset,0.3,21906,59628,0.3888358368978275,0.4581469830583931,0.4234914099781103,0.3484889984479138,0.40242838934728653,0.3735214249397339,0.5349219391947412,0.522606829006507,0.528692678278755,0.7689674061900849,0.7196954450929094,0.7435160206798332,0.1300370231260396,frl_apartment_5/seq_0009
frl_apartment_5,seq_0009,34,consec_n0.3,16,2.2529572093256065,1.0,fixed,0.3,74582,72762,0.49156278715159063,0.19822713153833904,0.34489495934496484,0.19342468692177736,0.5333003490833127,0.2838857833322033,0.35106325923144993,0.6931090404331931,0.4660631560814405,0.6380225791745998,0.8953024930595641,0.7450777608834105,0.09171295771454484,frl_apartment_5/seq_0009
frl_apartment_5,seq_0009,34,consec_n0.3,16,2.2529572093256065,1.0,subset,0.3,74582,54462,0.49871751034784817,0.17900478527360092,0.3388611478107245,0.18053954037167144,0.5758510521097279,0.2748947046773068,0.33795017564559815,0.7251845323344718,0.4610445661087381,0.6335040626424606,0.9119569608167163,0.7476454350680966,0.08518829623407533,frl_apartment_5/seq_0009
frl_apartment_5,seq_0009,34,consec_n0.3,16,2.2529572093256065,0.25,fixed,0.3,18645,72762,0.38354133407715985,0.591674457066232,0.4876078955716959,0.36267095736122285,0.2983150545614469,0.3273600484172509,0.5519442209707697,0.4172782496357989,0.47525583734999405,0.7823545186377044,0.6336274428960171,0.7001802375301621,0.11055165772458385,frl_apartment_5/seq_0009
frl_apartment_5,seq_0009,34,consec_n0.3,16,2.2529572093256065,0.25,subset,0.3,18645,54462,0.38722345427357624,0.5060813382631173,0.44665239626834674,0.34684902118530436,0.3498218941647387,0.34832911467034233,0.5410029498525074,0.4775072527633947,0.5072758852242645,0.7816036470903728,0.6903712680401014,0.733160185543949,0.11174072075313306,frl_apartment_5/seq_0009
frl_apartment_5,seq_0009,34,spaced0.5,9,4.682861615188806,1.0,fixed,0.5,64017,72762,0.47704275562386167,0.1593619324303188,0.31820234402709024,0.21608322789259102,0.5777741128611088,0.3145333270616978,0.3729946732899074,0.7828949176768093,0.505265617618316,0.6579346111189215,0.939748769962343,0.773987197759066,0.101765703711319,frl_apartment_5/seq_0009
frl_apartment_5,seq_0009,34,spaced0.5,9,4.682861615188806,1.0,subset,0.5,64017,49178,0.47981308712553006,0.13398896734840618,0.3069010272369681,0.20853835699892215,0.6425027451299361,0.3148766058455468,0.3679803802115063,0.8267721338810037,0.5092869369768961,0.6559976256306919,0.9610191549066656,0.7797399401073465,0.09734031246678712,frl_apartment_5/seq_0009
frl_apartment_5,seq_0009,34,spaced0.5,9,4.682861615188806,0.25,fixed,0.5,16004,72762,0.3954775176317087,0.6953619426357052,0.5454197301337069,0.3947138215446139,0.32334185426458867,0.3554807886401551,0.569420144963759,0.4649267474780792,0.511895299112881,0.7514371407148213,0.6049174019405734,0.6702633988204232,0.12381576595364356,frl_apartment_5/seq_0009
frl_apartment_5,seq_0009,34,spaced0.5,9,4.682861615188806,0.25,subset,0.5,16004,49178,0.3966905292340829,0.5349352280901899,0.4658128786621364,0.3913396650837291,0.41477896620440036,0.40271854642245053,0.5674206448387903,0.5737524909512384,0.5705690016406334,0.7516870782304423,0.7026109235837164,0.7263209488325029,0.1299291058185501,frl_apartment_5/seq_0009
frl_apartment_5,seq_0009,34,random_n0.5,9,4.523354911224065,1.0,fixed,0.5,61905,72762,0.46540700899385345,0.16152981175149925,0.31346841037267636,0.22053145949438657,0.5697204584810753,0.31797780265949044,0.3814554559405541,0.7607267529754542,0.5081209777865978,0.6628543736370245,0.9330419724581512,0.7750765940959394,0.10374457188865277,frl_apartment_5/seq_0009
frl_apartment_5,seq_0009,34,random_n0.5,9,4.523354911224065,1.0,subset,0.5,61905,49318,0.46830309309569373,0.1411356995642113,0.3047193963299525,0.21179226233745255,0.6285331927490977,0.3168259774608466,0.376043938292545,0.800539356827122,0.511715530465413,0.6611097649624424,0.9491260797274829,0.7793597708777753,0.09930532764467782,frl_apartment_5/seq_0009
frl_apartment_5,seq_0009,34,random_n0.5,9,4.523354911224065,0.25,fixed,0.5,15476,72762,0.41162777819725654,0.576360778377913,0.4939942782875848,0.3926079090204187,0.31941123113713205,0.35224720376656915,0.565650038769708,0.462824001539265,0.5090967864110368,0.7483199793228225,0.6385201066490751,0.6890734668517862,0.12338034975384336,frl_apartment_5/seq_0009
frl_apartment_5,seq_0009,34,random_n0.5,9,4.523354911224065,0.25,subset,0.5,15476,49318,0.41311006359584784,0.46271497239759657,0.4379125179967222,0.3859524424915999,0.40425402489963097,0.3948912967320117,0.5637115533729646,0.5597145058599294,0.5617059190510965,0.748255363142931,0.719899428200657,0.7338035624727365,0.1303754493409666,frl_apartment_5/seq_0009
frl_apartment_5,seq_0009,34,consec_n0.5,9,1.2001603292159082,1.0,fixed,0.5,52045,72762,0.48525772652632765,0.2821588150917786,0.3837082708090531,0.20803151119223748,0.43220362277012725,0.28087172358433754,0.36641368046882505,0.5941150600588219,0.45327511107793683,0.6455759438947065,0.8041697589401061,0.7161982272672976,0.09181468324452338,frl_apartment_5/seq_0009
frl_apartment_5,seq_0009,34,consec_n0.5,9,1.2001603292159082,1.0,subset,0.5,52045,42510,0.49865797177380355,0.23389176168942616,0.36627486673161486,0.1857046786434816,0.5119736532580569,0.2725493924774334,0.34187722163512346,0.6668548576805458,0.452017915663742,0.6360649437986358,0.8466243236885439,0.7263936748907074,0.0837199694928181,frl_apartment_5/seq_0009
frl_apartment_5,seq_0009,34,consec_n0.5,9,1.2001603292159082,0.25,fixed,0.5,13011,72762,0.3852715067598071,0.8523294196062721,0.6188004631830396,0.35546844977326875,0.23921827327451142,0.285980989528487,0.5413111982168934,0.35243671147027295,0.4269166652336495,0.7740373530089923,0.5306478656441549,0.6296404120023519,0.09655520823466263,frl_apartment_5/seq_0009
frl_apartment_5,seq_0009,34,consec_n0.5,9,1.2001603292159082,0.25,subset,0.5,13011,42510,0.39085682055470283,0.6385343753727286,0.5146955979637158,0.3344862039812466,0.3359209597741708,0.3352020465986301,0.5250941511029129,0.47341801928957894,0.49791888436967047,0.7734224886634387,0.650105857445307,0.7064228703762219,0.10341566743579075,frl_apartment_5/seq_0009
frl_apartment_5,seq_0009,34,spaced1.0,5,4.211479384140585,1.0,fixed,1.0,42140,72762,0.4659319234374817,0.20087318287130965,0.33340255315439565,0.24905078310393924,0.4762238531101399,0.3270593444959445,0.4099905078310394,0.6929303757455815,0.5151681881699497,0.6691504508780256,0.9007036640004398,0.7678500277970659,0.10494350526880418,frl_apartment_5/seq_0009
frl_apartment_5,seq_0009,34,spaced1.0,5,4.211479384140585,1.0,subset,1.0,42140,39519,0.47031936383365874,0.16030692244700806,0.31531314314033343,0.23576174655908874,0.5713201244970774,0.33378380862283874,0.4018984337921215,0.7629747716288368,0.5264750949949424,0.6667062173706692,0.936511551405653,0.7789061300613765,0.10009175858129997,frl_apartment_5/seq_0009
frl_apartment_5,seq_0009,34,spaced1.0,5,4.211479384140585,0.25,fixed,1.0,10535,72762,0.38915775572679956,0.9341098001043874,0.6616337779155934,0.4336022781205505,0.2509001951568126,0.3178685262596624,0.5929757949691504,0.3727082817954427,0.45772110156293716,0.7536782154722355,0.5373271762733295,0.6273742773310295,0.1037987679671458,frl_apartment_5/seq_0009
frl_apartment_5,seq_0009,34,spaced1.0,5,4.211479384140585,0.25,subset,1.0,10535,39519,0.3906500252201826,0.6229089293703634,0.506779477295273,0.4288561936402468,0.38343581568359525,0.40487613452283006,0.5909824394874229,0.5361724739998481,0.5622448394251097,0.7533934504034172,0.7033831827728434,0.7275299053493982,0.11746541501976285,frl_apartment_5/seq_0009
frl_apartment_5,seq_0009,34,random_n1.0,5,2.5526096816889616,1.0,fixed,1.0,41021,72762,0.45897765524180895,0.21367489242622925,0.3363262738340191,0.23980400282781988,0.43408647370880404,0.30893944221847786,0.40311060188683845,0.6413512547758445,0.4950597069378011,0.6801638185319714,0.8954536708721585,0.7731003142510333,0.10103190481204591,frl_apartment_5/seq_0009
frl_apartment_5,seq_0009,34,random_n1.0,5,2.5526096816889616,1.0,subset,1.0,41021,36868,0.4681767274089388,0.16849831424075576,0.3183375208248473,0.2196923526973989,0.5411196701746772,0.31250782021751505,0.38619243801955094,0.7339427145492026,0.5060873692758182,0.6743862899490505,0.9316209178691548,0.7824029324180054,0.09612550418864411,frl_apartment_5/seq_0009
frl_apartment_5,seq_0009,34,random_n1.0,5,2.5526096816889616,0.25,fixed,1.0,10255,72762,0.4023450512660333,0.917244785889468,0.6597949185777506,0.39054119941491955,0.22295978670184988,0.2838625674295554,0.5643100926377377,0.34324235177702644,0.4268516371048798,0.751633349585568,0.4952035403095022,0.5970492191016054,0.09350524983754574,frl_apartment_5/seq_0009
frl_apartment_5,seq_0009,34,random_n1.0,5,2.5526096816889616,0.25,subset,1.0,10255,36868,0.40547453203042066,0.6138058293960328,0.5096401807132267,0.37893710385177964,0.36009547575132905,0.3692761062431607,0.5577766942954656,0.5173049799283932,0.5367790532851366,0.7517308629936617,0.6633123576000868,0.7047592098336738,0.10924984928085436,frl_apartment_5/seq_0009
frl_apartment_5,seq_0009,34,consec_n1.0,5,0.5999999999999998,1.0,fixed,1.0,34469,72762,0.47516326909755346,0.37714097286349196,0.4261521209805227,0.2281760422408541,0.35609246584755777,0.27813160697200257,0.38776871971916793,0.5200654187625409,0.44427741380387975,0.6611447967739128,0.732800087958,0.69513073369766,0.09164561880707207,frl_apartment_5/seq_0009
frl_apartment_5,seq_0009,34,consec_n1.0,5,0.5999999999999998,1.0,subset,1.0,34469,32816,0.4956897603255286,0.2796904517697913,0.38769010604765997,0.1965534248165018,0.47418941979522183,0.27791143870182905,0.3528677942499057,0.6281082398829839,0.45187478887516724,0.6462908700571528,0.8156082398829839,0.7211443736378521,0.08708749213200252,frl_apartment_5/seq_0009
frl_apartment_5,seq_0009,34,consec_n1.0,5,0.5999999999999998,0.25,fixed,1.0,8617,72762,0.4167118727332892,0.8871052786629519,0.6519085756981206,0.3581292793315539,0.1853714851158572,0.2442938840781902,0.5161889288615528,0.2968445067480278,0.37692877381313655,0.7379598468144366,0.48599543717874716,0.5860428449687394,0.07739025429748544,frl_apartment_5/seq_0009
frl_apartment_5,seq_0009,34,consec_n1.0,5,0.5999999999999998,0.25,subset,1.0,8617,32816,0.42390146858032807,0.5739735712771432,0.49893751992873564,0.33132180573285364,0.31347513408093614,0.3221514900676734,0.4976209817802019,0.4606289614822038,0.4784109566837724,0.7359870024370431,0.6601352998537299,0.6960006293790101,0.09347973957827228,frl_apartment_5/seq_0009
frl_apartment_5,seq_0010,32,all,32,4.6500496086879215,1.0,fixed,0.0,142082,76451,0.6092958348233926,0.14268969578153257,0.37599276530246256,0.1525879421742374,0.7266484414853959,0.25221383562147015,0.27016089300544754,0.8477586951119017,0.40974547464593253,0.5229867259751411,0.9339576983950504,0.6705094178098825,0.07892030006223999,frl_apartment_5/seq_0010
frl_apartment_5,seq_0010,32,all,32,4.6500496086879215,1.0,subset,0.0,142082,76451,0.6092958348233926,0.14268969578153257,0.37599276530246256,0.1525879421742374,0.7266484414853959,0.25221383562147015,0.27016089300544754,0.8477586951119017,0.40974547464593253,0.5229867259751411,0.9339576983950504,0.6705094178098825,0.07892030006223999,frl_apartment_5/seq_0010
frl_apartment_5,seq_0010,32,all,32,4.6500496086879215,0.25,fixed,0.0,35520,76451,0.45176849555933396,0.3910436387481045,0.4214060671537192,0.2881193693693694,0.39586140142051773,0.3335045141787799,0.4411036036036036,0.5180573177590875,0.4764934530737428,0.690625,0.7152162823246262,0.7027055631254207,0.12058228092162344,frl_apartment_5/seq_0010
frl_apartment_5,seq_0010,32,all,32,4.6500496086879215,0.25,subset,0.0,35520,76451,0.45176849555933396,0.3910436387481045,0.4214060671537192,0.2881193693693694,0.39586140142051773,0.3335045141787799,0.4411036036036036,0.5180573177590875,0.4764934530737428,0.690625,0.7152162823246262,0.7027055631254207,0.12058228092162344,frl_apartment_5/seq_0010
frl_apartment_5,seq_0010,32,spaced0.3,13,4.500051262292319,1.0,fixed,0.3,86022,76451,0.5763335132416537,0.17932631443181948,0.3778299138367366,0.17765222849968612,0.5925363958614014,0.2733496908741633,0.30351537978656623,0.78195183843246,0.43729447602487115,0.5568924228685685,0.908425004251089,0.6904920288926139,0.08861584100862907,frl_apartment_5/seq_0010
frl_apartment_5,seq_0010,32,spaced0.3,13,4.500051262292319,1.0,subset,0.3,86022,59786,0.5776257257845847,0.16163155675630936,0.36962864127044703,0.17306037990281556,0.6236744388318335,0.2709391701779244,0.3010625188905164,0.8046867159535678,0.4381843586025697,0.5560903024807607,0.9217877094972067,0.6936935282111649,0.08540918021438824,frl_apartment_5/seq_0010
frl_apartment_5,seq_0010,32,spaced0.3,13,4.500051262292319,0.25,fixed,0.3,21505,76451,0.45591715481972034,0.5100645262888293,0.48299084055427477,0.32527319228086493,0.3239329766778721,0.324601701114616,0.48249244361776333,0.4475154020222103,0.46434618996078975,0.7034643106254359,0.6144327739336307,0.6559412457999465,0.12261053274620104,frl_apartment_5/seq_0010
frl_apartment_5,seq_0010,32,spaced0.3,13,4.500051262292319,0.25,subset,0.3,21505,59786,0.45641622592825826,0.44882383155878824,0.45262002874352325,0.3217391304347826,0.37301374903823636,0.34548433781753374,0.48081841432225064,0.503495801692704,0.49189587846838173,0.7031388049290863,0.6622620680426856,0.6820885621083476,0.12516701405590294,frl_apartment_5/seq_0010
frl_apartment_5,seq_0010,32,random_n0.3,13,4.200054923838342,1.0,fixed,0.3,87865,76451,0.5981343517701476,0.17324724877778416,0.3856908002739659,0.1754851192169806,0.5917515794430419,0.27069507140824056,0.2947476241962101,0.7799636368392827,0.4278217550196897,0.5373812098105047,0.9178558815450419,0.6778806106390713,0.086837600110195,frl_apartment_5/seq_0010
frl_apartment_5,seq_0010,32,random_n0.3,13,4.200054923838342,1.0,subset,0.3,87865,59249,0.6003118688699759,0.15827592437987256,0.37929389662492424,0.17043191259318272,0.623116001957839,0.26765580258925564,0.2917316337563307,0.8023764114162264,0.4278893340064597,0.5362089569225517,0.9280662964775777,0.6797048022681191,0.08324152160413453,frl_apartment_5/seq_0010
frl_apartment_5,seq_0010,32,random_n0.3,13,4.200054923838342,0.25,fixed,0.3,21966,76451,0.4677427254105197,0.5459482395385599,0.5068454824745398,0.31963033779477373,0.32348824737413506,0.32154772126101133,0.46485477556223254,0.4433558750049051,0.4538508673971274,0.6893835928252754,0.6118036389321264,0.6482808629177245,0.11851517205029742,frl_apartment_5/seq_0010
frl_apartment_5,seq_0010,32,random_n0.3,13,4.200054923838342,0.25,subset,0.3,21966,59249,0.46863612474224886,0.47358644371948694,0.4711112842308679,0.3155786215059638,0.3746392344174585,0.3425820764991286,0.4633979786943458,0.5026245168694831,0.4822148267336099,0.6888828189019394,0.6671336225083968,0.6778338026342217,0.1212716272157945,frl_apartment_5/seq_0010
frl_apartment_5,seq_0010,32,consec_n0.3,13,1.8,1.0,fixed,0.3,68758,76451,0.6422197778168974,0.3771375370076663,0.5096786574122818,0.15966142121644028,0.4124602686688206,0.2302097398341452,0.26312574536781175,0.5390249964029248,0.35362768259070837,0.4975130166671515,0.7217825796915671,0.5890224317590392,0.0735252643948296,frl_apartment_5/seq_0010
frl_apartment_5,seq_0010,32,consec_n0.3,13,1.8,1.0,subset,0.3,68758,54649,0.6480480707660998,0.34462209097631114,0.4963350808712055,0.14894266848948487,0.438965031382093,0.22241798555079684,0.2554611826987405,0.5626635437061978,0.3513857721139331,0.4939788824573141,0.742941316401032,0.5934050095485208,0.068934929218057,frl_apartment_5/seq_0010
frl_apartment_5,seq_0010,32,consec_n0.3,13,1.8,0.25,fixed,0.3,17189,76451,0.5121905697054999,0.7811903982497315,0.6466904839776157,0.29547966722904184,0.2196570352251769,0.2519882095903324,0.41538193030426435,0.3044695295025572,0.3513812166680693,0.6421548664843796,0.48897986945886907,0.5551961102566008,0.09629956189898879,frl_apartment_5/seq_0010
frl_apartment_5,seq_0010,32,consec_n0.3,13,1.8,0.25,subset,0.3,17189,54649,0.5165022688079318,0.7020605160586375,0.6092813924332847,0.27657222642387574,0.2560888579845926,0.26593670042106227,0.4028739310023852,0.34480045380519314,0.37158184647894466,0.6407586247018442,0.5332942963274717,0.5821082061216489,0.09804217321789496,frl_apartment_5/seq_0010
frl_apartment_5,seq_0010,32,spaced0.5,8,4.200054923838342,1.0,fixed,0.5,63932,76451,0.5758591861632438,0.20306486563254736,0.3894620258978956,0.19800725771131827,0.5218113562935737,0.2870790882371152,0.3183382343740224,0.7336856287033525,0.44402070299776414,0.5610961646749671,0.8908581967534761,0.6885300678126958,0.09510732003644831,frl_apartment_5/seq_0010
frl_apartment_5,seq_0010,32,spaced0.5,8,4.200054923838342,1.0,subset,0.5,63932,49783,0.5794803183387822,0.17575644456810688,0.37761838145344456,0.18962334980917225,0.5777875981760842,0.2855367652285565,0.3131765000312832,0.774662033224193,0.4460330037147066,0.5592660952261778,0.9097683948335777,0.692703433692787,0.09003879282004076,frl_apartment_5/seq_0010
frl_apartment_5,seq_0010,32,spaced0.5,8,4.200054923838342,0.25,fixed,0.5,15983,76451,0.47368915950950835,0.6389211508349134,0.5563051551722109,0.3537508602890571,0.28987194412107103,0.3186414431056997,0.49208534067446663,0.41405606205281814,0.449711088667495,0.6926734655571545,0.5650678212188199,0.6223974518667241,0.11757379138545318,frl_apartment_5/seq_0010
frl_apartment_5,seq_0010,32,spaced0.5,8,4.200054923838342,0.25,subset,0.5,15983,49783,0.47499840764708745,0.506698132841654,0.4908482702443707,0.3479321779390602,0.3736416045638069,0.36032888222075576,0.49008321341425265,0.5143723761123276,0.5019341215383487,0.6917349684039292,0.6568708193560051,0.6738522399899024,0.12523346428801443,frl_apartment_5/seq_0010
frl_apartment_5,seq_0010,32,random_n0.5,8,4.200054923838342,1.0,fixed,0.5,60582,76451,0.5928222980375193,0.2055471281424508,0.39918471308998504,0.19169060116866396,0.4746569698238087,0.2730925536620591,0.3075831104948665,0.7020444467698265,0.4277557859615731,0.5443200950777458,0.9078756327582373,0.680590007626777,0.09034067821048906,frl_apartment_5/seq_0010
frl_apartment_5,seq_0010,32,random_n0.5,8,4.200054923838342,1.0,subset,0.5,60582,49978,0.5958058279647062,0.1763246893626049,0.38606525866365554,0.18337129840546698,0.5241506262755612,0.271692445272334,0.30343996566636955,0.7415662891672335,0.43065933487656044,0.5424548545772672,0.9301092480691504,0.6852567925506055,0.08603528673883995,frl_apartment_5/seq_0010
frl_apartment_5,seq_0010,32,random_n0.5,8,4.200054923838342,0.25,fixed,0.5,15145,76451,0.47059091158550254,0.6227871972245355,0.546689054405019,0.3548365797292836,0.26817177015343163,0.3054763350093305,0.49303400462198743,0.3816300637009326,0.43023740291832546,0.6916474083856058,0.5545774417600816,0.6155743889999288,0.114082469966646,frl_apartment_5/seq_0010
frl_apartment_5,seq_0010,32,random_n0.5,8,4.200054923838342,0.25,subset,0.5,15145,49978,0.4716324668310488,0.49485298407584827,0.48324272545344854,0.3487619676460878,0.3455120252911281,0.3471293898713438,0.491053152855728,0.4760094441554284,0.48341428789418706,0.6915813799933972,0.6521869622633959,0.6713067203508022,0.12176649945903413,frl_apartment_5/seq_0010
frl_apartment_5,seq_0010,32,consec_n0.5,8,1.0500000000000003,1.0,fixed,0.5,48651,76451,0.6380038556732541,0.4447059307223014,0.5413548931977777,0.17438490472960474,0.3383735987756864,0.2301560964162642,0.27506114982220303,0.4575087310826543,0.343565524342478,0.49990750447061727,0.6602137316712665,0.5689850142121727,0.07561781977929077,frl_apartment_5/seq_0010
frl_apartment_5,seq_0010,32,consec_n0.5,8,1.0500000000000003,1.0,subset,0.5,48651,44048,0.6468217296896516,0.38287960053082876,0.5148506651102401,0.1533575877165937,0.3862150381402107,0.2195404427532006,0.2593985735133913,0.5014302579004722,0.34191736234317555,0.49563215555692586,0.7033917544496913,0.5815122927063971,0.06947842571738742,frl_apartment_5/seq_0010
frl_apartment_5,seq_0010,32,consec_n0.5,8,1.0500000000000003,0.25,fixed,0.5,12162,76451,0.5264671879504197,0.8436152973541287,0.6850412426522742,0.31096859069232036,0.18683862866411166,0.2334274907369877,0.4229567505344516,0.25927718407869094,0.3214822063280387,0.6310639697418188,0.4481040143359799,0.5240746618067241,0.08845816633266533,frl_apartment_5/seq_0010
frl_apartment_5,seq_0010,32,consec_n0.5,8,1.0500000000000003,0.25,subset,0.5,12162,44048,0.5335356021788775,0.7024796874860255,0.6180076448324515,0.2807926327906594,0.24675354159099164,0.2626749276495708,0.40034533793783916,0.3266436614602252,0.35975858545541334,0.6290906100970235,0.5249046494733018,0.5722945279738393,0.09326616786428624,frl_apartment_5/seq_0010
frl_apartment_5,seq_0010,32,spaced1.0,5,4.200054923838342,1.0,fixed,1.0,45706,76451,0.5928722084937946,0.21646014641396108,0.40466617745387784,0.20883472629414082,0.42440255850152386,0.2799266381536529,0.32341486894499627,0.6712273220755778,0.43650852208195423,0.5494245832057061,0.8908058756589188,0.6796560146866047,0.09165734377497203,frl_apartment_5/seq_0010
frl_apartment_5,seq_0010,32,spaced1.0,5,4.200054923838342,1.0,subset,1.0,45706,40921,0.5991170432493114,0.1796234001799583,0.3893702217146348,0.19502909902419813,0.4989125387942621,0.28043413921323224,0.3157572309981184,0.7375919454558784,0.44220852023200846,0.5455520063011421,0.9181593802692993,0.6844295898848956,0.0868439226519337,frl_apartment_5/seq_0010
frl_apartment_5,seq_0010,32,spaced1.0,5,4.200054923838342,0.25,fixed,1.0,11426,76451,0.503883382019003,0.7131152323128476,0.6084993071659253,0.3623315245930334,0.2325541850335509,0.28328706186803115,0.48958515666024854,0.36592065506010385,0.4188149718645792,0.6616488709959741,0.5258400805744856,0.5859784971917635,0.1009901630856847,frl_apartment_5/seq_0010
frl_apartment_5,seq_0010,32,spaced1.0,5,4.200054923838342,0.25,subset,1.0,11426,40921,0.5061603276153109,0.508174545480724,0.5071674365480174,0.35480483108699457,0.33835927763251145,0.3463869661944671,0.4866094871346053,0.5063170499254661,0.49626769110478847,0.6606861543847365,0.6656240072334498,0.6631458889957975,0.1143934387997046,frl_apartment_5/seq_0010
frl_apartment_5,seq_0010,32,random_n1.0,5,4.6500496086879215,1.0,fixed,1.0,41838,76451,0.5520105664608916,0.25574705464085223,0.40387881055087194,0.22613413643099575,0.4126695530470497,0.2921669819593826,0.3541039246617907,0.6346548769800264,0.45457756203273575,0.5902050767245088,0.8592431753672287,0.6997554876633553,0.09775294298028928,frl_apartment_5/seq_0010
frl_apartment_5,seq_0010,32,random_n1.0,5,4.6500496086879215,1.0,subset,1.0,41838,40986,0.5570516847712313,0.20232872457665577,0.37969020467394354,0.21332281657823032,0.48670277655784905,0.2966314607631288,0.3464075720636742,0.6939686722295418,0.4621328181106275,0.5874563793680386,0.9028692724344898,0.7117857941792972,0.0946328467558417,frl_apartment_5/seq_0010
frl_apartment_5,seq_0010,32,random_n1.0,5,4.6500496086879215,0.25,fixed,1.0,10459,76451,0.4580109013682343,0.6996905987897184,0.5788507500789764,0.39860407304713646,0.2231756288341552,0.28614222815248463,0.5401089970360455,0.35332435154543435,0.4271917126098007,0.7067597284635242,0.5379785745117788,0.6109261526415527,0.10200680045336356,frl_apartment_5/seq_0010
frl_apartment_5,seq_0010,32,random_n1.0,5,4.6500496086879215,0.25,subset,1.0,10459,40986,0.45973189842689066,0.496228809853132,0.47798035414001133,0.38990343245052106,0.3289659883862782,0.3568519241838981,0.5378143225929821,0.48728834236080615,0.5113061524741003,0.7055167798068649,0.6823305518957693,0.693729984186027,0.11800917357367023,frl_apartment_5/seq_0010
frl_apartment_5,seq_0010,32,consec_n1.0,5,0.5999999999999995,1.0,fixed,1.0,35854,76451,0.634094853455365,0.5485447379695827,0.5913197957124738,0.18572544207061972,0.279996337523381,0.22331978379889478,0.2834272326658113,0.38548874442453335,0.3266718445904519,0.5029285435376806,0.5893317288197669,0.5427126767069178,0.07586828882221935,frl_apartment_5/seq_0010
frl_apartment_5,seq_0010,32,consec_n1.0,5,0.5999999999999995,1.0,subset,1.0,35854,35035,0.6476437023683802,0.4388072956911385,0.5432254990297594,0.15376248117364869,0.35170543741972315,0.21397639181696307,0.2569587772633458,0.4556871699728843,0.32861428164976986,0.4940871311429687,0.666933066933067,0.5676439501249055,0.06899354032090019,frl_apartment_5/seq_0010
frl_apartment_5,seq_0010,32,consec_n1.0,5,0.5999999999999995,0.25,fixed,1.0,8963,76451,0.5242803894614906,0.9496907027229456,0.7369855460922181,0.3348209304920228,0.16091352631097042,0.21736321076266327,0.44884525270556735,0.2300427724948006,0.30418449735666997,0.634051098962401,0.40595937267007626,0.4949930666977157,0.07845281213695073,frl_apartment_5/seq_0010
frl_apartment_5,seq_0010,32,consec_n1.0,5,0.5999999999999995,0.25,subset,1.0,8963,35035,0.5341053087790886,0.7229836612612808,0.6285444850201847,0.2962177842240321,0.24641073212501785,0.26902840112494986,0.4163784447171706,0.3308691308691309,0.36873127091276775,0.6296998772732344,0.5215926930212644,0.5705706147275663,0.0908034676914827,frl_apartment_5/seq_0010
frl_apartment_5,seq_0002,60,all,60,8.871791002396128,1.0,fixed,0.0,141652,96872,0.41391922482101157,0.06640317541153386,0.2401612001162727,0.2527532262163612,0.8916611611198282,0.39386124057641236,0.43568039985316126,0.9608039474770832,0.599510404563552,0.7224394996187841,0.9957572879676274,0.8373597274286737,0.13922123123776375,frl_apartment_5/seq_0002
frl_apartment_5,seq_0002,60,all,60,8.871791002396128,1.0,subset,0.0,141652,96872,0.41391922482101157,0.06640317541153386,0.2401612001162727,0.2527532262163612,0.8916611611198282,0.39386124057641236,0.43568039985316126,0.9608039474770832,0.599510404563552,0.7224394996187841,0.9957572879676274,0.8373597274286737,0.13922123123776375,frl_apartment_5/seq_0002
frl_apartment_5,seq_0002,60,all,60,8.871791002396128,0.25,fixed,0.0,35413,96872,0.37590589108132405,0.21581981569748887,0.29586285338940643,0.4874763504927569,0.5611838302089355,0.5217397409382865,0.6626097760709344,0.6955673466017012,0.6786886865934886,0.7584785248355124,0.8890184986373771,0.8185768226476626,0.22123347666825927,frl_apartment_5/seq_0002
frl_apartment_5,seq_0002,60,all,60,8.871791002396128,0.25,subset,0.0,35413,96872,0.37590589108132405,0.21581981569748887,0.29586285338940643,0.4874763504927569,0.5611838302089355,0.5217397409382865,0.6626097760709344,0.6955673466017012,0.6786886865934886,0.7584785248355124,0.8890184986373771,0.8185768226476626,0.22123347666825927,frl_apartment_5/seq_0002
frl_apartment_5,seq_0002,60,spaced0.3,24,8.716098686784068,1.0,fixed,0.3,96678,96872,0.3767466074085315,0.08697916794126036,0.23186288767489593,0.31509754028838,0.8339458254191098,0.45737921851457475,0.5119365315790563,0.9195536377900735,0.6577105592539543,0.7613934917975134,0.9773825253943348,0.8559730367499726,0.17118321886731175,frl_apartment_5/seq_0002
frl_apartment_5,seq_0002,60,spaced0.3,24,8.716098686784068,1.0,subset,0.3,96678,81396,0.37861216371489853,0.08098648448106226,0.2297993240979804,0.30847762676100043,0.8518968991105214,0.45294192146332174,0.5080887068412668,0.9316182613396236,0.6575570281108563,0.7606073770661371,0.9822595704948646,0.8573389684826297,0.16404442387783433,frl_apartment_5/seq_0002
frl_apartment_5,seq_0002,60,spaced0.3,24,8.716098686784068,0.25,fixed,0.3,24169,96872,0.40234144633436536,0.3618502188269364,0.3820958325806509,0.5153295543878522,0.4792406474523082,0.49663034110453746,0.6545574910008689,0.6112498967709967,0.6321628435258789,0.7270884190491953,0.7887315220084234,0.7566565656752651,0.2097599845462887,frl_apartment_5/seq_0002
frl_apartment_5,seq_0002,60,spaced0.3,24,8.716098686784068,0.25,subset,0.3,24169,81396,0.4032802478168346,0.3019905455257319,0.35263539667128324,0.5095370102197029,0.5172735760971056,0.5133761473488592,0.6527783524349373,0.6518870706177208,0.6523324070868675,0.726757416525301,0.8231977001326847,0.7719772365124725,0.21090023597931415,frl_apartment_5/seq_0002
frl_apartment_5,seq_0002,60,random_n0.3,24,8.871791002396128,1.0,fixed,0.3,92947,96872,0.3642044972540914,0.08780144078675432,0.22600296902042286,0.32274306863050983,0.8308179866215212,0.4648921619793553,0.5271176046564171,0.9223717895779998,0.6708547303056406,0.775818477196682,0.9745127591047981,0.863887919151777,0.17339505685407455,frl_apartment_5/seq_0002
frl_apartment_5,seq_0002,60,random_n0.3,24,8.871791002396128,1.0,subset,0.3,92947,81352,0.3661715473883552,0.08106540702653217,0.2236184772074437,0.3165675062132183,0.8519888877962435,0.4616157147634356,0.5234488471924861,0.9364981807454027,0.6715433967511,0.7747210776033654,0.9804553053397581,0.8655305507484923,0.16665170601318532,frl_apartment_5/seq_0002
frl_apartment_5,seq_0002,60,random_n0.3,24,8.871791002396128,0.25,fixed,0.3,23236,96872,0.4096581073214764,0.3918038354727421,0.4007309713971092,0.5097693234635909,0.47147782641010816,0.48987644474300107,0.6476157686348769,0.6114873234784045,0.629033214969377,0.7243501463246687,0.7780679659757206,0.7502487362084825,0.19740879645414253,frl_apartment_5/seq_0002
frl_apartment_5,seq_0002,60,random_n0.3,24,8.871791002396128,0.25,subset,0.3,23236,81352,0.41073394582358697,0.32644363724431075,0.36858879153394886,0.5042606300568084,0.5092806568984167,0.506758211488006,0.6456791186090549,0.6518340053102567,0.6487419637912033,0.7238767429850232,0.8137353722096567,0.7661803715851341,0.20040131060933175,frl_apartment_5/seq_0002
frl_apartment_5,seq_0002,60,consec_n0.3,24,3.45,1.0,fixed,0.3,85652,96872,0.3480118415779766,0.10970599345831314,0.22885891751814486,0.3048848830149909,0.7715232471715253,0.43705685299214025,0.5046817353943865,0.8749380625980675,0.640126012162389,0.7831224022789894,0.9608762077793377,0.8629406924856596,0.16617198277663978,frl_apartment_5/seq_0002
frl_apartment_5,seq_0002,60,consec_n0.3,24,3.45,1.0,subset,0.3,85652,70887,0.354507954628096,0.10101106108293349,0.22775950785551474,0.2856792602624574,0.7973958553754568,0.4206531104093175,0.4905197777051324,0.8896130461156488,0.6323634741418185,0.7792462522766543,0.9660445497764047,0.8626488996103304,0.1494298325300046,frl_apartment_5/seq_0002
frl_apartment_5,seq_0002,60,consec_n0.3,24,3.45,0.25,fixed,0.3,21413,96872,0.43763855985099415,0.327532711320905,0.3825856355859496,0.43632372857609864,0.358225286976629,0.39343625081494604,0.6102834726567973,0.5379573044842679,0.5718425237243,0.7296969130901788,0.7986518292179371,0.7626188425215661,0.1556580745948057,frl_apartment_5/seq_0002
frl_apartment_5,seq_0002,60,consec_n0.3,24,3.45,0.25,subset,0.3,21413,70887,0.44169947797079645,0.28284264843659485,0.3622710632036956,0.4195115116985009,0.4112460676851891,0.4153376720623267,0.5994022322887965,0.5916035380253079,0.5954773522697516,0.7288096016438612,0.8323246857674891,0.7771352247709852,0.1570539363663078,frl_apartment_5/seq_0002
frl_apartment_5,seq_0002,60,spaced0.5,16,8.871791002396128,1.0,fixed,0.5,82560,96872,0.37195583714547875,0.09558915563537952,0.23377249639042913,0.3272529069767442,0.7993537864398381,0.4643871758332912,0.5235222868217054,0.9057519200594599,0.6635274241986009,0.7684108527131783,0.9721178462300768,0.8583436786912814,0.17537701508060322,frl_apartment_5/seq_0002
frl_apartment_5,seq_0002,60,spaced0.5,16,8.871791002396128,1.0,subset,0.5,82560,73906,0.3745127296063093,0.08671682118034202,0.23061477539332567,0.3179505813953488,0.8291613671420452,0.45964535386370187,0.5187378875968992,0.9235921305442047,0.6643448098197309,0.7670663759689923,0.9788921061889427,0.8601295254523516,0.16438295761450697,frl_apartment_5/seq_0002
frl_apartment_5,seq_0002,60,spaced0.5,16,8.871791002396128,0.25,fixed,0.5,20640,96872,0.4076196243634915,0.44817829376740953,0.4278989590654505,0.5188953488372093,0.4647885870014039,0.49035391796255867,0.6507751937984496,0.6245251465851845,0.6373800122702362,0.7215600775193799,0.774805929473945,0.7472356681732465,0.20012369221254445,frl_apartment_5/seq_0002
frl_apartment_5,seq_0002,60,spaced0.5,16,8.871791002396128,0.25,subset,0.5,20640,73906,0.40885348508339125,0.3426326943890342,0.37574308973621273,0.5116763565891473,0.5198224772007686,0.5157172504596479,0.6491763565891473,0.6838281059724515,0.6660518412899753,0.7214631782945736,0.8293913890617812,0.7716717739983538,0.20365168539325842,frl_apartment_5/seq_0002
frl_apartment_5,seq_0002,60,random_n0.5,16,6.760680860546203,1.0,fixed,0.5,80711,96872,0.3873380428737346,0.09130572453365061,0.2393218837036926,0.31393490354474607,0.7699748121232142,0.4460186395263075,0.5067339024420463,0.91187339995045,0.6514518368976254,0.7480021310602024,0.9871892807003055,0.8511103509605591,0.1663258052168207,frl_apartment_5/seq_0002
frl_apartment_5,seq_0002,60,random_n0.5,16,6.760680860546203,1.0,subset,0.5,80711,69220,0.3932830289618388,0.0850588592337247,0.23917094409778175,0.29819974972432506,0.8011701820283155,0.43462849195186165,0.49662375636530337,0.9270442068766253,0.6467690335425874,0.7448179306414243,0.98796590580757,0.8493323933767373,0.15154942827384618,frl_apartment_5/seq_0002
frl_apartment_5,seq_0002,60,random_n0.5,16,6.760680860546203,0.25,fixed,0.5,20177,96872,0.4348343274969169,0.35992710614535856,0.39738071682113774,0.49313574862467163,0.3935812205797341,0.4377698332069652,0.6320067403479209,0.5314745230820052,0.5773973186655519,0.714377756851861,0.7657424229911636,0.7391688349533239,0.18079848395605522,frl_apartment_5/seq_0002
frl_apartment_5,seq_0002,60,random_n0.5,16,6.760680860546203,0.25,subset,0.5,20177,69220,0.4374176529642091,0.29209389617888804,0.36475577457154856,0.48376864746989146,0.4668159491476452,0.47514113134192093,0.6269019180254746,0.6036983530771454,0.615081378315937,0.7136343361252911,0.8124674949436579,0.7598506070481219,0.18725960863584043,frl_apartment_5/seq_0002
frl_apartment_5,seq_0002,60,consec_n0.5,16,2.25,1.0,fixed,0.5,65966,96872,0.32411942148662476,0.1268043998208606,0.2254619106537427,0.3280781008398266,0.7022049715087951,0.44721315847250176,0.5391262165357912,0.846312660004955,0.6586639802313845,0.8181790619409999,0.9518539928978446,0.879968885196734,0.1708243088291502,frl_apartment_5/seq_0002
frl_apartment_5,seq_0002,60,consec_n0.5,16,2.25,1.0,subset,0.5,65966,60893,0.3327679536460464,0.11296374130669949,0.22286584747637295,0.2990025164478671,0.7455372538715451,0.4268243705934871,0.5183579419701058,0.8686548535956514,0.649271792778985,0.8146317800078828,0.960701558471417,0.88165754979207,0.15068566174020817,frl_apartment_5/seq_0002
frl_apartment_5,seq_0002,60,consec_n0.5,16,2.25,0.25,fixed,0.5,16491,96872,0.4546890444837991,0.34577273136895625,0.4002308879263777,0.4455763749924201,0.3016764390123049,0.35977086093616173,0.601115760111576,0.486838302089355,0.5379752439544158,0.7206354981505063,0.7874411594681642,0.7525586306913572,0.13749832417214103,frl_apartment_5/seq_0002
frl_apartment_5,seq_0002,60,consec_n0.5,16,2.25,0.25,subset,0.5,16491,60893,0.4609345264248369,0.28376627930184084,0.37235040286333887,0.41901643320599113,0.37390176210730297,0.39517565280674133,0.5830452974349645,0.5610661323961703,0.5718445975002499,0.719301437147535,0.8340531752418177,0.7724387500753482,0.14290585573018383,frl_apartment_5/seq_0002
frl_apartment_5,seq_0002,60,spaced1.0,9,8.408585237610174,1.0,fixed,1.0,62659,96872,0.3868221446862084,0.09645330121622674,0.24163772295121758,0.35145789112497805,0.7357853662565035,0.475694048023691,0.5373210552354809,0.9038937980014865,0.6739885705065083,0.75015560414306,0.9851969609381451,0.8517589293422657,0.18124483319555187,frl_apartment_5/seq_0002
frl_apartment_5,seq_0002,60,spaced1.0,9,8.408585237610174,1.0,subset,1.0,62659,62280,0.39285969829052525,0.08545642919207434,0.2391580637412998,0.33639221819690707,0.7920359666024406,0.4722227595626791,0.5280646036483186,0.930378933847142,0.6737321950610865,0.7472509934726057,0.9885517019910084,0.851129271019502,0.16821168086409444,frl_apartment_5/seq_0002
frl_apartment_5,seq_0002,60,spaced1.0,9,8.408585237610174,0.25,fixed,1.0,15664,96872,0.42564719695526954,0.5073895366609779,0.4665183668081237,0.5314096016343207,0.4073210009084152,0.4611638104557896,0.6421731358529111,0.5695557023701379,0.6036884819384197,0.7115040858018387,0.7694586671071104,0.7393474068500155,0.17899152518352654,frl_apartment_5/seq_0002
frl_apartment_5,seq_0002,60,spaced1.0,9,8.408585237610174,0.25,subset,1.0,15664,62280,0.4279625885194166,0.33383139865242833,0.38089699358592244,0.5231103166496425,0.5015895953757226,0.5121239671945347,0.639108784473953,0.6742292870905587,0.6561994500256451,0.7108656792645557,0.8594894026974952,0.7781444147088857,0.1909199368006965,frl_apartment_5/seq_0002
frl_apartment_5,seq_0002,60,random_n1.0,9,6.311442441958553,1.0,fixed,1.0,58823,96872,0.3582459916935311,0.11174953156721457,0.23499776163037284,0.3496931472383251,0.7151085969113882,0.4696997863594145,0.5487309385784472,0.8723986291188373,0.673706507066217,0.779457015113136,0.9686596746221818,0.863819427015237,0.17847856616471308,frl_apartment_5/seq_0002
frl_apartment_5,seq_0002,60,random_n1.0,9,6.311442441958553,1.0,subset,1.0,58823,57533,0.36540541978626023,0.09973537622121252,0.23257039800373638,0.3270999438994951,0.767820207533068,0.458762123393861,0.5342638083742753,0.8985278014356978,0.6700917032713058,0.7753599782398042,0.9743277771018372,0.8635309491602498,0.15913044749499292,frl_apartment_5/seq_0002
frl_apartment_5,seq_0002,60,random_n1.0,9,6.311442441958553,0.25,fixed,1.0,14705,96872,0.4562871900660867,0.3312094801593933,0.39374833511274,0.5124787487249235,0.3523825253943348,0.4176127688698324,0.6327779666780007,0.49447724832769013,0.5551436863634274,0.6998979938796328,0.7698406144190272,0.7332050727886323,0.16155495212233814,frl_apartment_5/seq_0002
frl_apartment_5,seq_0002,60,random_n1.0,9,6.311442441958553,0.25,subset,1.0,14705,57533,0.45970783806603904,0.2565707812247408,0.3581393096453899,0.5004420265215913,0.4608485564806285,0.47982990700780265,0.6276096565793947,0.6044704778127336,0.6158227836042547,0.6991499489969398,0.8352771452905289,0.7611752630050675,0.17081127867106097,frl_apartment_5/seq_0002
frl_apartment_5,seq_0002,60,consec_n1.0,9,1.2000000000000002,1.0,fixed,1.0,46315,96872,0.32236453181761915,0.16931177347924076,0.24583815264842995,0.3529310158695887,0.5816954331488975,0.43931639290443447,0.5704631328943107,0.7699748121232142,0.6553712466976969,0.8259095325488502,0.9217627384589975,0.8712075428221979,0.1660452880130409,frl_apartment_5/seq_0002
frl_apartment_5,seq_0002,60,consec_n1.0,9,1.2000000000000002,1.0,subset,1.0,46315,47400,0.33662796458252525,0.14117410226813754,0.2389010334253314,0.3037676778581453,0.6507805907172995,0.414198245065952,0.5338011443376875,0.8144936708860759,0.6449296528706674,0.8203605743279715,0.9415611814345991,0.8767922514610226,0.14123382379010813,frl_apartment_5/seq_0002
frl_apartment_5,seq_0002,60,consec_n1.0,9,1.2000000000000002,0.25,fixed,1.0,11578,96872,0.45985492242733705,0.48744119440383143,0.4736480584155842,0.4765935394714113,0.23989388058468908,0.3191455158736407,0.6266194506823286,0.3958832273515567,0.4852175662451595,0.7159267576438072,0.6763667520026426,0.6955847346617122,0.11823276890054853,frl_apartment_5/seq_0002
frl_apartment_5,seq_0002,60,consec_n1.0,9,1.2000000000000002,0.25,subset,1.0,11578,47400,0.4731580218067075,0.37488096143704247,0.424019491621875,0.42969424771117637,0.3410337552742616,0.3802644833172358,0.5904301261012265,0.5037130801687764,0.543635194622771,0.7118673346001037,0.7705696202531646,0.7400562160806753,0.12922889362999085,frl_apartment_5/seq_0002
office_4,seq_0003,16,all,16,2.25,1.0,fixed,0.0,49132,47402,0.40089440915074315,0.18721008400769126,0.2940522465792172,0.24405682650818203,0.6420193240791527,0.3536698255287083,0.39534315720915086,0.7657904729758238,0.5214731801346956,0.7242123259789953,0.8989283152609594,0.8021670452243665,0.11802882933314673,office_4/seq_0003
office_4,seq_0003,16,all,16,2.25,1.0,subset,0.0,49132,47402,0.40089440915074315,0.18721008400769126,0.2940522465792172,0.24405682650818203,0.6420193240791527,0.3536698255287083,0.39534315720915086,0.7657904729758238,0.5214731801346956,0.7242123259789953,0.8989283152609594,0.8021670452243665,0.11802882933314673,office_4/seq_0003
office_4,seq_0003,16,all,16,2.25,0.25,fixed,0.0,12283,47402,0.166534744056829,0.666150478871256,0.4163426114640425,0.4645444923878531,0.3756803510400405,0.4154131821715482,0.6800455914678825,0.453820513902367,0.5443652267852527,0.9617357323129528,0.5984135690477195,0.7377700474591561,0.15466996629261423,office_4/seq_0003
office_4,seq_0003,16,all,16,2.25,0.25,subset,0.0,12283,47402,0.166534744056829,0.666150478871256,0.4163426114640425,0.4645444923878531,0.3756803510400405,0.4154131821715482,0.6800455914678825,0.453820513902367,0.5443652267852527,0.9617357323129528,0.5984135690477195,0.7377700474591561,0.15466996629261423,office_4/seq_0003
office_4,seq_0003,16,spaced0.3,7,2.25,1.0,fixed,0.3,32234,47402,0.34191324931978,0.23924402374508527,0.29057863653243265,0.28575417261276914,0.5501033711657736,0.3761270921079794,0.442638208103245,0.7133876207754947,0.5463072022350548,0.7759818824843333,0.8770937935108223,0.8234455359632882,0.1282488180661883,office_4/seq_0003
office_4,seq_0003,16,spaced0.3,7,2.25,1.0,subset,0.3,32234,37242,0.34370102098960464,0.21625984878069937,0.279980434885152,0.28063535397406464,0.5886364856882015,0.3800703093921441,0.4395048706334926,0.7433542774287095,0.552403599484151,0.7743376558912949,0.8928897481338274,0.8293987405318566,0.1257390618841151,office_4/seq_0003
office_4,seq_0003,16,spaced0.3,7,2.25,0.25,fixed,0.3,8058,47402,0.1474368111398734,0.8378213824354717,0.4926290967876725,0.5187391412261106,0.3227289987764229,0.3979049371341381,0.726234797716555,0.4164170288173495,0.5293240332118322,0.9679821295606851,0.5420657356229694,0.6949580304414856,0.14402364492535819,office_4/seq_0003
office_4,seq_0003,16,spaced0.3,7,2.25,0.25,subset,0.3,8058,37242,0.1476030359939704,0.7078395261309114,0.4277212810624409,0.5189873417721519,0.38864722624993286,0.44445859147503264,0.725614296351452,0.49140755061489716,0.5859752558264115,0.9674857284686026,0.6205896568390527,0.7561500439863492,0.15265131226566683,office_4/seq_0003
office_4,seq_0003,16,random_n0.3,7,1.2000000000000002,1.0,fixed,0.3,33872,47402,0.38691352622068537,0.26130880729214495,0.32411116675641516,0.27680680207841285,0.5492806210708409,0.36810780046167874,0.4281707605101559,0.6947386186236868,0.5298143700987349,0.7611891828058573,0.8780642166997173,0.8154602378891698,0.13268299497113056,office_4/seq_0003
office_4,seq_0003,16,random_n0.3,7,1.2000000000000002,1.0,subset,0.3,33872,38607,0.3895677333659286,0.25422596665740516,0.3218968500116669,0.2719059990552669,0.5683425285569974,0.3678334158395527,0.42436230514879547,0.7093791281373845,0.5310448276875068,0.7584435521965045,0.8815499779832673,0.8153762614747496,0.12893449469037108,office_4/seq_0003
office_4,seq_0003,16,random_n0.3,7,1.2000000000000002,0.25,fixed,0.3,8468,47402,0.15731718028215722,0.7097158487479333,0.43351651451504525,0.49031648559282004,0.33464832707480696,0.3977953704722292,0.697094945677846,0.4274714147082402,0.5299610109492646,0.9651629664619745,0.5776971435804397,0.7227769843623455,0.14885100074128985,office_4/seq_0003
office_4,seq_0003,16,random_n0.3,7,1.2000000000000002,0.25,subset,0.3,8468,38607,0.15813434400469717,0.6353656471158367,0.3967499955602669,0.48665564478034956,0.37646022741989793,0.4245235213718387,0.6940245630609353,0.47556142668428003,0.5643899880077933,0.9649267831837506,0.6283834537778124,0.7611123189869355,0.15454353784524563,office_4/seq_0003
office_4,seq_0003,16,consec_n0.3,7,0.8999999999999998,1.0,fixed,0.3,29640,47402,0.4190120326460801,0.31174611005602537,0.36537907135105274,0.26855600539811064,0.4937344415847433,0.3478866877691513,0.42145748987854253,0.6595291337918231,0.5142773964878089,0.7308367071524966,0.8462934053415467,0.7843389467297679,0.11976908339215489,office_4/seq_0003
office_4,seq_0003,16,consec_n0.3,7,0.8999999999999998,1.0,subset,0.3,29640,34984,0.4215315571903939,0.27124652733362076,0.34638904226200734,0.26390013495276654,0.5344729018980106,0.35333726072676663,0.41778002699055333,0.6876286302309628,0.5197670668139167,0.7289136302294197,0.867367939629545,0.7921363317824228,0.11851208796990503,office_4/seq_0003
office_4,seq_0003,16,consec_n0.3,7,0.8999999999999998,0.25,fixed,0.3,7410,47402,0.16565354275657887,0.8889306794788874,0.5272921111177331,0.47139001349527665,0.2699675119193283,0.3433161051835769,0.6902834008097166,0.3474958862495253,0.4622767964610874,0.9526315789473684,0.5260115606936416,0.6777770919490566,0.12014740774395477,office_4/seq_0003
office_4,seq_0003,16,consec_n0.3,7,0.8999999999999998,0.25,subset,0.3,7410,34984,0.16643247459032845,0.7303999025754554,0.4484161885828919,0.4669365721997301,0.33472444546078206,0.3899281161282586,0.6874493927125506,0.4250800365881546,0.525327250336982,0.952361673414305,0.6152241024468328,0.7475391327906282,0.12823935046157267,office_4/seq_0003
office_4,seq_0003,16,spaced0.5,4,1.7999999999999996,1.0,fixed,0.5,23116,47402,0.3775953114886648,0.3016378196358161,0.33961656556224046,0.3238449558747188,0.4813720940044724,0.38719976077403706,0.47750475860875585,0.652461921437914,0.5514386889439047,0.7673472919190172,0.8493945403147547,0.8062890280766628,0.13396971691902568,office_4/seq_0003
office_4,seq_0003,16,spaced0.5,4,1.7999999999999996,1.0,subset,0.5,23116,31068,0.38082910256975805,0.2505296659090545,0.3156793842394063,0.31372209724865896,0.5587421140723574,0.4018267926028038,0.47322201072849973,0.7172331659585426,0.5702197404872079,0.7651410278594912,0.8807132741084074,0.8188693968780575,0.1322382984184017,office_4/seq_0003
office_4,seq_0003,16,spaced0.5,4,1.7999999999999996,0.25,fixed,0.5,5779,47402,0.13344419655499393,0.9553367122792918,0.5443904544171428,0.5712060910192075,0.28730855238175607,0.38231705512266373,0.760685239660841,0.38080671701615965,0.5075358562160458,0.9685066620522582,0.5105691742964432,0.6686467787417045,0.13018141836173722,office_4/seq_0003
office_4,seq_0003,16,spaced0.5,4,1.7999999999999996,0.25,subset,0.5,5779,31068,0.13367285002094087,0.6980947775126561,0.4158838137667985,0.5705139297456308,0.39745075318655854,0.46851128988289614,0.7596469977504758,0.5151281060898674,0.6139365572314565,0.968333621733864,0.6504441869447664,0.7781759447197921,0.14588385449904276,office_4/seq_0003
office_4,seq_0003,16,random_n0.5,4,1.2000000000000002,1.0,fixed,0.5,18983,47402,0.3718382246310106,0.4091251527896312,0.3904816887103209,0.27751145761997575,0.33726425045356734,0.30448403382679423,0.432386872464837,0.49881861524830173,0.46323313988221654,0.7438234209555918,0.7185983713767352,0.7309933450021997,0.09184399456697497,office_4/seq_0003
office_4,seq_0003,16,random_n0.5,4,1.2000000000000002,1.0,subset,0.5,18983,24156,0.37644540365673884,0.29024369949060874,0.3333445515736738,0.2639203497866512,0.45591157476403377,0.33431232536293115,0.4248011378601907,0.6073853286968041,0.4999445102407593,0.740873413053785,0.8132555058784567,0.7753788955151975,0.09558029563987043,office_4/seq_0003
office_4,seq_0003,16,random_n0.5,4,1.2000000000000002,0.25,fixed,0.5,4745,47402,0.14099189302806298,1.163048115620061,0.6520200043240619,0.5403582718651212,0.19243913758913125,0.28380580631233515,0.7530031612223393,0.2669507615712417,0.3941644085318891,0.9772391991570074,0.40264123876629676,0.5703056451930529,0.09023899932990842,office_4/seq_0003
office_4,seq_0003,16,random_n0.5,4,1.2000000000000002,0.25,subset,0.5,4745,24156,0.14186045466659966,0.7747894123271779,0.4583249334968888,0.5374077976817703,0.3361897665176354,0.41362524217421326,0.7500526870389884,0.44365789037920184,0.5575334576069385,0.9768177028451,0.601217088922007,0.7443175508879226,0.1146506165590135,office_4/seq_0003
office_4,seq_0003,16,consec_n0.5,4,0.44999999999999973,1.0,fixed,0.5,21485,47402,0.43226134925841064,0.3438674049989636,0.38806437712868713,0.2762392366767512,0.39989873844985446,0.3267608870414317,0.4217360949499651,0.5859668368423273,0.4904686842590303,0.7220851757039796,0.8230454411206278,0.7692668897925408,0.11211972522080471,office_4/seq_0003
office_4,seq_0003,16,consec_n0.5,4,0.44999999999999973,1.0,subset,0.5,21485,27101,0.4361503756505613,0.2721922124118062,0.35417129403118375,0.2676751221782639,0.4811999557211911,0.34399664441000016,0.4154060972771701,0.6467658019999262,0.5058888450051874,0.7194787060740051,0.8632153795062912,0.7848201240767935,0.11336073648809322,office_4/seq_0003
office_4,seq_0003,16,consec_n0.5,4,0.44999999999999973,0.25,fixed,0.5,5371,47402,0.16584599706381373,1.01394410900825,0.5898950530360318,0.49059765406814376,0.2137884477448209,0.29780289719097525,0.7030348166077081,0.2966541496139403,0.41724616899194855,0.9454477750884379,0.4748111894012911,0.6321511693718895,0.09935075563314966,office_4/seq_0003
office_4,seq_0003,16,consec_n0.5,4,0.44999999999999973,0.25,subset,0.5,5371,27101,0.16710153980819561,0.7139466993101445,0.4405241195591701,0.4851982870973748,0.3274048928083835,0.39098122455378687,0.6978216347048967,0.43872919818456885,0.5387435694214995,0.9450754049525228,0.6319693000258293,0.7574403442769513,0.11624790619765495,office_4/seq_0003
office_4,seq_0003,16,spaced1.0,3,2.1,1.0,fixed,1.0,18261,47402,0.31325699395366147,0.2607595339443073,0.2870082639489844,0.3401237610207546,0.42219737563815873,0.3767424314758146,0.4982202508077323,0.6082654740306316,0.5477706042226531,0.8010514210612781,0.8382979621113034,0.8192515649378682,0.13251525330773978,office_4/seq_0003
office_4,seq_0003,16,spaced1.0,3,2.1,1.0,subset,1.0,18261,27213,0.3165550472000046,0.1993429442510044,0.2579489957255045,0.32714528229560264,0.5264028221805754,0.4035160970081506,0.4932917145829911,0.6998493367140705,0.5786908075657176,0.7989704835441651,0.899092345570132,0.8460797018514487,0.1368493622888659,office_4/seq_0003
office_4,seq_0003,16,spaced1.0,3,2.1,0.25,fixed,1.0,4565,47402,0.12166503430624412,0.9146261260071752,0.5181455801567096,0.6225629791894852,0.2533226446141513,0.36011391451380154,0.8046002190580503,0.3458714822159403,0.4837811656709361,0.976998904709748,0.5011180962828573,0.6624534199522883,0.12471655328798185,office_4/seq_0003
office_4,seq_0003,16,spaced1.0,3,2.1,0.25,subset,1.0,4565,27213,0.12173640760848009,0.6011781645451604,0.36145728607682026,0.6181818181818182,0.390438393414912,0.47859821398407676,0.8035049288061337,0.5140925293058465,0.6270137796889297,0.9767798466593647,0.682908903832727,0.8038274094106711,0.15139729184673004,office_4/seq_0003
office_4,seq_0003,16,random_n1.0,3,1.3499999999999996,1.0,fixed,1.0,15713,47402,0.32887200878600453,0.33569941036896855,0.33228570957748654,0.33940049640425124,0.3695835618750264,0.3538495482329283,0.4878126392159359,0.5534154677017847,0.5185473924281262,0.7733723668300133,0.8203029408041855,0.7961466476996694,0.12520757223513782,office_4/seq_0003
office_4,seq_0003,16,random_n1.0,3,1.3499999999999996,1.0,subset,1.0,15713,24936,0.33388567354954385,0.24844077911686224,0.291163226333203,0.32234455546362883,0.46892043631697145,0.38205645684452716,0.47979380131101634,0.6418030157202438,0.5490976863153977,0.7701902882963152,0.8837824831568816,0.8230857209285002,0.1282149876100145,office_4/seq_0003
office_4,seq_0003,16,random_n1.0,3,1.3499999999999996,0.25,fixed,1.0,3928,47402,0.12544267163657058,1.236110541357914,0.6807766064972424,0.6107433808553971,0.2035568119488629,0.30534433523259374,0.7965885947046843,0.2907894181680098,0.4260515317235261,0.970213849287169,0.4278300493650057,0.5938105941241446,0.10437452033768227,office_4/seq_0003
office_4,seq_0003,16,random_n1.0,3,1.3499999999999996,0.25,subset,1.0,3928,24936,0.1257866133197263,0.7769994284098276,0.45139302086477695,0.6094704684317719,0.34355951235162013,0.4394182368848768,0.7932790224032586,0.4695219762592236,0.5898980674203813,0.970213849287169,0.6430060956047482,0.7734263652109672,0.13173374613003097,office_4/seq_0003
office_4,seq_0003,16,consec_n1.0,3,0.30000000000000027,1.0,fixed,1.0,18238,47402,0.445040893921309,0.3574914541299169,0.40126617402561293,0.2927952626384472,0.36787477321632,0.32606894515073653,0.43623204298716967,0.5478460824437787,0.4857094362956379,0.72546331834631,0.8119910552297371,0.7662923017667683,0.11277004482491322,office_4/seq_0003
office_4,seq_0003,16,consec_n1.0,3,0.30000000000000027,1.0,subset,1.0,18238,24461,0.4499403944128019,0.27194207848168017,0.3609412364472411,0.2804583835946924,0.46400392461469275,0.3496047798364271,0.4269108454874438,0.6257307550795144,0.5075445347297958,0.7227766202434478,0.8639466906504232,0.7870817361182518,0.1157393056416615,office_4/seq_0003
office_4,seq_0003,16,consec_n1.0,3,0.30000000000000027,0.25,fixed,1.0,4559,47402,0.16411964515194463,1.2044825211609895,0.6843010831564671,0.5001096731739416,0.19414792624783764,0.2797095948940899,0.7003728887914016,0.274545377832159,0.3944620712515208,0.9510857644220224,0.4249398759546011,0.5874225812319348,0.09112452745020595,office_4/seq_0003
office_4,seq_0003,16,consec_n1.0,3,0.30000000000000027,0.25,subset,1.0,4559,24461,0.1658051562660927,0.771138264235789,0.46847171025094086,0.4900197411713095,0.3203466742978619,0.3874202864975464,0.6911603421803026,0.43812599648419936,0.5362950091226921,0.9502083790304892,0.6257716364825641,0.7545951680761382,0.1128616653169403,office_4/seq_0003
office_4,seq_0002,16,all,16,2.2553886706804542,1.0,fixed,0.0,54147,51842,0.3125649688544713,0.09767378231050693,0.20511937558248913,0.2921122130496611,0.735928397824158,0.41822019609085637,0.47249155077843646,0.8763165001350256,0.6139526552219479,0.7914381221489648,0.9901817059527025,0.8797247735848006,0.13775241728606197,office_4/seq_0002
office_4,seq_0002,16,all,16,2.2553886706804542,1.0,subset,0.0,54147,51842,0.3125649688544713,0.09767378231050693,0.20511937558248913,0.2921122130496611,0.735928397824158,0.41822019609085637,0.47249155077843646,0.8763165001350256,0.6139526552219479,0.7914381221489648,0.9901817059527025,0.8797247735848006,0.13775241728606197,office_4/seq_0002
office_4,seq_0002,16,all,16,2.2553886706804542,0.25,fixed,0.0,13536,51842,0.11500164199842126,0.35423993653713576,0.23462078926777852,0.619459219858156,0.4746151768836079,0.5374492778200984,0.8362145390070922,0.5711778094980904,0.6787406357123129,0.9901743498817966,0.7424096292581305,0.8485764394076571,0.21453463663408415,office_4/seq_0002
office_4,seq_0002,16,all,16,2.2553886706804542,0.25,subset,0.0,13536,51842,0.11500164199842126,0.35423993653713576,0.23462078926777852,0.619459219858156,0.4746151768836079,0.5374492778200984,0.8362145390070922,0.5711778094980904,0.6787406357123129,0.9901743498817966,0.7424096292581305,0.8485764394076571,0.21453463663408415,office_4/seq_0002
office_4,seq_0002,16,spaced0.3,6,2.101467916250118,1.0,fixed,0.3,32676,51842,0.27392756555945014,0.1640101246002205,0.21896884507983533,0.36412045538009546,0.6198642027699549,0.45875763187356006,0.5477414616232097,0.7651325180355696,0.638438738610958,0.8204798628963154,0.9289379267775163,0.8713468758582897,0.15792283426352827,office_4/seq_0002
office_4,seq_0002,16,spaced0.3,6,2.101467916250118,1.0,subset,0.3,32676,39982,0.2756353283611229,0.14156303112093974,0.20859917974103132,0.3601726037458685,0.6717772997849032,0.4689293121169085,0.5442526625045905,0.8026111750287629,0.6486524573491264,0.8198065858734239,0.9457755990195588,0.8782973361068586,0.15579376725445818,office_4/seq_0002
office_4,seq_0002,16,spaced0.3,6,2.101467916250118,0.25,fixed,0.3,8169,51842,0.09189513159947493,0.43533738185154,0.2636162567255075,0.7125719182274453,0.3964546120905829,0.5094601719699041,0.8981515485371526,0.494849735735504,0.6381186599926351,0.9925327457461134,0.6658886617028664,0.7970426560976281,0.20576623376623376,office_4/seq_0002
office_4,seq_0002,16,spaced0.3,6,2.101467916250118,0.25,subset,0.3,8169,39982,0.09233847902372383,0.3668162594033811,0.22957736921355246,0.7124495042232831,0.47186233805212346,0.5677188672891744,0.8957032684539111,0.5736831574208394,0.6994074126592016,0.9925327457461134,0.7313290980941424,0.8421418228718235,0.21650512323456106,office_4/seq_0002
office_4,seq_0002,16,random_n0.3,6,1.3499999999999999,1.0,fixed,0.3,31649,51842,0.25423745196457026,0.124053995643518,0.18914572380404412,0.36260229391134,0.6383241387292157,0.4624871307506238,0.5434926853929034,0.8174838933683114,0.65290839446568,0.8603115422288224,0.9714902974422283,0.9125269971373633,0.16628365888994354,office_4/seq_0002
office_4,seq_0002,16,random_n0.3,6,1.3499999999999999,1.0,subset,0.3,31649,40336,0.2569940643868169,0.11453719507615165,0.18576562973148425,0.3576100350721982,0.675178500595002,0.4675702700781653,0.5391007614774559,0.8383082110273701,0.6562068404358031,0.8585421340326709,0.9769932566441888,0.9139457400334017,0.16401626267304822,office_4/seq_0002
office_4,seq_0002,16,random_n0.3,6,1.3499999999999999,0.25,fixed,0.3,7912,51842,0.10044019864753273,0.3974135615385504,0.24892688009304156,0.6715116279069767,0.4006596967709579,0.5018743535156562,0.858948432760364,0.5190000385787585,0.6470405519686231,0.9924165824064712,0.7064156475444621,0.8253417734072278,0.1987674952997702,office_4/seq_0002
office_4,seq_0002,16,random_n0.3,6,1.3499999999999999,0.25,subset,0.3,7912,40336,0.10252047030984633,0.34725405274241944,0.2248872615261329,0.667087967644085,0.4631594605315351,0.5467264875264188,0.8533872598584429,0.5796558905196351,0.690378307088448,0.9921638018200202,0.7510412534708449,0.8549263244799078,0.20977997861684766,office_4/seq_0002
office_4,seq_0002,16,consec_n0.3,6,0.7499999999999999,1.0,fixed,0.3,28669,51842,0.2522432080916377,0.12154595735305047,0.18689458272234408,0.39185182601416163,0.6395972377608888,0.4859713471704265,0.5936726080435314,0.8263762972107558,0.6909578533178968,0.8601276640273466,0.9814050383858648,0.9167728838323846,0.17569057801447052,office_4/seq_0002
office_4,seq_0002,16,consec_n0.3,6,0.7499999999999999,1.0,subset,0.3,28669,37610,0.2581671045371582,0.11145665083104339,0.1848118776841008,0.3811085144232446,0.6851103429938846,0.48977071305399006,0.5828246538072482,0.8462642914118585,0.6902631138832749,0.8539188670689595,0.9849242222813082,0.9147549140110738,0.1716819588922665,office_4/seq_0002
office_4,seq_0002,16,consec_n0.3,6,0.7499999999999999,0.25,fixed,0.3,7167,51842,0.08372835860850529,0.587932171664238,0.3358302651363716,0.7244314217943352,0.3632190116122063,0.48384528139403066,0.9238174968606111,0.4594537247791366,0.6136922149592556,0.9994418864238873,0.6253809652405385,0.769353940330577,0.18549161951531973,office_4/seq_0002
office_4,seq_0002,16,consec_n0.3,6,0.7499999999999999,0.25,subset,0.3,7167,37610,0.08466520176420524,0.4755102191544083,0.28008771045930675,0.7215013255197432,0.44932198883275726,0.553775119702474,0.9200502302218502,0.5493751661792077,0.6879597281485822,0.9994418864238873,0.7052645572985908,0.8269704642345596,0.19877264757451782,office_4/seq_0002
office_4,seq_0002,16,spaced0.5,4,1.8,1.0,fixed,0.5,26319,51842,0.2195250983223493,0.17010341604571433,0.1948142571840318,0.40556252137239257,0.6128042899579491,0.4880961362409234,0.6035183707587675,0.755661432815092,0.6710746519020322,0.8807705459933888,0.9125226650206396,0.8963655033825739,0.17864470534594779,office_4/seq_0002
office_4,seq_0002,16,spaced0.5,4,1.8,1.0,subset,0.5,26319,35448,0.22192301923692645,0.134499097383296,0.17821105831011122,0.3982674113758122,0.6912378695554051,0.5053624278304761,0.5990349177400357,0.8154479801399233,0.6906860654682198,0.8798206618792507,0.9454694199954864,0.9114644725759338,0.17869240684672802,office_4/seq_0002
office_4,seq_0002,16,spaced0.5,4,1.8,0.25,fixed,0.5,6579,51842,0.09107059751904936,0.5014097751507824,0.2962401863349159,0.74297005623955,0.3743682728289804,0.4978696415971446,0.8946648426812586,0.4728791327495081,0.618727210984678,0.9904240766073872,0.6481038540179777,0.7835053027340902,0.19097719510851602,office_4/seq_0002
office_4,seq_0002,16,spaced0.5,4,1.8,0.25,subset,0.5,6579,35448,0.0915939765357029,0.37673199159566034,0.23416298406568162,0.7400820793433652,0.48349695328368314,0.5848865026300877,0.8934488524091807,0.5871135183931393,0.7085900730517807,0.9905760753913969,0.7448657187993681,0.8503266002832748,0.21110904929795263,office_4/seq_0002
office_4,seq_0002,16,random_n0.5,4,1.2100735745539388,1.0,fixed,0.5,24349,51842,0.2267427786939638,0.13157667858471572,0.17915972863933977,0.4202636658589675,0.5933413062767641,0.49202559051383493,0.6240913384533245,0.7922726746653292,0.6981969456611135,0.8742864183334018,0.9837969214150689,0.9258145405984237,0.17249077271103702,office_4/seq_0002
office_4,seq_0002,16,random_n0.5,4,1.2100735745539388,1.0,subset,0.5,24349,31204,0.23378812619654774,0.11120793363497487,0.1724980299157613,0.40190562240749106,0.6908409178310473,0.5081742908192415,0.6103741426752639,0.839475708242533,0.7068239037178721,0.8679617232740564,0.989200102550955,0.9246235990141438,0.17035737077217614,office_4/seq_0002
office_4,seq_0002,16,random_n0.5,4,1.2100735745539388,0.25,fixed,0.5,6087,51842,0.07392593492104754,0.7334158319064049,0.40367088341372626,0.7811729916214885,0.32884533775703095,0.4628483863329795,0.951536060456711,0.41707495852783455,0.5799483672828784,0.9996714309183505,0.5648701824775278,0.7218530702737366,0.172465456966872,office_4/seq_0002
office_4,seq_0002,16,random_n0.5,4,1.2100735745539388,0.25,subset,0.5,6087,31204,0.07437798190884459,0.5055480008465268,0.2899629913776857,0.7777230162641695,0.4783040635815921,0.5923249346913197,0.9497289305076392,0.5781630560184592,0.7187657055521316,0.9996714309183505,0.7121522881681835,0.8317658985643223,0.1997264021887825,office_4/seq_0002
office_4,seq_0002,16,consec_n0.5,4,0.4499999999999999,1.0,fixed,0.5,22829,51842,0.22163867622189848,0.13281645297955225,0.17722756460072536,0.4217880765692759,0.5826357007831487,0.48933288342036124,0.6330544482894563,0.7994290343736739,0.7065800233328228,0.8925927548293837,0.9749238069518923,0.931943463747294,0.17225902309168575,office_4/seq_0002
office_4,seq_0002,16,consec_n0.5,4,0.4499999999999999,1.0,subset,0.5,22829,32568,0.23086019044526254,0.1153105774852936,0.17308538396527806,0.40295238512418413,0.6603721444362565,0.5005029476375612,0.6173288361294844,0.8364652419552936,0.7103813697732185,0.8818169871654474,0.9822218128224024,0.9293152907727893,0.16964996022275258,office_4/seq_0002
office_4,seq_0002,16,consec_n0.5,4,0.4499999999999999,0.25,fixed,0.5,5707,51842,0.08293199412091153,0.6505726797966189,0.36675233695876525,0.7161380760469599,0.31410825199645076,0.43668173937084603,0.929384965831435,0.44896030245746693,0.6054462041678317,0.9994743297704574,0.6135372863701246,0.7603352163714621,0.1513789467843072,office_4/seq_0002
office_4,seq_0002,16,consec_n0.5,4,0.4499999999999999,0.25,subset,0.5,5707,32568,0.08402431857990013,0.46906528947298864,0.2765448040264444,0.7112318205712284,0.43613362810120365,0.540703251410724,0.9244787103557035,0.5842237779415377,0.7159827056427838,0.9994743297704574,0.7349238516335053,0.8470229407749107,0.17202219641244032,office_4/seq_0002
office_4,seq_0002,16,spaced1.0,3,2.101467916250118,1.0,fixed,1.0,21016,51842,0.25946053563680177,0.16473308038740989,0.21209680801210584,0.4070232204035021,0.5277574167663285,0.45959343790951396,0.5717548534449943,0.7176613556575749,0.6364529316918064,0.846402740768938,0.9425755179198333,0.8919040775082345,0.16632164574977357,office_4/seq_0002
office_4,seq_0002,16,spaced1.0,3,2.101467916250118,1.0,subset,1.0,21016,31222,0.2630793062111345,0.13836576722657645,0.20072253671885548,0.3946516939474686,0.6225738261482288,0.48307835429382584,0.5657594213932242,0.7819486259688682,0.65651429929989,0.8450228397411496,0.9618858497213504,0.899675248648178,0.1675626614536061,office_4/seq_0002
office_4,seq_0002,16,spaced1.0,3,2.101467916250118,0.25,fixed,1.0,5254,51842,0.08797291059330953,0.46129960615599125,0.2746362583746504,0.7765511990864103,0.33459357277882795,0.46767810410850313,0.9008374571754854,0.4424790710234945,0.5934591182743678,0.9866768176627332,0.6415647544462019,0.777546871526752,0.17426521638509604,office_4/seq_0002
office_4,seq_0002,16,spaced1.0,3,2.101467916250118,0.25,subset,1.0,5254,31222,0.08884667418780261,0.331501238828842,0.21017395650832232,0.771031594975257,0.470085196335917,0.5840716058997626,0.8983631518842786,0.5885593491768625,0.7111870748073971,0.9866768176627332,0.7512010761642431,0.8529859202275454,0.20160358768770809,office_4/seq_0002
office_4,seq_0002,16,random_n1.0,3,1.5020543941644102,1.0,fixed,1.0,19403,51842,0.23832500583028285,0.14333612722959432,0.19083056652993857,0.43756120187599856,0.5472589792060492,0.48630054761008407,0.6134618357985878,0.7596736237027892,0.678783396903474,0.8805339380508169,0.9721654257166005,0.9240837099467477,0.18278277590824807,office_4/seq_0002
office_4,seq_0002,16,random_n1.0,3,1.5020543941644102,1.0,subset,1.0,19403,29717,0.24401592355966437,0.1196314024991496,0.18182366302940697,0.41972890790084005,0.638927213379547,0.5066351879694034,0.6034633819512446,0.8193963051452031,0.6950448732865964,0.8778539401123537,0.984386041659656,0.9280728302699802,0.1806429729016696,office_4/seq_0002
office_4,seq_0002,16,random_n1.0,3,1.5020543941644102,0.25,fixed,1.0,4850,51842,0.07495064491476541,0.6982259634980633,0.3865883042064144,0.7995876288659793,0.3170788164036881,0.4540877896812415,0.9274226804123711,0.40565564600131165,0.5644293198450833,0.999381443298969,0.5490336020986845,0.7087169493940215,0.1716338791377076,office_4/seq_0002
office_4,seq_0002,16,random_n1.0,3,1.5020543941644102,0.25,subset,1.0,4850,29717,0.07585336292377926,0.46124884899330687,0.26855110595854303,0.7960824742268041,0.4687889087054548,0.590091039086001,0.9259793814432989,0.5763367769290305,0.7104709208239823,0.999381443298969,0.7104014537133627,0.8304703847188215,0.20643026684888155,office_4/seq_0002
office_4,seq_0002,16,consec_n1.0,3,0.30000000000000027,1.0,fixed,1.0,19520,51842,0.22253179288276537,0.1533934517448523,0.18796262231380884,0.4339139344262295,0.5334092048917866,0.478544712404878,0.6470286885245902,0.7698777053354423,0.7031275519202994,0.8863729508196722,0.9471085220477605,0.9157347787333003,0.1702048417132216,office_4/seq_0002
office_4,seq_0002,16,consec_n1.0,3,0.30000000000000027,1.0,subset,1.0,19520,29627,0.2324349328249937,0.12762533089413994,0.18003013185956682,0.4136270491803279,0.631957336213589,0.49999722994602386,0.6304815573770491,0.8247206939615891,0.7146376897804586,0.8753586065573771,0.9636480237621089,0.9173839586925516,0.16988100123102176,office_4/seq_0002
office_4,seq_0002,16,consec_n1.0,3,0.30000000000000027,0.25,fixed,1.0,4880,51842,0.08128671601954071,0.6801355100345781,0.3807111130270594,0.7258196721311475,0.2819721461363373,0.40615715855012413,0.9245901639344263,0.4075845839280892,0.5657646609438792,0.9987704918032787,0.5852397669842985,0.738025788218245,0.14467938404964376,office_4/seq_0002
office_4,seq_0002,16,consec_n1.0,3,0.30000000000000027,0.25,subset,1.0,4880,29627,0.08229981642999168,0.4528300552336236,0.2675649358318076,0.7217213114754099,0.4190771931008877,0.5302547999509193,0.9194672131147541,0.567590373645661,0.7018971473507837,0.9987704918032787,0.734937725723158,0.846779298090405,0.172498422270528,office_4/seq_0002
office_4,seq_0004,18,all,18,2.55,1.0,fixed,0.0,60246,52573,0.37425922236761244,0.1394989290854436,0.256879075726528,0.23170002987750224,0.7068647404561277,0.3490021928370886,0.38766059157454436,0.833583778745744,0.5292103507683221,0.7054576237426551,0.9332356913244441,0.8035161029098585,0.11468454703238344,office_4/seq_0004
office_4,seq_0004,18,all,18,2.55,1.0,subset,0.0,60246,52573,0.37425922236761244,0.1394989290854436,0.256879075726528,0.23170002987750224,0.7068647404561277,0.3490021928370886,0.38766059157454436,0.833583778745744,0.5292103507683221,0.7054576237426551,0.9332356913244441,0.8035161029098585,0.11468454703238344,office_4/seq_0004
office_4,seq_0004,18,all,18,2.55,0.25,fixed,0.0,15061,52573,0.17422199799555727,0.4891055244176851,0.3316637612066212,0.46829559790186576,0.4390276377608278,0.45318956252781883,0.6751211738928358,0.536568200407053,0.5979231328023857,0.9460195206161609,0.7107070169098206,0.8116520091959066,0.15503547193090686,office_4/seq_0004
office_4,seq_0004,18,all,18,2.55,0.25,subset,0.0,15061,52573,0.17422199799555727,0.4891055244176851,0.3316637612066212,0.46829559790186576,0.4390276377608278,0.45318956252781883,0.6751211738928358,0.536568200407053,0.5979231328023857,0.9460195206161609,0.7107070169098206,0.8116520091959066,0.15503547193090686,office_4/seq_0004
office_4,seq_0004,18,spaced0.3,8,2.55,1.0,fixed,0.3,39143,52573,0.32678866894828623,0.16089642034274268,0.24384254464551447,0.28076539866642825,0.6220873832575656,0.3869082881784137,0.4534654983011011,0.790329636885854,0.5762801485128864,0.7587819022558312,0.9261788370456318,0.8341651213712263,0.1309015570065294,office_4/seq_0004
office_4,seq_0004,18,spaced0.3,8,2.55,1.0,subset,0.3,39143,42898,0.3280458104652984,0.14141576325760583,0.2347307868614521,0.2776997164243926,0.6534803487342067,0.38976630690970404,0.4514983521957949,0.8174506970021912,0.5817060077093898,0.7578366502312035,0.9450090913329293,0.8411361131936195,0.12920583606278446,office_4/seq_0004
office_4,seq_0004,18,spaced0.3,8,2.55,0.25,fixed,0.3,9785,52573,0.15699340632561185,0.5816585372660015,0.3693259717958067,0.5224322943280532,0.3684400738021418,0.43212698017078877,0.7189575881451201,0.46957563768474314,0.5681035423907574,0.9547266223811957,0.6587792212732771,0.779611754484403,0.15089764513872697,office_4/seq_0004
office_4,seq_0004,18,spaced0.3,8,2.55,0.25,subset,0.3,9785,42898,0.15721646246148832,0.5033124530516017,0.330264457756545,0.5203883495145631,0.41642967038090356,0.46264086355339884,0.7185487991824221,0.5217026434798825,0.6045045304653341,0.9547266223811957,0.709054035153154,0.8137524150217527,0.15611300535801267,office_4/seq_0004
office_4,seq_0004,18,random_n0.3,8,2.55,1.0,fixed,0.3,39454,52573,0.34924539563077356,0.1643314380151694,0.2567884168229715,0.26686774471536473,0.609837749415099,0.3712672634500058,0.4298423480508947,0.7857074924390847,0.5556832672448216,0.7325239519440361,0.9278146577140357,0.8186841597091501,0.12593482629321953,office_4/seq_0004
office_4,seq_0004,18,random_n0.3,8,2.55,1.0,subset,0.3,39454,43307,0.3511241424796993,0.1497587792659813,0.2504414608728403,0.2621533938257211,0.6307063523217955,0.37036457625514274,0.4260657981446748,0.8048121550788556,0.5571680479160169,0.7310538855375881,0.9419262474888586,0.8232002634375389,0.12274641954507161,office_4/seq_0004
office_4,seq_0004,18,random_n0.3,8,2.55,0.25,fixed,0.3,9863,52573,0.178428938688746,0.5313436927498882,0.3548863157193171,0.4786576092466795,0.3751925893519487,0.4206564292449026,0.6749467707594038,0.5177562627204079,0.5859931730768284,0.9321707391260265,0.6871588077530291,0.7911290632035155,0.14307479224376732,office_4/seq_0004
office_4,seq_0004,18,random_n0.3,8,2.55,0.25,subset,0.3,9863,43307,0.17860545339679226,0.46796243315444735,0.3232839432756198,0.47683260671195377,0.4084097259103609,0.4399768674312559,0.6744398256108689,0.5569538411804096,0.6100922258238132,0.9319679610666126,0.7253099960745376,0.8157541410239703,0.14752274046835687,office_4/seq_0004
office_4,seq_0004,18,consec_n0.3,8,1.05,1.0,fixed,0.3,34397,52573,0.3271900763651152,0.22901098474843004,0.27810053055677264,0.2670872459807541,0.5223784071671771,0.3534558079221486,0.42893275576358403,0.6909630418655964,0.5292933187277395,0.7559961624560282,0.8524527799440778,0.8013322814599942,0.11235726858329197,office_4/seq_0004
office_4,seq_0004,18,consec_n0.3,8,1.05,1.0,subset,0.3,34397,39490,0.33239401234894933,0.20279844906735717,0.26759623070815325,0.2561560601215222,0.5584958217270195,0.3512226325760164,0.41570485798180074,0.7247404406178779,0.5283517277166274,0.7527982091461465,0.879412509496075,0.8111944795952265,0.10732243504291494,office_4/seq_0004
office_4,seq_0004,18,consec_n0.3,8,1.05,0.25,fixed,0.3,8599,52573,0.15353351792479117,0.7282623522426271,0.44089793508370917,0.52785207582277,0.31270804405303104,0.3927466608914542,0.7224095825095941,0.42557967017290244,0.5356197039924863,0.9668566112338643,0.598101687177829,0.739033840102856,0.11918258467108084,office_4/seq_0004
office_4,seq_0004,18,consec_n0.3,8,1.05,0.25,subset,0.3,8599,39490,0.15587113708168346,0.6190106750282396,0.3874409060549615,0.5179672054890103,0.36006583945302606,0.42481840000873894,0.7146179788347482,0.4841225626740947,0.577210289077235,0.9666240260495407,0.6562927323373006,0.7817878765753937,0.12479774518503053,office_4/seq_0004
office_4,seq_0004,18,spaced0.5,5,2.4,1.0,fixed,0.5,29061,52573,0.3153941483715064,0.19147057613481597,0.2534323622531612,0.3149237810123533,0.5583093983603751,0.4026986396295253,0.47875159147999036,0.715443288379967,0.5736410676383975,0.7703451360930457,0.8947178209347003,0.8278864395171691,0.1370444139786337,office_4/seq_0004
office_4,seq_0004,18,spaced0.5,5,2.4,1.0,subset,0.5,29061,36869,0.31856893518291474,0.16179903269459792,0.24018398393875634,0.30690616289873024,0.6121945265670347,0.4088480734477609,0.47328034135095143,0.7616968184653774,0.5838101982434105,0.7683493341591824,0.9246250237326752,0.8392744024978314,0.13402200521884164,office_4/seq_0004
office_4,seq_0004,18,spaced0.5,5,2.4,0.25,fixed,0.5,7265,52573,0.1374430275545237,0.7327778095480961,0.43511041855130994,0.5924294562973159,0.3438647214349571,0.4351529568472671,0.7788024776324846,0.4500408955167101,0.5704436743083651,0.9595320027529249,0.6043976946341277,0.7416432226595258,0.14184872217642208,office_4/seq_0004
office_4,seq_0004,18,spaced0.5,5,2.4,0.25,subset,0.5,7265,36869,0.13803676914095303,0.5623766407690877,0.3502067049550204,0.5892635925671026,0.42507255417830697,0.49387923555809554,0.7775636613902271,0.5444140063467954,0.6404291969799687,0.9593943565037852,0.699151048306165,0.8088552392275344,0.15309243316719529,office_4/seq_0004
office_4,seq_0004,18,random_n0.5,5,1.3499999999999999,1.0,fixed,0.5,25417,52573,0.3171956513584835,0.21268816938585292,0.2649419103721682,0.29071094149584925,0.47239077092804294,0.35992362101831327,0.46342998780343864,0.6619937990983965,0.5451951199408608,0.7781799582956289,0.8892777661537291,0.830027802002912,0.10386089813800657,office_4/seq_0004
office_4,seq_0004,18,random_n0.5,5,1.3499999999999999,1.0,subset,0.5,25417,30836,0.3224331145232675,0.16672542423718717,0.24457926938022734,0.2779635676909155,0.5652808405759502,0.37267363448459145,0.45430223865916514,0.7431897781813465,0.5638998427183032,0.7756619585316914,0.9351083149565443,0.847954816913588,0.10247664244401601,office_4/seq_0004
office_4,seq_0004,18,random_n0.5,5,1.3499999999999999,0.25,fixed,0.5,6354,52573,0.1414399711068766,0.9655156102668444,0.5534777906868605,0.5314762354422411,0.24527799440777587,0.33565166456792594,0.7571608435631099,0.3360089779925057,0.4654589546929615,0.9735599622285175,0.49784109714111807,0.6587981660637815,0.095473760181462,office_4/seq_0004
office_4,seq_0004,18,random_n0.5,5,1.3499999999999999,0.25,subset,0.5,6354,30836,0.14370210996373683,0.7026292973503819,0.4231657036570594,0.5223481271639911,0.35257491244000516,0.4209898170732859,0.7518098835379289,0.46984044623167726,0.5782844445013369,0.9740321057601511,0.6367881696718122,0.7701071699786726,0.10902186562136339,office_4/seq_0004
office_4,seq_0004,18,consec_n0.5,5,0.6,1.0,fixed,0.5,25128,52573,0.312569789365371,0.2523043825812823,0.2824370859733266,0.2929401464501751,0.4565080935080745,0.3568746729604579,0.45936803565743395,0.632853365796131,0.5323327433761581,0.7732808022922636,0.8406216118539935,0.8055462941760783,0.10786946051429679,office_4/seq_0004
office_4,seq_0004,18,consec_n0.5,5,0.6,1.0,subset,0.5,25128,33134,0.3193068701828796,0.2159266685779923,0.267616769380436,0.2764247055078001,0.5073640369409066,0.3578718266824735,0.44197707736389685,0.6837387577714734,0.5368972318025842,0.769937917860554,0.8787650147884348,0.8207597528656235,0.10430852487288514,office_4/seq_0004
office_4,seq_0004,18,consec_n0.5,5,0.6,0.25,fixed,0.5,6282,52573,0.15319291267600907,0.8002896633776514,0.47674128802683025,0.5361349888570519,0.2663534513913986,0.35589647783475487,0.7254059216809933,0.38612976242557967,0.5039888870970962,0.9614772365488697,0.5710345614669127,0.7165187672211953,0.10238925615532768,office_4/seq_0004
office_4,seq_0004,18,consec_n0.5,5,0.6,0.25,subset,0.5,6282,33134,0.15504727493776507,0.62209241468568,0.3885698448117225,0.5297675899395097,0.3356371099173055,0.4109283502725894,0.7179242279528812,0.4764290456932456,0.5727617822145207,0.9619547914676855,0.663065129474256,0.7850225958869219,0.11549484724678334,office_4/seq_0004
office_4,seq_0004,18,spaced1.0,3,2.1,1.0,fixed,1.0,20351,52573,0.27207773817323433,0.21287027970902495,0.24247400894112964,0.36745123089774456,0.5094059688433226,0.42693804722915235,0.5469510097783893,0.70473436935309,0.6158978627850857,0.8153407694953565,0.8791204610731744,0.8460302782731919,0.1467660072878709,office_4/seq_0004
office_4,seq_0004,18,spaced1.0,3,2.1,1.0,subset,1.0,20351,30666,0.2768525645710426,0.16459647265862667,0.22072451861483466,0.35325045452311926,0.5843605295767299,0.4403225349936122,0.5375657215861629,0.7725494032478967,0.6339840973449061,0.8129821630386713,0.9240200873932042,0.8649520737849745,0.14626419392731285,office_4/seq_0004
office_4,seq_0004,18,spaced1.0,3,2.1,0.25,fixed,1.0,5087,52573,0.12448796196275978,0.6889075941579828,0.4066977780603713,0.6086101828189503,0.2996975633880509,0.4016237659662704,0.7928051896992333,0.4388944895668879,0.5650043349306497,0.9726754472183998,0.6374755102429004,0.7701846514986702,0.12898305084745762,office_4/seq_0004
office_4,seq_0004,18,spaced1.0,3,2.1,0.25,subset,1.0,5087,30666,0.12534987160874742,0.4576076254715906,0.29147874854016903,0.6048751720070769,0.41087849735863824,0.48935132455688723,0.7894633379201887,0.5784908367573208,0.6677084881887105,0.9728720267348142,0.7717015587295376,0.8606880967715551,0.1524800979791794,office_4/seq_0004
office_4,seq_0004,18,random_n1.0,3,1.2000000000000002,1.0,fixed,1.0,18021,52573,0.27895623314587614,0.3089047154591469,0.2939304743025115,0.34920370678652685,0.40731934643257944,0.37602932260922667,0.5253315576272127,0.5787571567154243,0.5507517551363299,0.8094445369291382,0.7929735795940882,0.8011244073104241,0.11052258695725516,office_4/seq_0004
office_4,seq_0004,18,random_n1.0,3,1.2000000000000002,1.0,subset,1.0,18021,27222,0.2843932453679329,0.2212447351188978,0.25281899024341536,0.3331113700682537,0.5246491808096393,0.40749509229776854,0.5109594362133068,0.6871280581882301,0.5860916950703662,0.8070029410132623,0.8755051061641319,0.8398595141721659,0.1135162056547391,office_4/seq_0004
office_4,seq_0004,18,random_n1.0,3,1.2000000000000002,0.25,fixed,1.0,4505,52573,0.1194721403379599,1.0437897009394628,0.5816309206387114,0.6148723640399556,0.2200939645825804,0.3241560567767424,0.8106548279689234,0.30766743385387935,0.4460469028952869,0.9824639289678135,0.48159701748045575,0.6463551932327259,0.09443222203418514,office_4/seq_0004
office_4,seq_0004,18,random_n1.0,3,1.2000000000000002,0.25,subset,1.0,4505,27222,0.12185839931771249,0.7128257717158712,0.41734208551679186,0.6057713651498335,0.3450150613474396,0.4396365763858356,0.8044395116537181,0.46205275145103225,0.5869652749782062,0.9826859045504994,0.6489971346704871,0.7817208624523491,0.11614385184121744,office_4/seq_0004
office_4,seq_0004,18,consec_n1.0,3,0.2999999999999998,1.0,fixed,1.0,16857,52573,0.2876051758441159,0.2878634182136937,0.2877342970289048,0.34187577860829327,0.38947748844463886,0.36412750338551897,0.5099365248858041,0.5585186312365663,0.5331230763682726,0.8035830812125526,0.8085138759439255,0.8060409378603638,0.10695485445354715,office_4/seq_0004
office_4,seq_0004,18,consec_n1.0,3,0.2999999999999998,1.0,subset,1.0,16857,26411,0.2958069151095168,0.23018085273747846,0.26299388392349765,0.32146882600700005,0.4707129605088789,0.3820323702886233,0.4891736370647209,0.6428382113513309,0.555576350779212,0.8007949219908643,0.8700920071182462,0.8340064774300848,0.11037891268533773,office_4/seq_0004
office_4,seq_0004,18,consec_n1.0,3,0.2999999999999998,0.25,fixed,1.0,4214,52573,0.14870137083224103,0.9694856786929738,0.5590935247626074,0.5650213573801613,0.2074068438171685,0.30343091109790715,0.7432368296155671,0.3161889182660301,0.44364269915381394,0.9539629805410537,0.5059060734597607,0.6611766505891361,0.08499403849429399,office_4/seq_0004
office_4,seq_0004,18,consec_n1.0,3,0.2999999999999998,0.25,subset,1.0,4214,26411,0.1507537000266435,0.6677825783948408,0.4092681392107421,0.5579022306597058,0.3072962023399341,0.39630500985610756,0.7351684859990508,0.45011548218545305,0.5583652971698712,0.954437588989084,0.655711635303472,0.7773637658287307,0.10651018600531444,office_4/seq_0004
frl_apartment_5,seq_0014,44,all,44,6.45008359544213,1.0,fixed,0.0,150934,85801,0.5999632649260753,0.1674860970148628,0.3837246809704691,0.15757218386844582,0.7286978007249333,0.2591140529102807,0.28741039129685825,0.8336849220871552,0.42745644694936935,0.5562563769594657,0.8969359331476323,0.6866625003000317,0.08335935443185227,frl_apartment_5/seq_0014
frl_apartment_5,seq_0014,44,all,44,6.45008359544213,1.0,subset,0.0,150934,85801,0.5999632649260753,0.1674860970148628,0.3837246809704691,0.15757218386844582,0.7286978007249333,0.2591140529102807,0.28741039129685825,0.8336849220871552,0.42745644694936935,0.5562563769594657,0.8969359331476323,0.6866625003000317,0.08335935443185227,frl_apartment_5/seq_0014
frl_apartment_5,seq_0014,44,all,44,6.45008359544213,0.25,fixed,0.0,37733,85801,0.39825513322019224,0.5923295279143939,0.49529233056729305,0.3028118622956033,0.3974778848731367,0.3437463393584429,0.4881933585985742,0.5104719059218424,0.49908413374500593,0.7482839954416558,0.6543979673896575,0.69819893407458,0.1207954565435268,frl_apartment_5/seq_0014
frl_apartment_5,seq_0014,44,all,44,6.45008359544213,0.25,subset,0.0,37733,85801,0.39825513322019224,0.5923295279143939,0.49529233056729305,0.3028118622956033,0.3974778848731367,0.3437463393584429,0.4881933585985742,0.5104719059218424,0.49908413374500593,0.7482839954416558,0.6543979673896575,0.69819893407458,0.1207954565435268,frl_apartment_5/seq_0014
frl_apartment_5,seq_0014,44,spaced0.3,18,6.300070529436098,1.0,fixed,0.3,95218,85801,0.5362702937695127,0.21328385361965504,0.3747770736945839,0.1892919405994665,0.6200044288528106,0.29003427161607453,0.33472662731836417,0.7841050803603687,0.4691694867260331,0.6074586737801676,0.8765632102189951,0.7176119582942989,0.09470832580819939,frl_apartment_5/seq_0014
frl_apartment_5,seq_0014,44,spaced0.3,18,6.300070529436098,1.0,subset,0.3,95218,68742,0.5376307291048469,0.18093211894868763,0.35928142402676727,0.18450293011825494,0.6665357423409269,0.2890063670904346,0.3319225356550232,0.8231066887783306,0.473074885854852,0.6067760297422756,0.9039306392016525,0.726128315565851,0.09130683074202343,frl_apartment_5/seq_0014
frl_apartment_5,seq_0014,44,spaced0.3,18,6.300070529436098,0.25,fixed,0.3,23804,85801,0.4205490616236488,0.8138239300850327,0.6171864958543407,0.3223407830616703,0.31325975221734015,0.31773539582409727,0.4919341287178625,0.4525471731098705,0.4714193894081788,0.7218114602587801,0.6035360893229683,0.6573962672516561,0.11020972163409035,frl_apartment_5/seq_0014
frl_apartment_5,seq_0014,44,spaced0.3,18,6.300070529436098,0.25,subset,0.3,23804,68742,0.42154472881335264,0.6733809246716715,0.5474628267425121,0.3170055452865065,0.36340228681155623,0.338622028302748,0.48882540749453873,0.5136743184661487,0.5009418986186163,0.721475382288691,0.6696197375694626,0.6945810523729576,0.11287919986759039,frl_apartment_5/seq_0014
frl_apartment_5,seq_0014,44,random_n0.3,18,6.0000086301566755,1.0,fixed,0.3,98319,85801,0.5702779286394011,0.22089447163227557,0.39558620013583834,0.17827683357235122,0.6128250253493549,0.27620338347350887,0.31574771915906386,0.799512826190837,0.4527091940277904,0.5855328064768763,0.8834162771995664,0.7042711252883048,0.0886952714535902,frl_apartment_5/seq_0014
frl_apartment_5,seq_0014,44,random_n0.3,18,6.0000086301566755,1.0,subset,0.3,98319,68103,0.5722812367211227,0.18380690357558382,0.3780440701483533,0.17367955329081866,0.661365872281691,0.2751125285930988,0.3124218106368047,0.8430171945435591,0.455890717097862,0.5842512637435288,0.9132784165161594,0.7126190232259377,0.0849448503079788,frl_apartment_5/seq_0014
frl_apartment_5,seq_0014,44,random_n0.3,18,6.0000086301566755,0.25,fixed,0.3,24579,85801,0.43858395944560247,0.7828149990356672,0.6106994792406348,0.31152609951584687,0.3057423573151828,0.30860713187958017,0.4768704992066398,0.4482348690574702,0.46210949174437127,0.7063753610805973,0.5987925548653279,0.6481500226717091,0.10906739159030122,frl_apartment_5/seq_0014
frl_apartment_5,seq_0014,44,random_n0.3,18,6.0000086301566755,0.25,subset,0.3,24579,68103,0.4396048554288323,0.6472805794901288,0.5434427174594806,0.3077830668456813,0.35613702773739775,0.3301992137567556,0.47406322470401563,0.5104474105399175,0.4915829993495421,0.7062939908051589,0.6662261574379983,0.6856752261421907,0.11201218797609282,frl_apartment_5/seq_0014
frl_apartment_5,seq_0014,44,consec_n0.3,18,2.5500000000000003,1.0,fixed,0.3,93697,85801,0.589320020185119,0.25661698071800376,0.42296850045156137,0.1709126226026447,0.5509959091385881,0.26089775015419964,0.2985047546879836,0.7195953427116234,0.421967607702601,0.5641589378528662,0.8479737998391628,0.6775453687536465,0.08288027500113077,frl_apartment_5/seq_0014
frl_apartment_5,seq_0014,44,consec_n0.3,18,2.5500000000000003,1.0,subset,0.3,93697,61566,0.6081737289828166,0.20827898286931637,0.4082263559260665,0.15856430835565707,0.6066010460319007,0.2514104298118767,0.28601769533709726,0.7727804307572361,0.417509008298153,0.5526644396298708,0.8878601825683007,0.6812639544057458,0.0762518573199701,frl_apartment_5/seq_0014
frl_apartment_5,seq_0014,44,consec_n0.3,18,2.5500000000000003,0.25,fixed,0.3,23424,85801,0.4765518103044907,0.589719351719564,0.5331355810120273,0.290129781420765,0.2611041829349308,0.27485280088466,0.43566427595628415,0.4015687462850083,0.41792225688515705,0.6720030737704918,0.6125569632055571,0.6409045124939188,0.09408405816346856,frl_apartment_5/seq_0014
frl_apartment_5,seq_0014,44,consec_n0.3,18,2.5500000000000003,0.25,subset,0.3,23424,61566,0.4813580842576423,0.5102018838839124,0.4957799840707774,0.2733094262295082,0.3076373322937985,0.28945916830559765,0.4249914617486339,0.4580612675827567,0.44090714226731453,0.6704234972677595,0.6672514049962641,0.6688336900651929,0.09734043896648398,frl_apartment_5/seq_0014
frl_apartment_5,seq_0014,44,spaced0.5,11,6.000089865009663,1.0,fixed,0.5,71378,85801,0.5432322413187091,0.2851851075549792,0.41420867443684417,0.19629297542660204,0.5077330101047773,0.28312711554403147,0.34331306565048053,0.7026258435216373,0.46125185750207764,0.6077783070413852,0.8411906621134951,0.7056844520508343,0.09138995663039458,frl_apartment_5/seq_0014
frl_apartment_5,seq_0014,44,spaced0.5,11,6.000089865009663,1.0,subset,0.5,71378,59020,0.5459340411810756,0.21679642639463054,0.38136523378785303,0.18864355964022528,0.5838868180277872,0.28515768690483945,0.3388999411583401,0.7708912233141308,0.47081829191679486,0.6066154837625038,0.8959166384276517,0.7234146904473108,0.08804735951888742,frl_apartment_5/seq_0014
frl_apartment_5,seq_0014,44,spaced0.5,11,6.000089865009663,0.25,fixed,0.5,17844,85801,0.46347162377691953,0.8723114056508212,0.6678915147138704,0.32722483748038556,0.2415589561893218,0.2779407256701245,0.4731562429948442,0.3805899698138716,0.4218549202021461,0.6828625868639319,0.5709723662894371,0.6219250246480144,0.09706309100915596,frl_apartment_5/seq_0014
frl_apartment_5,seq_0014,44,spaced0.5,11,6.000089865009663,0.25,subset,0.5,17844,59020,0.4651361534214687,0.6384626087351101,0.5517993810782894,0.3197153104685048,0.31308031175872586,0.3163630264166829,0.4691212732571172,0.47851575737038293,0.4737719487862179,0.6824142568930733,0.6792951541850221,0.6808511332637794,0.10408900937535298,frl_apartment_5/seq_0014
frl_apartment_5,seq_0014,44,random_n0.5,11,6.3,1.0,fixed,0.5,67101,85801,0.5060068858110314,0.2974916013157956,0.40174924356341346,0.20503420217284393,0.5108681716996305,0.2926249494979095,0.35561318013144366,0.6998286733254857,0.4715907356777964,0.6304973100251859,0.8180207689887065,0.7121207555009977,0.09389208049906601,frl_apartment_5/seq_0014
frl_apartment_5,seq_0014,44,random_n0.5,11,6.3,1.0,subset,0.5,67101,56608,0.508948285318141,0.21922636722151698,0.364087326269829,0.1966736710332186,0.5969827586206896,0.29587309141480395,0.34957750257075154,0.7787591859807801,0.4825451376373629,0.6290219221770167,0.8838150084793669,0.7349622477042242,0.09058995732857002,frl_apartment_5/seq_0014
frl_apartment_5,seq_0014,44,random_n0.5,11,6.3,0.25,fixed,0.5,16775,85801,0.444078316994752,0.8174421274964698,0.6307602222456109,0.33412816691505215,0.23847041409773778,0.2783090457018466,0.49561847988077495,0.3772450204543071,0.42840513667573477,0.7054545454545454,0.6023356371137866,0.6498296420251316,0.0953100199682556,frl_apartment_5/seq_0014
frl_apartment_5,seq_0014,44,random_n0.5,11,6.3,0.25,subset,0.5,16775,56608,0.4456420891156629,0.6033856941934488,0.5245138916545559,0.3291207153502235,0.31859454494064443,0.32377209853124767,0.4903129657228018,0.4775473431317128,0.48384596814611364,0.7052757078986587,0.7085040983606558,0.7068862170871317,0.10512390863391834,frl_apartment_5/seq_0014
frl_apartment_5,seq_0014,44,consec_n0.5,11,1.4999999999999998,1.0,fixed,0.5,66408,85801,0.5908401041047139,0.41062754870444834,0.5007338264045811,0.1807914709071196,0.42152189368422277,0.25304955081124736,0.307673774244067,0.585704129322502,0.40342569329186795,0.5683200819178412,0.7446533257188145,0.6446458650440904,0.08141820734846712,frl_apartment_5/seq_0014
frl_apartment_5,seq_0014,44,consec_n0.5,11,1.4999999999999998,1.0,subset,0.5,66408,51212,0.6043175482825414,0.298811472051286,0.4515645101669137,0.1623750150584267,0.4960165586190737,0.24465895189130196,0.29068786893145404,0.660880262438491,0.40377534466298276,0.5602638236357066,0.8194173240646724,0.6655014224105515,0.07450690209486872,frl_apartment_5/seq_0014
frl_apartment_5,seq_0014,44,consec_n0.5,11,1.4999999999999998,0.25,fixed,0.5,16602,85801,0.49543181819159904,0.7794655006127338,0.6374486594021664,0.30881821467293097,0.21506742345660307,0.2535543367186311,0.43880255390916756,0.3428398270416429,0.38493048829991083,0.6548608601373328,0.5549119474132003,0.6007576181502354,0.08637568835406893,frl_apartment_5/seq_0014
frl_apartment_5,seq_0014,44,consec_n0.5,11,1.4999999999999998,0.25,subset,0.5,16602,51212,0.5032162327153704,0.5860589222920386,0.5446375775037045,0.28454403083965785,0.2833710849019761,0.2839563465963372,0.41820262618961573,0.4251152073732719,0.4216305859572166,0.6520901096253463,0.6442240099976568,0.6481331938663513,0.09486543233441497,frl_apartment_5/seq_0014
frl_apartment_5,seq_0014,44,spaced1.0,7,6.300070529436098,1.0,fixed,1.0,52567,85801,0.5049915206581693,0.3153787865957026,0.41018515362693597,0.21945326916126087,0.4456358317502127,0.29408462715433653,0.37327600966385754,0.671344156828009,0.4797852387121368,0.6354937508322712,0.8371697299565273,0.7225223395752991,0.09589824409701399,frl_apartment_5/seq_0014
frl_apartment_5,seq_0014,44,spaced1.0,7,6.300070529436098,1.0,subset,1.0,52567,50183,0.5081065883232943,0.2119494123982951,0.3600280003607947,0.20859094108471093,0.5484327361855609,0.3022312352900604,0.3665797934065098,0.7772950999342407,0.49820251988851894,0.6343903970171401,0.9123009784189865,0.7483781045008443,0.09309550510714394,frl_apartment_5/seq_0014
frl_apartment_5,seq_0014,44,spaced1.0,7,6.300070529436098,0.25,fixed,1.0,13141,85801,0.4746932996647125,0.9063163999519037,0.6905048498083082,0.3420592040179591,0.21782962902530273,0.266162227636946,0.49060193288182025,0.3801937040360835,0.4283984856189311,0.6775740050224488,0.5596088623675715,0.6129674571397323,0.09073939934250849,frl_apartment_5/seq_0014
frl_apartment_5,seq_0014,44,spaced1.0,7,6.300070529436098,0.25,subset,1.0,13141,50183,0.476114187675237,0.5686964951676539,0.5224053414214455,0.3333079674301804,0.31456867863619153,0.32366731392471093,0.4856555817669888,0.5221489348982723,0.5032415325665012,0.6772696141846131,0.7188490126138334,0.6974401516960017,0.10427148404524735,frl_apartment_5/seq_0014
frl_apartment_5,seq_0014,44,random_n1.0,7,3.9001139311396082,1.0,fixed,1.0,48501,85801,0.5467010667759213,0.3502876058680603,0.4484943363219908,0.2072740768231583,0.3948555378142446,0.2718461775983051,0.34743613533741574,0.6019393713359984,0.4405748566596539,0.6017401703057669,0.7812030162818615,0.6798272562746959,0.08888044542518522,frl_apartment_5/seq_0014
frl_apartment_5,seq_0014,44,random_n1.0,7,3.9001139311396082,1.0,subset,1.0,48501,44641,0.5574387078447788,0.2379795690192739,0.3977091384320263,0.19028473639718768,0.4993391725095764,0.2755606979009791,0.33613739922888186,0.7138952980443987,0.45706559315632067,0.5967712005938022,0.8679465065746735,0.7072563897395234,0.0836344019224796,frl_apartment_5/seq_0014
frl_apartment_5,seq_0014,44,random_n1.0,7,3.9001139311396082,0.25,fixed,1.0,12125,85801,0.4602959322189809,0.9422802970929627,0.7012881146559717,0.34729896907216495,0.19442663838416802,0.24929288976405312,0.49261855670103094,0.29975175114509156,0.3727127923788322,0.6955051546391753,0.47856085593408004,0.5669894863035402,0.08717963337799697,frl_apartment_5/seq_0014
frl_apartment_5,seq_0014,44,random_n1.0,7,3.9001139311396082,0.25,subset,1.0,12125,44641,0.46363141455262274,0.6161424345928205,0.5398869245727216,0.3350103092783505,0.3093792701776394,0.32168504361607236,0.48511340206185566,0.44443448847472056,0.46388384911107217,0.6949278350515464,0.6347752066485965,0.6634909393554405,0.1024658140134901,frl_apartment_5/seq_0014
frl_apartment_5,seq_0014,44,consec_n1.0,7,0.9,1.0,fixed,1.0,49166,85801,0.5774367884037457,0.4683217837751535,0.5228792860894496,0.19698572184029614,0.3680260136828242,0.25661721838112617,0.32599764064597486,0.5367186862623978,0.40562354033374404,0.5885367937192368,0.7201547767508537,0.6477272305472175,0.08405554674319005,frl_apartment_5/seq_0014
frl_apartment_5,seq_0014,44,consec_n1.0,7,0.9,1.0,subset,1.0,49166,42029,0.5921110758704905,0.30940767013911025,0.4507593730048004,0.17038197128096652,0.4628232886816246,0.24907166527635535,0.30071594191107676,0.631897023483785,0.4075034674802712,0.576028149534231,0.814318684717695,0.6747531961569364,0.07650933403945452,frl_apartment_5/seq_0014
frl_apartment_5,seq_0014,44,consec_n1.0,7,0.9,0.25,fixed,1.0,12291,85801,0.5299064355028306,0.8072280558576364,0.6685672456802334,0.3270685867708079,0.1868975886061934,0.23786907817994463,0.4449597266292409,0.3133529912238785,0.36773604881156313,0.6316817183304857,0.5486998986025804,0.5872739626318587,0.07908378880937623,frl_apartment_5/seq_0014
frl_apartment_5,seq_0014,44,consec_n1.0,7,0.9,0.25,subset,1.0,12291,42029,0.5459772674704506,0.5746178813977957,0.5602975744341232,0.2898869091204947,0.26683956315877133,0.2778861794678848,0.4104629403628671,0.41162054771705253,0.41104092900425726,0.6182572614107884,0.659092531347403,0.638022170211115,0.09066976384049555,frl_apartment_5/seq_0014
office_4,seq_0008,15,all,15,2.1,1.0,fixed,0.0,57151,46599,0.5075150862171479,0.11183732400457733,0.30967620511086263,0.20346100680653006,0.6746925899697418,0.3126415108793829,0.3461006806530069,0.8442241249812228,0.49093582339319114,0.6296302776854298,0.9884976072447906,0.7692692632483248,0.096557371983065,office_4/seq_0008
office_4,seq_0008,15,all,15,2.1,1.0,subset,0.0,57151,46599,0.5075150862171479,0.11183732400457733,0.30967620511086263,0.20346100680653006,0.6746925899697418,0.3126415108793829,0.3461006806530069,0.8442241249812228,0.49093582339319114,0.6296302776854298,0.9884976072447906,0.7692692632483248,0.096557371983065,office_4/seq_0008
office_4,seq_0008,15,all,15,2.1,0.25,fixed,0.0,14287,46599,0.19356133453784402,0.46911033047147027,0.33133583250465715,0.43067123958843706,0.42762720230047857,0.429143822960168,0.6422621964023237,0.5396038541599605,0.5864745101952167,0.9199972002519773,0.690250863752441,0.7887342035295405,0.14328139620031732,office_4/seq_0008
office_4,seq_0008,15,all,15,2.1,0.25,subset,0.0,14287,46599,0.19356133453784402,0.46911033047147027,0.33133583250465715,0.43067123958843706,0.42762720230047857,0.429143822960168,0.6422621964023237,0.5396038541599605,0.5864745101952167,0.9199972002519773,0.690250863752441,0.7887342035295405,0.14328139620031732,office_4/seq_0008
office_4,seq_0008,15,spaced0.3,6,1.9499999999999997,1.0,fixed,0.3,32492,46599,0.4298570428652097,0.14794120524396215,0.28889912405458595,0.2545857441831835,0.5467928496319664,0.3474154803034522,0.4108703680906069,0.7550591214403742,0.5321615448309378,0.7011879847347039,0.9643769179596129,0.8119881807486327,0.10874874299669587,office_4/seq_0008
office_4,seq_0008,15,spaced0.3,6,1.9499999999999997,1.0,subset,0.3,32492,36167,0.43274342520848774,0.14021313981377548,0.2864782825111316,0.24843038286347408,0.5791190864600326,0.3477031445393124,0.4062230702942263,0.7724168440843863,0.5324332531473104,0.698048750461652,0.9672906240495479,0.810904998447231,0.10632719074691237,office_4/seq_0008
office_4,seq_0008,15,spaced0.3,6,1.9499999999999997,0.25,fixed,0.3,8123,46599,0.17563072669541482,0.7238365784938884,0.4497336525946516,0.49907669580204356,0.33135904203952876,0.39828145222904143,0.6789363535639542,0.434129487757248,0.5296116014891469,0.9331527760679552,0.594562115066847,0.7263361657846241,0.13497154681841697,office_4/seq_0008
office_4,seq_0008,15,spaced0.3,6,1.9499999999999997,0.25,subset,0.3,8123,36167,0.17614710626673227,0.6352124185190448,0.4056797623928885,0.49587590791579467,0.3920977686841596,0.43792252442097873,0.6775821740736181,0.4980783587248044,0.5741266424253402,0.933029668841561,0.6594409268117345,0.7727338278560967,0.14089611245332748,office_4/seq_0008
office_4,seq_0008,15,random_n0.3,6,1.2,1.0,fixed,0.3,31314,46599,0.46361625508811355,0.16239111828084274,0.31300368668447814,0.2346554256881906,0.4961694456962596,0.3186231258735638,0.3904962636520406,0.7238996544990236,0.5073243821816522,0.6814523855144664,0.9530891220841649,0.7946997403649005,0.09706590174295646,office_4/seq_0008
office_4,seq_0008,15,random_n0.3,6,1.2,1.0,subset,0.3,31314,34386,0.4734136959709916,0.15067195726676436,0.31204282661887794,0.22226480168614676,0.5338509858663409,0.3138574420926223,0.37634923676310916,0.7461466876054208,0.5003345318186261,0.6692214345021397,0.9623102425405688,0.7894405606839389,0.09420161920855508,office_4/seq_0008
office_4,seq_0008,15,random_n0.3,6,1.2,0.25,fixed,0.3,7828,46599,0.18444910566555306,0.8264556834870332,0.5054523945762932,0.46934082779764946,0.3059722311637589,0.3704445800251647,0.6512519161982626,0.40005150325114275,0.4956405605657608,0.9338272866632601,0.5436382754994742,0.6872095955899534,0.12535745853480995,office_4/seq_0008
office_4,seq_0008,15,random_n0.3,6,1.2,0.25,subset,0.3,7828,34386,0.1871330449532188,0.6850380210677551,0.43608553301048697,0.4572049054675524,0.37145931483743383,0.40989587039919356,0.64256515074093,0.47737451288315014,0.5477870563812828,0.933699540112417,0.6288896643983016,0.7515654002153559,0.13294995160280135,office_4/seq_0008
office_4,seq_0008,15,consec_n0.3,6,0.7499999999999999,1.0,fixed,0.3,30562,46599,0.4924565561341582,0.19969739583946777,0.346076975986813,0.23745173745173745,0.4859760939075946,0.31902523750444167,0.3813559322033898,0.6732762505633169,0.48691457810513966,0.6581375564426412,0.887379557501234,0.755757161589377,0.09846534653465347,office_4/seq_0008
office_4,seq_0008,15,consec_n0.3,6,0.7499999999999999,1.0,subset,0.3,30562,33452,0.5014999803696168,0.1887621777653495,0.3451310790674832,0.22452719062888554,0.5210450795169198,0.31382279781424743,0.3670571297689942,0.694218581848619,0.4802105188994823,0.6483214449316145,0.8958208776754754,0.7522362120531708,0.09657272633426241,office_4/seq_0008
office_4,seq_0008,15,consec_n0.3,6,0.7499999999999999,0.25,fixed,0.3,7640,46599,0.19306725628956978,0.847523564837242,0.5202954105634059,0.4517015706806283,0.29286036181033925,0.35533776210465096,0.6236910994764397,0.3781626215154832,0.47084051544044914,0.9215968586387434,0.5209553853086976,0.6656408440052651,0.12405699916177704,office_4/seq_0008
office_4,seq_0008,15,consec_n0.3,6,0.7499999999999999,0.25,subset,0.3,7640,33452,0.19532463440119716,0.6895096206786134,0.4424171275399053,0.4410994764397906,0.3554645462154729,0.3936789028103284,0.6172774869109947,0.4490613416238192,0.5199012715448181,0.9212041884816754,0.60112997728088,0.7275189184441043,0.13273516642547034,office_4/seq_0008
office_4,seq_0008,15,spaced0.5,4,1.7999999999999996,1.0,fixed,0.5,24699,46599,0.4422756024005016,0.17747199110216022,0.3098737967513309,0.27187335519656664,0.4767269683898796,0.34627118456989875,0.4311510587473177,0.7046932337603812,0.5349839512897847,0.6927810842544233,0.932552200691002,0.7949809810733727,0.11106303187653252,office_4/seq_0008
office_4,seq_0008,15,spaced0.5,4,1.7999999999999996,1.0,subset,0.5,24699,31296,0.4465788345828202,0.16125934664035255,0.3039190906115864,0.26235879995141503,0.5332630368098159,0.35169032304440623,0.4234584396129398,0.737506390593047,0.5380064877756752,0.6894611117859023,0.9447213701431493,0.7971553402260435,0.10938262567105905,office_4/seq_0008
office_4,seq_0008,15,spaced0.5,4,1.7999999999999996,0.25,fixed,0.5,6174,46599,0.16195074759071423,0.8786608883592323,0.5203058179749732,0.5173307418205377,0.29423378184081206,0.3751178771138262,0.6924198250728864,0.39427884718556194,0.50245113455561,0.953514739229025,0.540312023863173,0.6897660307942985,0.12600687207795866,office_4/seq_0008
office_4,seq_0008,15,spaced0.5,4,1.7999999999999996,0.25,subset,0.5,6174,31296,0.16271015370338124,0.6994054686724238,0.43105781118790254,0.514415289925494,0.38519299591002043,0.4405232139103544,0.6901522513767412,0.5041219325153374,0.5826482584761187,0.9536767087787495,0.6577517893660532,0.7785422218834103,0.1393092000255379,office_4/seq_0008
office_4,seq_0008,15,random_n0.5,4,1.2000000000000002,1.0,fixed,0.5,23263,46599,0.41076817318259906,0.21577134380465116,0.3132697584936251,0.2905042341916348,0.46591128564990664,0.35786997407805676,0.4408717706228775,0.6685551192085667,0.5313501626218035,0.7016721832953617,0.871864203094487,0.7775642993880068,0.115191434328852,office_4/seq_0008
office_4,seq_0008,15,random_n0.5,4,1.2000000000000002,1.0,subset,0.5,23263,29767,0.414694629933977,0.18764700788652974,0.3011708189102534,0.2807462494089326,0.5307891289011322,0.36724722334678583,0.43420882947169326,0.7130043336580777,0.539730168857726,0.6998237544598719,0.8962609601236269,0.7859541593983643,0.11290477871561988,office_4/seq_0008
office_4,seq_0008,15,random_n0.5,4,1.2000000000000002,0.25,fixed,0.5,5815,46599,0.15572654755602677,0.8758819998366756,0.5158042736963512,0.5430782459157352,0.2836756153565527,0.3726817927643523,0.7128116938950989,0.38513702010772766,0.5000783154685554,0.953396388650043,0.5281658404686795,0.679757346690299,0.12414819904941878,office_4/seq_0008
office_4,seq_0008,15,random_n0.5,4,1.2000000000000002,0.25,subset,0.5,5815,29767,0.15724850649614766,0.6890313285365238,0.42313991751633573,0.5360275150472915,0.37571807706520643,0.44177943704883793,0.7086844368013757,0.4877884906104075,0.5778452714249444,0.9535683576956148,0.6355359962374442,0.7627277776801245,0.13888154415653092,office_4/seq_0008
office_4,seq_0008,15,consec_n0.5,4,0.4499999999999999,1.0,fixed,0.5,21334,46599,0.48124072130770096,0.43220148574603046,0.4567211035268657,0.2670854035811381,0.3873044485933175,0.3161521060193308,0.4053154588919096,0.5308483014656967,0.4596653534812542,0.682150557795069,0.7420545505268353,0.7108427326913339,0.10184633710541989,office_4/seq_0008
office_4,seq_0008,15,consec_n0.5,4,0.4499999999999999,1.0,subset,0.5,21334,28563,0.49213258584340813,0.3501995181910265,0.42116605201721735,0.24777350707790383,0.4413752056856773,0.3173802130788823,0.38862848035998876,0.5830970136190176,0.46640354237758064,0.6715571388394113,0.7920736617302104,0.7268536871656158,0.10169028512890559,office_4/seq_0008
office_4,seq_0008,15,consec_n0.5,4,0.4499999999999999,0.25,fixed,0.5,5333,46599,0.18392997341717812,0.9728677222862295,0.5783988478517038,0.46652915807237955,0.2360565677375051,0.31349134421166325,0.6277892368273017,0.3187407455095603,0.42281177163598277,0.936246015375961,0.47191999828322495,0.6275300123467334,0.1089940348641918,office_4/seq_0008
office_4,seq_0008,15,consec_n0.5,4,0.4499999999999999,0.25,subset,0.5,5333,28563,0.1867362058659154,0.7102648003235619,0.44850050309473866,0.4509656853553347,0.3175086650561916,0.37264877524316964,0.6195387211700731,0.41952876098449043,0.5002837958809948,0.9356834802175136,0.5971011448377271,0.7289969746708426,0.12524218101300857,office_4/seq_0008
office_4,seq_0008,15,spaced1.0,3,2.1,1.0,fixed,1.0,19318,46599,0.3895539674542351,0.21377315114973103,0.3016635593019831,0.32705248990578734,0.4605249039678963,0.3824787701574907,0.48224453877212964,0.651344449451705,0.5541819951864275,0.7436587638471891,0.8865426296701646,0.8088389553585948,0.12295804243204772,office_4/seq_0008
office_4,seq_0008,15,spaced1.0,3,2.1,1.0,subset,1.0,19318,27894,0.39385866583697016,0.18347909245995359,0.28866887914846184,0.3125582358422197,0.5341292034129204,0.3943520921425764,0.47473858577492495,0.699576969957697,0.5656336233257618,0.7421058080546641,0.9120599412059941,0.8183520665513532,0.1219593222841534,office_4/seq_0008
office_4,seq_0008,15,spaced1.0,3,2.1,0.25,fixed,1.0,4829,46599,0.13085457848937954,0.8987580748558411,0.5148063266726104,0.6115137709670739,0.28002746840060944,0.3841452209153455,0.7641333609442948,0.3777763471319127,0.5055942825908649,0.9724580658521433,0.5384664906972253,0.6931333266109444,0.13027400581959264,office_4/seq_0008
office_4,seq_0008,15,spaced1.0,3,2.1,0.25,subset,1.0,4829,27894,0.13136693470634297,0.6646426527792753,0.3980047937428091,0.6053013046179333,0.39227073922707395,0.47603978415914855,0.7628908676744668,0.5084964508496451,0.6102425168883979,0.9720439014288672,0.6828708682870869,0.8021929287582924,0.1525251793348308,office_4/seq_0008
office_4,seq_0008,15,random_n1.0,3,1.3499999999999999,1.0,fixed,1.0,20512,46599,0.4238266932916229,0.2004774195983619,0.31215205644499244,0.28831903276131043,0.43037404236142407,0.3453074251425909,0.45680577223088925,0.6482971737590936,0.5359607304798735,0.7202613104524181,0.9165218137728277,0.8066251330135287,0.10928714534996445,office_4/seq_0008
office_4,seq_0008,15,random_n1.0,3,1.3499999999999999,1.0,subset,1.0,20512,27367,0.42921067355965864,0.17545033709576371,0.30233050532771116,0.27291341653666146,0.5153652208864691,0.3568537228310036,0.44764040561622465,0.7036211495596887,0.5471723699501558,0.7168486739469578,0.9323272554536486,0.810510928327049,0.10926918735891648,office_4/seq_0008
office_4,seq_0008,15,random_n1.0,3,1.3499999999999999,0.25,fixed,1.0,5128,46599,0.1581177411922524,1.0142657076708579,0.5861917244315551,0.5423166926677067,0.2516792205841327,0.343804899351116,0.719188767550702,0.35884890233696004,0.47879606996578145,0.9489079563182528,0.49906650357303806,0.6541112279120469,0.11245522344236303,office_4/seq_0008
office_4,seq_0008,15,random_n1.0,3,1.3499999999999999,0.25,subset,1.0,5128,27367,0.15931991602036882,0.7454164268176204,0.45236817141899466,0.5356864274570983,0.3621149559688676,0.43212245085105294,0.7166536661466458,0.49625461322030184,0.5864296484019969,0.9483229329173167,0.6505280081850404,0.7716924859068568,0.13172724711186248,office_4/seq_0008
office_4,seq_0008,15,consec_n1.0,3,0.30000000000000004,1.0,fixed,1.0,17508,46599,0.46327984905513503,0.4437319136895693,0.45350588137235215,0.28090015992689055,0.35537243288482584,0.3137780075983735,0.4190084532785013,0.5087448228502758,0.4595367902669638,0.6977952935800776,0.7278482370866327,0.7125050033258897,0.1003618224610953,office_4/seq_0008
office_4,seq_0008,15,consec_n1.0,3,0.30000000000000004,1.0,subset,1.0,17508,25520,0.4754552033796746,0.3427851596775411,0.40912018152860785,0.25719671007539413,0.4208855799373041,0.31928392194411026,0.3999314599040439,0.5733150470219436,0.4711791352113798,0.6860292437742747,0.7901253918495298,0.734406967910001,0.1017191408266169,office_4/seq_0008
office_4,seq_0008,15,consec_n1.0,3,0.30000000000000004,0.25,fixed,1.0,4377,46599,0.17306838225766522,1.091602308838257,0.6323353455479611,0.49257482293808547,0.21631365479945922,0.3006133222872965,0.6465615718528672,0.30122964012103265,0.4109839955145982,0.9499657299520219,0.44462327517757894,0.6057367046551115,0.10093797276853253,office_4/seq_0008
office_4,seq_0008,15,consec_n1.0,3,0.30000000000000004,0.25,subset,1.0,4377,25520,0.17606337082965443,0.7412157326092682,0.4586395517194613,0.4774960018277359,0.3125783699059561,0.37782499275456577,0.6385652273246516,0.42476489028213166,0.5101709887292856,0.9492803289924606,0.6012539184952979,0.7362088499263909,0.12307928703134603,office_4/seq_0008
office_4,seq_0005,21,all,21,3.0,1.0,fixed,0.0,56331,57334,0.3381617396410123,0.10975039089206079,0.22395606526653655,0.28046723828797643,0.7271950326158998,0.4048070239080573,0.45452770233086576,0.8523214846338996,0.59288207074245,0.7757895297438355,0.9707503401123243,0.8623885006603732,0.14570040948481097,office_4/seq_0005
office_4,seq_0005,21,all,21,3.0,1.0,subset,0.0,56331,57334,0.3381617396410123,0.10975039089206079,0.22395606526653655,0.28046723828797643,0.7271950326158998,0.4048070239080573,0.45452770233086576,0.8523214846338996,0.59288207074245,0.7757895297438355,0.9707503401123243,0.8623885006603732,0.14570040948481097,office_4/seq_0005
office_4,seq_0005,21,all,21,3.0,0.25,fixed,0.0,14082,57334,0.1581274345628925,0.3184212330606621,0.23827433381177732,0.5009231643232496,0.446052952872641,0.4718983986002097,0.6976991904559011,0.5358949314542855,0.6061855406154366,0.957889504331771,0.7528168277113056,0.8430615172713826,0.2044659022329511,office_4/seq_0005
office_4,seq_0005,21,all,21,3.0,0.25,subset,0.0,14082,57334,0.1581274345628925,0.3184212330606621,0.23827433381177732,0.5009231643232496,0.446052952872641,0.4718983986002097,0.6976991904559011,0.5358949314542855,0.6061855406154366,0.957889504331771,0.7528168277113056,0.8430615172713826,0.2044659022329511,office_4/seq_0005
office_4,seq_0005,21,spaced0.3,8,2.85,1.0,fixed,0.3,37342,57334,0.2956276553208876,0.14215214139531288,0.21888989835810024,0.32349633120882654,0.6364286461785328,0.42895504745653856,0.5012854158855979,0.7950954058673736,0.6148960621926002,0.811043864817096,0.9410297554679596,0.8712150002674527,0.16364073847230728,office_4/seq_0005
office_4,seq_0005,21,spaced0.3,8,2.85,1.0,subset,0.3,37342,45678,0.29709547953883675,0.12990993806921824,0.2135027088040275,0.3199078785281988,0.6699067384736634,0.43302743733163396,0.4979379786835199,0.8188624720872192,0.6192931114691577,0.8098655669219645,0.9520775865843514,0.8752323851974576,0.16045615519967926,office_4/seq_0005
office_4,seq_0005,21,spaced0.3,8,2.85,0.25,fixed,0.3,9335,57334,0.12837668491241044,0.4780473372732672,0.3032120110928388,0.5751472951258704,0.39170474761921376,0.46602358193610577,0.7794322442420997,0.48016883524610177,0.5942501621593597,0.9782538832351366,0.6511842885547843,0.7818935017100571,0.19485817284887583,office_4/seq_0005
office_4,seq_0005,21,spaced0.3,8,2.85,0.25,subset,0.3,9335,45678,0.12884606018156133,0.41896021711276,0.27390313864716065,0.5734333154793787,0.44958185559788083,0.5040105392833794,0.7770755222281736,0.539559525373265,0.636894028784104,0.9781467595072308,0.6968781470292045,0.8138972723665499,0.20109670987038883,office_4/seq_0005
office_4,seq_0005,21,random_n0.3,8,3.0,1.0,fixed,0.3,37623,57334,0.32194677798717286,0.16128336081676695,0.24161506940196992,0.3061690986896313,0.5926849687794328,0.4037625889796323,0.47513489089121014,0.7473750305229009,0.5809424485840651,0.7893575738245222,0.9287508284787386,0.8533995872119491,0.15583124405636725,office_4/seq_0005
office_4,seq_0005,21,random_n0.3,8,3.0,1.0,subset,0.3,37623,45745,0.32332432751458196,0.14721226689940076,0.23526829720699136,0.30247455014220026,0.6288337523226583,0.4084709775369043,0.47175929617521195,0.7785331730243743,0.587510955720879,0.7880285995268852,0.940212045032244,0.8574199240570154,0.15260192243950946,office_4/seq_0005
office_4,seq_0005,21,random_n0.3,8,3.0,0.25,fixed,0.3,9405,57334,0.13336035943715224,0.48424185595433883,0.30880110769574554,0.5660818713450292,0.38894896570970106,0.46108868912689027,0.7600212652844232,0.48876757247008756,0.5949344478873969,0.979691653375864,0.6717480029301985,0.7970087300854469,0.19325428692899996,office_4/seq_0005
office_4,seq_0005,21,random_n0.3,8,3.0,0.25,subset,0.3,9405,45745,0.13383244751277032,0.4141721528130192,0.2740023001628948,0.5650186071238703,0.4456880533391627,0.49830886242320044,0.7589580010632643,0.5513389441469013,0.6386996542847722,0.9788410419989367,0.7256312165263963,0.8334281916751972,0.20141502333283154,office_4/seq_0005
office_4,seq_0005,21,consec_n0.3,8,1.05,1.0,fixed,0.3,31772,57334,0.2927329019585164,0.16998406084678971,0.23135848140265308,0.3239959712954803,0.5470750340112325,0.4069705131640001,0.4911242603550296,0.703038336763526,0.5782783416217445,0.8064962860380209,0.928436878640946,0.8631812564182674,0.15305653068635758,office_4/seq_0005
office_4,seq_0005,21,consec_n0.3,8,1.05,1.0,subset,0.3,31772,42088,0.29929208806116464,0.1631673265175169,0.23122970728934078,0.31279113685005666,0.5694972438699867,0.40379924350287966,0.47919551806622185,0.7190648165747957,0.5751214946207517,0.7983444542364346,0.9310967496673637,0.8596255539380087,0.14329023852475445,office_4/seq_0005
office_4,seq_0005,21,consec_n0.3,8,1.05,0.25,fixed,0.3,7943,57334,0.1430047933602088,0.5459529208876016,0.3444788571239052,0.551932519199295,0.3272578225834583,0.41088766757812284,0.7406521465441269,0.4109254543551819,0.5285841259852674,0.9639934533551555,0.5912024278787456,0.7329176690342187,0.16110460577673694,office_4/seq_0005
office_4,seq_0005,21,consec_n0.3,8,1.05,0.25,subset,0.3,7943,42088,0.14652965778430263,0.47114663033876897,0.3088381440615358,0.5427420370137228,0.37585535069378445,0.44413907852959283,0.7275588568550926,0.465857251473104,0.5680140681429728,0.962860380208989,0.6471440790724197,0.774046792769478,0.16482342255703372,office_4/seq_0005
office_4,seq_0005,21,spaced0.5,6,3.0,1.0,fixed,0.5,32591,57334,0.29889057329036034,0.1374420511656351,0.2181663122279977,0.32729894756221045,0.6042662294624481,0.42460947624110107,0.5049553557730662,0.7843862280671156,0.6143911463360033,0.8123101469730908,0.9587853629608958,0.879490772500962,0.16188603223330775,office_4/seq_0005
office_4,seq_0005,21,spaced0.5,6,3.0,1.0,subset,0.5,32591,41913,0.30065388485045197,0.12406294706583751,0.21235841595814475,0.3221441502255224,0.6474363562617803,0.43022283021898017,0.5021631738823602,0.8178608069095508,0.622260783997728,0.8112055475438005,0.967480256722258,0.8824777816406305,0.1582644832533518,office_4/seq_0005
office_4,seq_0005,21,spaced0.5,6,3.0,0.25,fixed,0.5,8147,57334,0.11832385354047238,0.5721758936452352,0.3452498735928538,0.5904013747391678,0.37065266682945547,0.4554038265937069,0.7896158095004296,0.4580004883664143,0.5797366177267365,0.9942310052780164,0.6016848641294869,0.7496808056005084,0.18704253214638972,office_4/seq_0005
office_4,seq_0005,21,spaced0.5,6,3.0,0.25,subset,0.5,8147,41913,0.11858867505160448,0.4740697374580156,0.2963292062548101,0.5890511844850865,0.45503781642927016,0.5134439008905056,0.7892475757947711,0.548994345429819,0.6475547498303255,0.9939855161409108,0.6830577625080524,0.809698272268308,0.20019306054593233,office_4/seq_0005
office_4,seq_0005,21,random_n0.5,6,2.1,1.0,fixed,0.5,29654,57334,0.292431355455178,0.18108247689896614,0.23675691617707206,0.33772846833479464,0.5462552761014406,0.41739671997067473,0.5055641734673231,0.6951547075034011,0.5853915028749259,0.8114925473797802,0.9087278054906338,0.8573620705300221,0.16233749648813628,office_4/seq_0005
office_4,seq_0005,21,random_n0.5,6,2.1,1.0,subset,0.5,29654,39578,0.29609702531267657,0.16334405152097392,0.22972053841682524,0.32781412288392797,0.5935115468189398,0.4223511262953981,0.4978754974033857,0.7286371216332306,0.5915480423587648,0.8093680447831658,0.9240992470564455,0.8629368483577637,0.15644572372804563,office_4/seq_0005
office_4,seq_0005,21,random_n0.5,6,2.1,0.25,fixed,0.5,7413,57334,0.12242335240778972,0.5773532977789467,0.3498883250933682,0.6008363685417509,0.35021104405762726,0.4425006138436078,0.8000809388911372,0.4242159974884013,0.5544523121438938,0.9790907864562256,0.5842432064743434,0.7318041353867968,0.18057740118727486,office_4/seq_0005
office_4,seq_0005,21,random_n0.5,6,2.1,0.25,subset,0.5,7413,39578,0.12397379784869049,0.469354839441213,0.29666431864495174,0.5953055443140429,0.4393349840820658,0.5055640962385467,0.7942803183596385,0.5203395825963919,0.6287680401296571,0.978820990152435,0.6724948203547425,0.7972454956751616,0.19296068588188844,office_4/seq_0005
office_4,seq_0005,21,consec_n0.5,6,0.7499999999999997,1.0,fixed,0.5,27599,57334,0.2919601910449268,0.17882721966397594,0.23539370535445137,0.33287437950650384,0.5204939477447936,0.4060593634884646,0.4975542592122903,0.6820909059196986,0.5753886769371758,0.8073843255190405,0.919314891687306,0.8597217469820223,0.15556855653653867,office_4/seq_0005
office_4,seq_0005,21,consec_n0.5,6,0.7499999999999997,1.0,subset,0.5,27599,38092,0.29977645578392753,0.1682509614451986,0.23401370861456305,0.317910069205406,0.5563372886695369,0.40461140511168736,0.48360447842313126,0.7081801953166019,0.5747332073184027,0.799159389832965,0.9239210332878295,0.8570234555608813,0.14637291176140824,office_4/seq_0005
office_4,seq_0005,21,consec_n0.5,6,0.7499999999999997,0.25,fixed,0.5,6899,57334,0.1301536915707828,0.6505705491098956,0.39036212034033924,0.5713871575590665,0.3102173230543831,0.40211727218601995,0.7733004783301928,0.38392576830501973,0.5131061987866334,0.9792723583127989,0.5455924931105453,0.7007619683900647,0.1535614702154626,office_4/seq_0005
office_4,seq_0005,21,consec_n0.5,6,0.7499999999999997,0.25,subset,0.5,6899,38092,0.13442583307995648,0.5232805120371474,0.32885317255855195,0.5592114799246267,0.38094613042108577,0.45317816293802177,0.7593854181765474,0.4651895411109944,0.5769481917439409,0.9782577185099289,0.633413840176415,0.7689432438314615,0.16482122260668974,office_4/seq_0005
office_4,seq_0005,21,spaced1.0,3,2.1,1.0,fixed,1.0,20780,57334,0.2746692128797442,0.17121019179735614,0.22293970233855018,0.3829162656400385,0.5081626957826072,0.43673741661679355,0.5461501443695861,0.6970732898454669,0.6124509358619914,0.828873917228104,0.9342275089824537,0.878403027121212,0.17476350809684144,office_4/seq_0005
office_4,seq_0005,21,spaced1.0,3,2.1,1.0,subset,1.0,20780,33145,0.2806021203046728,0.1484061730020486,0.2145041466533607,0.3686717998075072,0.5733293106049178,0.44876878909531354,0.5368623676612128,0.7540202142102881,0.6271756752321659,0.8236284889316651,0.9497963493739628,0.8822244000767431,0.17186731323353716,office_4/seq_0005
office_4,seq_0005,21,spaced1.0,3,2.1,0.25,fixed,1.0,5195,57334,0.10364562430328816,0.8017677841688267,0.4527067042360574,0.6515880654475458,0.29040359995814,0.40175200449196097,0.8411934552454283,0.3923326472947989,0.5350963461638382,0.988065447545717,0.5499180242090208,0.7065810636880385,0.15254051686377573,office_4/seq_0005
office_4,seq_0005,21,spaced1.0,3,2.1,0.25,subset,1.0,5195,33145,0.10529578016161682,0.5389580918814945,0.3221269360215556,0.6461982675649663,0.4092321617136823,0.501113302393578,0.8344562078922041,0.5386936189470508,0.6547227778005694,0.9878729547641963,0.7035751998793182,0.8218317655146548,0.17962680124842287,office_4/seq_0005
office_4,seq_0005,21,random_n1.0,3,2.4,1.0,fixed,1.0,20539,57334,0.2616716877594096,0.17074836356946893,0.21621002566443925,0.38736063099469303,0.5163951581958349,0.4426663855741516,0.5596182871610108,0.7143230892664039,0.6275771728458388,0.8432737718486781,0.9280880454878432,0.8836504197691165,0.17563071357043641,office_4/seq_0005
office_4,seq_0005,21,random_n1.0,3,2.4,1.0,subset,1.0,20539,33109,0.26680792212320065,0.14119876068526493,0.2040033414042328,0.3718292029796972,0.5911987677066659,0.4565287266625838,0.5506597205316714,0.7731734573680872,0.6432162104174964,0.8395248064657481,0.9531849346099248,0.8927517705953999,0.17422468242140374,office_4/seq_0005
office_4,seq_0005,21,random_n1.0,3,2.4,0.25,fixed,1.0,5134,57334,0.09648930870092168,0.7587167555694624,0.427603032135192,0.6774444877288663,0.3045662259741166,0.42021274932231484,0.858005453837164,0.4145707608051069,0.5590297377547555,0.9937670432411375,0.5785397844211114,0.7313251597544241,0.1598054926230867,office_4/seq_0005
office_4,seq_0005,21,random_n1.0,3,2.4,0.25,subset,1.0,5134,33109,0.09774972898661093,0.5014546733813271,0.299602201183969,0.670821971172575,0.4300341296928328,0.5240945520949579,0.8543046357615894,0.5667341206318524,0.6814220714554661,0.9935722633424231,0.7333051436165393,0.8438255643714492,0.18960182943233791,office_4/seq_0005
office_4,seq_0005,21,consec_n1.0,3,0.29999999999999993,1.0,fixed,1.0,18222,57334,0.26564796167072974,0.24227065561773004,0.2539593086442299,0.37180331467456923,0.4361984162974849,0.40143482574002487,0.53331138184612,0.5892140789060593,0.559870730083962,0.8331138184612007,0.8401472075906095,0.8366157309441272,0.1567995111684432,office_4/seq_0005
office_4,seq_0005,21,consec_n1.0,3,0.29999999999999993,1.0,subset,1.0,18222,29518,0.2772353125836788,0.2086636079404833,0.24294946026208103,0.3468334979694874,0.505589809607697,0.41142817340922316,0.5120184392492592,0.6460803577478149,0.5712898714020079,0.8225222258808034,0.8748560200555593,0.8478823416808393,0.15252081406105458,office_4/seq_0005
office_4,seq_0005,21,consec_n1.0,3,0.29999999999999993,0.25,fixed,1.0,4555,57334,0.11692106125912191,0.743810335537046,0.430365698398084,0.6201975850713501,0.24979942093696586,0.3561506454560075,0.8030735455543359,0.33528098510482435,0.4730605135979393,0.9857299670691547,0.5099243032057766,0.6721441934764711,0.12849718013933428,office_4/seq_0005
office_4,seq_0005,21,consec_n1.0,3,0.29999999999999993,0.25,subset,1.0,4555,29518,0.12217184345477528,0.5133481412102933,0.31775999233253427,0.6041712403951701,0.3658784470492581,0.4557565206169348,0.7835345773874863,0.47950403143844433,0.5949271637514871,0.9857299670691547,0.6688122501524494,0.7969192571287783,0.15528038713350412,office_4/seq_0005
office_4,seq_0010,14,all,14,1.952094584414785,1.0,fixed,0.0,59462,52162,0.4911919490590985,0.193089314787869,0.34214063192348376,0.21253910060206518,0.6525056554579962,0.32063766453067677,0.35494937943560595,0.7735132855335302,0.48660548409518267,0.6708149742692813,0.9040297534603734,0.7701542699773878,0.10410906523913172,office_4/seq_0010
office_4,seq_0010,14,all,14,1.952094584414785,1.0,subset,0.0,59462,52162,0.4911919490590985,0.193089314787869,0.34214063192348376,0.21253910060206518,0.6525056554579962,0.32063766453067677,0.35494937943560595,0.7735132855335302,0.48660548409518267,0.6708149742692813,0.9040297534603734,0.7701542699773878,0.10410906523913172,office_4/seq_0010
office_4,seq_0010,14,all,14,1.952094584414785,0.25,fixed,0.0,14865,52162,0.2137439983753746,0.42250770297981843,0.3181258506775965,0.424083417423478,0.39241210076300753,0.4076335044668146,0.6042381432896065,0.5635520110425214,0.5831863191109089,0.9012445341405987,0.7538054522449292,0.8209577344848525,0.13651788044896893,office_4/seq_0010
office_4,seq_0010,14,all,14,1.952094584414785,0.25,subset,0.0,14865,52162,0.2137439983753746,0.42250770297981843,0.3181258506775965,0.424083417423478,0.39241210076300753,0.4076335044668146,0.6042381432896065,0.5635520110425214,0.5831863191109089,0.9012445341405987,0.7538054522449292,0.8209577344848525,0.13651788044896893,office_4/seq_0010
office_4,seq_0010,14,spaced0.3,6,1.952094584414785,1.0,fixed,0.3,34851,52162,0.3839539350188545,0.26630344757002944,0.325128691294442,0.2698631316174572,0.5063264445381696,0.35207594675661286,0.4283951680009182,0.6749932901345808,0.5241379167864854,0.7451149177928897,0.8454238717840573,0.7921063514484622,0.11579366307736529,office_4/seq_0010
office_4,seq_0010,14,spaced0.3,6,1.952094584414785,1.0,subset,0.3,34851,41367,0.38514108339331543,0.23473740878026536,0.3099392460867904,0.2663338211242145,0.55462083303116,0.35985979247113764,0.42529626122636366,0.7242004496337661,0.5358862547370428,0.7443114975180052,0.8756013247274398,0.8046360573073887,0.11583737039887716,office_4/seq_0010
office_4,seq_0010,14,spaced0.3,6,1.952094584414785,0.25,fixed,0.3,8712,52162,0.1661018343202523,0.48077235793363704,0.32343709612694466,0.5298438934802571,0.3150761090448986,0.39516439866504116,0.7123507805325987,0.4536444154748668,0.5542972296186147,0.9380165289256198,0.695122886392393,0.7985071586109294,0.13207986224228604,office_4/seq_0010
office_4,seq_0010,14,spaced0.3,6,1.952094584414785,0.25,subset,0.3,8712,41367,0.16658101098414038,0.41126085248228267,0.28892093173321154,0.5275482093663911,0.3676360383880871,0.433309085222828,0.7108585858585859,0.5110353663548239,0.5946078662434805,0.9382460973370065,0.7493170885004956,0.8332059384248921,0.13757861635220126,office_4/seq_0010
office_4,seq_0010,14,random_n0.3,6,1.0500000000000003,1.0,fixed,0.3,36467,52162,0.47109851903518074,0.2508966857398453,0.360997602387513,0.2446047111086736,0.5145699934818451,0.3315870348148866,0.3944113856363287,0.676699513055481,0.4983573464327816,0.7009350920009872,0.8782830412944289,0.7796508808672054,0.11191767368376104,office_4/seq_0010
office_4,seq_0010,14,random_n0.3,6,1.0500000000000003,1.0,subset,0.3,36467,41159,0.47399772511615096,0.21852740332340936,0.3462625642197802,0.2394767872322922,0.5537549503146335,0.33435741445602724,0.386321880055941,0.7147161009742705,0.5015457642547132,0.6985219513532783,0.9039578221045215,0.7880715779332592,0.1099654846439642,office_4/seq_0010
office_4,seq_0010,14,random_n0.3,6,1.0500000000000003,0.25,fixed,0.3,9116,52162,0.22546679277538043,0.4899530009012614,0.35770989683832094,0.4310004387889425,0.29024960699359686,0.34689136923888936,0.598069328652918,0.44062727656148154,0.5074160407502131,0.8786748573935936,0.7118400368084046,0.7865074952894328,0.11031788793103449,office_4/seq_0010
office_4,seq_0010,14,random_n0.3,6,1.0500000000000003,0.25,subset,0.3,9116,41159,0.22696770092536345,0.4233614031065034,0.3251645520159334,0.4267222465993857,0.33183507859763356,0.3733439926979492,0.5915971917507679,0.4909497315289487,0.5365947216096282,0.878565160157964,0.7603683277047547,0.815204676158191,0.11529933481152993,office_4/seq_0010
office_4,seq_0010,14,consec_n0.3,6,0.7499999999999999,1.0,fixed,0.3,33190,52162,0.3979903959523168,0.24601014974867094,0.3220002728504939,0.2757155769810184,0.5432115333001035,0.3657758534216016,0.43856583308225366,0.7191442045933821,0.5448550447519521,0.7493823440795421,0.8852229592423604,0.8116582698978698,0.11542065686924326,office_4/seq_0010
office_4,seq_0010,14,consec_n0.3,6,0.7499999999999999,1.0,subset,0.3,33190,38758,0.4009521278531558,0.20001578292412558,0.3004839553886407,0.270442904489304,0.6063780380824604,0.37405730149773286,0.4298885206387466,0.7745755714949172,0.5529117035992295,0.7482675504670081,0.9171525878528304,0.8241470179524368,0.1147086031452359,office_4/seq_0010
office_4,seq_0010,14,consec_n0.3,6,0.7499999999999999,0.25,fixed,0.3,8297,52162,0.19588772459979364,0.5279293903248377,0.36190855746231565,0.48957454501627096,0.2813350715079943,0.3573298002212974,0.6483066168494637,0.4203634829952839,0.510025362452493,0.9146679522719056,0.6810705111000345,0.780771265517147,0.10827848335959951,office_4/seq_0010
office_4,seq_0010,14,consec_n0.3,6,0.7499999999999999,0.25,subset,0.3,8297,38758,0.1982350148384251,0.4373743363421919,0.3178046755903085,0.4848740508617573,0.3395428040662573,0.39939866310215494,0.6370977461733156,0.4827132462975386,0.5492632655544696,0.9144269012896228,0.7469941689457661,0.8222738659426256,0.11440528412242222,office_4/seq_0010
office_4,seq_0010,14,spaced0.5,4,1.8000072419168278,1.0,fixed,0.5,27407,52162,0.4616312099543268,0.2689051177016204,0.3652681638279736,0.3014923194804247,0.5069015758598213,0.37810016313875416,0.44656474623271425,0.6664621755300794,0.5347912192778397,0.7117159849673441,0.8369694413557762,0.769277634072356,0.13299973663418488,office_4/seq_0010
office_4,seq_0010,14,spaced0.5,4,1.8000072419168278,1.0,subset,0.5,27407,35910,0.4640570841370505,0.22132027846279428,0.34268868129992236,0.29496114131426276,0.5817878028404344,0.3914570880811991,0.4433903747217864,0.7397939292676134,0.5544656169100237,0.7100740686685884,0.8810916179337231,0.786392410650768,0.13364653862097553,office_4/seq_0010
office_4,seq_0010,14,spaced0.5,4,1.8000072419168278,0.25,fixed,0.5,6851,52162,0.186042948301187,0.5124875628901633,0.3492652555956751,0.5520361990950227,0.3109159924849507,0.397790015261448,0.6975623996496861,0.446282734557724,0.5443220343915209,0.899722668223617,0.6949311759518423,0.7841768721693456,0.1326005848542906,office_4/seq_0010
office_4,seq_0010,14,spaced0.5,4,1.8000072419168278,0.25,subset,0.5,6851,35910,0.18655112921069145,0.3950531818603854,0.29080215553553845,0.5491169172383593,0.39980506822612083,0.4627139636840402,0.6966866150926871,0.5455583402951824,0.6119295422168336,0.8992847759451175,0.7814257866889446,0.8362228799216604,0.1446389619106214,office_4/seq_0010
office_4,seq_0010,14,random_n0.5,4,1.0538848449909188,1.0,fixed,0.5,23555,52162,0.3132154974599371,0.33716328987573785,0.3251893936678375,0.2920823604330291,0.39597791495724854,0.33618614012982934,0.45510507323285926,0.5815344503661669,0.5106100483270702,0.7859902356187646,0.8171465818028449,0.8012656529207207,0.10044109796870171,office_4/seq_0010
office_4,seq_0010,14,random_n0.5,4,1.0538848449909188,1.0,subset,0.5,23555,31978,0.3163181009743379,0.264893258481229,0.29060567972778345,0.28473784759074505,0.47932953905810244,0.3572545134707954,0.44894926767140736,0.6726812183376071,0.5385013052267404,0.7828911059223095,0.8773531803114641,0.8274348628257003,0.10206561360874848,office_4/seq_0010
office_4,seq_0010,14,random_n0.5,4,1.0538848449909188,0.25,fixed,0.5,5888,52162,0.15476851291521046,0.6598771594938565,0.40732283620453347,0.5264945652173914,0.20259959357386603,0.29260304350465155,0.7111073369565217,0.3059506920746904,0.42782963345459446,0.9641644021739131,0.5925961427859361,0.7340372385330527,0.09319707138499085,office_4/seq_0010
office_4,seq_0010,14,random_n0.5,4,1.0538848449909188,0.25,subset,0.5,5888,31978,0.15581886622477867,0.506280720306352,0.33104979326556533,0.5229279891304348,0.2875414347363813,0.3710527746771238,0.7072010869565217,0.39968103070861216,0.5107226051302879,0.9641644021739131,0.7019200700481582,0.8124033997018704,0.10548197422343648,office_4/seq_0010
office_4,seq_0010,14,consec_n0.5,4,0.4500000000000001,1.0,fixed,0.5,23956,52162,0.2858225404194971,0.28759185712562596,0.28670719877256157,0.31845884120888296,0.4627506614010199,0.3772791777521445,0.489981632993822,0.6350983474560025,0.5531811618828248,0.8176239772917014,0.8658793757908055,0.841060087932284,0.1157511842995714,office_4/seq_0010
office_4,seq_0010,14,consec_n0.5,4,0.4500000000000001,1.0,subset,0.5,23956,32872,0.290062459839057,0.2183075025411069,0.2541849811900819,0.30877441976957753,0.5522024823558044,0.3960756686127766,0.4776256470195358,0.7163239230956437,0.5731141177279767,0.8149106695608616,0.9131479678753954,0.8612370041024462,0.117312661498708,office_4/seq_0010
office_4,seq_0010,14,consec_n0.5,4,0.4500000000000001,0.25,fixed,0.5,5989,52162,0.15909080330378442,0.5648993582073826,0.3619950807555835,0.5451661379195191,0.24698056056132817,0.33995076568679955,0.6971113708465521,0.37582914765538133,0.4883677479007649,0.9617632325930874,0.6635865189218205,0.7853240386551845,0.09688229917741444,office_4/seq_0010
office_4,seq_0010,14,consec_n0.5,4,0.4500000000000001,0.25,subset,0.5,5989,32872,0.16209479539948315,0.4302317141314807,0.29616325476548194,0.5366505259642679,0.3346312971525919,0.41222037888642526,0.683753548171648,0.466019712825505,0.5542703817725337,0.961596259809651,0.7612557799951326,0.8497778031881872,0.10837758112094395,office_4/seq_0010
office_4,seq_0010,14,spaced1.0,2,1.0500000000000003,1.0,fixed,1.0,17267,52162,0.35437202650865895,0.3349548498622179,0.34466343818543843,0.3396073434875775,0.38443694643610293,0.36063432012260677,0.5035617073029478,0.5605996702580422,0.5305521005011857,0.7784212659987259,0.7748936007054944,0.7766534275891165,0.12325772068871277,office_4/seq_0010
office_4,seq_0010,14,spaced1.0,2,1.0500000000000003,1.0,subset,1.0,17267,27087,0.3603793239858461,0.24541410542505016,0.3028967147054481,0.32437597729773554,0.48189168235685015,0.38774737779540847,0.4927897144842764,0.6605013475098755,0.564451214757653,0.7727456998899636,0.86185254919334,0.8148703838412297,0.12773538866726056,office_4/seq_0010
office_4,seq_0010,14,spaced1.0,2,1.0500000000000003,0.25,fixed,1.0,4316,52162,0.15767607313275878,0.5869642747441394,0.3723201739384491,0.5618628359592215,0.2277711744181588,0.3241404405749623,0.7228915662650602,0.34716843679306775,0.4690674061527377,0.9453197405004634,0.6022391779456309,0.7357504475324528,0.10422207446808511,office_4/seq_0010
office_4,seq_0010,14,spaced1.0,2,1.0500000000000003,0.25,subset,1.0,4316,27087,0.15888514083430672,0.3995349628013674,0.2792100518178371,0.5546802594995366,0.3482482371617381,0.4278664883728742,0.7205746061167748,0.4961051426883745,0.5876332997836923,0.9439295644114921,0.7506183778196183,0.8362476631751742,0.12717891507460605,office_4/seq_0010
office_4,seq_0010,14,random_n1.0,2,0.9045293066017996,1.0,fixed,1.0,13929,52162,0.25843063550200374,0.43876659204738855,0.34859861377469614,0.3603273745423218,0.3049921398719374,0.3303586160789288,0.5342092038193696,0.47076415781603465,0.5004840039229559,0.8414100078971929,0.7100571297112841,0.7701731614357918,0.0970329384678228,office_4/seq_0010
office_4,seq_0010,14,random_n1.0,2,0.9045293066017996,1.0,subset,1.0,13929,22580,0.26356529996421585,0.2995709743243473,0.2815681371442816,0.34546629334482015,0.4482728077945084,0.39021170834032026,0.5238710603776294,0.6191762621789194,0.5675504742932993,0.8364563141646923,0.8409654561558901,0.8387048245612646,0.10800381350161166,office_4/seq_0010
office_4,seq_0010,14,random_n1.0,2,0.9045293066017996,0.25,fixed,1.0,3482,52162,0.13267518757790728,0.788033290981275,0.4603542392795911,0.5861573808156232,0.15810360032207355,0.249035203002698,0.7693854106835152,0.2544956098309114,0.3824764896775396,0.9824813325674899,0.5413519420267627,0.6980661024508362,0.07239132876558463,office_4/seq_0010
office_4,seq_0010,14,random_n1.0,2,0.9045293066017996,0.25,subset,1.0,3482,22580,0.1338633389624155,0.4977916569914278,0.31582749797692167,0.5812751292360713,0.3004428697962799,0.3961356537136564,0.7613440551407237,0.43020372010628877,0.549760658542538,0.9819069500287191,0.7315766164747565,0.8384558547718071,0.09645746602780614,office_4/seq_0010
office_4,seq_0010,14,consec_n1.0,2,0.15000000000000036,1.0,fixed,1.0,14932,52162,0.3023646046499675,0.43252333778468294,0.3674439712173252,0.317974819180284,0.305183850312488,0.3114480608890311,0.47964103937851593,0.45161228480503046,0.4652048589891484,0.7939994642378784,0.6983244507495878,0.7430950267442982,0.08766869636434854,office_4/seq_0010
office_4,seq_0010,14,consec_n1.0,2,0.15000000000000036,1.0,subset,1.0,14932,24045,0.3094866365844594,0.3054561677615332,0.3074714021729963,0.3023037771229574,0.4126013724266999,0.34894406176617876,0.46155906777390837,0.5643584944894988,0.5078084052527007,0.7884409322260916,0.8145144520690373,0.8012656374504528,0.09467858663260963,office_4/seq_0010
office_4,seq_0010,14,consec_n1.0,2,0.15000000000000036,0.25,fixed,1.0,3733,52162,0.16439152275692492,0.6306251821035704,0.3975083524302477,0.5204929011518885,0.16327978221693953,0.24857959264132182,0.683364586123761,0.2669184463785898,0.38389113011517667,0.9539244575408519,0.5487327939879606,0.6966986414330754,0.06813162544169611,office_4/seq_0010
office_4,seq_0010,14,consec_n1.0,2,0.15000000000000036,0.25,subset,1.0,3733,24045,0.16666456527864432,0.43227768935051536,0.2994711273145798,0.5116528261451916,0.2780203784570597,0.36027539375648404,0.674792392177873,0.40203784570596796,0.5038715855214186,0.9523171711759979,0.7100852568101477,0.8135531706103324,0.08775479616306954,office_4/seq_0010
office_4,seq_0006,16,all,16,2.25,1.0,fixed,0.0,58053,55803,0.380872624671264,0.1250534011784614,0.2529630129248627,0.25109813446333523,0.6945325520133326,0.3688455347920018,0.41279520438220246,0.8167123631345985,0.5484064608768848,0.7441648149105128,0.9540705696826336,0.8361452780228565,0.1349889012208657,office_4/seq_0006
office_4,seq_0006,16,all,16,2.25,1.0,subset,0.0,58053,55803,0.380872624671264,0.1250534011784614,0.2529630129248627,0.25109813446333523,0.6945325520133326,0.3688455347920018,0.41279520438220246,0.8167123631345985,0.5484064608768848,0.7441648149105128,0.9540705696826336,0.8361452780228565,0.1349889012208657,office_4/seq_0006
office_4,seq_0006,16,all,16,2.25,0.25,fixed,0.0,14513,55803,0.19045998780427137,0.3611019172352418,0.2757809525197566,0.4498036243368015,0.4467860150887945,0.4482897416005975,0.6530007579411562,0.5703098399727613,0.6088605108115294,0.9293047612485358,0.7051950611974267,0.8018858356301685,0.19415009723379767,office_4/seq_0006
office_4,seq_0006,16,all,16,2.25,0.25,subset,0.0,14513,55803,0.19045998780427137,0.3611019172352418,0.2757809525197566,0.4498036243368015,0.4467860150887945,0.4482897416005975,0.6530007579411562,0.5703098399727613,0.6088605108115294,0.9293047612485358,0.7051950611974267,0.8018858356301685,0.19415009723379767,office_4/seq_0006
office_4,seq_0006,16,spaced0.3,6,1.95,1.0,fixed,0.3,34472,55803,0.3451630407233548,0.21528195929470076,0.28022250000902776,0.29595033650498953,0.5694138307976274,0.3894735215589817,0.4682060802970527,0.6947475942153648,0.559411875145866,0.7771524715711302,0.8368904897586151,0.8059159862937599,0.15629692951043134,office_4/seq_0006
office_4,seq_0006,16,spaced0.3,6,1.95,1.0,subset,0.3,34472,44528,0.34766586790149623,0.1979874132152092,0.2728266405583527,0.29125087027152474,0.6038447718289616,0.39296429796348303,0.4635356231144117,0.7258803449514912,0.5657758211380436,0.7745996750986308,0.8532159540064679,0.8120094056667984,0.151642618790243,office_4/seq_0006
office_4,seq_0006,16,spaced0.3,6,1.95,0.25,fixed,0.3,8618,55803,0.17719892701424855,0.45475228550375557,0.31597560625900206,0.524947783708517,0.36412020859093597,0.4299875783604056,0.710025527964725,0.4766948013547659,0.5704216396192453,0.9227198886052448,0.6393921473755891,0.7553617633206823,0.17395312727449172,office_4/seq_0006
office_4,seq_0006,16,spaced0.3,6,1.95,0.25,subset,0.3,8618,44528,0.1786864230716791,0.40957248405771907,0.2941294535646991,0.5191459735437457,0.4090909090909091,0.45759418148758463,0.7058482246460895,0.5258264462809917,0.6026813286661697,0.9220236713854723,0.6836148041681639,0.7851194912793253,0.17779021263607692,office_4/seq_0006
office_4,seq_0006,16,random_n0.3,6,1.35,1.0,fixed,0.3,34843,55803,0.39296166643362407,0.1870882994447026,0.29002498293916334,0.26820308239818613,0.5349533179219755,0.35728067098417415,0.43133484487558477,0.6848914932888913,0.5293148099339001,0.7512556324082312,0.9082128200992778,0.8223115004011908,0.1465117336729125,office_4/seq_0006
office_4,seq_0006,16,random_n0.3,6,1.35,1.0,subset,0.3,34843,43945,0.39866664934340945,0.17899700960233259,0.288831829472871,0.25939213041356945,0.5513710319717829,0.35280662286309367,0.41945297477255117,0.6985550119467516,0.5241661621097274,0.7435352868581925,0.9146433041301627,0.8202609480128326,0.13814098854034032,office_4/seq_0006
office_4,seq_0006,16,random_n0.3,6,1.35,0.25,fixed,0.3,8710,55803,0.19509125472143946,0.4121826003411641,0.3036369275313018,0.4889781859931114,0.35352938014085267,0.41036582208937955,0.6601607347876005,0.4688816013475978,0.5483181853633362,0.9098737083811711,0.6725982474060535,0.7734474653784104,0.172273977892552,office_4/seq_0006
office_4,seq_0006,16,random_n0.3,6,1.35,0.25,subset,0.3,8710,43945,0.20282010345025311,0.37465460304505194,0.28873735324765254,0.4754305396096441,0.3877574240527933,0.4271415476482678,0.6392652123995407,0.5071794288314939,0.5656132945913515,0.9019517795637199,0.7130504039139834,0.7964535123338744,0.17142275802431456,office_4/seq_0006
office_4,seq_0006,16,consec_n0.3,6,0.7499999999999998,1.0,fixed,0.3,33652,55803,0.3826393094292208,0.2227996583061195,0.30271948386767017,0.2765660287650065,0.5210472555238965,0.3613379393188588,0.43869606561274216,0.6651434510689389,0.5286924605294256,0.7447105669796743,0.8592727989534613,0.7979004606778688,0.13988005649848334,office_4/seq_0006
office_4,seq_0006,16,consec_n0.3,6,0.7499999999999998,1.0,subset,0.3,33652,41406,0.38936967998008,0.1915523218020271,0.29046100089105353,0.26946392487816473,0.5740713906197169,0.3667695406098109,0.4287115178889813,0.7152345070762691,0.5360904526672211,0.7383810769047902,0.8913925518040864,0.8077040648490956,0.13818155487436942,office_4/seq_0006
office_4,seq_0006,16,consec_n0.3,6,0.7499999999999998,0.25,fixed,0.3,8413,55803,0.16096982473622254,0.3930366246420757,0.2770032246891491,0.5252585284678474,0.3636542838198663,0.4297665898158458,0.720076072744562,0.49094134723939575,0.5838315971916429,0.9482943064305241,0.6896403419171012,0.7985446921029903,0.1700238989416183,office_4/seq_0006
office_4,seq_0006,16,consec_n0.3,6,0.7499999999999998,0.25,subset,0.3,8413,41406,0.16831435099188216,0.34133206538793626,0.2548232081899092,0.5121835254962558,0.4162198715162054,0.4592420964007035,0.7017710685843338,0.5472395305028257,0.6149457344448971,0.9440152145489124,0.7430565618509395,0.8315671087267835,0.1826570256853011,office_4/seq_0006
office_4,seq_0006,16,spaced0.5,4,1.7999999999999996,1.0,fixed,0.5,25916,55803,0.27410651247995177,0.26906058128658333,0.2715835468832676,0.31625250810310235,0.5063706252352024,0.3893422729567482,0.501466275659824,0.6612189308818522,0.57036761592822,0.8275968513659515,0.8109062236797305,0.8191665279013143,0.1644589133363269,office_4/seq_0006
office_4,seq_0006,16,spaced0.5,4,1.7999999999999996,1.0,subset,0.5,25916,39379,0.2782725275420273,0.23041441712189853,0.2543434723319629,0.3073390955394351,0.5579115772365982,0.3963430366109859,0.4925528630961568,0.7141877650524391,0.5830171293801956,0.8235453002006482,0.8499707966174864,0.8365494137678458,0.1585759576510282,office_4/seq_0006
office_4,seq_0006,16,spaced0.5,4,1.7999999999999996,0.25,fixed,0.5,6479,55803,0.16055895648110902,0.5056438014546982,0.3331013789679036,0.5706127488810001,0.317491891116965,0.4079810251595886,0.745485414415805,0.43103417378993963,0.546237721660397,0.9325513196480938,0.6315968675519237,0.7531210880671244,0.16403652293239035,office_4/seq_0006
office_4,seq_0006,16,spaced0.5,4,1.7999999999999996,0.25,subset,0.5,6479,39379,0.16331085236463114,0.4243769989159523,0.2938439256402917,0.5619694397283531,0.3819548490312095,0.45479696850193374,0.7366877604568606,0.5058025851342086,0.59979310905398,0.9310078715851212,0.7079153863734478,0.8042778012081435,0.1727905238341671,office_4/seq_0006
office_4,seq_0006,16,random_n0.5,4,1.1999999999999997,1.0,fixed,0.5,27682,55803,0.36363986468458115,0.20087657703419673,0.28225822085938895,0.30066469185752476,0.4891493288891278,0.3724166155058421,0.4582761361173326,0.6726161675895561,0.5451340279929653,0.7658044938949498,0.8933032274250489,0.8246548637947307,0.14578587699316628,office_4/seq_0006
office_4,seq_0006,16,random_n0.5,4,1.1999999999999997,1.0,subset,0.5,27682,34636,0.370173640995479,0.16067874492710113,0.26542619296129005,0.291416805144137,0.5749509181198753,0.38678809280184584,0.4498952387833249,0.7555144935904838,0.5639615549291859,0.7602413120439274,0.9294664510913501,0.8363798873331318,0.14190749816911724,office_4/seq_0006
office_4,seq_0006,16,random_n0.5,4,1.1999999999999997,0.25,fixed,0.5,6920,55803,0.16081240393620333,0.4452154530798464,0.3030139285080249,0.5374277456647398,0.31243839936920953,0.39515179093382147,0.726878612716763,0.4659606114366611,0.5678834095384702,0.9398843930635838,0.6582800207874129,0.7742721743037704,0.1564283143988074,office_4/seq_0006
office_4,seq_0006,16,random_n0.5,4,1.1999999999999997,0.25,subset,0.5,6920,34636,0.16508695257258657,0.3424680026603456,0.2537774776164661,0.5276011560693642,0.41018015937175195,0.4615394286874998,0.7171965317919076,0.5863263656311353,0.6451919437090367,0.9380057803468208,0.7562651576394502,0.8373880156190842,0.17112742775935574,office_4/seq_0006
office_4,seq_0006,16,consec_n0.5,4,0.45000000000000034,1.0,fixed,0.5,25928,55803,0.3823294443352607,0.25224357469099873,0.31728650951312976,0.27668929342795434,0.44949196279769904,0.34253049778358124,0.4283785868559087,0.59444832715087,0.497931626273301,0.7481872878741129,0.8447574503162912,0.7935451500741887,0.1399379274355242,office_4/seq_0006
office_4,seq_0006,16,consec_n0.5,4,0.45000000000000034,1.0,subset,0.5,25928,35756,0.39189629148334915,0.20587082813996294,0.29888355981165604,0.2665458191916075,0.5188220158854459,0.35216578286596006,0.413992594878124,0.6617910280792035,0.5093525856592048,0.7395865473619253,0.8949267255845172,0.8098750595323599,0.14057988095939655,office_4/seq_0006
office_4,seq_0006,16,consec_n0.5,4,0.45000000000000034,0.25,fixed,0.5,6482,55803,0.14959101971016775,0.42543934635859865,0.28751518303438317,0.5385683431039803,0.3112915076250381,0.39453976167986626,0.7260104905893243,0.4379692848054764,0.5463502065005034,0.9620487503856834,0.6765406877766428,0.7944212358533613,0.15323887698018507,office_4/seq_0006
office_4,seq_0006,16,consec_n0.5,4,0.45000000000000034,0.25,subset,0.5,6482,35756,0.15665533791223055,0.341579932146151,0.24911763502919076,0.5231410058623881,0.39140284148115,0.44778361755886437,0.7039493983338476,0.5247790580601857,0.6013011259848362,0.9592718296821968,0.762277659693478,0.8495038799090335,0.1735713415377117,office_4/seq_0006
office_4,seq_0006,16,spaced1.0,3,2.1000000000000005,1.0,fixed,1.0,22606,55803,0.2807079894969564,0.23678312900834472,0.2587455592526506,0.34092718747235246,0.49647868394172356,0.4042557787907616,0.5074758913562771,0.6641578409762916,0.5753403696899263,0.8067327258250022,0.8343099833342293,0.8202896405823246,0.1657914020517831,office_4/seq_0006
office_4,seq_0006,16,spaced1.0,3,2.1000000000000005,1.0,subset,1.0,22606,34999,0.28473673724031096,0.18992990790785133,0.23733332257408113,0.3290276917632487,0.5726163604674419,0.41791799964598425,0.4994249314341325,0.7429355124432127,0.5973154074415546,0.8027957179509865,0.8810251721477756,0.8400931949071856,0.16307821427418573,office_4/seq_0006
office_4,seq_0006,16,spaced1.0,3,2.1000000000000005,0.25,fixed,1.0,5651,55803,0.1499282824946026,0.483722631463283,0.3168254569789428,0.6308617943726774,0.3194810314857624,0.424159306109528,0.7826933286144045,0.4433453398562801,0.5660562732668711,0.9260307910104406,0.6042506675268354,0.7313095515818562,0.16587026967649804,office_4/seq_0006
office_4,seq_0006,16,spaced1.0,3,2.1000000000000005,0.25,subset,1.0,5651,34999,0.15203013845084945,0.3689942741118015,0.2605122062813255,0.624137320828172,0.4180119431983771,0.5006899938574761,0.7766766943903733,0.5629589416840481,0.6527701684406063,0.9237303132188993,0.7205348724249264,0.809577322686673,0.18286104049110188,office_4/seq_0006
office_4,seq_0006,16,random_n1.0,3,1.5000000000000004,1.0,fixed,1.0,22019,55803,0.2856478218168909,0.24776698960320742,0.26670740571004914,0.3318951814342159,0.474454778416931,0.39057298345767144,0.49575366728734277,0.6370804437037435,0.5576014409503662,0.7991734411190335,0.8157088328584484,0.807356480916784,0.15898020839755841,office_4/seq_0006
office_4,seq_0006,16,random_n1.0,3,1.5000000000000004,1.0,subset,1.0,22019,32902,0.29121792935134017,0.18872001099112048,0.2399689701712303,0.32049593532857984,0.5644033797337548,0.4088351883912106,0.4883055542940188,0.7329645614248373,0.586128591599503,0.7932694491121305,0.8811318460883837,0.8348954054744474,0.1579649708090075,office_4/seq_0006
office_4,seq_0006,16,random_n1.0,3,1.5000000000000004,0.25,fixed,1.0,5504,55803,0.13815633019787774,0.43566999062513556,0.28691316041150666,0.6140988372093024,0.31030589753239074,0.41228367552028594,0.7916061046511628,0.45481425729799474,0.5777083776077839,0.9471293604651163,0.6444456391233446,0.7670054960592532,0.15506849315068494,office_4/seq_0006
office_4,seq_0006,16,random_n1.0,3,1.5000000000000004,0.25,subset,1.0,5504,32902,0.14083860218188846,0.3280874011493496,0.234463001665619,0.6066497093023255,0.42152452738435353,0.4974210068238549,0.7847020348837209,0.5868032338459668,0.6714749147143554,0.9456758720930233,0.7575223390675339,0.8412063774297919,0.17812742812742813,office_4/seq_0006
office_4,seq_0006,16,consec_n1.0,3,0.29999999999999993,1.0,fixed,1.0,19909,55803,0.3061442993250297,0.3012274865388548,0.30368589293194226,0.31041237631222063,0.4119670985430891,0.35405127214287185,0.45587422773619973,0.525993226170636,0.48842999087280686,0.7829624792807273,0.7794921419995341,0.7812234566911324,0.1500567169016367,office_4/seq_0006
office_4,seq_0006,16,consec_n1.0,3,0.29999999999999993,1.0,subset,1.0,19909,32334,0.3178521944139003,0.24007358345492888,0.27896288893441457,0.2975538701089959,0.4944021772746954,0.3715137518663992,0.43879652418504195,0.6075338652811282,0.509559410858881,0.7702044301572153,0.8495701119564545,0.8079428919831774,0.15236971906497962,office_4/seq_0006
office_4,seq_0006,16,consec_n1.0,3,0.29999999999999993,0.25,fixed,1.0,4977,55803,0.129981641568462,0.4598970312713591,0.29493933641991055,0.5985533453887885,0.2813289608085587,0.38275662429094515,0.7699417319670484,0.3961077361432181,0.5230993791471218,0.9746835443037974,0.6416142501299213,0.773831225342429,0.1439305393220905,office_4/seq_0006
office_4,seq_0006,16,consec_n1.0,3,0.29999999999999993,0.25,subset,1.0,4977,32334,0.13830708848740444,0.35473340330256653,0.2465202458949855,0.5838858750251156,0.3747139234242593,0.45647864190370463,0.744826200522403,0.4983608585389992,0.597162304818284,0.9712678320273257,0.7537576544813509,0.848799706053991,0.16952702702702702,office_4/seq_0006
office_4,seq_0009,19,all,19,2.6999999999999997,1.0,fixed,0.0,61728,56697,0.3522952993987093,0.09266234474237822,0.22247882207054376,0.2510854069466045,0.7557189974778207,0.37693520446501383,0.41240603939865217,0.903292943189234,0.5662746115144006,0.7343668999481596,0.9850433003509886,0.8414317824421457,0.1235225277940316,office_4/seq_0009
office_4,seq_0009,19,all,19,2.6999999999999997,1.0,subset,0.0,61728,56697,0.3522952993987093,0.09266234474237822,0.22247882207054376,0.2510854069466045,0.7557189974778207,0.37693520446501383,0.41240603939865217,0.903292943189234,0.5662746115144006,0.7343668999481596,0.9850433003509886,0.8414317824421457,0.1235225277940316,office_4/seq_0009
office_4,seq_0009,19,all,19,2.6999999999999997,0.25,fixed,0.0,15432,56697,0.18189668750617724,0.4156423390966562,0.2987695133014167,0.4698678071539658,0.44453851173783443,0.4568523453750529,0.663232244686366,0.5474010970598092,0.5997754164330219,0.9315059616381545,0.7202850238989718,0.812390671356515,0.16669853531683812,office_4/seq_0009
office_4,seq_0009,19,all,19,2.6999999999999997,0.25,subset,0.0,15432,56697,0.18189668750617724,0.4156423390966562,0.2987695133014167,0.4698678071539658,0.44453851173783443,0.4568523453750529,0.663232244686366,0.5474010970598092,0.5997754164330219,0.9315059616381545,0.7202850238989718,0.812390671356515,0.16669853531683812,office_4/seq_0009
office_4,seq_0009,19,spaced0.3,8,2.55,1.0,fixed,0.3,41500,56697,0.336322445979919,0.12288386583031653,0.22960315590511776,0.29448192771084336,0.6600525601001817,0.4072635463062705,0.4568674698795181,0.8365521985290227,0.5909814048743581,0.7539518072289156,0.9643190997760023,0.8462578573116667,0.13620114873277905,office_4/seq_0009
office_4,seq_0009,19,spaced0.3,8,2.55,1.0,subset,0.3,41500,47389,0.33780355593085437,0.11348342001288282,0.2256434879718686,0.29004819277108435,0.6858553672793264,0.4076860007999992,0.4544578313253012,0.8538690413387073,0.5931965181949717,0.7528433734939759,0.9729895123340859,0.8488755925964303,0.13413964833824576,office_4/seq_0009
office_4,seq_0009,19,spaced0.3,8,2.55,0.25,fixed,0.3,10375,56697,0.15196972008743365,0.43655135275561796,0.29426053642152583,0.5501686746987952,0.40330176199798934,0.4654239656780981,0.7347469879518073,0.5019842319699455,0.5964616991920921,0.9514216867469879,0.7012893098400268,0.807427141761019,0.16973067377516315,office_4/seq_0009
office_4,seq_0009,19,spaced0.3,8,2.55,0.25,subset,0.3,10375,47389,0.15232039105970144,0.3903208338802936,0.2713206124699975,0.5468915662650602,0.44586296397898245,0.49123662956261,0.7336867469879518,0.5437970837114098,0.6246289836033986,0.9512289156626506,0.7388001434932158,0.8316638765223126,0.17331747919143875,office_4/seq_0009
office_4,seq_0009,19,random_n0.3,8,2.6999999999999997,1.0,fixed,0.3,41968,56697,0.3293409278456083,0.11753794669232773,0.22343943726896803,0.2917937476172322,0.6642679506852215,0.4054743226229338,0.45913553183377814,0.8499567878370989,0.5962075492390467,0.7637247426610752,0.9708450182549341,0.8549190449843648,0.13333200882125046,office_4/seq_0009
office_4,seq_0009,19,random_n0.3,8,2.6999999999999997,1.0,subset,0.3,41968,47294,0.3301645394348028,0.10890579911783042,0.2195351692763166,0.2894348074723599,0.6891360426269717,0.4076556292265502,0.4579203202439954,0.868503404237324,0.5996656266938727,0.762938429279451,0.9774389986044741,0.8569701748183248,0.1316769686109489,office_4/seq_0009
office_4,seq_0009,19,random_n0.3,8,2.6999999999999997,0.25,fixed,0.3,10492,56697,0.15393690210763566,0.4637177587307526,0.30882733041919413,0.5406976744186046,0.4021200416247773,0.4612246198683546,0.7308425467022494,0.5120905868035346,0.6022167701751157,0.9529165078154784,0.6976559606328377,0.8055482499206772,0.16536007292616225,office_4/seq_0009
office_4,seq_0009,19,random_n0.3,8,2.6999999999999997,0.25,subset,0.3,10492,47294,0.15421603923677699,0.4085962254078821,0.2814061323223295,0.5389820815859703,0.4435446356831733,0.4866282144087918,0.7300800609988563,0.5571108385841755,0.6319738822709441,0.9525352649637819,0.7413413963716328,0.8337724222078333,0.16909331568497685,office_4/seq_0009
office_4,seq_0009,19,consec_n0.3,8,1.0499999999999998,1.0,fixed,0.3,35859,56697,0.3302090903360772,0.16188705333167577,0.2460480718338765,0.26844027998549874,0.5494823359260631,0.36067762214568005,0.41615772888256786,0.7198264458436955,0.5274040705084786,0.7456147689561895,0.9385858158279979,0.8310452478602176,0.12389673433362754,office_4/seq_0009
office_4,seq_0009,19,consec_n0.3,8,1.0499999999999998,1.0,subset,0.3,35859,43347,0.33759756862619456,0.1545152559913713,0.24605641230878295,0.2620262695557601,0.577502479987081,0.3604899071594997,0.4079589503332497,0.7352988672803192,0.5247665914991356,0.735185030257397,0.9445174983274506,0.8268072635117563,0.12115959218119197,office_4/seq_0009
office_4,seq_0009,19,consec_n0.3,8,1.0499999999999998,0.25,fixed,0.3,8964,56697,0.1965704809323881,0.5645084448549641,0.38053946289367613,0.4742302543507363,0.31379085313155897,0.3776779953749071,0.6316376617581437,0.4111681394077288,0.49809711812992485,0.9104194556001785,0.5941055082279486,0.7190112844571526,0.13503305004721436,office_4/seq_0009
office_4,seq_0009,19,consec_n0.3,8,1.0499999999999998,0.25,subset,0.3,8964,43347,0.20075662515202244,0.4895244986556099,0.34514056190381615,0.4667559125390451,0.35324243892310886,0.40214226439132866,0.6218206157965194,0.45675594620158255,0.5266575850853502,0.9046184738955824,0.6455118001245761,0.7534100962958039,0.14200697722142416,office_4/seq_0009
office_4,seq_0009,19,spaced0.5,5,2.4000000000000004,1.0,fixed,0.5,31335,56697,0.31137363073734897,0.16222136224140252,0.23679749648937576,0.3187490027126217,0.577455597297917,0.41076199731036395,0.4865166746449657,0.782634001799037,0.6000303968417726,0.779288335726823,0.9276152177363882,0.8470071056539571,0.13579854143213743,office_4/seq_0009
office_4,seq_0009,19,spaced0.5,5,2.4000000000000004,1.0,subset,0.5,31335,40963,0.31390903007717996,0.1445865640563685,0.22924779706677423,0.31268549545236957,0.6264677880038083,0.417157441980154,0.48284665709270785,0.8173961868027244,0.6070820049823902,0.7778522419020265,0.9412152430241926,0.851771548608112,0.1338347387880169,office_4/seq_0009
office_4,seq_0009,19,spaced0.5,5,2.4000000000000004,0.25,fixed,0.5,7833,56697,0.13589209607760253,0.5887293751638588,0.3623107356207307,0.5867483722711605,0.3559976718344886,0.44313323993709725,0.7722456274735096,0.46658553362611777,0.5817074182495264,0.9691050683007788,0.6360477626682188,0.7680229553107857,0.15201649401589057,office_4/seq_0009
office_4,seq_0009,19,spaced0.5,5,2.4000000000000004,0.25,subset,0.5,7833,40963,0.13680524299823613,0.4668027528594339,0.301803997928835,0.5829184220605133,0.43053487293411125,0.49527039876880935,0.7694369973190348,0.549251763786832,0.6409619014966269,0.9694880633218435,0.7200644484046579,0.8263654224483177,0.16088190351451648,office_4/seq_0009
office_4,seq_0009,19,random_n0.5,5,1.3499999999999999,1.0,fixed,0.5,27905,56697,0.3134788310532269,0.17946314148967346,0.24647098627145017,0.30740010750761515,0.5145774908725329,0.3848795303593173,0.47220928149077224,0.6970033687849445,0.5629967480987699,0.7781042823866691,0.9162213168245233,0.8415333281478113,0.1328079700595646,office_4/seq_0009
office_4,seq_0009,19,random_n0.5,5,1.3499999999999999,1.0,subset,0.5,27905,37420,0.32389016345898103,0.15566463317498075,0.2397773983169809,0.29507256764020784,0.5662212720470337,0.38796600392751607,0.4589858448306755,0.7391501870657402,0.5663121115390196,0.7640924565490056,0.9419828968466061,0.8437634647802926,0.129996378930949,office_4/seq_0009
office_4,seq_0009,19,random_n0.5,5,1.3499999999999999,0.25,fixed,0.5,6976,56697,0.1542900168770463,0.626781945112112,0.3905359809945792,0.5160550458715596,0.2819196782898566,0.3646382976976048,0.7061353211009175,0.3845353369666825,0.49792113070082816,0.9588589449541285,0.5779847258232358,0.7212260231024558,0.13075581991590607,office_4/seq_0009
office_4,seq_0009,19,random_n0.5,5,1.3499999999999999,0.25,subset,0.5,6976,37420,0.16210546610777668,0.4952007314847913,0.328653098796284,0.49827981651376146,0.3639764831640834,0.4206687392462866,0.6850630733944955,0.48321753073222873,0.5667037277725997,0.9515481651376146,0.6826296098343132,0.794962411868078,0.14226720176816146,office_4/seq_0009
office_4,seq_0009,19,consec_n0.5,5,0.6,1.0,fixed,0.5,25940,56697,0.33144993320221716,0.24870975261879255,0.29007984291050487,0.2933693138010794,0.4593364728292502,0.3580555064974053,0.4324595219737857,0.6104908548953207,0.5062802394682534,0.7362760215882806,0.8384570612201704,0.7840513875618891,0.12381839603255063,office_4/seq_0009
office_4,seq_0009,19,consec_n0.5,5,0.6,1.0,subset,0.5,25940,36801,0.3436393728646743,0.21532913965240535,0.2794842562585398,0.2824209714726291,0.508274231678487,0.3630913700072314,0.41927525057825754,0.6521018450585582,0.5103901616021738,0.7184271395528142,0.871769788864433,0.7877050503245614,0.12241434799145674,office_4/seq_0009
office_4,seq_0009,19,consec_n0.5,5,0.6,0.25,fixed,0.5,6485,56697,0.17963510839900437,0.6842994176871431,0.43196726304307376,0.5252120277563608,0.2670864419634196,0.3541014330608319,0.6772552043176562,0.366985907543609,0.47602629885379977,0.9222821896684656,0.5468543309169798,0.6865992406843342,0.12390533778148458,office_4/seq_0009
office_4,seq_0009,19,consec_n0.5,5,0.6,0.25,subset,0.5,6485,36801,0.18671445861256208,0.534617773165349,0.36066611588895553,0.5079414032382421,0.32939322301024426,0.3996310451476283,0.6604471858134155,0.44352055650661665,0.5306711277262647,0.9159599074787972,0.640363033613217,0.7537598393424001,0.13595674376689695,office_4/seq_0009
office_4,seq_0009,19,spaced1.0,3,2.1,1.0,fixed,1.0,21523,56697,0.28821440159548456,0.18768953534283903,0.23795196846916178,0.37364679645030896,0.4927244827768665,0.42500237239267147,0.5432328207034335,0.7079386916415331,0.6147447069422964,0.8037448311109047,0.9126761557048874,0.8547538724597297,0.13700332411693436,office_4/seq_0009
office_4,seq_0009,19,spaced1.0,3,2.1,1.0,subset,1.0,21523,34162,0.29226697986420724,0.15088372786389448,0.22157535386405086,0.3607303814523998,0.5767519466073415,0.44385252601758324,0.5375180039957255,0.7769744160177976,0.6354357482705522,0.8010965014170887,0.9460804402552544,0.8675729545997596,0.13701882880171232,office_4/seq_0009
office_4,seq_0009,19,spaced1.0,3,2.1,0.25,fixed,1.0,5380,56697,0.12916006162448532,0.7218474372974221,0.4255037494609537,0.6488847583643123,0.30165617228424785,0.4118498975698244,0.8141263940520446,0.4137432315642803,0.5486564341190414,0.9555762081784387,0.5873679383388892,0.7275374531091744,0.138785280855091,office_4/seq_0009
office_4,seq_0009,19,spaced1.0,3,2.1,0.25,subset,1.0,5380,34162,0.13041465393297674,0.49801927910109695,0.31421696651703684,0.641635687732342,0.4048357824483344,0.49644370265545795,0.8111524163568773,0.5367659973069493,0.6460317350369402,0.9550185873605948,0.715707511269832,0.8182238572038716,0.15581305023303987,office_4/seq_0009
office_4,seq_0009,19,random_n1.0,3,1.35,1.0,fixed,1.0,21210,56697,0.31580306827531457,0.22907032469752564,0.2724366964864201,0.3319189061763319,0.45427447660370035,0.3835755697789001,0.48283828382838284,0.6094149602271726,0.5387924002731801,0.769024045261669,0.8527788066387992,0.8087387524646377,0.13209784100836142,office_4/seq_0009
office_4,seq_0009,19,random_n1.0,3,1.35,1.0,subset,1.0,21210,32603,0.3265919003516391,0.19333777486348985,0.2599648376075645,0.3175388967468175,0.5283869582553753,0.39668585795709876,0.47114568599717116,0.6719320307947122,0.5539043810262385,0.7545497406883546,0.8898567616477011,0.8166365041699819,0.13232985186702165,office_4/seq_0009
office_4,seq_0009,19,random_n1.0,3,1.35,0.25,fixed,1.0,5302,56697,0.1415054931878143,0.7959324220260776,0.46871895760694593,0.5860052810260279,0.2716722225161825,0.37123827183308195,0.7489626556016598,0.36762086177399156,0.4931727767860089,0.9583176159939646,0.533802493959116,0.6856717901062515,0.12766310663493996,office_4/seq_0009
office_4,seq_0009,19,random_n1.0,3,1.35,0.25,subset,1.0,5302,32603,0.14534763477719934,0.5669240248136169,0.35613582979540814,0.5714824594492645,0.37637640707910314,0.45384924357788053,0.7382119954734062,0.48946415973990126,0.5886378301638124,0.9571859675594115,0.6704597736404625,0.7885680168568118,0.14875923092275964,office_4/seq_0009
office_4,seq_0009,19,consec_n1.0,3,0.30000000000000004,1.0,fixed,1.0,18381,56697,0.30176446573721477,0.29876346445129537,0.30026396509425507,0.33213644524236985,0.40069139460641656,0.36320731338821355,0.4676568195419183,0.541598320898813,0.5019189659220887,0.7700342745226049,0.78131118048574,0.7756317409503102,0.13022768731842443,office_4/seq_0009
office_4,seq_0009,19,consec_n1.0,3,0.30000000000000004,1.0,subset,1.0,18381,30401,0.3176305753030663,0.2522053735597451,0.2849179744314057,0.314999183939938,0.46074142297950726,0.37417964446185437,0.45079157826016,0.5952106838590836,0.5130313256312206,0.7485446928893966,0.8303016348146443,0.7873063658344805,0.13129127761329992,office_4/seq_0009
office_4,seq_0009,19,consec_n1.0,3,0.30000000000000004,0.25,fixed,1.0,4595,56697,0.17859725331984264,0.8223519183347106,0.5004745858272766,0.5501632208922742,0.2188122828368344,0.31309832293100437,0.6720348204570185,0.3046898424960756,0.419283327970517,0.9194776931447225,0.498227419440182,0.6462683871585052,0.10822535211267606,office_4/seq_0009
office_4,seq_0009,19,consec_n1.0,3,0.30000000000000004,0.25,subset,1.0,4595,30401,0.18532288794629115,0.5818328430106922,0.38357786547849165,0.5294885745375408,0.29864149205618234,0.3818899090984673,0.6517954298150164,0.40475642248610244,0.4993950572139622,0.9159956474428727,0.6335975790270056,0.7490644831240301,0.1279397267990424,office_4/seq_0009
office_4,seq_0007,23,all,23,3.3,1.0,fixed,0.0,73674,61235,0.4209992197974418,0.1412953844659976,0.2811473021317197,0.21437684936341178,0.7346125581775128,0.331898173938469,0.36672367456633276,0.8184371682861109,0.5064971350777492,0.6722452968482775,0.9146729811382379,0.7749417449580835,0.11287451610092486,office_4/seq_0007
office_4,seq_0007,23,all,23,3.3,1.0,subset,0.0,73674,61235,0.4209992197974418,0.1412953844659976,0.2811473021317197,0.21437684936341178,0.7346125581775128,0.331898173938469,0.36672367456633276,0.8184371682861109,0.5064971350777492,0.6722452968482775,0.9146729811382379,0.7749417449580835,0.11287451610092486,office_4/seq_0007
office_4,seq_0007,23,all,23,3.3,0.25,fixed,0.0,18418,61235,0.19420788242811649,0.3358752484736035,0.26504156545086,0.4556412205451189,0.480280885114722,0.4676367133007913,0.6672277120208492,0.6224871397076835,0.6440813943220124,0.9088391790639592,0.755450314362701,0.8250762217039287,0.16888584631182613,office_4/seq_0007
office_4,seq_0007,23,all,23,3.3,0.25,subset,0.0,18418,61235,0.19420788242811649,0.3358752484736035,0.26504156545086,0.4556412205451189,0.480280885114722,0.4676367133007913,0.6672277120208492,0.6224871397076835,0.6440813943220124,0.9088391790639592,0.755450314362701,0.8250762217039287,0.16888584631182613,office_4/seq_0007
office_4,seq_0007,23,spaced0.3,10,3.3,1.0,fixed,0.3,47534,61235,0.3969821666484506,0.17245429379693708,0.2847182302226938,0.2584886607480961,0.6228790724259002,0.36535754868076586,0.42218201708250935,0.7639258593941374,0.5438219686704127,0.7058105776917575,0.8932636564056503,0.7885499295967247,0.12527124613140764,office_4/seq_0007
office_4,seq_0007,23,spaced0.3,10,3.3,1.0,subset,0.3,47534,52606,0.39755510759943913,0.1557366033057299,0.2766458554525845,0.2568056548996508,0.6539938410067293,0.3687953658185478,0.4206252366726974,0.7917537923430787,0.5493853297036527,0.7055160516682796,0.9122533551305935,0.7956750603986332,0.12431559106004847,office_4/seq_0007
office_4,seq_0007,23,spaced0.3,10,3.3,0.25,fixed,0.3,11883,61235,0.1724694861150495,0.40760675191629525,0.2900381190156724,0.5174619203904738,0.3895484608475545,0.4444855291737367,0.7112681982664311,0.5438719686453826,0.6164073868782458,0.9221577042834301,0.7265289458642933,0.8127369318525713,0.15947262344642257,office_4/seq_0007
office_4,seq_0007,23,spaced0.3,10,3.3,0.25,subset,0.3,11883,52606,0.17278073499731447,0.36267676927019676,0.26772875213375563,0.5155263822267104,0.42337375964718854,0.46492770190666327,0.7100058907683245,0.5851613884347793,0.6415665984003178,0.9222418581166372,0.7654069877960689,0.8365370134315455,0.16123617268540438,office_4/seq_0007
office_4,seq_0007,23,random_n0.3,10,2.9999999999999996,1.0,fixed,0.3,49457,61235,0.4054788719836856,0.16719800714098645,0.286338439562336,0.25070263056796815,0.6348330203315098,0.3594531919903119,0.39834603797238005,0.7825589940393566,0.5279497780175957,0.692722971470166,0.8971829835878175,0.7818063205137894,0.12128248791647316,office_4/seq_0007
office_4,seq_0007,23,random_n0.3,10,2.9999999999999996,1.0,subset,0.3,49457,52997,0.4064364574846857,0.15642788747266526,0.28143217247867547,0.24825606082051074,0.6552446364888579,0.36008484069335894,0.396324079503407,0.7996490367379285,0.5299787497012504,0.6918737489131973,0.9086740758910882,0.7855906954906243,0.11971794292859997,office_4/seq_0007
office_4,seq_0007,23,random_n0.3,10,2.9999999999999996,0.25,fixed,0.3,12364,61235,0.1777962075619542,0.3820103138051931,0.27990326068357363,0.5179553542542866,0.4133583734792194,0.45978315661780844,0.6977515367195083,0.5529680738139953,0.6169797291272362,0.925509543836946,0.7313627827222994,0.8170614290146166,0.16629997094109344,office_4/seq_0007
office_4,seq_0007,23,random_n0.3,10,2.9999999999999996,0.25,subset,0.3,12364,52997,0.1782859259491499,0.34937316928033196,0.2638295476147409,0.5143966353930767,0.44147781949921694,0.4751559240625546,0.6966192170818505,0.5829009189199389,0.6347066690847781,0.9254286638628275,0.7608543879842256,0.8351106404054341,0.16845924029022621,office_4/seq_0007
office_4,seq_0007,23,consec_n0.3,10,1.3500000000000005,1.0,fixed,0.3,45237,61235,0.40137693282764747,0.26221581421100804,0.3317963735193278,0.24192585715233106,0.5482485506654691,0.33571196242247864,0.3929747772840816,0.6668408589858741,0.49452306434390036,0.6709330857483918,0.8015677308728668,0.7304557050703435,0.11783795676646926,office_4/seq_0007
office_4,seq_0007,23,consec_n0.3,10,1.3500000000000005,1.0,subset,0.3,45237,48102,0.40810462523127394,0.23726833427173175,0.32268647975150283,0.2346972610915843,0.5822626917799676,0.3345462859378559,0.38393350575856044,0.6963951602843956,0.4949779519608739,0.6641687114530141,0.8267431707621304,0.7365920856594615,0.11209195747717968,office_4/seq_0007
office_4,seq_0007,23,consec_n0.3,10,1.3500000000000005,0.25,fixed,0.3,11309,61235,0.19533181953487655,0.41229602630012385,0.3038139229175002,0.4729861172517464,0.3257614109577856,0.3858055755484084,0.6712352993191264,0.492692087858251,0.5682696785195576,0.8991953311521796,0.6775046950273537,0.7727646965015136,0.1317122169673126,office_4/seq_0007
office_4,seq_0007,23,consec_n0.3,10,1.3500000000000005,0.25,subset,0.3,11309,48102,0.19927275794745894,0.3761890963601088,0.28773092715378384,0.4630825006631886,0.3594029354288803,0.4047079809093808,0.6604474312494474,0.5271298490707247,0.5863055154773754,0.8976921036342735,0.7108852022784915,0.7934415465518982,0.1334170178427329,office_4/seq_0007
office_4,seq_0007,23,spaced0.5,6,2.9999999999999996,1.0,fixed,0.5,33667,61235,0.33272298462896815,0.20303374791787482,0.2678783662734215,0.31481866516173107,0.5797338123622111,0.40804990102351585,0.47758933079870497,0.7330121662447946,0.5783551247856774,0.762853833130365,0.8746795133502082,0.8149484356503448,0.14283731260410884,office_4/seq_0007
office_4,seq_0007,23,spaced0.5,6,2.9999999999999996,1.0,subset,0.5,33667,46233,0.33432915870080493,0.1689777524697028,0.25165345558525387,0.3116701814833516,0.6295503211991434,0.416931127832068,0.4752131167018148,0.7805247334155258,0.5907532232059192,0.7618439421391867,0.9096532779616291,0.8292132717041815,0.14189702669326493,office_4/seq_0007
office_4,seq_0007,23,spaced0.5,6,2.9999999999999996,0.25,fixed,0.5,8416,61235,0.14189013720825364,0.45219343430885817,0.2970417857585559,0.5881653992395437,0.36232546746141914,0.448415257189728,0.7644961977186312,0.5030129827712909,0.6067830018921379,0.9598384030418251,0.6945537682697803,0.8059266615535529,0.1581850448462756,office_4/seq_0007
office_4,seq_0007,23,spaced0.5,6,2.9999999999999996,0.25,subset,0.5,8416,46233,0.14243726591307912,0.3677965374123541,0.2551169016627166,0.5851948669201521,0.424264053814375,0.49190143632640343,0.7629515209125475,0.5790236411221422,0.6583832251688722,0.9594819391634981,0.7662924750719183,0.8520740415242992,0.1650762871868143,office_4/seq_0007
office_4,seq_0007,23,random_n0.5,6,2.85,1.0,fixed,0.5,34876,61235,0.3768677380345493,0.20902026637798424,0.29294400220626676,0.2916045418052529,0.5484445170245774,0.3807608863114079,0.45134189700653743,0.7176124765248633,0.5541509297609736,0.7353480903773368,0.8677390381317873,0.7960768111581094,0.13202102673079075,office_4/seq_0007
office_4,seq_0007,23,random_n0.5,6,2.85,1.0,subset,0.5,34876,45525,0.378625831021917,0.17280621552701056,0.27571602327446376,0.287647666016745,0.6000658978583197,0.38888119321218495,0.4477577703865122,0.7671169686985173,0.5654617261838835,0.7341724968459685,0.9067764964305327,0.8113967797821338,0.13069265960137014,office_4/seq_0007
office_4,seq_0007,23,random_n0.5,6,2.85,0.25,fixed,0.5,8719,61235,0.1668511119857706,0.4293453534033084,0.2980982326945395,0.556256451427916,0.33552706785335185,0.41857489421320704,0.7287532973964904,0.4797909692169511,0.5786287859487205,0.9248767060442711,0.7167469584388013,0.807618189637719,0.14907416110536706,office_4/seq_0007
office_4,seq_0007,23,random_n0.5,6,2.85,0.25,subset,0.5,8719,45525,0.1676937019213678,0.3483453750282801,0.25801953847482395,0.5517834614061246,0.39630971993410213,0.46129885407467686,0.7265741484115151,0.5527073036792971,0.6278256248228679,0.9251060901479528,0.7900054914881933,0.8522348041389399,0.1566706851516978,office_4/seq_0007
office_4,seq_0007,23,consec_n0.5,6,0.7499999999999999,1.0,fixed,0.5,31163,61235,0.38455217954050747,0.32545762403865536,0.35500490178958144,0.2662773160478773,0.4510329060178003,0.33486162045157053,0.41055097391136924,0.5763533926675921,0.47952457135646853,0.6778872380707891,0.7372581040254756,0.7063272513660142,0.1148250285279574,office_4/seq_0007
office_4,seq_0007,23,consec_n0.5,6,0.7499999999999999,1.0,subset,0.5,31163,40359,0.3894094256904298,0.2782664219984827,0.33383792384445626,0.2554952989121715,0.5125498649619663,0.3410061988940812,0.3990629913679684,0.630813449292599,0.4888631143137662,0.6751275551134358,0.7791322877177334,0.7234108527575952,0.11055276381909548,office_4/seq_0007
office_4,seq_0007,23,consec_n0.5,6,0.7499999999999999,0.25,fixed,0.5,7790,61235,0.18195389902160303,0.5082426900392448,0.34509829453042395,0.5198973042362003,0.26656323997713727,0.3524283853583579,0.7023106546854943,0.4127541438719686,0.5199368384364516,0.9130937098844673,0.6265371111292561,0.7431484059336194,0.11079102715466352,office_4/seq_0007
office_4,seq_0007,23,consec_n0.5,6,0.7499999999999999,0.25,subset,0.5,7790,40359,0.1871499746741938,0.43593223955441834,0.31154110711430605,0.5010269576379974,0.3248098317599544,0.3941177818833639,0.6836970474967907,0.4717906786590352,0.5583129733602895,0.9123234916559692,0.6814836839366684,0.7801866920375613,0.1175081826474218,office_4/seq_0007
office_4,seq_0007,23,spaced1.0,4,3.15,1.0,fixed,1.0,26362,61235,0.3397978165311436,0.23658792672762716,0.2881928716293854,0.33024808436385705,0.5035192291989875,0.39887929924419574,0.500037933388969,0.6730301298277129,0.5737784631263895,0.753205371367878,0.8336082305870826,0.791369819518959,0.14280672223278038,office_4/seq_0007
office_4,seq_0007,23,spaced1.0,4,3.15,1.0,subset,1.0,26362,40667,0.3423161686020631,0.18251125152676934,0.2624137100644162,0.3244822092405735,0.5812083507512233,0.4164596121715904,0.4955997268795994,0.7500676223965377,0.5968420204912178,0.7516501024201502,0.8926156342980796,0.8160902680865797,0.1413722594570033,office_4/seq_0007
office_4,seq_0007,23,spaced1.0,4,3.15,0.25,fixed,1.0,6590,61235,0.15893397236264278,0.4800351496132147,0.31948456098792877,0.5921092564491655,0.3040581366865355,0.401790198147773,0.7587253414264037,0.4293133012166245,0.5483506501435454,0.9201820940819423,0.6728668245284559,0.7773270442604473,0.1483768071204404,office_4/seq_0007
office_4,seq_0007,23,spaced1.0,4,3.15,0.25,subset,1.0,6590,40667,0.1600171529808846,0.3614784899229982,0.2607478214519414,0.5875569044006069,0.3866771583839477,0.4664070840083901,0.7550834597875569,0.5274546929943197,0.6210689539386659,0.9200303490136571,0.7797722969483857,0.8441146743909993,0.15991592342214395,office_4/seq_0007
office_4,seq_0007,23,random_n1.0,4,2.7,1.0,fixed,1.0,25737,61235,0.3014953721443666,0.1941436471937465,0.24781950966905655,0.3444457395966896,0.5167959500285785,0.4133756304937353,0.506430430897152,0.7025557279333714,0.5885850676251378,0.7970625947080079,0.8878909120600964,0.8400286789416791,0.1455565070858311,office_4/seq_0007
office_4,seq_0007,23,random_n1.0,4,2.7,1.0,subset,1.0,25737,40490,0.3048281080250403,0.1606501188626603,0.2327391134438503,0.3376461903096709,0.5727340083971351,0.4248366919025213,0.501379337141081,0.7617436404050383,0.6047273753814161,0.7944204841279092,0.9257100518646579,0.8550549067952494,0.14462019815748306,office_4/seq_0007
office_4,seq_0007,23,random_n1.0,4,2.7,0.25,fixed,1.0,6434,61235,0.12650200760971406,0.3882856023427222,0.2573938049762181,0.6193658688218837,0.31749816281538334,0.41979949879779216,0.7859807273857631,0.45668326937209114,0.5777012115623859,0.9751321106621076,0.7211235404588879,0.8291093616591262,0.14969656102494944,office_4/seq_0007
office_4,seq_0007,23,random_n1.0,4,2.7,0.25,subset,1.0,6434,40490,0.1279484373902535,0.3002025847854851,0.21407551108786932,0.6120609263288779,0.39520869350456905,0.48029205741284875,0.7810071495181846,0.5516670782909361,0.6466035334191828,0.9749766863537457,0.8124228204494937,0.8863080764933955,0.1627920359074692,office_4/seq_0007
office_4,seq_0007,23,consec_n1.0,4,0.45,1.0,fixed,1.0,23787,61235,0.3908740751384764,0.3742874690319652,0.3825807720852208,0.27695800227014755,0.38059933044827304,0.3206109185659349,0.4123681002228108,0.5103453907079285,0.4561549414681602,0.6667087064362888,0.6723605781007593,0.6695227147104506,0.10741207790388119,office_4/seq_0007
office_4,seq_0007,23,consec_n1.0,4,0.45,1.0,subset,1.0,23787,34564,0.39699797447719976,0.30853049012718947,0.3527642323021946,0.26417791230504056,0.4666705242448791,0.33737239806187974,0.3993778114095935,0.5918875130193265,0.4769393899388364,0.662799007861437,0.7329302164101377,0.6961026706621222,0.10538577077521993,office_4/seq_0007
office_4,seq_0007,23,consec_n1.0,4,0.45,0.25,fixed,1.0,5946,61235,0.18672761152258305,0.5750493895546737,0.3808885005386283,0.5248906828119745,0.2221441985792439,0.3121712867217899,0.6960982172889337,0.3604147954601127,0.4749285500072352,0.9019508913555331,0.5777251571813505,0.7043159494180942,0.09419009641108475,office_4/seq_0007
office_4,seq_0007,23,consec_n1.0,4,0.45,0.25,subset,1.0,5946,34564,0.19205321174758586,0.4599829447517332,0.3260180782496595,0.5060544904137235,0.30271380627242217,0.3788221709532136,0.6750756811301716,0.4502083092234695,0.5401741846589014,0.9012781701984527,0.6627126489989584,0.7638004473244409,0.10551544202414902,office_4/seq_0007
office_4,seq_0011,24,all,24,3.4499999999999993,1.0,fixed,0.0,75044,58635,0.42563356485558784,0.09197157633898227,0.25880257059728506,0.22166995362720537,0.7841050567067451,0.3456290517723839,0.37411385320611906,0.9086211307239703,0.5300046487828102,0.6852246681946591,0.9835251982604246,0.8077132962661728,0.11645069939071484,office_4/seq_0011
office_4,seq_0011,24,all,24,3.4499999999999993,1.0,subset,0.0,75044,58635,0.42563356485558784,0.09197157633898227,0.25880257059728506,0.22166995362720537,0.7841050567067451,0.3456290517723839,0.37411385320611906,0.9086211307239703,0.5300046487828102,0.6852246681946591,0.9835251982604246,0.8077132962661728,0.11645069939071484,office_4/seq_0011
office_4,seq_0011,24,all,24,3.4499999999999993,0.25,fixed,0.0,18761,58635,0.18674035909571554,0.3943687059640788,0.29055453252989716,0.45765151111348007,0.4896734032574401,0.4731212481657647,0.6633974734822238,0.6130127057218385,0.6372106503286579,0.9259101327221363,0.7658906796282084,0.8383326638081184,0.16613589889712044,office_4/seq_0011
office_4,seq_0011,24,all,24,3.4499999999999993,0.25,subset,0.0,18761,58635,0.18674035909571554,0.3943687059640788,0.29055453252989716,0.45765151111348007,0.4896734032574401,0.4731212481657647,0.6633974734822238,0.6130127057218385,0.6372106503286579,0.9259101327221363,0.7658906796282084,0.8383326638081184,0.16613589889712044,office_4/seq_0011
office_4,seq_0011,24,spaced0.3,11,3.15,1.0,fixed,0.3,48344,58635,0.3345634423428738,0.13436078941889656,0.23446211588088517,0.2748634784047658,0.6724652511298712,0.39022597387643704,0.44301257653483367,0.8340240470708621,0.5786570802357122,0.7542818136687076,0.9412125863392172,0.8374425025154214,0.13289568630211726,office_4/seq_0011
office_4,seq_0011,24,spaced0.3,11,3.15,1.0,subset,0.3,48344,49808,0.3356620350677749,0.12268975928383608,0.2291758971758055,0.27178139996690387,0.6977995502730485,0.3911977408849681,0.44013734899884166,0.8563885319627369,0.5814439707004333,0.7539094820453417,0.9523369739800835,0.8415851909910184,0.12999484288584995,office_4/seq_0011
office_4,seq_0011,24,spaced0.3,11,3.15,0.25,fixed,0.3,12086,58635,0.1494781644631665,0.5042035936365501,0.3268408790498583,0.5354956147608804,0.4036838066001535,0.46033995904870323,0.7432566605990402,0.5340666837213268,0.6215319271270721,0.9607810690054609,0.72470367527927,0.8262092839558561,0.16304662612221257,office_4/seq_0011
office_4,seq_0011,24,spaced0.3,11,3.15,0.25,subset,0.3,12086,49808,0.14974520595020993,0.4538987664896057,0.3018219862199078,0.533592586463677,0.441575650497912,0.48324275655799975,0.7422637762700646,0.5736829424991969,0.6471752407717966,0.9607810690054609,0.7579906842274333,0.8474226999814259,0.16582635446932148,office_4/seq_0011
office_4,seq_0011,24,random_n0.3,11,3.0,1.0,fixed,0.3,50293,58635,0.4045113870291933,0.11062571441994314,0.25756855072456825,0.2589823633507645,0.6949091839345101,0.377336864513987,0.4181297596086931,0.867093033171314,0.5641938558124426,0.720855785099318,0.9786475654472585,0.8301999038708995,0.1261886971878821,office_4/seq_0011
office_4,seq_0011,24,random_n0.3,11,3.0,1.0,subset,0.3,50293,49074,0.4057774851116003,0.10431453736403141,0.25504601123781584,0.2555822877935299,0.718567877083588,0.3770532071575022,0.415047819776112,0.8801605738272813,0.5640925877627785,0.7201996301672201,0.9823735582997106,0.8311009220232998,0.12338911990102752,office_4/seq_0011
office_4,seq_0011,24,random_n0.3,11,3.0,0.25,fixed,0.3,12573,58635,0.15897046045524132,0.4159258193701159,0.2874481399126786,0.5179352580927384,0.41355845484778714,0.45989898175877186,0.7174898592221427,0.5610983201159717,0.6297295113711966,0.9545852223017577,0.7642704869105483,0.8488918630412694,0.15616914618369987,office_4/seq_0011
office_4,seq_0011,24,random_n0.3,11,3.0,0.25,subset,0.3,12573,49074,0.15939133464087296,0.3758013828991369,0.2675963587700049,0.5154696572019407,0.4525003056608387,0.4819368087681699,0.7155014714069832,0.5959978807515182,0.6503051029820376,0.9546647578143641,0.7944736520357012,0.8672338247669837,0.16009562956127843,office_4/seq_0011
office_4,seq_0011,24,consec_n0.3,11,1.5,1.0,fixed,0.3,45014,58635,0.3681949773028656,0.18419374114350723,0.2761943592231864,0.2591193850801973,0.5982945339814104,0.36162163523488805,0.41858088594659437,0.7294789801313208,0.5319338595572219,0.724419069622784,0.904255137716381,0.8044084723811304,0.12592920517219117,office_4/seq_0011
office_4,seq_0011,24,consec_n0.3,11,1.5,1.0,subset,0.3,45014,46461,0.3724868540660797,0.1708409410723097,0.2716638975691947,0.2522548540454081,0.6247175050041971,0.35939108323830626,0.41131647931754567,0.7507587008458707,0.5314620446596463,0.7189318878571112,0.9159940595338025,0.8055867478737595,0.12058951510679758,office_4/seq_0011
office_4,seq_0011,24,consec_n0.3,11,1.5,0.25,fixed,0.3,11253,58635,0.19469975765588796,0.47123107379984597,0.332965415727867,0.46023282680174177,0.34943293254881896,0.3972515929377098,0.6477383808762108,0.4771041187004349,0.549478970562907,0.9085577179418821,0.6936641937409397,0.7866999599591368,0.13492261607588618,office_4/seq_0011
office_4,seq_0011,24,consec_n0.3,11,1.5,0.25,subset,0.3,11253,46461,0.19615524200433607,0.419833565912671,0.3079944039585035,0.4573002754820937,0.38184714061255676,0.4161814700135503,0.6431173909179775,0.510019155851144,0.5688869887060286,0.9080245267928553,0.7284604291771594,0.8083910995672243,0.13893484773956982,office_4/seq_0011
office_4,seq_0011,24,spaced0.5,6,3.0,1.0,fixed,0.5,34720,58635,0.3001604942074408,0.1469329335706375,0.22354671388903913,0.3193548387096774,0.6211989426110684,0.4218427315142073,0.4908122119815668,0.8065319348511981,0.6102555346543951,0.7904953917050691,0.9325147096444103,0.8556520708656954,0.14667269235114677,office_4/seq_0011
office_4,seq_0011,24,spaced0.5,6,3.0,1.0,subset,0.5,34720,41774,0.302518476654932,0.12390507963864432,0.21321177814678816,0.31129032258064515,0.678699669650979,0.42681772696465786,0.48554147465437786,0.8522525973093311,0.6186362932049556,0.7893721198156682,0.9534638770527122,0.8636932025149174,0.14209923574917616,office_4/seq_0011
office_4,seq_0011,24,spaced0.5,6,3.0,0.25,fixed,0.5,8680,58635,0.13584999644804047,0.5297934907710371,0.33282174360953876,0.5716589861751152,0.3643728148716637,0.44506392561954927,0.7622119815668202,0.4992922316022853,0.6033535477054842,0.9722350230414747,0.6761661123902106,0.7976121366689087,0.15691875439007258,office_4/seq_0011
office_4,seq_0011,24,spaced0.5,6,3.0,0.25,subset,0.5,8680,41774,0.1362381179102376,0.4227195739031957,0.2794788459067167,0.5691244239631337,0.4474553550055058,0.5010089250940805,0.7612903225806451,0.5898645090247523,0.6647027148188065,0.9723502304147466,0.7528606310145066,0.8486431709926565,0.16756176154672395,office_4/seq_0011
office_4,seq_0011,24,random_n0.5,6,3.4499999999999993,1.0,fixed,0.5,34028,58635,0.32786964020019854,0.17878942211655305,0.2533295311583758,0.300252733043376,0.5729342542849833,0.3940165810980995,0.47134712589632066,0.7643387055512919,0.5831075228091894,0.7659868343716939,0.9069497740257525,0.8305294807381773,0.13480547746440555,office_4/seq_0011
office_4,seq_0011,24,random_n0.5,6,3.4499999999999993,1.0,subset,0.5,34028,41572,0.32971807674567105,0.14462073139755707,0.23716940407161408,0.29463970847537324,0.6394929279322621,0.4034116837682184,0.46785000587751263,0.8183152121620322,0.5953337432079329,0.7651639826025626,0.9390214567497354,0.8432244296946542,0.13276296872422164,office_4/seq_0011
office_4,seq_0011,24,random_n0.5,6,3.4499999999999993,0.25,fixed,0.5,8507,58635,0.13156674404050114,0.6123385673424085,0.37195265569145486,0.5928059245327377,0.3421505926494415,0.4338787840450005,0.7840601857293993,0.4638185384156221,0.5828477436764575,0.97837075349712,0.6624200562803786,0.7899756699423786,0.1501101682996578,office_4/seq_0011
office_4,seq_0011,24,random_n0.5,6,3.4499999999999993,0.25,subset,0.5,8507,41572,0.13203879754415584,0.46211993992633166,0.29707936873524377,0.5896320677089456,0.42461272010006734,0.493697930001623,0.7828846832020688,0.5603290676416819,0.6531693772997971,0.9779005524861878,0.7567112479553546,0.8532034052341753,0.16136843732289144,office_4/seq_0011
office_4,seq_0011,24,consec_n0.5,6,0.7500000000000002,1.0,fixed,0.5,30209,58635,0.33595304612260884,0.2529359872152387,0.2944445166689238,0.2985534112350624,0.5165003837298542,0.3783871749800373,0.4565526829752723,0.646815042210284,0.5352796464301272,0.7520275414611539,0.8334612432847276,0.7906530979227712,0.13663741180519703,office_4/seq_0011
office_4,seq_0011,24,consec_n0.5,6,0.7500000000000002,1.0,subset,0.5,30209,37531,0.3434995733195172,0.22218078197772917,0.2828401776486232,0.2855109404482108,0.56206868988303,0.37867063931746936,0.4453308616637426,0.6862327142895207,0.5401386408164544,0.7426594723426794,0.8584903146732035,0.7963851593107417,0.13002413684541925,office_4/seq_0011
office_4,seq_0011,24,consec_n0.5,6,0.7500000000000002,0.25,fixed,0.5,7552,58635,0.1811761998498235,0.5744361415785701,0.3778061707141968,0.4966896186440678,0.3005542764560416,0.3744956590380658,0.6777012711864406,0.4258207555214462,0.5230149654110066,0.9128707627118644,0.6489809840538927,0.7586325233820358,0.1329585315458171,office_4/seq_0011
office_4,seq_0011,24,consec_n0.5,6,0.7500000000000002,0.25,subset,0.5,7552,37531,0.18307411268844215,0.4540012895951604,0.31853770114180124,0.4892743644067797,0.36335296155178387,0.41701522788681994,0.6721398305084746,0.49993338839892354,0.573385924229582,0.9127383474576272,0.7231355412858703,0.8069491706944584,0.14588010776829816,office_4/seq_0011
office_4,seq_0011,24,spaced1.0,4,3.15,1.0,fixed,1.0,25320,58635,0.2875575902268342,0.24367480540125436,0.2656161978140443,0.35604265402843605,0.5348170887695063,0.42749197557677876,0.540086887835703,0.694585145390978,0.6076695987528682,0.810781990521327,0.8654216764730963,0.8372112808335664,0.1477029840388619,office_4/seq_0011
office_4,seq_0011,24,spaced1.0,4,3.15,1.0,subset,1.0,25320,36533,0.29116511159146624,0.1843276761389609,0.23774639386521357,0.3420616113744076,0.605260996906906,0.43709830229782876,0.5313191153238547,0.7584649494977144,0.624890533171578,0.8098341232227488,0.9156379164043468,0.859492141502418,0.14371612215277985,office_4/seq_0011
office_4,seq_0011,24,spaced1.0,4,3.15,0.25,fixed,1.0,6330,58635,0.1260181002234221,0.7084976175654921,0.4172578588944571,0.6248025276461295,0.32809755265626334,0.4302574518601972,0.8,0.4365481367783747,0.5648603544583132,0.9682464454976303,0.5967937238850516,0.7384390677651698,0.143646408839779,office_4/seq_0011
office_4,seq_0011,24,spaced1.0,4,3.15,0.25,subset,1.0,6330,36533,0.12694031552900506,0.5016875250095127,0.3143139202692589,0.6195892575039494,0.4389729833301399,0.5138723720043278,0.7974723538704581,0.5636274053595379,0.6604619104660613,0.9679304897314376,0.7288752634604331,0.8315631761470239,0.16215575954989636,office_4/seq_0011
office_4,seq_0011,24,random_n1.0,4,2.6999999999999997,1.0,fixed,1.0,25925,58635,0.35679178682653023,0.15822491592748084,0.25750835137700556,0.32304725168756027,0.5157670333418607,0.3972682049073362,0.49257473481195757,0.741724226144794,0.5920034376658249,0.7799421407907425,0.9523151701202354,0.857552429206341,0.12810928550299835,office_4/seq_0011
office_4,seq_0011,24,random_n1.0,4,2.6999999999999997,1.0,subset,1.0,25925,35837,0.36018898201980737,0.1374424940814311,0.24881573805061924,0.30958534233365476,0.5827496721265731,0.4043565562632559,0.48474445515911285,0.7883472388871836,0.6003447427670704,0.7787078109932497,0.9683567262884728,0.8632387991366905,0.12468310670661442,office_4/seq_0011
office_4,seq_0011,24,random_n1.0,4,2.6999999999999997,0.25,fixed,1.0,6481,58635,0.13091075270533342,0.650759040710941,0.3908348967081372,0.6196574602684771,0.31053125266479065,0.4137289663588027,0.7929331893226353,0.43748614308859896,0.5638683879322542,0.9643573522604536,0.6489639293937068,0.7758319979774639,0.13574203966291568,office_4/seq_0011
office_4,seq_0011,24,random_n1.0,4,2.6999999999999997,0.25,subset,1.0,6481,35837,0.13180194022986447,0.4659922452707532,0.29889709275030885,0.6161086252121586,0.4178642185450791,0.4979816457802585,0.790310137324487,0.5631330747551413,0.6576556351527401,0.9645116494368153,0.7640427491140441,0.852652520286353,0.15338434373160684,office_4/seq_0011
office_4,seq_0011,24,consec_n1.0,4,0.44999999999999996,1.0,fixed,1.0,22559,58635,0.326702607216699,0.27098395915451534,0.29884328318560716,0.3274081297929873,0.46383559307580796,0.38386034459714385,0.480340440622368,0.6092436258207555,0.5371670909770722,0.7648831951770911,0.8199027884369404,0.7914379241594662,0.13893972489521222,office_4/seq_0011
office_4,seq_0011,24,consec_n1.0,4,0.44999999999999996,1.0,subset,1.0,22559,32055,0.3347725330395564,0.22749320580742388,0.28113286942349014,0.3092778935236491,0.5309624083606301,0.39087612158036067,0.4689480916707301,0.6671658087661831,0.5507654342201825,0.7569927745024159,0.8546248635158321,0.8028515341729874,0.1345504605198466,office_4/seq_0011
office_4,seq_0011,24,consec_n1.0,4,0.44999999999999996,0.25,fixed,1.0,5639,58635,0.17345124368045475,0.5673851366398879,0.3704181901601713,0.5403440326298989,0.2673659077342884,0.3577263707012425,0.6944493704557546,0.3881129018504306,0.4979385800719221,0.9131051604894485,0.6238083056195105,0.74122921762073,0.12926765702371645,office_4/seq_0011
office_4,seq_0011,24,consec_n1.0,4,0.44999999999999996,0.25,subset,1.0,5639,32055,0.17682983724871856,0.4203254087104262,0.29857762297957235,0.5291718389785423,0.3574793323974419,0.4267021841927039,0.6870012413548502,0.49280923412884103,0.5739236303336701,0.9123958148607909,0.7217594759007955,0.8059580737166054,0.151953125,office_4/seq_0011
