method,N_req,frac,N,n_cand,kept,n_pred,n_ref,acc,comp,chamfer,precision@0.1,recall@0.1,f1@0.1,precision@0.2,recall@0.2,f1@0.2,precision@0.5,recall@0.5,f1@0.5,iou,grid_voxel
A_point,-1,0.02,23.666666666666668,84042.51282051283,1680.3076923076924,1680.3076923076924,59403.743589743586,0.20618772999304222,1.8912909461782839,1.048739338085663,0.7838520238003057,0.10651572875774096,0.18673513000547518,0.828927579675616,0.13665242486405263,0.23379173879649337,0.8683861619178137,0.22230114994766184,0.3519063045906798,0.052611044347141825,
A_point,-1,0.05,23.666666666666668,84042.51282051283,4201.717948717948,4201.717948717948,59403.743589743586,0.21279375955028776,1.4365100008925968,0.8246518802214424,0.6842995604665213,0.19889708958240812,0.3064866793163945,0.7922984466003267,0.25471631006269657,0.38314886220259226,0.8778310913771008,0.36834004168693446,0.5147615570941887,0.10102887348322054,
A_point,-1,0.1,23.666666666666668,84042.51282051283,8403.871794871795,8403.871794871795,59403.743589743586,0.22863014002351215,1.0753550666059184,0.6519926033147153,0.5676912638192001,0.287967686356787,0.37965886734088333,0.7303839702030944,0.3681192232251084,0.48654763046752436,0.8800194956956324,0.49218702041901125,0.6280659654895406,0.13365913348765304,
A_point,-1,0.25,23.666666666666668,84042.51282051283,21010.17948717949,21010.17948717949,59403.743589743586,0.28724152398836766,0.5423081195337088,0.4147748217610383,0.4049499803233256,0.42656844964387647,0.41227907477812326,0.5974537512583393,0.5377702305531618,0.5624595005887948,0.8373710161602325,0.6970921458161649,0.7573354204001334,0.15022371192403616,
A_point,-1,0.5,23.666666666666668,84042.51282051283,42021.02564102564,42021.02564102564,59403.743589743586,0.40214929746603373,0.32753249035062504,0.36484089390832936,0.2891261011304504,0.5413215284772307,0.37371917964342594,0.4675820621633206,0.6759051497658569,0.5485115673820159,0.7491817091809412,0.8267071026204397,0.7831532180257355,0.1320446925328744,
A_point,-1,1.0,23.666666666666668,84042.51282051283,84042.51282051283,84042.51282051283,59403.743589743586,0.6045948985061248,0.24609129909241304,0.4253430987992689,0.19922247917276797,0.6622436542814445,0.30401428022655314,0.34547999199156376,0.7798093618857774,0.47539493479362366,0.6231119701529817,0.8826799284878004,0.7273840963252491,0.10170705697987846,
A_point,1,0.02,1.0,9340.461538461539,186.33333333333334,186.33333333333334,59403.743589743586,0.21684799321231651,3.0054953043934156,1.611171648802866,0.7528943500671984,0.015433652717352602,0.030216655074357116,0.7955630077947763,0.024526697302675513,0.04751020394967965,0.8464945068962786,0.058336668470959925,0.10864396231069823,0.006986886628916232,
A_point,1,0.05,1.0,9340.461538461539,466.5128205128205,466.5128205128205,59403.743589743586,0.199399025740427,2.70035531483338,1.4498771702869035,0.7312521432583802,0.03544453494616881,0.06748159230065101,0.8084812027830646,0.05355508100545604,0.10016544788625555,0.8762029103605607,0.10452472761290454,0.18527180891132775,0.016408704157932948,
A_point,1,0.1,1.0,9340.461538461539,933.5897435897435,933.5897435897435,59403.743589743586,0.20251122966517904,2.3263940875036715,1.2644526585844251,0.6761961467628564,0.0635566880993893,0.11576109589122623,0.7849519506033001,0.09615897639822649,0.17040091581462471,0.8810267410455742,0.17172387570220798,0.2839766979940437,0.02938044309207184,
A_point,1,0.25,1.0,9340.461538461539,2334.74358974359,2334.74358974359,59403.743589743586,0.22925756277352485,1.4879767665622352,0.8586171646678801,0.5721954362774794,0.12394955560311992,0.20228221619272765,0.7125329858508133,0.19711979175072414,0.305588550184877,0.8701632872021628,0.34987980159619,0.49097473833572525,0.05560361580149719,
A_point,1,0.5,1.0,9340.461538461539,4670.0,4670.0,59403.743589743586,0.28402684050116556,0.9325610888656255,0.6082939646833955,0.4793927344388879,0.1856272130528395,0.26510184577952794,0.6316001913163887,0.29724040248272093,0.4000680545829077,0.8269575605579857,0.4992650187658701,0.6144622368840649,0.07944134113923536,
A_point,1,1.0,1.0,9340.461538461539,9340.461538461539,9340.461538461539,59403.743589743586,0.4067800532829578,0.717324687053559,0.5620523701682584,0.3600627582357602,0.24425682965514975,0.2881531462862005,0.510127082774982,0.3831999156263747,0.43408573305662046,0.7364881486404068,0.6049241482996208,0.658531728466279,0.09226597598656981,
A_point,2,0.02,2.0,16425.69230769231,328.0,328.0,59403.743589743586,0.1670209659982636,2.2785807059210006,1.222800835959632,0.7276485587877262,0.024480135154716195,0.04730253832552479,0.8267257141321588,0.04308832472367444,0.08174961972660463,0.8983670667209261,0.10510815796198013,0.18732444403454507,0.01031429574799724,
A_point,2,0.05,2.0,16425.69230769231,820.8717948717949,820.8717948717949,59403.743589743586,0.16844089200771245,2.0062815258450013,1.087361208926357,0.7080469845568593,0.05692022116813778,0.10508381955600453,0.820924078645829,0.09100508193505667,0.16325549125240366,0.9051158957080206,0.17610461779749575,0.29314147484901315,0.024809105832414677,
A_point,2,0.1,2.0,16425.69230769231,1642.1538461538462,1642.1538461538462,59403.743589743586,0.17959235325248926,1.6662018570967005,0.922897105174595,0.6707494412257352,0.10279657630242024,0.1775812095650601,0.7981567194764873,0.15808844109738965,0.2626291729525209,0.9000719066203154,0.27683828408853206,0.420083263188736,0.04610595281014681,
A_point,2,0.25,2.0,16425.69230769231,4106.153846153846,4106.153846153846,59403.743589743586,0.22456472363073596,0.9578596201869493,0.5912121719088426,0.5606795557492672,0.19761779528221934,0.29050855089887556,0.713500145395628,0.3110394123395082,0.4303966706484705,0.8717276629529095,0.5086671304278693,0.6388689339993705,0.08479417595457177,
A_point,2,0.5,2.0,16425.69230769231,8212.641025641025,8212.641025641025,59403.743589743586,0.3012415057646218,0.6284487087395456,0.46484510725208367,0.4492690936900217,0.2752433449050709,0.33899923089387307,0.6123108520440821,0.4230748791619635,0.4975355224543158,0.8190984178765356,0.6468066091363429,0.7197498087277608,0.10854005622816629,
A_point,2,1.0,2.0,16425.69230769231,16425.69230769231,16425.69230769231,59403.743589743586,0.4644384221816026,0.47597929398555305,0.4702088580835779,0.3303060468686838,0.3492447658300387,0.3368153293429441,0.4851780328931419,0.5253959118769606,0.5015380760847997,0.7209546645133947,0.7470073459761776,0.730788823164503,0.11331003843065623,
A_point,4,0.02,4.0,29268.358974358973,584.7948717948718,584.7948717948718,59403.743589743586,0.20080163156783581,2.1691423567196226,1.1849719941437293,0.7802041170772462,0.044803691149641556,0.08463025057345452,0.8288709646982875,0.06870222953194778,0.1266675092292368,0.8694255450118504,0.14322198882600004,0.24476613584480392,0.020012901930775314,
A_point,4,0.05,4.0,29268.358974358973,1462.871794871795,1462.871794871795,59403.743589743586,0.19124494987086565,1.8315214833742823,1.011383216622574,0.7600387522121148,0.10103840694837904,0.17801154293104515,0.8293160784955458,0.1424023641122986,0.24250936718263488,0.8839798217430627,0.24173688149799757,0.37751955610752486,0.04686287152833738,
A_point,4,0.1,4.0,29268.358974358973,2926.3333333333335,2926.3333333333335,59403.743589743586,0.20119950664452224,1.4393701719447494,0.8202848392946357,0.6875030995638651,0.1693154878444556,0.27104957417746384,0.79456645092588,0.23795313376477842,0.3650378628415052,0.8852753694146446,0.3665924938493082,0.5156988574997328,0.078566279853627,
A_point,4,0.25,4.0,29268.358974358973,7316.74358974359,7316.74358974359,59403.743589743586,0.24545539987034962,0.8065491524318756,0.5260022761511126,0.5310612666826527,0.28749276709059995,0.37202568366421623,0.6875999923376437,0.41165221107272576,0.5132068174198776,0.8607354980946093,0.5893204513788276,0.6969990544498459,0.11985981283723028,
A_point,4,0.5,4.0,29268.358974358973,14633.97435897436,14633.97435897436,59403.743589743586,0.3184252602880433,0.4715347724107576,0.39498001634940044,0.40778562526694856,0.37682549024756934,0.3903874466371396,0.5774057769358324,0.5299992202955314,0.5508629157140711,0.8045564062218583,0.7327255009008657,0.7638414144856468,0.13402905805903872,
A_point,4,1.0,4.0,29268.358974358973,29268.358974358973,29268.358974358973,59403.743589743586,0.49354354445456633,0.3560765012615808,0.4248100228580735,0.28948557694611937,0.46651764005919616,0.35580102594339547,0.4460316889494855,0.6437713532976658,0.5245918070606533,0.6958333329757874,0.8177571641069963,0.7494678129286816,0.12259853666198221,
A_point,8,0.02,8.0,46557.846153846156,930.6923076923077,930.6923076923077,59403.743589743586,0.20628478268676623,2.085887302488634,1.1460860425877002,0.7968061462650332,0.06699934113840417,0.12340576265462591,0.8345179578718978,0.09162097851719164,0.16484514162314834,0.8652392872376143,0.16642214387489548,0.27806984686371805,0.03203490447323503,
A_point,8,0.05,8.0,46557.846153846156,2327.3076923076924,2327.3076923076924,59403.743589743586,0.20193205820741106,1.6664698172088452,0.9342009377081281,0.7364933410168709,0.14142389707897524,0.23673534298082968,0.8177042126278511,0.18890424364246278,0.306074697578847,0.8800930581807171,0.2927160679865012,0.4368035711002034,0.06937228453844098,
A_point,8,0.1,8.0,46557.846153846156,4655.307692307692,4655.307692307692,59403.743589743586,0.21673769576251353,1.2560446039310555,0.7363911498467847,0.6395787896255748,0.22296530758836036,0.3295748291565107,0.768915142324499,0.30057103741159696,0.4306791658595682,0.8800481325599813,0.4315304713684455,0.5756586665451737,0.10554432045465927,
A_point,8,0.25,8.0,46557.846153846156,11639.076923076924,11639.076923076924,59403.743589743586,0.2626864406420801,0.6673958635339481,0.46504115208801405,0.4733435795010155,0.34888111647242087,0.40023873078562855,0.6497086507327798,0.4708997170964105,0.5439609069241731,0.8526588774818208,0.6380902914524543,0.7269904354089791,0.13831699294186825,
A_point,8,0.5,8.0,46557.846153846156,23278.69230769231,23278.69230769231,59403.743589743586,0.34249074173846256,0.3958520015767821,0.3691713716576223,0.3541493285730025,0.4511673580189199,0.3952543078924157,0.5332949659675583,0.6041551545095258,0.563663646128461,0.787771481871359,0.7830615734142129,0.7818273680652004,0.13963872194869625,
A_point,8,1.0,8.0,46557.846153846156,46557.846153846156,46557.846153846156,59403.743589743586,0.5266075023868151,0.31132561404357895,0.418966558215197,0.24917114492347622,0.5587586269835854,0.34310845895808795,0.40639127231558664,0.7141501896436717,0.5153118399724259,0.6733636904191849,0.8499527945054174,0.7491523386075742,0.11796075025988358,
A_point,16,0.02,15.692307692307692,68554.92307692308,1370.5897435897436,1370.5897435897436,59403.743589743586,0.2046232092222254,1.9501009122603927,1.0773620607413092,0.7905065088146044,0.09312639189393698,0.16628199022683873,0.833111169516769,0.12126845375274779,0.21130808215546595,0.8682072233022018,0.2041719298380456,0.3291068994715772,0.045718252483895515,
A_point,16,0.05,15.692307692307692,68554.92307692308,3427.2820512820513,3427.2820512820513,59403.743589743586,0.20944985321392792,1.499807752852323,0.8546288030331255,0.7041290103644214,0.18232154508441006,0.28885812616364137,0.8032310875620493,0.2344564500240859,0.36193798356576634,0.8796464453498771,0.3433411051876419,0.4914517038137524,0.09160189712816119,
A_point,16,0.1,15.692307692307692,68554.92307692308,6855.076923076923,6855.076923076923,59403.743589743586,0.2258578157862324,1.1069846005330197,0.666421208159626,0.5919764165688196,0.2702433963667132,0.36992664337685743,0.7434909592423073,0.3512613280882135,0.475385672402347,0.879898427202174,0.47926107410938823,0.6174140729811782,0.12659042423107095,
A_point,16,0.25,15.692307692307692,68554.92307692308,17138.384615384617,17138.384615384617,59403.743589743586,0.2777037865392143,0.5709442452304596,0.424324015884837,0.42668661787348955,0.4041322206098002,0.41339785870961965,0.6138464411542959,0.5213354107099563,0.5612946806618648,0.843360972307749,0.6832218582152505,0.7517498543968698,0.148727451899256,
A_point,16,0.5,15.692307692307692,68554.92307692308,34277.256410256414,34277.256410256414,59403.743589743586,0.3762916205115273,0.3427917151260375,0.3595416678187824,0.3086529029251086,0.5149949129680863,0.3841410828956583,0.48743735115135367,0.6578183255216593,0.5568400352220549,0.7626041618615096,0.8184763903603922,0.7866335486873085,0.13615735657865397,
A_point,16,1.0,15.692307692307692,68554.92307692308,68554.92307692308,68554.92307692308,59403.743589743586,0.5729741322611142,0.25846823404792535,0.4157211831545197,0.21386816102753628,0.6345752162067482,0.31844496494491675,0.3641389566569998,0.765365532866326,0.49087188798082665,0.6404367096829784,0.8767298150444239,0.7378828099799054,0.1075420330175794,
B_argmax,-1,0.02,23.666666666666668,86082.33333333333,1721.1538461538462,1721.1538461538462,59403.743589743586,0.21149453887642855,1.8892446751254193,1.0503696070009239,0.777532888238032,0.10289079256318327,0.18089909930882284,0.8309505952794226,0.13680026327380737,0.2340250803522479,0.8668799859310977,0.22226421937161575,0.3516146066911558,0.05037402632462842,
B_argmax,-1,0.05,23.666666666666668,86082.33333333333,4303.641025641025,4303.641025641025,59403.743589743586,0.21371970929400264,1.3883776674047483,0.8010486883493755,0.6835673506304172,0.19861420305886907,0.3059497355082693,0.7916966251553377,0.2643526222996498,0.393717346782918,0.87899447848383,0.3831352397735794,0.5288608264617176,0.09707113060731287,
B_argmax,-1,0.1,23.666666666666668,86082.33333333333,8607.794871794871,8607.794871794871,59403.743589743586,0.22949694619942745,0.9961494499917032,0.6128231980955653,0.5676402646322152,0.2958658466379583,0.38628377813985093,0.726002057567728,0.3900448289682786,0.5044620775024387,0.8769612139866165,0.5193056290805395,0.648716773424218,0.13084979871703273,
B_argmax,-1,0.25,23.666666666666668,86082.33333333333,21520.17948717949,21520.17948717949,59403.743589743586,0.3066411905631591,0.5078762540215613,0.4072587222923602,0.39549040134254937,0.4346938522892597,0.4115338288391521,0.5804758658391126,0.5532565431119654,0.5636778399122901,0.818574445267505,0.7184674165871653,0.7615614662512399,0.1450607072395413,
B_argmax,-1,0.5,23.666666666666668,86082.33333333333,43040.8717948718,43040.8717948718,59403.743589743586,0.41550705534696714,0.30433393719278773,0.35992049626987743,0.2817032619727512,0.547480333821001,0.36936099850920723,0.4570398398503622,0.6845954047909141,0.5447782993811011,0.7346875891372816,0.8375981225683077,0.7797397489392759,0.12733593051773184,
B_argmax,-1,1.0,23.666666666666668,86082.33333333333,86082.33333333333,86082.33333333333,59403.743589743586,0.6009416625386482,0.19979096969152216,0.40036631611508516,0.1946293424770059,0.6767677088689249,0.300365426457453,0.34161706377666395,0.8054769379959713,0.47679676632875767,0.6198107685191646,0.9098292356871375,0.7336573570315228,0.09849497129999107,
B_argmax,1,0.02,1.0,9964.435897435897,198.89743589743588,198.89743589743588,59403.743589743586,0.21725576546424305,2.9873895077894885,1.6023226366268657,0.7482218226740428,0.0157234039467484,0.030768900784905694,0.7941869789322467,0.02567366932817013,0.04964561882173552,0.8465153435017418,0.060612389059186145,0.11252215563155775,0.006787822940225914,
B_argmax,1,0.05,1.0,9964.435897435897,497.79487179487177,497.79487179487177,59403.743589743586,0.2056290149066624,2.646510869109573,1.4260699420081175,0.7227124131728223,0.03631424250063072,0.06902053972457554,0.8010967616118451,0.0566900642834849,0.10552875765188219,0.8716993364853379,0.11235470920153055,0.19719169677637838,0.016077898757136444,
B_argmax,1,0.1,1.0,9964.435897435897,996.025641025641,996.025641025641,59403.743589743586,0.21379226747234548,2.2461916097981978,1.2299919386352718,0.6751560242544751,0.0666304443687114,0.12081907520584917,0.7759291679935187,0.10318742542536882,0.18087796235875966,0.8738891658508297,0.18648924369077463,0.3031376588658026,0.02919600417776176,
B_argmax,1,0.25,1.0,9964.435897435897,2490.7179487179487,2490.7179487179487,59403.743589743586,0.2327880723990706,1.3653574582934964,0.7990727653462835,0.5766400981151207,0.1305564051475633,0.21138134079639564,0.7102159313744009,0.21434255887073042,0.3257237754693795,0.8655079732481957,0.3845448223878594,0.5234865408195224,0.0556019939896556,
B_argmax,1,0.5,1.0,9964.435897435897,4981.974358974359,4981.974358974359,59403.743589743586,0.2927405716320532,0.8892841681492722,0.5910123698906627,0.4729601104325565,0.19132551837907164,0.26979292126865545,0.6268172729320993,0.3112639144202963,0.41113728326389537,0.8206071389574694,0.5139543268199485,0.6237612691415388,0.07661553959218044,
B_argmax,1,1.0,1.0,9964.435897435897,9964.435897435897,9964.435897435897,59403.743589743586,0.4137377216771173,0.6502944807018384,0.5320161011894778,0.3540830402399861,0.25519763605926427,0.29354700719916693,0.5084127604320585,0.40085885480785227,0.4440168202385099,0.7366064990341454,0.6337332505734161,0.6750885058570048,0.08929422340702522,
B_argmax,2,0.02,2.0,17339.384615384617,346.3333333333333,346.3333333333333,59403.743589743586,0.16639250409639492,2.261400405810786,1.2138964549535904,0.7221237007978372,0.02532886727499058,0.0488945523176709,0.8310525522889639,0.046553444791157236,0.08800331136702826,0.9012772312485404,0.11007614658236911,0.19534196422091976,0.010176847797513027,
B_argmax,2,0.05,2.0,17339.384615384617,866.4615384615385,866.4615384615385,59403.743589743586,0.17064420395469254,1.976419207057779,1.0735317055062357,0.6988209104774042,0.058437484820209974,0.1076166280670759,0.8180879799842042,0.09702622396161496,0.17279408007032065,0.904098825322284,0.18605460881626143,0.3065978797155184,0.024309820292521194,
B_argmax,2,0.1,2.0,17339.384615384617,1733.4871794871794,1733.4871794871794,59403.743589743586,0.19142668615793895,1.6126987737962954,0.9020627299771172,0.6594847232422699,0.10673134155732865,0.18306552366551004,0.7852690159553667,0.16924949698405842,0.27693523324244324,0.8899025552513544,0.2936971064810439,0.43816273960678215,0.044686804244124176,
B_argmax,2,0.25,2.0,17339.384615384617,4334.410256410257,4334.410256410257,59403.743589743586,0.23254709507145804,0.8969689028889835,0.5647579989802207,0.5574612498445762,0.20526072292279934,0.2983322430860881,0.705277158593432,0.3300948247427014,0.44693183762866867,0.8638360976031841,0.5353801732358124,0.6577591070070355,0.08293797328397984,
B_argmax,2,0.5,2.0,17339.384615384617,8669.435897435897,8669.435897435897,59403.743589743586,0.3140418004985415,0.6026965099308981,0.4583691552147198,0.441960989875181,0.28424093589128685,0.34359010945371127,0.6037424851878359,0.44173340254349724,0.5076832910295817,0.8083469976874841,0.6606644676167868,0.7246929544575986,0.10536322655524537,
B_argmax,2,1.0,2.0,17339.384615384617,17339.384615384617,17339.384615384617,59403.743589743586,0.46231638251658524,0.4299714013711349,0.44614389194386006,0.3244537483451598,0.36877897442917057,0.3428530462404621,0.48266946178176184,0.5523582827176113,0.5128434453029745,0.7208271356790035,0.7778503767904328,0.7452865488571664,0.11089046724592326,
B_argmax,4,0.02,4.0,31117.94871794872,621.8461538461538,621.8461538461538,59403.743589743586,0.19908512655291455,2.1556545757041556,1.177369851128535,0.7772821165760864,0.04611976699685637,0.08697147974051989,0.8366313549632586,0.07353483790257087,0.13490181153510572,0.8745190960785166,0.14983222365717802,0.2543376434057265,0.019760199306772412,
B_argmax,4,0.05,4.0,31117.94871794872,1555.4358974358975,1555.4358974358975,59403.743589743586,0.19372512470305997,1.7959017463408748,0.9948134355219675,0.7535900009068441,0.10299041259600053,0.18088609309996084,0.8299609933432044,0.15000234184237252,0.2533262578119182,0.8845913303846519,0.2523428558744553,0.39003223891079897,0.04603103217489778,
B_argmax,4,0.1,4.0,31117.94871794872,3111.3333333333335,3111.3333333333335,59403.743589743586,0.20883915689069324,1.3736364438804283,0.7912378003855607,0.6843791166785711,0.17382162815351285,0.2765548829398318,0.7896559720465643,0.25155172922148167,0.38011048592609736,0.8791443421641381,0.3882380206270077,0.5356086303614319,0.07793614352179966,
B_argmax,4,0.25,4.0,31117.94871794872,7779.076923076923,7779.076923076923,59403.743589743586,0.25397675287006877,0.7317716878851294,0.4928742203775991,0.5277974123199798,0.29611917379248215,0.37824713881393457,0.6798904824446549,0.4325814847140217,0.5270766358955039,0.8504527223730463,0.6186266426712164,0.7136424841703312,0.11850663821782521,
B_argmax,4,0.5,4.0,31117.94871794872,15558.666666666666,15558.666666666666,59403.743589743586,0.3281002754599249,0.4383298112987555,0.3832150433793402,0.3985982995284738,0.39100748012572045,0.3935617325265186,0.5668670437852938,0.5523861051751272,0.5580610246838882,0.7942556089680343,0.7536882692234824,0.7704380117113834,0.13105271688505876,
B_argmax,4,1.0,4.0,31117.94871794872,31117.94871794872,31117.94871794872,59403.743589743586,0.49232383948505937,0.31313278827302216,0.40272831387904073,0.282514779239701,0.4915347197439459,0.35767192017272853,0.44126112018709956,0.6721662189528222,0.5310343805921733,0.6947004296570422,0.846969246529782,0.7609461974437337,0.12033028284769469,
B_argmax,8,0.02,8.0,49024.89743589744,980.0,980.0,59403.743589743586,0.20331759124849347,2.0799723922305335,1.1416449917395133,0.7890954390044386,0.0662032284011065,0.12201720980862862,0.8375335053764613,0.09410368897219414,0.16889357936812072,0.8701313424098251,0.16963429808290462,0.2828091556340714,0.031110495557364386,
B_argmax,8,0.05,8.0,49024.89743589744,2450.74358974359,2450.74358974359,59403.743589743586,0.2099714253829625,1.6173568068418211,0.9136641161123918,0.7327863574444359,0.14241458884911273,0.2379417279977529,0.8152188702284193,0.19702886557388086,0.3164534833676196,0.8756298828036299,0.30582125082897416,0.45062789647909735,0.06781039427066264,
B_argmax,8,0.1,8.0,49024.89743589744,4902.025641025641,4902.025641025641,59403.743589743586,0.21997505978058193,1.1789761913774488,0.6994756255790154,0.640403257381638,0.22749476760025486,0.3346601477065869,0.7658451012174046,0.3178474993323662,0.44732301882287917,0.8772813251285974,0.4568990665524568,0.5968057814431722,0.10389986510579505,
B_argmax,8,0.25,8.0,49024.89743589744,12255.846153846154,12255.846153846154,59403.743589743586,0.2685198688002372,0.592692208785532,0.4306060387928846,0.46998009343676667,0.3608695445828333,0.40688066722702465,0.6411381653712507,0.49500181446636315,0.556739724765547,0.8437451091434952,0.6716343893780439,0.7443073779517639,0.13681052018211376,
B_argmax,8,0.5,8.0,49024.89743589744,24512.23076923077,24512.23076923077,59403.743589743586,0.35554460260109627,0.360089082054467,0.3578168423277816,0.3464683521879302,0.46481525424509523,0.39552920629218835,0.5226499702478336,0.6182687413763589,0.5641395248950325,0.7762813458678257,0.7963788336930284,0.7829049085716063,0.1362050375429802,
B_argmax,8,1.0,8.0,49024.89743589744,49024.89743589744,49024.89743589744,59403.743589743586,0.5261460943494689,0.25794228806041664,0.3920441912049428,0.2427457737428918,0.5802131768372621,0.3410431021661488,0.4002302506785699,0.7416663495360059,0.5177812980201159,0.6702348066643864,0.8776203109135045,0.7574720207287049,0.1147826959898527,
B_argmax,16,0.02,15.692307692307692,71029.17948717948,1420.1025641025642,1420.1025641025642,59403.743589743586,0.20943925541148106,1.9458566540876556,1.0776479547495683,0.7856102654920475,0.09090390377323344,0.1626413924749225,0.8345073695310898,0.12284685309825459,0.21368754194404824,0.8674699327769446,0.20624618905136102,0.3316142592180344,0.04389863433167913,
B_argmax,16,0.05,15.692307692307692,71029.17948717948,3550.974358974359,3550.974358974359,59403.743589743586,0.21475298485245034,1.4533356870286107,0.8340443359405305,0.7021178558391993,0.1819000905492128,0.28815992823843484,0.7991792300314747,0.24229055214743808,0.3706172154456282,0.877151630840915,0.35773184173017425,0.5050105469683194,0.08829276061933197,
B_argmax,16,0.1,15.692307692307692,71029.17948717948,7102.461538461538,7102.461538461538,59403.743589743586,0.22498352410396721,1.0413147858354388,0.6331491549697029,0.5930745860534833,0.2768137127877495,0.3761231800071041,0.7407978124285333,0.3725424438359713,0.49373016512821055,0.8785029600713898,0.5049787220812014,0.6376993687186623,0.1240816703249165,
B_argmax,16,0.25,15.692307692307692,71029.17948717948,17756.871794871793,17756.871794871793,59403.743589743586,0.290769842765057,0.5261689228599676,0.4084693828125124,0.4189011679827625,0.41446474408862943,0.4153094671157018,0.6004212855862275,0.5392187088590094,0.5660837969081464,0.8285435319602714,0.7089469063292393,0.7607517264857577,0.14471066249780679,
B_argmax,16,0.5,15.692307692307692,71029.17948717948,35514.35897435898,35514.35897435898,59403.743589743586,0.39184314178847207,0.32007010541475267,0.35595662360161234,0.30030290691204015,0.5252963788506182,0.3806286087952692,0.4764821279375609,0.6696152512719374,0.5541887837438055,0.7477922842499494,0.8280630072145895,0.7830813951995357,0.1313052070226546,
B_argmax,16,1.0,15.692307692307692,71029.17948717948,71029.17948717948,71029.17948717948,59403.743589743586,0.5739300936466374,0.21855488302659828,0.39624248833661785,0.20872291800614598,0.6511933237787664,0.3148714638162046,0.3600282994555854,0.7897834993958159,0.4923041623146953,0.6360677900132631,0.9001464814666855,0.7426703250024193,0.10436112177040154,
B_argmax_matchE50,-1,0.02,23.666666666666668,86082.33333333333,155.23076923076923,155.23076923076923,59403.743589743586,0.26305509353882944,2.525609661488873,1.3943323775138512,0.771819347371837,0.013328569958072856,0.02618441055225352,0.805720191168706,0.027092768873565543,0.05231075079451237,0.8191081019843481,0.07336666687780867,0.1338779002869088,0.004824157583485944,
B_argmax_matchE50,-1,0.05,23.666666666666668,86082.33333333333,389.0,389.0,59403.743589743586,0.23047969333016277,2.400949649377891,1.3157146713540269,0.8022426890822638,0.028675989254636915,0.05526892484507521,0.831003081794423,0.04559092003129603,0.08609658249551255,0.8459638631155298,0.09835910441222408,0.17484407333707258,0.012783711249641979,
B_argmax_matchE50,-1,0.1,23.666666666666668,86082.33333333333,778.4358974358975,778.4358974358975,59403.743589743586,0.21120681345350834,2.2290989039674454,1.220152858710477,0.8082596032951249,0.0526298278234019,0.09852232449654583,0.8408374120601255,0.07428950190078232,0.1358087879983537,0.8614463269588258,0.13828890471065203,0.23616295700309495,0.02554727941676735,
B_argmax_matchE50,-1,0.25,23.666666666666668,86082.33333333333,1946.820512820513,1946.820512820513,59403.743589743586,0.20953606327986407,1.8294618156906313,1.0194989394852476,0.7707841485786016,0.11555941384729741,0.19980287874147257,0.8315335718979503,0.1547345185129053,0.2586394779613339,0.8708984637157846,0.2482968294382857,0.3803753867832935,0.05732011946479133,
B_argmax_matchE50,-1,0.5,23.666666666666668,86082.33333333333,3894.025641025641,3894.025641025641,59403.743589743586,0.21115481474862194,1.4584138758718945,0.8347843453102584,0.7005256626833813,0.1932925149727607,0.30025975255337406,0.8050402124939767,0.25685732338891554,0.3849985772300314,0.8816048914706835,0.3685367860608534,0.5129156058941708,0.09361132613565183,
B_argmax_matchE50,-1,1.0,23.666666666666668,86082.33333333333,7788.51282051282,7788.51282051282,59403.743589743586,0.21925054794204016,1.0390266846049967,0.6291386162735184,0.5899015909658324,0.2892763627416113,0.3841850809575983,0.7447827646028704,0.37888172645036255,0.49860603615284904,0.8861729320134291,0.5024369040234715,0.636570235803589,0.12974435815270072,
B_argmax_matchE50,1,0.02,1.0,9964.435897435897,34.743589743589745,34.743589743589745,59403.743589743586,0.2565475426729989,3.324389845971182,1.7904686943220907,0.7141012170813791,0.0030759255809453094,0.006123054092739993,0.7367012528509435,0.006508424306335858,0.012894206909851866,0.7884688494987695,0.022767695578204305,0.04418637258106209,0.0011849280577887324,
B_argmax_matchE50,1,0.05,1.0,9964.435897435897,87.53846153846153,87.53846153846153,59403.743589743586,0.2385207260560798,3.1807437739122952,1.7096322499841876,0.7347411260128718,0.007221863854385116,0.014290839055836665,0.7662069085737441,0.01272603081823189,0.025004777441054598,0.8166550864889135,0.0366541977242314,0.06993751816444418,0.0030339902413846938,
B_argmax_matchE50,1,0.1,1.0,9964.435897435897,175.48717948717947,175.48717948717947,59403.743589743586,0.220467615994069,3.0238241632811755,1.6221458896376222,0.745903391075447,0.014195656727371105,0.027815255705560496,0.7914901587146306,0.02356318049138083,0.0456249623488009,0.8423098027048987,0.057071537681007346,0.10616980889535725,0.006181911038921823,
B_argmax_matchE50,1,0.25,1.0,9964.435897435897,439.2564102564103,439.2564102564103,59403.743589743586,0.20449406858604988,2.7128338079572325,1.4586639382716413,0.7320245537614272,0.0332065402976753,0.06329889014724775,0.8043824103761958,0.052180143437160036,0.097423149521478,0.8721723647136622,0.10501837156445909,0.18519313634351248,0.014780643920636561,
B_argmax_matchE50,1,0.5,1.0,9964.435897435897,879.0512820512821,879.0512820512821,59403.743589743586,0.21374267177139075,2.345504708940779,1.279623690356085,0.68152911377937,0.060716778255246434,0.11074603858098822,0.7798077110118011,0.09469039816498923,0.1669546686880459,0.8737203814338245,0.17316323837237355,0.2834198295691614,0.026646540922088856,
B_argmax_matchE50,1,1.0,1.0,9964.435897435897,1758.6410256410256,1758.6410256410256,59403.743589743586,0.22214519979020195,1.7169704172470215,0.9695578085186118,0.6217702366675613,0.10551162990362141,0.17848998329670138,0.7415569250688505,0.16986691650350555,0.272021008067601,0.8738534365872186,0.30392265054469186,0.4402298772859402,0.04502332210838814,
B_argmax_matchE50,2,0.02,2.0,17339.384615384617,57.61538461538461,57.61538461538461,59403.743589743586,0.1741367935755149,2.5690530147453963,1.3715949041604556,0.7407520597512228,0.00511424145232451,0.010154752447766003,0.8296234577048605,0.012785662772603451,0.025159261725073125,0.8859905687877043,0.04799202208218169,0.09072343820472385,0.0017938335436785814,
B_argmax_matchE50,2,0.05,2.0,17339.384615384617,144.82051282051282,144.82051282051282,59403.743589743586,0.16800166510310793,2.446701269630044,1.307351467366576,0.7336006048198778,0.01138363310199972,0.022403702258497665,0.8301307643605199,0.02386797871851252,0.04633390321176509,0.8973786615869978,0.070485099110892,0.13007456618564603,0.00436947817086493,
B_argmax_matchE50,2,0.1,2.0,17339.384615384617,290.0769230769231,290.0769230769231,59403.743589743586,0.16512964216916737,2.3064141166532175,1.2357718794111925,0.7265417411681333,0.02171977687783927,0.04212755146819188,0.8340369483411566,0.04111826122781759,0.0781748076663334,0.9024411058620686,0.10100242701849567,0.18064140894070377,0.008689187373256455,
B_argmax_matchE50,2,0.25,2.0,17339.384615384617,726.0,726.0,59403.743589743586,0.1661137155158458,2.0402073749392717,1.1031605452275588,0.7062687283159426,0.05057975745323776,0.09410990497010459,0.8251717814353805,0.08596098643198642,0.15477187415859725,0.9078075193907474,0.17009977419675953,0.28395933410967217,0.020985635085355416,
B_argmax_matchE50,2,0.5,2.0,17339.384615384617,1452.4871794871794,1452.4871794871794,59403.743589743586,0.18189946217943645,1.719007105322958,0.9504532837511973,0.6739683474998239,0.09313655216980547,0.16282173586910487,0.7991599021242931,0.14946936379711945,0.24958346709144566,0.8973408659354973,0.2640560377088824,0.4030059547753376,0.03913463141853369,
B_argmax_matchE50,2,1.0,2.0,17339.384615384617,2905.4102564102564,2905.4102564102564,59403.743589743586,0.2079440806688151,1.2135210070506035,0.7107325438597092,0.612628682838431,0.1615803097120511,0.25376616401588353,0.750332610290676,0.2574745274225362,0.37933929977025704,0.8812433170582494,0.4270942935050074,0.5695199465581792,0.066484153856866,
B_argmax_matchE50,4,0.02,4.0,31117.94871794872,92.48717948717949,92.48717948717949,59403.743589743586,0.23479021042231168,2.458211863052983,1.346501036737647,0.7540684321563825,0.008350411361506691,0.016511849766852823,0.8087861299703845,0.020975060908073166,0.04083938646796062,0.8429211043638688,0.07348238420719833,0.13457758147909113,0.002926032195692397,
B_argmax_matchE50,4,0.05,4.0,31117.94871794872,231.82051282051282,231.82051282051282,59403.743589743586,0.2199645475620214,2.3521366391438057,1.2860505933529136,0.7663020530821756,0.0189599055590779,0.036973495883415274,0.8217437368223566,0.03733503109374768,0.07129107501894778,0.8565402795889668,0.09810588367005903,0.17524422630573566,0.0073558259157389515,
B_argmax_matchE50,4,0.1,4.0,31117.94871794872,464.12820512820514,464.12820512820514,59403.743589743586,0.2072191852218677,2.2291751091629477,1.2181971471924078,0.7758031911036135,0.03565217713129671,0.0680527112604356,0.8322165435585079,0.06022967937694943,0.11190036958502653,0.8678755564276778,0.13131199569469137,0.2262922578072643,0.014961531482768317,
B_argmax_matchE50,4,0.25,4.0,31117.94871794872,1160.974358974359,1160.974358974359,59403.743589743586,0.1911116025285282,1.9463922342838196,1.0687519184061738,0.7701331620613708,0.08064529472786874,0.14556272584532703,0.837976489559469,0.12013949197478528,0.20892864648782167,0.884130388311615,0.2132818374219116,0.33995894915829084,0.036144719870452306,
B_argmax_matchE50,4,0.5,4.0,31117.94871794872,2322.5384615384614,2322.5384615384614,59403.743589743586,0.19792059305010332,1.5797198202214726,0.888820206635788,0.722728540805597,0.14293055923463774,0.23773817116574003,0.8151802437961161,0.2071363705998603,0.3280261535790379,0.8853634334288409,0.3277252555623125,0.4737100177576285,0.064150245519209,
B_argmax_matchE50,4,1.0,4.0,31117.94871794872,4645.51282051282,4645.51282051282,59403.743589743586,0.22110242396915006,1.1076242100820666,0.6643633170256084,0.6288937571931627,0.22871658022881688,0.3336550653750376,0.7558669242514073,0.33173431241840373,0.45808432252358233,0.8745406864569876,0.48239121922285677,0.6176141074780835,0.09917127515707541,
B_argmax_matchE50,8,0.02,8.0,49024.89743589744,118.23076923076923,118.23076923076923,59403.743589743586,0.2580157748089793,2.480196495042849,1.369106134925914,0.748711118057308,0.01091232767858205,0.02150086485969475,0.8002089065237917,0.026437181834566142,0.05108746266105824,0.8210048973723937,0.07783591797865007,0.14143584057075084,0.003722452356965806,
B_argmax_matchE50,8,0.05,8.0,49024.89743589744,296.28205128205127,296.28205128205127,59403.743589743586,0.22966620589180792,2.38924189467016,1.309454050280984,0.7827676795659443,0.023461645884999657,0.04550920078427645,0.8253790490967032,0.04180444346775308,0.07934483552242917,0.8476987116615604,0.09787647297070719,0.1742495986204644,0.009793841555440509,
B_argmax_matchE50,8,0.1,8.0,49024.89743589744,593.1025641025641,593.1025641025641,59403.743589743586,0.214857774157871,2.250002633194027,1.232430203675949,0.7933190498748922,0.042618006522247544,0.08074576438228047,0.8345621123118888,0.06492071382658057,0.11996759401765346,0.8603690105458296,0.12902667351151362,0.2227087151465261,0.01955664545104544,
B_argmax_matchE50,8,0.25,8.0,49024.89743589744,1483.5897435897436,1483.5897435897436,59403.743589743586,0.20152386241771186,1.9059254341015794,1.0537246482596458,0.7745923335365614,0.09541520706323373,0.169253688454342,0.8339263568822326,0.13349208995220632,0.22859696360560774,0.8750947701108773,0.22490609497403286,0.3537615894750233,0.04569089389681438,
B_argmax_matchE50,8,0.5,8.0,49024.89743589744,2967.6923076923076,2967.6923076923076,59403.743589743586,0.20972925912832097,1.5133145132660495,0.8615218861971852,0.7171726500946608,0.16710963493553188,0.2695607396698009,0.8106113656940003,0.2321329855806212,0.35765383359570396,0.8791919241112296,0.3505445694282732,0.4945902561094542,0.07871779568907479,
B_argmax_matchE50,8,1.0,8.0,49024.89743589744,5935.871794871795,5935.871794871795,59403.743589743586,0.22183620293990372,1.07875007689198,0.6502931399159418,0.6135314889604597,0.2593174228376949,0.36175643150969844,0.7526685520715218,0.35712852740892953,0.4808567383350618,0.879592177836472,0.49165157429951467,0.6259042175290472,0.11520620213479849,
B_argmax_matchE50,16,0.02,15.692307692307692,71029.17948717948,140.0,140.0,59403.743589743586,0.266398927329415,2.508919219298699,1.387659073314057,0.7712878814765974,0.012607849495551231,0.024795835439126564,0.801729472172575,0.02710886535271231,0.05233722696807886,0.815288216068597,0.07450938302965647,0.1357598066719328,0.004474727511600011,
B_argmax_matchE50,16,0.05,15.692307692307692,71029.17948717948,350.9230769230769,350.9230769230769,59403.743589743586,0.23338294788093725,2.4000944188574898,1.3167386833692136,0.7988129657559088,0.027004572051188724,0.05216034019884513,0.8278161320884465,0.04404022876569754,0.08333727438563465,0.8438729841645284,0.09722143921623158,0.17303930943152807,0.011794748673263026,
B_argmax_matchE50,16,0.1,15.692307692307692,71029.17948717948,702.3589743589744,702.3589743589744,59403.743589743586,0.2143632683981764,2.239726620597538,1.2270449444978573,0.8059328559425278,0.0494371921736472,0.09290721592415317,0.8381957658940238,0.07103860574556886,0.1303177088957147,0.8593464757101744,0.13465479659568932,0.23072337855147682,0.023490841488478277,
B_argmax_matchE50,16,0.25,15.692307692307692,71029.17948717948,1756.6410256410256,1756.6410256410256,59403.743589743586,0.2065531204816091,1.8546004944671575,1.0305768074743833,0.7764774692163425,0.10903760118885342,0.190335362232982,0.8342976835504999,0.14700932856225726,0.24818425028053623,0.8726244134686061,0.2381678298027081,0.36983634028741663,0.053553844392247356,
B_argmax_matchE50,16,0.5,15.692307692307692,71029.17948717948,3513.74358974359,3513.74358974359,59403.743589743586,0.21231577479956165,1.4773987009315306,0.8448572378655461,0.7082969432237122,0.18519486136922472,0.29149644825399257,0.8071276825306534,0.24897860253048046,0.37652412098106935,0.8803354038762797,0.36164454539202734,0.5055698314673143,0.08886128781302827,
B_argmax_matchE50,16,1.0,15.692307692307692,71029.17948717948,7027.897435897436,7027.897435897436,59403.743589743586,0.2185427441475039,1.049702044428066,0.634122394287785,0.6024207867591592,0.28021348746630004,0.37923533214628297,0.7512846990437998,0.3730414907408157,0.4951078837621176,0.885398948645574,0.49993282966496405,0.6345704520040742,0.1258128165942009,
B_argmax_matchE75,-1,0.02,23.666666666666668,86082.33333333333,61.666666666666664,61.666666666666664,59403.743589743586,0.3194534670585381,2.666747593792268,1.493100530425403,0.710060935360186,0.006316473563501979,0.012513598185161822,0.7510714457707073,0.016751442914671063,0.03271238179152292,0.7678958877169274,0.05277654690267953,0.09834141835845871,0.0016927482429515996,
B_argmax_matchE75,-1,0.05,23.666666666666668,86082.33333333333,155.02564102564102,155.02564102564102,59403.743589743586,0.26294528150096735,2.526895567633357,1.3949204245671623,0.7712472324331024,0.013337409173983699,0.026193126906265754,0.8047843559369802,0.02711385954892764,0.05232251377142933,0.8181892092592352,0.07323430587874344,0.1335241483451344,0.004732544702931184,
B_argmax_matchE75,-1,0.1,23.666666666666668,86082.33333333333,310.43589743589746,310.43589743589746,59403.743589743586,0.23817565733741958,2.4422749809398923,1.340225319138656,0.795330151442293,0.02366754273961016,0.045865990737607075,0.8258618173963322,0.039761876174022916,0.07552480048011945,0.8393372866807832,0.09031743544699264,0.16170459524171546,0.009925588854746405,
B_argmax_matchE75,-1,0.25,23.666666666666668,86082.33333333333,776.9487179487179,776.9487179487179,59403.743589743586,0.2108934865021522,2.2370199439644063,1.2239567152332793,0.8086943627559592,0.05254374638355499,0.09823753273820832,0.8405032770533006,0.07356157110192275,0.13442167492050383,0.8600450800341861,0.1350768431253456,0.23148939543790822,0.02514310910724873,
B_argmax_matchE75,-1,0.5,23.666666666666668,86082.33333333333,1554.3589743589744,1554.3589743589744,59403.743589743586,0.20825389398708474,1.9511174921643897,1.0796856930757373,0.7870305101860777,0.09603020023927329,0.16988485894300778,0.8345809142433017,0.12775837262337764,0.21970688770978475,0.8662296526925507,0.2123617083210191,0.336614998893397,0.04732737282918077,
B_argmax_matchE75,-1,1.0,23.666666666666668,86082.33333333333,3109.230769230769,3109.230769230769,59403.743589743586,0.21450702794353246,1.5825084712512725,0.8985077495974024,0.7277911540570441,0.16465211739620578,0.2655670640700724,0.813472597948247,0.2203462870309042,0.34204118198612954,0.8728061856507833,0.32731698216022453,0.4683886234211425,0.08040163512276309,
B_argmax_matchE75,1,0.02,1.0,9964.435897435897,13.512820512820513,13.512820512820513,59403.743589743586,0.2672355004195559,3.4186296464279575,1.8429325734237567,0.717493713760682,0.0013811680015135015,0.0027564810352418735,0.7355262259108414,0.003715690382796749,0.00739077031900085,0.7769812096735174,0.01669786877478429,0.0326502391629688,0.0004570858800129514,
B_argmax_matchE75,1,0.05,1.0,9964.435897435897,34.38461538461539,34.38461538461539,59403.743589743586,0.2520416750710745,3.326726589989452,1.7893841325302633,0.7230600624061971,0.0030982641545841574,0.006167752766739624,0.7430390164207189,0.006504647324809176,0.012887341105468103,0.7923800677452424,0.02290021119721707,0.044446601052478676,0.0011674816525561117,
B_argmax_matchE75,1,0.1,1.0,9964.435897435897,69.38461538461539,69.38461538461539,59403.743589743586,0.2371837677511362,3.2256439238403516,1.7314138457957438,0.7380114603390379,0.005873861275573437,0.011646165126083009,0.766473799786259,0.010629702973747837,0.02094567432493904,0.8136490027889322,0.03190822550020104,0.061280971114096,0.002385037478024438,
B_argmax_matchE75,1,0.25,1.0,9964.435897435897,174.48717948717947,174.48717948717947,59403.743589743586,0.22040629056170025,3.024304370514026,1.6223553305378633,0.7471117012904659,0.014160006121548623,0.02774668016185238,0.7911628533957473,0.02322032506356541,0.04499078056506034,0.8404013196408681,0.05625135226255253,0.10478907691169806,0.006097059425334866,
B_argmax_matchE75,1,0.5,1.0,9964.435897435897,349.35897435897436,349.35897435897436,59403.743589743586,0.20892914556310307,2.802400988077309,1.505665066820206,0.7391375678863816,0.026906817055097416,0.05177246982301668,0.8027976040760715,0.0424813930295236,0.08033169555407335,0.8643199342882181,0.08983608555456524,0.16110328355633663,0.011798465415138695,
B_argmax_matchE75,1,1.0,1.0,9964.435897435897,699.1538461538462,699.1538461538462,59403.743589743586,0.21217247815240575,2.4764441648425675,1.3443083214974867,0.6977050121157145,0.04980045724127812,0.09244813087543838,0.7870161647722597,0.07783760892457679,0.14033589569442606,0.8709490629704905,0.14706936701985912,0.24740602396148276,0.021907705260499958,
B_argmax_matchE75,2,0.02,2.0,17339.384615384617,22.41025641025641,22.41025641025641,59403.743589743586,0.1743620661599719,2.661935885175774,1.4181489756678731,0.7455839895856766,0.0024170552800435296,0.004817277350199808,0.8292763012160725,0.007558694991971047,0.014969799912580998,0.8838018128976305,0.035811637892240546,0.06864084469377202,0.0007308204510131053,
B_argmax_matchE75,2,0.05,2.0,17339.384615384617,56.743589743589745,56.743589743589745,59403.743589743586,0.17209087020613303,2.570229194480772,1.3711600323434523,0.7456229317436824,0.005068006852678448,0.010063223270537512,0.8316635094538887,0.012613469682255298,0.024825110474005475,0.8881362693102894,0.047818155413183426,0.09041388818742419,0.001758673609375745,
B_argmax_matchE75,2,0.1,2.0,17339.384615384617,114.02564102564102,114.02564102564102,59403.743589743586,0.16673561990690994,2.483514105801972,1.325124862854441,0.7360465710033105,0.009165446852280663,0.0180925193644637,0.8309738026070786,0.020054900235148394,0.039109963028180934,0.8952221434847244,0.06263104379021797,0.11658171419055527,0.0034443889414625685,
B_argmax_matchE75,2,0.25,2.0,17339.384615384617,285.87179487179486,285.87179487179486,59403.743589743586,0.1662818555549173,2.31037009610474,1.2383259758298286,0.7241610111863008,0.02122976595946965,0.041187952970489376,0.832413075298661,0.0404143211005005,0.07686776308699267,0.9008529356794207,0.09941037209945927,0.17805810267389302,0.008399146539837695,
B_argmax_matchE75,2,0.5,2.0,17339.384615384617,572.2051282051282,572.2051282051282,59403.743589743586,0.16653118505395484,2.1247343812966526,1.145632783175304,0.7109956878501581,0.040260299566507576,0.07598953865231592,0.8271233627183031,0.07019095026840629,0.12873936924004914,0.9049585724155137,0.14710536591463322,0.25089598942371655,0.016452226695805493,
B_argmax_matchE75,2,1.0,2.0,17339.384615384617,1145.1025641025642,1145.1025641025642,59403.743589743586,0.17677832964795406,1.850070623682289,1.0134244766651215,0.6863670421751259,0.0751173245052428,0.13473145875188852,0.8086413234360867,0.1223505156117984,0.21088594248028472,0.8993190098226866,0.2255638932840769,0.35645897830089646,0.031317621511885885,
B_argmax_matchE75,4,0.02,4.0,31117.94871794872,40.282051282051285,40.282051282051285,59403.743589743586,0.22762831151031826,2.5222273718150467,1.3749278416626827,0.7543072520374628,0.004250823175835949,0.008451804110740525,0.8110576143836431,0.013306135266218756,0.02616057735524743,0.8477082004675125,0.05982552036288247,0.11136311807308348,0.0012858305686882282,
B_argmax_matchE75,4,0.05,4.0,31117.94871794872,101.61538461538461,101.61538461538461,59403.743589743586,0.23037573490014077,2.4502748018799663,1.3403252683900535,0.7565891509462348,0.009065752016157533,0.017908849104654883,0.8105373409027126,0.02210380037387549,0.042979152650009476,0.8459384163198868,0.0751346988018944,0.13741840735626543,0.00316798234490249,
B_argmax_matchE75,4,0.1,4.0,31117.94871794872,203.7948717948718,203.7948717948718,59403.743589743586,0.22189733083388363,2.3715687942495847,1.2967330625417341,0.7659614136661638,0.01699225935069842,0.03321585172584898,0.8196165374680822,0.03438960487650247,0.06588596818902046,0.8536717228414795,0.09322813251324237,0.16738468337756757,0.006404325517394152,
B_argmax_matchE75,4,0.25,4.0,31117.94871794872,510.15384615384613,510.15384615384613,59403.743589743586,0.2060918247558188,2.213567494948391,1.2098296598521048,0.7766533464221592,0.039026241804121516,0.07412861434407123,0.8323914661425155,0.06434681767752365,0.11888627206869576,0.868634298675537,0.13555676348213763,0.23265451285642627,0.016224094665894872,
B_argmax_matchE75,4,0.5,4.0,31117.94871794872,1020.8974358974359,1020.8974358974359,59403.743589743586,0.1934667440084552,2.0029059017266655,1.0981863228675603,0.7743889335256006,0.07246365565846997,0.13198868376429573,0.8373369070228696,0.1080807511839296,0.19027646701851944,0.8806282852773618,0.19622062570598575,0.3177647700013848,0.031923795257553136,
B_argmax_matchE75,4,1.0,4.0,31117.94871794872,2042.3076923076924,2042.3076923076924,59403.743589743586,0.19762559381926437,1.6617333007201864,0.9296794472697254,0.7343603236318306,0.12924676068119548,0.21859860513995782,0.8204238379470031,0.18597916470044035,0.300995151741074,0.883164970370575,0.2989140403219496,0.4425409293306795,0.057755443640690754,
B_argmax_matchE75,8,0.02,8.0,49024.89743589744,50.17948717948718,50.17948717948718,59403.743589743586,0.2642027376731285,2.5396832857279406,1.4019430117005347,0.7407914727517615,0.005556975207100218,0.011027898507420133,0.7910165412729723,0.01825533436678654,0.035637475225330006,0.8143855869519827,0.06640387743372099,0.12218257628367792,0.0015078780976661645,
B_argmax_matchE75,8,0.05,8.0,49024.89743589744,126.3076923076923,126.3076923076923,59403.743589743586,0.2559948504889741,2.4752039122544387,1.3655993813717064,0.7508975491465103,0.011457273882793745,0.022555760050259534,0.8015630327654917,0.027380248480171343,0.0528264535893331,0.8225752253893099,0.07936429443122929,0.14382299022725026,0.0038876173773560794,
B_argmax_matchE75,8,0.1,8.0,49024.89743589744,253.07692307692307,253.07692307692307,59403.743589743586,0.2365005460372155,2.413636789597178,1.3250686678171968,0.7755139671183068,0.020474379367283874,0.03984228782014861,0.8193888903417592,0.038119051596900544,0.07259955298624064,0.8401712358012605,0.09262237228616035,0.16559061580309598,0.008083598186152131,
B_argmax_matchE75,8,0.25,8.0,49024.89743589744,633.5897435897435,633.5897435897435,59403.743589743586,0.21253497184715364,2.24011977054994,1.2263273711985467,0.7949467918883788,0.045138159898890834,0.08518917517428737,0.8356155115117431,0.06766764264293039,0.12454726419311586,0.8613160816091624,0.13120097215249008,0.22603600417100678,0.020440255911848563,
B_argmax_matchE75,8,0.5,8.0,49024.89743589744,1267.6666666666667,1267.6666666666667,59403.743589743586,0.20258318836491698,1.9805572998794878,1.0915702441222024,0.7834157900351915,0.0832288390458001,0.14973301395554214,0.83406221739728,0.11617869195296104,0.20255769685596609,0.8707420473304811,0.20161491590573954,0.3239670834414704,0.039311169694519886,
B_argmax_matchE75,8,1.0,8.0,49024.89743589744,2535.8205128205127,2535.8205128205127,59403.743589743586,0.21036353022763266,1.6052591967709187,0.9078113634992757,0.73391452218169,0.14729855080532536,0.24362498754236342,0.815236406096978,0.20491149302827383,0.3242684615981399,0.8741103823507774,0.3177600582549059,0.45919676732601106,0.06968103704856994,
B_argmax_matchE75,16,0.02,15.692307692307692,71029.17948717948,57.02564102564103,57.02564102564103,59403.743589743586,0.2946377527949494,2.6017456080696983,1.4481916804323238,0.7402203327298837,0.006362128944896666,0.012609916879572186,0.7688522748104482,0.01830661647189678,0.03568858059475192,0.7850509306623749,0.05854879532011047,0.1083655728178152,0.0017227623011300175,
B_argmax_matchE75,16,0.05,15.692307692307692,71029.17948717948,143.28205128205127,143.28205128205127,59403.743589743586,0.26588572356493667,2.5079705462356197,1.3869281349002782,0.7706762593306248,0.01284339469353498,0.025244623076250323,0.8015824076400039,0.02744708701875189,0.05293842083274747,0.8152556720650974,0.0751425485070866,0.13666185792866625,0.004486493946335432,
B_argmax_matchE75,16,0.1,15.692307692307692,71029.17948717948,286.9230769230769,286.9230769230769,59403.743589743586,0.23992311720060805,2.4356005074392812,1.3377618123199446,0.794246154895024,0.022744521399685767,0.044141462832485705,0.8239441408612871,0.0389841096769158,0.07415405970431507,0.8380128725882321,0.09044512556502336,0.16194344921240672,0.00937629866002799,
B_argmax_matchE75,16,0.25,15.692307692307692,71029.17948717948,718.1538461538462,718.1538461538462,59403.743589743586,0.2140682694274789,2.2404666166060108,1.227267443016745,0.8062216104069992,0.05027763561234603,0.09428515314080811,0.8378610751716972,0.07123171030444032,0.13052885520040958,0.8580181658394102,0.13295919570909356,0.22833564275338963,0.02359246130920774,
B_argmax_matchE75,16,0.5,15.692307692307692,71029.17948717948,1436.871794871795,1436.871794871795,59403.743589743586,0.20656875898103394,1.9628435212966424,1.084706140138838,0.7905566223500934,0.09208889467541459,0.16400539484805787,0.836075874669767,0.12368557188022422,0.21399130635145744,0.8673229134311159,0.20682075566420252,0.33072416422958045,0.044820985903810236,
B_argmax_matchE75,16,1.0,15.692307692307692,71029.17948717948,2874.358974358974,2874.358974358974,59403.743589743586,0.21426928544372287,1.5903671529964418,0.9023182192200824,0.7320638350655729,0.1594008322604525,0.2595153556473791,0.81423324365044,0.21511674440903783,0.33634818346896844,0.8728712287005359,0.3238237503745495,0.4647495444030265,0.07709828402838767,
C_grid,-1,0.005,23.666666666666668,719213.282051282,3595.641025641026,3595.641025641026,59403.743589743586,0.2324076844953516,1.773694176610285,1.0030509305528184,0.6360642250360307,0.12355052241079445,0.20306028784516428,0.8294345493022601,0.1508891918722753,0.2521825246136357,0.8674341763803068,0.2294361842326702,0.3587455073865205,0.06872857347510417,0.10367506524099153
C_grid,-1,0.01,23.666666666666668,719213.282051282,7191.692307692308,7191.692307692308,59403.743589743586,0.24667592052101592,1.458539222509993,0.8526075715155045,0.519506243077585,0.19404586628501694,0.2752834081506346,0.7943480256284091,0.2331961750048629,0.35487404843879544,0.8678399666657839,0.3310456977146043,0.4740564203615379,0.09798847254233657,0.10367506524099153
C_grid,-1,0.02,23.666666666666668,719213.282051282,14383.76923076923,14383.76923076923,59403.743589743586,0.26553978248273746,1.120652835365135,0.6930963089239364,0.41584696375829583,0.2960397339148185,0.33640856660508955,0.7124291842342763,0.3443493179548505,0.4566146591238939,0.8661408940502658,0.4522456572179783,0.5902502104172381,0.12378312957674782,0.10367506524099153
C_grid,-1,0.05,23.666666666666668,719213.282051282,35960.333333333336,35960.333333333336,59403.743589743586,0.34285038353105435,0.6656887598547836,0.504269571692919,0.2859134351729094,0.45995676164317106,0.3442605601586775,0.5351999501569571,0.5139502545600608,0.5144745402225086,0.8132479206836551,0.6239204375178182,0.7009206111900597,0.12635425523060423,0.10367506524099153
C_grid,-1,0.1,23.666666666666668,719213.282051282,71921.02564102564,71921.02564102564,59403.743589743586,0.4902349256016092,0.42861246104634076,0.4594236933239749,0.20132778659515313,0.5954732546241012,0.2954278096223106,0.39717606685323925,0.6487679412700429,0.48423742845429185,0.7074787874898164,0.7534871483798791,0.725131687880154,0.1034941516483109,0.10367506524099153
C_grid,-1,0.25,23.666666666666668,719213.282051282,179803.15384615384,179803.15384615384,59403.743589743586,0.7732718289140543,0.21901241809962985,0.4961421235068421,0.12410973116256045,0.8061410692424826,0.21286747604813586,0.25689920336311417,0.8375197111032301,0.3877442831138046,0.5459677073189365,0.892511692854985,0.6703288542097753,0.06943921312783366,0.10367506524099153
C_grid,-1,0.5,23.666666666666668,719213.282051282,359606.58974358975,359606.58974358975,59403.743589743586,1.1349582117017476,0.10098485071619717,0.6179715312089724,0.07725040169690926,0.9308322047325966,0.14177056273685443,0.1634108702374814,0.9422394403067463,0.27570116881908363,0.3918572658819483,0.961978219864122,0.5496020508782037,0.043843273956729885,0.10367506524099153
C_grid,-1,1.0,23.666666666666668,719213.282051282,719213.282051282,719213.282051282,59403.743589743586,1.703203892084967,0.06161857206773077,0.882411232076349,0.04264468253381757,0.9866548291458017,0.08149483553211043,0.09146131393294599,0.9875554221406964,0.16649083106853582,0.23195652788578222,0.9897641240468081,0.37209752670948115,0.02410599287362315,0.10367506524099153
C_grid,1,0.005,1.0,388089.58974358975,1940.025641025641,1940.025641025641,59403.743589743586,0.22067460130988545,2.148987642125992,1.1848311217179388,0.6589211381698751,0.07332529843536399,0.13078658827976394,0.8111293740852018,0.10002078256533378,0.17653284854329027,0.868687900808495,0.17481236891817517,0.28749745836545554,0.04108620041617498,0.1
C_grid,1,0.01,1.0,388089.58974358975,3880.4102564102564,3880.4102564102564,59403.743589743586,0.2275552566505361,1.9140734339778613,1.0708143453141987,0.5595851512762898,0.11500214746735707,0.18794322339177502,0.7888196622851483,0.15310266904736217,0.2535996166886731,0.8763074865645606,0.2421623398171335,0.3747922785956116,0.06308526518273383,0.1
C_grid,1,0.02,1.0,388089.58974358975,7761.358974358975,7761.358974358975,59403.743589743586,0.24566591558789688,1.5633612280342466,0.9045135718110717,0.462708489325592,0.17765513763309365,0.25067604865061643,0.731266706700329,0.22499213387411396,0.3381036577147141,0.8701600753452094,0.3255555569138101,0.46662388376698105,0.09000683957101785,0.1
C_grid,1,0.05,1.0,388089.58974358975,19404.20512820513,19404.20512820513,59403.743589743586,0.31684147203178453,0.9732377320182485,0.6450396020250164,0.33376654714174087,0.29345166733058653,0.30334625644646485,0.5853658910845366,0.3587169984204549,0.4351970804241231,0.808174559170285,0.487556025617111,0.5986777400571182,0.11275891754352142,0.1
C_grid,1,0.1,1.0,388089.58974358975,38808.743589743586,38808.743589743586,59403.743589743586,0.4126619646329567,0.6764364917500143,0.5445492281914854,0.24551466188738943,0.3982326136352954,0.2965063627895878,0.46269100133977464,0.47325559744757,0.4586005597852388,0.7378208805432098,0.6159471365840907,0.6621062146206628,0.1084309724241778,0.1
C_grid,1,0.25,1.0,388089.58974358975,97022.23076923077,97022.23076923077,59403.743589743586,0.6414355305242906,0.44676753896932236,0.5441015347468064,0.1591292856337583,0.5684529187833781,0.24497371893709072,0.31985480254397086,0.6369676223574473,0.41955490889645614,0.6032661267122028,0.7555866403967436,0.6644943184158308,0.08322258892328617,0.1
C_grid,1,0.5,1.0,388089.58974358975,194044.71794871794,194044.71794871794,59403.743589743586,0.7712699056699739,0.3155505729145857,0.5434102392922798,0.11388124638396456,0.7367330244049201,0.19531309349976458,0.23748010273505288,0.7745566221214983,0.35900251989985704,0.5205495526567288,0.8355371524513752,0.634986156151607,0.0630217098733875,0.1
C_grid,1,1.0,1.0,388089.58974358975,388089.58974358975,388089.58974358975,59403.743589743586,0.9797532765986582,0.20115592071244387,0.590454598655551,0.07353578973611598,0.8812693055870352,0.1348998892031394,0.156269310564556,0.8905282086836076,0.26337721146875115,0.3887088172360328,0.9081099403782203,0.5376681010738683,0.041487574914066,0.1
C_grid,2,0.005,2.0,538081.358974359,2690.0,2690.0,59403.743589743586,0.22373995831504936,1.6986236801565577,0.9611818192358036,0.6227623595800652,0.0986364590508951,0.16832266583423058,0.7918521218318892,0.13563823824073717,0.22949416011250032,0.8637492364430147,0.23334980465327865,0.3639102631725216,0.05057635556549863,0.10048145582847352
C_grid,2,0.01,2.0,538081.358974359,5380.384615384615,5380.384615384615,59403.743589743586,0.23524132788055122,1.4189127171888578,0.8270770225347045,0.5473048225076584,0.1556850617748247,0.23763516194735315,0.7713276477756862,0.20586914103305878,0.32068315459837043,0.8658607828025362,0.3245500714374522,0.4669514680884488,0.0777003907890801,0.10048145582847352
C_grid,2,0.02,2.0,538081.358974359,10761.179487179486,10761.179487179486,59403.743589743586,0.2562974382378993,1.1291760045696406,0.69273672140377,0.45613694152277884,0.23798715988225516,0.3040283126098673,0.7200135184376142,0.3015493239412458,0.4171772572261466,0.8602496295704635,0.43302569261816853,0.5710309194678518,0.10685752316719012,0.10048145582847352
C_grid,2,0.05,2.0,538081.358974359,26903.82051282051,26903.82051282051,59403.743589743586,0.3176334381866013,0.7162342341049607,0.516933836145781,0.33272703126000697,0.38904007450251976,0.3484901755237255,0.5887324335950694,0.4634205741472749,0.5085770407171102,0.820880997038447,0.6001075273774523,0.6880909604884865,0.12725690113546448,0.10048145582847352
C_grid,2,0.1,2.0,538081.358974359,53807.846153846156,53807.846153846156,59403.743589743586,0.41847103858935386,0.4806690265199342,0.449570032554644,0.24393843446445757,0.5202801116053192,0.3247885442448318,0.462561443912973,0.596282919771901,0.5113153978772985,0.7516064045377114,0.7268773760635794,0.7328709424209138,0.11595646709625831,0.10048145582847352
C_grid,2,0.25,2.0,538081.358974359,134520.1794871795,134520.1794871795,59403.743589743586,0.6985195295799306,0.29277814775398314,0.4956488386669569,0.15263643225211426,0.7077065906846314,0.24767058575226628,0.30832501062927264,0.7635422422949184,0.4320854084823472,0.6031293054089218,0.8483695789399847,0.6972613540509718,0.08282247711259849,0.10048145582847352
C_grid,2,0.5,2.0,538081.358974359,269040.6153846154,269040.6153846154,59403.743589743586,0.9215095948529558,0.18850087764079487,0.5550052362468753,0.10104507788730463,0.8502402596099177,0.1790294335688444,0.21135840313239937,0.8736555155244381,0.33599879780556985,0.4792577930159962,0.911338095067454,0.6200012405570364,0.056526231460867216,0.10048145582847352
C_grid,2,1.0,2.0,538081.358974359,538081.358974359,538081.358974359,59403.743589743586,1.2617255175943105,0.11585678186887727,0.6887911497315938,0.06054383535827258,0.9496438237513283,0.11323724002145412,0.1287958403615914,0.9527312224833503,0.2249737428568171,0.32258413336943514,0.9593812410571297,0.47645734278779756,0.034031278829082474,0.10048145582847352
C_grid,4,0.005,4.0,616937.0256410256,3084.3076923076924,3084.3076923076924,59403.743589743586,0.2223035673846865,1.758880864416747,0.9905922159007168,0.6670630317511042,0.11064867464656036,0.18722166059728773,0.834704983091581,0.14095652349680807,0.23918750789553855,0.8712710023926331,0.22663904551303318,0.35602705037627524,0.06218809302268461,0.1008361403169258
C_grid,4,0.01,4.0,616937.0256410256,6169.0,6169.0,59403.743589743586,0.2390924828351605,1.4690618914344515,0.854077187134806,0.5626582931509182,0.17269668728564053,0.25859059404154505,0.8054610141606563,0.21530853703451777,0.3349263901600492,0.8701191590840239,0.3236213798178231,0.46551479629134124,0.09229491938448303,0.1008361403169258
C_grid,4,0.02,4.0,616937.0256410256,12338.358974358975,12338.358974358975,59403.743589743586,0.2544925133750778,1.1357244586095514,0.6951084859923145,0.4563296233925009,0.2671585777659668,0.32801409707036505,0.7440157952344882,0.3224225815050801,0.4428869975195693,0.8681512990511535,0.43727270452124545,0.5772734111037272,0.12060248286127809,0.1008361403169258
C_grid,4,0.05,4.0,616937.0256410256,30846.5641025641,30846.5641025641,59403.743589743586,0.3128010801702251,0.7000322562847764,0.5064166682275008,0.31989772180255943,0.42540972749357875,0.3562911282089293,0.5840130743805818,0.4879524776852391,0.5222514257515263,0.8310158233242444,0.6090037395726215,0.6980046091123067,0.13216717573355408,0.1008361403169258
C_grid,4,0.1,4.0,616937.0256410256,61693.4358974359,61693.4358974359,59403.743589743586,0.41708930986200143,0.4582424316776928,0.4376658707698471,0.2303946951883289,0.5604579802155754,0.32044527313140386,0.44664339818366994,0.6226728697413509,0.5113936272829819,0.7490656730658125,0.7353678600417377,0.7374502073902707,0.11460099282186463,0.1008361403169258
C_grid,4,0.25,4.0,616937.0256410256,154234.07692307694,154234.07692307694,59403.743589743586,0.6715283586262937,0.24286007509518492,0.4571942168607393,0.14318922255024547,0.7646683092617529,0.23855501132259108,0.29314985475435057,0.8064053471341273,0.42417240633351283,0.5942322694702876,0.8753914499796358,0.701673364052444,0.0788859385029322,0.1008361403169258
C_grid,4,0.5,4.0,616937.0256410256,308468.46153846156,308468.46153846156,59403.743589743586,0.9914892219599235,0.14479603277399003,0.5681426273669568,0.09114237004989625,0.8901612367669347,0.16419798489693746,0.19186048240868642,0.9068313557611216,0.3134159800444879,0.4460933607796063,0.9362519460887065,0.5974689487116615,0.05125080542639322,0.1008361403169258
C_grid,4,1.0,4.0,616937.0256410256,616937.0256410256,616937.0256410256,59403.743589743586,1.4398250371646277,0.08920444263429628,0.7645147398994621,0.052375189123667315,0.965383158529653,0.09896227329916314,0.11192855249932904,0.967358006971818,0.19932194696933597,0.28229473455836696,0.9735752880300279,0.4331040393960608,0.02937701051181632,0.1008361403169258
C_grid,8,0.005,8.0,670608.6666666666,3352.6923076923076,3352.6923076923076,59403.743589743586,0.2258093554492688,1.7968348096802673,1.011322082564768,0.6564909630246368,0.11338596589386028,0.19115559615762565,0.834045761567038,0.14007615315470212,0.2382535486883171,0.8707745849522167,0.21919429365430446,0.34746420627782715,0.06399005938698996,0.10143687426119581
C_grid,8,0.01,8.0,670608.6666666666,6705.692307692308,6705.692307692308,59403.743589743586,0.24029876934463695,1.4739621789511475,0.8571304741478922,0.5460276629011859,0.17912867799493898,0.2645754579934062,0.8020255516056404,0.21961713781914236,0.34056120871922485,0.8703024447747375,0.32197506086224287,0.4650217761209811,0.09405449295974762,0.10143687426119581
C_grid,8,0.02,8.0,670608.6666666666,13411.794871794871,13411.794871794871,59403.743589743586,0.25882293518233407,1.1421362783616813,0.7004796067720077,0.4399955365482425,0.276890128205259,0.3321781235585223,0.731476052652405,0.3289208705253973,0.4475401688699546,0.8667831556810177,0.43978312048463447,0.5797309722193494,0.12289869988702784,0.10143687426119581
C_grid,8,0.05,8.0,670608.6666666666,33530.10256410256,33530.10256410256,59403.743589743586,0.3190424480492528,0.6907704094235129,0.5049064287363828,0.3049184482673182,0.4356688334788265,0.3511121286085004,0.5644385231596113,0.4936947130190859,0.5188344457939404,0.8271802735389591,0.6108904895083541,0.6984021870823374,0.12959986040727076,0.10143687426119581
C_grid,8,0.1,8.0,670608.6666666666,67060.58974358975,67060.58974358975,59403.743589743586,0.4438193508529632,0.45190429605109544,0.4478618234520293,0.2188766358776548,0.5746236665342754,0.3116504167985551,0.42688574693679954,0.6321506723714112,0.5017317495317529,0.7361121947039807,0.7409186124589042,0.7340406108024196,0.11016838147734631,0.10143687426119581
C_grid,8,0.25,8.0,670608.6666666666,167651.97435897434,167651.97435897434,59403.743589743586,0.7203881812401355,0.2363148550519957,0.4783515181460656,0.1353026383968959,0.7826768023723206,0.22843592259719833,0.2775970193884937,0.8187037883359093,0.40954247864255006,0.5741493996282789,0.8813655294185546,0.6892978276559026,0.07477443750090443,0.10143687426119581
C_grid,8,0.5,8.0,670608.6666666666,335304.28205128206,335304.28205128206,59403.743589743586,1.0373081760474019,0.12458480177617251,0.5809464889117871,0.0852656276184378,0.9100012822244434,0.15497367706896822,0.1796801303034381,0.9240554606121345,0.2980614516918166,0.4248666465617086,0.947651181541468,0.5801983268073476,0.047981693887255886,0.10143687426119581
C_grid,8,1.0,8.0,670608.6666666666,670608.6666666666,670608.6666666666,59403.743589743586,1.5146917723244682,0.07331821606130626,0.7940049941928873,0.047815129036127606,0.9769139057312117,0.09088812903959428,0.10225768002131252,0.9785837605148925,0.18424982227563055,0.259122287722414,0.9839802179483805,0.4068093931660801,0.026794516671551614,0.10143687426119581
C_grid,16,0.005,15.692307692307692,713427.4615384615,3566.6923076923076,3566.6923076923076,59403.743589743586,0.22744725142041938,1.7770134156984045,1.002230333559412,0.6286218673082051,0.12168347603009827,0.2000768332376392,0.8325309966178372,0.14835608289991245,0.2487547312096435,0.8709606440798165,0.22702520022151404,0.35588281445477865,0.06906173997737948,0.1024301735681871
C_grid,16,0.01,15.692307692307692,713427.4615384615,7133.794871794872,7133.794871794872,59403.743589743586,0.2451604912387799,1.456323548338402,0.850742019788591,0.523319470287,0.19211943444117116,0.2735054718445815,0.7958635710724287,0.23081906250862252,0.35214359711925797,0.8684618303009477,0.32948080415875497,0.47246094265356564,0.09872322707388688,0.1024301735681871
C_grid,16,0.02,15.692307692307692,713427.4615384615,14268.02564102564,14268.02564102564,59403.743589743586,0.26245256210813717,1.1233565798151977,0.6929045709616674,0.4178120749741068,0.29164741696486796,0.333787730514953,0.7152876748372022,0.3406453850255131,0.4539035074942386,0.8674041069746928,0.45035456227338766,0.5886376543027413,0.12412966126132303,0.1024301735681871
C_grid,16,0.05,15.692307692307692,713427.4615384615,35671.02564102564,35671.02564102564,59403.743589743586,0.3308785088803618,0.6713464541177082,0.5011124814990351,0.2896662461217698,0.45537549710584685,0.3454279899237986,0.5431589378037968,0.5103564501899414,0.5162494980188345,0.8196166722277136,0.6216480307967401,0.7017571389277341,0.12772037499167044,0.1024301735681871
C_grid,16,0.1,15.692307692307692,713427.4615384615,71342.41025641025,71342.41025641025,59403.743589743586,0.46993513493221145,0.4367330728111708,0.4533341038716912,0.20469247717556904,0.5903626337987179,0.2984740636374655,0.4044532605183412,0.6441212364272512,0.48849301589378813,0.7165598037999102,0.7499997085201576,0.7283641413466664,0.10512657783974542,0.1024301735681871
C_grid,16,0.25,15.692307692307692,713427.4615384615,178356.64102564103,178356.64102564103,59403.743589743586,0.7529013809825471,0.22188106246611383,0.4873912217243305,0.12648019987434694,0.8001691449794817,0.21618860934146006,0.2619302731227896,0.8320218102666684,0.39305859632661905,0.5531326886335508,0.8891642795068145,0.6752887000349248,0.07046295051919316,0.1024301735681871
C_grid,16,0.5,15.692307692307692,713427.4615384615,356713.641025641,356713.641025641,59403.743589743586,1.109591048518204,0.11213156212011778,0.6108613053191607,0.07882855964221783,0.9219917183059257,0.14433441064211994,0.16694583154237658,0.934276349802411,0.28047267492854866,0.3999930243924464,0.9550767441980677,0.5569383738850777,0.04444583002492402,0.1024301735681871
C_grid,16,1.0,15.692307692307692,713427.4615384615,713427.4615384615,713427.4615384615,59403.743589743586,1.651273836349173,0.06560992304196486,0.8584418796955691,0.043996614618743685,0.98241765851698,0.08395130124921317,0.09444704221917889,0.9835055947950713,0.17139843842749236,0.23985358163821716,0.9859076454055485,0.3821643557355123,0.024685958643854932,0.1024301735681871
C_on_B,-1,0.02,23.666666666666668,86082.33333333333,1721.1538461538462,1721.1538461538462,59403.743589743586,0.22829054559294845,2.1669592095932537,1.197624877593101,0.785541075470252,0.06832936423801404,0.12538710061190722,0.8392331510083947,0.08442673335714967,0.15305586800670465,0.8572011475627161,0.1393889462515917,0.23921646702192192,0.0416648036760572,
C_on_B,-1,0.05,23.666666666666668,86082.33333333333,4303.641025641025,4303.641025641025,59403.743589743586,0.24978646909726515,1.7284126327222555,0.9890995509097604,0.6807095281554906,0.12870830283325313,0.21538105784260367,0.8024170787112213,0.15509854042889604,0.2592888887681318,0.8461505799336728,0.23502932824976228,0.3667737773506704,0.07707306202429222,
C_on_B,-1,0.1,23.666666666666668,86082.33333333333,8607.794871794871,8607.794871794871,59403.743589743586,0.26873367408905896,1.3727233482725272,0.8207285111807932,0.5759475792851675,0.2092016118673715,0.30466531915641565,0.757671586246016,0.25015969105963554,0.3747580626078403,0.8422429310717252,0.354241894522474,0.49671404067053915,0.11220650392471981,
C_on_B,-1,0.25,23.666666666666668,86082.33333333333,21520.17948717949,21520.17948717949,59403.743589743586,0.294573557664264,0.9215977592299606,0.6080856584471123,0.4177938637263973,0.3631831539549388,0.38477614710758035,0.6344611583246981,0.4188633674555168,0.5021246831046909,0.8438597607099094,0.5286804212181138,0.6477728194544817,0.14267728762085777,
C_on_B,-1,0.5,23.666666666666668,86082.33333333333,43040.8717948718,43040.8717948718,59403.743589743586,0.39586480724475065,0.5476511731383008,0.47175799019152576,0.2939040016195761,0.4951796142948676,0.365497161143469,0.4856724262461808,0.5632903468681444,0.5182494937921629,0.7680093629344011,0.6819458053222993,0.7197237038454336,0.12945031510203217,
C_on_B,-1,1.0,23.666666666666668,86082.33333333333,86082.33333333333,86082.33333333333,59403.743589743586,0.6009416625386482,0.19979096969152216,0.40036631611508516,0.1946293424770059,0.6767677088689249,0.300365426457453,0.34161706377666395,0.8054769379959713,0.47679676632875767,0.6198107685191646,0.9098292356871375,0.7336573570315228,0.09849497129999107,
C_on_B,1,0.02,1.0,9964.435897435897,198.89743589743588,198.89743589743588,59403.743589743586,0.2614385760033187,2.9056239743044725,1.5835312751538955,0.7494128735430564,0.016956801029023184,0.0331204168175413,0.7676382362681631,0.026305948776013582,0.05076889719251264,0.8008080988214663,0.05550127783536317,0.10343057084869685,0.006994786989051572,
C_on_B,1,0.05,1.0,9964.435897435897,497.79487179487177,497.79487179487177,59403.743589743586,0.25271682128790673,2.640960458022507,1.4468386396552066,0.7555113626800599,0.0340966652061822,0.06513283513711177,0.779347489400133,0.046762080967031716,0.08803442368073454,0.8203827358036596,0.0872584588618163,0.15707301282762337,0.01667820582652598,
C_on_B,1,0.1,1.0,9964.435897435897,996.025641025641,996.025641025641,59403.743589743586,0.2372436619122705,2.272153861046426,1.2546987614793481,0.7391651629918575,0.060626072607325825,0.11176865686924352,0.78653881594413,0.08214887859929546,0.1482561737534241,0.8454969856966844,0.14743596905512393,0.24948129241146744,0.03130575029848663,
C_on_B,1,0.25,1.0,9964.435897435897,2490.7179487179487,2490.7179487179487,59403.743589743586,0.23562667198989495,1.8738103383960159,1.0547185051929555,0.6392873248350862,0.11674612611861243,0.19643731853582977,0.7513547088591519,0.1592823881872137,0.26109301662907086,0.8614642960626062,0.2548824831913974,0.38928398986221396,0.05910244165213028,
C_on_B,1,0.5,1.0,9964.435897435897,4981.974358974359,4981.974358974359,59403.743589743586,0.27198327620069773,1.3689642516113563,0.820473763906027,0.5142198487044344,0.18249676575505563,0.26702115442877794,0.6636914141644356,0.2551978334959603,0.3649306621520535,0.8357123801188688,0.3823035457819969,0.5180377747582684,0.08166664544963587,
C_on_B,1,1.0,1.0,9964.435897435897,9964.435897435897,9964.435897435897,59403.743589743586,0.4137377216771173,0.6502944807018384,0.5320161011894778,0.3540830402399861,0.25519763605926427,0.29354700719916693,0.5084127604320585,0.40085885480785227,0.4440168202385099,0.7366064990341454,0.6337332505734161,0.6750885058570048,0.08929422340702522,
C_on_B,2,0.02,2.0,17339.384615384617,346.3333333333333,346.3333333333333,59403.743589743586,0.22191406289630977,2.4402759896042694,1.3310950262502894,0.7260843926792703,0.023907086191153424,0.04621653890075115,0.8070953233597189,0.04021921170170276,0.07634891007306147,0.8533087093312344,0.08918413148846852,0.16003995552736888,0.010373541732768107,
C_on_B,2,0.05,2.0,17339.384615384617,866.4615384615385,866.4615384615385,59403.743589743586,0.22788829178418638,2.055131417593089,1.1415098546886375,0.7154383691795286,0.049664662166470086,0.09267748310275954,0.793562755234894,0.07395214472561507,0.1348560061626865,0.8483506542767586,0.14235799925565798,0.2423124106810839,0.023675615755409468,
C_on_B,2,0.1,2.0,17339.384615384617,1733.4871794871794,1733.4871794871794,59403.743589743586,0.2306196286953907,1.7666242876222735,0.998621958158832,0.6898935641781002,0.08641838774097706,0.15310617658508427,0.7831320217184823,0.12107497013045442,0.20901815933138201,0.8506929309113417,0.21172278479992881,0.337402581400811,0.0434113732470614,
C_on_B,2,0.25,2.0,17339.384615384617,4334.410256410257,4334.410256410257,59403.743589743586,0.2410534251564448,1.3114193126911946,0.7762363689238198,0.6077818736518619,0.1747391626210503,0.27007598412988226,0.7511732702548998,0.23628324831543823,0.3579248903707423,0.8567230750707924,0.36470876593609913,0.5092598616519284,0.08545033340370008,
C_on_B,2,0.5,2.0,17339.384615384617,8669.435897435897,8669.435897435897,59403.743589743586,0.27871973849296094,0.8976032630173396,0.5881615007551503,0.4849642148631654,0.27367080801891697,0.34757471954234975,0.6582847831964784,0.3756032644369115,0.4762398975323158,0.8375800404764053,0.5316815489374858,0.6486599117591735,0.11357973987703741,
C_on_B,2,1.0,2.0,17339.384615384617,17339.384615384617,17339.384615384617,59403.743589743586,0.46231638251658524,0.4299714013711349,0.44614389194386006,0.3244537483451598,0.36877897442917057,0.3428530462404621,0.48266946178176184,0.5523582827176113,0.5128434453029745,0.7208271356790035,0.7778503767904328,0.7452865488571664,0.11089046724592326,
C_on_B,4,0.02,4.0,31117.94871794872,621.8461538461538,621.8461538461538,59403.743589743586,0.21557422463026868,2.39786262093406,1.3067184227821644,0.8172884306596647,0.036421857220027394,0.0696446554841673,0.8547379064151528,0.050964416223441576,0.09600311999295896,0.8650394177637813,0.09643020358387513,0.1728676048664714,0.019062327983680162,
C_on_B,4,0.05,4.0,31117.94871794872,1555.4358974358975,1555.4358974358975,59403.743589743586,0.23531917496554408,2.015910794259439,1.1256149846124914,0.7756002967990816,0.07304628003228161,0.13330425958553352,0.8283859871278215,0.09459488438077544,0.16951021310115247,0.8499678901557897,0.16111808230179386,0.2702206763324326,0.04070122760054764,
C_on_B,4,0.1,4.0,31117.94871794872,3111.3333333333335,3111.3333333333335,59403.743589743586,0.24359198926025313,1.6883709328843133,0.9659814610722831,0.7156294222079301,0.12436371144289321,0.21148317749216916,0.805837032485811,0.15604877279916424,0.2608150402618858,0.8489463199095547,0.24474198945308506,0.3780118286266602,0.06984658101844922,
C_on_B,4,0.25,4.0,31117.94871794872,7779.076923076923,7779.076923076923,59403.743589743586,0.26000383213997624,1.17418870090393,0.7170962665219531,0.5747164235994436,0.24284405817100024,0.3403639295424756,0.7387593745521011,0.30547508449064065,0.43079329160418867,0.8508489960495956,0.428085812700608,0.5669487501983875,0.11896279666141307,
C_on_B,4,0.5,4.0,31117.94871794872,15558.666666666666,15558.666666666666,59403.743589743586,0.2967521515311498,0.7498384048400885,0.5232952781856192,0.4330374303873983,0.36704175175227177,0.3960533985669277,0.6213562387546595,0.45764196200035256,0.5258903633392015,0.8295722752751795,0.5923790445420161,0.6894514413992676,0.13937951882483593,
C_on_B,4,1.0,4.0,31117.94871794872,31117.94871794872,31117.94871794872,59403.743589743586,0.49232383948505937,0.31313278827302216,0.40272831387904073,0.282514779239701,0.4915347197439459,0.35767192017272853,0.44126112018709956,0.6721662189528222,0.5310343805921733,0.6947004296570422,0.846969246529782,0.7609461974437337,0.12033028284769469,
C_on_B,8,0.02,8.0,49024.89743589744,980.0,980.0,59403.743589743586,0.21878698269526625,2.3207118444905914,1.2697494135929286,0.8168468614726121,0.049097638654745084,0.09249515709667575,0.8527345443065842,0.06360781352270586,0.11817558222909252,0.8627664489536157,0.11122942558272743,0.19654047769968117,0.027443134706507565,
C_on_B,8,0.05,8.0,49024.89743589744,2450.74358974359,2450.74358974359,59403.743589743586,0.24075274132588872,1.9099252747841458,1.0753390080550174,0.748916684203946,0.09547295205333882,0.16902757801943585,0.8208517298180457,0.11818072553149084,0.20620827098119074,0.8495704757268516,0.18939696586247584,0.30884833159007885,0.05677714649163691,
C_on_B,8,0.1,8.0,49024.89743589744,4902.025641025641,4902.025641025641,59403.743589743586,0.25412961576296983,1.5512395230049014,0.9026845693839355,0.6595592054544912,0.15761198456275452,0.2536723445921908,0.7863039850958259,0.19225961904332456,0.3080801776854947,0.8469031767871471,0.28900949822721633,0.42872297724505426,0.08984056675924913,
C_on_B,8,0.25,8.0,49024.89743589744,12255.846153846154,12255.846153846154,59403.743589743586,0.2723707923410219,1.0594480397772739,0.6659094160591479,0.5044652163787096,0.2933646010947272,0.369489182495491,0.6987318529271931,0.3534855368427378,0.4678748613509497,0.8492012765100898,0.472156706890338,0.6043346854128465,0.13544253286980149,
C_on_B,8,0.5,8.0,49024.89743589744,24512.23076923077,24512.23076923077,59403.743589743586,0.32332833382215276,0.6658748602353357,0.4946015970287442,0.3698497932721374,0.42442545143520394,0.393565548234318,0.5670814295844638,0.5007053328682832,0.5298023484358308,0.814345036447501,0.6296361651412421,0.7076013174983625,0.14205752512051828,
C_on_B,8,1.0,8.0,49024.89743589744,49024.89743589744,49024.89743589744,59403.743589743586,0.5261460943494689,0.25794228806041664,0.3920441912049428,0.2427457737428918,0.5802131768372621,0.3410431021661488,0.4002302506785699,0.7416663495360059,0.5177812980201159,0.6702348066643864,0.8776203109135045,0.7574720207287049,0.1147826959898527,
C_on_B,16,0.02,15.692307692307692,71029.17948717948,1420.1025641025642,1420.1025641025642,59403.743589743586,0.22272838821822497,2.208131733647285,1.215430060932755,0.804246767743147,0.06261805536736254,0.11599423738398205,0.8450167131467743,0.07810676491204264,0.1427158511706855,0.8599381829189994,0.13099858667966735,0.2267736628756318,0.03705185993168948,
C_on_B,16,0.05,15.692307692307692,71029.17948717948,3550.974358974359,3550.974358974359,59403.743589743586,0.24782073899377105,1.782276389602318,1.0150485642980445,0.7092229447086058,0.11889284694612935,0.2030542023262852,0.8100410195115135,0.14358772390899172,0.2433328188415033,0.8477896264652242,0.2200565927182915,0.3482215338820978,0.07148962419626277,
C_on_B,16,0.1,15.692307692307692,71029.17948717948,7102.461538461538,7102.461538461538,59403.743589743586,0.2627834604945961,1.4185520500761042,0.8406677552853501,0.607185546155314,0.19425471185781307,0.2931746222563535,0.7707231655702633,0.23395373260229282,0.3578052311802469,0.8448740620092405,0.3361904177288821,0.47876183078756296,0.10751908748531236,
C_on_B,16,0.25,15.692307692307692,71029.17948717948,17756.871794871793,17756.871794871793,59403.743589743586,0.2845832569164871,0.9580303137378101,0.6213067853271487,0.442291401241054,0.3422431583610059,0.38400851828424604,0.6554139719501573,0.4001887554532507,0.49552922545893263,0.8475884325164339,0.5139674035861853,0.637807795396588,0.14251182749253713,
C_on_B,16,0.5,15.692307692307692,71029.17948717948,35514.35897435898,35514.35897435898,59403.743589743586,0.36538410694503454,0.5835309284230573,0.4744575176840459,0.31570807098017906,0.47490623640540575,0.3773467894239266,0.5113896807900528,0.5459954444833781,0.5258601546101361,0.7847992717081846,0.6659945480618114,0.7181763373471056,0.134904296734427,
C_on_B,16,1.0,15.692307692307692,71029.17948717948,71029.17948717948,71029.17948717948,59403.743589743586,0.5739300936466374,0.21855488302659828,0.39624248833661785,0.20872291800614598,0.6511933237787664,0.3148714638162046,0.3600282994555854,0.7897834993958159,0.4923041623146953,0.6360677900132631,0.9001464814666855,0.7426703250024193,0.10436112177040154,
D_conf_sum,-1,0.02,23.666666666666668,86082.33333333333,1721.1538461538462,1721.1538461538462,59403.743589743586,0.23391251645031966,1.9102948163505984,1.072103666400459,0.7653850468591945,0.09866236104706598,0.17399309359310366,0.812544610427498,0.12748730433192504,0.2195958843500623,0.8476050714729112,0.2077401996951609,0.33195711369816927,0.04929590375017564,
D_conf_sum,-1,0.05,23.666666666666668,86082.33333333333,4303.641025641025,4303.641025641025,59403.743589743586,0.22479176472788814,1.441405767067097,0.8330987658974925,0.684606695742744,0.19190829973846207,0.29791621749185815,0.7848637791967139,0.24779059543709117,0.3744634336001334,0.867528504094916,0.3587401155564138,0.5033389644768423,0.097097757232913,
D_conf_sum,-1,0.1,23.666666666666668,86082.33333333333,8607.794871794871,8607.794871794871,59403.743589743586,0.23299865872191297,1.1157257912313225,0.6743622249766178,0.5706004380942538,0.28439827412108837,0.3767577108520527,0.7263172774496831,0.36585179085993996,0.4834172265783162,0.8735096610402775,0.48352544339507847,0.6186444773499412,0.13110953716448698,
D_conf_sum,-1,0.25,23.666666666666668,86082.33333333333,21520.17948717949,21520.17948717949,59403.743589743586,0.29122056184263834,0.6248981305729441,0.45805934620779115,0.40493902763906436,0.4263624840084619,0.4124912073294213,0.5928785343520897,0.5237132951506659,0.5535055923004956,0.8281153924383201,0.658838557779022,0.731227671578332,0.1475418102438358,
D_conf_sum,-1,0.5,23.666666666666668,86082.33333333333,43040.8717948718,43040.8717948718,59403.743589743586,0.3840545425446523,0.35288695026642997,0.3684707464055411,0.28835447160051864,0.5406835443969115,0.3731740427518994,0.46779559136284815,0.6595900624636539,0.5438611063825379,0.7481139703127263,0.8039778191805823,0.7718142441956183,0.1290686571165209,
D_conf_sum,-1,1.0,23.666666666666668,86082.33333333333,86082.33333333333,86082.33333333333,59403.743589743586,0.6009416625386482,0.19979096969152216,0.40036631611508516,0.1946293424770059,0.6767677088689249,0.300365426457453,0.34161706377666395,0.8054769379959713,0.47679676632875767,0.6198107685191646,0.9098292356871375,0.7336573570315228,0.09849497129999107,
D_conf_sum,1,0.02,1.0,9964.435897435897,198.89743589743588,198.89743589743588,59403.743589743586,0.23400010678912692,2.9942036883281093,1.614101897558618,0.74362124949189,0.015203776447759726,0.0297700218467092,0.7761496453581389,0.023651683882417052,0.045843994753571114,0.8287585610001975,0.05530439669340717,0.10327587099619837,0.006745741854354522,
D_conf_sum,1,0.05,1.0,9964.435897435897,497.79487179487177,497.79487179487177,59403.743589743586,0.21981645276133555,2.6654126838777445,1.44261456831954,0.7387514901389453,0.03629121718828764,0.0690507574241863,0.797048042946604,0.05330695240332083,0.09965041358239612,0.855168372761976,0.10190832383600205,0.18115403881793368,0.01654824630552286,
D_conf_sum,1,0.1,1.0,9964.435897435897,996.025641025641,996.025641025641,59403.743589743586,0.21680294418454168,2.3072303808464696,1.2620166625155058,0.7070091280626298,0.06647437392600779,0.12111536464993158,0.7919775233063998,0.09535833553127183,0.16930279119059646,0.8692298904606096,0.1664053767876027,0.2762933201879573,0.03087392462429297,
D_conf_sum,1,0.25,1.0,9964.435897435897,2490.7179487179487,2490.7179487179487,59403.743589743586,0.2242490933677899,1.6774780983902038,0.9508635958789969,0.6188490400700056,0.12924393155745753,0.21243943570627088,0.742448805112066,0.19375067122761705,0.30412938769492304,0.8719871791573891,0.31570787430293534,0.45593473393749245,0.059394614327985915,
D_conf_sum,1,0.5,1.0,9964.435897435897,4981.974358974359,4981.974358974359,59403.743589743586,0.2723580533072016,1.122287264801785,0.6973226590544933,0.5024123831304893,0.19077929711782698,0.2738927738562503,0.6541414049818582,0.29697214790310417,0.40371800043891864,0.8349342721002778,0.4686033451897042,0.5912504881846163,0.08051036446854667,
D_conf_sum,1,1.0,1.0,9964.435897435897,9964.435897435897,9964.435897435897,59403.743589743586,0.4137377216771173,0.6502944807018384,0.5320161011894778,0.3540830402399861,0.25519763605926427,0.29354700719916693,0.5084127604320585,0.40085885480785227,0.4440168202385099,0.7366064990341454,0.6337332505734161,0.6750885058570048,0.08929422340702522,
D_conf_sum,2,0.02,2.0,17339.384615384617,346.3333333333333,346.3333333333333,59403.743589743586,0.1820206588927678,2.2689991412509007,1.2255099000718341,0.7222788926924771,0.024764371044964515,0.0478390406745212,0.8155803659319969,0.04378921703364417,0.08296648868011086,0.8844459606966893,0.1041759470159052,0.18559920719915077,0.010239586857216442,
D_conf_sum,2,0.05,2.0,17339.384615384617,866.4615384615385,866.4615384615385,59403.743589743586,0.18716492633771672,1.9821806399773663,1.0846727831575416,0.7071272073399257,0.057906748386963934,0.10682748817145196,0.8099769986084525,0.09215729949173583,0.16490688929098218,0.885498183419626,0.1773853151617192,0.2935234708978555,0.02493147035278909,
D_conf_sum,2,0.1,2.0,17339.384615384617,1733.4871794871794,1733.4871794871794,59403.743589743586,0.19735693919011452,1.6707341649729786,0.9340455520815467,0.6812025138865994,0.10619703102997696,0.18312934484134116,0.7934932516783947,0.15749571187514005,0.261602422949547,0.8832913914085,0.2679292291691374,0.4082969141156104,0.046750590076841556,
D_conf_sum,2,0.25,2.0,17339.384615384617,4334.410256410257,4334.410256410257,59403.743589743586,0.2260514914617253,1.1201665264278304,0.6731090089447779,0.5927707189774423,0.20263431885223016,0.3002721368581751,0.734103713113262,0.3030332122553093,0.4262063974017706,0.8692445872907859,0.46352859602890273,0.6010542838476852,0.08839572930593305,
D_conf_sum,2,0.5,2.0,17339.384615384617,8669.435897435897,8669.435897435897,59403.743589743586,0.28381277864954424,0.7217467291432188,0.5027797538963815,0.47010598963896283,0.2851141996092115,0.35255618285106843,0.6355361906583836,0.42650168958060336,0.5080104733558783,0.8283168142995697,0.620495397885638,0.707094804305891,0.11149654387487197,
D_conf_sum,2,1.0,2.0,17339.384615384617,17339.384615384617,17339.384615384617,59403.743589743586,0.46231638251658524,0.4299714013711349,0.44614389194386006,0.3244537483451598,0.36877897442917057,0.3428530462404621,0.48266946178176184,0.5523582827176113,0.5128434453029745,0.7208271356790035,0.7778503767904328,0.7452865488571664,0.11089046724592326,
D_conf_sum,4,0.02,4.0,31117.94871794872,621.8461538461538,621.8461538461538,59403.743589743586,0.21440614196525049,2.165205492037235,1.1898058170012427,0.77209922036794,0.04486294162837705,0.08470054477551699,0.8243118440997731,0.06983709130952492,0.1285271387659059,0.860620613622921,0.14137356665293518,0.24173539423079204,0.01947400740410528,
D_conf_sum,4,0.05,4.0,31117.94871794872,1555.4358974358975,1555.4358974358975,59403.743589743586,0.21208095347706618,1.8291922543621206,1.0206366039195933,0.7541325122336607,0.0999094430893205,0.17611823212952746,0.8189720293336363,0.13893086367709023,0.2369563176913355,0.867459377906673,0.23277911143111446,0.36491881559861405,0.04607725649318477,
D_conf_sum,4,0.1,4.0,31117.94871794872,3111.3333333333335,3111.3333333333335,59403.743589743586,0.2197976578218392,1.471407951833712,0.8456028048277756,0.6977912718377262,0.16903767189464933,0.27149159447571986,0.7913928202399607,0.23045287069457118,0.35576462281247867,0.8691284352328585,0.3481923270042209,0.4943225066713917,0.07939998174740895,
D_conf_sum,4,0.25,4.0,31117.94871794872,7779.076923076923,7779.076923076923,59403.743589743586,0.24952743338645428,0.9292370384001236,0.589382235893289,0.5484938641379804,0.2887610302892656,0.3771335653687802,0.6986203203441325,0.4024594458215322,0.5090480747902297,0.8560814842958852,0.5492352992754287,0.6666087392209359,0.12296965585341206,
D_conf_sum,4,0.5,4.0,31117.94871794872,15558.666666666666,15558.666666666666,59403.743589743586,0.3074108453824238,0.535341801002625,0.4213763231925243,0.41607554993150603,0.38835070373862085,0.40052062341086103,0.5887696203194552,0.5298646040492648,0.5565145869940495,0.8092772549573205,0.7008366088405001,0.7488073239081885,0.1360641402934143,
D_conf_sum,4,1.0,4.0,31117.94871794872,31117.94871794872,31117.94871794872,59403.743589743586,0.49232383948505937,0.31313278827302216,0.40272831387904073,0.282514779239701,0.4915347197439459,0.35767192017272853,0.44126112018709956,0.6721662189528222,0.5310343805921733,0.6947004296570422,0.846969246529782,0.7609461974437337,0.12033028284769469,
D_conf_sum,8,0.02,8.0,49024.89743589744,980.0,980.0,59403.743589743586,0.2205286675110225,2.091630352081658,1.1560795097963403,0.7771337835902429,0.06381081988728377,0.11779026128759786,0.8220064594529242,0.08898796535725911,0.16030348700442315,0.8548044645611088,0.16105264348123138,0.26999919280373874,0.030363529583049338,
D_conf_sum,8,0.05,8.0,49024.89743589744,2450.74358974359,2450.74358974359,59403.743589743586,0.22869753564701087,1.663405695330718,0.9460516154888643,0.7306674292698865,0.13687426398153085,0.2299802208209941,0.8032132496046008,0.1820005131873573,0.2958497666823269,0.8583495487655535,0.2830257197232801,0.42291391891252555,0.0674290299853821,
D_conf_sum,8,0.1,8.0,49024.89743589744,4902.025641025641,4902.025641025641,59403.743589743586,0.22761184770548057,1.2958166248309861,0.7617142362682333,0.6489387832171821,0.2186458063339814,0.32607528102078803,0.7663195222090656,0.28990345486390595,0.4191413068876365,0.869813646088958,0.4130001878306352,0.5570073760028715,0.10504000829732006,
D_conf_sum,8,0.25,8.0,49024.89743589744,12255.846153846154,12255.846153846154,59403.743589743586,0.26186830612222334,0.7995449612666662,0.5307066336944448,0.48327035319050293,0.352202258992295,0.40599367700687444,0.6555811326832129,0.4624990516239779,0.5405117326670356,0.8507126062093278,0.600618159336012,0.7014946127472127,0.1398991192697963,
D_conf_sum,8,0.5,8.0,49024.89743589744,24512.23076923077,24512.23076923077,59403.743589743586,0.3289717514443892,0.43819703763538015,0.3835843945398847,0.3586974772187377,0.4601687928424357,0.40170229595639145,0.5399138966732115,0.5922045780458488,0.562808708053413,0.7925264200010431,0.7522797749728337,0.7685382984875628,0.13999156096857704,
D_conf_sum,8,1.0,8.0,49024.89743589744,49024.89743589744,49024.89743589744,59403.743589743586,0.5261460943494689,0.25794228806041664,0.3920441912049428,0.2427457737428918,0.5802131768372621,0.3410431021661488,0.4002302506785699,0.7416663495360059,0.5177812980201159,0.6702348066643864,0.8776203109135045,0.7574720207287049,0.1147826959898527,
D_conf_sum,16,0.02,15.692307692307692,71029.17948717948,1420.1025641025642,1420.1025641025642,59403.743589743586,0.22857064573931404,1.9669245036680887,1.0977475747037013,0.7746832304994837,0.0874411814522692,0.15685334618102198,0.8184515723245281,0.11465651943192753,0.20075838213490135,0.8508384466314277,0.19198056182155734,0.3121097257123092,0.043077644821865574,
D_conf_sum,16,0.05,15.692307692307692,71029.17948717948,3550.974358974359,3550.974358974359,59403.743589743586,0.22752677927971057,1.5089398667610647,0.8682333230203876,0.7021567354708163,0.17585389752451525,0.2804527862637832,0.7912612851712175,0.22753044461070035,0.35232575378936615,0.8642084865110601,0.33260370254487603,0.4777083731718849,0.08800877404691167,
D_conf_sum,16,0.1,15.692307692307692,71029.17948717948,7102.461538461538,7102.461538461538,59403.743589743586,0.23075826394871848,1.1560857392495374,0.693422001599128,0.5969391271355661,0.2657089482325988,0.3663957223540128,0.7399808819202639,0.34507650877932844,0.46883360922833806,0.8732497415353865,0.46678383487254804,0.6048486192948644,0.12457305998327182,
D_conf_sum,16,0.25,15.692307692307692,71029.17948717948,17756.871794871793,17756.871794871793,59403.743589743586,0.28077370893438297,0.6676227268469034,0.47419821789064315,0.42875814694230274,0.40538086744402124,0.41527769745307735,0.6123649287048208,0.5087945274544978,0.5539069550402002,0.8360920688733814,0.6432883122533802,0.7248287210467627,0.14729866770316594,
D_conf_sum,16,0.5,15.692307692307692,71029.17948717948,35514.35897435898,35514.35897435898,59403.743589743586,0.3638192762735524,0.3737840741465027,0.3688016752100276,0.308713548812923,0.5183587654374365,0.38529145882207383,0.48974559495088765,0.6418275889043438,0.5529064888951277,0.7627593859485713,0.7908728070189662,0.7735022682093576,0.13394250405253785,
D_conf_sum,16,1.0,15.692307692307692,71029.17948717948,71029.17948717948,71029.17948717948,59403.743589743586,0.5739300936466374,0.21855488302659828,0.39624248833661785,0.20872291800614598,0.6511933237787664,0.3148714638162046,0.3600282994555854,0.7897834993958159,0.4923041623146953,0.6360677900132631,0.9001464814666855,0.7426703250024193,0.10436112177040154,
E_conf_filter50,-1,0.02,23.666666666666668,7788.51282051282,155.23076923076923,155.23076923076923,59403.743589743586,0.2675415226356956,2.5331567474025967,1.4003491350191462,0.7672373508856098,0.01325833578175987,0.026045333925243483,0.801427183546882,0.02667379663443975,0.05151345992050635,0.8151258652741672,0.07212803814802446,0.13170511445491487,0.004798304439862283,
E_conf_filter50,-1,0.05,23.666666666666668,7788.51282051282,389.0,389.0,59403.743589743586,0.23515753677271894,2.40129526529017,1.3182264010314446,0.79711817504519,0.028403837774455012,0.054747382465343754,0.8259745523735175,0.04484600222457058,0.08474385536273095,0.842056623102003,0.09750668528466215,0.17341834504845346,0.012654401738454144,
E_conf_filter50,-1,0.1,23.666666666666668,7788.51282051282,778.4358974358975,778.4358974358975,59403.743589743586,0.21957341482162854,2.2315673824663795,1.225570398644004,0.8010099438859282,0.05146917217289715,0.09644576038092396,0.832088883208105,0.07126636483447367,0.13071468850479062,0.8538436977574673,0.13298839992880113,0.22842814116452664,0.02518344776005458,
E_conf_filter50,-1,0.25,23.666666666666668,7788.51282051282,1946.820512820513,1946.820512820513,59403.743589743586,0.23851296294913346,1.8495268429092273,1.0440199029291806,0.7562404805061426,0.10865550625427421,0.18900639506167,0.8048832362415713,0.1389933168355378,0.23544793667459835,0.8447898838991775,0.2254555116661504,0.35181699981287523,0.05577149621915377,
E_conf_filter50,-1,0.5,23.666666666666668,7788.51282051282,3894.025641025641,3894.025641025641,59403.743589743586,0.2387407489587725,1.5050613008828566,0.8719010249208146,0.6922244741855993,0.17225119505659223,0.2737068752054857,0.7779183687684305,0.21739651252199238,0.33697757942707496,0.8520378471619722,0.32483722018602823,0.4651941439295747,0.09024460212429218,
E_conf_filter50,-1,1.0,23.666666666666668,7788.51282051282,7788.51282051282,7788.51282051282,59403.743589743586,0.2526211751657967,1.2371051237846167,0.7448631494752067,0.5940792845587927,0.23855606082509062,0.3370757570228523,0.7272326427303136,0.29648790249457446,0.41764224098621283,0.8509950588212494,0.41633592836969596,0.5543533755218173,0.12114909988665822,
E_conf_filter50,1,0.02,1.0,1758.6410256410256,34.743589743589745,34.743589743589745,59403.743589743586,0.2578138477203615,3.323089826001997,1.7904518368611793,0.7143102353825026,0.0030846757047223354,0.006140420805703683,0.7362172704590663,0.006547877566730076,0.012971371190449004,0.7871087162307415,0.02275733692965406,0.044168514268516854,0.001186524074241087,
E_conf_filter50,1,0.05,1.0,1758.6410256410256,87.53846153846153,87.53846153846153,59403.743589743586,0.24263109035339683,3.185292382731927,1.7139617365426618,0.7361826754119369,0.007189802743100939,0.01422850638819006,0.7621205805482335,0.012379513531189908,0.0243350078095774,0.8137974275656162,0.03472164506764907,0.06645746142812024,0.0030369448462440043,
E_conf_filter50,1,0.1,1.0,1758.6410256410256,175.48717948717947,175.48717948717947,59403.743589743586,0.2308163936051217,3.0272701504780954,1.6290432720416084,0.7447862004201345,0.013836995472245324,0.027126059059293058,0.7782684026680374,0.02169018360404713,0.042104795052505896,0.8320871902000607,0.052635983734223006,0.09847356980619001,0.006221333949364934,
E_conf_filter50,1,0.25,1.0,1758.6410256410256,439.2564102564103,439.2564102564103,59403.743589743586,0.223299459760064,2.701285938082516,1.46229269892129,0.7449887839120125,0.03314802846684973,0.06324995616395714,0.7937127249002253,0.04815230202882962,0.09034394300857111,0.8506534062549624,0.09440279684681342,0.1685022535843868,0.015359102230523848,
E_conf_filter50,1,0.5,1.0,1758.6410256410256,879.0512820512821,879.0512820512821,59403.743589743586,0.22394742036098733,2.3145403255530885,1.2692438729570379,0.7373182825413056,0.06180853743329941,0.1134607260473262,0.7969305779927731,0.08598491455669285,0.15407184783222996,0.8593258211824727,0.1511975099451597,0.25402186841914914,0.029215204958304496,
E_conf_filter50,1,1.0,1.0,1758.6410256410256,1758.6410256410256,1758.6410256410256,59403.743589743586,0.23038994093485038,2.0011450990719757,1.115767520003413,0.7063270149023385,0.09346582467617909,0.16397790723550218,0.7837672419757781,0.1267869169993473,0.21627018443540819,0.8595926724138635,0.20741214058319749,0.3299359162033545,0.04970182295346897,
E_conf_filter50,2,0.02,2.0,2905.4102564102564,57.61538461538461,57.61538461538461,59403.743589743586,0.17487115103027293,2.571724593017795,1.3732978720240339,0.7420685844049479,0.0050671433732814635,0.010061888832816437,0.8267932103776621,0.012384256166497533,0.024382385421380364,0.8852957234516771,0.04660068713290492,0.08828518980967692,0.0018153400308585572,
E_conf_filter50,2,0.05,2.0,2905.4102564102564,144.82051282051282,144.82051282051282,59403.743589743586,0.17208506280857983,2.4462350812336493,1.3091600720211147,0.7337023061899446,0.011129962124466505,0.02191217485560316,0.8242560821603553,0.022758583215697476,0.04422476430380728,0.8923150978487414,0.06831456350074862,0.12630654504230737,0.0044008860467425505,
E_conf_filter50,2,0.1,2.0,2905.4102564102564,290.0769230769231,290.0769230769231,59403.743589743586,0.1760943775865459,2.303714395173022,1.2399043863797838,0.7255887408982254,0.021161535043059974,0.04107033141759945,0.8187735495313279,0.03836874351967977,0.0731153651363637,0.8899740715667585,0.09653312693445515,0.17327590746788787,0.008871310211788585,
E_conf_filter50,2,0.25,2.0,2905.4102564102564,726.0,726.0,59403.743589743586,0.18927570982893985,2.0256541821789416,1.1074649460039407,0.7160695266407984,0.049711155564576656,0.09271009595052263,0.8069275872904982,0.07906724884541792,0.14332473036564441,0.8792541967045523,0.16092413932252114,0.2695567318311975,0.022025300074807592,
E_conf_filter50,2,0.5,2.0,2905.4102564102564,1452.4871794871794,1452.4871794871794,59403.743589743586,0.20834981626153967,1.705778208705879,0.9570640124837093,0.7066883076694008,0.09371240256343144,0.16474471548420108,0.7948764093664926,0.13636453614466332,0.2312609419856751,0.8667944993266059,0.2416694313280665,0.3741041595485408,0.04271315437273303,
E_conf_filter50,2,1.0,2.0,2905.4102564102564,2905.4102564102564,2905.4102564102564,59403.743589743586,0.22865531250087281,1.4434927165264986,0.8360740145136857,0.6733925773062535,0.14158654990896816,0.2325950164236088,0.772221769288742,0.19533790169835827,0.30954843034677976,0.857205822499781,0.3175257986577143,0.4593726131007533,0.07208573411392671,
E_conf_filter50,4,0.02,4.0,4645.51282051282,92.48717948717949,92.48717948717949,59403.743589743586,0.2362430778108596,2.458331962121784,1.3472875199663217,0.7517668499901156,0.008285819828220667,0.01638539891598077,0.8043587082146831,0.020431961183694527,0.039807675719839494,0.8411157785464015,0.07251917900701109,0.13296315649596355,0.002919452657922524,
E_conf_filter50,4,0.05,4.0,4645.51282051282,231.82051282051282,231.82051282051282,59403.743589743586,0.225684706355139,2.3524294136314174,1.2890570599932782,0.7609937839406783,0.018673573510774026,0.036420637005010574,0.8147748327068631,0.03625259530237609,0.06927756405750628,0.8509108757690427,0.09580686594612489,0.17145576877418225,0.007352683137454838,
E_conf_filter50,4,0.1,4.0,4645.51282051282,464.12820512820514,464.12820512820514,59403.743589743586,0.21702338660964982,2.2330795354249275,1.2250514610172887,0.7719637477824889,0.03486311916898028,0.06660155221085223,0.8218957554520342,0.05730203331908417,0.10677373262071581,0.8583306652365178,0.12662463069026442,0.21911989991168893,0.014907045731542005,
E_conf_filter50,4,0.25,4.0,4645.51282051282,1160.974358974359,1160.974358974359,59403.743589743586,0.2115101704693921,1.9517016902720268,1.0816059303707095,0.7671394846324401,0.07809498913913136,0.14136628950925076,0.82236962946477,0.11128426727977779,0.1951504972087267,0.8644296572613408,0.19859652221363527,0.3200077322521004,0.03626027944889032,
E_conf_filter50,4,0.5,4.0,4645.51282051282,2322.5384615384614,2322.5384615384614,59403.743589743586,0.2296986258841686,1.6113369680906278,0.9205177969873981,0.7296947600449821,0.13423707977911442,0.22597500523614494,0.7986116486128215,0.17978509511760818,0.2920071601043344,0.8543673063871802,0.2897132171359271,0.42863093513372674,0.06483733948731982,
E_conf_filter50,4,1.0,4.0,4645.51282051282,4645.51282051282,4645.51282051282,59403.743589743586,0.25155069315656603,1.31287487816814,0.7822127856623531,0.660258169466894,0.19448076322726393,0.2992397525399217,0.7598495013391007,0.2539923520626063,0.37871088958188326,0.845179645756727,0.3780319942515795,0.5186810906675269,0.09990171717235737,
E_conf_filter50,8,0.02,8.0,5935.871794871795,118.23076923076923,118.23076923076923,59403.743589743586,0.262006012680085,2.4789131110408653,1.3704595618604751,0.7463424254074622,0.010939131675214297,0.021551671468407384,0.7948702233092765,0.026268418848026196,0.05075287808934529,0.816743221068561,0.07739362226222579,0.14064266271106496,0.0036935834764658315,
E_conf_filter50,8,0.05,8.0,5935.871794871795,296.28205128205127,296.28205128205127,59403.743589743586,0.23711996725678347,2.3890184435258526,1.313069205391318,0.7748624892165266,0.023225343079839658,0.045049747756895665,0.8172325217591728,0.04103338743825533,0.07790647510749683,0.8410975754740873,0.09713925269622717,0.17288522968059367,0.009684951038043638,
E_conf_filter50,8,0.1,8.0,5935.871794871795,593.1025641025641,593.1025641025641,59403.743589743586,0.2230603897630749,2.2537211974017097,1.2383907935823921,0.7865386430592943,0.04195553502828978,0.07951252326686431,0.825902966867288,0.06281847718816796,0.11631879758057505,0.8525044838716331,0.12570788219911377,0.2175503683972491,0.019349089746575128,
E_conf_filter50,8,0.25,8.0,5935.871794871795,1483.5897435897436,1483.5897435897436,59403.743589743586,0.22447770602231662,1.9143793813127912,1.069428543667554,0.7644265238205381,0.09124484823387144,0.16250336689102154,0.813163767445715,0.12261905336843547,0.21195935834265706,0.853428917043168,0.2070462941031594,0.3299457793745172,0.04514798921425425,
E_conf_filter50,8,0.5,8.0,5935.871794871795,2967.6923076923076,2967.6923076923076,59403.743589743586,0.24088949017352768,1.564081324971172,0.9024854075723499,0.7136689374570623,0.15247388268034992,0.250037519646943,0.7870154217022388,0.19857859270388484,0.3148201588956672,0.8488834015686981,0.3057862519778232,0.4448435895096958,0.0774843812046769,
E_conf_filter50,8,1.0,8.0,5935.871794871795,5935.871794871795,5935.871794871795,59403.743589743586,0.2510639329759617,1.2754389822649828,0.7632514576204722,0.6314725083108542,0.21783404632605086,0.3220036647846914,0.7457008700758683,0.27669912571192373,0.4009736187454358,0.8481739670449744,0.3982427000527697,0.5378858711347656,0.11208311826072741,
E_conf_filter50,16,0.02,15.692307692307692,7027.897435897436,140.0,140.0,59403.743589743586,0.2730248071038046,2.5122216963994646,1.3926232517516346,0.7643911567116954,0.012579478761786937,0.024737002576332615,0.7958244625945754,0.02692278479935429,0.051968031015317315,0.809771545284071,0.07392604249074654,0.13460784167607956,0.004436932904298313,
E_conf_filter50,16,0.05,15.692307692307692,7027.897435897436,350.9230769230769,350.9230769230769,59403.743589743586,0.23799413353338222,2.399006914214894,1.318500523874138,0.7932351287806492,0.026745811254216677,0.05166414611318698,0.8232156321113145,0.043345986503152,0.08208384642087029,0.839835999178542,0.09661088295427867,0.17202252547505084,0.01169188452206704,
E_conf_filter50,16,0.1,15.692307692307692,7027.897435897436,702.3589743589744,702.3589743589744,59403.743589743586,0.2227271584091202,2.240900637910612,1.231813898159866,0.7973485826180152,0.04827052756093923,0.09080688538821825,0.8291695025738236,0.06801895968712222,0.12522323802278504,0.8516185011209717,0.12976578494225355,0.2235840719192545,0.023182603270862676,
E_conf_filter50,16,0.25,15.692307692307692,7027.897435897436,1756.6410256410256,1756.6410256410256,59403.743589743586,0.23362441055322464,1.8677516691289104,1.0506880398410676,0.7613388591058432,0.10305901668989424,0.1807749468232665,0.8088213670065637,0.13368369681273773,0.22802991119208071,0.8478962443595037,0.2197916520465628,0.3451885034976158,0.052384233682523346,
E_conf_filter50,16,0.5,15.692307692307692,7027.897435897436,3513.74358974359,3513.74358974359,59403.743589743586,0.23996485400680617,1.5237316346973624,0.8818482443520842,0.7030172457526338,0.16635406764428545,0.26732470594844393,0.7822488668887732,0.21133693741198703,0.33017944459000453,0.8516348103014676,0.31753093257806614,0.45776215218680366,0.08621999930226866,
E_conf_filter50,16,1.0,15.692307692307692,7027.897435897436,7027.897435897436,7027.897435897436,59403.743589743586,0.2514443533730812,1.2482975435775794,0.7498709484753303,0.6077247462256331,0.2320400015808985,0.3332865838039079,0.7340675358822927,0.29002953257003866,0.41276045740298695,0.8510040467912444,0.4109385025454742,0.5496839282107332,0.11820393740135864,
E_conf_filter75,-1,0.02,23.666666666666668,3109.230769230769,61.666666666666664,61.666666666666664,59403.743589743586,0.3921824525195928,3.025775770416732,1.7089791114681623,0.6509612094041233,0.00483046223620924,0.009583225460501143,0.7001011941197617,0.010662079020903147,0.020972470415569943,0.7140523121991307,0.03282890446106713,0.062328976931107685,0.0015121573111764742,
E_conf_filter75,-1,0.05,23.666666666666668,3109.230769230769,155.02564102564102,155.02564102564102,59403.743589743586,0.357128358843958,2.695685236583361,1.5264067977136595,0.6926070001448864,0.011269112624978787,0.022150877107957923,0.7286980411463737,0.020949290574168895,0.040598644794784894,0.745349553719405,0.056475494574010625,0.10385718199390087,0.004167763096021924,
E_conf_filter75,-1,0.1,23.666666666666668,3109.230769230769,310.43589743589746,310.43589743589746,59403.743589743586,0.2996344456348957,2.4872392038304127,1.3934368247326543,0.7408621530873452,0.02149213886285591,0.0416750178085287,0.7731758063649732,0.0347869318426172,0.06629995143159367,0.7917122322903115,0.08081297266671883,0.14531152469557945,0.009058863537939795,
E_conf_filter75,-1,0.25,23.666666666666668,3109.230769230769,776.9487179487179,776.9487179487179,59403.743589743586,0.26522396449531616,2.242017335734357,1.2536206501148364,0.7549461970581594,0.046491814356777225,0.08721313668210733,0.7885710289609315,0.06470989705006679,0.11896095955316587,0.8134603088389996,0.12399129919387719,0.21332239203850498,0.022632104346378405,
E_conf_filter75,-1,0.5,23.666666666666668,3109.230769230769,1554.3589743589744,1554.3589743589744,59403.743589743586,0.28619693193406204,1.9996292655536279,1.142913098743845,0.7181952018627671,0.07741135788147545,0.13877822586712793,0.7594169587324483,0.09987944476169298,0.175138108480318,0.7971258943098719,0.17077790928083483,0.2780925541281545,0.04040844996559066,
E_conf_filter75,-1,1.0,23.666666666666668,3109.230769230769,3109.230769230769,3109.230769230769,59403.743589743586,0.2860701970734519,1.6768950097595126,0.9814826034164822,0.6847253027906292,0.12296963314347995,0.2061160213982089,0.7407690902546616,0.15219550766605333,0.24954956828989422,0.8008339456828342,0.24144636567585026,0.36611938871453187,0.0690597489658377,
E_conf_filter75,1,0.02,1.0,699.1538461538462,13.512820512820513,13.512820512820513,59403.743589743586,0.31204734625636676,3.4918717202771266,1.9019595332667463,0.6747908681732211,0.0013194387567409254,0.0026331179130630574,0.6990911865911865,0.0034427542146878887,0.006847254782884978,0.7369600129215513,0.014653675537219529,0.02865276595513592,0.0004190175070074828,
E_conf_filter75,1,0.05,1.0,699.1538461538462,34.38461538461539,34.38461538461539,59403.743589743586,0.2776751966842163,3.3461797332313004,1.8119274649577584,0.7132544089572546,0.0030679026511999823,0.006106914475824074,0.732525835205425,0.006310137950173387,0.012503090169117676,0.7755736133367702,0.021262034155529724,0.04127750335402394,0.0011141520602617788,
E_conf_filter75,1,0.1,1.0,699.1538461538462,69.38461538461539,69.38461538461539,59403.743589743586,0.2678544442986162,3.231700881454917,1.7497776628767667,0.7271517559216952,0.0058156426354953935,0.011530001027603551,0.7440006262589376,0.010242757859547003,0.020183959764273347,0.7841896689943485,0.028671925894862085,0.05517748027287818,0.002334122435479257,
E_conf_filter75,1,0.25,1.0,699.1538461538462,174.48717948717947,174.48717948717947,59403.743589743586,0.27123813836668614,3.02364808839155,1.6474431133791183,0.7334553791907701,0.0132887346013647,0.02606263649033051,0.7513805409774752,0.02012815869319769,0.039128075376813266,0.7919315423087121,0.04557471249722396,0.08591742049161537,0.005927597905603884,
E_conf_filter75,1,0.5,1.0,699.1538461538462,349.35897435897436,349.35897435897436,59403.743589743586,0.28213610753422125,2.7911984114956416,1.5366672595149313,0.7312039032661244,0.02466118806573843,0.047581572818275526,0.7519801272390715,0.034303373153452915,0.06540881250486742,0.7930062956704798,0.06735511726090194,0.12355565692074864,0.011763662673028256,
E_conf_filter75,1,1.0,1.0,699.1538461538462,699.1538461538462,699.1538461538462,59403.743589743586,0.28790488833540756,2.5375124215505727,1.4127086549429901,0.7253121422838327,0.04031005554796075,0.07606541710953166,0.7515793452024714,0.05300762718390683,0.09849699833429439,0.797916001050736,0.09607779485299117,0.1699953056195683,0.021933760011205356,
E_conf_filter75,2,0.02,2.0,1145.1025641025642,22.41025641025641,22.41025641025641,59403.743589743586,0.2016110095494203,2.8911457816693593,1.54637839560939,0.7017301665123653,0.002078831377922505,0.004143884501402133,0.7995904601606154,0.00580066827053044,0.011506232269926472,0.8631127627621384,0.024982137706020306,0.04837594953545241,0.0006514159890098309,
E_conf_filter75,2,0.05,2.0,1145.1025641025642,56.743589743589745,56.743589743589745,59403.743589743586,0.19591633427569835,2.662132820906863,1.4290245775912807,0.7203599421332069,0.004606688665562798,0.009150287711021821,0.7978809080989641,0.01044507350622314,0.02059670433416378,0.8652431347879701,0.03785540494990875,0.07226750859925514,0.0016757242742370532,
E_conf_filter75,2,0.1,2.0,1145.1025641025642,114.02564102564102,114.02564102564102,59403.743589743586,0.19844369106202855,2.5006103628926653,1.349527026977347,0.7269209723253148,0.008625232859910905,0.017033748644321948,0.7977614657535083,0.017011444527704808,0.033261368005939,0.863020866401367,0.0531115184892966,0.09967269183217614,0.0033222486980582213,
E_conf_filter75,2,0.25,2.0,1145.1025641025642,285.87179487179486,285.87179487179486,59403.743589743586,0.22352919899454846,2.319176990525772,1.2713530947601601,0.7171170021382647,0.019773536894869718,0.03841971812011736,0.7714568332206705,0.032542554743138746,0.062283983302005255,0.8375952654972301,0.08084725618948974,0.14667731428139485,0.008488155744575406,
E_conf_filter75,2,0.5,2.0,1145.1025641025642,572.2051282051282,572.2051282051282,59403.743589743586,0.2523032314371342,2.1192039231568063,1.1857535772969703,0.7070265401759835,0.037097209984885804,0.07029336693942505,0.7558031970248937,0.055496142691667034,0.1029793123439007,0.8146384815191066,0.11602978780355354,0.20162211596975146,0.0169756420189357,
E_conf_filter75,2,1.0,2.0,1145.1025641025642,1145.1025641025642,1145.1025641025642,59403.743589743586,0.2739221453193502,1.9069282903190299,1.0904252178191902,0.6946187204281634,0.06145405350692831,0.11234945582663936,0.7437807610331938,0.08541986515782553,0.1521662855643887,0.8041571252721573,0.16055845966846216,0.2648743141046777,0.03164957684973068,
E_conf_filter75,4,0.02,4.0,2042.3076923076924,40.282051282051285,40.282051282051285,59403.743589743586,0.29058087099014496,2.715542460153789,1.5030616655719669,0.6926289120077965,0.003725739220195414,0.0074083864623767015,0.7525250649903962,0.01031247068336596,0.02032381298407668,0.7936847646086684,0.0425499737061339,0.08033413130002633,0.001155209267239768,
E_conf_filter75,4,0.05,4.0,2042.3076923076924,101.61538461538461,101.61538461538461,59403.743589743586,0.2825308282312914,2.5013046664956686,1.3919177473634798,0.7143065442696069,0.00846640902814222,0.016724737695171424,0.7621336473681303,0.019314716681069467,0.03761999130894016,0.804020878291033,0.06495241918587953,0.11953134036562421,0.002968382539648707,
E_conf_filter75,4,0.1,4.0,2042.3076923076924,203.7948717948718,203.7948717948718,59403.743589743586,0.2708342634293896,2.389871028726703,1.3303526460780462,0.7304208086075717,0.015985011506606167,0.0312506491196612,0.7746440697934527,0.030516227962131416,0.05859277836361608,0.8132613239277439,0.08399816368627164,0.15145700607039922,0.006071493021654943,
E_conf_filter75,4,0.25,4.0,2042.3076923076924,510.15384615384613,510.15384615384613,59403.743589743586,0.259818596388122,2.2153469298449457,1.237582763116534,0.7501851814038977,0.03586650469243395,0.0682908171151399,0.786353998183385,0.05517475579971314,0.1027829166053403,0.8213184384968278,0.11791234417513796,0.2052350686471148,0.0154222384621459,
E_conf_filter75,4,0.5,4.0,2042.3076923076924,1020.8974358974359,1020.8974358974359,59403.743589743586,0.2758025705090655,2.0102293330874588,1.143015951798262,0.7340020892781409,0.0620237031880388,0.1139521500374698,0.7702755755832373,0.08588015508389718,0.15380082506624942,0.8063870898987028,0.15749602968064322,0.26160433411901574,0.029404218229310688,
E_conf_filter75,4,1.0,4.0,2042.3076923076924,2042.3076923076924,2042.3076923076924,59403.743589743586,0.29431707204425755,1.7664915129429402,1.0304042924935988,0.7089713994153701,0.09812947198254629,0.17135276345625222,0.7518174501103495,0.12680735966025283,0.2154162073023251,0.7961744632995182,0.21171907758633127,0.33094402279068735,0.05264670722705079,
E_conf_filter75,8,0.02,8.0,2535.8205128205127,50.17948717948718,50.17948717948718,59403.743589743586,0.35002241328499667,2.8221482437987864,1.5860853285418917,0.651274950233154,0.004410085196384718,0.008756687898338108,0.7152978249315304,0.012085937712255386,0.023725249645620564,0.738543769744035,0.04189354501657411,0.07856476298204572,0.0012998982187673353,
E_conf_filter75,8,0.05,8.0,2535.8205128205127,126.3076923076923,126.3076923076923,59403.743589743586,0.33119450377394744,2.5675825042220484,1.449388503997998,0.682421563983561,0.010165707004819101,0.020014169090483112,0.7326874044469759,0.021955015986774393,0.042494908280516594,0.7615856714935262,0.06432567727482748,0.11723098583777648,0.003477590959980303,
E_conf_filter75,8,0.1,8.0,2535.8205128205127,253.07692307692307,253.07692307692307,59403.743589743586,0.30042937790841584,2.4402071593101637,1.3703182686092898,0.7191109463421359,0.018804015208019095,0.0365987245893485,0.7624323845045614,0.0338560422002449,0.0646201400310626,0.7910320458675102,0.08453929794893164,0.15128396227231525,0.007331275617340303,
E_conf_filter75,8,0.25,8.0,2535.8205128205127,633.5897435897435,633.5897435897435,59403.743589743586,0.2672242722237313,2.2419207468742375,1.2545725095489844,0.745902044462575,0.04079519634829789,0.07711968561229211,0.7854985224970364,0.0599914263489447,0.11098629167188657,0.815480763795665,0.12158651293385347,0.20983350967737416,0.018639663952200715,
E_conf_filter75,8,0.5,8.0,2535.8205128205127,1267.6666666666667,1267.6666666666667,59403.743589743586,0.2789526444824942,2.0111276931286355,1.145040168805565,0.7245092106012351,0.06968353268069759,0.126512833627917,0.7650016796359979,0.09340044880906283,0.1654346438827543,0.8028886942638533,0.16516227893894414,0.2711344099128598,0.03491122723174732,
E_conf_filter75,8,1.0,8.0,2535.8205128205127,2535.8205128205127,2535.8205128205127,59403.743589743586,0.2937782766922709,1.722172639982851,1.0079754583375609,0.6959192875659935,0.1107928910452252,0.1895815354663717,0.746112692926714,0.14037642452456855,0.23400671935801817,0.7964210219527121,0.22758639531999053,0.3494578064386098,0.061093846386474714,
E_conf_filter75,16,0.02,15.692307692307692,2874.358974358974,57.02564102564103,57.02564102564103,59403.743589743586,0.38009501168870813,2.9643082405985504,1.6722016261436294,0.659057507011403,0.004872518654087878,0.009667344675361818,0.7018133306530417,0.011425426837887923,0.022447265496453834,0.7169786385761487,0.03555422973147213,0.06728692137455414,0.0014836512012196535,
E_conf_filter75,16,0.05,15.692307692307692,2874.358974358974,143.28205128205127,143.28205128205127,59403.743589743586,0.35242137688910435,2.637705680997646,1.495063528943375,0.6916267348839619,0.01102604047924509,0.021681428321808967,0.7284645943375414,0.021068199677390886,0.04082263334434376,0.746668667456302,0.05830924091526405,0.10681245044283016,0.004032817446379866,
E_conf_filter75,16,0.1,15.692307692307692,2874.358974358974,286.9230769230769,286.9230769230769,59403.743589743586,0.30393149520069246,2.473525709756019,1.3887286024783558,0.7342017093340147,0.020657119463600573,0.04009970392627785,0.7689976270653934,0.034281960773569514,0.06536082190082783,0.7882708709784808,0.08118003475043505,0.14555473813023334,0.008581109132125555,
E_conf_filter75,16,0.25,15.692307692307692,2874.358974358974,718.1538461538462,718.1538461538462,59403.743589743586,0.267528914440839,2.241959695346174,1.2547443048935065,0.7531344628983039,0.044837895227163506,0.08432083129380832,0.7867584581755332,0.0631043410876417,0.11627276347901914,0.8131835759699826,0.1230909275662262,0.21199864277209898,0.02150062037228448,
E_conf_filter75,16,0.5,15.692307692307692,2874.358974358974,1436.871794871795,1436.871794871795,59403.743589743586,0.283133434816808,2.005768988208515,1.1444512115126615,0.7235138933331368,0.07519281957250666,0.13543610147169438,0.7621137416797198,0.0978428286426922,0.17219242709095786,0.7993909618594046,0.16862099715491352,0.27554378224934195,0.03885984453910216,
E_conf_filter75,16,1.0,15.692307692307692,2874.358974358974,2874.358974358974,2874.358974358974,59403.743589743586,0.2886907243235602,1.6927916809148131,0.9907412026191866,0.6907318175542796,0.11928637814930156,0.20153514454058818,0.7432832626472735,0.1483865573552737,0.24480853400564095,0.79964705022212,0.23645532029736643,0.3603483809148934,0.06655650451092622,
oracle,-1,0.02,23.666666666666668,86082.33333333333,1721.1538461538462,1721.1538461538462,59403.743589743586,0.01947002142238215,0.3870496408147626,0.20325983111857238,1.0,0.2697571388417582,0.4233015155732076,1.0,0.5148440876188777,0.6781085903810299,1.0,0.7958321720942161,0.8835993931337887,0.08814035910456533,
oracle,-1,0.05,23.666666666666668,86082.33333333333,4303.641025641025,4303.641025641025,59403.743589743586,0.027092225101946754,0.310815923513628,0.1689540743077874,1.0,0.4707949927166891,0.6384651866277484,1.0,0.663314404549861,0.7954085000874292,1.0,0.8423620788210863,0.9116742946159584,0.20961594986528667,
oracle,-1,0.1,23.666666666666668,86082.33333333333,8607.794871794871,8607.794871794871,59403.743589743586,0.037326402933256335,0.2637246093504184,0.15052550614183738,0.9924462009912229,0.6138867783733276,0.7562647483644912,1.0,0.739297765836408,0.8471953866753736,1.0,0.8638429445441281,0.9243671020984803,0.3506632904532623,
oracle,-1,0.25,23.666666666666668,86082.33333333333,21520.17948717949,21520.17948717949,59403.743589743586,0.07713628687507747,0.2254214927663876,0.15127888982073254,0.7639121240999649,0.676244380993844,0.711947067013862,0.969874035880079,0.7924214717570517,0.8708248359337702,1.0,0.891127385835543,0.940123797465207,0.29988428932692357,
oracle,-1,0.5,23.666666666666668,86082.33333333333,43040.8717948718,43040.8717948718,59403.743589743586,0.1701418299816954,0.20517853871031436,0.1876601843460049,0.38926154344664154,0.6767677088689249,0.48996322354037614,0.6832390633506262,0.8054769379959713,0.7338606176968256,0.9696309498766402,0.9074717935618991,0.9364031397894248,0.1783768316310517,
oracle,-1,1.0,23.666666666666668,86082.33333333333,86082.33333333333,86082.33333333333,59403.743589743586,0.6009416625386482,0.19979096969152216,0.40036631611508516,0.1946293424770059,0.6767677088689249,0.300365426457453,0.34161706377666395,0.8054769379959713,0.47679676632875767,0.6198107685191646,0.9098292356871375,0.7336573570315228,0.09849497129999107,
oracle,1,0.02,1.0,9964.435897435897,198.89743589743588,198.89743589743588,59403.743589743586,0.014440553661387918,1.1478357736298797,0.5811381636456338,1.0,0.04253883520121277,0.08145215104778322,1.0,0.12184909355943829,0.21588927704317507,1.0,0.3410511403600302,0.5010947409886055,0.010931691846199873,
oracle,1,0.05,1.0,9964.435897435897,497.79487179487177,497.79487179487177,59403.743589743586,0.020242599576936898,1.0024233337365906,0.5113329666567638,1.0,0.08934473669151408,0.16331225416039732,1.0,0.19709287994449545,0.32599070149494064,1.0,0.4201564876839711,0.5827874404673921,0.026678099829340746,
oracle,1,0.1,1.0,9964.435897435897,996.025641025641,996.025641025641,59403.743589743586,0.026326529935400078,0.9312525658982432,0.47878954791682166,1.0,0.14059579356871263,0.2447907936034977,1.0,0.2525308735020971,0.3987424743806688,1.0,0.4641215542539024,0.624706339912802,0.05090124766914127,
oracle,1,0.25,1.0,9964.435897435897,2490.7179487179487,2490.7179487179487,59403.743589743586,0.0410914344049408,0.833052900476386,0.4370721674406634,0.9861758099985943,0.2239424453090652,0.3615795283075916,1.0,0.32986369972870533,0.49055507734321024,1.0,0.521620926532234,0.6764517253605233,0.10792857721945905,
oracle,1,0.5,1.0,9964.435897435897,4981.974358974359,4981.974358974359,59403.743589743586,0.08462109806539121,0.724979574041537,0.40480033605346405,0.7082013164182553,0.25519763605926427,0.3721617483339435,0.9363740399751223,0.3932771095926808,0.5484342143041655,0.9989559015027979,0.5938362476113039,0.7355948029047835,0.11200701478120645,
oracle,1,1.0,1.0,9964.435897435897,9964.435897435897,9964.435897435897,59403.743589743586,0.4137377216771173,0.6502944807018384,0.5320161011894778,0.3540830402399861,0.25519763605926427,0.29354700719916693,0.5084127604320585,0.40085885480785227,0.4440168202385099,0.7366064990341454,0.6337332505734161,0.6750885058570048,0.08929422340702522,
oracle,2,0.02,2.0,17339.384615384617,346.3333333333333,346.3333333333333,59403.743589743586,0.015139453458798338,0.7946014860749133,0.4048704697668558,1.0,0.07216246819849327,0.13434895469789368,1.0,0.1965220296637244,0.32688087335718147,1.0,0.4961877948221689,0.6577399961496584,0.018826585320935497,
oracle,2,0.05,2.0,17339.384615384617,866.4615384615385,866.4615384615385,59403.743589743586,0.02106616179694682,0.6905789282062341,0.3558225450015905,1.0,0.14674813297521858,0.2550118946534967,1.0,0.3031942822430159,0.46220104586891636,1.0,0.5813909373001981,0.7294863023150042,0.04565017989498036,
oracle,2,0.1,2.0,17339.384615384617,1733.4871794871794,1733.4871794871794,59403.743589743586,0.027397738171806185,0.6297315218088624,0.32856462999033426,1.0,0.22574539871080906,0.36645065140971067,1.0,0.380002420118945,0.5469418200534655,1.0,0.6282883447379499,0.766131176819772,0.08692543928945493,
oracle,2,0.25,2.0,17339.384615384617,4334.410256410257,4334.410256410257,59403.743589743586,0.044558995317565846,0.5393691952517005,0.2919640952846332,0.9763526424567979,0.33934950048828366,0.5006513918474232,1.0,0.48115224718630106,0.6454094087429136,1.0,0.6904983611773619,0.8119117462982106,0.16786717100144502,
oracle,2,0.5,2.0,17339.384615384617,8669.435897435897,8669.435897435897,59403.743589743586,0.09732165591563206,0.4673741826052618,0.2823479192604469,0.6489295697291039,0.36877897442917057,0.4673844280302302,0.8994216657686244,0.546820978305122,0.6773936796981136,0.9964989451699685,0.7516679274865566,0.8523660600725745,0.15316908807510496,
oracle,2,1.0,2.0,17339.384615384617,17339.384615384617,17339.384615384617,59403.743589743586,0.46231638251658524,0.4299714013711349,0.44614389194386006,0.3244537483451598,0.36877897442917057,0.3428530462404621,0.48266946178176184,0.5523582827176113,0.5128434453029745,0.7208271356790035,0.7778503767904328,0.7452865488571664,0.11089046724592326,
oracle,4,0.02,4.0,31117.94871794872,621.8461538461538,621.8461538461538,59403.743589743586,0.016230360748516814,0.6020365818821419,0.30913347131532937,1.0,0.12274459879525872,0.21838296661846376,1.0,0.30363916703615956,0.4643934070539743,1.0,0.6322395719270302,0.7706801756642048,0.03338423727965622,
oracle,4,0.05,4.0,31117.94871794872,1555.4358974358975,1555.4358974358975,59403.743589743586,0.02253730880009622,0.5133684914300249,0.26795290011506057,1.0,0.23998300887659413,0.38623853004060604,1.0,0.4411827604827877,0.6097884222805025,1.0,0.7094150399185545,0.825785189860492,0.08040449084826229,
oracle,4,0.1,4.0,31117.94871794872,3111.3333333333335,3111.3333333333335,59403.743589743586,0.029391000625953803,0.4598669065263802,0.244628953576167,1.0,0.35419515378634664,0.5215269995342179,1.0,0.5295530299013093,0.689501129552604,1.0,0.7429780432667701,0.8482252635021634,0.1509304572894657,
oracle,4,0.25,4.0,31117.94871794872,7779.076923076923,7779.076923076923,59403.743589743586,0.05075958569873087,0.38032899305360485,0.21554428937616785,0.9464533334792373,0.4770495132511122,0.6327450763931832,1.0,0.6245110821948541,0.7653875132930553,1.0,0.7934033503243857,0.8806710030597609,0.2420590303224811,
oracle,4,0.5,4.0,31117.94871794872,15558.666666666666,15558.666666666666,59403.743589743586,0.11347665421529515,0.33068914368176383,0.22208289894852953,0.5650407135274864,0.4915347197439459,0.5239661199006487,0.8575228251461954,0.6709606630631575,0.7508052933731861,0.9951673118903486,0.8345781308556115,0.9045465743633241,0.18624684466392352,
oracle,4,1.0,4.0,31117.94871794872,31117.94871794872,31117.94871794872,59403.743589743586,0.4923238394850594,0.31313278827302216,0.40272831387904073,0.282514779239701,0.4915347197439459,0.35767192017272853,0.44126112018709956,0.6721662189528222,0.5310343805921733,0.6947004296570422,0.846969246529782,0.7609461974437337,0.12033028284769469,
oracle,8,0.02,8.0,49024.89743589744,980.0,980.0,59403.743589743586,0.017415661173391637,0.49495071374980526,0.2561831874615984,1.0,0.18046822757758862,0.3053965780907556,1.0,0.40224269961995546,0.5725234244960538,1.0,0.7202873193614183,0.8335161153715,0.05223873830441335,
oracle,8,0.05,8.0,49024.89743589744,2450.74358974359,2450.74358974359,59403.743589743586,0.024193257575446974,0.41602873473248553,0.22011099615396626,1.0,0.33871536460531626,0.5052336721734846,1.0,0.5507183887803877,0.7081065016762711,1.0,0.7797001357023688,0.8722581014986883,0.12521187023550612,
oracle,8,0.1,8.0,49024.89743589744,4902.025641025641,4902.025641025641,59403.743589743586,0.03194799456799115,0.3608073112691808,0.19637765291858597,1.0,0.47211561230238375,0.6399614017370404,1.0,0.6327765935516917,0.7720412891105121,1.0,0.8050725203277371,0.8879944321688368,0.230635803324678,
oracle,8,0.25,8.0,49024.89743589744,12255.846153846154,12255.846153846154,59403.743589743586,0.05987923004141662,0.300184547199511,0.18003188862046382,0.8883799133472013,0.5753815508679477,0.6966954803175763,0.9965788104951699,0.7120293797311397,0.8271832468669441,1.0,0.84395214122559,0.9115970740473835,0.2872401454132638,
oracle,8,0.5,8.0,49024.89743589744,24512.23076923077,24512.23076923077,59403.743589743586,0.1343595420243211,0.2674575002807469,0.200908521152534,0.4854957226982992,0.5802131768372621,0.5263522816785051,0.7918219647732814,0.7414294769408653,0.7626594417731349,0.9891456949942224,0.8723804817443925,0.9247504707011018,0.19297201549814394,
oracle,8,1.0,8.0,49024.89743589744,49024.89743589744,49024.89743589744,59403.743589743586,0.5261460943494689,0.25794228806041664,0.3920441912049428,0.2427457737428918,0.5802131768372621,0.3410431021661488,0.4002302506785699,0.7416663495360059,0.5177812980201159,0.6702348066643864,0.8776203109135045,0.7574720207287049,0.1147826959898527,
oracle,16,0.02,15.692307692307692,71029.17948717948,1420.1025641025642,1420.1025641025642,59403.743589743586,0.018697990204133545,0.41803785146058375,0.21836792083235865,1.0,0.24048072834331785,0.3872442867185911,1.0,0.48421596053236343,0.6514160200617223,1.0,0.7775387484301449,0.8712614150380389,0.0751913791977927,
oracle,16,0.05,15.692307692307692,71029.17948717948,3550.974358974359,3550.974358974359,59403.743589743586,0.026002225042898425,0.3423398778652715,0.18417105145408494,1.0,0.4304139114195357,0.6011020143214402,1.0,0.6346172288103935,0.7743431710674239,1.0,0.8267535167733641,0.9013651497923686,0.17939918673281144,
oracle,16,0.1,15.692307692307692,71029.17948717948,7102.461538461538,7102.461538461538,59403.743589743586,0.03516399321311821,0.29212531268180414,0.16364465294746117,1.0,0.5754594150410263,0.7287568780564667,1.0,0.7137824180214711,0.8298128215892342,1.0,0.848865391265062,0.9146615504318476,0.31430924483195977,
oracle,16,0.25,15.692307692307692,71029.17948717948,17756.871794871793,17756.871794871793,59403.743589743586,0.07054031236863599,0.24957392760176214,0.1600571199851991,0.8095665167194426,0.6501890077521063,0.7184340135473268,0.9818971123099948,0.7734756084908063,0.8632332262452069,1.0,0.8779056436556301,0.9317303396352664,0.30263401230818265,
oracle,16,0.5,15.692307692307692,71029.17948717948,35514.35897435898,35514.35897435898,59403.743589743586,0.15691607269338723,0.22481920003437472,0.190867636363881,0.4174489043680346,0.6511933237787664,0.506143461140745,0.719312252443766,0.7897821759470567,0.7488596101293842,0.9769120317531138,0.8971608726450452,0.9340463750670449,0.18564482679047822,
oracle,16,1.0,15.692307692307692,71029.17948717948,71029.17948717948,71029.17948717948,59403.743589743586,0.5739300936466374,0.21855488302659828,0.39624248833661785,0.20872291800614598,0.6511933237787664,0.3148714638162046,0.3600282994555854,0.7897834993958159,0.4923041623146953,0.6360677900132631,0.9001464814666855,0.7426703250024193,0.10436112177040154,
