scene,seq,n_steps,order,k,view,n_pts,overlap_frac,prec_pts_all,prec_overlap_pts,prec_new_pts,dist_nearest_m,angle_nearest_deg,n_new_vox,prec_new_vox,wrong_near,wrong_disp,wrong_hall
apartment_2,seq_0011,15,spread,1,0,32768,0.0,0.68536376953125,,0.68536376953125,,,12100,0.46239669421487606,2576,1739,2190
apartment_2,seq_0011,15,spread,2,14,32768,0.306060791015625,0.787261962890625,0.9644032306311696,0.7091340868112054,2.1,54.220294763025976,7506,0.3808952837729816,1820,1494,1333
apartment_2,seq_0011,15,spread,3,7,32768,0.65618896484375,0.735565185546875,0.9517254208910799,0.3230072785371915,1.05,29.82974884263208,7415,0.3263654753877276,2187,1868,940
apartment_2,seq_0011,15,spread,4,4,32768,0.732330322265625,0.73095703125,0.9073217485519023,0.2484323338273857,0.4500000000000001,13.095652000186135,6579,0.25292597659218724,1924,1255,1736
apartment_2,seq_0011,15,spread,5,11,32768,0.670013427734375,0.76239013671875,0.9381462081530403,0.40553038009803016,0.4500000000000001,14.96512803572826,5251,0.26204532470005715,1645,885,1345
apartment_2,seq_0011,15,spread,6,2,32768,0.80987548828125,0.720855712890625,0.8262868339739242,0.2717495987158908,0.29999999999999993,8.917506353403217,4859,0.2949166495163614,1491,885,1050
apartment_2,seq_0011,15,spread,7,9,32768,0.770355224609375,0.7308349609375,0.8818682407003922,0.2241860465116279,0.29999999999999993,9.95717842860637,4398,0.2260118235561619,1146,733,1525
apartment_2,seq_0011,15,spread,8,5,32768,0.72882080078125,0.744903564453125,0.9198140859224521,0.27481431465226197,0.1500000000000002,4.856492424944819,5326,0.3559894855426211,1316,1313,801
apartment_2,seq_0011,15,spread,9,13,32768,0.77978515625,0.75958251953125,0.9141750156543519,0.21216740576496673,0.1500000000000002,5.576542459628447,3806,0.13215974776668418,1174,1291,838
apartment_2,seq_0011,15,spread,10,1,32768,0.7926025390625,0.7132568359375,0.8367087632835362,0.2414655679811654,0.14999999999999997,4.390976591658239,5443,0.2504133749770347,1122,827,2131
apartment_2,seq_0011,15,spread,11,3,32768,0.828277587890625,0.737030029296875,0.8460263070631149,0.21130264794739648,0.14999999999999997,4.57073423560094,4014,0.2219730941704036,882,1036,1205
apartment_2,seq_0011,15,spread,12,8,32768,0.844085693359375,0.775482177734375,0.8411005459344155,0.4202387942845958,0.14999999999999997,5.040698835497355,3012,0.28320053120849936,519,420,1220
apartment_2,seq_0011,15,spread,13,10,32768,0.92620849609375,0.763885498046875,0.8024052718286656,0.2803970223325062,0.14999999999999997,5.068650372449302,1870,0.22192513368983957,383,238,834
apartment_2,seq_0011,15,spread,14,6,32768,0.8792724609375,0.746002197265625,0.819658475635152,0.2095551061678463,0.14999999999999974,4.664741993365551,3200,0.205625,873,555,1114
apartment_2,seq_0011,15,spread,15,12,32768,0.889434814453125,0.770538330078125,0.8460113226968605,0.16340049682583493,0.14999999999999974,5.123787502678316,2545,0.15795677799607072,861,634,648
apartment_2,seq_0011,15,random,1,2,32768,0.0,0.720855712890625,,0.720855712890625,,,11844,0.4849712934819318,2712,1615,1773
apartment_2,seq_0011,15,random,2,11,32768,0.496978759765625,0.76239013671875,0.9785078292907584,0.548868531213978,1.3499999999999999,38.72580907365278,7202,0.34379339072479864,1812,1262,1652
apartment_2,seq_0011,15,random,3,3,32768,0.706634521484375,0.737030029296875,0.9231699416972576,0.2886715905544575,0.14999999999999997,4.57073423560094,6887,0.2938870335414549,1611,1460,1792
apartment_2,seq_0011,15,random,4,10,32768,0.79754638671875,0.763885498046875,0.8553990969618122,0.40337654507084714,0.14999999999999997,5.068650372449302,4152,0.31165703275529866,953,633,1272
apartment_2,seq_0011,15,random,5,0,32768,0.74835205078125,0.68536376953125,0.8138814126090858,0.30317729808391947,0.29999999999999993,9.232923507695768,5908,0.2985781990521327,1667,1095,1382
apartment_2,seq_0011,15,random,6,4,32768,0.791900634765625,0.73095703125,0.8744074916181741,0.18507112479835752,0.14999999999999997,4.433981340930121,5137,0.190967490753358,1449,1122,1585
apartment_2,seq_0011,15,random,7,7,32768,0.735137939453125,0.735565185546875,0.9195483415666902,0.22491070399815646,0.4499999999999999,13.806333175779663,5897,0.2533491605901306,1866,1689,848
apartment_2,seq_0011,15,random,8,5,32768,0.732513427734375,0.744903564453125,0.9108861392325959,0.2903593839132915,0.1500000000000002,4.856492424944819,5261,0.3822467211556738,1348,1189,713
apartment_2,seq_0011,15,random,9,14,32768,0.685455322265625,0.787261962890625,0.9068162592938872,0.526729407198991,0.4500000000000001,16.55912993361805,4731,0.3267808074402875,1442,938,805
apartment_2,seq_0011,15,random,10,12,32768,0.828643798828125,0.770538330078125,0.8893676573490958,0.19590382902938558,0.14999999999999974,5.123787502678316,3612,0.17691029900332225,1132,892,949
apartment_2,seq_0011,15,random,11,6,32768,0.843414306640625,0.746002197265625,0.8477041647067337,0.19820697719742741,0.14999999999999974,4.664741993365551,3882,0.18778979907264295,1015,750,1388
apartment_2,seq_0011,15,random,12,9,32768,0.848846435546875,0.7308349609375,0.8298040625561747,0.17504542701393094,0.14999999999999997,5.016464718252517,3050,0.16360655737704918,703,552,1296
apartment_2,seq_0011,15,random,13,13,32768,0.830108642578125,0.75958251953125,0.880702915333995,0.1677743847673792,0.1500000000000002,5.576542459628447,3151,0.12916534433513172,1026,1081,637
apartment_2,seq_0011,15,random,14,8,32768,0.8800048828125,0.775482177734375,0.8175891247052296,0.46668362156663273,0.14999999999999997,5.040698835497355,2329,0.31000429368827825,355,257,995
apartment_2,seq_0011,15,random,15,1,32768,0.84185791015625,0.7132568359375,0.8043935329514972,0.2280972597452721,0.14999999999999997,4.390976591658239,4281,0.24176594253679046,793,629,1824
apartment_2,seq_0011,15,sequential,1,0,32768,0.0,0.68536376953125,,0.68536376953125,,,12100,0.46239669421487606,2576,1739,2190
apartment_2,seq_0011,15,sequential,2,1,32768,0.655517578125,0.7132568359375,0.9011638733705772,0.3556874557051736,0.14999999999999997,4.390976591658239,8305,0.33148705599036726,1763,1166,2623
apartment_2,seq_0011,15,sequential,3,2,32768,0.73974609375,0.720855712890625,0.8552805280528053,0.33876641651031897,0.14999999999999997,4.4859193697297854,6413,0.35568376734757523,1841,1041,1250
apartment_2,seq_0011,15,sequential,4,3,32768,0.73284912109375,0.737030029296875,0.9023902723411343,0.2834132967786155,0.14999999999999997,4.57073423560094,6193,0.28839011787502017,1392,1387,1628
apartment_2,seq_0011,15,sequential,5,4,32768,0.782623291015625,0.73095703125,0.8774809904464808,0.20342552295381158,0.14999999999999997,4.433981340930121,5277,0.20466173962478681,1468,1167,1562
apartment_2,seq_0011,15,sequential,6,5,32768,0.68212890625,0.744903564453125,0.9521743020758768,0.3001152073732719,0.1500000000000002,4.856492424944819,6032,0.38975464190981435,1554,1306,821
apartment_2,seq_0011,15,sequential,7,6,32768,0.76312255859375,0.746002197265625,0.9035831400463888,0.2383406338572533,0.14999999999999974,4.664741993365551,5904,0.22425474254742547,1715,1055,1810
apartment_2,seq_0011,15,sequential,8,7,32768,0.7698974609375,0.735565185546875,0.8951561756778182,0.20159151193633953,0.1500000000000002,4.6828478591248315,5218,0.21674971253353775,1426,1806,855
apartment_2,seq_0011,15,sequential,9,8,32768,0.7781982421875,0.775482177734375,0.8684705882352941,0.4492294991744634,0.14999999999999997,5.040698835497355,3667,0.34278701936187617,845,359,1206
apartment_2,seq_0011,15,sequential,10,9,32768,0.818084716796875,0.7308349609375,0.8506360279031596,0.19208186545881564,0.14999999999999997,5.016464718252517,3532,0.18516421291053228,832,665,1381
apartment_2,seq_0011,15,sequential,11,10,32768,0.88079833984375,0.763885498046875,0.8129374263737786,0.4014336917562724,0.14999999999999997,5.068650372449302,2281,0.25471284524331433,510,348,842
apartment_2,seq_0011,15,sequential,12,11,32768,0.843292236328125,0.76239013671875,0.8278869467665473,0.40993184031158714,0.14999999999999997,5.091551184599043,2729,0.1703920850128252,906,564,794
apartment_2,seq_0011,15,sequential,13,12,32768,0.86962890625,0.770538330078125,0.8549971925884334,0.2071629213483146,0.14999999999999974,5.123787502678316,2932,0.17803547066848568,941,733,736
apartment_2,seq_0011,15,sequential,14,13,32768,0.851287841796875,0.75958251953125,0.8555296648144829,0.21034270469936384,0.1500000000000002,5.576542459628447,2952,0.14939024390243902,936,1010,565
apartment_2,seq_0011,15,sequential,15,14,32768,0.8106689453125,0.787261962890625,0.8845053455804849,0.370889748549323,0.1500000000000002,5.660221419064501,3789,0.29612034837688045,1201,828,638
frl_apartment_5,seq_0000,15,spread,1,0,32768,0.0,0.466094970703125,,0.466094970703125,,,7606,0.3364449119116487,1969,1598,1480
frl_apartment_5,seq_0000,15,spread,2,14,32768,0.087371826171875,0.615081787109375,0.879846315054139,0.5897341581675305,2.1,58.073558796382024,7474,0.30305057532780305,1738,1630,1841
frl_apartment_5,seq_0000,15,spread,3,7,32768,0.40118408203125,0.393829345703125,0.5893047314772555,0.2628682091529915,1.05,31.081817903101808,8519,0.24169503462847752,2330,2297,1833
frl_apartment_5,seq_0000,15,spread,4,11,32768,0.48681640625,0.477874755859375,0.651579739217653,0.31309467174119887,0.4500000000000002,14.245881337258636,7551,0.2839359025294663,2225,1630,1552
frl_apartment_5,seq_0000,15,spread,5,3,32768,0.554962158203125,0.427215576171875,0.4410228210063239,0.40999794281012136,0.45,14.912510879258416,6426,0.25552443199502023,1738,1521,1525
frl_apartment_5,seq_0000,15,spread,6,5,32768,0.622955322265625,0.425140380859375,0.4416793220006858,0.39781464993929583,0.3,9.947553801190788,6719,0.22458699211192143,1529,1772,1909
frl_apartment_5,seq_0000,15,spread,7,9,32768,0.720733642578125,0.4049072265625,0.4681373586823051,0.2417222161512403,0.29999999999999977,9.685283330812533,5538,0.17497291440953414,1743,1642,1184
frl_apartment_5,seq_0000,15,spread,8,13,32768,0.65631103515625,0.54449462890625,0.6581884125360364,0.3273841236014917,0.15000000000000008,5.723465653425995,4072,0.17608055009823181,803,820,1732
frl_apartment_5,seq_0000,15,spread,9,1,32768,0.682525634765625,0.444580078125,0.45365526492287056,0.42506969143516293,0.15000000000000002,5.237624306626244,4564,0.254601226993865,1633,707,1062
frl_apartment_5,seq_0000,15,spread,10,6,32768,0.72161865234375,0.406158447265625,0.41004821111393047,0.39607542205656654,0.15000000000000002,4.979592846432196,4474,0.21144389807778274,989,1255,1284
frl_apartment_5,seq_0000,15,spread,11,12,32768,0.87591552734375,0.4984130859375,0.539927531182496,0.20536153467781604,0.15000000000000002,5.052639364564789,3070,0.12084690553745929,619,882,1198
frl_apartment_5,seq_0000,15,spread,12,2,32768,0.8331298828125,0.422637939453125,0.4624908424908425,0.22366495976591075,0.15,5.111183606040127,3716,0.15419806243272335,1004,1155,984
frl_apartment_5,seq_0000,15,spread,13,4,32768,0.862701416015625,0.42877197265625,0.4589479642010683,0.23916425872416092,0.14999999999999997,5.033599635329161,3364,0.17538644470868014,667,1083,1024
frl_apartment_5,seq_0000,15,spread,14,10,32768,0.859222412109375,0.416748046875,0.4487302432960398,0.22154779969650987,0.14999999999999983,4.855614885093453,3216,0.17630597014925373,836,950,863
frl_apartment_5,seq_0000,15,spread,15,8,32768,0.834686279296875,0.392974853515625,0.4053965120105298,0.33025659959387116,0.14999999999999977,4.893413951223381,3132,0.21008939974457216,793,770,911
frl_apartment_5,seq_0000,15,random,1,2,32768,0.0,0.422637939453125,,0.422637939453125,,,9565,0.29639309984317824,2520,2314,1896
frl_apartment_5,seq_0000,15,random,2,11,32768,0.21136474609375,0.477874755859375,0.8574935027432862,0.37613187833759,1.3499999999999999,37.29555940566658,8973,0.3245291429845091,2520,1817,1724
frl_apartment_5,seq_0000,15,random,3,3,32768,0.682952880859375,0.427215576171875,0.4615040886545422,0.3533545095774377,0.15,5.072911047754992,5742,0.2479972135144549,1524,1396,1398
frl_apartment_5,seq_0000,15,random,4,10,32768,0.634735107421875,0.416748046875,0.495648829270638,0.2796390675912775,0.14999999999999983,4.855614885093453,6910,0.20795947901591896,2181,1797,1495
frl_apartment_5,seq_0000,15,random,5,0,32768,0.51141357421875,0.466094970703125,0.42570712495524526,0.508369768894441,0.3,12.005459027606383,4864,0.2993421052631579,1492,1086,830
frl_apartment_5,seq_0000,15,random,6,4,32768,0.6495361328125,0.42877197265625,0.4316857733508739,0.42337164750957856,0.15000000000000002,5.033599635329163,5746,0.2391228680821441,1369,1717,1286
frl_apartment_5,seq_0000,15,random,7,7,32768,0.683685302734375,0.393829345703125,0.44302102397000404,0.2875060299083454,0.44999999999999996,14.485379389102333,5838,0.20195272353545735,1477,1747,1435
frl_apartment_5,seq_0000,15,random,8,5,32768,0.807769775390625,0.425140380859375,0.47617968189202464,0.21066836005715192,0.14999999999999997,5.01154212618705,5027,0.16530734036204495,1005,1396,1795
frl_apartment_5,seq_0000,15,random,9,14,32768,0.353302001953125,0.615081787109375,0.8154098643862832,0.5056391864470766,0.4500000000000002,18.978633041934717,5673,0.23479640401903754,1287,1302,1752
frl_apartment_5,seq_0000,15,random,10,12,32768,0.82647705078125,0.4984130859375,0.5515471530906136,0.24533943017938797,0.15000000000000002,5.052639364564789,3556,0.14932508436445444,791,960,1274
frl_apartment_5,seq_0000,15,random,11,6,32768,0.72943115234375,0.406158447265625,0.4039829302987198,0.4120234604105572,0.15000000000000002,4.979592846432196,4182,0.22214251554280248,939,1131,1183
frl_apartment_5,seq_0000,15,random,12,9,32768,0.846923828125,0.4049072265625,0.44202219659844333,0.19956140350877194,0.1500000000000002,4.877484165399139,3320,0.14728915662650602,969,1021,841
frl_apartment_5,seq_0000,15,random,13,13,32768,0.73883056640625,0.54449462890625,0.628211482858323,0.30766534236971255,0.15000000000000008,5.723465653425995,3187,0.1393159711327267,517,633,1593
frl_apartment_5,seq_0000,15,random,14,8,32768,0.83282470703125,0.392974853515625,0.4060461707585196,0.3278568820737495,0.14999999999999977,4.893413951223381,3185,0.2084772370486656,827,773,921
frl_apartment_5,seq_0000,15,random,15,1,32768,0.78350830078125,0.444580078125,0.4695801199657241,0.35410205807724837,0.15,5.237624306626243,3673,0.23060168799346584,1292,591,943
frl_apartment_5,seq_0000,15,sequential,1,0,32768,0.0,0.466094970703125,,0.466094970703125,,,7606,0.3364449119116487,1969,1598,1480
frl_apartment_5,seq_0000,15,sequential,2,1,32768,0.57080078125,0.444580078125,0.4598481608212147,0.42427474402730375,0.15000000000000002,5.237624306626244,6250,0.29824,2183,964,1239
frl_apartment_5,seq_0000,15,sequential,3,2,32768,0.6258544921875,0.422637939453125,0.4809830310122879,0.32504078303425776,0.15,5.111183606040127,6185,0.19951495553759094,1864,1818,1269
frl_apartment_5,seq_0000,15,sequential,4,3,32768,0.694183349609375,0.427215576171875,0.4514001846397327,0.37231813192296176,0.15,5.072911047754992,5472,0.2629751461988304,1451,1299,1283
frl_apartment_5,seq_0000,15,sequential,5,4,32768,0.621429443359375,0.42877197265625,0.440799489269754,0.4090286174929464,0.15000000000000002,5.033599635329163,6186,0.23714839961202716,1465,1872,1382
frl_apartment_5,seq_0000,15,sequential,6,5,32768,0.77825927734375,0.425140380859375,0.4837659791388911,0.21937792458023672,0.14999999999999997,5.01154212618705,5658,0.18080593849416754,1125,1502,2008
frl_apartment_5,seq_0000,15,sequential,7,6,32768,0.589080810546875,0.406158447265625,0.4162047350152826,0.39175640549572965,0.15000000000000002,4.979592846432196,6431,0.24273052402425752,1570,1880,1420
frl_apartment_5,seq_0000,15,sequential,8,7,32768,0.698028564453125,0.393829345703125,0.4158177764176103,0.34300151591712985,0.15000000000000002,4.921890239443937,5111,0.21874388573664644,1381,1269,1343
frl_apartment_5,seq_0000,15,sequential,9,8,32768,0.72216796875,0.392974853515625,0.42887931034482757,0.29964850615114236,0.15000000000000002,4.893413951223389,5163,0.20356381948479566,1421,1532,1159
frl_apartment_5,seq_0000,15,sequential,10,9,32768,0.75457763671875,0.4049072265625,0.4316104505378953,0.3228052723203183,0.14999999999999977,4.877484165399125,4433,0.21745995939544327,1322,1154,993
frl_apartment_5,seq_0000,15,sequential,11,10,32768,0.779388427734375,0.416748046875,0.4589451427228944,0.2676718771614331,0.1500000000000002,4.8556148850934635,3862,0.20507509062661833,949,1044,1077
frl_apartment_5,seq_0000,15,sequential,12,11,32768,0.6932373046875,0.477874755859375,0.49863532312026765,0.4309590131317151,0.14999999999999983,4.837436265401612,5459,0.2815533980582524,1593,1176,1153
frl_apartment_5,seq_0000,15,sequential,13,12,32768,0.76416015625,0.4984130859375,0.5210063897763578,0.4252070393374741,0.15000000000000002,5.052639364564789,3502,0.1684751570531125,781,867,1264
frl_apartment_5,seq_0000,15,sequential,14,13,32768,0.65728759765625,0.54449462890625,0.6436995078465967,0.3542297417631345,0.15000000000000013,5.723465653425998,3700,0.15,621,763,1761
frl_apartment_5,seq_0000,15,sequential,15,14,32768,0.630645751953125,0.615081787109375,0.7898862811517058,0.3166157151119557,0.15000000000000008,6.53965977072009,4423,0.21275152611349762,971,994,1517
frl_apartment_5,seq_0004,15,spread,1,0,32768,0.0,0.4549560546875,,0.4549560546875,,,10946,0.3856203179243559,3169,1877,1679
frl_apartment_5,seq_0004,15,spread,2,14,32768,0.19744873046875,0.55889892578125,0.798145285935085,0.5000380257053768,2.1,51.444606429886655,8529,0.4251377652714269,2075,1756,1072
frl_apartment_5,seq_0004,15,spread,3,7,32768,0.61480712890625,0.467193603515625,0.47930110195572323,0.4478688005070512,1.05,28.625088848350973,7953,0.39067018735068526,2791,1437,618
frl_apartment_5,seq_0004,15,spread,4,4,32768,0.704986572265625,0.466033935546875,0.4606294099822518,0.47894900175856003,0.45,12.955207532571386,6414,0.3774555659494855,2182,1228,583
frl_apartment_5,seq_0004,15,spread,5,10,32768,0.722259521484375,0.48388671875,0.5002746440190983,0.4412701900890012,0.45,14.186880243728545,6077,0.36119795951949973,1936,1333,613
frl_apartment_5,seq_0004,15,spread,6,12,32768,0.819183349609375,0.502685546875,0.5301195842491525,0.37839662447257383,0.29999999999999993,9.84367510139184,4571,0.3248742069569022,1312,1160,614
frl_apartment_5,seq_0004,15,spread,7,2,32768,0.815399169921875,0.470428466796875,0.4865451551330514,0.39923954372623577,0.2999999999999998,8.741051222478903,4432,0.34724729241877256,1648,983,262
frl_apartment_5,seq_0004,15,spread,8,6,32768,0.85400390625,0.46746826171875,0.4861349342481418,0.35827759197324416,0.15000000000000016,4.353338091229024,3833,0.2872423689016436,1239,1161,332
frl_apartment_5,seq_0004,15,spread,9,9,32768,0.867919921875,0.4879150390625,0.5124472573839662,0.3267097966728281,0.15000000000000016,4.6263304238586205,3637,0.2903491888919439,1369,865,347
frl_apartment_5,seq_0004,15,spread,10,3,32768,0.896575927734375,0.477630615234375,0.4985533884747609,0.2962525818825612,0.1500000000000001,4.368586108716932,2728,0.2602639296187683,940,748,330
frl_apartment_5,seq_0004,15,spread,11,13,32768,0.897186279296875,0.52581787109375,0.5404265451205823,0.398337785693084,0.14999999999999994,5.062883341363669,2433,0.2975750102753802,620,703,386
frl_apartment_5,seq_0004,15,spread,12,11,32768,0.891021728515625,0.483612060546875,0.5064903928485803,0.29655558667040044,0.14999999999999988,4.917822157370309,2615,0.25124282982791585,949,624,385
frl_apartment_5,seq_0004,15,spread,13,5,32768,0.888519287109375,0.450469970703125,0.47264296754250384,0.2737476047084588,0.14999999999999974,4.376589313115738,3180,0.25157232704402516,979,891,510
frl_apartment_5,seq_0004,15,spread,14,8,32768,0.906036376953125,0.4691162109375,0.48795850314931455,0.28743098408574214,0.14999999999999974,4.491800154471144,2566,0.2626656274356976,1023,688,181
frl_apartment_5,seq_0004,15,spread,15,1,32768,0.920623779296875,0.4613037109375,0.47644777405774524,0.28565936178392926,0.1499999999999997,4.421711320924156,2270,0.2431718061674009,787,644,287
frl_apartment_5,seq_0004,15,random,1,2,32768,0.0,0.470428466796875,,0.470428466796875,,,11251,0.4286730068438361,2962,1898,1568
frl_apartment_5,seq_0004,15,random,2,11,32768,0.271820068359375,0.483612060546875,0.7270685977321208,0.3927329114454549,1.3500000000000003,37.753925630852734,9199,0.40123926513751496,2728,1700,1080
frl_apartment_5,seq_0004,15,random,3,3,32768,0.756439208984375,0.477630615234375,0.4951789244361964,0.4231299335922817,0.1500000000000001,4.368586108716932,5523,0.36664856056491035,1743,1097,658
frl_apartment_5,seq_0004,15,random,4,10,32768,0.755462646484375,0.48388671875,0.5026459301151283,0.42593285910395606,0.15000000000000008,4.816655147165043,5416,0.34324224519940916,1655,1290,612
frl_apartment_5,seq_0004,15,random,5,0,32768,0.708465576171875,0.4549560546875,0.4356665948740039,0.5018318852716425,0.2999999999999998,8.980125182636154,5662,0.3740727658071353,1961,1048,535
frl_apartment_5,seq_0004,15,random,6,4,32768,0.84088134765625,0.466033935546875,0.49706031792117294,0.3020713463751438,0.1500000000000001,4.38495267782145,4412,0.271532184950136,1651,1123,440
frl_apartment_5,seq_0004,15,random,7,7,32768,0.766021728515625,0.467193603515625,0.4833273574757978,0.4143732881179079,0.45,13.165257055547768,5521,0.3452273138924108,2128,1151,336
frl_apartment_5,seq_0004,15,random,8,5,32768,0.850982666015625,0.450469970703125,0.47154384077461,0.330124923202949,0.14999999999999974,4.376589313115738,4031,0.2900024807740015,1267,998,597
frl_apartment_5,seq_0004,15,random,9,14,32768,0.792877197265625,0.55889892578125,0.5927023594164966,0.42949756888168555,0.45,15.048684482007848,4592,0.34560104529616725,1377,1080,548
frl_apartment_5,seq_0004,15,random,10,12,32768,0.861572265625,0.502685546875,0.5284429016718617,0.3423721340388007,0.14999999999999988,4.958426233703198,3545,0.3007052186177715,1026,942,511
frl_apartment_5,seq_0004,15,random,11,6,32768,0.89276123046875,0.46746826171875,0.4900868257332331,0.27916903813318156,0.15000000000000008,4.353338091229022,3029,0.23737206999009575,986,1070,254
frl_apartment_5,seq_0004,15,random,12,9,32768,0.88702392578125,0.4879150390625,0.510286933186541,0.3122636412749865,0.15000000000000016,4.6263304238586205,3146,0.2800381436745073,1242,739,284
frl_apartment_5,seq_0004,15,random,13,13,32768,0.913604736328125,0.52581787109375,0.5366269165247018,0.411515365595196,0.14999999999999994,5.062883341363669,2021,0.30133597229094505,503,597,312
frl_apartment_5,seq_0004,15,random,14,8,32768,0.906036376953125,0.4691162109375,0.48795850314931455,0.28743098408574214,0.14999999999999974,4.491800154471144,2566,0.2626656274356976,1023,688,181
frl_apartment_5,seq_0004,15,random,15,1,32768,0.920623779296875,0.4613037109375,0.47644777405774524,0.28565936178392926,0.1499999999999997,4.421711320924156,2270,0.2431718061674009,787,644,287
frl_apartment_5,seq_0004,15,sequential,1,0,32768,0.0,0.4549560546875,,0.4549560546875,,,10946,0.3856203179243559,3169,1877,1679
frl_apartment_5,seq_0004,15,sequential,2,1,32768,0.665435791015625,0.4613037109375,0.45150194909424446,0.48079905135455625,0.1500000000000001,4.421711320924167,6746,0.39371479395197156,2130,1188,772
frl_apartment_5,seq_0004,15,sequential,3,2,32768,0.757659912109375,0.470428466796875,0.48181415394530147,0.4348318851530034,0.1499999999999997,4.396104764149793,5581,0.39061100161261425,1931,1031,439
frl_apartment_5,seq_0004,15,sequential,4,3,32768,0.78936767578125,0.477630615234375,0.4884404237222609,0.43711967545638947,0.1500000000000001,4.368586108716932,4682,0.38487825715506196,1404,952,524
frl_apartment_5,seq_0004,15,sequential,5,4,32768,0.835357666015625,0.466033935546875,0.49125050231980416,0.3380908248378128,0.1500000000000001,4.38495267782145,4363,0.2968141187256475,1548,1081,439
frl_apartment_5,seq_0004,15,sequential,6,5,32768,0.839813232421875,0.450469970703125,0.470002543697082,0.34806629834254144,0.14999999999999974,4.376589313115738,4209,0.30719885958660015,1227,1058,631
frl_apartment_5,seq_0004,15,sequential,7,6,32768,0.850250244140625,0.46746826171875,0.49560317289400957,0.3077236600774404,0.15000000000000008,4.353338091229022,3926,0.27024961793173713,1250,1283,332
frl_apartment_5,seq_0004,15,sequential,8,7,32768,0.767578125,0.467193603515625,0.4751908396946565,0.4407825630252101,0.15000000000000016,4.4582985000895885,5330,0.3626641651031895,2001,1053,343
frl_apartment_5,seq_0004,15,sequential,9,8,32768,0.836456298828125,0.4691162109375,0.49567660257579627,0.3332711326740063,0.15000000000000008,4.4918001544711545,4212,0.2960588793922127,1570,1073,322
frl_apartment_5,seq_0004,15,sequential,10,9,32768,0.848876953125,0.4879150390625,0.5133016968651136,0.34531502423263327,0.14999999999999974,4.626330423858607,4010,0.30748129675810476,1353,1050,374
frl_apartment_5,seq_0004,15,sequential,11,10,32768,0.76409912109375,0.48388671875,0.4908139627765796,0.4614489003880983,0.15000000000000016,4.816655147165046,4683,0.3386717915865898,1509,1042,546
frl_apartment_5,seq_0004,15,sequential,12,11,32768,0.812225341796875,0.483612060546875,0.511591207965433,0.3625873557614172,0.15000000000000008,4.917822157370315,4207,0.3071072022819111,1386,987,542
frl_apartment_5,seq_0004,15,sequential,13,12,32768,0.796142578125,0.502685546875,0.5198942042318307,0.43547904191616765,0.14999999999999988,4.958426233703198,4379,0.35921443251883994,1232,1075,499
frl_apartment_5,seq_0004,15,sequential,14,13,32768,0.89404296875,0.52581787109375,0.5379232659748772,0.4236751152073733,0.15000000000000016,5.062883341363676,2468,0.3225283630470016,651,681,340
frl_apartment_5,seq_0004,15,sequential,15,14,32768,0.90948486328125,0.55889892578125,0.581773035366754,0.32906271072151044,0.14999999999999994,5.121168464662325,2442,0.2858312858312858,705,621,418
apartment_2,seq_0005,18,spread,1,0,32768,0.0,0.70111083984375,,0.70111083984375,,,7337,0.49788741992640045,1585,1490,609
apartment_2,seq_0005,18,spread,2,17,32768,0.1395263671875,0.787109375,0.9258530183727034,0.7646120017023691,2.55,55.95950370393593,6984,0.627290950744559,1609,994,0
apartment_2,seq_0005,18,spread,3,8,32768,0.5093994140625,0.870697021484375,0.9725017972681524,0.7649912913660114,1.2,36.60725115479486,4555,0.6880351262349067,1296,125,0
apartment_2,seq_0005,18,spread,4,12,32768,0.68389892578125,0.808319091796875,0.9266845158411423,0.552230160262599,0.6000000000000001,19.37212847974492,3335,0.5055472263868066,1271,378,0
apartment_2,seq_0005,18,spread,5,4,32768,0.571319580078125,0.68243408203125,0.9217456332460873,0.36349398448067205,0.6,26.457493020878495,3570,0.32941176470588235,1482,729,183
apartment_2,seq_0005,18,spread,6,14,32768,0.81939697265625,0.824066162109375,0.8854748603351955,0.5454545454545454,0.30000000000000016,9.779500607145811,2170,0.5235023041474655,755,277,2
apartment_2,seq_0005,18,spread,7,2,32768,0.7548828125,0.65362548828125,0.7671410090556274,0.3040338645418327,0.3,15.058580962621058,2297,0.28646060078363084,1138,494,7
apartment_2,seq_0005,18,spread,8,6,32768,0.83447265625,0.858642578125,0.8854593329432416,0.7234513274336283,0.3,12.235035902603562,2009,0.5968143354902937,665,145,0
apartment_2,seq_0005,18,spread,9,10,32768,0.820953369140625,0.81854248046875,0.8871789152819598,0.5038350093744673,0.3,10.166107894278667,2052,0.45321637426900585,947,175,0
apartment_2,seq_0005,18,spread,10,1,32768,0.69696044921875,0.670501708984375,0.796742271652509,0.38016112789526685,0.15,6.151917401359298,4322,0.3190652475705692,1333,1092,518
apartment_2,seq_0005,18,spread,11,3,32768,0.909515380859375,0.65911865234375,0.7001308593094655,0.24688026981450253,0.15,7.332226770501876,1985,0.19848866498740556,683,480,428
apartment_2,seq_0005,18,spread,12,7,32768,0.93780517578125,0.892059326171875,0.9005532053368044,0.7639842983316978,0.1499999999999999,5.6788322319571645,1107,0.6937669376693767,314,25,0
apartment_2,seq_0005,18,spread,13,5,32768,0.899322509765625,0.748504638671875,0.802300722793444,0.26795998787511366,0.14999999999999983,6.395374080178409,1580,0.19240506329113924,537,380,359
apartment_2,seq_0005,18,spread,14,9,32768,0.9185791015625,0.813720703125,0.8482059800664452,0.42466266866566715,0.1499999999999997,5.4663147063066,935,0.3967914438502674,479,85,0
apartment_2,seq_0005,18,spread,15,11,32768,0.9422607421875,0.819427490234375,0.836863583365721,0.5348837209302325,0.1499999999999997,5.1410887400085405,928,0.46120689655172414,410,90,0
apartment_2,seq_0005,18,spread,16,13,32768,0.959808349609375,0.859283447265625,0.8687164160122095,0.6340167046317388,0.1499999999999997,4.940859934234705,920,0.5891304347826087,271,107,0
apartment_2,seq_0005,18,spread,17,16,32768,0.907745361328125,0.785064697265625,0.8251470835434527,0.3906715183592458,0.1499999999999997,5.032646396546612,1064,0.42857142857142855,375,233,0
apartment_2,seq_0005,18,spread,18,15,32768,0.936431884765625,0.76031494140625,0.8009776763891152,0.1613058089294287,0.14999999999999952,4.987277055386209,872,0.17545871559633028,575,144,0
apartment_2,seq_0005,18,random,1,2,32768,0.0,0.65362548828125,,0.65362548828125,,,5669,0.5438348915152584,1922,657,7
apartment_2,seq_0005,18,random,2,10,32768,0.469390869140625,0.81854248046875,0.9827709511735258,0.6732616322539828,1.2000000000000002,35.650782305817096,5450,0.6343119266055046,1713,280,0
apartment_2,seq_0005,18,random,3,3,32768,0.797210693359375,0.65911865234375,0.7154997511771236,0.43747178329571107,0.15,7.332226770501876,3284,0.3501827040194884,1083,623,428
apartment_2,seq_0005,18,random,4,12,32768,0.666961669921875,0.808319091796875,0.9231297185998627,0.5783927426005682,0.3,9.970961583590345,3523,0.5401646324155549,1228,392,0
apartment_2,seq_0005,18,random,5,0,32768,0.400238037109375,0.70111083984375,0.8226458253907739,0.6200071235943622,0.3,10.901471889798408,5981,0.4258485203143287,1370,1455,609
apartment_2,seq_0005,18,random,6,4,32768,0.766571044921875,0.68243408203125,0.797882081293045,0.30330762191136096,0.15,7.0919501456709835,2677,0.29099738513261114,1067,648,183
apartment_2,seq_0005,18,random,7,7,32768,0.777130126953125,0.892059326171875,0.9365796190850186,0.7368204847323018,0.45,16.610918870039956,2607,0.7429996164173379,638,32,0
apartment_2,seq_0005,18,random,8,5,32768,0.839752197265625,0.748504638671875,0.8235272740487698,0.3553608836412112,0.15000000000000016,6.395374080178423,2106,0.2654320987654321,746,442,359
apartment_2,seq_0005,18,random,9,16,32768,0.75616455078125,0.785064697265625,0.8659698119299378,0.5341677096370463,0.6,19.404881772102428,2610,0.5057471264367817,811,479,0
apartment_2,seq_0005,18,random,10,13,32768,0.902191162109375,0.859283447265625,0.8731184250583499,0.7316692667706708,0.1499999999999997,4.940859934234705,1700,0.6547058823529411,466,121,0
apartment_2,seq_0005,18,random,11,14,32768,0.8819580078125,0.824066162109375,0.8640138408304499,0.5255946225439504,0.15000000000000047,4.925624584786622,1453,0.49827942188575364,484,243,2
apartment_2,seq_0005,18,random,12,11,32768,0.9315185546875,0.819427490234375,0.8391429694666492,0.5512477718360071,0.1499999999999997,5.1410887400085405,1059,0.4910292728989613,438,101,0
apartment_2,seq_0005,18,random,13,6,32768,0.943267822265625,0.858642578125,0.873273156685755,0.6153846153846154,0.14999999999999983,6.188059411697329,1234,0.4659643435980551,513,146,0
apartment_2,seq_0005,18,random,14,9,32768,0.906219482421875,0.813720703125,0.849772689004883,0.46534331272372276,0.15000000000000038,5.466314706306624,968,0.4090909090909091,497,75,0
apartment_2,seq_0005,18,random,15,17,32768,0.8851318359375,0.787109375,0.8322645152392774,0.4391604675876727,0.1499999999999997,4.976571735881294,1676,0.39200477326968974,530,489,0
apartment_2,seq_0005,18,random,16,8,32768,0.93951416015625,0.870697021484375,0.894692392646008,0.4979818365287588,0.1499999999999997,5.305143520646731,1043,0.4899328859060403,483,49,0
apartment_2,seq_0005,18,random,17,1,32768,0.729522705078125,0.670501708984375,0.7780798996025936,0.3803452555568092,0.15,6.151917401359298,4110,0.3158150851581509,1233,1061,518
apartment_2,seq_0005,18,random,18,15,32768,0.936431884765625,0.76031494140625,0.8009776763891152,0.1613058089294287,0.14999999999999952,4.987277055386209,872,0.17545871559633028,575,144,0
apartment_2,seq_0005,18,sequential,1,0,32768,0.0,0.70111083984375,,0.70111083984375,,,7337,0.49788741992640045,1585,1490,609
apartment_2,seq_0005,18,sequential,2,1,32768,0.512359619140625,0.670501708984375,0.8907022455178987,0.43913886976656863,0.15,6.151917401359298,5114,0.3509972624168948,1647,1154,518
apartment_2,seq_0005,18,sequential,3,2,32768,0.424285888671875,0.65362548828125,0.9740343810688341,0.4174927113702624,0.15,7.661586338479889,4494,0.4532710280373832,1800,650,7
apartment_2,seq_0005,18,sequential,4,3,32768,0.794403076171875,0.65911865234375,0.7136106949406477,0.44856761169660087,0.15,7.332226770501876,3532,0.3921291053227633,1091,628,428
apartment_2,seq_0005,18,sequential,5,4,32768,0.750091552734375,0.68243408203125,0.8031653037145531,0.32006349981682747,0.15,7.0919501456709835,3272,0.35666259168704156,1221,701,183
apartment_2,seq_0005,18,sequential,6,5,32768,0.73046875,0.748504638671875,0.838903743315508,0.503509963768116,0.15000000000000016,6.395374080178423,2873,0.3887922032718413,936,461,359
apartment_2,seq_0005,18,sequential,7,6,32768,0.69464111328125,0.858642578125,0.8916615411650998,0.7835298820707576,0.14999999999999983,6.188059411697329,3283,0.6576302162656107,942,182,0
apartment_2,seq_0005,18,sequential,8,7,32768,0.763824462890625,0.892059326171875,0.9155779296016621,0.8159968988241375,0.15000000000000016,5.678832231957174,3105,0.7594202898550725,714,33,0
apartment_2,seq_0005,18,sequential,9,8,32768,0.807403564453125,0.870697021484375,0.9087954038628718,0.7109808271272382,0.1499999999999999,5.305143520646738,2142,0.5980392156862745,771,90,0
apartment_2,seq_0005,18,sequential,10,9,32768,0.8258056640625,0.813720703125,0.8831855136733185,0.48440784863349684,0.1499999999999997,5.4663147063066,1988,0.43762575452716296,918,200,0
apartment_2,seq_0005,18,sequential,11,10,32768,0.8199462890625,0.81854248046875,0.8808992109572726,0.5345762711864407,0.15000000000000038,5.1233769847408155,2094,0.4818529130850048,895,190,0
apartment_2,seq_0005,18,sequential,12,11,32768,0.891815185546875,0.819427490234375,0.8485439551038566,0.579407616361072,0.1499999999999997,5.1410887400085405,1515,0.5036303630363036,629,123,0
apartment_2,seq_0005,18,sequential,13,12,32768,0.9298095703125,0.808319091796875,0.8376657476696863,0.41956521739130437,0.1500000000000003,5.02351459861083,948,0.399789029535865,364,205,0
apartment_2,seq_0005,18,sequential,14,13,32768,0.9403076171875,0.859283447265625,0.873166298844606,0.6405930470347648,0.1499999999999997,4.940859934234705,1241,0.5874294923448832,379,133,0
apartment_2,seq_0005,18,sequential,15,14,32768,0.915863037109375,0.824066162109375,0.8475225750558129,0.56873413130214,0.15000000000000047,4.925624584786622,1097,0.5168641750227895,337,191,2
apartment_2,seq_0005,18,sequential,16,15,32768,0.909912109375,0.76031494140625,0.8111752079420446,0.24661246612466126,0.14999999999999952,4.987277055386209,1171,0.23825789923142612,706,186,0
apartment_2,seq_0005,18,sequential,17,16,32768,0.866546630859375,0.785064697265625,0.8368022539179433,0.44911959753029956,0.1500000000000003,5.032646396546633,1430,0.43636363636363634,444,362,0
apartment_2,seq_0005,18,sequential,18,17,32768,0.908599853515625,0.787109375,0.8214153763476976,0.44607679465776295,0.1499999999999997,4.976571735881294,1386,0.3953823953823954,405,433,0
apartment_2,seq_0006,18,spread,1,0,32768,0.0,0.767608642578125,,0.767608642578125,,,8757,0.5232385520155304,2066,951,1158
apartment_2,seq_0006,18,spread,2,17,32768,0.17291259765625,0.428497314453125,0.5705965407695023,0.3987897572134898,2.5499999999999994,54.066827697860255,11887,0.29923445781105407,2227,1778,4325
apartment_2,seq_0006,18,spread,3,8,32768,0.557098388671875,0.768524169921875,0.9100520405368392,0.5905050644249983,1.2,31.360482054876513,7792,0.4115759753593429,1562,1139,1884
apartment_2,seq_0006,18,spread,4,4,32768,0.774505615234375,0.768463134765625,0.8913668781275857,0.3463256191636216,0.5999999999999999,18.14229653667657,4854,0.2933662958384837,1334,669,1427
apartment_2,seq_0006,18,spread,5,12,32768,0.736785888671875,0.696044921875,0.8409891065733339,0.29031884057971014,0.5999999999999999,17.19625543370495,6149,0.26573426573426573,1549,1179,1787
apartment_2,seq_0006,18,spread,6,14,32768,0.738311767578125,0.6248779296875,0.7732401934443848,0.20629737609329446,0.3000000000000002,8.713370513731713,6530,0.1889739663093415,1526,1535,2235
apartment_2,seq_0006,18,spread,7,6,32768,0.85723876953125,0.775726318359375,0.855998576005696,0.2937152629328773,0.3,8.825387595812613,3584,0.25083705357142855,782,612,1291
apartment_2,seq_0006,18,spread,8,2,32768,0.82177734375,0.81744384765625,0.8903000594177065,0.4815068493150685,0.29999999999999993,9.84367510139184,2845,0.2924428822495606,715,281,1017
apartment_2,seq_0006,18,spread,9,10,32768,0.817413330078125,0.7412109375,0.8511853649430652,0.24887180344308876,0.29999999999999977,8.815481143617504,4242,0.25436115040075435,1004,862,1297
apartment_2,seq_0006,18,spread,10,13,32768,0.85650634765625,0.686859130859375,0.7716454072543291,0.18077413866439812,0.1500000000000001,4.396104764149805,4027,0.16637695555003726,912,797,1648
apartment_2,seq_0006,18,spread,11,1,32768,0.92083740234375,0.78680419921875,0.8301517863060913,0.2825751734772552,0.14999999999999988,4.987277055386222,1894,0.21436114044350582,458,289,741
apartment_2,seq_0006,18,spread,12,5,32768,0.865020751953125,0.73956298828125,0.8262127359322632,0.18426407415781143,0.14999999999999988,4.486820429591486,3021,0.16153591525984773,894,570,1069
apartment_2,seq_0006,18,spread,13,7,32768,0.9466552734375,0.768890380859375,0.8068020631850419,0.09610983981693363,0.14999999999999988,4.415761962165922,1558,0.07188703465982028,209,233,1004
apartment_2,seq_0006,18,spread,14,11,32768,0.8720703125,0.72576904296875,0.8086156215005599,0.1610209923664122,0.14999999999999988,4.429115054579624,3142,0.1823679185232336,795,706,1068
apartment_2,seq_0006,18,spread,15,15,32768,0.813232421875,0.6060791015625,0.7001275893125187,0.1965686274509804,0.14999999999999988,4.307315909749383,5252,0.18754760091393755,1025,875,2367
apartment_2,seq_0006,18,spread,16,3,32768,0.837615966796875,0.7330322265625,0.837796480489671,0.19263296372862243,0.14999999999999986,4.510533883943596,3147,0.15856371147124246,1033,810,805
apartment_2,seq_0006,18,spread,17,9,32768,0.898590087890625,0.748931884765625,0.8098828323993887,0.2088474270237737,0.14999999999999986,4.487185923330671,2544,0.1474056603773585,549,444,1176
apartment_2,seq_0006,18,spread,18,16,32768,0.7916259765625,0.519927978515625,0.6131842713955281,0.1656414762741652,0.14999999999999986,4.662165960492826,5015,0.1810568295114656,972,824,2311
apartment_2,seq_0006,18,random,1,2,32768,0.0,0.81744384765625,,0.81744384765625,,,9702,0.5895691609977324,1857,698,1427
apartment_2,seq_0006,18,random,2,10,32768,0.529693603515625,0.7412109375,0.9410036296595033,0.5161897346051522,1.2000000000000002,31.81295950277568,8517,0.4209228601620289,1854,1451,1627
apartment_2,seq_0006,18,random,3,3,32768,0.696624755859375,0.7330322265625,0.9291190257151619,0.2827683331656775,0.1500000000000001,4.510533883943603,6037,0.23505052178234223,2063,1220,1335
apartment_2,seq_0006,18,random,4,12,32768,0.7015380859375,0.696044921875,0.8786323299112581,0.2668711656441718,0.29999999999999977,8.796187627617403,7061,0.2532219232403342,1927,1312,2034
apartment_2,seq_0006,18,random,5,0,32768,0.73638916015625,0.767608642578125,0.8994198093659346,0.3993980087983329,0.3,10.027430757019422,3913,0.2967032967032967,1164,681,907
apartment_2,seq_0006,18,random,6,4,32768,0.85064697265625,0.768463134765625,0.8556002009040683,0.2721700040866367,0.14999999999999986,4.683037149147186,3219,0.2059645852749301,825,461,1270
apartment_2,seq_0006,18,random,7,7,32768,0.895477294921875,0.768890380859375,0.8345431619125515,0.2064233576642336,0.45000000000000007,13.043478337103254,2756,0.15783744557329463,522,528,1271
apartment_2,seq_0006,18,random,8,5,32768,0.817108154296875,0.73956298828125,0.8355555555555556,0.3106958117804105,0.1500000000000001,4.486820429591493,4144,0.2734073359073359,1002,666,1343
apartment_2,seq_0006,18,random,9,16,32768,0.60321044921875,0.519927978515625,0.6754022058079531,0.2835717581910475,0.5999999999999999,18.066369606121867,8638,0.26394998842324613,1562,1374,3422
apartment_2,seq_0006,18,random,10,13,32768,0.817657470703125,0.686859130859375,0.7937894226103833,0.20736401673640167,0.1500000000000001,4.396104764149805,4760,0.17983193277310924,974,958,1972
apartment_2,seq_0006,18,random,11,14,32768,0.806182861328125,0.6248779296875,0.7349434076541621,0.1670603054637065,0.1500000000000001,4.38202123556807,4966,0.15203383004430124,1232,1203,1776
apartment_2,seq_0006,18,random,12,11,32768,0.86431884765625,0.72576904296875,0.8145258103241296,0.16036887089518667,0.14999999999999988,4.429115054579624,3340,0.18203592814371258,800,744,1188
apartment_2,seq_0006,18,random,13,6,32768,0.93487548828125,0.775726318359375,0.8130182150551675,0.24039362699156513,0.14999999999999988,4.439023482532105,1777,0.1963984243106359,314,266,848
apartment_2,seq_0006,18,random,14,9,32768,0.8887939453125,0.748931884765625,0.8141395412718033,0.22777167947310648,0.15000000000000033,4.487185923330684,2759,0.16056542225444,598,475,1243
apartment_2,seq_0006,18,random,15,17,32768,0.709259033203125,0.428497314453125,0.540510305064326,0.15524299359714497,0.14999999999999988,4.640100581698895,6678,0.1495956873315364,1331,1113,3235
apartment_2,seq_0006,18,random,16,8,32768,0.919586181640625,0.768524169921875,0.8261706434805695,0.10929791271347249,0.14999999999999986,4.356494322586857,2383,0.10658833403273185,386,524,1219
apartment_2,seq_0006,18,random,17,1,32768,0.95159912109375,0.78680419921875,0.8125521133987557,0.28058007566204285,0.14999999999999988,4.987277055386222,1222,0.20049099836333878,251,177,549
apartment_2,seq_0006,18,random,18,15,32768,0.845947265625,0.6060791015625,0.6824314574314574,0.1868066561014263,0.14999999999999986,4.3073159097493825,4368,0.17834249084249085,923,718,1948
apartment_2,seq_0006,18,sequential,1,0,32768,0.0,0.767608642578125,,0.767608642578125,,,8757,0.5232385520155304,2066,951,1158
apartment_2,seq_0006,18,sequential,2,1,32768,0.71270751953125,0.78680419921875,0.8957780251776998,0.5164648396005949,0.14999999999999988,4.987277055386222,5661,0.3990461049284579,1297,823,1282
apartment_2,seq_0006,18,sequential,3,2,32768,0.646759033203125,0.81744384765625,0.9252583400179305,0.6200431965442764,0.1500000000000001,4.9584262337032055,5503,0.46138469925495185,1214,518,1232
apartment_2,seq_0006,18,sequential,4,3,32768,0.71527099609375,0.7330322265625,0.9107859032340644,0.2864951768488746,0.1500000000000001,4.510533883943603,5648,0.25460339943342775,1868,1156,1186
apartment_2,seq_0006,18,sequential,5,4,32768,0.863922119140625,0.768463134765625,0.8530149422445159,0.2316662928907827,0.14999999999999986,4.683037149147186,3160,0.19177215189873417,812,445,1297
apartment_2,seq_0006,18,sequential,6,5,32768,0.78631591796875,0.73956298828125,0.8464255220057441,0.3463296201085404,0.1500000000000001,4.486820429591493,4747,0.30545607752264586,1199,688,1410
apartment_2,seq_0006,18,sequential,7,6,32768,0.885589599609375,0.775726318359375,0.8447568834212068,0.24139770605494798,0.14999999999999988,4.439023482532105,3019,0.210997018880424,569,546,1267
apartment_2,seq_0006,18,sequential,8,7,32768,0.910064697265625,0.768890380859375,0.8220046276114148,0.2314217848659654,0.1500000000000001,4.415761962165928,2365,0.16659619450317126,346,418,1207
apartment_2,seq_0006,18,sequential,9,8,32768,0.867401123046875,0.768524169921875,0.8540618513175949,0.20897583429229,0.14999999999999988,4.356494322586858,3671,0.17679106510487605,628,796,1598
apartment_2,seq_0006,18,sequential,10,9,32768,0.80157470703125,0.748931884765625,0.8441330998248686,0.3643494309443248,0.14999999999999986,4.487185923330671,4288,0.2404384328358209,960,706,1591
apartment_2,seq_0006,18,sequential,11,10,32768,0.84088134765625,0.7412109375,0.832619583363577,0.2581511315688531,0.15000000000000033,4.433981340930131,3705,0.2650472334682861,817,790,1116
apartment_2,seq_0006,18,sequential,12,11,32768,0.82977294921875,0.72576904296875,0.8364472232438397,0.1862674793832915,0.14999999999999988,4.429115054579624,4189,0.1936022917164001,1073,941,1364
apartment_2,seq_0006,18,sequential,13,12,32768,0.813751220703125,0.696044921875,0.7989874367147947,0.24627232508602326,0.14999999999999988,4.424161992096467,4469,0.2307003803982994,1196,910,1332
apartment_2,seq_0006,18,sequential,14,13,32768,0.846771240234375,0.686859130859375,0.7744260640789995,0.20294761999601674,0.1500000000000001,4.396104764149805,3991,0.18190929591581056,809,741,1715
apartment_2,seq_0006,18,sequential,15,14,32768,0.8160400390625,0.6248779296875,0.724869109947644,0.18132050431320504,0.1500000000000001,4.38202123556807,4670,0.1670235546038544,1097,1107,1686
apartment_2,seq_0006,18,sequential,16,15,32768,0.794525146484375,0.6060791015625,0.7037833685423468,0.2282786276548344,0.14999999999999988,4.307315909749383,5681,0.2122865692659743,1059,945,2471
apartment_2,seq_0006,18,sequential,17,16,32768,0.71429443359375,0.519927978515625,0.6284713321370589,0.24855800042725915,0.14999999999999986,4.662165960492826,6353,0.23768298441681096,1232,1033,2578
apartment_2,seq_0006,18,sequential,18,17,32768,0.7215576171875,0.428497314453125,0.5367958044324141,0.14785181937746603,0.14999999999999988,4.640100581698895,6363,0.14395725286814395,1292,1033,3122
frl_apartment_5,seq_0003,14,spread,1,0,32768,0.0,0.337646484375,,0.337646484375,,,12824,0.2853243917654398,2742,3618,2805
frl_apartment_5,seq_0003,14,spread,2,13,32768,0.20648193359375,0.518646240234375,0.6124741353827964,0.49423121298361666,1.9499999999999995,51.367052472169355,7849,0.4223467957701618,1995,1501,1038
frl_apartment_5,seq_0003,14,spread,3,6,32768,0.5806884765625,0.40185546875,0.4819739331511457,0.2909024745269287,0.9000000000000002,25.562570952665407,8429,0.26432554276901177,2166,2238,1797
frl_apartment_5,seq_0003,14,spread,4,3,32768,0.68072509765625,0.36370849609375,0.45117905496279026,0.17721277002485183,0.45,12.435883444862679,7741,0.17323343237307842,1652,2235,2513
frl_apartment_5,seq_0003,14,spread,5,9,32768,0.643585205078125,0.385040283203125,0.454881691877282,0.2589262779347547,0.44999999999999984,14.108158812020635,7259,0.21573219451715112,1757,1718,2218
frl_apartment_5,seq_0003,14,spread,6,11,32768,0.79266357421875,0.490570068359375,0.4946869946869947,0.47483073299970563,0.2999999999999996,10.18281033682723,4777,0.34666108436257065,1198,1013,910
frl_apartment_5,seq_0003,14,spread,7,2,32768,0.748046875,0.387481689453125,0.4139605091383812,0.30886627906976744,0.15000000000000022,4.3457695163002645,6239,0.26462574130469624,1688,1690,1210
frl_apartment_5,seq_0003,14,spread,8,4,32768,0.79437255859375,0.365386962890625,0.41794083749519784,0.16236271890768775,0.15000000000000002,4.218222411922733,5396,0.16679021497405486,1372,1659,1465
frl_apartment_5,seq_0003,14,spread,9,7,32768,0.817779541015625,0.410369873046875,0.4343396648878606,0.3027968514486686,0.15000000000000002,4.654784671269282,4460,0.2603139013452915,1143,1203,953
frl_apartment_5,seq_0003,14,spread,10,12,32768,0.8863525390625,0.49151611328125,0.5153560115686544,0.3055853920515575,0.15000000000000002,5.410729467028818,3124,0.24583866837387963,750,853,753
frl_apartment_5,seq_0003,14,spread,11,1,32768,0.781219482421875,0.38494873046875,0.3866947927653424,0.37871390710001396,0.1499999999999998,4.4917738117594785,5103,0.2841465804428767,1422,1400,831
frl_apartment_5,seq_0003,14,spread,12,5,32768,0.818939208984375,0.3665771484375,0.40566424445686605,0.18978594303050733,0.1499999999999998,4.271730938062313,4931,0.18069357128371527,1313,1172,1555
frl_apartment_5,seq_0003,14,spread,13,8,32768,0.85687255859375,0.369171142578125,0.39803404800911746,0.19637526652452025,0.1499999999999998,4.735412534322811,3673,0.1919411924857065,868,821,1279
frl_apartment_5,seq_0003,14,spread,14,10,32768,0.837554931640625,0.402435302734375,0.4428128985243214,0.19425136201390195,0.1499999999999996,4.8446890403511516,4013,0.14477946673311737,872,1019,1541
frl_apartment_5,seq_0003,14,random,1,3,32768,0.0,0.36370849609375,,0.36370849609375,,,12412,0.2748952626490493,2254,2868,3878
frl_apartment_5,seq_0003,14,random,2,2,32768,0.603271484375,0.387481689453125,0.42234925131525697,0.3344615384615385,0.15000000000000022,4.3457695163002645,9299,0.29056887837401874,2384,2386,1827
frl_apartment_5,seq_0003,14,random,3,0,32768,0.577239990234375,0.337646484375,0.4050224689399947,0.24565076156789142,0.2999999999999998,9.091603137304158,8675,0.2282420749279539,2148,2980,1567
frl_apartment_5,seq_0003,14,random,4,5,32768,0.66326904296875,0.3665771484375,0.4371031563448974,0.2276599601232554,0.30000000000000043,8.49649360494316,8153,0.2082668956212437,2023,1987,2445
frl_apartment_5,seq_0003,14,random,5,4,32768,0.764892578125,0.365386962890625,0.4219996808171082,0.18120456905503635,0.15000000000000002,4.218222411922733,6119,0.18238274227815002,1630,1783,1590
frl_apartment_5,seq_0003,14,random,6,7,32768,0.698089599609375,0.410369873046875,0.42972677595628417,0.36561204892348126,0.2999999999999998,9.248923400700034,6253,0.29873660642891414,1534,1447,1404
frl_apartment_5,seq_0003,14,random,7,13,32768,0.4609375,0.518646240234375,0.5474046610169492,0.49405570652173914,0.8999999999999995,30.005482414603435,5556,0.3776097912167027,1457,1194,807
frl_apartment_5,seq_0003,14,random,8,10,32768,0.720550537109375,0.402435302734375,0.43564440303248486,0.3168068144588839,0.4499999999999996,14.266466784283777,5879,0.20360605545160743,1298,1359,2025
frl_apartment_5,seq_0003,14,random,9,11,32768,0.82513427734375,0.490570068359375,0.5020341741253052,0.4364746945898778,0.1499999999999996,5.131928332008553,4059,0.3276669130327667,1037,892,800
frl_apartment_5,seq_0003,14,random,10,6,32768,0.848663330078125,0.40185546875,0.42960911934985074,0.24621899576527526,0.1499999999999998,4.557949296721167,3738,0.21856607811663992,1149,1269,503
frl_apartment_5,seq_0003,14,random,11,9,32768,0.7801513671875,0.385040283203125,0.4356516976998905,0.2054414214325375,0.15000000000000002,4.78894307327568,4847,0.19352176604085,1241,1192,1476
frl_apartment_5,seq_0003,14,random,12,12,32768,0.91064453125,0.49151611328125,0.5114276139410188,0.2885928961748634,0.15000000000000002,5.410729467028818,2526,0.24346793349168647,638,719,554
frl_apartment_5,seq_0003,14,random,13,8,32768,0.863250732421875,0.369171142578125,0.39802736239261854,0.18701182771702746,0.1499999999999998,4.735412534322811,3600,0.1922222222222222,874,857,1177
frl_apartment_5,seq_0003,14,random,14,1,32768,0.796600341796875,0.38494873046875,0.3818718155001341,0.3969992498124531,0.1499999999999998,4.4917738117594785,4702,0.29519353466609954,1308,1210,796
frl_apartment_5,seq_0003,14,sequential,1,0,32768,0.0,0.337646484375,,0.337646484375,,,12824,0.2853243917654398,2742,3618,2805
frl_apartment_5,seq_0003,14,sequential,2,1,32768,0.593475341796875,0.38494873046875,0.3649920296189644,0.4140830267997898,0.15000000000000002,4.491773811759485,8796,0.3112778535698045,2284,2277,1497
frl_apartment_5,seq_0003,14,sequential,3,2,32768,0.67205810546875,0.387481689453125,0.41490327853964215,0.331286059929276,0.1499999999999998,4.345769516300253,7739,0.2743248481715984,2088,2002,1526
frl_apartment_5,seq_0003,14,sequential,4,3,32768,0.667510986328125,0.36370849609375,0.4274219357198372,0.23579623680587425,0.15000000000000022,4.204078075636541,7728,0.20005175983436854,1530,2182,2470
frl_apartment_5,seq_0003,14,sequential,5,4,32768,0.73760986328125,0.365386962890625,0.43442283822920974,0.17131891137473831,0.15000000000000002,4.218222411922733,6561,0.17710714830056393,1660,1934,1805
frl_apartment_5,seq_0003,14,sequential,6,5,32768,0.72064208984375,0.3665771484375,0.41632082662827136,0.23825649989075814,0.1500000000000004,4.271730938062331,7013,0.20904035362897477,1796,1613,2138
frl_apartment_5,seq_0003,14,sequential,7,6,32768,0.7454833984375,0.40185546875,0.41833142295726217,0.3535971223021583,0.1499999999999998,4.557949296721167,5165,0.28596321393998064,1543,1343,802
frl_apartment_5,seq_0003,14,sequential,8,7,32768,0.7880859375,0.410369873046875,0.42545693928128875,0.3542626728110599,0.15000000000000002,4.654784671269282,4937,0.28600364593882927,1194,1239,1092
frl_apartment_5,seq_0003,14,sequential,9,8,32768,0.754119873046875,0.369171142578125,0.40439480393347094,0.2611393819039345,0.1499999999999998,4.735412534322811,5260,0.22680608365019012,1260,1106,1701
frl_apartment_5,seq_0003,14,sequential,10,9,32768,0.765106201171875,0.385040283203125,0.42738622312632124,0.2471092633493569,0.15000000000000002,4.78894307327568,5175,0.21913043478260869,1345,1272,1424
frl_apartment_5,seq_0003,14,sequential,11,10,32768,0.755767822265625,0.402435302734375,0.4285483545326065,0.32162938897913285,0.15000000000000002,4.844689040351164,5116,0.21579358874120408,1132,1175,1705
frl_apartment_5,seq_0003,14,sequential,12,11,32768,0.811676025390625,0.490570068359375,0.49389028837838855,0.4762599254577864,0.1499999999999996,5.131928332008553,4016,0.31449203187250996,976,912,865
frl_apartment_5,seq_0003,14,sequential,13,12,32768,0.895111083984375,0.49151611328125,0.5012103235484641,0.4087867326156532,0.15000000000000002,5.410729467028818,2500,0.2892,602,680,495
frl_apartment_5,seq_0003,14,sequential,14,13,32768,0.865753173828125,0.518646240234375,0.5338573795339984,0.42055012502841554,0.15000000000000002,5.497573746062292,2988,0.27710843373493976,814,800,546
frl_apartment_5,seq_0001,16,spread,1,0,32768,0.0,0.49249267578125,,0.49249267578125,,,12036,0.5190262545696245,2777,1343,1669
frl_apartment_5,seq_0001,16,spread,2,15,32768,0.024993896484375,0.549102783203125,0.6984126984126984,0.5452752824814548,2.3124462045054095,58.31660965288536,8930,0.3116461366181411,3704,1651,792
frl_apartment_5,seq_0001,16,spread,3,8,32768,0.300323486328125,0.6478271484375,0.652982420485723,0.6456143411697998,1.111352894876433,33.66447759874133,7404,0.5669908157752567,1411,782,1013
frl_apartment_5,seq_0001,16,spread,4,4,32768,0.7342529296875,0.5968017578125,0.5976724854530341,0.5943959577400092,0.6018273965338425,18.85252795754311,5448,0.559287812041116,1239,536,626
frl_apartment_5,seq_0001,16,spread,5,11,32768,0.577239990234375,0.681640625,0.8878667724028548,0.4000577492239948,0.48439797461132456,17.33420946782821,5347,0.45614363194314567,1265,803,840
frl_apartment_5,seq_0001,16,spread,6,13,32768,0.750518798828125,0.60198974609375,0.6830805513764079,0.35804281345565747,0.3044439109790199,12.23628901090703,5029,0.2839530721813482,2357,710,534
frl_apartment_5,seq_0001,16,spread,7,6,32768,0.87139892578125,0.61962890625,0.6518176087413322,0.4015187470336972,0.3039829259039807,10.100767691843616,3260,0.402760736196319,891,417,639
frl_apartment_5,seq_0001,16,spread,8,2,32768,0.825103759765625,0.554229736328125,0.5605281651070755,0.524515791310417,0.3,9.351568318235431,4271,0.48911261999531724,1314,495,373
frl_apartment_5,seq_0001,16,spread,9,12,32768,0.838043212890625,0.61358642578125,0.6712792687811806,0.31505558696061803,0.16362818495049758,6.2028374804148205,3782,0.3239026969857218,1730,417,410
frl_apartment_5,seq_0001,16,spread,10,10,32768,0.8280029296875,0.670562744140625,0.7641530296329058,0.22001419446415899,0.16185244613949223,5.843201695775398,2898,0.3447204968944099,707,535,657
frl_apartment_5,seq_0001,16,spread,11,9,32768,0.937255859375,0.6650390625,0.6852044803334202,0.3638132295719844,0.16071036858092733,5.745397688155887,1867,0.37118371719335835,473,273,428
frl_apartment_5,seq_0001,16,spread,12,5,32768,0.92236328125,0.602874755859375,0.6225185283218634,0.3694968553459119,0.15446083367307062,5.152651228492664,2343,0.38113529662825435,789,302,359
frl_apartment_5,seq_0001,16,spread,13,7,32768,0.94647216796875,0.63531494140625,0.644386406139163,0.4749144811858609,0.15049483230006813,5.078086866603405,1420,0.39154929577464787,386,193,285
frl_apartment_5,seq_0001,16,spread,14,3,32768,0.91436767578125,0.582275390625,0.5863093251451839,0.5392017106200998,0.15033367720138338,4.820459690805066,2482,0.5398871877518131,738,204,200
frl_apartment_5,seq_0001,16,spread,15,14,32768,0.92901611328125,0.647247314453125,0.6734774324945798,0.3039552880481513,0.15014995706823578,6.517979833344408,1953,0.27291346646185355,608,408,404
frl_apartment_5,seq_0001,16,spread,16,1,32768,0.911407470703125,0.5123291015625,0.5278419554662649,0.35273854633138135,0.14999999999999988,4.6012345111631765,2421,0.34985543163981825,903,493,178
frl_apartment_5,seq_0001,16,random,1,2,32768,0.0,0.554229736328125,,0.554229736328125,,,11849,0.577770275972656,2298,1171,1534
frl_apartment_5,seq_0001,16,random,2,11,32768,0.16094970703125,0.681640625,0.9738339021615472,0.6255910380446643,1.3943562650897166,41.93809046239862,8061,0.5864036720009924,1596,869,869
frl_apartment_5,seq_0001,16,random,3,3,32768,0.755462646484375,0.582275390625,0.5699454655625126,0.6203669037813553,0.15033367720138338,4.820459690805066,5821,0.6218862738361106,1326,394,481
frl_apartment_5,seq_0001,16,random,4,10,32768,0.73077392578125,0.670562744140625,0.7710264762382026,0.397868963953752,0.16185244613949223,5.843201695775398,4468,0.4554610564010743,1067,625,741
frl_apartment_5,seq_0001,16,random,5,0,32768,0.761566162109375,0.49249267578125,0.5197355239430975,0.4054780494048381,0.3,9.19763003010444,5436,0.4297277409860191,1960,727,413
frl_apartment_5,seq_0001,16,random,6,4,32768,0.83404541015625,0.5968017578125,0.5958653494328576,0.6015079073188673,0.15446083367307065,5.008290525424931,3764,0.5010626992561105,966,424,488
frl_apartment_5,seq_0001,16,random,7,7,32768,0.661346435546875,0.63531494140625,0.8397397443588206,0.2360998468054429,0.4633825294615755,15.30227846065353,3964,0.34056508577194755,920,667,1027
frl_apartment_5,seq_0001,16,random,8,5,32768,0.8800048828125,0.602874755859375,0.632334581772784,0.3868260427263479,0.15446086211546292,5.152652172193593,3264,0.3918504901960784,1057,402,526
frl_apartment_5,seq_0001,16,random,9,14,32768,0.54669189453125,0.647247314453125,0.918834431171151,0.3197118621246802,0.4712010152340532,19.725328486390353,5530,0.2810126582278481,2354,870,752
frl_apartment_5,seq_0001,16,random,10,12,32768,0.854705810546875,0.61358642578125,0.666369122005213,0.3030875866414619,0.16455563711073787,6.237719076416673,3451,0.30628803245436104,1546,424,424
frl_apartment_5,seq_0001,16,random,11,6,32768,0.941558837890625,0.61962890625,0.6364372994522413,0.3488250652741514,0.15446083367307062,5.172180342894336,1736,0.33755760368663595,546,257,347
frl_apartment_5,seq_0001,16,random,12,9,32768,0.9383544921875,0.6650390625,0.6895733055808508,0.29158415841584157,0.1618524237502591,5.785950134805275,1758,0.31513083048919227,406,301,497
frl_apartment_5,seq_0001,16,random,13,13,32768,0.86846923828125,0.60198974609375,0.6619579731534191,0.2060324825986079,0.15014995706823578,6.105109532023142,3551,0.20811039143903126,1686,652,474
frl_apartment_5,seq_0001,16,random,14,8,32768,0.95562744140625,0.6478271484375,0.6624832343360797,0.3321870701513067,0.15049483230006813,5.153558539760356,1338,0.336322869955157,472,167,249
frl_apartment_5,seq_0001,16,random,15,1,32768,0.90704345703125,0.5123291015625,0.527353475540004,0.36572554169402494,0.14999999999999988,4.6012345111631765,2514,0.35719968178202066,936,500,180
frl_apartment_5,seq_0001,16,random,16,15,32768,0.748504638671875,0.549102783203125,0.6546662861336486,0.2349229462443878,0.1566387269067811,6.262980653081018,4386,0.20884632922936616,1985,1087,398
frl_apartment_5,seq_0001,16,sequential,1,0,32768,0.0,0.49249267578125,,0.49249267578125,,,12036,0.5190262545696245,2777,1343,1669
frl_apartment_5,seq_0001,16,sequential,2,1,32768,0.67095947265625,0.5123291015625,0.45970162830892386,0.6196438508625487,0.14999999999999988,4.6012345111631765,7210,0.5546463245492371,1911,838,462
frl_apartment_5,seq_0001,16,sequential,3,2,32768,0.808837890625,0.554229736328125,0.5424841533353456,0.6039272030651341,0.1500000000000001,4.707132523882667,4569,0.5401619610418035,1342,465,294
frl_apartment_5,seq_0001,16,sequential,4,3,32768,0.803436279296875,0.582275390625,0.5510692445018422,0.7098276665114113,0.15033367720138338,4.820459690805066,4709,0.6610745381184965,1118,253,225
frl_apartment_5,seq_0001,16,sequential,5,4,32768,0.76275634765625,0.5968017578125,0.5583340001600384,0.7204785181373811,0.15446083367307065,5.008290525424931,4589,0.5892351274787535,1003,416,466
frl_apartment_5,seq_0001,16,sequential,6,5,32768,0.752197265625,0.602874755859375,0.6066617981174943,0.5913793103448276,0.15446086211546292,5.152652172193593,4636,0.4771354616048318,1221,502,701
frl_apartment_5,seq_0001,16,sequential,7,6,32768,0.8255615234375,0.61962890625,0.6887845630637291,0.2923372988103569,0.15446083367307062,5.172180342894336,3239,0.37851188638468664,865,470,678
frl_apartment_5,seq_0001,16,sequential,8,7,32768,0.847686767578125,0.63531494140625,0.6829751233034524,0.3700661190142256,0.15446083367307084,5.211182642175543,2776,0.4106628242074928,702,378,556
frl_apartment_5,seq_0001,16,sequential,9,8,32768,0.92877197265625,0.6478271484375,0.6691200630873365,0.37017994858611825,0.15049483230006813,5.153558539760356,1966,0.36876907426246186,593,265,383
frl_apartment_5,seq_0001,16,sequential,10,9,32768,0.890960693359375,0.6650390625,0.7159445110464121,0.24909040022390147,0.16071036858092733,5.745397688155887,2401,0.31403581840899625,543,492,612
frl_apartment_5,seq_0001,16,sequential,11,10,32768,0.84344482421875,0.670562744140625,0.7397423836746508,0.29785575048732943,0.1618524237502591,5.843200893071497,2787,0.3304628632938644,675,521,670
frl_apartment_5,seq_0001,16,sequential,12,11,32768,0.67218017578125,0.681640625,0.871061472804867,0.29324148203314093,0.16185244613949223,5.953805609470646,3542,0.39186900056465274,892,610,652
frl_apartment_5,seq_0001,16,sequential,13,12,32768,0.765899658203125,0.61358642578125,0.7190102402677611,0.26867422761048104,0.16455563711073787,6.237719076416673,4963,0.2778561354019746,2256,673,655
frl_apartment_5,seq_0001,16,sequential,14,13,32768,0.654632568359375,0.60198974609375,0.7841592466551676,0.2566934700008836,0.16362818495049758,6.648428719861203,4825,0.22424870466321242,2393,788,562
frl_apartment_5,seq_0001,16,sequential,15,14,32768,0.914337158203125,0.647247314453125,0.6789159240345782,0.3092269326683292,0.15014995706823578,6.517979833344408,2257,0.26894107221976077,810,421,419
frl_apartment_5,seq_0001,16,sequential,16,15,32768,0.748504638671875,0.549102783203125,0.6546662861336486,0.2349229462443878,0.1566387269067811,6.262980653081018,4386,0.20884632922936616,1985,1087,398
apartment_2,seq_0000,37,spread,1,0,32768,0.0,0.681549072265625,,0.681549072265625,,,8039,0.36434879960194055,1696,1680,1734
apartment_2,seq_0000,37,spread,2,36,32768,0.0,0.70635986328125,,0.70635986328125,5.3999999999999995,74.35084142466495,5190,0.5527938342967245,1739,577,5
apartment_2,seq_0000,37,spread,3,18,32768,0.069091796875,0.76092529296875,0.9001766784452296,0.7505900865460268,2.6999999999999997,56.000666902211655,9301,0.46618643156649825,2205,1210,1550
apartment_2,seq_0000,37,spread,4,9,32768,0.63092041015625,0.770904541015625,0.9405049821031247,0.48098230527534314,1.3499999999999999,37.49931516664473,6494,0.3637203572528488,1555,1058,1519
apartment_2,seq_0000,37,spread,5,27,32768,0.4627685546875,0.781524658203125,0.9237668161434978,0.658997955010225,1.3499999999999996,39.44473722247884,5753,0.31270641404484617,1401,978,1575
apartment_2,seq_0000,37,spread,6,23,32768,0.649627685546875,0.770843505859375,0.9126697045144924,0.5078825886246843,0.6000000000000003,19.47654830250221,5528,0.3379160636758321,1670,671,1319
apartment_2,seq_0000,37,spread,7,13,32768,0.763763427734375,0.751983642578125,0.8941942701881967,0.2922103087456401,0.6000000000000002,17.701955537848335,4208,0.21482889733840305,1177,831,1296
apartment_2,seq_0000,37,spread,8,5,32768,0.728271484375,0.705078125,0.8873198122695273,0.216644204851752,0.5999999999999999,19.5090650993931,5034,0.1583234008740564,1024,1373,1840
apartment_2,seq_0000,37,spread,9,32,32768,0.67034912109375,0.660125732421875,0.8483565510334152,0.2773560451768191,0.5999999999999999,25.390131810036596,3239,0.22136461870947824,1112,866,544
apartment_2,seq_0000,37,spread,10,2,32768,0.777618408203125,0.72027587890625,0.8496134374632078,0.2680115273775216,0.3000000000000003,10.059185505966557,4267,0.19967190063276308,869,1035,1511
apartment_2,seq_0000,37,spread,11,15,32768,0.85858154296875,0.75531005859375,0.8363190445724035,0.2634872680189901,0.3000000000000003,9.178252918363976,3033,0.18760303330036268,799,579,1086
apartment_2,seq_0000,37,spread,12,20,32768,0.851165771484375,0.73699951171875,0.8175755620092503,0.2761943817920853,0.3000000000000003,9.773970557235224,3058,0.20699803793328972,807,647,971
apartment_2,seq_0000,37,spread,13,11,32768,0.868011474609375,0.75433349609375,0.826530253489435,0.2795375722543353,0.29999999999999993,9.51928383633498,2734,0.23408924652523774,725,491,878
apartment_2,seq_0000,37,spread,14,25,32768,0.754974365234375,0.713653564453125,0.8304296859210154,0.35384232158425705,0.29999999999999993,11.613179432110366,3199,0.2416380118787121,691,717,1018
apartment_2,seq_0000,37,spread,15,29,32768,0.810089111328125,0.7315673828125,0.8551139574307779,0.20456371524987949,0.2999999999999998,14.923905429448864,3430,0.17638483965014579,844,881,1100
apartment_2,seq_0000,37,spread,16,7,32768,0.787506103515625,0.73883056640625,0.8698701801976361,0.2531954617262674,0.29999999999999954,9.957178428606358,3899,0.18158502180046165,1259,994,938
apartment_2,seq_0000,37,spread,17,34,32768,0.842803955078125,0.763824462890625,0.8296339211355325,0.41098815763929336,0.29999999999999954,10.990138970172048,1985,0.37279596977329976,750,368,127
apartment_2,seq_0000,37,spread,18,30,32768,0.823699951171875,0.755126953125,0.8276462524545218,0.4163060411978536,0.15000000000000066,6.732509059114815,3511,0.3301053830817431,916,923,513
apartment_2,seq_0000,37,spread,19,4,32768,0.86810302734375,0.71710205078125,0.7959291288757646,0.1982878297084683,0.15000000000000016,5.098427841037862,2552,0.0932601880877743,496,724,1094
apartment_2,seq_0000,37,spread,20,6,32768,0.86175537109375,0.741973876953125,0.8227211558892272,0.23863134657836643,0.15000000000000016,5.011542126187056,2747,0.14488532945030944,580,474,1295
apartment_2,seq_0000,37,spread,21,14,32768,0.934844970703125,0.75152587890625,0.7910096954265008,0.18501170960187355,0.15000000000000016,4.652485936928557,1701,0.12051734273956496,413,249,834
apartment_2,seq_0000,37,spread,22,17,32768,0.8914794921875,0.75933837890625,0.8207585923593044,0.2547806524184477,0.15000000000000016,4.570722751276559,2358,0.1967769296013571,613,530,751
apartment_2,seq_0000,37,spread,23,19,32768,0.931671142578125,0.742584228515625,0.7848602967670084,0.16614560071460474,0.15000000000000016,4.802167362974232,1493,0.15606162089752176,322,342,596
apartment_2,seq_0000,37,spread,24,24,32768,0.8612060546875,0.7431640625,0.8305102763997165,0.2011873350923483,0.15000000000000016,5.098427841037862,2520,0.15833333333333333,522,628,971
apartment_2,seq_0000,37,spread,25,1,32768,0.892791748046875,0.7501220703125,0.8053324218082379,0.29035012809564475,0.15000000000000005,5.283712054842125,2134,0.1888472352389878,388,535,808
apartment_2,seq_0000,37,spread,26,10,32768,0.927581787109375,0.75714111328125,0.8050666227998026,0.14327855035819637,0.15000000000000005,4.716290288926473,1624,0.10714285714285714,313,413,724
apartment_2,seq_0000,37,spread,27,12,32768,0.95068359375,0.755584716796875,0.7853428351309707,0.18193069306930693,0.14999999999999977,4.5441170679946685,1012,0.1482213438735178,183,212,467
apartment_2,seq_0000,37,spread,28,21,32768,0.950927734375,0.753753662109375,0.7819640564826701,0.20708955223880596,0.14999999999999977,4.942133634875506,1161,0.15848406546080965,216,197,564
apartment_2,seq_0000,37,spread,29,22,32768,0.955230712890625,0.7598876953125,0.7860451742755823,0.20177232447171098,0.14999999999999977,5.01549190891246,1006,0.12922465208747516,174,151,551
apartment_2,seq_0000,37,spread,30,26,32768,0.87860107421875,0.7620849609375,0.8474817645015631,0.14404223227752638,0.14999999999999977,5.091551184599036,2689,0.114540721457791,580,716,1085
apartment_2,seq_0000,37,spread,31,16,32768,0.96917724609375,0.751708984375,0.7708293973172115,0.1504950495049505,0.14999999999999966,4.59924538985219,796,0.10301507537688442,104,223,387
apartment_2,seq_0000,37,spread,32,28,32768,0.8585205078125,0.725067138671875,0.8229062988767241,0.1313632441760138,0.14999999999999966,6.37789259007558,2282,0.12182296231375986,618,764,622
apartment_2,seq_0000,37,spread,33,3,32768,0.90966796875,0.761505126953125,0.825516639828234,0.11689189189189189,0.14999999999999927,5.098135848029497,2521,0.06188020626735422,328,479,1558
apartment_2,seq_0000,37,spread,34,8,32768,0.91644287109375,0.761474609375,0.8116550116550116,0.21110299488677867,0.14999999999999927,4.873050377828735,1848,0.1396103896103896,420,494,676
apartment_2,seq_0000,37,spread,35,31,32768,0.89984130859375,0.71453857421875,0.7586990436139185,0.317794028031688,0.14999999999999927,6.5919684842139405,2111,0.3225959261013738,812,478,140
apartment_2,seq_0000,37,spread,36,33,32768,0.897430419921875,0.70556640625,0.7611793110483899,0.21898244570068431,0.14999999999999927,6.353212732259046,1492,0.3096514745308311,653,265,112
apartment_2,seq_0000,37,spread,37,35,32768,0.918243408203125,0.769561767578125,0.783342749842135,0.6147816349384099,0.14999999999999927,5.691972350300357,1037,0.6518804243008679,302,59,0
apartment_2,seq_0000,37,random,1,4,32768,0.0,0.71710205078125,,0.71710205078125,,,9027,0.4001329345297441,1621,1702,2092
apartment_2,seq_0000,37,random,2,34,32768,0.0084228515625,0.763824462890625,0.014492753623188406,0.7701895851286471,4.499999999999999,71.05338715489081,5912,0.5991204330175913,1611,567,192
apartment_2,seq_0000,37,random,3,20,32768,0.288909912109375,0.73699951171875,0.9461286574416394,0.6520321016265397,2.099999999999999,50.331058688984776,7426,0.41206571505521145,1941,1069,1356
apartment_2,seq_0000,37,random,4,18,32768,0.617523193359375,0.76092529296875,0.897405485544848,0.5405728875767972,0.3000000000000003,9.35449932549137,6449,0.3487362381764615,1670,1118,1412
apartment_2,seq_0000,37,random,5,2,32768,0.634033203125,0.72027587890625,0.922458606083943,0.369996664442962,0.29999999999999943,10.059185505966528,5660,0.24787985865724382,1159,1346,1752
apartment_2,seq_0000,37,random,6,3,32768,0.75225830078125,0.761505126953125,0.9140365111561866,0.2983493471298349,0.14999999999999927,5.098135848029497,4753,0.18156953503050705,890,855,2145
apartment_2,seq_0000,37,random,7,35,32768,0.775634765625,0.769561767578125,0.8605602769908719,0.4549782372143634,0.15000000000000105,5.691972350300425,2357,0.5243954179041154,750,371,0
apartment_2,seq_0000,37,random,8,24,32768,0.62652587890625,0.7431640625,0.9155382367267414,0.453995750939696,0.5999999999999998,19.64045881778942,5305,0.316870876531574,1198,992,1434
apartment_2,seq_0000,37,random,9,11,32768,0.7664794921875,0.75433349609375,0.8801958910654563,0.3412179822268688,1.0499999999999998,30.409105988184017,4415,0.2733861834654587,1285,698,1225
apartment_2,seq_0000,37,random,10,36,32768,0.8126220703125,0.70635986328125,0.7836487907465826,0.37117263843648207,0.14999999999999927,5.6629528230376645,1732,0.3204387990762125,791,381,5
apartment_2,seq_0000,37,random,11,1,32768,0.836761474609375,0.7501220703125,0.83511433677377,0.3144512993082819,0.15000000000000024,5.283712054842131,3214,0.179215930304916,575,788,1275
apartment_2,seq_0000,37,random,12,0,32768,0.7781982421875,0.681549072265625,0.8163137254901961,0.20872317006053934,0.15000000000000005,5.240996932365008,3837,0.1532447224394058,921,1179,1149
apartment_2,seq_0000,37,random,13,22,32768,0.812286376953125,0.7598876953125,0.8530262614118796,0.35685254430173957,0.2999999999999998,9.955276430127872,3434,0.28130460104834015,878,574,1016
apartment_2,seq_0000,37,random,14,30,32768,0.70294189453125,0.755126953125,0.8503950681601111,0.5296897472775838,0.5999999999999989,25.27635504002577,4358,0.33180357962368057,1088,1221,603
apartment_2,seq_0000,37,random,15,21,32768,0.862640380859375,0.753753662109375,0.8056744613860686,0.4276827371695179,0.14999999999999977,4.942133634875506,2341,0.26099957283212305,578,411,741
apartment_2,seq_0000,37,random,16,10,32768,0.842803955078125,0.75714111328125,0.8552340949415215,0.23121723937099592,0.15000000000000016,4.716290288926476,3090,0.1669902912621359,807,682,1085
apartment_2,seq_0000,37,random,17,32,32768,0.812530517578125,0.660125732421875,0.7762253521126761,0.15692658310271854,0.2999999999999993,13.350017834326197,2314,0.16637856525496975,836,663,430
apartment_2,seq_0000,37,random,18,9,32768,0.880218505859375,0.770904541015625,0.8337898276878272,0.30878980891719743,0.15000000000000005,4.87305037782876,2629,0.24115633320654242,675,505,815
apartment_2,seq_0000,37,random,19,6,32768,0.86798095703125,0.741973876953125,0.8059208213205823,0.321544151641239,0.3000000000000003,9.947553801190798,2815,0.17761989342806395,579,409,1327
apartment_2,seq_0000,37,random,20,26,32768,0.79071044921875,0.7620849609375,0.8842145889617908,0.3006707494896471,0.29999999999999993,10.10393452278853,3755,0.15419440745672436,936,906,1334
apartment_2,seq_0000,37,random,21,19,32768,0.902069091796875,0.742584228515625,0.7988429919821374,0.22436896229354938,0.15000000000000016,4.802167362974232,2041,0.17540421362077413,521,468,694
apartment_2,seq_0000,37,random,22,23,32768,0.88250732421875,0.770843505859375,0.8394771422643337,0.25532467532467534,0.14999999999999977,5.05263936456478,2577,0.20372526193247964,840,303,909
apartment_2,seq_0000,37,random,23,8,32768,0.8779296875,0.761474609375,0.8298109010011123,0.27,0.15000000000000024,4.873050377828766,2617,0.16622086358425678,570,663,949
apartment_2,seq_0000,37,random,24,16,32768,0.933074951171875,0.751708984375,0.7917252657399837,0.1937984496124031,0.29999999999999993,9.139971858215079,1561,0.1262011531069827,275,395,694
apartment_2,seq_0000,37,random,25,27,32768,0.8724365234375,0.781524658203125,0.87729117112075,0.12655502392344498,0.15000000000000016,5.223067459848888,2927,0.1018107277075504,725,674,1230
apartment_2,seq_0000,37,random,26,12,32768,0.949737548828125,0.755584716796875,0.787731756691623,0.14814814814814814,0.15000000000000016,4.544117067994681,1180,0.10847457627118644,204,238,610
apartment_2,seq_0000,37,random,27,28,32768,0.840545654296875,0.725067138671875,0.8397051882510983,0.12076555023923445,0.15000000000000016,6.377892590075601,2755,0.11506352087114338,692,869,877
apartment_2,seq_0000,37,random,28,13,32768,0.9710693359375,0.751983642578125,0.7720615964802011,0.07805907172995781,0.14999999999999977,4.562226168568281,737,0.04206241519674356,87,104,515
apartment_2,seq_0000,37,random,29,7,32768,0.86016845703125,0.73883056640625,0.8278578017455475,0.1911828895678743,0.14999999999999927,5.016464718252494,2681,0.15628496829541216,956,682,624
apartment_2,seq_0000,37,random,30,5,32768,0.930084228515625,0.705078125,0.7542409029760146,0.05106940200785683,0.15000000000000016,5.061716070206236,1704,0.0528169014084507,298,480,836
apartment_2,seq_0000,37,random,31,17,32768,0.948486328125,0.75933837890625,0.7894465894465894,0.20497630331753555,0.14999999999999977,4.570722751276547,1355,0.13505535055350554,206,308,658
apartment_2,seq_0000,37,random,32,25,32768,0.8851318359375,0.713653564453125,0.7856157771341884,0.15913921360255048,0.14999999999999977,5.866844175479617,1976,0.12449392712550607,393,554,783
apartment_2,seq_0000,37,random,33,14,32768,0.966064453125,0.75152587890625,0.7742923932271923,0.10341726618705036,0.15000000000000016,4.652485936928557,1001,0.07592407592407592,246,176,503
apartment_2,seq_0000,37,random,34,29,32768,0.899383544921875,0.7315673828125,0.793966950561569,0.1737943585077343,0.14999999999999966,7.590690781684855,2263,0.15510384445426426,647,581,684
apartment_2,seq_0000,37,random,35,33,32768,0.8699951171875,0.70556640625,0.7723095271502736,0.25892018779342724,0.14999999999999927,6.353212732259046,1782,0.3434343434343434,784,274,112
apartment_2,seq_0000,37,random,36,15,32768,0.9461669921875,0.75531005859375,0.7827054573603406,0.27380952380952384,0.14999999999999966,4.618756692146334,1214,0.20345963756177923,243,169,555
apartment_2,seq_0000,37,random,37,31,32768,0.916778564453125,0.71453857421875,0.754102726274092,0.27869453612027867,0.14999999999999927,6.5919684842139405,1792,0.2890625,659,475,140
apartment_2,seq_0000,37,sequential,1,0,32768,0.0,0.681549072265625,,0.681549072265625,,,8039,0.36434879960194055,1696,1680,1734
apartment_2,seq_0000,37,sequential,2,1,32768,0.565673828125,0.7501220703125,0.9575420802762192,0.47997470489038785,0.15000000000000005,5.283712054842125,5901,0.3323165565158448,1163,1196,1581
apartment_2,seq_0000,37,sequential,3,2,32768,0.7181396484375,0.72027587890625,0.8802906680265171,0.31258120398440886,0.15000000000000024,5.068650372449312,5164,0.22230828814872192,1037,1217,1762
apartment_2,seq_0000,37,sequential,4,3,32768,0.680419921875,0.761505126953125,0.9341585934696807,0.3939075630252101,0.14999999999999927,5.098135848029497,5648,0.2361898016997167,1041,1033,2240
apartment_2,seq_0000,37,sequential,5,4,32768,0.82659912109375,0.71710205078125,0.8358192424130547,0.15117916226680747,0.15000000000000016,5.098427841037862,3781,0.10790796085691616,710,1096,1567
apartment_2,seq_0000,37,sequential,6,5,32768,0.868743896484375,0.705078125,0.7910563108160326,0.13601488026040456,0.15000000000000016,5.061716070206236,2912,0.11950549450549451,545,726,1293
apartment_2,seq_0000,37,sequential,7,6,32768,0.8016357421875,0.741973876953125,0.8217603167351911,0.4195384615384615,0.15000000000000016,5.011542126187056,3715,0.26944818304172274,865,476,1373
apartment_2,seq_0000,37,sequential,8,7,32768,0.720245361328125,0.73883056640625,0.892377441633829,0.3435147812806807,0.15000000000000016,5.016464718252524,5321,0.2601014846833302,1596,1234,1107
apartment_2,seq_0000,37,sequential,9,8,32768,0.708770751953125,0.761474609375,0.8914101184068891,0.44524782563135284,0.14999999999999927,4.873050377828735,4987,0.3144174854622017,1266,972,1181
apartment_2,seq_0000,37,sequential,10,9,32768,0.7823486328125,0.770904541015625,0.8566859104384459,0.46256309590577677,0.15000000000000024,4.873050377828766,4155,0.353309265944645,856,753,1078
apartment_2,seq_0000,37,sequential,11,10,32768,0.783721923828125,0.75714111328125,0.8742260815388809,0.33286298857062224,0.15000000000000005,4.716290288926473,3957,0.27824109173616374,1097,759,1000
apartment_2,seq_0000,37,sequential,12,11,32768,0.8343505859375,0.75433349609375,0.842026335040234,0.3126381724392041,0.15000000000000016,4.792715358284483,3546,0.2608573040045121,1011,650,960
apartment_2,seq_0000,37,sequential,13,12,32768,0.791839599609375,0.755584716796875,0.8790226230392724,0.2860284415774813,0.15000000000000016,4.544117067994681,3641,0.233177698434496,1105,799,888
apartment_2,seq_0000,37,sequential,14,13,32768,0.8988037109375,0.751983642578125,0.8134591878310471,0.2059710494571773,0.14999999999999977,4.562226168568281,1937,0.16520392359318534,484,451,682
apartment_2,seq_0000,37,sequential,15,14,32768,0.9088134765625,0.75152587890625,0.8021490933512424,0.2469879518072289,0.15000000000000016,4.652485936928557,2147,0.17745691662785282,583,368,815
apartment_2,seq_0000,37,sequential,16,15,32768,0.841033935546875,0.75531005859375,0.8543851373417033,0.23113841428297177,0.15000000000000016,4.61875669214635,3368,0.1926959619952494,965,777,977
apartment_2,seq_0000,37,sequential,17,16,32768,0.93072509765625,0.751708984375,0.7910026887008984,0.22378854625550662,0.14999999999999966,4.59924538985219,1647,0.1706132361870067,346,404,616
apartment_2,seq_0000,37,sequential,18,17,32768,0.90087890625,0.75933837890625,0.8124322493224932,0.2767857142857143,0.14999999999999977,4.570722751276547,2291,0.19729375818419903,495,545,799
apartment_2,seq_0000,37,sequential,19,18,32768,0.84124755859375,0.76092529296875,0.8380613799608213,0.35217224144559783,0.15000000000000016,4.7086276441695665,4100,0.3170731707317073,1154,658,988
apartment_2,seq_0000,37,sequential,20,19,32768,0.914276123046875,0.742584228515625,0.7763944056877733,0.3819864720541118,0.15000000000000016,4.802167362974232,1658,0.293124246079614,299,292,581
apartment_2,seq_0000,37,sequential,21,20,32768,0.951385498046875,0.73699951171875,0.7541940657578188,0.4005021971123666,0.15000000000000016,4.922798440455329,1177,0.2412914188615123,162,195,536
apartment_2,seq_0000,37,sequential,22,21,32768,0.912109375,0.753753662109375,0.7908190578158458,0.36909722222222224,0.14999999999999977,4.942133634875506,1597,0.20788979336255478,329,289,647
apartment_2,seq_0000,37,sequential,23,22,32768,0.93603515625,0.7598876953125,0.7864501825769431,0.3711832061068702,0.15000000000000005,5.015491908912469,1367,0.22677395757132407,229,208,620
apartment_2,seq_0000,37,sequential,24,23,32768,0.871246337890625,0.770843505859375,0.8334092262426004,0.3474757051433989,0.14999999999999977,5.05263936456478,2498,0.26140912730184146,818,220,807
apartment_2,seq_0000,37,sequential,25,24,32768,0.811309814453125,0.7431640625,0.8274967086703028,0.38055959890021024,0.15000000000000016,5.098427841037862,2972,0.2728802153432032,599,615,947
apartment_2,seq_0000,37,sequential,26,25,32768,0.8392333984375,0.713653564453125,0.8019272727272727,0.2528473804100228,0.15000000000000016,5.866844175479632,2381,0.16715665686686265,537,628,818
apartment_2,seq_0000,37,sequential,27,26,32768,0.80255126953125,0.7620849609375,0.8585443759981748,0.370015455950541,0.14999999999999977,5.091551184599036,3742,0.22848743987172634,794,864,1229
apartment_2,seq_0000,37,sequential,28,27,32768,0.87066650390625,0.781524658203125,0.8716789344549597,0.1746106654082114,0.15000000000000016,5.223067459848888,2973,0.13757147662293978,671,703,1190
apartment_2,seq_0000,37,sequential,29,28,32768,0.80242919921875,0.725067138671875,0.829390735529018,0.30135928328699413,0.15000000000000016,6.377892590075601,3301,0.2547712814298697,701,904,855
apartment_2,seq_0000,37,sequential,30,29,32768,0.82208251953125,0.7315673828125,0.8320959239735689,0.26706689536878214,0.14999999999999966,7.590690781684855,3030,0.2607260726072607,840,707,693
apartment_2,seq_0000,37,sequential,31,30,32768,0.787933349609375,0.755126953125,0.8454626437894573,0.4194848179594186,0.15000000000000066,6.732509059114815,3856,0.33117219917012447,1173,918,488
apartment_2,seq_0000,37,sequential,32,31,32768,0.866058349609375,0.71453857421875,0.774375418443215,0.32763727500569606,0.14999999999999927,6.5919684842139405,2577,0.3302289483896003,1072,512,142
apartment_2,seq_0000,37,sequential,33,32,32768,0.8681640625,0.660125732421875,0.71822272215973,0.2775462962962963,0.15000000000000005,6.766847060516732,1779,0.25857223159078135,501,444,374
apartment_2,seq_0000,37,sequential,34,33,32768,0.877716064453125,0.70556640625,0.7712527380828205,0.23409034190167208,0.15000000000000024,6.353212732259086,1757,0.3010813887307911,748,338,142
apartment_2,seq_0000,37,sequential,35,34,32768,0.86065673828125,0.763824462890625,0.8022835259910645,0.526281208935611,0.14999999999999927,5.546082089079225,1805,0.49418282548476455,803,91,19
apartment_2,seq_0000,37,sequential,36,35,32768,0.88507080078125,0.769561767578125,0.788842148817323,0.6210833775889538,0.15000000000000105,5.691972350300425,1387,0.6481614996395098,410,78,0
apartment_2,seq_0000,37,sequential,37,36,32768,0.907501220703125,0.70635986328125,0.7379359047651074,0.3965687891784889,0.14999999999999927,5.6629528230376645,872,0.36926605504587157,434,116,0
apartment_2,seq_0010,21,spread,1,0,32768,0.0,0.72967529296875,,0.72967529296875,,,9263,0.44672352369642665,2512,1691,922
apartment_2,seq_0010,21,spread,2,20,32768,0.06121826171875,0.76800537109375,0.8534396809571286,0.7624341720304272,3.0,66.46028983168861,5151,0.5338769171034751,1673,521,207
apartment_2,seq_0010,21,spread,3,10,32768,0.3790283203125,0.684906005859375,0.9065217391304348,0.5496363278946333,1.5,48.933964851388865,5859,0.2654036525004267,1459,1761,1084
apartment_2,seq_0010,21,spread,4,5,32768,0.442108154296875,0.7471923828125,0.9217229240008283,0.6088835402877304,0.7499999999999999,24.638692350510098,5682,0.3819077789510736,1558,874,1080
apartment_2,seq_0010,21,spread,5,15,32768,0.602813720703125,0.873748779296875,0.9815724193793348,0.7101037264694583,0.7499999999999999,32.49180647529344,3512,0.5700455580865603,886,624,0
apartment_2,seq_0010,21,spread,6,7,32768,0.60089111328125,0.728118896484375,0.9334179786693754,0.41902431564459397,0.30000000000000027,11.419811258972059,4966,0.17861457913813936,1468,1150,1461
apartment_2,seq_0010,21,spread,7,13,32768,0.65606689453125,0.643402099609375,0.8053307284398549,0.33451641526175685,0.30000000000000004,12.313498208317512,4551,0.2799384750604263,1230,1007,1040
apartment_2,seq_0010,21,spread,8,18,32768,0.7470703125,0.8609619140625,0.9292483660130719,0.6592664092664092,0.30000000000000004,11.89556232515301,2609,0.5952472211575316,970,86,0
apartment_2,seq_0010,21,spread,9,2,32768,0.79779052734375,0.760284423828125,0.8637059138550991,0.3522487171747661,0.2999999999999999,9.842450112306901,3823,0.27099136803557416,1232,638,917
apartment_2,seq_0010,21,spread,10,3,32768,0.754119873046875,0.7435302734375,0.867953542956578,0.36192131066153654,0.15000000000000008,5.218131110931356,3549,0.27331642716258103,1043,737,799
apartment_2,seq_0010,21,spread,11,6,32768,0.811798095703125,0.790557861328125,0.8879365437389571,0.3705205124047349,0.15000000000000008,5.128084695631651,3742,0.26483164083377875,1227,540,984
apartment_2,seq_0010,21,spread,12,12,32768,0.780303955078125,0.723602294921875,0.8019867808674567,0.4452007223225448,0.15000000000000008,6.738543447696913,2878,0.18450312717164696,666,921,760
apartment_2,seq_0010,21,spread,13,9,32768,0.861419677734375,0.692047119140625,0.775250646544089,0.1748513543272407,0.14999999999999994,6.151917401359296,2971,0.15011780545270953,540,1002,983
apartment_2,seq_0010,21,spread,14,11,32768,0.864837646484375,0.6707763671875,0.7401813754896079,0.22668773989613908,0.14999999999999994,6.230773708593794,2323,0.2040464916056823,653,635,561
apartment_2,seq_0010,21,spread,15,16,32768,0.854583740234375,0.7996826171875,0.8792272256543942,0.3322140608604407,0.14999999999999994,6.040932970658266,2207,0.2659719075668328,635,592,393
apartment_2,seq_0010,21,spread,16,17,32768,0.911529541015625,0.854644775390625,0.9063577622283974,0.32183511555708866,0.14999999999999994,6.377892590075591,1622,0.20715166461159062,417,342,527
apartment_2,seq_0010,21,spread,17,19,32768,0.781829833984375,0.759246826171875,0.852062922050041,0.42663309553783746,0.14999999999999994,6.929181118271924,2051,0.37835202340321794,700,285,290
apartment_2,seq_0010,21,spread,18,1,32768,0.903045654296875,0.75927734375,0.8104153289851644,0.28297135662574757,0.1499999999999998,4.958426233703196,2076,0.2172447013487476,669,598,358
apartment_2,seq_0010,21,spread,19,4,32768,0.833160400390625,0.796142578125,0.8623859931870628,0.46533747942198644,0.1499999999999998,5.0235832372803415,2624,0.39253048780487804,889,280,425
apartment_2,seq_0010,21,spread,20,14,32768,0.846435546875,0.7362060546875,0.8228655898471301,0.25854531001589826,0.1499999999999998,7.5757981237106815,1674,0.3888888888888889,712,311,0
apartment_2,seq_0010,21,spread,21,8,32768,0.867767333984375,0.706390380859375,0.8001758396342535,0.09093007154396492,0.14999999999999974,5.954016715449807,2531,0.07862504938759383,485,857,990
apartment_2,seq_0010,21,random,1,10,32768,0.0,0.684906005859375,,0.684906005859375,,,7581,0.38451391636987203,1654,1869,1143
apartment_2,seq_0010,21,random,2,18,32768,0.29168701171875,0.8609619140625,0.9921531701192718,0.8069366652305041,1.2,40.11777844526808,5050,0.6744554455445545,1498,146,0
apartment_2,seq_0010,21,random,3,16,32768,0.607391357421875,0.7996826171875,0.9527709390544139,0.5628449280994947,0.2999999999999999,11.950469144314955,3960,0.37196969696969695,1196,825,466
apartment_2,seq_0010,21,random,4,4,32768,0.437957763671875,0.796142578125,0.934778064246394,0.6881142422761579,0.8999999999999998,27.808087998055495,6512,0.5047604422604423,1692,670,863
apartment_2,seq_0010,21,random,5,2,32768,0.631622314453125,0.760284423828125,0.9395081412765135,0.4529864965620081,0.30000000000000016,9.84245011230691,5739,0.35528837776616135,1828,822,1050
apartment_2,seq_0010,21,random,6,12,32768,0.61920166015625,0.723602294921875,0.9158698866436669,0.41096329539990384,0.2999999999999999,13.295665059606621,4040,0.21633663366336633,1063,1132,971
apartment_2,seq_0010,21,random,7,6,32768,0.7420654296875,0.790557861328125,0.9383122224050008,0.36547562707051584,0.2999999999999999,10.175303129129093,4743,0.2915876027830487,1649,741,970
apartment_2,seq_0010,21,random,8,19,32768,0.660858154296875,0.759246826171875,0.899099515123528,0.4867272563664177,0.15000000000000008,6.92918111827193,3111,0.43490838958534234,1108,339,311
apartment_2,seq_0010,21,random,9,3,32768,0.714935302734375,0.7435302734375,0.8769368677167371,0.4089497912429076,0.15000000000000008,5.218131110931356,4064,0.31348425196850394,1148,790,852
apartment_2,seq_0010,21,random,10,11,32768,0.79351806640625,0.6707763671875,0.7921313745096531,0.20440437481525273,0.14999999999999994,6.230773708593794,3348,0.1821983273596177,909,1106,723
apartment_2,seq_0010,21,random,11,8,32768,0.77410888671875,0.706390380859375,0.8571710163210596,0.18967846527965415,0.2999999999999999,11.782149376566139,3446,0.124492164828787,758,1093,1166
apartment_2,seq_0010,21,random,12,0,32768,0.81671142578125,0.72967529296875,0.8293849488080114,0.2853812853812854,0.2999999999999999,9.77219340841005,3723,0.20574805264571583,1145,1133,679
apartment_2,seq_0010,21,random,13,17,32768,0.840057373046875,0.854644775390625,0.9219311948268972,0.5012402213318069,0.14999999999999994,6.377892590075591,2501,0.34586165533786484,664,453,519
apartment_2,seq_0010,21,random,14,13,32768,0.754364013671875,0.643402099609375,0.7401998462720983,0.3461299540315567,0.15000000000000008,6.228667020257914,3716,0.2785252960172228,1004,839,838
apartment_2,seq_0010,21,random,15,7,32768,0.850830078125,0.728118896484375,0.8263629842180775,0.16775777414075285,0.14999999999999974,5.767180560978036,2897,0.10735243355195029,814,715,1057
apartment_2,seq_0010,21,random,16,20,32768,0.847930908203125,0.76800537109375,0.8329314378261652,0.40598033313265103,0.14999999999999994,6.547446084998093,1562,0.26888604353393086,657,361,124
apartment_2,seq_0010,21,random,17,5,32768,0.813385009765625,0.7471923828125,0.8529621430983378,0.28618152085036797,0.1499999999999998,5.241107058966689,2850,0.20105263157894737,815,546,916
apartment_2,seq_0010,21,random,18,14,32768,0.831451416015625,0.7362060546875,0.824481556248853,0.30074235017200796,0.15000000000000027,7.5757981237107055,1781,0.4042672655811342,746,315,0
apartment_2,seq_0010,21,random,19,9,32768,0.904205322265625,0.692047119140625,0.7475446353235006,0.16820643517043646,0.14999999999999994,6.151917401359296,2124,0.13465160075329566,350,673,815
apartment_2,seq_0010,21,random,20,1,32768,0.91748046875,0.75927734375,0.8031200106439595,0.2718195266272189,0.1499999999999998,4.958426233703196,1803,0.21575152523571825,606,506,302
apartment_2,seq_0010,21,random,21,15,32768,0.9490966796875,0.873748779296875,0.8971382636655949,0.43764988009592326,0.1499999999999998,7.258895929637355,1113,0.38185085354896675,310,378,0
apartment_2,seq_0010,21,sequential,1,0,32768,0.0,0.72967529296875,,0.72967529296875,,,9263,0.44672352369642665,2512,1691,922
apartment_2,seq_0010,21,sequential,2,1,32768,0.7025146484375,0.75927734375,0.8930929626411815,0.4432704144439885,0.15000000000000008,4.958426233703205,5212,0.32521105141980045,1530,1102,885
apartment_2,seq_0010,21,sequential,3,2,32768,0.740753173828125,0.760284423828125,0.8810200634449801,0.4153031194820483,0.1499999999999998,4.9578000137056595,4976,0.33259646302250806,1505,743,1073
apartment_2,seq_0010,21,sequential,4,3,32768,0.656982421875,0.7435302734375,0.8718877740616872,0.4976868327402135,0.15000000000000008,5.218131110931356,4350,0.3425287356321839,1087,813,960
apartment_2,seq_0010,21,sequential,5,4,32768,0.6781005859375,0.796142578125,0.8889288928892889,0.6006825938566553,0.15000000000000008,5.02358323728035,4255,0.42561692126909517,1181,440,823
apartment_2,seq_0010,21,sequential,6,5,32768,0.64459228515625,0.7471923828125,0.9150175172805606,0.4428129829984544,0.1499999999999998,5.241107058966689,3747,0.255404323458767,1153,646,991
apartment_2,seq_0010,21,sequential,7,6,32768,0.79583740234375,0.790557861328125,0.9004141421888182,0.36233183856502243,0.15000000000000008,5.128084695631651,4103,0.2929563733853278,1281,620,1000
apartment_2,seq_0010,21,sequential,8,7,32768,0.699310302734375,0.728118896484375,0.9084878900283657,0.3086369633614128,0.1500000000000002,5.767180560978053,4360,0.17706422018348625,1294,1027,1267
apartment_2,seq_0010,21,sequential,9,8,32768,0.756591796875,0.706390380859375,0.8553565666343982,0.24335506519558675,0.14999999999999974,5.954016715449807,4003,0.1771171621284037,969,1174,1151
apartment_2,seq_0010,21,sequential,10,9,32768,0.7393798828125,0.692047119140625,0.8646194485719003,0.20245901639344263,0.15000000000000008,6.151917401359302,3950,0.20151898734177215,927,1386,841
apartment_2,seq_0010,21,sequential,11,10,32768,0.893157958984375,0.684906005859375,0.7438070181433013,0.19251642387889176,0.14999999999999994,6.54715736225735,2388,0.14698492462311558,511,941,585
apartment_2,seq_0010,21,sequential,12,11,32768,0.85296630859375,0.6707763671875,0.7339534883720931,0.30427563304275634,0.14999999999999994,6.230773708593794,2398,0.28148457047539616,636,640,447
apartment_2,seq_0010,21,sequential,13,12,32768,0.75787353515625,0.723602294921875,0.767697511476202,0.5855810436097807,0.14999999999999994,6.738543447696906,2708,0.2706794682422452,622,712,641
apartment_2,seq_0010,21,sequential,14,13,32768,0.697601318359375,0.643402099609375,0.7513014567566385,0.3944898577051166,0.15000000000000008,6.228667020257914,4398,0.36857662573897226,1192,809,776
apartment_2,seq_0010,21,sequential,15,14,32768,0.64288330078125,0.7362060546875,0.8928130637045476,0.4542813194325756,0.15000000000000027,7.5757981237107055,3425,0.564963503649635,1130,360,0
apartment_2,seq_0010,21,sequential,16,15,32768,0.710418701171875,0.873748779296875,0.9500837664848146,0.6864790810412056,0.1499999999999998,7.258895929637355,2763,0.4752081071299312,825,625,0
apartment_2,seq_0010,21,sequential,17,16,32768,0.837677001953125,0.7996826171875,0.8884112353819811,0.34179357021996615,0.14999999999999994,6.040932970658266,2721,0.2686512311650129,833,695,462
apartment_2,seq_0010,21,sequential,18,17,32768,0.887664794921875,0.854644775390625,0.9155636538659883,0.3732681336593317,0.14999999999999994,6.377892590075591,1926,0.2466251298026999,572,352,527
apartment_2,seq_0010,21,sequential,19,18,32768,0.8712158203125,0.8609619140625,0.8966302367941712,0.6196682464454977,0.14999999999999994,6.012571662474369,1608,0.5279850746268657,692,67,0
apartment_2,seq_0010,21,sequential,20,19,32768,0.8134765625,0.759246826171875,0.8309948979591837,0.4463350785340314,0.15000000000000008,6.92918111827193,1817,0.37809576224545954,564,264,302
apartment_2,seq_0010,21,sequential,21,20,32768,0.881805419921875,0.76800537109375,0.8247101574666897,0.3449522334107927,0.14999999999999994,6.547446084998093,1293,0.2397525135344161,539,320,124
frl_apartment_5,seq_0006,18,spread,1,0,32768,0.0,0.545440673828125,,0.545440673828125,,,9931,0.517571241566811,2474,1288,1029
frl_apartment_5,seq_0006,18,spread,2,17,32768,0.1405029296875,0.680267333984375,0.8405734144222415,0.6540619230222979,2.5499999999999994,61.38317866518939,6237,0.5393618726952061,1308,831,734
frl_apartment_5,seq_0006,18,spread,3,8,32768,0.576995849609375,0.546783447265625,0.5285872957105834,0.5716037803910252,1.1999999999999997,34.91963621358819,6004,0.4603597601598934,1947,637,656
frl_apartment_5,seq_0006,18,spread,4,4,32768,0.73126220703125,0.5006103515625,0.538185460312161,0.3983647513059278,0.5999999999999999,19.580339636004794,5208,0.3686635944700461,1775,1163,350
frl_apartment_5,seq_0006,18,spread,5,12,32768,0.78143310546875,0.591766357421875,0.593845192533,0.5843339849204133,0.5999999999999999,20.77222793948081,3289,0.46214654910307085,982,418,369
frl_apartment_5,seq_0006,18,spread,6,14,32768,0.898223876953125,0.583404541015625,0.5923623144089967,0.5043478260869565,0.3000000000000004,11.368711767990535,2358,0.40161153519932147,803,343,265
frl_apartment_5,seq_0006,18,spread,7,2,32768,0.8555908203125,0.562652587890625,0.5648451990298188,0.5496618765849535,0.29999999999999993,10.116799480153801,3512,0.5048405466970387,1143,365,231
frl_apartment_5,seq_0006,18,spread,8,6,32768,0.8729248046875,0.518890380859375,0.5311494895818767,0.4346781940441883,0.29999999999999993,10.027893932297273,2712,0.3307522123893805,1101,483,231
frl_apartment_5,seq_0006,18,spread,9,10,32768,0.888641357421875,0.558685302734375,0.5579861945808579,0.5642641819676624,0.2999999999999995,10.16179401430716,2549,0.4782267555904276,771,323,236
frl_apartment_5,seq_0006,18,spread,10,9,32768,0.94610595703125,0.548492431640625,0.5596735694471324,0.3522083805209513,0.1500000000000002,5.0335996353291685,1643,0.34814363968350576,606,252,213
frl_apartment_5,seq_0006,18,spread,11,1,32768,0.9139404296875,0.555694580078125,0.556230800053426,0.55,0.14999999999999974,5.0915511845990356,2227,0.4750785810507409,737,289,143
frl_apartment_5,seq_0006,18,spread,12,3,32768,0.941680908203125,0.567108154296875,0.5721554266454937,0.4856096284667713,0.14999999999999974,5.098427841037847,1590,0.42955974842767297,579,208,120
frl_apartment_5,seq_0006,18,spread,13,5,32768,0.949005126953125,0.541046142578125,0.5548445187638679,0.28426092160383004,0.14999999999999974,5.052639364564779,1464,0.3094262295081967,482,393,136
frl_apartment_5,seq_0006,18,spread,14,7,32768,0.962005615234375,0.567230224609375,0.574374266408654,0.3863453815261044,0.14999999999999974,5.041276050762325,1148,0.37282229965156793,388,218,114
frl_apartment_5,seq_0006,18,spread,15,11,32768,0.94390869140625,0.588531494140625,0.5955706433882961,0.470076169749728,0.14999999999999974,5.15749841375955,1454,0.3810178817056396,396,275,229
frl_apartment_5,seq_0006,18,spread,16,13,32768,0.9678955078125,0.59539794921875,0.6038592508513053,0.3403041825095057,0.14999999999999974,5.664018821348024,1006,0.3210735586481113,326,200,157
frl_apartment_5,seq_0006,18,spread,17,15,32768,0.902252197265625,0.617767333984375,0.6251310671401996,0.5497970652513269,0.14999999999999974,5.806699089107636,1706,0.31770222743259086,639,332,193
frl_apartment_5,seq_0006,18,spread,18,16,32768,0.928192138671875,0.65380859375,0.6577675489067895,0.6026349341266468,0.14999999999999974,5.93470878935948,1325,0.3373584905660377,455,275,148
frl_apartment_5,seq_0006,18,random,1,2,32768,0.0,0.562652587890625,,0.562652587890625,,,9841,0.5674220099583376,2241,990,1026
frl_apartment_5,seq_0006,18,random,2,10,32768,0.415313720703125,0.558685302734375,0.5273715923286061,0.5809280233832663,1.2000000000000002,35.63902066129756,6619,0.5176008460492522,1855,686,652
frl_apartment_5,seq_0006,18,random,3,3,32768,0.819122314453125,0.567108154296875,0.5584367199433702,0.6063775940610764,0.1500000000000002,5.0984278410378625,4128,0.5377906976744186,1221,386,301
frl_apartment_5,seq_0006,18,random,4,12,32768,0.703155517578125,0.591766357421875,0.5792283321036413,0.6214660224118433,0.2999999999999995,10.738882336862813,3824,0.5104602510460251,1044,441,387
frl_apartment_5,seq_0006,18,random,5,0,32768,0.81451416015625,0.545440673828125,0.5844511052828775,0.3741362290227048,0.29999999999999993,10.116799480153801,4594,0.4059643012625163,1555,752,422
frl_apartment_5,seq_0006,18,random,6,4,32768,0.84423828125,0.5006103515625,0.5444982648930017,0.26273510971786834,0.14999999999999974,5.081623462149598,3949,0.2699417574069385,1547,1104,232
frl_apartment_5,seq_0006,18,random,7,7,32768,0.8782958984375,0.567230224609375,0.5958651841556637,0.36058174523570713,0.4500000000000001,14.823160047242371,2489,0.4198473282442748,802,410,232
frl_apartment_5,seq_0006,18,random,8,5,32768,0.9217529296875,0.541046142578125,0.5588663753145279,0.33112324492979717,0.1500000000000002,5.0526393645647945,2091,0.3381157340985175,710,496,178
frl_apartment_5,seq_0006,18,random,9,16,32768,0.722137451171875,0.65380859375,0.6667371001141021,0.6202086765513454,0.5999999999999999,22.577978447173674,3367,0.49747549747549746,919,440,333
frl_apartment_5,seq_0006,18,random,10,13,32768,0.94219970703125,0.59539794921875,0.6029345080002592,0.47254487856388594,0.15000000000000063,5.664018821348058,1589,0.4159848961611076,468,266,194
frl_apartment_5,seq_0006,18,random,11,14,32768,0.924072265625,0.583404541015625,0.5960369881109643,0.4296623794212219,0.14999999999999974,5.740860363620998,1654,0.3059250302297461,608,295,245
frl_apartment_5,seq_0006,18,random,12,11,32768,0.9459228515625,0.588531494140625,0.5971415666537617,0.43792325056433407,0.14999999999999974,5.15749841375955,1436,0.35724233983286907,416,280,227
frl_apartment_5,seq_0006,18,random,13,6,32768,0.93267822265625,0.518890380859375,0.5390026830704797,0.24025385312783318,0.14999999999999974,5.052639364564779,1767,0.2495755517826825,790,347,189
frl_apartment_5,seq_0006,18,random,14,9,32768,0.957916259765625,0.548492431640625,0.5583484660231292,0.32414793328498914,0.1500000000000002,5.0335996353291685,1297,0.3269082498072475,510,206,157
frl_apartment_5,seq_0006,18,random,15,17,32768,0.8270263671875,0.680267333984375,0.7071217712177121,0.5518701482004235,0.14999999999999974,6.153555432094085,2424,0.4282178217821782,556,443,387
frl_apartment_5,seq_0006,18,random,16,8,32768,0.951263427734375,0.546783447265625,0.5531423438452407,0.4226675015654352,0.14999999999999974,4.987277055386216,1243,0.34352373290426386,498,190,128
frl_apartment_5,seq_0006,18,random,17,1,32768,0.935699462890625,0.555694580078125,0.5581031277518672,0.5206454674893213,0.14999999999999974,5.0915511845990356,1704,0.443075117370892,591,243,115
frl_apartment_5,seq_0006,18,random,18,15,32768,0.9410400390625,0.617767333984375,0.6291347775327539,0.4363354037267081,0.14999999999999974,5.806699089107636,1347,0.25315515961395696,538,315,153
frl_apartment_5,seq_0006,18,sequential,1,0,32768,0.0,0.545440673828125,,0.545440673828125,,,9931,0.517571241566811,2474,1288,1029
frl_apartment_5,seq_0006,18,sequential,2,1,32768,0.69976806640625,0.555694580078125,0.5336676842564326,0.6070339499898353,0.1500000000000002,5.09155118459905,6129,0.5566976668298255,1692,529,496
frl_apartment_5,seq_0006,18,sequential,3,2,32768,0.850921630859375,0.562652587890625,0.5720331384714701,0.5091095189355169,0.14999999999999974,5.098135848029513,4001,0.49487628092976754,1230,444,347
frl_apartment_5,seq_0006,18,sequential,4,3,32768,0.8765869140625,0.567108154296875,0.5752680685141345,0.5091493570722058,0.1500000000000002,5.0984278410378625,3129,0.4844998402045382,1004,324,285
frl_apartment_5,seq_0006,18,sequential,5,4,32768,0.796966552734375,0.5006103515625,0.5412981045376221,0.3408988426273861,0.14999999999999974,5.081623462149598,4274,0.2882545624707534,1623,1153,266
frl_apartment_5,seq_0006,18,sequential,6,5,32768,0.774627685546875,0.541046142578125,0.5225150691407635,0.604739336492891,0.1500000000000002,5.0526393645647945,3656,0.47921225382932164,1098,583,223
frl_apartment_5,seq_0006,18,sequential,7,6,32768,0.906158447265625,0.518890380859375,0.5430236082578386,0.28585365853658534,0.14999999999999974,5.052639364564779,2346,0.28815004262574595,988,436,246
frl_apartment_5,seq_0006,18,sequential,8,7,32768,0.86529541015625,0.567230224609375,0.5668336037243422,0.569777979157227,0.1500000000000002,5.041276050762339,2662,0.48797896318557477,793,349,221
frl_apartment_5,seq_0006,18,sequential,9,8,32768,0.79949951171875,0.546783447265625,0.5185510344301092,0.6593607305936073,0.14999999999999974,4.987277055386216,2748,0.4512372634643377,964,307,237
frl_apartment_5,seq_0006,18,sequential,10,9,32768,0.931732177734375,0.548492431640625,0.5603484982476827,0.38667858739383104,0.1500000000000002,5.0335996353291685,1943,0.3921770458054555,699,294,188
frl_apartment_5,seq_0006,18,sequential,11,10,32768,0.902587890625,0.558685302734375,0.5605558560995402,0.5413533834586466,0.1500000000000002,5.121168464662333,1991,0.425414364640884,636,282,226
frl_apartment_5,seq_0006,18,sequential,12,11,32768,0.90826416015625,0.588531494140625,0.595222095289295,0.52228875582169,0.14999999999999974,5.15749841375955,2088,0.43007662835249044,543,351,296
frl_apartment_5,seq_0006,18,sequential,13,12,32768,0.9365234375,0.591766357421875,0.6107924921793535,0.3110576923076923,0.14999999999999974,5.417014534466953,1634,0.3372093023255814,491,308,284
frl_apartment_5,seq_0006,18,sequential,14,13,32768,0.955322265625,0.59539794921875,0.6067914643496038,0.351775956284153,0.15000000000000063,5.664018821348058,1242,0.35426731078904994,387,233,182
frl_apartment_5,seq_0006,18,sequential,15,14,32768,0.929962158203125,0.583404541015625,0.6103107669084107,0.2261437908496732,0.14999999999999974,5.740860363620998,1536,0.2565104166666667,542,314,286
frl_apartment_5,seq_0006,18,sequential,16,15,32768,0.836883544921875,0.617767333984375,0.6114575356452613,0.6501403180542563,0.14999999999999974,5.806699089107636,2280,0.41271929824561404,751,361,227
frl_apartment_5,seq_0006,18,sequential,17,16,32768,0.89727783203125,0.65380859375,0.651282225698932,0.6758764111705288,0.14999999999999974,5.93470878935948,1660,0.405421686746988,510,306,171
frl_apartment_5,seq_0006,18,sequential,18,17,32768,0.845184326171875,0.680267333984375,0.7030510922549197,0.5558840922531046,0.14999999999999974,6.153555432094085,2113,0.4212020823473734,460,402,361
apartment_2,seq_0008,23,spread,1,0,32768,0.0,0.734161376953125,,0.734161376953125,,,9390,0.5047923322683706,2232,1021,1397
apartment_2,seq_0008,23,spread,2,22,32768,0.027740478515625,0.5340576171875,0.7315731573157316,0.5284221099218431,3.2999999999999994,61.441689872406805,9599,0.19366600687571622,1127,1302,5311
apartment_2,seq_0008,23,spread,3,11,32768,0.488037109375,0.71771240234375,0.9532266133066534,0.49320457796852646,1.6499999999999997,42.21674969169258,7769,0.32887115458875016,2033,1685,1496
apartment_2,seq_0008,23,spread,4,5,32768,0.589385986328125,0.7459716796875,0.958370009837933,0.44109996283909325,0.7500000000000003,23.84890377153827,6357,0.26663520528551204,1412,1128,2122
apartment_2,seq_0008,23,spread,5,16,32768,0.604766845703125,0.659515380859375,0.9023061008225262,0.2880086479808509,0.7500000000000003,23.371280075437745,6523,0.1733864786141346,895,1162,3335
apartment_2,seq_0008,23,spread,6,8,32768,0.670379638671875,0.706329345703125,0.9191514544544089,0.2734931950745301,0.4499999999999996,14.85952310585616,5825,0.2018884120171674,1104,1296,2249
apartment_2,seq_0008,23,spread,7,19,32768,0.740264892578125,0.66119384765625,0.8305231479572907,0.17859240982258254,0.44999999999999885,13.581390083271378,5522,0.15628395508873597,1167,1099,2393
apartment_2,seq_0008,23,spread,8,3,32768,0.711029052734375,0.732330322265625,0.8567749688827847,0.4261273629739149,0.3000000000000007,10.103934522788556,4115,0.2668286755771567,826,726,1465
apartment_2,seq_0008,23,spread,9,13,32768,0.6959228515625,0.64324951171875,0.857831959305385,0.1521477318346046,0.30000000000000066,9.720879636041479,5377,0.09856797470708574,1033,1152,2662
apartment_2,seq_0008,23,spread,10,18,32768,0.7762451171875,0.640167236328125,0.7820412014467684,0.14798145117294054,0.15000000000000077,4.773925129019981,4848,0.09096534653465346,710,791,2906
apartment_2,seq_0008,23,spread,11,4,32768,0.8082275390625,0.76080322265625,0.8699592206615315,0.3007638446849141,0.15000000000000008,5.015918849867999,4040,0.2155940594059406,1131,1064,974
apartment_2,seq_0008,23,spread,12,12,32768,0.8062744140625,0.678466796875,0.8025738077214232,0.16194076874606175,0.14999999999999997,4.656211206013311,4269,0.13000702740688685,876,1077,1761
apartment_2,seq_0008,23,spread,13,15,32768,0.81439208984375,0.655029296875,0.7728396912238626,0.13811246300559027,0.14999999999999997,4.698133635325254,3830,0.07232375979112271,488,719,2346
apartment_2,seq_0008,23,spread,14,1,32768,0.807952880859375,0.69171142578125,0.7724268177525968,0.35213729540759575,0.14999999999999988,5.161953531895401,3472,0.2255184331797235,922,893,874
apartment_2,seq_0008,23,spread,15,2,32768,0.846221923828125,0.725311279296875,0.790183562335461,0.3683270490176622,0.14999999999999988,5.098427841037852,2991,0.21230357739886327,682,609,1065
apartment_2,seq_0008,23,spread,16,6,32768,0.870391845703125,0.752166748046875,0.8276357771466638,0.24534965858252886,0.14999999999999988,4.987409453655529,2646,0.12660619803476947,671,580,1060
apartment_2,seq_0008,23,spread,17,7,32768,0.85101318359375,0.74249267578125,0.8492792082048339,0.13252765260139288,0.14999999999999988,5.031200848229865,3270,0.12996941896024464,824,1028,993
apartment_2,seq_0008,23,spread,18,9,32768,0.84381103515625,0.728057861328125,0.8218444846292947,0.22137553731926535,0.14999999999999988,4.553939458482108,3823,0.2116139157729532,961,912,1141
apartment_2,seq_0008,23,spread,19,10,32768,0.861907958984375,0.69586181640625,0.7875225719647346,0.12375690607734807,0.14999999999999988,4.873050377828755,2858,0.09657102869139259,466,569,1547
apartment_2,seq_0008,23,spread,20,14,32768,0.88885498046875,0.64483642578125,0.718052599052393,0.05930807248764415,0.14999999999999988,4.803222495706717,2686,0.0383469843633656,335,422,1826
apartment_2,seq_0008,23,spread,21,17,32768,0.808441162109375,0.61273193359375,0.741685855573591,0.06850406245021506,0.14999999999999988,4.856492424944809,3464,0.04416859122401848,279,624,2408
apartment_2,seq_0008,23,spread,22,20,32768,0.86627197265625,0.607421875,0.6927358557035158,0.05476951163852122,0.1499999999999991,4.638574118977659,3217,0.028598072738576313,308,399,2418
apartment_2,seq_0008,23,spread,23,21,32768,0.875701904296875,0.59149169921875,0.6684788290642969,0.04910385465259023,0.1499999999999991,4.572682513890911,2955,0.027411167512690356,198,422,2254
apartment_2,seq_0008,23,random,1,18,32768,0.0,0.640167236328125,,0.640167236328125,,,10150,0.2889655172413793,1823,1561,3833
apartment_2,seq_0008,23,random,2,4,32768,0.08538818359375,0.76080322265625,0.9170836311651179,0.7462128795462128,2.1,50.86033853765946,8596,0.4378780828292229,2004,1514,1314
apartment_2,seq_0008,23,random,3,20,32768,0.66650390625,0.607421875,0.8358974358974359,0.15080527086383602,0.2999999999999999,9.217128289585526,6787,0.07249152792102549,760,1265,4270
apartment_2,seq_0008,23,random,4,10,32768,0.636077880859375,0.69586181640625,0.9218442642613828,0.3008805031446541,0.9000000000000001,27.09149994591876,6719,0.22845661556779281,1282,1293,2609
apartment_2,seq_0008,23,random,5,11,32768,0.670379638671875,0.71771240234375,0.9189693631356125,0.30839737061383204,0.14999999999999988,4.715069942276465,6225,0.2959036144578313,1765,1397,1221
apartment_2,seq_0008,23,random,6,2,32768,0.689178466796875,0.725311279296875,0.8610902005933667,0.4242513500245459,0.29999999999999993,10.1173699513319,5019,0.2755528989838613,1216,855,1565
apartment_2,seq_0008,23,random,7,21,32768,0.78228759765625,0.59149169921875,0.73086525708044,0.09069245864872442,0.15000000000000066,4.572682513890958,4907,0.05685755043814958,450,775,3403
apartment_2,seq_0008,23,random,8,6,32768,0.774810791015625,0.752166748046875,0.8589940525424397,0.38460496002168315,0.30000000000000054,9.900363620419185,3986,0.18314099347717008,1032,801,1423
apartment_2,seq_0008,23,random,9,19,32768,0.7869873046875,0.66119384765625,0.7960679385760819,0.16289398280802292,0.1499999999999991,4.603935638262783,5057,0.1635356930986751,915,1036,2279
apartment_2,seq_0008,23,random,10,3,32768,0.77728271484375,0.732330322265625,0.8458971338829996,0.335982460948205,0.14999999999999988,5.091551184599039,3978,0.2461035696329814,820,788,1391
apartment_2,seq_0008,23,random,11,22,32768,0.67401123046875,0.5340576171875,0.7209091732319116,0.14772514510391313,0.1499999999999991,4.773925129019928,5861,0.09349940283228118,577,753,3983
apartment_2,seq_0008,23,random,12,8,32768,0.763916015625,0.706329345703125,0.847714924896133,0.24883660806618407,0.29999999999999977,10.03084206270178,4304,0.17820631970260223,773,955,1809
apartment_2,seq_0008,23,random,13,0,32768,0.70770263671875,0.734161376953125,0.8661060802069858,0.4147003549801629,0.29999999999999977,10.047915062071036,4474,0.35046937863209654,1440,594,872
apartment_2,seq_0008,23,random,14,12,32768,0.824554443359375,0.678466796875,0.796143454606018,0.12541311532440425,0.15000000000000066,4.6562112060133325,3874,0.10944759938048529,909,930,1611
apartment_2,seq_0008,23,random,15,16,32768,0.7877197265625,0.659515380859375,0.7650705098403843,0.26782633697527314,0.29999999999999977,9.807091534582717,3754,0.13532232285562068,369,624,2253
apartment_2,seq_0008,23,random,16,13,32768,0.765533447265625,0.64324951171875,0.790472393860873,0.16256670571391382,0.14999999999999997,4.895669760820783,4100,0.09780487804878049,757,875,2067
apartment_2,seq_0008,23,random,17,7,32768,0.818450927734375,0.74249267578125,0.8630075692605989,0.19919314170448815,0.14999999999999988,5.031200848229865,3567,0.1426969442108214,915,1132,1011
apartment_2,seq_0008,23,random,18,5,32768,0.877410888671875,0.7459716796875,0.8245974053076415,0.18322130943490167,0.14999999999999988,5.052639364564785,2762,0.10644460535843592,476,483,1509
apartment_2,seq_0008,23,random,19,17,32768,0.8563232421875,0.61273193359375,0.7072344975053457,0.04949022939677145,0.14999999999999988,4.856492424944809,3101,0.03611738148984198,200,470,2319
apartment_2,seq_0008,23,random,20,14,32768,0.8651123046875,0.64483642578125,0.7315860025398617,0.08846153846153847,0.14999999999999988,4.803222495706717,2827,0.05305978068623983,403,505,1769
apartment_2,seq_0008,23,random,21,9,32768,0.838714599609375,0.728057861328125,0.824291380125896,0.22762535477767265,0.14999999999999988,4.553939458482108,3895,0.21822849807445444,980,938,1127
apartment_2,seq_0008,23,random,22,1,32768,0.887298583984375,0.69171142578125,0.7409802235597592,0.30381803411860275,0.14999999999999988,5.161953531895401,2480,0.19193548387096773,602,689,713
apartment_2,seq_0008,23,random,23,15,32768,0.894989013671875,0.655029296875,0.7258839976813175,0.05114792211566405,0.14999999999999988,4.698133635325252,2423,0.028064382996285598,266,445,1644
apartment_2,seq_0008,23,sequential,1,0,32768,0.0,0.734161376953125,,0.734161376953125,,,9390,0.5047923322683706,2232,1021,1397
apartment_2,seq_0008,23,sequential,2,1,32768,0.64007568359375,0.69171142578125,0.8603509106512826,0.39180939460742753,0.14999999999999988,5.161953531895401,6534,0.31389654116926846,1545,1497,1441
apartment_2,seq_0008,23,sequential,3,2,32768,0.6302490234375,0.725311279296875,0.8992833623862095,0.4287718719049191,0.14999999999999988,5.098427841037852,5442,0.29456082322675486,1230,1050,1559
apartment_2,seq_0008,23,sequential,4,3,32768,0.6845703125,0.732330322265625,0.8554297432239658,0.4651702786377709,0.14999999999999988,5.091551184599039,5239,0.3565565947699943,1065,816,1490
apartment_2,seq_0008,23,sequential,5,4,32768,0.734527587890625,0.76080322265625,0.8724084922514438,0.452005977698586,0.15000000000000008,5.015918849867999,4823,0.2767986730250881,1339,1085,1064
apartment_2,seq_0008,23,sequential,6,5,32768,0.706817626953125,0.7459716796875,0.8784594792970942,0.42656396377641304,0.15000000000000066,5.05263936456481,4733,0.2222691738854849,951,809,1921
apartment_2,seq_0008,23,sequential,7,6,32768,0.76251220703125,0.752166748046875,0.8653245817657889,0.388846054998715,0.14999999999999988,4.987409453655529,4000,0.18175,1080,797,1396
apartment_2,seq_0008,23,sequential,8,7,32768,0.800445556640625,0.74249267578125,0.8874909451370621,0.16088086863434775,0.14999999999999988,5.031200848229865,4456,0.1496858168761221,1146,1304,1339
apartment_2,seq_0008,23,sequential,9,8,32768,0.732757568359375,0.706329345703125,0.8941318562325601,0.19138974534657988,0.14999999999999988,5.0541477406994435,4866,0.1621454993834772,903,1176,1998
apartment_2,seq_0008,23,sequential,10,9,32768,0.7740478515625,0.728057861328125,0.8352389213057877,0.3608860075634792,0.14999999999999988,4.553939458482108,4810,0.24241164241164243,1147,1064,1433
apartment_2,seq_0008,23,sequential,11,10,32768,0.781951904296875,0.69586181640625,0.8424852671428014,0.17004898530440868,0.14999999999999997,4.873050377828757,4440,0.1195945945945946,690,988,2231
apartment_2,seq_0008,23,sequential,12,11,32768,0.77630615234375,0.71771240234375,0.8621746992688104,0.21637107776261938,0.14999999999999988,4.715069942276465,4179,0.21488394352715962,1116,1112,1053
apartment_2,seq_0008,23,sequential,13,12,32768,0.7869873046875,0.678466796875,0.817783465177602,0.1637535816618911,0.15000000000000066,4.6562112060133325,4410,0.14603174603174604,1036,1089,1641
apartment_2,seq_0008,23,sequential,14,13,32768,0.7293701171875,0.64324951171875,0.8132217573221757,0.18516012629679748,0.14999999999999997,4.895669760820783,4819,0.12637476654907656,820,974,2416
apartment_2,seq_0008,23,sequential,15,14,32768,0.78363037109375,0.64483642578125,0.795350105148376,0.09971791255289139,0.14999999999999988,4.803222495706717,4237,0.0691527023837621,800,663,2481
apartment_2,seq_0008,23,sequential,16,15,32768,0.81170654296875,0.655029296875,0.7729528535980149,0.146677471636953,0.14999999999999988,4.698133635325252,4114,0.07997083130772971,469,779,2537
apartment_2,seq_0008,23,sequential,17,16,32768,0.6900634765625,0.659515380859375,0.8417654342826818,0.25374163056321386,0.14999999999999997,4.939726036505044,5090,0.1444007858546169,655,835,2865
apartment_2,seq_0008,23,sequential,18,17,32768,0.743804931640625,0.61273193359375,0.7907520617076272,0.0958904109589041,0.14999999999999988,4.856492424944809,4389,0.06265664160401002,516,817,2781
apartment_2,seq_0008,23,sequential,19,18,32768,0.818878173828125,0.640167236328125,0.7421085976223307,0.17927548441449032,0.14999999999999988,4.773925129019952,3900,0.08871794871794872,545,481,2528
apartment_2,seq_0008,23,sequential,20,19,32768,0.854217529296875,0.66119384765625,0.7582437211960987,0.09252669039145907,0.15000000000000077,4.603935638262834,3593,0.11104926245477317,597,808,1789
apartment_2,seq_0008,23,sequential,21,20,32768,0.852294921875,0.607421875,0.7040604411343454,0.04979338842975207,0.1499999999999991,4.638574118977659,3581,0.025970399329796147,314,459,2715
apartment_2,seq_0008,23,sequential,22,21,32768,0.86627197265625,0.59149169921875,0.6742055943070527,0.05568233683249658,0.15000000000000066,4.572682513890958,3205,0.0327613104524181,205,436,2459
apartment_2,seq_0008,23,sequential,23,22,32768,0.7548828125,0.5340576171875,0.6862063389391979,0.06548804780876494,0.1499999999999991,4.773925129019928,4596,0.04286335944299391,304,614,3481
apartment_2,seq_0002,24,spread,1,0,32768,0.0,0.736175537109375,,0.736175537109375,,,8046,0.482475764354959,1919,1335,910
apartment_2,seq_0002,24,spread,2,23,32768,0.13140869140625,0.560699462890625,0.8743613562470971,0.5132457311503057,3.4499999999999993,61.42445696457193,11324,0.23675379724478982,1698,1939,5006
apartment_2,seq_0002,24,spread,3,11,32768,0.468231201171875,0.744415283203125,0.9220491429316301,0.5880057388809182,1.6499999999999997,40.805897109693085,8071,0.3537355965803494,1871,1507,1838
apartment_2,seq_0002,24,spread,4,17,32768,0.68853759765625,0.673370361328125,0.8730608988564843,0.23192239858906524,0.8999999999999997,25.018045827841103,6928,0.1566108545034642,1291,1665,2887
apartment_2,seq_0002,24,spread,5,5,32768,0.653228759765625,0.72088623046875,0.9183835552441019,0.3488515356859984,0.7500000000000002,22.5864383741757,6025,0.2808298755186722,1910,1263,1160
apartment_2,seq_0002,24,spread,6,8,32768,0.745086669921875,0.740386962890625,0.8813843948392381,0.32826529390638093,0.4499999999999998,13.875481034225638,5082,0.23907910271546634,1211,912,1744
apartment_2,seq_0002,24,spread,7,14,32768,0.78277587890625,0.676544189453125,0.8335672514619883,0.11070525428491149,0.4499999999999998,13.806872298188248,4677,0.08723540731237973,773,988,2508
apartment_2,seq_0002,24,spread,8,20,32768,0.791778564453125,0.613189697265625,0.7421853921757564,0.12267331086032537,0.44999999999999896,13.786412674772826,5091,0.10037320762129248,724,855,3001
apartment_2,seq_0002,24,spread,9,3,32768,0.762939453125,0.7216796875,0.84432,0.3269824922760041,0.3000000000000004,9.9475538011908,4357,0.2963047968785862,1334,611,1121
apartment_2,seq_0002,24,spread,10,4,32768,0.78564453125,0.72857666015625,0.8575978868862648,0.25569476082004555,0.15000000000000013,4.625636609611958,4341,0.21492743607463718,1345,1011,1052
apartment_2,seq_0002,24,spread,11,7,32768,0.797576904296875,0.7193603515625,0.8506600344365793,0.20202020202020202,0.15000000000000013,4.755489254698225,4237,0.22468727873495398,1050,1017,1218
apartment_2,seq_0002,24,spread,12,12,32768,0.8594970703125,0.733245849609375,0.8277943473938361,0.1548653344917463,0.15000000000000013,4.541480655748362,3872,0.12448347107438017,728,776,1886
apartment_2,seq_0002,24,spread,13,15,32768,0.82257080078125,0.6993408203125,0.8183943014023892,0.14740282077743377,0.15000000000000013,4.527185427513848,4292,0.13466915191053122,959,1078,1677
apartment_2,seq_0002,24,spread,14,18,32768,0.8564453125,0.6334228515625,0.7189281641961232,0.12329931972789115,0.15000000000000013,4.707132523882668,3402,0.10023515579071135,577,512,1972
apartment_2,seq_0002,24,spread,15,19,32768,0.8863525390625,0.638214111328125,0.7082702107147776,0.09183673469387756,0.15000000000000013,4.682847859124831,2985,0.0814070351758794,400,535,1807
apartment_2,seq_0002,24,spread,16,21,32768,0.826629638671875,0.57861328125,0.6874515450215971,0.059672592853370884,0.15000000000000013,4.7558516456179305,3718,0.06428187197417967,338,660,2481
apartment_2,seq_0002,24,spread,17,1,32768,0.902313232421875,0.74078369140625,0.7967328440491088,0.22399250234301782,0.14999999999999986,5.091551184599039,2107,0.15757000474608449,616,437,722
apartment_2,seq_0002,24,spread,18,2,32768,0.80609130859375,0.7364501953125,0.8217233285378965,0.38196411709159583,0.14999999999999986,4.893413951223383,3006,0.24717232202262143,1074,522,667
apartment_2,seq_0002,24,spread,19,13,32768,0.888031005859375,0.69927978515625,0.7790989381078388,0.06623058053965658,0.1499999999999995,4.61022780562214,2714,0.054532056005895356,356,620,1590
apartment_2,seq_0002,24,spread,20,6,32768,0.892974853515625,0.7276611328125,0.7918389665424969,0.19218705446250356,0.14999999999999938,4.734696022610047,2601,0.20530565167243367,591,539,937
apartment_2,seq_0002,24,spread,21,9,32768,0.925628662109375,0.74371337890625,0.7889288187003396,0.18096019696347967,0.14999999999999938,4.510533883943582,1942,0.141091658084449,289,259,1120
apartment_2,seq_0002,24,spread,22,10,32768,0.90301513671875,0.73358154296875,0.8030415680973302,0.0868470736312146,0.14999999999999938,4.529001945863772,2078,0.09191530317613089,311,516,1060
apartment_2,seq_0002,24,spread,23,16,32768,0.9078369140625,0.669219970703125,0.7296624983192147,0.073841059602649,0.14999999999999938,4.5271854275138255,2529,0.0656385923289838,375,663,1325
apartment_2,seq_0002,24,spread,24,22,32768,0.89739990234375,0.577728271484375,0.6347684146092634,0.07882212968471149,0.14999999999999938,4.628183355301627,2794,0.08375089477451682,268,317,1975
apartment_2,seq_0002,24,random,1,18,32768,0.0,0.6334228515625,,0.6334228515625,,,11004,0.3103416939294802,1924,1748,3917
apartment_2,seq_0002,24,random,2,4,32768,0.144195556640625,0.72857666015625,0.9077248677248677,0.6983917555183111,2.0999999999999996,48.560902580953965,9213,0.4268967762943667,2455,1562,1263
apartment_2,seq_0002,24,random,3,21,32768,0.681549072265625,0.57861328125,0.7831012403170197,0.14096789650215621,0.4500000000000006,14.01409341181964,6705,0.13064876957494406,806,1301,3722
apartment_2,seq_0002,24,random,4,10,32768,0.6412353515625,0.73358154296875,0.9282314867694651,0.3856753997958489,0.9000000000000005,25.420163590106714,6629,0.2917483783376075,1379,1238,2078
apartment_2,seq_0002,24,random,5,11,32768,0.767242431640625,0.744415283203125,0.8918499661906846,0.2584240199291989,0.14999999999999938,4.487770990105595,5675,0.22995594713656387,1417,1280,1673
apartment_2,seq_0002,24,random,6,2,32768,0.6502685546875,0.7364501953125,0.908485076027783,0.4165794066317626,0.3,9.716464442620827,5312,0.3025225903614458,1869,788,1048
apartment_2,seq_0002,24,random,7,22,32768,0.79376220703125,0.577728271484375,0.692079969242599,0.13761467889908258,0.1499999999999995,4.62818335530163,5086,0.12131340935902478,650,764,3055
apartment_2,seq_0002,24,random,8,6,32768,0.742523193359375,0.7276611328125,0.8900168509309112,0.25945241199478486,0.2999999999999996,9.40559738785491,5373,0.24623115577889448,1457,1251,1342
apartment_2,seq_0002,24,random,9,23,32768,0.82855224609375,0.560699462890625,0.6566850828729281,0.09683161267354931,0.14999999999999938,4.564005183893516,4805,0.08616024973985432,470,631,3290
apartment_2,seq_0002,24,random,10,3,32768,0.795318603515625,0.7216796875,0.8343118069145466,0.2840316087669599,0.14999999999999986,5.011542126187046,3747,0.2663464104617027,1070,595,1084
apartment_2,seq_0002,24,random,11,20,32768,0.870208740234375,0.613189697265625,0.6910047343503419,0.09146484834234658,0.15000000000000013,4.675854159708106,3417,0.07609013754755634,441,596,2120
apartment_2,seq_0002,24,random,12,8,32768,0.80731201171875,0.740386962890625,0.83960837680502,0.3246753246753247,0.3000000000000004,9.351568318235444,3623,0.2210874965498206,969,562,1291
apartment_2,seq_0002,24,random,13,0,32768,0.76055908203125,0.736175537109375,0.8362892223738063,0.4181748661738465,0.3,10.632285833668123,3115,0.24077046548956663,921,828,616
apartment_2,seq_0002,24,random,14,16,32768,0.8232421875,0.669219970703125,0.7889605575326216,0.11153314917127072,0.2999999999999995,8.998537662447015,4249,0.09249235114144505,650,1072,2134
apartment_2,seq_0002,24,random,15,12,32768,0.870941162109375,0.733245849609375,0.8167069624023267,0.17001655237644833,0.15000000000000013,4.541480655748362,3486,0.12449799196787148,645,669,1738
apartment_2,seq_0002,24,random,16,19,32768,0.891632080078125,0.638214111328125,0.7056508197282404,0.0833568009011546,0.15000000000000013,4.682847859124831,2856,0.07598039215686274,382,540,1717
apartment_2,seq_0002,24,random,17,13,32768,0.861663818359375,0.69927978515625,0.7918894988489463,0.12243547319655856,0.15000000000000024,4.610227805622162,3175,0.09921259842519685,525,719,1616
apartment_2,seq_0002,24,random,18,7,32768,0.847930908203125,0.7193603515625,0.8137124347669605,0.19325707405177603,0.15000000000000013,4.755489254698225,3242,0.2230104873534855,794,777,948
apartment_2,seq_0002,24,random,19,5,32768,0.874114990234375,0.72088623046875,0.7981007576022064,0.18472727272727274,0.14999999999999938,4.755851645617907,2775,0.17513513513513512,747,692,850
apartment_2,seq_0002,24,random,20,17,32768,0.85943603515625,0.673370361328125,0.7669909807542078,0.10095527572731221,0.14999999999999938,4.447617330168741,3474,0.0768566493955095,549,934,1724
apartment_2,seq_0002,24,random,21,14,32768,0.89630126953125,0.676544189453125,0.7493360572012258,0.04738081224249559,0.1499999999999995,4.683037149147175,2473,0.03841488071168621,406,493,1479
apartment_2,seq_0002,24,random,22,9,32768,0.939178466796875,0.74371337890625,0.781608448415922,0.15855494229804315,0.14999999999999938,4.510533883943582,1620,0.12530864197530864,231,181,1005
apartment_2,seq_0002,24,random,23,1,32768,0.91839599609375,0.74078369140625,0.7884960457234,0.20381451009723262,0.14999999999999986,5.091551184599039,1787,0.1460548405148293,506,380,640
apartment_2,seq_0002,24,random,24,15,32768,0.858154296875,0.6993408203125,0.7948435277382646,0.12155765920826161,0.15000000000000013,4.527185427513848,3378,0.10953226761397276,758,940,1310
apartment_2,seq_0002,24,sequential,1,0,32768,0.0,0.736175537109375,,0.736175537109375,,,8046,0.482475764354959,1919,1335,910
apartment_2,seq_0002,24,sequential,2,1,32768,0.6136474609375,0.74078369140625,0.9273423513029639,0.44447077409162716,0.14999999999999986,5.091551184599039,5927,0.35144255103762445,1812,936,1096
apartment_2,seq_0002,24,sequential,3,2,32768,0.631622314453125,0.7364501953125,0.9351113687974103,0.3958247038356391,0.15000000000000013,4.893413951223392,5809,0.29850232398003096,2067,938,1070
apartment_2,seq_0002,24,sequential,4,3,32768,0.67767333984375,0.7216796875,0.9044852742502026,0.3373414126112479,0.14999999999999986,5.011542126187046,5510,0.32250453720508165,1690,897,1146
apartment_2,seq_0002,24,sequential,5,4,32768,0.744476318359375,0.72857666015625,0.8704652592744415,0.3151797444165771,0.15000000000000013,4.625636609611958,5346,0.26898615787504676,1459,1296,1153
apartment_2,seq_0002,24,sequential,6,5,32768,0.7911376953125,0.72088623046875,0.8413053541120198,0.2647574517825833,0.15000000000000024,4.755851645617935,4244,0.23468426013195098,1122,1039,1087
apartment_2,seq_0002,24,sequential,7,6,32768,0.79351806640625,0.7276611328125,0.8557803245904161,0.23529411764705882,0.14999999999999938,4.734696022610047,4582,0.236796158882584,1063,1064,1370
apartment_2,seq_0002,24,sequential,8,7,32768,0.776947021484375,0.7193603515625,0.857260693664323,0.23902038582569435,0.15000000000000024,4.755489254698229,4400,0.245,1120,1004,1198
apartment_2,seq_0002,24,sequential,9,8,32768,0.8089599609375,0.740386962890625,0.826052512449072,0.37763578274760384,0.15000000000000013,4.707132523882668,3856,0.25492738589211617,731,587,1555
apartment_2,seq_0002,24,sequential,10,9,32768,0.826019287109375,0.74371337890625,0.8334872723242325,0.31748815997193475,0.14999999999999938,4.510533883943582,3900,0.23923076923076922,710,550,1707
apartment_2,seq_0002,24,sequential,11,10,32768,0.825927734375,0.73358154296875,0.8451817913094887,0.20406732117812063,0.15000000000000113,4.5290019458638255,3801,0.16548276769271245,647,778,1747
apartment_2,seq_0002,24,sequential,12,11,32768,0.8348388671875,0.744415283203125,0.8471998830238339,0.22487065779748708,0.14999999999999938,4.487770990105595,4297,0.19408889923202235,906,989,1568
apartment_2,seq_0002,24,sequential,13,12,32768,0.864349365234375,0.733245849609375,0.8205345478939378,0.17705286839145107,0.15000000000000013,4.541480655748362,3713,0.1271209264745489,650,704,1887
apartment_2,seq_0002,24,sequential,14,13,32768,0.81494140625,0.69927978515625,0.8224236069502696,0.15699208443271767,0.15000000000000024,4.610227805622162,4002,0.11094452773613193,673,857,2028
apartment_2,seq_0002,24,sequential,15,14,32768,0.808441162109375,0.676544189453125,0.816428220905213,0.08618766926875897,0.1499999999999995,4.683037149147175,4093,0.06230149034937699,605,970,2263
apartment_2,seq_0002,24,sequential,16,15,32768,0.8284912109375,0.6993408203125,0.8126933844113747,0.15177935943060497,0.15000000000000013,4.527185427513848,4157,0.1332691845080587,875,1091,1637
apartment_2,seq_0002,24,sequential,17,16,32768,0.820098876953125,0.669219970703125,0.7804487775834481,0.1621713316369805,0.15000000000000024,4.52718542751385,4458,0.13346792283535217,882,994,1987
apartment_2,seq_0002,24,sequential,18,17,32768,0.83612060546875,0.673370361328125,0.777866997591065,0.14022346368715083,0.14999999999999938,4.447617330168741,4102,0.10385177961969771,661,947,2068
apartment_2,seq_0002,24,sequential,19,18,32768,0.805572509765625,0.6334228515625,0.7669432132439292,0.08020718882436038,0.15000000000000013,4.707132523882668,4164,0.07108549471661864,587,813,2468
apartment_2,seq_0002,24,sequential,20,19,32768,0.859283447265625,0.638214111328125,0.7253613666228647,0.10605074821080027,0.15000000000000036,4.682847859124837,3485,0.09124820659971306,398,678,2091
apartment_2,seq_0002,24,sequential,21,20,32768,0.873077392578125,0.613189697265625,0.6846446922297179,0.12166386150516952,0.15000000000000013,4.675854159708106,3202,0.0915053091817614,409,549,1951
apartment_2,seq_0002,24,sequential,22,21,32768,0.80517578125,0.57861328125,0.6992495451788963,0.0800438596491228,0.15000000000000013,4.7558516456179305,4017,0.08190191685337317,366,752,2570
apartment_2,seq_0002,24,sequential,23,22,32768,0.8665771484375,0.577728271484375,0.6511832652486266,0.10064043915827996,0.1499999999999995,4.62818335530163,3338,0.09946075494307968,350,425,2231
apartment_2,seq_0002,24,sequential,24,23,32768,0.870574951171875,0.560699462890625,0.6318575384723245,0.08205611883989625,0.14999999999999938,4.564005183893516,3770,0.06923076923076923,282,361,2866
apartment_2,seq_0009,25,spread,1,0,32768,0.0,0.69781494140625,,0.69781494140625,,,9935,0.45576245596376447,1226,1468,2713
apartment_2,seq_0009,25,spread,2,24,32768,0.040130615234375,0.84564208984375,0.9551330798479087,0.8410644453629225,3.5999999999999996,71.81226264448483,5646,0.5568544102019128,1804,698,0
apartment_2,seq_0009,25,spread,3,12,32768,0.33697509765625,0.782623291015625,0.9673066473464952,0.6887600110466722,1.7999999999999996,52.63688760963772,4828,0.38421706710853354,2019,808,146
apartment_2,seq_0009,25,spread,4,6,32768,0.530487060546875,0.66265869140625,0.9727895069895875,0.3122521936951576,0.9,29.045714890491375,5667,0.1842244573848597,1241,1281,2101
apartment_2,seq_0009,25,spread,5,18,32768,0.570068359375,0.77801513671875,0.9490899357601713,0.5511783077796707,0.8999999999999997,34.28601030314919,3588,0.39548494983277593,1368,801,0
apartment_2,seq_0009,25,spread,6,9,32768,0.463714599609375,0.680572509765625,0.9045080618624548,0.4869401923405224,0.4539546267580727,18.90293286774958,5463,0.1971444261394838,880,873,2633
apartment_2,seq_0009,25,spread,7,3,32768,0.6893310546875,0.70684814453125,0.9169470515317868,0.2406679764243615,0.45,14.799315380020994,4961,0.16387825035275147,848,1041,2259
apartment_2,seq_0009,25,spread,8,15,32768,0.675445556640625,0.68328857421875,0.8165635024623865,0.4059238363892807,0.45,18.071001605589746,2370,0.3856540084388186,1111,345,0
apartment_2,seq_0009,25,spread,9,21,32768,0.777587890625,0.877777099609375,0.9464285714285714,0.6377607025246982,0.44999999999999973,18.421844679997356,2427,0.554182117840956,929,153,0
apartment_2,seq_0009,25,spread,10,10,32768,0.47003173828125,0.609222412109375,0.6529022204908453,0.5704825521133249,0.19349775369780473,7.682642323167102,4342,0.22063565177337632,1204,556,1624
apartment_2,seq_0009,25,spread,11,11,32768,0.479736328125,0.484710693359375,0.6309796437659033,0.3498357578601595,0.17375509097955186,6.124779103627424,5316,0.12678705793829947,2038,2160,444
apartment_2,seq_0009,25,spread,12,8,32768,0.675048828125,0.723785400390625,0.8474683544303797,0.4668482344102179,0.16147694310662739,6.694514189618087,3445,0.10624092888243832,542,703,1834
apartment_2,seq_0009,25,spread,13,13,32768,0.707427978515625,0.634307861328125,0.7762823001596135,0.2910190883488057,0.1500000000000003,6.130414577915678,2473,0.18964820056611403,838,610,556
apartment_2,seq_0009,25,spread,14,19,32768,0.831695556640625,0.76031494140625,0.8451546618720874,0.34106980961015415,0.1500000000000003,6.279198730057495,1961,0.22692503824579296,860,521,135
apartment_2,seq_0009,25,spread,15,22,32768,0.84521484375,0.853668212890625,0.8858318890814558,0.6780362776025236,0.1500000000000003,6.603669223973613,1274,0.3987441130298273,575,191,0
apartment_2,seq_0009,25,spread,16,1,32768,0.7958984375,0.717376708984375,0.8512269938650306,0.19542464114832536,0.15000000000000016,4.958113103980599,3939,0.13023610053313023,679,956,1791
apartment_2,seq_0009,25,spread,17,4,32768,0.84539794921875,0.71142578125,0.8079200057757563,0.1837741808132649,0.15000000000000016,5.006225004261367,3348,0.12007168458781362,658,772,1516
apartment_2,seq_0009,25,spread,18,7,32768,0.84320068359375,0.69598388671875,0.7851610568222946,0.2164266251459712,0.15000000000000002,5.9225023974984685,2347,0.10097997443544951,397,417,1296
apartment_2,seq_0009,25,spread,19,16,32768,0.841094970703125,0.76458740234375,0.8203983890279744,0.4691761090839255,0.15000000000000002,6.103735494146796,1804,0.3065410199556541,516,275,460
apartment_2,seq_0009,25,spread,20,2,32768,0.85321044921875,0.708343505859375,0.8061735460333357,0.13970893970893972,0.14999999999999963,5.0046518779606375,2604,0.10791090629800307,315,495,1513
apartment_2,seq_0009,25,spread,21,5,32768,0.867645263671875,0.7083740234375,0.7872392810664416,0.19137652755360848,0.14999999999999963,5.172295308847547,3181,0.1301477522791575,361,622,1784
apartment_2,seq_0009,25,spread,22,14,32768,0.94403076171875,0.79833984375,0.8217172043705955,0.40403489640130863,0.14999999999999963,6.6344067143949355,673,0.4323922734026746,267,115,0
apartment_2,seq_0009,25,spread,23,17,32768,0.912109375,0.7530517578125,0.8022952355460385,0.2420138888888889,0.14999999999999963,6.737478374188253,1147,0.16913687881429817,419,412,122
apartment_2,seq_0009,25,spread,24,20,32768,0.933563232421875,0.833160400390625,0.8696348599261221,0.3206247129076711,0.14999999999999936,6.334169953870951,694,0.2824207492795389,364,134,0
apartment_2,seq_0009,25,spread,25,23,32768,0.93505859375,0.8642578125,0.8859007832898173,0.5526315789473685,0.14999999999999936,6.79273367282384,882,0.36281179138321995,324,210,28
apartment_2,seq_0009,25,random,1,19,32768,0.0,0.76031494140625,,0.76031494140625,,,5537,0.4798627415567997,2073,671,136
apartment_2,seq_0009,25,random,2,4,32768,0.0157470703125,0.71142578125,0.7325581395348837,0.7110876844846831,2.25,52.727009676992246,8908,0.40278401436910644,1519,1501,2300
apartment_2,seq_0009,25,random,3,10,32768,0.15185546875,0.609222412109375,0.6842845659163987,0.5957829591249281,0.9182227149887685,32.624866474959866,6535,0.31951032899770465,1951,717,1779
apartment_2,seq_0009,25,random,4,11,32768,0.34442138671875,0.484710693359375,0.7880559985823143,0.3253421469136952,0.17719374370086607,6.2450413207706506,6619,0.184166792566853,2400,2448,552
apartment_2,seq_0009,25,random,5,24,32768,0.32568359375,0.84564208984375,0.8655359820089955,0.8360336712527154,0.7499999999999993,32.37906177703913,3537,0.4919423240033927,1187,610,0
apartment_2,seq_0009,25,random,6,2,32768,0.644561767578125,0.708343505859375,0.9044079352303395,0.3527947110843994,0.3000000000000003,9.9340813134567,5481,0.25907681080094874,826,985,2250
apartment_2,seq_0009,25,random,7,23,32768,0.72283935546875,0.8642578125,0.9268344169551634,0.7010570358951773,0.14999999999999936,6.79273367282384,2395,0.39916492693110645,969,415,55
apartment_2,seq_0009,25,random,8,6,32768,0.68389892578125,0.66265869140625,0.8641677822400714,0.22668468816373818,0.2999999999999998,10.487728260379889,3891,0.11308147005911078,843,924,1684
apartment_2,seq_0009,25,random,9,16,32768,0.706817626953125,0.76458740234375,0.8424938474159147,0.5767669407723535,0.4500000000000003,17.78651815273376,2743,0.41779074006562156,829,281,487
apartment_2,seq_0009,25,random,10,22,32768,0.926788330078125,0.853668212890625,0.8876485890216997,0.42350979574822845,0.1500000000000003,6.603669223973613,1041,0.3390970220941403,520,168,0
apartment_2,seq_0009,25,random,11,3,32768,0.816131591796875,0.70684814453125,0.8308342369965972,0.15651452282157677,0.15000000000000016,5.032837655363623,3405,0.10425844346549193,358,632,2060
apartment_2,seq_0009,25,random,12,21,32768,0.86358642578125,0.877777099609375,0.920135698635946,0.6096196868008948,0.1500000000000003,6.335397868107013,1550,0.5335483870967742,637,86,0
apartment_2,seq_0009,25,random,13,8,32768,0.632965087890625,0.723785400390625,0.8439323079890073,0.5165876777251185,0.3000000000000003,12.301731997258285,3821,0.1439413766029835,561,788,1922
apartment_2,seq_0009,25,random,14,0,32768,0.632476806640625,0.69781494140625,0.8895054282267792,0.367931578510338,0.2999999999999998,9.786981277415062,5158,0.23303606048856146,710,1097,2149
apartment_2,seq_0009,25,random,15,20,32768,0.866851806640625,0.833160400390625,0.905720823798627,0.3607609443043777,0.14999999999999936,6.334169953870951,1469,0.31722260040844114,703,300,0
apartment_2,seq_0009,25,random,16,12,32768,0.69512939453125,0.782623291015625,0.8991131793836158,0.517017017017017,0.17375509097955186,7.205415024635762,3130,0.2610223642172524,1462,722,129
apartment_2,seq_0009,25,random,17,18,32768,0.81243896484375,0.77801513671875,0.8720231387574187,0.3708102831109665,0.1500000000000003,6.482864797494984,1810,0.2839779005524862,750,546,0
apartment_2,seq_0009,25,random,18,13,32768,0.733184814453125,0.634307861328125,0.7610405827263268,0.2860574173624614,0.1500000000000003,6.130414577915678,2088,0.1585249042145594,662,560,535
apartment_2,seq_0009,25,random,19,7,32768,0.826324462890625,0.69598388671875,0.7916312737747904,0.24090669478123353,0.15000000000000002,5.9225023974984685,2486,0.10458567980691874,413,437,1376
apartment_2,seq_0009,25,random,20,5,32768,0.82806396484375,0.7083740234375,0.78742537038402,0.3276535321263756,0.14999999999999963,5.172295308847547,3473,0.14713504175064784,402,669,1891
apartment_2,seq_0009,25,random,21,17,32768,0.894805908203125,0.7530517578125,0.8067937655605197,0.2959094865100087,0.14999999999999963,6.737478374188253,1269,0.19700551615445233,453,441,125
apartment_2,seq_0009,25,random,22,14,32768,0.93560791015625,0.79833984375,0.8273533824776568,0.3767772511848341,0.15000000000000002,6.634406714394952,713,0.3899018232819074,332,103,0
apartment_2,seq_0009,25,random,23,9,32768,0.811187744140625,0.680572509765625,0.7830781385199955,0.24018102472927105,0.16147694310662739,6.944852352122341,3509,0.09546879452835566,399,536,2239
apartment_2,seq_0009,25,random,24,1,32768,0.84716796875,0.717376708984375,0.8115994236311239,0.19508785942492013,0.14999999999999963,4.9581131039805815,3011,0.13782796413151777,522,785,1289
apartment_2,seq_0009,25,random,25,15,32768,0.9140625,0.68328857421875,0.7261618589743589,0.22727272727272727,0.14999999999999963,6.207285867454498,736,0.2866847826086957,351,174,0
apartment_2,seq_0009,25,sequential,1,0,32768,0.0,0.69781494140625,,0.69781494140625,,,9935,0.45576245596376447,1226,1468,2713
apartment_2,seq_0009,25,sequential,2,1,32768,0.63055419921875,0.717376708984375,0.9108508372858387,0.38716339005451844,0.15000000000000016,4.958113103980599,6140,0.24136807817589576,1108,1301,2249
apartment_2,seq_0009,25,sequential,3,2,32768,0.652587890625,0.708343505859375,0.9315843621399177,0.28900210822206607,0.14999999999999963,5.0046518779606375,5448,0.2290748898678414,935,1001,2264
apartment_2,seq_0009,25,sequential,4,3,32768,0.6881103515625,0.70684814453125,0.9270888770622672,0.22093933463796478,0.15000000000000016,5.032837655363623,4751,0.18753946537571037,807,922,2131
apartment_2,seq_0009,25,sequential,5,4,32768,0.726043701171875,0.71142578125,0.8580555672313059,0.32282499721510527,0.15000000000000016,5.006225004261367,4159,0.18249579225775428,1003,971,1426
apartment_2,seq_0009,25,sequential,6,5,32768,0.617462158203125,0.7083740234375,0.7894528740176938,0.5775029916234543,0.15000000000000016,5.172295308847565,4868,0.2713640098603122,767,835,1945
apartment_2,seq_0009,25,sequential,7,6,32768,0.70513916015625,0.66265869140625,0.8473123863931447,0.2210722417718899,0.14999999999999963,5.288159047256648,3483,0.11082400229687052,885,839,1373
apartment_2,seq_0009,25,sequential,8,7,32768,0.592071533203125,0.69598388671875,0.8557806298644399,0.4640532655046009,0.1500000000000003,5.922502397498479,4086,0.21414586392559962,867,731,1613
apartment_2,seq_0009,25,sequential,9,8,32768,0.769622802734375,0.723785400390625,0.8511439787461834,0.2983176579679428,0.15000000000000002,6.222576357302583,3105,0.11948470209339775,532,541,1661
apartment_2,seq_0009,25,sequential,10,9,32768,0.646697998046875,0.680572509765625,0.8347883535463169,0.3982897123607152,0.16147694310662739,6.944852352122341,4143,0.1274438812454743,669,631,2315
apartment_2,seq_0009,25,sequential,11,10,32768,0.410064697265625,0.609222412109375,0.6917466696435216,0.5518597072060422,0.19349775369780473,7.682642323167102,4646,0.26904864399483425,1404,514,1478
apartment_2,seq_0009,25,sequential,12,11,32768,0.492279052734375,0.484710693359375,0.6568718616328808,0.3177856584720803,0.17719374370086607,6.2450413207706506,5324,0.15589782118707737,2036,2070,388
apartment_2,seq_0009,25,sequential,13,12,32768,0.517608642578125,0.782623291015625,0.8846176522610695,0.6731827671284873,0.17375509097955186,7.205415024635762,3617,0.3403372961017418,1572,702,112
apartment_2,seq_0009,25,sequential,14,13,32768,0.638427734375,0.634307861328125,0.7945506692160612,0.3513673193787981,0.1500000000000003,6.130414577915678,2953,0.2705722993565865,875,730,549
apartment_2,seq_0009,25,sequential,15,14,32768,0.8392333984375,0.79833984375,0.8616363636363636,0.4679195140470767,0.15000000000000002,6.634406714394952,1790,0.48268156424581005,744,182,0
apartment_2,seq_0009,25,sequential,16,15,32768,0.731842041015625,0.68328857421875,0.7768233184604478,0.42801866393535903,0.14999999999999963,6.207285867454498,1921,0.3846954711087975,834,348,0
apartment_2,seq_0009,25,sequential,17,16,32768,0.728729248046875,0.76458740234375,0.8511662967460949,0.5320058499268759,0.15000000000000002,6.103735494146796,3002,0.3810792804796802,1015,385,458
apartment_2,seq_0009,25,sequential,18,17,32768,0.769927978515625,0.7530517578125,0.8443457925403306,0.44753946146703805,0.1500000000000003,6.737478374188283,2305,0.26377440347071585,877,660,160
apartment_2,seq_0009,25,sequential,19,18,32768,0.8621826171875,0.77801513671875,0.8384185190428997,0.40013286093888395,0.14999999999999963,6.482864797494956,1700,0.29823529411764704,694,499,0
apartment_2,seq_0009,25,sequential,20,19,32768,0.88397216796875,0.76031494140625,0.8112960022094869,0.37190952130457655,0.1500000000000003,6.279198730057495,1360,0.22058823529411764,710,263,87
apartment_2,seq_0009,25,sequential,21,20,32768,0.864410400390625,0.833160400390625,0.8690556045895852,0.6043214044564483,0.15000000000000002,6.33416995387098,1067,0.3795688847235239,499,163,0
apartment_2,seq_0009,25,sequential,22,21,32768,0.850494384765625,0.877777099609375,0.9098998887652948,0.6950398040416411,0.14999999999999936,6.335397868106974,1522,0.5709592641261498,556,97,0
apartment_2,seq_0009,25,sequential,23,22,32768,0.918609619140625,0.853668212890625,0.887046941962061,0.4769403824521935,0.1500000000000003,6.603669223973613,924,0.30952380952380953,430,208,0
apartment_2,seq_0009,25,sequential,24,23,32768,0.92236328125,0.8642578125,0.8892932768660667,0.5668238993710691,0.1500000000000003,6.792733672823883,1026,0.3830409356725146,378,227,28
apartment_2,seq_0009,25,sequential,25,24,32768,0.909332275390625,0.84564208984375,0.8876061348457899,0.4247728037697745,0.14999999999999936,7.227743938976544,1040,0.27884615384615385,448,302,0
apartment_2,seq_0007,30,spread,1,0,32768,0.0,0.7562255859375,,0.7562255859375,,,10043,0.47346410435128944,1831,1338,2119
apartment_2,seq_0007,30,spread,2,29,32768,0.0,0.855377197265625,,0.855377197265625,4.35,70.99224882726836,5412,0.7446415373244641,1260,122,0
apartment_2,seq_0007,30,spread,3,14,32768,0.392730712890625,0.72869873046875,0.8947082135364053,0.6213377556661138,2.1,49.35215065026093,7613,0.37002495730986473,1898,1180,1718
apartment_2,seq_0007,30,spread,4,7,32768,0.7008056640625,0.726287841796875,0.9029350287406375,0.31252549979600164,1.05,29.293451907659755,5561,0.24060420787628126,1475,1114,1634
apartment_2,seq_0007,30,spread,5,21,32768,0.545013427734375,0.609161376953125,0.8345932023069601,0.33912401904889666,1.05,33.23341861541895,5899,0.20969655873876927,1602,1371,1689
apartment_2,seq_0007,30,spread,6,25,32768,0.538299560546875,0.7327880859375,0.8920006803106753,0.5471610813669112,0.5999999999999993,31.46226038108879,3785,0.42800528401585203,1567,579,19
apartment_2,seq_0007,30,spread,7,11,32768,0.807586669921875,0.71875,0.8441597702452481,0.19238699444885013,0.4500000000000001,13.170876706396966,4028,0.1499503475670308,1077,938,1409
apartment_2,seq_0007,30,spread,8,18,32768,0.73016357421875,0.704986572265625,0.8262977514001505,0.376724722913368,0.45000000000000007,14.984533633174443,4749,0.26300273741840385,773,964,1763
apartment_2,seq_0007,30,spread,9,3,32768,0.751678466796875,0.713897705078125,0.8681336527140595,0.24701978616197615,0.4499999999999997,13.134687735135946,5142,0.2090626215480358,1701,868,1498
apartment_2,seq_0007,30,spread,10,5,32768,0.80902099609375,0.745330810546875,0.8474160694077707,0.3128795142217961,0.29999999999999977,9.215615971311001,4415,0.24280860702151755,1034,839,1470
apartment_2,seq_0007,30,spread,11,9,32768,0.839691162109375,0.728851318359375,0.817554061421043,0.26422996383019226,0.29999999999999977,8.951870019724252,3357,0.19243372058385463,864,716,1131
apartment_2,seq_0007,30,spread,12,16,32768,0.8582763671875,0.711395263671875,0.8067486843976674,0.1339362618432386,0.29999999999999977,9.772193408410045,3124,0.10275288092189501,669,967,1167
apartment_2,seq_0007,30,spread,13,23,32768,0.559661865234375,0.602203369140625,0.8622607557663995,0.2716750987594428,0.29999999999999966,11.895562325152996,5039,0.3482833895614209,1239,863,1182
apartment_2,seq_0007,30,spread,14,27,32768,0.7916259765625,0.865264892578125,0.9092135697764071,0.6983011130638547,0.29999999999999966,13.654324554217157,2512,0.6269904458598726,935,2,0
apartment_2,seq_0007,30,spread,15,19,32768,0.8048095703125,0.662750244140625,0.7799180949491885,0.1796435272045028,0.1500000000000003,5.105391097168405,3054,0.13457760314341846,677,766,1200
apartment_2,seq_0007,30,spread,16,13,32768,0.92279052734375,0.750335693359375,0.7915867451551029,0.2573122529644269,0.14999999999999994,4.707132523882661,1896,0.169831223628692,366,354,854
apartment_2,seq_0007,30,spread,17,1,32768,0.865020751953125,0.7430419921875,0.8265655318398306,0.2077775265656794,0.14999999999999988,4.840377582068014,3161,0.1670357481809554,713,550,1370
apartment_2,seq_0007,30,spread,18,2,32768,0.887847900390625,0.729095458984375,0.7999175059292614,0.16843537414965987,0.14999999999999988,4.714922494077893,2542,0.12785208497246262,464,555,1198
apartment_2,seq_0007,30,spread,19,12,32768,0.935333251953125,0.7147216796875,0.7615256615223988,0.037753657385559226,0.14999999999999988,4.570734235600938,1769,0.03335217637083098,283,401,1026
apartment_2,seq_0007,30,spread,20,17,32768,0.90435791015625,0.740447998046875,0.7864952419518121,0.3050414805360562,0.14999999999999988,5.011542126187047,2103,0.1887779362815026,394,389,923
apartment_2,seq_0007,30,spread,21,20,32768,0.863922119140625,0.66229248046875,0.7490550708255325,0.11145996860282574,0.14999999999999988,5.574745222690517,2384,0.07718120805369127,348,674,1178
apartment_2,seq_0007,30,spread,22,24,32768,0.861602783203125,0.6571044921875,0.724152587397726,0.23969128996692393,0.14999999999999988,5.663724732118629,3070,0.2201954397394137,801,711,882
apartment_2,seq_0007,30,spread,23,4,32768,0.911224365234375,0.749298095703125,0.7890418299340233,0.34135441732554145,0.14999999999999983,4.770903149141993,2066,0.1999031945788964,249,368,1036
apartment_2,seq_0007,30,spread,24,6,32768,0.94500732421875,0.73321533203125,0.7742039656397339,0.02885682574916759,0.14999999999999983,4.598151807844882,1428,0.024509803921568627,259,311,823
apartment_2,seq_0007,30,spread,25,8,32768,0.89898681640625,0.694793701171875,0.765496639283047,0.06555891238670696,0.14999999999999983,4.710127643956567,1874,0.07417289220917823,358,512,865
apartment_2,seq_0007,30,spread,26,10,32768,0.95733642578125,0.7276611328125,0.7578259483583041,0.05078683834048641,0.14999999999999983,4.5140001547244815,1201,0.041631973355537054,172,284,695
apartment_2,seq_0007,30,spread,27,15,32768,0.8804931640625,0.73028564453125,0.8088520726466103,0.1514300306435138,0.1499999999999998,4.560186674669214,2517,0.11044894715931665,776,509,954
apartment_2,seq_0007,30,spread,28,22,32768,0.86212158203125,0.705230712890625,0.7936283185840708,0.1525011066843736,0.1499999999999998,5.347252226804571,2834,0.13514467184191956,855,732,864
apartment_2,seq_0007,30,spread,29,26,32768,0.941741943359375,0.845184326171875,0.8632165656696588,0.5536930330015715,0.1499999999999998,7.307839708009069,996,0.49899598393574296,486,13,0
apartment_2,seq_0007,30,spread,30,28,32768,0.89605712890625,0.834930419921875,0.8592057761732852,0.6256605989430417,0.1499999999999993,5.822929574150478,1523,0.551543007222587,481,202,0
apartment_2,seq_0007,30,random,1,2,32768,0.0,0.729095458984375,,0.729095458984375,,,10218,0.4525347426110785,2074,1417,2103
apartment_2,seq_0007,30,random,2,11,32768,0.5338134765625,0.71875,0.9251086210839241,0.4824561403508772,1.35,35.070200617824206,7449,0.32111692844677137,1868,1363,1826
apartment_2,seq_0007,30,random,3,26,32768,0.119140625,0.845184326171875,0.9764344262295082,0.8274320953436807,2.25,62.53231740089367,5641,0.7014713703244105,1662,22,0
apartment_2,seq_0007,30,random,4,21,32768,0.524871826171875,0.609161376953125,0.8481888481888482,0.3451088701907637,0.7500000000000001,25.08009792857266,6157,0.2199122949488387,1676,1408,1719
apartment_2,seq_0007,30,random,5,10,32768,0.73858642578125,0.7276611328125,0.8784397983637716,0.3016577165538174,0.14999999999999983,4.5140001547244815,5277,0.2429410649990525,1398,962,1635
apartment_2,seq_0007,30,random,6,4,32768,0.74273681640625,0.749298095703125,0.8557810830799573,0.44187425860023727,0.3000000000000006,9.476550302571367,5251,0.301656827270996,1048,952,1667
apartment_2,seq_0007,30,random,7,28,32768,0.60760498046875,0.834930419921875,0.9111501757910597,0.7169077617047752,0.3000000000000003,11.528000292436305,3649,0.6494930117840504,1039,240,0
apartment_2,seq_0007,30,random,8,16,32768,0.805023193359375,0.711395263671875,0.8209939724781076,0.2588824542181875,0.7499999999999999,23.295531898244796,4071,0.19454679439941047,907,1014,1358
apartment_2,seq_0007,30,random,9,23,32768,0.5826416015625,0.602203369140625,0.8619316991410014,0.2396168470312957,0.29999999999999966,11.895562325152996,5269,0.3232112355285633,1326,980,1260
apartment_2,seq_0007,30,random,10,6,32768,0.85418701171875,0.73321533203125,0.8239013933547695,0.2019673503557974,0.29999999999999966,9.137826075006283,3192,0.1362781954887218,702,614,1441
apartment_2,seq_0007,30,random,11,18,32768,0.752044677734375,0.704986572265625,0.8181227934910522,0.3618461538461539,0.29999999999999977,10.117369951331893,4370,0.2574370709382151,702,849,1694
apartment_2,seq_0007,30,random,12,25,32768,0.7755126953125,0.7327880859375,0.8348811585077915,0.3800978792822186,0.1499999999999998,8.697328245218582,2643,0.32879303821415057,1237,518,19
apartment_2,seq_0007,30,random,13,3,32768,0.775787353515625,0.713897705078125,0.8576767239683726,0.21641486320947326,0.14999999999999988,4.4476173301687565,4673,0.1816820029959341,1555,835,1434
apartment_2,seq_0007,30,random,14,29,32768,0.830047607421875,0.855377197265625,0.9034523328063532,0.6205782007541749,0.1499999999999993,5.716334502211112,1801,0.5524708495280399,686,120,0
apartment_2,seq_0007,30,random,15,8,32768,0.86383056640625,0.694793701171875,0.7866530064297322,0.11205737337516809,0.29999999999999977,9.357439861452816,2673,0.1122334455667789,542,619,1212
apartment_2,seq_0007,30,random,16,0,32768,0.858673095703125,0.7562255859375,0.8306855741550272,0.30382206866767436,0.29999999999999977,9.676603825643957,2938,0.21102791014295438,591,535,1192
apartment_2,seq_0007,30,random,17,19,32768,0.817626953125,0.662750244140625,0.772991937891908,0.16850736278447123,0.1500000000000003,5.105391097168405,3006,0.11477045908183632,686,733,1242
apartment_2,seq_0007,30,random,18,12,32768,0.928955078125,0.7147216796875,0.7648160315374507,0.05970790378006873,0.14999999999999988,4.570734235600938,1879,0.04683342203299627,351,464,976
apartment_2,seq_0007,30,random,19,20,32768,0.85162353515625,0.66229248046875,0.7478320074535942,0.17132867132867133,0.14999999999999988,5.574745222690517,2504,0.09904153354632587,368,673,1215
apartment_2,seq_0007,30,random,20,13,32768,0.934722900390625,0.750335693359375,0.7883052009533449,0.20663861617578308,0.1500000000000003,4.707132523882672,1762,0.14301929625425652,271,390,849
apartment_2,seq_0007,30,random,21,7,32768,0.93634033203125,0.726287841796875,0.7720161658301284,0.053691275167785234,0.14999999999999983,4.582245848125554,1563,0.04286628278950736,257,384,855
apartment_2,seq_0007,30,random,22,5,32768,0.89300537109375,0.745330810546875,0.8114619643223293,0.19338277239018825,0.14999999999999983,4.637803126562575,2705,0.1578558225508318,601,647,1030
apartment_2,seq_0007,30,random,23,17,32768,0.901641845703125,0.740447998046875,0.7897106109324759,0.288861309339125,0.14999999999999988,5.011542126187047,2233,0.20913569189431258,512,453,801
apartment_2,seq_0007,30,random,24,14,32768,0.941375732421875,0.72869873046875,0.7631860472655364,0.17490890161374284,0.14999999999999994,4.755851645617925,1586,0.12421185372005045,318,278,793
apartment_2,seq_0007,30,random,25,22,32768,0.8458251953125,0.705230712890625,0.8004762592004618,0.18269992082343625,0.1499999999999998,5.347252226804571,3070,0.13583061889250814,977,766,910
apartment_2,seq_0007,30,random,26,9,32768,0.955413818359375,0.728851318359375,0.7579774491327818,0.10472279260780287,0.14999999999999988,4.503417758697839,1233,0.08353609083536091,217,317,596
apartment_2,seq_0007,30,random,27,27,32768,0.920684814453125,0.865264892578125,0.8723855613377971,0.782608695652174,0.14999999999999988,6.9254867718719835,1070,0.7074766355140187,312,1,0
apartment_2,seq_0007,30,random,28,24,32768,0.8861083984375,0.6571044921875,0.7210015153602425,0.159967845659164,0.14999999999999988,5.663724732118629,2553,0.14884449667058364,664,678,831
apartment_2,seq_0007,30,random,29,1,32768,0.91180419921875,0.7430419921875,0.795702523595957,0.1986159169550173,0.14999999999999988,4.840377582068014,2373,0.1685630004214075,480,455,1038
apartment_2,seq_0007,30,random,30,15,32768,0.894500732421875,0.73028564453125,0.8021561870969943,0.12091408735898178,0.1499999999999998,4.560186674669214,2288,0.08872377622377622,631,500,954
apartment_2,seq_0007,30,sequential,1,0,32768,0.0,0.7562255859375,,0.7562255859375,,,10043,0.47346410435128944,1831,1338,2119
apartment_2,seq_0007,30,sequential,2,1,32768,0.706451416015625,0.7430419921875,0.892911140870016,0.38236822954569083,0.14999999999999988,4.840377582068014,5577,0.25210686749148287,1447,944,1780
apartment_2,seq_0007,30,sequential,3,2,32768,0.794158935546875,0.729095458984375,0.8496714444914114,0.26389918458117123,0.14999999999999988,4.714922494077893,4527,0.21294455489286504,1014,900,1649
apartment_2,seq_0007,30,sequential,4,3,32768,0.733642578125,0.713897705078125,0.857071547420965,0.31954628780934924,0.14999999999999988,4.4476173301687565,5428,0.2485261606484893,1610,711,1758
apartment_2,seq_0007,30,sequential,5,4,32768,0.702301025390625,0.749298095703125,0.8461739017077304,0.5207585853408508,0.1500000000000007,4.77090314914202,5449,0.34263167553679574,1233,942,1407
apartment_2,seq_0007,30,sequential,6,5,32768,0.80401611328125,0.745330810546875,0.8609656114780232,0.2709436312675179,0.14999999999999983,4.637803126562575,4140,0.20797101449275363,1075,839,1365
apartment_2,seq_0007,30,sequential,7,6,32768,0.8509521484375,0.73321533203125,0.8281451728589873,0.19123669123669124,0.14999999999999983,4.598151807844882,3359,0.15808276272700209,849,701,1278
apartment_2,seq_0007,30,sequential,8,7,32768,0.889801025390625,0.726287841796875,0.7937716500325822,0.18139019662143452,0.14999999999999994,4.582245848125558,2629,0.14606314187904146,469,601,1175
apartment_2,seq_0007,30,sequential,9,8,32768,0.770904541015625,0.694793701171875,0.8177031788131903,0.28120420940455576,0.14999999999999983,4.710127643956567,4044,0.25272007912957467,896,808,1318
apartment_2,seq_0007,30,sequential,10,9,32768,0.8787841796875,0.728851318359375,0.7995554938185859,0.2162638469284995,0.14999999999999988,4.503417758697839,2767,0.15251174557282254,620,575,1150
apartment_2,seq_0007,30,sequential,11,10,32768,0.919342041015625,0.7276611328125,0.7742406639004149,0.19674612183125237,0.1500000000000003,4.514000154724496,2068,0.12959381044487428,331,380,1089
apartment_2,seq_0007,30,sequential,12,11,32768,0.824951171875,0.71875,0.8211749038176975,0.23605299860529985,0.14999999999999983,4.460262308090518,3609,0.17262399556663896,985,866,1135
apartment_2,seq_0007,30,sequential,13,12,32768,0.909576416015625,0.7147216796875,0.7742660627411508,0.11576105298683767,0.14999999999999988,4.570734235600938,2274,0.08267370272647317,493,628,965
apartment_2,seq_0007,30,sequential,14,13,32768,0.929412841796875,0.750335693359375,0.7866031850270891,0.27280587980977083,0.1500000000000003,4.707132523882672,1767,0.17770232031692135,266,355,832
apartment_2,seq_0007,30,sequential,15,14,32768,0.880340576171875,0.72869873046875,0.7789371511768988,0.35909206834991075,0.14999999999999994,4.755851645617925,2661,0.27395715896279593,677,381,874
apartment_2,seq_0007,30,sequential,16,15,32768,0.75830078125,0.73028564453125,0.8523422408242112,0.34734848484848485,0.1499999999999998,4.560186674669214,4501,0.24950011108642525,1353,783,1242
apartment_2,seq_0007,30,sequential,17,16,32768,0.90374755859375,0.711395263671875,0.77659215236037,0.09923906150919468,0.1500000000000003,4.921890239443947,2147,0.08011178388448999,460,646,869
apartment_2,seq_0007,30,sequential,18,17,32768,0.833343505859375,0.740447998046875,0.7756619181894753,0.5643655008240249,0.14999999999999988,5.011542126187047,2448,0.28227124183006536,490,423,844
apartment_2,seq_0007,30,sequential,19,18,32768,0.7596435546875,0.704986572265625,0.8189779848947453,0.3447181310309802,0.14999999999999988,5.098427841037852,3865,0.2701164294954722,697,767,1357
apartment_2,seq_0007,30,sequential,20,19,32768,0.7882080078125,0.662750244140625,0.7828325847916989,0.21585014409221903,0.1500000000000003,5.105391097168405,2988,0.15227576974564927,655,791,1087
apartment_2,seq_0007,30,sequential,21,20,32768,0.806854248046875,0.66229248046875,0.7777903854154847,0.17980723653025754,0.14999999999999988,5.574745222690517,2863,0.1309814879497031,489,816,1183
apartment_2,seq_0007,30,sequential,22,21,32768,0.822021484375,0.609161376953125,0.7024057024057024,0.17849794238683128,0.14999999999999988,5.347427223984362,3543,0.12701100762066045,833,895,1365
apartment_2,seq_0007,30,sequential,23,22,32768,0.829681396484375,0.705230712890625,0.7956744032074153,0.26464791256047304,0.1499999999999998,5.347252226804571,3150,0.16158730158730158,931,779,931
apartment_2,seq_0007,30,sequential,24,23,32768,0.5224609375,0.602203369140625,0.7787967289719626,0.40899795501022496,0.14999999999999988,6.012571662474367,5737,0.43890535122886526,1348,807,1064
apartment_2,seq_0007,30,sequential,25,24,32768,0.7823486328125,0.6571044921875,0.7072866281791231,0.47672462142456534,0.14999999999999988,5.663724732118629,4207,0.3933919657713335,1067,664,821
apartment_2,seq_0007,30,sequential,26,25,32768,0.839111328125,0.7327880859375,0.7938609252254873,0.4142640364188164,0.15000000000000077,8.697328245218639,2747,0.39206406989443027,1143,508,19
apartment_2,seq_0007,30,sequential,27,26,32768,0.87237548828125,0.845184326171875,0.8831246064507101,0.585844093735055,0.1499999999999998,7.307839708009069,2157,0.5521557719054242,949,17,0
apartment_2,seq_0007,30,sequential,28,27,32768,0.904632568359375,0.865264892578125,0.8752825287588976,0.77024,0.14999999999999988,6.9254867718719835,1371,0.7228300510576222,379,1,0
apartment_2,seq_0007,30,sequential,29,28,32768,0.867767333984375,0.834930419921875,0.8581325830842271,0.6826678975305793,0.15000000000000038,5.82292957415052,1862,0.6041890440386681,533,204,0
apartment_2,seq_0007,30,sequential,30,29,32768,0.900634765625,0.855377197265625,0.8972960151802657,0.47542997542997545,0.1499999999999993,5.716334502211112,1169,0.4576561163387511,516,118,0
apartment_2,seq_0003,31,spread,1,0,32768,0.0,0.714996337890625,,0.714996337890625,,,10874,0.4537428729078536,2060,1610,2270
apartment_2,seq_0003,31,spread,2,30,32768,0.031036376953125,0.51715087890625,0.6420845624385447,0.5131491921514283,4.500000000000001,73.44001827649568,7565,0.12954395241242564,767,1071,4747
apartment_2,seq_0003,31,spread,3,15,32768,0.2073974609375,0.65069580078125,0.8565332548557976,0.5968350531341444,2.2500000000000004,51.27867940029694,8112,0.2744082840236686,1279,1398,3209
apartment_2,seq_0003,31,spread,4,23,32768,0.546905517578125,0.6585693359375,0.8918029127838848,0.3770458678520913,1.0500000000000014,32.13671090493148,5282,0.1321469140477092,687,913,2984
apartment_2,seq_0003,31,spread,5,7,32768,0.65594482421875,0.683746337890625,0.9036940541546478,0.26441369522795816,1.0500000000000005,28.6733082777581,6511,0.20365535248041775,1315,1369,2501
apartment_2,seq_0003,31,spread,6,11,32768,0.716949462890625,0.66253662109375,0.8656621121185034,0.1480323450134771,0.5999999999999992,18.439699739769768,5181,0.08955800038602586,747,1050,2920
apartment_2,seq_0003,31,spread,7,19,32768,0.653289794921875,0.6982421875,0.8935394964264026,0.3302526186075169,0.5999999999999991,19.329167893051192,5042,0.1568821896072987,710,638,2903
apartment_2,seq_0003,31,spread,8,27,32768,0.645538330078125,0.543792724609375,0.7345530184843757,0.19638398622470943,0.4500000000000013,19.487619582591556,3940,0.04365482233502538,401,464,2903
apartment_2,seq_0003,31,spread,9,4,32768,0.738006591796875,0.7236328125,0.8707356407393624,0.3092603377984857,0.4500000000000004,13.06051727582025,5352,0.24514200298953662,1358,937,1745
apartment_2,seq_0003,31,spread,10,2,32768,0.792327880859375,0.71343994140625,0.8329160728729346,0.25760470242468775,0.30000000000000004,8.941807682288736,4663,0.18871970834226892,1134,805,1844
apartment_2,seq_0003,31,spread,11,13,32768,0.8248291015625,0.6744384765625,0.7882936214296286,0.13832752613240418,0.3,9.393114303582923,3999,0.07776944236059015,502,812,2374
apartment_2,seq_0003,31,spread,12,25,32768,0.69158935546875,0.60137939453125,0.7829847321507369,0.19414209380566,0.3,11.582145321762699,3445,0.04731494920174165,431,538,2313
apartment_2,seq_0003,31,spread,13,9,32768,0.757293701171875,0.67401123046875,0.8309893209752166,0.18420721740223814,0.2999999999999992,9.33977828316947,4351,0.12663755458515283,940,908,1952
apartment_2,seq_0003,31,spread,14,17,32768,0.793426513671875,0.616668701171875,0.7491057348359552,0.10799231791992908,0.29999999999999916,9.842450112306878,3563,0.046870614650575355,467,600,2329
apartment_2,seq_0003,31,spread,15,21,32768,0.708251953125,0.606781005859375,0.7665891072044123,0.2188284518828452,0.29999999999999916,10.638059438084518,3582,0.08403126744835288,593,531,2157
apartment_2,seq_0003,31,spread,16,29,32768,0.8646240234375,0.52777099609375,0.6057814485387548,0.029531109107303877,0.15000000000000133,6.514281467296201,2695,0.0163265306122449,134,324,2193
apartment_2,seq_0003,31,spread,17,6,32768,0.807403564453125,0.6824951171875,0.8001663075934535,0.18919347171605133,0.15000000000000044,4.601234511163193,3719,0.14116698037106748,720,869,1605
apartment_2,seq_0003,31,spread,18,14,32768,0.880401611328125,0.661834716796875,0.7464730146625533,0.03878540443990814,0.1500000000000004,4.674220700000926,2620,0.027099236641221373,225,513,1811
apartment_2,seq_0003,31,spread,19,24,32768,0.786590576171875,0.63861083984375,0.7954607177497575,0.06048906048906049,0.14999999999999963,5.651285962456773,2750,0.03090909090909091,327,481,1857
apartment_2,seq_0003,31,spread,20,1,32768,0.797271728515625,0.714691162109375,0.8207846889952153,0.2974559686888454,0.14999999999999958,4.356494322586849,4444,0.23672367236723674,983,798,1611
apartment_2,seq_0003,31,spread,21,3,32768,0.8804931640625,0.712615966796875,0.7972410924719256,0.08912155260469867,0.14999999999999958,4.447617330168748,2790,0.08888888888888889,425,672,1445
apartment_2,seq_0003,31,spread,22,5,32768,0.83758544921875,0.7059326171875,0.8123952488522918,0.1568959037955656,0.14999999999999958,4.441621873545584,3043,0.1137035819914558,714,691,1292
apartment_2,seq_0003,31,spread,23,8,32768,0.89129638671875,0.684661865234375,0.7587482024241594,0.0772038180797305,0.14999999999999958,4.519005858856326,2315,0.05485961123110151,318,453,1417
apartment_2,seq_0003,31,spread,24,10,32768,0.914581298828125,0.717315673828125,0.773532650405419,0.11539835655591282,0.14999999999999958,4.499375737829718,2075,0.07951807228915662,190,438,1282
apartment_2,seq_0003,31,spread,25,12,32768,0.91229248046875,0.691375732421875,0.7511206262126179,0.06993736951983298,0.14999999999999958,4.701118562251064,2295,0.04923747276688453,383,464,1335
apartment_2,seq_0003,31,spread,26,16,32768,0.900726318359375,0.64208984375,0.7003218702354735,0.11374116200430372,0.14999999999999958,4.746456626900469,2051,0.05314480741101901,215,382,1345
apartment_2,seq_0003,31,spread,27,18,32768,0.856109619140625,0.616302490234375,0.7068049762948704,0.07783669141039236,0.14999999999999958,5.039503123906829,2506,0.04868316041500399,255,479,1650
apartment_2,seq_0003,31,spread,28,20,32768,0.848846435546875,0.667877197265625,0.767104080532087,0.11064001615182717,0.14999999999999958,5.111183606040114,2482,0.04633360193392425,257,436,1674
apartment_2,seq_0003,31,spread,29,22,32768,0.87738037109375,0.67926025390625,0.7340173913043478,0.2874564459930314,0.14999999999999958,5.169218375104994,2037,0.056455571919489446,130,261,1531
apartment_2,seq_0003,31,spread,30,26,32768,0.857025146484375,0.614654541015625,0.7062635758287932,0.06552828175026681,0.14999999999999958,5.8737335416264305,2194,0.015952597994530537,193,360,1606
apartment_2,seq_0003,31,spread,31,28,32768,0.926910400390625,0.5689697265625,0.6122543048101933,0.020041753653444676,0.1499999999999995,6.0856017972380805,1765,0.0050991501416430595,78,113,1565
apartment_2,seq_0003,31,random,1,2,32768,0.0,0.71343994140625,,0.71343994140625,,,10682,0.42155027148474067,2275,1517,2387
apartment_2,seq_0003,31,random,2,11,32768,0.402313232421875,0.66253662109375,0.9386330880679663,0.47669134541741126,1.3499999999999996,36.87749856654638,8278,0.2562213094950471,1338,1359,3460
apartment_2,seq_0003,31,random,3,25,32768,0.27655029296875,0.60137939453125,0.9222026042816155,0.47873955960516323,2.1,55.12163494072638,6489,0.157805517028818,794,1031,3640
apartment_2,seq_0003,31,random,4,21,32768,0.5068359375,0.606781005859375,0.8628371868978806,0.3436262376237624,0.6000000000000001,20.589444740707407,5739,0.15089736887959576,910,843,3120
apartment_2,seq_0003,31,random,5,10,32768,0.7073974609375,0.717315673828125,0.8916738567730802,0.2957863996662495,0.14999999999999958,4.499375737829718,5795,0.1979292493528904,965,986,2697
apartment_2,seq_0003,31,random,6,4,32768,0.734344482421875,0.7236328125,0.8811453268503512,0.28822515795519815,0.30000000000000004,8.791372200360062,5694,0.23480857042500877,1209,1029,2119
apartment_2,seq_0003,31,random,7,29,32768,0.458587646484375,0.52777099609375,0.6891595128768218,0.39107152922608646,0.6,24.548665962823115,5059,0.07076497331488436,533,619,3549
apartment_2,seq_0003,31,random,8,16,32768,0.6605224609375,0.64208984375,0.8301145814082425,0.27624955052139516,0.7499999999999997,22.546104378116883,5395,0.13938832252085265,774,1173,2696
apartment_2,seq_0003,31,random,9,23,32768,0.687225341796875,0.6585693359375,0.8070074159598561,0.3324226753829642,0.3,10.175303129129096,3822,0.08817373103087389,412,678,2395
apartment_2,seq_0003,31,random,10,6,32768,0.75421142578125,0.6824951171875,0.8181192846160071,0.2663272907871865,0.3,9.143874783697639,4810,0.17983367983367984,794,1067,2084
apartment_2,seq_0003,31,random,11,18,32768,0.7166748046875,0.616302490234375,0.8149804121955374,0.11374407582938388,0.29999999999999916,10.002217382672553,4057,0.070495439980281,708,794,2269
apartment_2,seq_0003,31,random,12,26,32768,0.786224365234375,0.614654541015625,0.719830765050654,0.2278372591006424,0.14999999999999958,5.8737335416264305,3135,0.05167464114832536,217,426,2330
apartment_2,seq_0003,31,random,13,3,32768,0.838348388671875,0.712615966796875,0.8136944414109425,0.1884085331319615,0.14999999999999958,4.447617330168748,3732,0.15862808145766344,588,728,1824
apartment_2,seq_0003,31,random,14,30,32768,0.84442138671875,0.51715087890625,0.6064691001084207,0.03236563358179678,0.15000000000000133,6.39617455187903,3281,0.016153611703748856,201,347,2680
apartment_2,seq_0003,31,random,15,8,32768,0.8240966796875,0.684661865234375,0.7969930380684344,0.15839694656488548,0.30000000000000004,8.982478149852376,3392,0.1022995283018868,624,652,1769
apartment_2,seq_0003,31,random,16,0,32768,0.809234619140625,0.714996337890625,0.811064600067881,0.3074708046712526,0.30000000000000004,9.084022117787775,4087,0.24614631759236605,955,800,1326
apartment_2,seq_0003,31,random,17,19,32768,0.8406982421875,0.6982421875,0.7932699288514593,0.19674329501915708,0.15000000000000133,5.011542126187095,3142,0.08274984086569065,312,399,2171
apartment_2,seq_0003,31,random,18,12,32768,0.870819091796875,0.691375732421875,0.7801647100052567,0.09284195605953224,0.1500000000000004,4.7011185622510885,3229,0.06534530814493651,577,726,1715
apartment_2,seq_0003,31,random,19,20,32768,0.82989501953125,0.667877197265625,0.7775612267411929,0.13275923932543954,0.14999999999999958,5.111183606040114,2712,0.05936578171091445,305,474,1772
apartment_2,seq_0003,31,random,20,13,32768,0.878570556640625,0.6744384765625,0.751884400291778,0.11409901985423473,0.14999999999999958,4.728327077281033,2705,0.05286506469500924,272,564,1726
apartment_2,seq_0003,31,random,21,7,32768,0.8587646484375,0.683746337890625,0.7767945984363894,0.11797752808988764,0.14999999999999958,4.4671889042485375,2835,0.0962962962962963,702,715,1145
apartment_2,seq_0003,31,random,22,5,32768,0.867584228515625,0.7059326171875,0.7962995532730662,0.11385111776907121,0.14999999999999958,4.441621873545584,2651,0.08185590343266692,601,561,1272
apartment_2,seq_0003,31,random,23,17,32768,0.834228515625,0.616668701171875,0.718356745683348,0.10493372606774669,0.14999999999999958,4.957800013705652,2783,0.03988501616960115,325,519,1828
apartment_2,seq_0003,31,random,24,14,32768,0.87939453125,0.661834716796875,0.7479525263742365,0.03390688259109312,0.15000000000000047,4.674220700000928,2568,0.023753894080996884,197,514,1796
apartment_2,seq_0003,31,random,25,27,32768,0.78326416015625,0.543792724609375,0.6486012623704511,0.1650239369191777,0.1500000000000004,6.727435242025496,2609,0.02261402836335761,255,295,2000
apartment_2,seq_0003,31,random,26,22,32768,0.87481689453125,0.67926025390625,0.7362031675155236,0.2813261823500731,0.14999999999999958,5.169218375104994,2072,0.0555019305019305,135,279,1543
apartment_2,seq_0003,31,random,27,9,32768,0.866424560546875,0.67401123046875,0.7664048466063189,0.07470870459218643,0.1499999999999996,4.701118562251064,2580,0.06279069767441861,534,614,1270
apartment_2,seq_0003,31,random,28,28,32768,0.924346923828125,0.5689697265625,0.6138532140380997,0.020572811617587738,0.1499999999999995,6.0856017972380805,1810,0.004972375690607734,82,118,1601
apartment_2,seq_0003,31,random,29,24,32768,0.805206298828125,0.63861083984375,0.7861284820920977,0.028826570578098072,0.14999999999999963,5.651285962456773,2399,0.01625677365568987,319,464,1577
apartment_2,seq_0003,31,random,30,1,32768,0.820281982421875,0.714691162109375,0.8054987164701067,0.30022075055187636,0.14999999999999958,4.356494322586849,3949,0.23904786021777666,901,728,1376
apartment_2,seq_0003,31,random,31,15,32768,0.922637939453125,0.65069580078125,0.7021466609334172,0.03708086785009862,0.14999999999999958,4.753219627363819,1752,0.02454337899543379,123,337,1249
apartment_2,seq_0003,31,sequential,1,0,32768,0.0,0.714996337890625,,0.714996337890625,,,10874,0.4537428729078536,2060,1610,2270
apartment_2,seq_0003,31,sequential,2,1,32768,0.679718017578125,0.714691162109375,0.8770259956000539,0.3701762744163888,0.14999999999999958,4.356494322586849,6931,0.2966382917327947,1292,1220,2363
apartment_2,seq_0003,31,sequential,3,2,32768,0.705108642578125,0.71343994140625,0.8509413546851331,0.38466314809065505,0.15000000000000044,4.498293641650877,5864,0.24727148703956345,1484,877,2053
apartment_2,seq_0003,31,sequential,4,3,32768,0.781280517578125,0.712615966796875,0.8581696027498926,0.19268871215292313,0.14999999999999958,4.447617330168748,5055,0.18911968348170127,901,1014,2184
apartment_2,seq_0003,31,sequential,5,4,32768,0.78143310546875,0.7236328125,0.8536671092712645,0.2587266126780229,0.15000000000000044,4.421711320924178,4891,0.20302596606011042,999,801,2098
apartment_2,seq_0003,31,sequential,6,5,32768,0.729034423828125,0.7059326171875,0.8730796600946042,0.2562225475841874,0.14999999999999958,4.441621873545584,5275,0.21175355450236966,1245,920,1993
apartment_2,seq_0003,31,sequential,7,6,32768,0.73602294921875,0.6824951171875,0.8487022141139398,0.21907514450867052,0.1500000000000004,4.6012345111631925,5352,0.18834080717488788,914,1272,2158
apartment_2,seq_0003,31,sequential,8,7,32768,0.765167236328125,0.683746337890625,0.837913293183903,0.18141650422352176,0.15000000000000044,4.467188904248563,4603,0.14577449489463393,1052,1073,1807
apartment_2,seq_0003,31,sequential,9,8,32768,0.812713623046875,0.684661865234375,0.7994067064699035,0.18673619032100375,0.14999999999999958,4.519005858856326,3616,0.12389380530973451,716,638,1814
apartment_2,seq_0003,31,sequential,10,9,32768,0.747039794921875,0.67401123046875,0.8532211283140652,0.14477017734346725,0.1499999999999996,4.701118562251064,4772,0.13453478625314333,860,1070,2200
apartment_2,seq_0003,31,sequential,11,10,32768,0.86700439453125,0.717315673828125,0.8010911650827174,0.17117944011014227,0.1500000000000004,4.499375737829743,3246,0.12446087492298213,409,565,1868
apartment_2,seq_0003,31,sequential,12,11,32768,0.742279052734375,0.66253662109375,0.8260905315956091,0.19147424511545294,0.14999999999999958,4.764952322207222,4541,0.11076855318211848,676,839,2523
apartment_2,seq_0003,31,sequential,13,12,32768,0.87579345703125,0.691375732421875,0.7747229772109555,0.10368550368550368,0.1500000000000004,4.7011185622510885,3202,0.07464084946908182,614,549,1800
apartment_2,seq_0003,31,sequential,14,13,32768,0.832305908203125,0.6744384765625,0.7648590180764859,0.2256596906278435,0.14999999999999958,4.728327077281033,3558,0.11832490163012929,441,701,1995
apartment_2,seq_0003,31,sequential,15,14,32768,0.846038818359375,0.661834716796875,0.7632290877610648,0.10465807730426165,0.15000000000000047,4.674220700000928,3378,0.07282415630550622,316,649,2167
apartment_2,seq_0003,31,sequential,16,15,32768,0.825836181640625,0.65069580078125,0.7725509035142826,0.07289293849658314,0.1500000000000004,4.753219627363845,3282,0.05210237659963437,324,788,1999
apartment_2,seq_0003,31,sequential,17,16,32768,0.87451171875,0.64208984375,0.7137423227247348,0.14275291828793774,0.14999999999999958,4.746456626900469,2583,0.07239643825009678,286,432,1678
apartment_2,seq_0003,31,sequential,18,17,32768,0.780853271484375,0.616668701171875,0.7580802751397194,0.11279766049296755,0.14999999999999958,4.957800013705652,3439,0.05786565862169235,473,698,2069
apartment_2,seq_0003,31,sequential,19,18,32768,0.772918701171875,0.616302490234375,0.7723773048525289,0.08506921112753663,0.14999999999999958,5.039503123906829,3344,0.053528708133971294,481,646,2038
apartment_2,seq_0003,31,sequential,20,19,32768,0.831817626953125,0.6982421875,0.7819642660600946,0.2841589548176375,0.15000000000000133,5.011542126187095,3395,0.11045655375552282,242,326,2452
apartment_2,seq_0003,31,sequential,21,20,32768,0.752044677734375,0.667877197265625,0.7990910197622043,0.2699076923076923,0.14999999999999958,5.111183606040114,3550,0.08704225352112677,413,585,2243
apartment_2,seq_0003,31,sequential,22,21,32768,0.80218505859375,0.606781005859375,0.7395952217910675,0.06818883060783709,0.14999999999999958,5.365268065947136,2948,0.042401628222523746,326,498,1999
apartment_2,seq_0003,31,sequential,23,22,32768,0.77734375,0.67926025390625,0.7784626256281407,0.33292214912280704,0.14999999999999958,5.169218375104994,2843,0.10974322898346817,274,400,1857
apartment_2,seq_0003,31,sequential,24,23,32768,0.788055419921875,0.6585693359375,0.755256941486272,0.2990640748740101,0.1500000000000004,5.128084695631663,3019,0.06989069228221265,319,503,1986
apartment_2,seq_0003,31,sequential,25,24,32768,0.74957275390625,0.63861083984375,0.8110495887957007,0.12247136241774312,0.1500000000000004,5.651285962456802,3220,0.041304347826086954,384,524,2179
apartment_2,seq_0003,31,sequential,26,25,32768,0.75152587890625,0.60137939453125,0.7633395598148298,0.11152051093097519,0.14999999999999963,5.850842060787343,3123,0.021133525456292025,329,540,2188
apartment_2,seq_0003,31,sequential,27,26,32768,0.834259033203125,0.614654541015625,0.7168672495153089,0.10016571533787516,0.14999999999999958,5.8737335416264305,2596,0.02234206471494607,205,411,1922
apartment_2,seq_0003,31,sequential,28,27,32768,0.66015625,0.543792724609375,0.7359467455621301,0.1705280172413793,0.1500000000000004,6.727435242025496,3334,0.03749250149970006,408,454,2347
apartment_2,seq_0003,31,sequential,29,28,32768,0.903106689453125,0.5689697265625,0.6281890987733586,0.01700787401574803,0.15000000000000047,6.08560179723812,2344,0.005546075085324232,94,167,2070
apartment_2,seq_0003,31,sequential,30,29,32768,0.78363037109375,0.52777099609375,0.6250097359607446,0.1755994358251058,0.1499999999999995,6.514281467296121,2900,0.02379310344827586,253,382,2196
apartment_2,seq_0003,31,sequential,31,30,32768,0.90460205078125,0.51715087890625,0.5702719114769583,0.013435700575815739,0.15000000000000133,6.39617455187903,2165,0.006466512702078522,121,159,1871
frl_apartment_5,seq_0007,29,spread,1,0,32768,0.0,0.5283203125,,0.5283203125,,,11552,0.5183518005540166,2641,1513,1410
frl_apartment_5,seq_0007,29,spread,2,28,32768,0.068359375,0.7216796875,0.8696428571428572,0.7108228511530398,4.199999999999999,73.57238576226837,7980,0.41641604010025063,2051,1451,1155
frl_apartment_5,seq_0007,29,spread,3,14,32768,0.5235595703125,0.463348388671875,0.5113662858475169,0.41058160389444015,2.0999999999999996,45.85282653775668,9155,0.4362643364281813,2630,1645,886
frl_apartment_5,seq_0007,29,spread,4,7,32768,0.67596435546875,0.5093994140625,0.536117381489842,0.453663590129968,1.0499999999999998,30.24542153307571,6889,0.4341704166061838,2342,999,557
frl_apartment_5,seq_0007,29,spread,5,21,32768,0.7127685546875,0.529571533203125,0.5509076896728892,0.476625584360391,1.0499999999999998,31.0818179031018,5508,0.44281045751633985,2036,723,310
frl_apartment_5,seq_0007,29,spread,6,18,32768,0.806427001953125,0.529632568359375,0.5145127719962157,0.5926217877975721,0.45000000000000046,13.672456091755226,4434,0.5227785295444294,1524,434,158
frl_apartment_5,seq_0007,29,spread,7,3,32768,0.79266357421875,0.535064697265625,0.521059521059521,0.5886075949367089,0.45000000000000007,14.22066449518773,4869,0.5107825015403573,1388,770,224
frl_apartment_5,seq_0007,29,spread,8,10,32768,0.8026123046875,0.5013427734375,0.49589353612167303,0.5235003092145949,0.45000000000000007,13.575851324568173,4799,0.47155657428630965,1952,445,139
frl_apartment_5,seq_0007,29,spread,9,25,32768,0.873992919921875,0.609344482421875,0.6349732881734698,0.4315814967304432,0.4499999999999996,15.343841126883675,3490,0.3702005730659026,1201,661,336
frl_apartment_5,seq_0007,29,spread,10,5,32768,0.88763427734375,0.52435302734375,0.5416351509317198,0.38783269961977185,0.29999999999999977,9.566176468835495,3251,0.3666564134112581,1389,542,128
frl_apartment_5,seq_0007,29,spread,11,23,32768,0.901580810546875,0.566009521484375,0.5907321531327218,0.3395348837209302,0.29999999999999977,10.175070232401373,2683,0.3265001863585539,867,729,211
frl_apartment_5,seq_0007,29,spread,12,12,32768,0.88348388671875,0.49578857421875,0.49530224525043176,0.499476165531692,0.2999999999999997,8.863254162790344,2896,0.4388812154696133,1000,553,72
frl_apartment_5,seq_0007,29,spread,13,16,32768,0.90802001953125,0.501190185546875,0.5090744101633394,0.4233576642335766,0.2999999999999993,8.668015839290922,2578,0.4359968968192397,819,478,157
frl_apartment_5,seq_0007,29,spread,14,19,32768,0.9412841796875,0.537811279296875,0.5438983270652314,0.4402286902286902,0.15000000000000077,4.770717234535703,1735,0.4334293948126801,700,211,72
frl_apartment_5,seq_0007,29,spread,15,9,32768,0.922119140625,0.523101806640625,0.5271048451151708,0.475705329153605,0.15000000000000033,4.6286341213597835,2252,0.46714031971580816,792,333,75
frl_apartment_5,seq_0007,29,spread,16,1,32768,0.88934326171875,0.521331787109375,0.5281723972273694,0.4663541092112521,0.1500000000000001,4.828553323676001,2920,0.42226027397260274,1073,434,180
frl_apartment_5,seq_0007,29,spread,17,13,32768,0.92108154296875,0.48260498046875,0.49950301504207806,0.2853828306264501,0.14999999999999988,4.21822241192273,2091,0.296987087517934,748,637,85
frl_apartment_5,seq_0007,29,spread,18,15,32768,0.9532470703125,0.503753662109375,0.5098604174670253,0.379242819843342,0.14999999999999988,4.21822241192273,1329,0.4055680963130173,427,311,52
frl_apartment_5,seq_0007,29,spread,19,22,32768,0.93414306640625,0.555877685546875,0.5728520091473375,0.31510658016682114,0.14999999999999988,5.011933412076663,1722,0.26713124274099886,812,359,91
frl_apartment_5,seq_0007,29,spread,20,26,32768,0.922027587890625,0.622039794921875,0.6542878893191673,0.24070450097847357,0.14999999999999988,5.544994421914167,2349,0.19625372498935717,758,759,371
frl_apartment_5,seq_0007,29,spread,21,27,32768,0.919830322265625,0.652069091796875,0.6931422315118941,0.18081461743433574,0.14999999999999988,6.228667020257906,2461,0.16416091019910606,841,772,444
frl_apartment_5,seq_0007,29,spread,22,2,32768,0.945892333984375,0.54034423828125,0.5426036457493144,0.5008460236886633,0.14999999999999986,4.8446890403511595,1440,0.4701388888888889,489,198,76
frl_apartment_5,seq_0007,29,spread,23,4,32768,0.95068359375,0.54296875,0.5474768875192604,0.4560643564356436,0.14999999999999986,4.847869209631037,1443,0.4358974358974359,489,275,50
frl_apartment_5,seq_0007,29,spread,24,6,32768,0.932098388671875,0.50628662109375,0.5169760665291556,0.3595505617977528,0.14999999999999986,4.773925129019952,1892,0.3287526427061311,728,474,68
frl_apartment_5,seq_0007,29,spread,25,8,32768,0.942901611328125,0.4903564453125,0.4985597307181927,0.3548904329235703,0.14999999999999986,4.7464566269004775,1508,0.3149867374005305,702,304,27
frl_apartment_5,seq_0007,29,spread,26,11,32768,0.939605712890625,0.515350341796875,0.5110266653675014,0.5826174835775644,0.14999999999999983,4.574597020720596,1756,0.5677676537585421,512,231,16
frl_apartment_5,seq_0007,29,spread,27,20,32768,0.94940185546875,0.5260009765625,0.534651237544198,0.36369119420989143,0.14999999999999983,4.761128472618876,1416,0.3446327683615819,644,247,37
frl_apartment_5,seq_0007,29,spread,28,24,32768,0.952117919921875,0.58447265625,0.6003718067886791,0.26832377310388783,0.14999999999999983,5.208991802875547,1493,0.25452109845947757,428,398,287
frl_apartment_5,seq_0007,29,spread,29,17,32768,0.9210205078125,0.50726318359375,0.5254141815772034,0.29559505409582687,0.14999999999999944,4.38202123556805,1996,0.31713426853707416,617,640,106
frl_apartment_5,seq_0007,29,random,1,20,32768,0.0,0.5260009765625,,0.5260009765625,,,11154,0.503675811368119,2759,1291,1486
frl_apartment_5,seq_0007,29,random,2,4,32768,0.199493408203125,0.54296875,0.7589108153587273,0.4891540543631581,2.4000000000000004,53.613178131775136,9422,0.5287624708129909,2102,1285,1053
frl_apartment_5,seq_0007,29,random,3,11,32768,0.5980224609375,0.515350341796875,0.5322514798938559,0.49020649863346494,1.0499999999999998,29.252450297941486,7740,0.5423772609819122,2014,1008,520
frl_apartment_5,seq_0007,29,random,4,16,32768,0.68035888671875,0.501190185546875,0.4622768457881044,0.5840175673095284,0.6,16.95649016824093,6871,0.5223402707029544,1994,916,372
frl_apartment_5,seq_0007,29,random,5,10,32768,0.815673828125,0.5013427734375,0.5153771325950314,0.4392384105960265,0.14999999999999983,4.601994264289213,4780,0.42782426778242677,2082,454,199
frl_apartment_5,seq_0007,29,random,6,2,32768,0.769317626953125,0.54034423828125,0.5308818279186005,0.5719010451117873,0.29999999999999993,9.621076279601636,5174,0.5025125628140703,1661,579,334
frl_apartment_5,seq_0007,29,random,7,28,32768,0.633209228515625,0.7216796875,0.8523784278760422,0.4960479241201431,1.1999999999999997,44.099464296256144,4841,0.3276182606899401,1531,1171,553
frl_apartment_5,seq_0007,29,random,8,27,32768,0.871185302734375,0.652069091796875,0.7055732651416962,0.2902155887230514,0.14999999999999988,6.228667020257906,3765,0.24249667994687915,1302,1021,529
frl_apartment_5,seq_0007,29,random,9,6,32768,0.8233642578125,0.50628662109375,0.5269088213491475,0.41015894955079474,0.30000000000000016,9.482471308197281,4270,0.3737704918032787,1660,811,203
frl_apartment_5,seq_0007,29,random,10,21,32768,0.87493896484375,0.529571533203125,0.5368329264039066,0.4787701317715959,0.14999999999999983,4.921890239443931,3123,0.43163624719820687,1269,378,128
frl_apartment_5,seq_0007,29,random,11,25,32768,0.883453369140625,0.609344482421875,0.628622750354071,0.463210264467138,0.29999999999999977,10.366374682014401,3004,0.35719041278295605,1005,614,312
frl_apartment_5,seq_0007,29,random,12,3,32768,0.912017822265625,0.535064697265625,0.5470972059561653,0.41033645508151234,0.14999999999999986,4.828553323675993,2583,0.3948896631823461,866,562,135
frl_apartment_5,seq_0007,29,random,13,23,32768,0.908447265625,0.566009521484375,0.5913061005106154,0.315,0.29999999999999977,10.175070232401373,2479,0.3053650665590964,781,752,189
frl_apartment_5,seq_0007,29,random,14,8,32768,0.90374755859375,0.4903564453125,0.5011143378131965,0.3893468611287254,0.29999999999999977,9.428646318113547,2553,0.3599686643164904,1143,417,74
frl_apartment_5,seq_0007,29,random,15,0,32768,0.8519287109375,0.5283203125,0.5399054305774467,0.46166529266281947,0.29999999999999993,9.602500234343097,3439,0.43908112823495205,1245,494,190
frl_apartment_5,seq_0007,29,random,16,18,32768,0.915679931640625,0.529632568359375,0.5296117313781037,0.5298588490770901,0.2999999999999993,9.211817048887912,2162,0.4838112858464385,779,270,67
frl_apartment_5,seq_0007,29,random,17,12,32768,0.90771484375,0.49578857421875,0.5072283485745024,0.38326719576719576,0.14999999999999988,4.4582985000895805,2272,0.3529929577464789,965,456,49
frl_apartment_5,seq_0007,29,random,18,19,32768,0.954010009765625,0.537811279296875,0.5410255590032309,0.47113470471134705,0.14999999999999988,4.770717234535676,1357,0.4576271186440678,535,143,58
frl_apartment_5,seq_0007,29,random,19,13,32768,0.915313720703125,0.48260498046875,0.5038175574300671,0.25333333333333335,0.15000000000000033,4.218222411922741,2219,0.2780531771068049,845,643,114
frl_apartment_5,seq_0007,29,random,20,7,32768,0.9512939453125,0.5093994140625,0.5202746054151162,0.29699248120300753,0.14999999999999986,4.761547321494815,1467,0.30334014996591685,598,377,47
frl_apartment_5,seq_0007,29,random,21,5,32768,0.946441650390625,0.52435302734375,0.5351626737174733,0.3333333333333333,0.14999999999999986,4.816655147165036,1617,0.32838589981447125,688,336,62
frl_apartment_5,seq_0007,29,random,22,17,32768,0.904632568359375,0.50726318359375,0.5290287757649361,0.3008,0.14999999999999944,4.38202123556805,2404,0.32029950083194675,763,737,134
frl_apartment_5,seq_0007,29,random,23,14,32768,0.93402099609375,0.463348388671875,0.47484153433967197,0.30064754856614245,0.14999999999999988,4.208652351015065,1765,0.3059490084985836,569,570,86
frl_apartment_5,seq_0007,29,random,24,22,32768,0.9471435546875,0.555877685546875,0.5688555226188942,0.3233256351039261,0.14999999999999988,5.011933412076663,1376,0.27906976744186046,602,310,80
frl_apartment_5,seq_0007,29,random,25,9,32768,0.952789306640625,0.523101806640625,0.5266006854360847,0.45248868778280543,0.14999999999999988,4.62863412135977,1447,0.45335176226675883,505,251,35
frl_apartment_5,seq_0007,29,random,26,26,32768,0.938140869140625,0.622039794921875,0.6518330568296412,0.1702022693635915,0.14999999999999988,5.544994421914167,1963,0.16046867040244522,635,683,330
frl_apartment_5,seq_0007,29,random,27,24,32768,0.95001220703125,0.58447265625,0.60051397365885,0.2796092796092796,0.14999999999999983,5.208991802875547,1552,0.2622422680412371,444,407,294
frl_apartment_5,seq_0007,29,random,28,1,32768,0.91802978515625,0.521331787109375,0.5318462868160362,0.4035740878629933,0.14999999999999986,4.828553323675993,2280,0.3881578947368421,918,354,123
frl_apartment_5,seq_0007,29,random,29,15,32768,0.97210693359375,0.503753662109375,0.5074401958937653,0.37527352297593,0.14999999999999988,4.21822241192273,808,0.40965346534653463,253,199,25
frl_apartment_5,seq_0007,29,sequential,1,0,32768,0.0,0.5283203125,,0.5283203125,,,11552,0.5183518005540166,2641,1513,1410
frl_apartment_5,seq_0007,29,sequential,2,1,32768,0.75830078125,0.521331787109375,0.5359787508048938,0.4753787878787879,0.1500000000000001,4.828553323676001,6105,0.43226863226863227,2040,887,539
frl_apartment_5,seq_0007,29,sequential,3,2,32768,0.749725341796875,0.54034423828125,0.5368583872674726,0.5507864894525057,0.14999999999999986,4.8446890403511595,6282,0.5062082139446036,2047,643,412
frl_apartment_5,seq_0007,29,sequential,4,3,32768,0.7723388671875,0.535064697265625,0.5344159949423107,0.5372654155495978,0.1500000000000001,4.828553323676001,5697,0.4932420572230999,1591,857,439
frl_apartment_5,seq_0007,29,sequential,5,4,32768,0.8203125,0.54296875,0.5343005952380953,0.5825407608695652,0.14999999999999986,4.847869209631037,4901,0.5576412976943481,1290,602,276
frl_apartment_5,seq_0007,29,sequential,6,5,32768,0.8580322265625,0.52435302734375,0.5366695120216247,0.4499140154772141,0.15000000000000033,4.816655147165051,4031,0.4395931530637559,1390,608,261
frl_apartment_5,seq_0007,29,sequential,7,6,32768,0.79095458984375,0.50628662109375,0.5202176093834401,0.45357664233576644,0.14999999999999986,4.773925129019952,4995,0.4272272272272272,1858,796,207
frl_apartment_5,seq_0007,29,sequential,8,7,32768,0.88671875,0.5093994140625,0.5241258259911894,0.3941271551724138,0.14999999999999988,4.761547321494816,3273,0.3944393522761992,1257,579,146
frl_apartment_5,seq_0007,29,sequential,9,8,32768,0.811370849609375,0.4903564453125,0.5156655508331139,0.3814916680148843,0.14999999999999986,4.7464566269004775,4373,0.36290875828950375,1906,631,249
frl_apartment_5,seq_0007,29,sequential,10,9,32768,0.858001708984375,0.523101806640625,0.5360483727547573,0.4448742746615087,0.14999999999999988,4.62863412135977,3788,0.4458817317845829,1331,540,228
frl_apartment_5,seq_0007,29,sequential,11,10,32768,0.850799560546875,0.5013427734375,0.4969690448007461,0.5262834935569646,0.15000000000000033,4.601994264289228,3494,0.46021751574127073,1438,328,120
frl_apartment_5,seq_0007,29,sequential,12,11,32768,0.872467041015625,0.515350341796875,0.5050893700374269,0.585546781526681,0.14999999999999983,4.574597020720596,3407,0.5641326680363956,899,454,132
frl_apartment_5,seq_0007,29,sequential,13,12,32768,0.875152587890625,0.49578857421875,0.4994943683090979,0.46981178196040085,0.14999999999999988,4.4582985000895805,3113,0.43302280758111145,1123,519,123
frl_apartment_5,seq_0007,29,sequential,14,13,32768,0.86639404296875,0.48260498046875,0.5045438534695316,0.3403380539058931,0.15000000000000033,4.218222411922741,3281,0.3328253581225236,1112,831,246
frl_apartment_5,seq_0007,29,sequential,15,14,32768,0.86871337890625,0.463348388671875,0.4789924822595377,0.3598326359832636,0.14999999999999988,4.208652351015065,3200,0.355625,947,929,186
frl_apartment_5,seq_0007,29,sequential,16,15,32768,0.9178466796875,0.503753662109375,0.5133661391142439,0.3963595839524517,0.14999999999999988,4.21822241192273,2078,0.40904716073147257,583,489,156
frl_apartment_5,seq_0007,29,sequential,17,16,32768,0.923187255859375,0.501190185546875,0.5019338203695746,0.4922526817640048,0.15000000000000027,4.358948817689909,2155,0.49280742459396754,680,292,121
frl_apartment_5,seq_0007,29,sequential,18,17,32768,0.871551513671875,0.50726318359375,0.5188557022304703,0.42860536944642436,0.14999999999999944,4.38202123556805,2932,0.39631650750341063,829,770,171
frl_apartment_5,seq_0007,29,sequential,19,18,32768,0.9404296875,0.529632568359375,0.5347222222222222,0.4492827868852459,0.14999999999999988,4.635866426065089,1657,0.4194327097163549,618,288,56
frl_apartment_5,seq_0007,29,sequential,20,19,32768,0.951507568359375,0.537811279296875,0.5443728150357613,0.4090623033354311,0.15000000000000077,4.770717234535703,1459,0.41124057573680606,570,230,59
frl_apartment_5,seq_0007,29,sequential,21,20,32768,0.9146728515625,0.5260009765625,0.544775123448552,0.32474964234620884,0.14999999999999988,4.761128472618878,2111,0.3282804358124112,938,399,81
frl_apartment_5,seq_0007,29,sequential,22,21,32768,0.934722900390625,0.529571533203125,0.5377256848085148,0.412809724170173,0.14999999999999983,4.921890239443931,1754,0.4104903078677309,742,242,50
frl_apartment_5,seq_0007,29,sequential,23,22,32768,0.936126708984375,0.555877685546875,0.5703015484922576,0.34448160535117056,0.14999999999999988,5.011933412076663,1627,0.29502151198524895,688,368,91
frl_apartment_5,seq_0007,29,sequential,24,23,32768,0.90826416015625,0.566009521484375,0.6042604663665077,0.18729208250166335,0.14999999999999988,5.127965456332768,1888,0.2547669491525424,547,621,239
frl_apartment_5,seq_0007,29,sequential,25,24,32768,0.925445556640625,0.58447265625,0.6097609233305853,0.27056897257470325,0.14999999999999983,5.208991802875547,2163,0.24919093851132687,663,557,404
frl_apartment_5,seq_0007,29,sequential,26,25,32768,0.94378662109375,0.609344482421875,0.625331436331889,0.34093376764386535,0.15000000000000077,5.2259540963297635,1686,0.30071174377224197,529,411,239
frl_apartment_5,seq_0007,29,sequential,27,26,32768,0.920684814453125,0.622039794921875,0.6495077728794458,0.30319353597537513,0.14999999999999988,5.544994421914167,2188,0.1905850091407678,702,724,345
frl_apartment_5,seq_0007,29,sequential,28,27,32768,0.91143798828125,0.652069091796875,0.6874707024710373,0.2877325982081323,0.14999999999999988,6.228667020257906,2512,0.2125796178343949,769,744,465
frl_apartment_5,seq_0007,29,sequential,29,28,32768,0.921783447265625,0.7216796875,0.7584836947525244,0.2879438158408115,0.14999999999999988,6.906655557451343,2185,0.19725400457665904,750,671,333
office_4,seq_0001,14,spread,1,0,32768,0.0,0.898345947265625,,0.898345947265625,,,7359,0.647778230737872,1579,958,55
office_4,seq_0001,14,spread,2,13,32768,0.307037353515625,0.7979736328125,0.9877745750919392,0.7138767780860528,1.9528330048520262,46.36966887860844,8933,0.5508787641329901,3014,996,2
office_4,seq_0001,14,spread,3,6,32768,0.639129638671875,0.79827880859375,0.9273265530248771,0.5697251585623678,0.9061218156734743,26.975877055322375,5706,0.5091132141605328,2133,668,0
office_4,seq_0001,14,spread,4,3,32768,0.77203369140625,0.868438720703125,0.929994465965689,0.6599732262382865,0.4500000000000002,15.08289712420841,4085,0.4834761321909425,996,1026,88
office_4,seq_0001,14,spread,5,9,32768,0.793212890625,0.895660400390625,0.9462526931363496,0.7015938606847698,0.4500000000000002,13.57368367937625,3941,0.6049226084750063,1022,422,113
office_4,seq_0001,14,spread,6,11,32768,0.830352783203125,0.873870849609375,0.9264214046822743,0.6166576722432092,0.29999999999999966,9.024285863676798,3453,0.58123370981755,1068,368,10
office_4,seq_0001,14,spread,7,1,32768,0.906707763671875,0.905120849609375,0.946888357847262,0.4991822047759241,0.18279362873354693,7.946509723679428,2143,0.39757349510032663,680,607,4
office_4,seq_0001,14,spread,8,4,32768,0.823760986328125,0.889129638671875,0.9258326232727003,0.7175757575757575,0.15000000000000052,5.111183606040145,2496,0.39903846153846156,751,748,1
office_4,seq_0001,14,spread,9,7,32768,0.9322509765625,0.89544677734375,0.9321723189734189,0.3900900900900901,0.15000000000000008,4.856492424944815,1795,0.32646239554317547,642,558,9
office_4,seq_0001,14,spread,10,8,32768,0.912841796875,0.872589111328125,0.9290920032094143,0.280812324929972,0.15000000000000008,4.707132523882665,2482,0.24335213537469783,625,596,657
office_4,seq_0001,14,spread,11,2,32768,0.928314208984375,0.8826904296875,0.936552812386995,0.18518518518518517,0.14999999999999963,5.533518237775908,1896,0.18248945147679324,599,608,343
office_4,seq_0001,14,spread,12,10,32768,0.93121337890625,0.86932373046875,0.9085665596119814,0.3380656610470275,0.14999999999999963,4.5169330619365695,1718,0.36146682188591384,608,475,14
office_4,seq_0001,14,spread,13,5,32768,0.95013427734375,0.92486572265625,0.9517248024667566,0.4130966952264382,0.1499999999999996,5.046840633517342,1516,0.4003957783641161,410,232,267
office_4,seq_0001,14,spread,14,12,32768,0.941802978515625,0.84429931640625,0.8679887236317683,0.4609334032511799,0.1499999999999996,4.39610476414979,1520,0.4723684210526316,655,147,0
office_4,seq_0001,14,random,1,3,32768,0.0,0.868438720703125,,0.868438720703125,,,8166,0.6307861866274798,1696,1211,108
office_4,seq_0001,14,random,2,2,32768,0.75579833984375,0.8826904296875,0.9675361382540579,0.620094976255936,0.14999999999999963,5.533518237775908,4745,0.4773445732349842,1303,830,347
office_4,seq_0001,14,random,3,0,32768,0.644622802734375,0.898345947265625,0.9358045732140321,0.8303993130098755,0.31789423530380945,15.243724604641207,3962,0.5595658758202928,954,752,39
office_4,seq_0001,14,random,4,5,32768,0.764984130859375,0.92486572265625,0.976782223640643,0.755875860277886,0.30000000000000016,10.016559905236761,4669,0.6568858427928893,1020,315,267
office_4,seq_0001,14,random,5,4,32768,0.75616455078125,0.889129638671875,0.9321172007425942,0.755819774718398,0.1499999999999996,5.111183606040114,3237,0.4686438059932036,929,790,1
office_4,seq_0001,14,random,6,7,32768,0.818572998046875,0.89544677734375,0.9523170413451143,0.6388561816652649,0.30000000000000016,9.644187316634438,3809,0.5255972696245734,1094,703,10
office_4,seq_0001,14,random,7,13,32768,0.750030517578125,0.7979736328125,0.9244008625951092,0.41863020388230987,0.9,25.801319463867603,5129,0.3973484109962956,2214,875,2
office_4,seq_0001,14,random,8,10,32768,0.845245361328125,0.86932373046875,0.9339639672166661,0.5162689804772235,0.4499999999999998,13.332947743194904,3177,0.470884482215927,1119,545,17
office_4,seq_0001,14,random,9,11,32768,0.877471923828125,0.873870849609375,0.9178868292004313,0.5586550435865504,0.15000000000000052,4.540300852051114,2671,0.5286409584425309,941,309,9
office_4,seq_0001,14,random,10,6,32768,0.82830810546875,0.79827880859375,0.8975388696485153,0.31940988268752224,0.15000000000000008,4.8163317037621916,2843,0.3397819205065072,1338,539,0
office_4,seq_0001,14,random,11,9,32768,0.94384765625,0.895660400390625,0.9225620796689085,0.4434782608695652,0.14999999999999963,4.601234511163169,1551,0.390715667311412,482,350,113
office_4,seq_0001,14,random,12,12,32768,0.936309814453125,0.84429931640625,0.8690068772204296,0.4810733109726881,0.1499999999999996,4.39610476414979,1630,0.4803680981595092,688,159,0
office_4,seq_0001,14,random,13,8,32768,0.929595947265625,0.872589111328125,0.920094547125833,0.24534026874729084,0.15000000000000008,4.707132523882665,2079,0.2126022126022126,477,508,652
office_4,seq_0001,14,random,14,1,32768,0.949005126953125,0.905120849609375,0.937839662989999,0.296229802513465,0.15000155635639728,6.534608623537246,1375,0.24945454545454546,497,531,4
office_4,seq_0001,14,sequential,1,0,32768,0.0,0.898345947265625,,0.898345947265625,,,7359,0.647778230737872,1579,958,55
office_4,seq_0001,14,sequential,2,1,32768,0.527008056640625,0.905120849609375,0.9495048931611558,0.8556681076198465,0.18279362873354693,7.946509723679428,4971,0.6364916515791591,1074,726,7
office_4,seq_0001,14,sequential,3,2,32768,0.794525146484375,0.8826904296875,0.9709621663145765,0.541363433833358,0.15000155635639728,5.533575295598498,4499,0.4272060457879529,1320,911,346
office_4,seq_0001,14,sequential,4,3,32768,0.895355224609375,0.868438720703125,0.9164934046831862,0.4572761738116069,0.14999999999999963,5.133301325567076,2607,0.37591100882240125,722,820,85
office_4,seq_0001,14,sequential,5,4,32768,0.76593017578125,0.889129638671875,0.9353334927085823,0.7379400260756193,0.15000000000000052,5.111183606040145,3343,0.47143284475022434,1009,757,1
office_4,seq_0001,14,sequential,6,5,32768,0.8201904296875,0.92486572265625,0.9678895668998363,0.7286150712830958,0.1499999999999996,5.046840633517342,3881,0.6330842566348879,850,307,267
office_4,seq_0001,14,sequential,7,6,32768,0.713714599609375,0.79827880859375,0.9505708299482618,0.4186120882635114,0.15000000000000008,4.8163317037621916,4890,0.432719836400818,2053,721,0
office_4,seq_0001,14,sequential,8,7,32768,0.863372802734375,0.89544677734375,0.9440458096214344,0.5883404065222247,0.15000000000000008,4.856492424944815,2900,0.4606896551724138,920,634,10
office_4,seq_0001,14,sequential,9,8,32768,0.85662841796875,0.872589111328125,0.9425008906305664,0.4548744146445296,0.15000000000000008,4.707132523882665,3345,0.35396113602391627,814,690,657
office_4,seq_0001,14,sequential,10,9,32768,0.913116455078125,0.895660400390625,0.9344273252899301,0.48823322795925533,0.15000000000000008,4.601234511163184,2263,0.42863455589924876,783,397,113
office_4,seq_0001,14,sequential,11,10,32768,0.918060302734375,0.86932373046875,0.9126084499551241,0.3843575418994413,0.14999999999999963,4.5169330619365695,1911,0.38618524332810045,685,473,15
office_4,seq_0001,14,sequential,12,11,32768,0.88525390625,0.873870849609375,0.9165747380033095,0.5444148936170212,0.15000000000000052,4.540300852051114,2448,0.5232843137254902,889,272,6
office_4,seq_0001,14,sequential,13,12,32768,0.92364501953125,0.84429931640625,0.8744465737130774,0.47961630695443647,0.1499999999999996,4.39610476414979,2006,0.4915254237288136,836,184,0
office_4,seq_0001,14,sequential,14,13,32768,0.880950927734375,0.7979736328125,0.8676689645616101,0.2822353242758267,0.15000000000000008,4.606629700412935,2620,0.3148854961832061,1231,563,1
frl_apartment_5,seq_0005,33,spread,1,0,32768,0.0,0.643096923828125,,0.643096923828125,,,7486,0.6629708789740849,1497,709,317
frl_apartment_5,seq_0005,33,spread,2,32,32768,0.086181640625,0.691802978515625,0.49079320113314445,0.7107600854929201,4.799999999999999,74.97372609845651,6216,0.5505148005148005,1269,878,647
frl_apartment_5,seq_0005,33,spread,3,16,32768,0.3306884765625,0.5699462890625,0.6874307862679956,0.5119004194783877,2.3999999999999995,54.4841375227429,8153,0.5380841408070649,1927,807,1032
frl_apartment_5,seq_0005,33,spread,4,8,32768,0.629852294921875,0.581085205078125,0.5722176462037889,0.5961744579107923,1.1999999999999997,35.05093691039461,5860,0.5774744027303754,1505,511,460
frl_apartment_5,seq_0005,33,spread,5,24,32768,0.761993408203125,0.574005126953125,0.5808802915615363,0.5519938453647903,1.1999999999999995,35.42784781363793,4119,0.5234280165088614,898,584,481
frl_apartment_5,seq_0005,33,spread,6,4,32768,0.747314453125,0.533660888671875,0.5728520091473375,0.4177536231884058,0.5999999999999999,20.013979307705576,4740,0.41497890295358647,1521,781,471
frl_apartment_5,seq_0005,33,spread,7,12,32768,0.853607177734375,0.574859619140625,0.5708769797290051,0.5980821346675005,0.5999999999999998,19.372374713832855,3444,0.5461672473867596,992,293,278
frl_apartment_5,seq_0005,33,spread,8,20,32768,0.888519287109375,0.560333251953125,0.5715953975613944,0.47057213249384067,0.5999999999999995,19.138319927314242,2881,0.46824019437695247,934,334,264
frl_apartment_5,seq_0005,33,spread,9,28,32768,0.71295166015625,0.57818603515625,0.5408783494563821,0.6708483946417181,0.5999999999999992,21.698371453306212,3444,0.5612659698025552,980,256,275
frl_apartment_5,seq_0005,33,spread,10,26,32768,0.90399169921875,0.607513427734375,0.6059685368982513,0.6220597584233948,0.30000000000000043,10.363128063584922,2262,0.5274093722369585,582,223,264
frl_apartment_5,seq_0005,33,spread,11,18,32768,0.920562744140625,0.593536376953125,0.5948947455660534,0.577794852093738,0.30000000000000004,9.947553801190788,2093,0.5341614906832298,601,199,175
frl_apartment_5,seq_0005,33,spread,12,2,32768,0.849853515625,0.5411376953125,0.5917480609020397,0.2546747967479675,0.2999999999999999,10.395474221765244,3165,0.25781990521327014,1049,750,550
frl_apartment_5,seq_0005,33,spread,13,6,32768,0.91668701171875,0.577423095703125,0.5855250016645582,0.48827838827838826,0.2999999999999999,10.067132090837909,2270,0.47709251101321587,726,238,223
frl_apartment_5,seq_0005,33,spread,14,10,32768,0.934326171875,0.579620361328125,0.5847269401620068,0.5069702602230484,0.29999999999999977,9.898544980185488,1705,0.42932551319648093,546,217,210
frl_apartment_5,seq_0005,33,spread,15,14,32768,0.953704833984375,0.589263916015625,0.5973888835557262,0.4218852999340804,0.2999999999999996,9.956047410358943,1424,0.41151685393258425,487,186,165
frl_apartment_5,seq_0005,33,spread,16,22,32768,0.936065673828125,0.567291259765625,0.5814560036514198,0.35990453460620525,0.2999999999999996,9.84367510139183,1697,0.3541543901001768,543,383,170
frl_apartment_5,seq_0005,33,spread,17,30,32768,0.913177490234375,0.631744384765625,0.6398422618053002,0.546572934973638,0.2999999999999996,12.0632715794954,1690,0.35384615384615387,606,291,195
frl_apartment_5,seq_0005,33,spread,18,13,32768,0.96490478515625,0.57598876953125,0.5833069770383958,0.37478260869565216,0.15000000000000022,5.004651877960657,1111,0.36723672367236726,433,150,120
frl_apartment_5,seq_0005,33,spread,19,1,32768,0.856475830078125,0.591552734375,0.6003563156957064,0.5390176483095896,0.15000000000000002,5.338293955176334,2311,0.5080051925573345,708,284,145
frl_apartment_5,seq_0005,33,spread,20,9,32768,0.96868896484375,0.59033203125,0.5943544830193435,0.46588693957115007,0.15000000000000002,4.958426233703203,910,0.4142857142857143,297,137,99
frl_apartment_5,seq_0005,33,spread,21,3,32768,0.84332275390625,0.5145263671875,0.5813128754432945,0.15504479937670432,0.14999999999999988,5.268687928808375,2471,0.21286928369081343,688,577,680
frl_apartment_5,seq_0005,33,spread,22,5,32768,0.923980712890625,0.514617919921875,0.5358192687518578,0.2569249297470895,0.14999999999999988,5.165774039647721,1947,0.2778633795582948,709,424,273
frl_apartment_5,seq_0005,33,spread,23,7,32768,0.9541015625,0.56219482421875,0.5743027123848515,0.31050531914893614,0.1499999999999998,4.987277055386218,1261,0.27993655828707376,656,118,134
frl_apartment_5,seq_0005,33,spread,24,11,32768,0.97882080078125,0.579681396484375,0.5851156700130947,0.3285302593659942,0.1499999999999998,5.011542126187044,669,0.3109118086696562,207,128,126
frl_apartment_5,seq_0005,33,spread,25,15,32768,0.959991455078125,0.560516357421875,0.5729090504498204,0.2631578947368421,0.1499999999999998,5.001169593370115,1228,0.254071661237785,555,219,142
frl_apartment_5,seq_0005,33,spread,26,17,32768,0.960174560546875,0.581146240234375,0.5903124304738899,0.36015325670498083,0.1499999999999998,5.0235832372803415,1184,0.34375,452,186,139
frl_apartment_5,seq_0005,33,spread,27,19,32768,0.97186279296875,0.569854736328125,0.5784399924637317,0.27331887201735355,0.1499999999999998,5.001169593370115,793,0.29760403530895335,328,141,88
frl_apartment_5,seq_0005,33,spread,28,21,32768,0.969390869140625,0.578857421875,0.5855186526050685,0.3678963110667996,0.1499999999999998,4.958426233703196,878,0.34738041002277903,295,178,100
frl_apartment_5,seq_0005,33,spread,29,23,32768,0.97113037109375,0.56951904296875,0.5801646659543712,0.21141649048625794,0.1499999999999998,4.987277055386218,840,0.23333333333333334,300,236,108
frl_apartment_5,seq_0005,33,spread,30,25,32768,0.9744873046875,0.597076416015625,0.6021858950269322,0.4019138755980861,0.1499999999999998,5.125103091720467,810,0.40370370370370373,259,115,109
frl_apartment_5,seq_0005,33,spread,31,27,32768,0.8865966796875,0.5572509765625,0.5610629216577172,0.527448869752422,0.1499999999999998,5.492195729776815,1829,0.43575724439584473,738,171,123
frl_apartment_5,seq_0005,33,spread,32,31,32768,0.959747314453125,0.665130615234375,0.677795796368724,0.36315390447308565,0.1499999999999998,6.286534363912399,1057,0.26773888363292336,363,274,137
frl_apartment_5,seq_0005,33,spread,33,29,32768,0.97198486328125,0.56671142578125,0.5732496075353218,0.33986928104575165,0.1499999999999989,5.956451666704138,894,0.32997762863534674,336,168,95
frl_apartment_5,seq_0005,33,random,1,2,32768,0.0,0.5411376953125,,0.5411376953125,,,8732,0.5003435639028859,2231,1259,873
frl_apartment_5,seq_0005,33,random,2,10,32768,0.3155517578125,0.579620361328125,0.7271760154738878,0.5115926520420903,1.1999999999999997,34.91531368243842,8876,0.5700766110860748,1949,887,980
frl_apartment_5,seq_0005,33,random,3,23,32768,0.386993408203125,0.56951904296875,0.6978156296822017,0.4885249166127346,1.9499999999999997,48.60417151924677,6297,0.5470859139272669,1331,785,736
frl_apartment_5,seq_0005,33,random,4,26,32768,0.717620849609375,0.607513427734375,0.5683606208802892,0.7070139414244029,0.45000000000000023,15.339160580311255,4208,0.6086026615969582,878,372,397
frl_apartment_5,seq_0005,33,random,5,11,32768,0.850860595703125,0.579681396484375,0.5733653742692156,0.6157151626764886,0.15000000000000002,5.011542126187052,3375,0.5505185185185185,897,341,279
frl_apartment_5,seq_0005,33,random,6,4,32768,0.7430419921875,0.533660888671875,0.5553228191227205,0.47102137767220903,0.2999999999999999,10.321767163528888,4611,0.4194317935371937,1416,756,505
frl_apartment_5,seq_0005,33,random,7,30,32768,0.72296142578125,0.631744384765625,0.7016462642465175,0.4493280458250716,0.6000000000000001,23.14293144008028,3207,0.43779232927970063,991,463,349
frl_apartment_5,seq_0005,33,random,8,25,32768,0.927734375,0.597076416015625,0.6011184210526316,0.5451858108108109,0.1499999999999998,5.125103091720467,2012,0.510934393638171,556,190,238
frl_apartment_5,seq_0005,33,random,9,32,32768,0.81640625,0.691802978515625,0.6940415669856459,0.6818484042553191,0.2999999999999996,13.106455209478533,2698,0.4262416604892513,816,479,253
frl_apartment_5,seq_0005,33,random,10,18,32768,0.89886474609375,0.593536376953125,0.5955388062741903,0.5757392878696439,0.7499999999999999,23.67544631766737,2596,0.5558551617873652,634,281,238
frl_apartment_5,seq_0005,33,random,11,6,32768,0.857696533203125,0.577423095703125,0.5777975449208326,0.5751662020158697,0.2999999999999999,10.067132090837909,3314,0.5187085093542547,1106,266,223
frl_apartment_5,seq_0005,33,random,12,19,32768,0.92584228515625,0.569854736328125,0.5863603401674468,0.36378600823045265,0.15000000000000022,5.001169593370128,1988,0.3873239436619718,764,262,192
frl_apartment_5,seq_0005,33,random,13,27,32768,0.7802734375,0.5572509765625,0.5439220901126408,0.6045833333333334,0.1499999999999998,5.492195729776815,2849,0.4619164619164619,1122,241,170
frl_apartment_5,seq_0005,33,random,14,3,32768,0.805267333984375,0.5145263671875,0.5836965172243908,0.22849083215796898,0.14999999999999988,5.268687928808375,3182,0.28755499685732244,967,594,706
frl_apartment_5,seq_0005,33,random,15,0,32768,0.86639404296875,0.643096923828125,0.6342726312081719,0.7003197807217908,0.30000000000000004,10.65467313220818,2031,0.5430822255046776,573,262,93
frl_apartment_5,seq_0005,33,random,16,8,32768,0.932861328125,0.581085205078125,0.5849581261449882,0.5272727272727272,0.30000000000000004,9.947553801190788,1772,0.46613995485327314,587,169,190
frl_apartment_5,seq_0005,33,random,17,16,32768,0.934112548828125,0.5699462890625,0.575745695710412,0.4877257989810097,0.30000000000000004,9.93408131345669,1702,0.45769682726204464,537,196,190
frl_apartment_5,seq_0005,33,random,18,20,32768,0.938140869140625,0.560333251953125,0.5668325688819492,0.46176615688209177,0.1499999999999998,4.958426233703196,1706,0.4642438452520516,539,204,171
frl_apartment_5,seq_0005,33,random,19,12,32768,0.958099365234375,0.574859619140625,0.5799012581621277,0.45957756737072103,0.1499999999999998,5.0235832372803415,1257,0.44630071599045346,366,171,159
frl_apartment_5,seq_0005,33,random,20,21,32768,0.962249755859375,0.578857421875,0.5867558910278773,0.37752627324171384,0.15000000000000022,4.958426233703209,1097,0.3691886964448496,361,191,140
frl_apartment_5,seq_0005,33,random,21,13,32768,0.96435546875,0.57598876953125,0.5833544303797469,0.3767123287671233,0.15000000000000022,5.004651877960657,1128,0.374113475177305,442,151,113
frl_apartment_5,seq_0005,33,random,22,7,32768,0.948822021484375,0.56219482421875,0.5740568010035059,0.3422778771615981,0.1499999999999998,4.987277055386218,1383,0.31308749096167754,679,138,133
frl_apartment_5,seq_0005,33,random,23,5,32768,0.917572021484375,0.514617919921875,0.5321116173878339,0.3198815253609774,0.14999999999999988,5.165774039647721,2044,0.3111545988258317,708,419,281
frl_apartment_5,seq_0005,33,random,24,17,32768,0.95880126953125,0.581146240234375,0.5902030683047934,0.37037037037037035,0.1499999999999998,5.0235832372803415,1229,0.36126932465419037,465,174,146
frl_apartment_5,seq_0005,33,random,25,14,32768,0.97271728515625,0.589263916015625,0.5951245529271506,0.38031319910514544,0.15000000000000022,5.015886238794434,851,0.36310223266745006,299,140,103
frl_apartment_5,seq_0005,33,random,26,28,32768,0.909454345703125,0.57818603515625,0.5748800375826315,0.61139197842939,0.15000000000000066,5.681027671466354,1568,0.5019132653061225,475,169,137
frl_apartment_5,seq_0005,33,random,27,22,32768,0.96270751953125,0.567291259765625,0.5795980472960122,0.24959083469721768,0.1499999999999998,4.958426233703196,1038,0.2764932562620424,354,302,95
frl_apartment_5,seq_0005,33,random,28,9,32768,0.977874755859375,0.59033203125,0.5939830852292233,0.4289655172413793,0.15000000000000002,4.958426233703203,640,0.3734375,223,101,77
frl_apartment_5,seq_0005,33,random,29,29,32768,0.968994140625,0.56671142578125,0.5739166036785084,0.34153543307086615,0.1499999999999989,5.956451666704138,985,0.3319796954314721,384,176,98
frl_apartment_5,seq_0005,33,random,30,24,32768,0.969818115234375,0.574005126953125,0.5843796217627993,0.24064711830131447,0.1499999999999998,5.081623462149601,853,0.2708089097303634,196,301,125
frl_apartment_5,seq_0005,33,random,31,1,32768,0.9102783203125,0.591552734375,0.5983304277859729,0.5227891156462585,0.15000000000000002,5.338293955176334,1615,0.49597523219814244,435,252,127
frl_apartment_5,seq_0005,33,random,32,15,32768,0.96771240234375,0.560516357421875,0.5719331441185745,0.21833648393194707,0.1499999999999998,5.001169593370115,1000,0.212,457,203,128
frl_apartment_5,seq_0005,33,random,33,31,32768,0.96160888671875,0.665130615234375,0.6771501110758489,0.3640699523052464,0.1499999999999998,6.286534363912399,998,0.2625250501002004,333,268,135
frl_apartment_5,seq_0005,33,sequential,1,0,32768,0.0,0.643096923828125,,0.643096923828125,,,7486,0.6629708789740849,1497,709,317
frl_apartment_5,seq_0005,33,sequential,2,1,32768,0.6629638671875,0.591552734375,0.5735131651629534,0.6270373053241579,0.15000000000000002,5.338293955176334,4864,0.5795641447368421,1323,504,218
frl_apartment_5,seq_0005,33,sequential,3,2,32768,0.72772216796875,0.5411376953125,0.5866392686404428,0.4195247702308899,0.15000000000000002,5.240867022748333,4869,0.3596220989936332,1539,878,701
frl_apartment_5,seq_0005,33,sequential,4,3,32768,0.685882568359375,0.5145263671875,0.5319243604004449,0.47653745263771496,0.14999999999999988,5.268687928808375,4495,0.42447163515016684,1172,674,741
frl_apartment_5,seq_0005,33,sequential,5,4,32768,0.7891845703125,0.533660888671875,0.5662412993039443,0.41169658367110595,0.15000000000000002,5.2030976428696984,4354,0.4242076251722554,1419,641,447
frl_apartment_5,seq_0005,33,sequential,6,5,32768,0.86883544921875,0.514617919921875,0.5307341060765718,0.4078641228478362,0.14999999999999988,5.165774039647721,3401,0.4119376653925316,1105,491,404
frl_apartment_5,seq_0005,33,sequential,7,6,32768,0.66693115234375,0.577423095703125,0.6651871510936213,0.40168590800806303,0.15000000000000002,5.072716781124394,5229,0.4815452285331803,1369,656,686
frl_apartment_5,seq_0005,33,sequential,8,7,32768,0.830657958984375,0.56219482421875,0.6032550791726368,0.3607857271580465,0.15000000000000022,4.987277055386231,3783,0.3626751255617235,1322,473,616
frl_apartment_5,seq_0005,33,sequential,9,8,32768,0.8763427734375,0.581085205078125,0.5850745229140549,0.5528134254689042,0.1499999999999998,5.011542126187044,2889,0.48078920041536866,839,283,378
frl_apartment_5,seq_0005,33,sequential,10,9,32768,0.8780517578125,0.59033203125,0.5851522313360211,0.6276276276276276,0.15000000000000002,4.958426233703203,3058,0.5843688685415304,701,266,304
frl_apartment_5,seq_0005,33,sequential,11,10,32768,0.83453369140625,0.579620361328125,0.5622760184304835,0.6670970121726301,0.15000000000000002,4.986479519414747,3363,0.5453464168896819,899,331,299
frl_apartment_5,seq_0005,33,sequential,12,11,32768,0.85455322265625,0.579681396484375,0.5523176915934576,0.7404532102391943,0.15000000000000002,5.011542126187052,2393,0.579189302131216,555,237,215
frl_apartment_5,seq_0005,33,sequential,13,12,32768,0.922393798828125,0.574859619140625,0.5780645161290323,0.5367675973259929,0.1499999999999998,5.0235832372803415,2154,0.510213556174559,582,235,238
frl_apartment_5,seq_0005,33,sequential,14,13,32768,0.938018798828125,0.57598876953125,0.5809610567069005,0.5007385524372231,0.15000000000000022,5.004651877960657,1826,0.48576122672508215,549,205,185
frl_apartment_5,seq_0005,33,sequential,15,14,32768,0.94451904296875,0.589263916015625,0.5948303715670437,0.4944994499449945,0.15000000000000022,5.015886238794434,1622,0.4722564734895191,464,209,183
frl_apartment_5,seq_0005,33,sequential,16,15,32768,0.923736572265625,0.560516357421875,0.5713105817833427,0.4297719087635054,0.1499999999999998,5.001169593370115,2231,0.4110264455401165,815,290,209
frl_apartment_5,seq_0005,33,sequential,17,16,32768,0.938690185546875,0.5699462890625,0.5725803829773399,0.5296167247386759,0.1499999999999998,5.004651877960644,1527,0.4931237721021611,399,208,167
frl_apartment_5,seq_0005,33,sequential,18,17,32768,0.9224853515625,0.581146240234375,0.5884279475982532,0.494488188976378,0.1499999999999998,5.0235832372803415,1990,0.45025125628140705,673,238,183
frl_apartment_5,seq_0005,33,sequential,19,18,32768,0.93548583984375,0.593536376953125,0.5980948652704378,0.5274361400189215,0.15000000000000022,5.0115421261870585,1706,0.5076201641266119,490,186,164
frl_apartment_5,seq_0005,33,sequential,20,19,32768,0.950042724609375,0.569854736328125,0.5847226237512447,0.2871105681124007,0.15000000000000022,5.001169593370128,1285,0.3167315175097276,513,205,160
frl_apartment_5,seq_0005,33,sequential,21,20,32768,0.942718505859375,0.560333251953125,0.5671878540675278,0.447522642514651,0.1499999999999998,4.958426233703196,1573,0.44119516846789575,531,195,153
frl_apartment_5,seq_0005,33,sequential,22,21,32768,0.948974609375,0.578857421875,0.5837728325186519,0.4874401913875598,0.15000000000000022,4.958426233703209,1380,0.4543478260869565,383,227,143
frl_apartment_5,seq_0005,33,sequential,23,22,32768,0.951568603515625,0.567291259765625,0.5801930662903692,0.31379962192816635,0.1499999999999998,4.958426233703196,1269,0.31757289204097716,417,321,128
frl_apartment_5,seq_0005,33,sequential,24,23,32768,0.96136474609375,0.56951904296875,0.5821852580788521,0.25434439178515006,0.1499999999999998,4.987277055386218,1124,0.2793594306049822,386,276,148
frl_apartment_5,seq_0005,33,sequential,25,24,32768,0.95867919921875,0.574005126953125,0.5847074552747182,0.3257016248153619,0.1499999999999998,5.081623462149601,1131,0.3651635720601238,254,322,142
frl_apartment_5,seq_0005,33,sequential,26,25,32768,0.959136962890625,0.597076416015625,0.602564510483948,0.4682598954443615,0.15000000000000066,5.125103091720496,1216,0.4720394736842105,358,147,137
frl_apartment_5,seq_0005,33,sequential,27,26,32768,0.954010009765625,0.607513427734375,0.6129362464412527,0.49502322495023227,0.1499999999999998,5.2242903978575805,1186,0.4156829679595278,319,179,195
frl_apartment_5,seq_0005,33,sequential,28,27,32768,0.809173583984375,0.5572509765625,0.5469356967754101,0.6009915240684471,0.1499999999999998,5.492195729776815,2624,0.47865853658536583,1007,203,158
frl_apartment_5,seq_0005,33,sequential,29,28,32768,0.904754638671875,0.57818603515625,0.571052720342699,0.6459468119192566,0.15000000000000066,5.681027671466354,1703,0.5284791544333529,483,181,139
frl_apartment_5,seq_0005,33,sequential,30,29,32768,0.962860107421875,0.56671142578125,0.574720294126969,0.3590797041906327,0.1499999999999989,5.956451666704138,1144,0.3583916083916084,420,207,107
frl_apartment_5,seq_0005,33,sequential,31,30,32768,0.913909912109375,0.631744384765625,0.6424349684442515,0.5182559376107764,0.15000000000000066,6.0992262297313315,1388,0.3177233429394813,448,287,212
frl_apartment_5,seq_0005,33,sequential,32,31,32768,0.944793701171875,0.665130615234375,0.6748279983203592,0.49917081260364843,0.1499999999999998,6.286534363912399,1196,0.30434782608695654,360,307,165
frl_apartment_5,seq_0005,33,sequential,33,32,32768,0.926025390625,0.691802978515625,0.7022146058528869,0.5614686468646864,0.1499999999999998,6.640087417360562,1383,0.27114967462039047,502,371,135
office_4,seq_0000,15,spread,1,0,32768,0.0,0.78497314453125,,0.78497314453125,,,10310,0.576721629485936,2503,1277,584
office_4,seq_0000,15,spread,2,14,32768,0.287841796875,0.8375244140625,0.960559796437659,0.7877956804936579,2.1,55.29974768895853,6490,0.4901386748844376,2296,986,27
office_4,seq_0000,15,spread,3,7,32768,0.693511962890625,0.803192138671875,0.942002200220022,0.4890968834013741,1.05,29.966285511499397,5737,0.4232177096043228,2178,1041,90
office_4,seq_0000,15,spread,4,10,32768,0.70458984375,0.8402099609375,0.9376732501732502,0.6077479338842975,0.4500000000000002,14.324847702790475,5061,0.5364552459988144,1450,808,88
office_4,seq_0000,15,spread,5,3,32768,0.8438720703125,0.845672607421875,0.904961666425575,0.5252150117279124,0.4500000000000001,13.124741128458952,3100,0.47,1077,529,37
office_4,seq_0000,15,spread,6,5,32768,0.76953125,0.774078369140625,0.9208042512690355,0.2841631355932203,0.29999999999999993,8.965843417565743,4947,0.28340408328279765,1332,1126,1087
office_4,seq_0000,15,spread,7,12,32768,0.822662353515625,0.820098876953125,0.9065919798197128,0.41886078127688864,0.2999999999999995,10.073688633404137,3524,0.3572644721906924,1163,1040,62
office_4,seq_0000,15,spread,8,9,32768,0.904205322265625,0.8533935546875,0.9027979344561072,0.3870659445683339,0.15000000000000022,4.8414619142639035,2339,0.3009833262077811,563,605,467
office_4,seq_0000,15,spread,9,1,32768,0.904571533203125,0.7744140625,0.8286495057521676,0.26031339942436843,0.1500000000000002,4.483756125337296,2177,0.2797427652733119,855,519,194
office_4,seq_0000,15,spread,10,13,32768,0.88165283203125,0.826416015625,0.8901696088611977,0.35146982980918,0.1500000000000002,5.4440418087343945,2056,0.40029182879377434,645,568,20
office_4,seq_0000,15,spread,11,4,32768,0.92730712890625,0.823089599609375,0.8664187454748897,0.2703610411418976,0.14999999999999977,4.444142411582845,1907,0.2847404299947562,727,550,87
office_4,seq_0000,15,spread,12,8,32768,0.94989013671875,0.821136474609375,0.8472016963310416,0.3270401948842874,0.14999999999999977,4.691844992689992,1305,0.31340996168582375,426,435,35
office_4,seq_0000,15,spread,13,2,32768,0.953887939453125,0.8155517578125,0.8352049140992418,0.40900066181336864,0.14999999999999974,4.447617330168752,1344,0.43601190476190477,684,72,2
office_4,seq_0000,15,spread,14,6,32768,0.947357177734375,0.8077392578125,0.8408658956930709,0.21159420289855072,0.14999999999999974,4.483656821985976,1256,0.20063694267515925,339,513,152
office_4,seq_0000,15,spread,15,11,32768,0.958953857421875,0.85198974609375,0.8768418037743054,0.27137546468401486,0.14999999999999974,5.033599635329154,1204,0.23588039867109634,311,205,404
office_4,seq_0000,15,random,1,2,32768,0.0,0.8155517578125,,0.8155517578125,,,10048,0.6291799363057324,2743,913,70
office_4,seq_0000,15,random,2,11,32768,0.6556396484375,0.85198974609375,0.9528486315397505,0.6599610067352003,1.35,38.40444164697391,5737,0.49363778978560224,1595,808,502
office_4,seq_0000,15,random,3,3,32768,0.82916259765625,0.845672607421875,0.9082443871917556,0.5419792783136834,0.1500000000000002,4.444142411582858,3916,0.5165985699693565,1268,595,30
office_4,seq_0000,15,random,4,10,32768,0.775360107421875,0.8402099609375,0.938127287755343,0.5022415432685776,0.14999999999999974,4.865264486876166,4334,0.46077526534379326,1396,851,90
office_4,seq_0000,15,random,5,0,32768,0.75738525390625,0.78497314453125,0.8889515674107502,0.46037735849056605,0.29999999999999993,9.031777344645624,4599,0.40878451837355945,1362,803,554
office_4,seq_0000,15,random,6,4,32768,0.89569091796875,0.823089599609375,0.8806132879045997,0.3291398478642481,0.14999999999999977,4.444142411582845,2569,0.320358115998443,1023,636,87
office_4,seq_0000,15,random,7,7,32768,0.867828369140625,0.803192138671875,0.8589865316313254,0.4368506118679289,0.4500000000000001,13.879737034121634,2681,0.39015292801193585,1092,535,8
office_4,seq_0000,15,random,8,5,32768,0.792266845703125,0.774078369140625,0.9100188744655445,0.255619215513442,0.15000000000000022,4.510533883943608,4510,0.2636363636363636,1151,1083,1087
office_4,seq_0000,15,random,9,14,32768,0.78497314453125,0.8375244140625,0.93600808646295,0.478001703093954,0.4500000000000001,17.19546418396721,3718,0.3738569123184508,1569,748,11
office_4,seq_0000,15,random,10,12,32768,0.857147216796875,0.820098876953125,0.89422152597287,0.37534714804528946,0.14999999999999974,5.076071992647175,2949,0.3136656493726687,984,978,62
office_4,seq_0000,15,random,11,6,32768,0.925750732421875,0.8077392578125,0.8557771551013681,0.20879572544184136,0.14999999999999974,4.483656821985976,1763,0.2041973908111174,495,695,213
office_4,seq_0000,15,random,12,9,32768,0.93023681640625,0.8533935546875,0.890197493602782,0.3626421697287839,0.15000000000000022,4.8414619142639035,1813,0.2746828461114175,410,475,430
office_4,seq_0000,15,random,13,13,32768,0.891265869140625,0.826416015625,0.8857729840780688,0.33988212180746563,0.1500000000000002,5.4440418087343945,1842,0.4017372421281216,569,515,18
office_4,seq_0000,15,random,14,8,32768,0.966278076171875,0.821136474609375,0.8376338312857278,0.34841628959276016,0.14999999999999977,4.691844992689992,889,0.33183352080989875,298,282,14
office_4,seq_0000,15,random,15,1,32768,0.945281982421875,0.7744140625,0.8035835351089589,0.2704963747908533,0.14999999999999974,4.483756125337282,1389,0.28797696184305255,485,365,139
office_4,seq_0000,15,sequential,1,0,32768,0.0,0.78497314453125,,0.78497314453125,,,10310,0.576721629485936,2503,1277,584
office_4,seq_0000,15,sequential,2,1,32768,0.727294921875,0.7744140625,0.9074773413897281,0.4195389435989257,0.1500000000000002,4.483756125337296,5188,0.41480339244410175,1853,949,234
office_4,seq_0000,15,sequential,3,2,32768,0.79681396484375,0.8155517578125,0.8930677901187285,0.5115650345449084,0.14999999999999974,4.447617330168752,4317,0.4945564049108177,1698,430,54
office_4,seq_0000,15,sequential,4,3,32768,0.85858154296875,0.845672607421875,0.8834150849505936,0.6165299956840742,0.1500000000000002,4.444142411582858,3055,0.5567921440261866,865,467,22
office_4,seq_0000,15,sequential,5,4,32768,0.870758056640625,0.823089599609375,0.8844846318298111,0.40944510035419124,0.14999999999999977,4.444142411582845,2999,0.3781260420140047,1130,648,87
office_4,seq_0000,15,sequential,6,5,32768,0.756561279296875,0.774078369140625,0.9198499455447542,0.32104801303748276,0.15000000000000022,4.510533883943608,5063,0.3043650009875568,1303,1128,1091
office_4,seq_0000,15,sequential,7,6,32768,0.86517333984375,0.8077392578125,0.8827513227513227,0.3263920325939339,0.14999999999999974,4.483656821985976,2981,0.29922844682992283,946,956,187
office_4,seq_0000,15,sequential,8,7,32768,0.831329345703125,0.803192138671875,0.863037333431225,0.5082323140944455,0.1500000000000002,4.708627644169567,3155,0.4443740095087163,1178,530,45
office_4,seq_0000,15,sequential,9,8,32768,0.903564453125,0.821136474609375,0.8582139962172386,0.4737341772151899,0.14999999999999977,4.691844992689992,1974,0.4351570415400203,623,459,33
office_4,seq_0000,15,sequential,10,9,32768,0.916290283203125,0.8533935546875,0.9022814321398834,0.3182646737149107,0.1500000000000002,4.841461914263903,2211,0.26865671641791045,484,675,458
office_4,seq_0000,15,sequential,11,10,32768,0.92926025390625,0.8402099609375,0.8660426929392446,0.500862812769629,0.15000000000000022,4.865264486876181,1753,0.41985168282943525,421,532,64
office_4,seq_0000,15,sequential,12,11,32768,0.918701171875,0.85198974609375,0.8845668349720968,0.4838588588588589,0.14999999999999974,5.033599635329154,1844,0.38015184381778744,515,223,405
office_4,seq_0000,15,sequential,13,12,32768,0.821014404296875,0.820098876953125,0.90584693156897,0.426768968456948,0.14999999999999974,5.076071992647175,3165,0.3481832543443918,1093,922,48
office_4,seq_0000,15,sequential,14,13,32768,0.878265380859375,0.826416015625,0.8910664025852184,0.35998997242416647,0.1500000000000002,5.4440418087343945,2009,0.4106520657043305,645,523,16
office_4,seq_0000,15,sequential,15,14,32768,0.86346435546875,0.8375244140625,0.9077896373789496,0.39316048278945015,0.15000000000000022,5.889514326987768,2733,0.3465056714233443,1193,585,8
frl_apartment_5,seq_0011,18,spread,1,0,32768,0.0,0.689727783203125,,0.689727783203125,,,6136,0.670632333767927,1351,476,194
frl_apartment_5,seq_0011,18,spread,2,17,32768,0.04205322265625,0.968353271484375,0.9593613933236574,0.9687480089200382,2.55,67.31774794985476,3306,0.7955232909860859,389,206,81
frl_apartment_5,seq_0011,18,spread,3,8,32768,0.589935302734375,0.84735107421875,0.9644612280792509,0.6788717719729106,1.2,41.473758386941476,2539,0.4990153603781016,810,364,98
frl_apartment_5,seq_0011,18,spread,4,4,32768,0.66571044921875,0.794677734375,0.8848445952140827,0.615117765199927,0.6,23.624154895076764,2539,0.5198897203623474,820,309,90
frl_apartment_5,seq_0011,18,spread,5,12,32768,0.821258544921875,0.95758056640625,0.9733566199695292,0.8850947584087416,0.6,25.909821556737775,1490,0.6838926174496645,263,145,63
frl_apartment_5,seq_0011,18,spread,6,2,32768,0.763946533203125,0.77056884765625,0.8036991171653417,0.6633484162895927,0.3,12.165172983799534,2199,0.5602546612096407,647,238,82
frl_apartment_5,seq_0011,18,spread,7,6,32768,0.891265869140625,0.81494140625,0.8716315699366547,0.3502666292450182,0.3,12.336118183478613,1587,0.25015752993068685,677,407,106
frl_apartment_5,seq_0011,18,spread,8,10,32768,0.918121337890625,0.95025634765625,0.969951803224198,0.7294073797987327,0.3,13.110801348648502,1107,0.49232158988256547,345,143,74
frl_apartment_5,seq_0011,18,spread,9,14,32768,0.9388427734375,0.971923828125,0.9863151735795085,0.750998003992016,0.3,14.534838417424117,899,0.48164627363737483,258,136,72
frl_apartment_5,seq_0011,18,spread,10,15,32768,0.82281494140625,0.900360107421875,0.9841999851643053,0.5110230795728556,0.15000000000000022,7.507275236720523,1449,0.42028985507246375,632,170,38
frl_apartment_5,seq_0011,18,spread,11,1,32768,0.841949462890625,0.72283935546875,0.7433397368516438,0.6136319752848041,0.15,6.067288910651127,1974,0.39463019250253295,521,350,324
frl_apartment_5,seq_0011,18,spread,12,3,32768,0.895294189453125,0.761383056640625,0.8236697685516583,0.2287962693092393,0.15,6.193943555543371,1434,0.3089260808926081,535,334,122
frl_apartment_5,seq_0011,18,spread,13,5,32768,0.96630859375,0.833038330078125,0.8496399696816574,0.35688405797101447,0.15,6.271204077952509,623,0.27929373996789725,258,126,65
frl_apartment_5,seq_0011,18,spread,14,7,32768,0.926544189453125,0.864990234375,0.9139356411185402,0.24761113419194017,0.15,6.4712867646014915,930,0.12473118279569892,406,309,99
frl_apartment_5,seq_0011,18,spread,15,9,32768,0.976287841796875,0.872100830078125,0.8858428933137444,0.3063063063063063,0.15,6.359225532228197,574,0.2508710801393728,246,118,66
frl_apartment_5,seq_0011,18,spread,16,11,32768,0.938629150390625,0.902618408203125,0.9486620931820399,0.1984087518647439,0.14999999999999977,6.722822492699463,1142,0.15761821366024517,252,357,353
frl_apartment_5,seq_0011,18,spread,17,13,32768,0.981109619140625,0.946319580078125,0.9577280786338611,0.35379644588045234,0.14999999999999977,6.94680675276785,546,0.2857142857142857,213,96,81
frl_apartment_5,seq_0011,18,spread,18,16,32768,0.945587158203125,0.93927001953125,0.9790221074713571,0.24845765563656758,0.14999999999999977,7.584587190912275,649,0.2542372881355932,353,131,0
frl_apartment_5,seq_0011,18,random,1,2,32768,0.0,0.77056884765625,,0.77056884765625,,,5682,0.7108412530799014,1058,454,131
frl_apartment_5,seq_0011,18,random,2,10,32768,0.33624267578125,0.95025634765625,0.964149573425304,0.9432183908045977,1.2,42.972682609939575,3300,0.7439393939393939,545,205,95
frl_apartment_5,seq_0011,18,random,3,3,32768,0.73187255859375,0.761383056640625,0.8411725460762238,0.5435920783063966,0.15,6.193943555543371,2674,0.4700822737471952,825,441,151
frl_apartment_5,seq_0011,18,random,4,12,32768,0.739532470703125,0.95758056640625,0.9832047208352247,0.8848271821909783,0.3,13.652352773394728,1829,0.6752323674138874,374,162,58
frl_apartment_5,seq_0011,18,random,5,0,32768,0.68109130859375,0.689727783203125,0.6638139618245362,0.7450717703349282,0.3,11.618440954151826,3370,0.6002967359050445,981,222,144
frl_apartment_5,seq_0011,18,random,6,4,32768,0.766082763671875,0.794677734375,0.8883798749153488,0.4878016960208741,0.15,6.240377164298716,1678,0.37902264600715135,683,269,90
frl_apartment_5,seq_0011,18,random,7,7,32768,0.799713134765625,0.864990234375,0.955313871398588,0.5043425262837117,0.45,18.79261649073258,1692,0.3197399527186761,654,388,109
frl_apartment_5,seq_0011,18,random,8,5,32768,0.931671142578125,0.833038330078125,0.8615414851452717,0.44439481911567663,0.15,6.271204077952509,910,0.33516483516483514,376,151,78
frl_apartment_5,seq_0011,18,random,9,16,32768,0.8018798828125,0.93927001953125,0.990295326533719,0.7327479975354282,0.6,28.040604665982194,1243,0.49718423169750603,494,131,0
frl_apartment_5,seq_0011,18,random,10,13,32768,0.970184326171875,0.946319580078125,0.9612468937749677,0.46059365404298874,0.14999999999999977,6.94680675276785,744,0.3387096774193548,282,126,84
frl_apartment_5,seq_0011,18,random,11,14,32768,0.96923828125,0.971923828125,0.9840994962216625,0.5882936507936508,0.15000000000000022,7.386244322584195,667,0.4002998500749625,211,121,68
frl_apartment_5,seq_0011,18,random,12,11,32768,0.923919677734375,0.902618408203125,0.9596036333608587,0.21058965102286403,0.14999999999999977,6.722822492699463,1440,0.19583333333333333,352,433,373
frl_apartment_5,seq_0011,18,random,13,6,32768,0.936309814453125,0.81494140625,0.852807926729898,0.2582654528030666,0.15,6.240377164298716,1108,0.17870036101083034,474,330,106
frl_apartment_5,seq_0011,18,random,14,9,32768,0.96270751953125,0.872100830078125,0.889367907183161,0.42635024549918166,0.15,6.359225532228197,668,0.3008982035928144,288,116,63
frl_apartment_5,seq_0011,18,random,15,17,32768,0.944610595703125,0.968353271484375,0.9883371563337964,0.6275482093663912,0.14999999999999977,8.011449384013144,837,0.4253285543608124,243,180,58
frl_apartment_5,seq_0011,18,random,16,8,32768,0.97271728515625,0.84735107421875,0.8621760682688084,0.3187919463087248,0.15,6.304959146699868,529,0.14366729678638943,170,218,65
frl_apartment_5,seq_0011,18,random,17,1,32768,0.89239501953125,0.72283935546875,0.7368511045756104,0.6066364152013614,0.15,6.067288910651127,1590,0.3672955974842767,399,305,302
frl_apartment_5,seq_0011,18,random,18,15,32768,0.844940185546875,0.900360107421875,0.9775707010510348,0.47962999409565044,0.14999999999999977,7.507275236720501,1162,0.3898450946643718,527,149,33
frl_apartment_5,seq_0011,18,sequential,1,0,32768,0.0,0.689727783203125,,0.689727783203125,,,6136,0.670632333767927,1351,476,194
frl_apartment_5,seq_0011,18,sequential,2,1,32768,0.602691650390625,0.72283935546875,0.6883386500582308,0.7751747446040402,0.15,6.067288910651127,4289,0.6302168337607834,806,445,335
frl_apartment_5,seq_0011,18,sequential,3,2,32768,0.759124755859375,0.77056884765625,0.7994371859296482,0.6795895096921323,0.15,6.151917401359298,2617,0.5831104317921284,714,268,109
frl_apartment_5,seq_0011,18,sequential,4,3,32768,0.78863525390625,0.761383056640625,0.8118566674406006,0.5730580421599769,0.15,6.193943555543371,2110,0.4720379146919431,613,360,141
frl_apartment_5,seq_0011,18,sequential,5,4,32768,0.746673583984375,0.794677734375,0.8860505987656844,0.5253583905553548,0.15,6.240377164298716,1872,0.43162393162393164,717,258,89
frl_apartment_5,seq_0011,18,sequential,6,5,32768,0.682861328125,0.833038330078125,0.9060600643546657,0.6758083140877598,0.15,6.271204077952509,1888,0.534957627118644,598,198,82
frl_apartment_5,seq_0011,18,sequential,7,6,32768,0.756256103515625,0.81494140625,0.9199790161817522,0.4890446976336547,0.15,6.240377164298716,2227,0.3920071845532106,835,420,99
frl_apartment_5,seq_0011,18,sequential,8,7,32768,0.83984375,0.864990234375,0.9330305232558139,0.5081935975609756,0.15,6.4712867646014915,1464,0.33879781420765026,517,350,101
frl_apartment_5,seq_0011,18,sequential,9,8,32768,0.943115234375,0.84735107421875,0.8704374838208646,0.4645922746781116,0.15,6.304959146699868,806,0.27915632754342434,281,234,66
frl_apartment_5,seq_0011,18,sequential,10,9,32768,0.962799072265625,0.872100830078125,0.8890297632254588,0.4339622641509434,0.15,6.359225532228197,789,0.302915082382763,317,147,86
frl_apartment_5,seq_0011,18,sequential,11,10,32768,0.92523193359375,0.95025634765625,0.9587373837324362,0.8453061224489796,0.15,6.6423476834745285,805,0.5341614906832298,201,104,70
frl_apartment_5,seq_0011,18,sequential,12,11,32768,0.911376953125,0.902618408203125,0.9498057862309135,0.41735537190082644,0.15000000000000022,6.722822492699484,1407,0.28429282160625446,279,372,356
frl_apartment_5,seq_0011,18,sequential,13,12,32768,0.9405517578125,0.95758056640625,0.9661583387410773,0.8218685831622177,0.14999999999999977,6.924457885766852,556,0.5575539568345323,110,94,42
frl_apartment_5,seq_0011,18,sequential,14,13,32768,0.966461181640625,0.946319580078125,0.9586977801635669,0.5896269335759782,0.14999999999999977,6.94680675276785,698,0.3825214899713467,236,112,83
frl_apartment_5,seq_0011,18,sequential,15,14,32768,0.942779541015625,0.971923828125,0.9826497912148383,0.7952,0.15000000000000022,7.386244322584195,663,0.4464555052790347,191,112,64
frl_apartment_5,seq_0011,18,sequential,16,15,32768,0.836700439453125,0.900360107421875,0.9811066126855601,0.48663801158661935,0.15000000000000022,7.507275236720523,1263,0.3919239904988123,584,151,33
frl_apartment_5,seq_0011,18,sequential,17,16,32768,0.935516357421875,0.93927001953125,0.9844723536127875,0.28348319924278276,0.14999999999999977,7.584587190912275,743,0.29071332436069985,396,131,0
frl_apartment_5,seq_0011,18,sequential,18,17,32768,0.9471435546875,0.968353271484375,0.987691712849594,0.621824480369515,0.14999999999999977,8.011449384013144,790,0.4139240506329114,233,172,58
office_4,seq_0002,16,spread,1,0,32768,0.0,0.784210205078125,,0.784210205078125,,,10250,0.5640975609756097,3077,1383,8
office_4,seq_0002,16,spread,2,15,32768,0.26373291015625,0.893585205078125,0.9568386947465864,0.8709276299428003,2.2553886706804542,65.25832687613818,5621,0.576054082903398,1509,864,10
office_4,seq_0002,16,spread,3,8,32768,0.57025146484375,0.91650390625,0.9736166113667987,0.8407186479193296,1.061498024413492,31.063149226202878,5870,0.7109028960817717,1061,625,11
office_4,seq_0002,16,spread,4,4,32768,0.788818359375,0.859100341796875,0.9478489631692975,0.5276011560693642,0.6000000000000001,17.47563557171172,4553,0.4954974741928399,1914,379,4
office_4,seq_0002,16,spread,5,12,32768,0.65582275390625,0.915191650390625,0.9542577943229409,0.840751906366377,0.47621219622532474,17.20346459017806,3484,0.5582663605051664,906,622,11
office_4,seq_0002,16,spread,6,6,32768,0.84649658203125,0.850250244140625,0.9257336505876415,0.43399602385685887,0.2999999999999999,9.447057425881566,3652,0.39704271631982474,1449,470,283
office_4,seq_0002,16,spread,7,2,32768,0.85211181640625,0.82562255859375,0.9002220471312943,0.3957903425505572,0.2999999999999998,9.02330908883321,2869,0.3970024398745207,1455,274,1
office_4,seq_0002,16,spread,8,10,32768,0.908477783203125,0.9041748046875,0.958110786388525,0.3687895965321774,0.2999999999999998,10.067511719832789,2395,0.2567849686847599,665,723,392
office_4,seq_0002,16,spread,9,14,32768,0.815582275390625,0.915069580078125,0.9530776426566885,0.746979976832699,0.168737689812405,7.5586265972883195,2445,0.4147239263803681,510,581,340
office_4,seq_0002,16,spread,10,3,32768,0.8900146484375,0.845428466796875,0.9187354272390619,0.25221975582685907,0.1500000000000001,4.544117067994679,2853,0.23203645285664212,1100,911,180
office_4,seq_0002,16,spread,11,7,32768,0.9456787109375,0.8878173828125,0.915483412934039,0.4061797752808989,0.1500000000000001,4.816655147165044,1676,0.3902147971360382,482,277,263
office_4,seq_0002,16,spread,12,1,32768,0.864166259765625,0.821502685546875,0.8911961012819155,0.3781172770164008,0.14999999999999988,4.6579999219174315,2664,0.28678678678678676,1117,781,2
office_4,seq_0002,16,spread,13,5,32768,0.9423828125,0.8935546875,0.9257772020725389,0.3665254237288136,0.14999999999999972,4.624913063455465,1565,0.3795527156549521,591,371,9
office_4,seq_0002,16,spread,14,11,32768,0.94049072265625,0.909088134765625,0.9445129469790382,0.34923076923076923,0.14999999999999972,5.128702367455654,1657,0.2528666264333132,468,658,112
office_4,seq_0002,16,spread,15,13,32768,0.960784912109375,0.920806884765625,0.9484801321348029,0.24280155642023346,0.14999999999999972,6.009908964878695,1193,0.21207041072925398,249,391,300
office_4,seq_0002,16,spread,16,9,32768,0.954010009765625,0.924591064453125,0.9461629506413742,0.47710683477106836,0.14999999999999966,4.97180767089183,1400,0.47285714285714286,630,108,0
office_4,seq_0002,16,random,1,2,32768,0.0,0.82562255859375,,0.82562255859375,,,9724,0.636055121349239,3001,535,3
office_4,seq_0002,16,random,2,11,32768,0.47943115234375,0.909088134765625,0.983386378103119,0.8406612733028491,1.35,38.93035096819495,6029,0.6185105324266047,1161,1019,120
office_4,seq_0002,16,random,3,3,32768,0.729888916015625,0.845428466796875,0.9659238198770749,0.5198282679923173,0.15000000000000016,4.544117067994681,5375,0.4141395348837209,1893,1050,206
office_4,seq_0002,16,random,4,10,32768,0.839202880859375,0.9041748046875,0.9657805738390487,0.5826532548870753,0.14999999999999972,5.0729110477549835,3369,0.41466310477886614,858,724,390
office_4,seq_0002,16,random,5,0,32768,0.78662109375,0.784210205078125,0.9077048417132216,0.32894736842105265,0.2999999999999998,9.084022117787768,4408,0.3028584392014519,1964,1106,3
office_4,seq_0002,16,random,6,4,32768,0.8524169921875,0.859100341796875,0.9265000716024632,0.46980976013234077,0.1500000000000001,4.500348922241875,3230,0.46191950464396286,1455,282,1
office_4,seq_0002,16,random,7,7,32768,0.9080810546875,0.8878173828125,0.9259981180266165,0.5106241699867198,0.45,14.186880243728545,2443,0.4559967253376995,741,309,279
office_4,seq_0002,16,random,8,5,32768,0.92327880859375,0.8935546875,0.927017914986448,0.4908512330946698,0.15000000000000016,4.6249130634554785,1897,0.4528202424881392,699,332,7
office_4,seq_0002,16,random,9,14,32768,0.811920166015625,0.915069580078125,0.9677504228528472,0.6876521174752556,0.45680127301553475,19.759499489862726,3000,0.409,724,704,345
office_4,seq_0002,16,random,10,12,32768,0.887725830078125,0.915191650390625,0.9672384750249235,0.5036694754009242,0.1500000000000001,5.570168087618042,2667,0.4401949756280465,823,659,11
office_4,seq_0002,16,random,11,6,32768,0.901947021484375,0.850250244140625,0.8955845034681102,0.4332399626517274,0.14999999999999972,4.755851645617918,2215,0.37020316027088035,798,354,243
office_4,seq_0002,16,random,12,9,32768,0.930206298828125,0.924591064453125,0.9483612742364096,0.6077831219938784,0.15000000000000016,4.971807670891847,1930,0.566839378238342,717,119,0
office_4,seq_0002,16,random,13,13,32768,0.94757080078125,0.920806884765625,0.9547181964573269,0.30791618160651923,0.14999999999999972,6.009908964878695,1518,0.2509881422924901,369,468,300
office_4,seq_0002,16,random,14,8,32768,0.94390869140625,0.91650390625,0.9391205948916909,0.5359085963003264,0.14999999999999966,4.865264486876164,1544,0.5511658031088082,367,322,4
office_4,seq_0002,16,random,15,1,32768,0.866302490234375,0.821502685546875,0.8869552964385106,0.39739785437114816,0.14999999999999988,4.6579999219174315,2554,0.29874706342991386,1050,739,2
office_4,seq_0002,16,random,16,15,32768,0.8486328125,0.893585205078125,0.9406645569620253,0.6296370967741935,0.168737689812405,9.221461984664558,2244,0.33511586452762926,801,685,6
office_4,seq_0002,16,sequential,1,0,32768,0.0,0.784210205078125,,0.784210205078125,,,10250,0.5640975609756097,3077,1383,8
office_4,seq_0002,16,sequential,2,1,32768,0.634185791015625,0.821502685546875,0.9421587026610846,0.6123300241928756,0.14999999999999994,4.657999921917432,6267,0.5106111377054412,2103,961,3
office_4,seq_0002,16,sequential,3,2,32768,0.76397705078125,0.82562255859375,0.9342094751138452,0.4741401603310059,0.14999999999999988,4.539803284411418,4601,0.4605520539013258,2121,358,3
office_4,seq_0002,16,sequential,4,3,32768,0.76568603515625,0.845428466796875,0.942805898764448,0.5272206303724928,0.15000000000000016,4.544117067994681,4608,0.4055989583333333,1538,1000,201
office_4,seq_0002,16,sequential,5,4,32768,0.853424072265625,0.859100341796875,0.9117110674056856,0.5527795128044972,0.1500000000000001,4.500348922241875,3117,0.518447224895733,1245,255,1
office_4,seq_0002,16,sequential,6,5,32768,0.874114990234375,0.8935546875,0.9434416785951192,0.5471515151515152,0.15000000000000016,4.6249130634554785,2788,0.47381635581061693,911,542,14
office_4,seq_0002,16,sequential,7,6,32768,0.82586669921875,0.850250244140625,0.9099475278988989,0.5671223273746933,0.14999999999999972,4.755851645617918,3571,0.4908989078689443,1157,398,263
office_4,seq_0002,16,sequential,8,7,32768,0.919921875,0.8878173828125,0.9116242038216561,0.614329268292683,0.1500000000000001,4.816655147165044,1850,0.46756756756756757,447,275,263
office_4,seq_0002,16,sequential,9,8,32768,0.844573974609375,0.91650390625,0.9716350496838302,0.6169251914392303,0.15000000000000016,4.865264486876179,3420,0.5780701754385965,830,601,12
office_4,seq_0002,16,sequential,10,9,32768,0.918792724609375,0.924591064453125,0.9475537250473312,0.6647876738068396,0.14999999999999966,4.97180767089183,1914,0.5684430512016719,703,123,0
office_4,seq_0002,16,sequential,11,10,32768,0.9349365234375,0.9041748046875,0.9460438699569135,0.3025328330206379,0.15000000000000016,5.072911047754998,1846,0.2399783315276273,464,553,386
office_4,seq_0002,16,sequential,12,11,32768,0.87823486328125,0.909088134765625,0.9534366529988185,0.5892230576441103,0.14999999999999972,5.128702367455654,2242,0.3389830508474576,620,749,113
office_4,seq_0002,16,sequential,13,12,32768,0.922149658203125,0.915191650390625,0.9601217857497435,0.38298706389651116,0.1500000000000001,5.570168087618042,1934,0.35263702171664946,695,549,8
office_4,seq_0002,16,sequential,14,13,32768,0.954315185546875,0.920806884765625,0.9527997185891082,0.25250501002004005,0.14999999999999972,6.009908964878695,1359,0.2163355408388521,292,472,301
office_4,seq_0002,16,sequential,15,14,32768,0.85040283203125,0.915069580078125,0.9480729204047944,0.7274581803345573,0.1693145092087885,7.5841650342045694,2136,0.4096441947565543,406,514,341
office_4,seq_0002,16,sequential,16,15,32768,0.8486328125,0.893585205078125,0.9406645569620253,0.6296370967741935,0.168737689812405,9.221461984664558,2244,0.33511586452762926,801,685,6
frl_apartment_5,seq_0012,15,spread,1,0,32768,0.0,0.5235595703125,,0.5235595703125,,,8115,0.4165126309303758,1873,1350,1512
frl_apartment_5,seq_0012,15,spread,2,14,32768,0.09967041015625,0.54925537109375,0.8812002449479486,0.5125076266015863,2.1000000000000005,54.611508366786104,7637,0.27864344637946836,1512,1506,2491
frl_apartment_5,seq_0012,15,spread,3,7,32768,0.444000244140625,0.41168212890625,0.5318578596467111,0.31571436412536363,1.0500000000000003,31.531714596523347,8243,0.23620041247118767,2145,2357,1794
frl_apartment_5,seq_0012,15,spread,4,11,32768,0.573272705078125,0.47161865234375,0.560074527548576,0.352785525280698,0.45000000000000034,14.256611402593059,7154,0.29857422421023205,2054,1483,1481
frl_apartment_5,seq_0012,15,spread,5,4,32768,0.58447265625,0.42236328125,0.4402151211361738,0.3972532314923619,0.45000000000000007,14.917267031854834,6747,0.20112642655995258,2110,1712,1568
frl_apartment_5,seq_0012,15,spread,6,2,32768,0.705902099609375,0.43035888671875,0.4695430374821668,0.33630797966172044,0.2999999999999999,10.22031289639854,5606,0.18123439172315375,1465,1823,1302
frl_apartment_5,seq_0012,15,spread,7,9,32768,0.6551513671875,0.3988037109375,0.4371622880566424,0.325929203539823,0.2999999999999998,9.780039848721746,6036,0.20891318754141816,1680,1667,1428
frl_apartment_5,seq_0012,15,spread,8,6,32768,0.7684326171875,0.412109375,0.4501191421763304,0.2859778597785978,0.1500000000000002,5.015491908912473,4810,0.15717255717255718,1066,1640,1348
frl_apartment_5,seq_0012,15,spread,9,13,32768,0.80889892578125,0.511627197265625,0.5655700596091451,0.28329607154263814,0.1500000000000002,5.05240238825601,4111,0.16613962539528096,1177,920,1331
frl_apartment_5,seq_0012,15,spread,10,1,32768,0.854095458984375,0.455413818359375,0.4914781863007825,0.24430035557414767,0.14999999999999994,5.205688221971117,3764,0.22954303931987247,1222,921,757
frl_apartment_5,seq_0012,15,spread,11,3,32768,0.8311767578125,0.4322509765625,0.4528197973270671,0.33098336948662327,0.14999999999999994,5.111183606040125,3503,0.17527833285755068,908,916,1065
frl_apartment_5,seq_0012,15,spread,12,5,32768,0.801788330078125,0.448760986328125,0.46275644197465077,0.39214780600461896,0.14999999999999994,5.040698835497354,4139,0.21164532495771926,909,1115,1239
frl_apartment_5,seq_0012,15,spread,13,10,32768,0.791534423828125,0.4217529296875,0.4514785827196669,0.3088859610598741,0.14999999999999994,4.832711589176416,3770,0.19416445623342174,1070,1064,904
frl_apartment_5,seq_0012,15,spread,14,12,32768,0.866546630859375,0.482513427734375,0.5216059165346012,0.228675966155957,0.14999999999999994,4.865264486876172,3511,0.18000569638279693,975,924,980
frl_apartment_5,seq_0012,15,spread,15,8,32768,0.847930908203125,0.41693115234375,0.4351268670145762,0.31547260686333534,0.14999999999999988,4.958426233703198,2904,0.1584022038567493,664,911,869
frl_apartment_5,seq_0012,15,random,1,2,32768,0.0,0.43035888671875,,0.43035888671875,,,10006,0.28732760343793723,2376,2669,2086
frl_apartment_5,seq_0012,15,random,2,11,32768,0.227783203125,0.47161865234375,0.8112272240085745,0.3714432500790389,1.35,37.317239012252074,8980,0.3308463251670379,2498,1773,1738
frl_apartment_5,seq_0012,15,random,3,3,32768,0.63568115234375,0.4322509765625,0.45391262602016325,0.3944546825263863,0.14999999999999994,5.111183606040125,6018,0.22515785975407113,1717,1517,1429
frl_apartment_5,seq_0012,15,random,4,10,32768,0.672943115234375,0.4217529296875,0.4685955285474582,0.32537090603713725,0.14999999999999994,4.832711589176416,5621,0.22238035936666073,1573,1485,1313
frl_apartment_5,seq_0012,15,random,5,0,32768,0.6019287109375,0.5235595703125,0.4824072196309065,0.5857865685372585,0.2999999999999999,11.679249395271665,4918,0.3826758845058967,1294,821,921
frl_apartment_5,seq_0012,15,random,6,4,32768,0.733489990234375,0.42236328125,0.4515498231745371,0.34203595557082334,0.1500000000000003,5.0745956298457715,5363,0.17396979302629126,1674,1406,1350
frl_apartment_5,seq_0012,15,random,7,7,32768,0.62451171875,0.41168212890625,0.42733580922595776,0.385646944083225,0.44999999999999996,14.732707791447167,6081,0.2325275448117086,1499,1789,1379
frl_apartment_5,seq_0012,15,random,8,5,32768,0.74285888671875,0.448760986328125,0.4508257333004683,0.4427961072869689,0.14999999999999994,5.040698835497354,4785,0.24346917450365727,1050,1256,1314
frl_apartment_5,seq_0012,15,random,9,14,32768,0.44390869140625,0.54925537109375,0.8031761308950914,0.3465591043793217,0.45000000000000034,16.786335690839984,5329,0.17883280165134172,981,1141,2254
frl_apartment_5,seq_0012,15,random,10,12,32768,0.825286865234375,0.482513427734375,0.5302666124320526,0.256943231441048,0.14999999999999994,4.865264486876172,4304,0.19725836431226765,1213,1117,1125
frl_apartment_5,seq_0012,15,random,11,6,32768,0.8214111328125,0.412109375,0.4583519096448209,0.199419002050581,0.14999999999999994,5.015491908912464,4202,0.1258924321751547,949,1460,1264
frl_apartment_5,seq_0012,15,random,12,9,32768,0.712738037109375,0.3988037109375,0.43224149004495827,0.3158397960267715,0.15000000000000013,4.925900169141014,4878,0.19352193521935218,1360,1408,1166
frl_apartment_5,seq_0012,15,random,13,13,32768,0.8558349609375,0.511627197265625,0.5528455284552846,0.2669348010160881,0.1500000000000002,5.05240238825601,3216,0.13712686567164178,910,718,1147
frl_apartment_5,seq_0012,15,random,14,8,32768,0.84600830078125,0.41693115234375,0.4356467787316932,0.31411018628616727,0.14999999999999988,4.958426233703198,2959,0.15951334910442716,678,931,878
frl_apartment_5,seq_0012,15,random,15,1,32768,0.870086669921875,0.455413818359375,0.4868647188804321,0.2447733145407564,0.14999999999999994,5.205688221971117,3390,0.22625368731563422,1112,802,709
frl_apartment_5,seq_0012,15,sequential,1,0,32768,0.0,0.5235595703125,,0.5235595703125,,,8115,0.4165126309303758,1873,1350,1512
frl_apartment_5,seq_0012,15,sequential,2,1,32768,0.648101806640625,0.455413818359375,0.513726044168197,0.3480183852224438,0.14999999999999994,5.205688221971117,6504,0.27752152521525214,2076,1529,1094
frl_apartment_5,seq_0012,15,sequential,3,2,32768,0.741973876953125,0.43035888671875,0.49932135071772304,0.23205204021289177,0.14999999999999994,5.151131390778143,6117,0.17181624979565147,1448,2072,1546
frl_apartment_5,seq_0012,15,sequential,4,3,32768,0.65447998046875,0.4322509765625,0.4498741023967173,0.3988694576929871,0.14999999999999994,5.111183606040125,5590,0.2182468694096601,1604,1403,1363
frl_apartment_5,seq_0012,15,sequential,5,4,32768,0.72882080078125,0.42236328125,0.44786868771459676,0.3538149898717083,0.1500000000000003,5.0745956298457715,5332,0.1839834958739685,1665,1409,1277
frl_apartment_5,seq_0012,15,sequential,6,5,32768,0.680419921875,0.448760986328125,0.4592303552206674,0.4264705882352941,0.14999999999999994,5.040698835497354,5918,0.2559986481919567,1289,1509,1605
frl_apartment_5,seq_0012,15,sequential,7,6,32768,0.72772216796875,0.412109375,0.449215801392267,0.3129343196592692,0.14999999999999994,5.015491908912464,5449,0.18351991191044228,1330,1818,1301
frl_apartment_5,seq_0012,15,sequential,8,7,32768,0.72509765625,0.41168212890625,0.44537037037037036,0.3228241563055062,0.1500000000000002,5.0092745401693755,4922,0.21048354327509142,1180,1459,1247
frl_apartment_5,seq_0012,15,sequential,9,8,32768,0.66265869140625,0.41693115234375,0.4254398084185318,0.40021711597611725,0.14999999999999988,4.958426233703198,5176,0.23956723338485317,1375,1471,1090
frl_apartment_5,seq_0012,15,sequential,10,9,32768,0.74395751953125,0.3988037109375,0.43600787595372875,0.2907032181168057,0.14999999999999994,4.925900169141007,4880,0.19836065573770492,1407,1319,1186
frl_apartment_5,seq_0012,15,sequential,11,10,32768,0.701171875,0.4217529296875,0.46178621169916434,0.3278186274509804,0.15000000000000013,4.832711589176422,5127,0.2301540862102594,1438,1353,1156
frl_apartment_5,seq_0012,15,sequential,12,11,32768,0.697235107421875,0.47161865234375,0.4766052435768372,0.46013506702953333,0.14999999999999994,4.841216593668438,4871,0.3011701909258879,1267,905,1232
frl_apartment_5,seq_0012,15,sequential,13,12,32768,0.783477783203125,0.482513427734375,0.5471896545008375,0.24848484848484848,0.14999999999999994,4.865264486876172,4284,0.19957983193277312,1200,1095,1134
frl_apartment_5,seq_0012,15,sequential,14,13,32768,0.798004150390625,0.511627197265625,0.5282419977819419,0.4459888200634537,0.1500000000000002,5.05240238825601,3395,0.15640648011782032,951,734,1179
frl_apartment_5,seq_0012,15,sequential,15,14,32768,0.650970458984375,0.54925537109375,0.710796493366462,0.24796712424586867,0.1500000000000002,5.741935667192698,4370,0.14622425629290617,730,893,2108
office_4,seq_0003,16,spread,1,0,32768,0.0,0.7950439453125,,0.7950439453125,,,8768,0.6184990875912408,2561,783,1
office_4,seq_0003,16,spread,2,15,32768,0.095458984375,0.901885986328125,0.9328644501278772,0.8986167341430499,2.2500000000000004,72.33540142469734,4180,0.5007177033492823,1320,753,14
office_4,seq_0003,16,spread,3,7,32768,0.5040283203125,0.682098388671875,0.9619762654395737,0.3976741324144721,1.05,34.398476461176095,5959,0.2866252726967612,2052,1352,847
office_4,seq_0003,16,spread,4,11,32768,0.60223388671875,0.892852783203125,0.9713185365359278,0.7740524781341108,0.6000000000000001,27.860527627075935,3236,0.5546971569839307,1081,348,12
office_4,seq_0003,16,spread,5,3,32768,0.682830810546875,0.76153564453125,0.9112849162011173,0.43914173001058404,0.4500000000000001,14.67049344423312,4453,0.37772288344936,1792,814,165
office_4,seq_0003,16,spread,6,5,32768,0.76885986328125,0.78668212890625,0.8786615860919267,0.4807235278584632,0.2999999999999996,10.368092425388225,2974,0.4317417619367855,1273,371,46
office_4,seq_0003,16,spread,7,9,32768,0.810577392578125,0.80462646484375,0.8805014871428034,0.4799420009666506,0.29999999999999943,13.274328513242528,2556,0.28442879499217527,907,922,0
office_4,seq_0003,16,spread,8,13,32768,0.897674560546875,0.879669189453125,0.9244603093659698,0.48672830301222786,0.29999999999999943,15.90733179342848,1640,0.3079268292682927,648,474,13
office_4,seq_0003,16,spread,9,10,32768,0.928924560546875,0.817840576171875,0.8605079010479977,0.26019750966079863,0.15000000000000033,7.052787123334578,1967,0.21403152008134216,499,586,461
office_4,seq_0003,16,spread,10,2,32768,0.88037109375,0.7742919921875,0.8346852468108708,0.3298469387755102,0.1500000000000001,4.899055366732823,2445,0.314519427402863,911,661,104
office_4,seq_0003,16,spread,11,6,32768,0.936370849609375,0.8231201171875,0.8419971971449989,0.5453237410071943,0.1500000000000001,5.549292886405464,1324,0.4108761329305136,436,214,130
office_4,seq_0003,16,spread,12,14,32768,0.907745361328125,0.9346923828125,0.9749537737434864,0.5385378762818392,0.14999999999999994,8.84244129647251,1573,0.27527018436109346,533,573,34
office_4,seq_0003,16,spread,13,1,32768,0.899688720703125,0.7791748046875,0.8254808181540654,0.36385762093094004,0.14999999999999972,4.837436265401609,2152,0.3434014869888476,774,554,85
office_4,seq_0003,16,spread,14,4,32768,0.891204833984375,0.8001708984375,0.8357360545149471,0.508835904628331,0.14999999999999972,5.1211684646623175,1734,0.4031141868512111,512,266,257
office_4,seq_0003,16,spread,15,8,32768,0.868621826171875,0.70965576171875,0.7970698801953413,0.13170731707317074,0.1499999999999995,5.816130626214712,2838,0.11945031712473574,583,854,1062
office_4,seq_0003,16,spread,16,12,32768,0.95477294921875,0.85137939453125,0.8848366681582817,0.14507422402159245,0.1499999999999995,7.8274730994943065,1333,0.14403600900225055,303,547,291
office_4,seq_0003,16,random,1,2,32768,0.0,0.7742919921875,,0.7742919921875,,,8504,0.5752587017873941,2477,1027,108
office_4,seq_0003,16,random,2,11,32768,0.427093505859375,0.892852783203125,0.9891389782065023,0.8210728173440579,1.3500000000000003,49.9425518009111,4442,0.6109860423232778,1310,406,12
office_4,seq_0003,16,random,3,3,32768,0.726348876953125,0.76153564453125,0.888029914709466,0.4257834281253485,0.1500000000000001,4.987277055386229,4038,0.35339276869737496,1610,840,161
office_4,seq_0003,16,random,4,10,32768,0.7698974609375,0.817840576171875,0.9110115744410971,0.5061007957559682,0.15000000000000033,7.052787123334578,3429,0.3085447652376786,979,931,461
office_4,seq_0003,16,random,5,0,32768,0.773468017578125,0.7950439453125,0.8745314657723416,0.5236427320490368,0.30000000000000004,9.66526312182203,3835,0.46753585397653197,1541,501,0
office_4,seq_0003,16,random,6,4,32768,0.784149169921875,0.8001708984375,0.88270091457482,0.5003534568075781,0.14999999999999994,5.121168464662325,3057,0.4311416421328099,1001,450,288
office_4,seq_0003,16,random,7,7,32768,0.600921630859375,0.682098388671875,0.8999035092174089,0.3541332109811119,0.44999999999999973,16.353389523775192,4953,0.2323844134867757,1729,1226,847
office_4,seq_0003,16,random,8,5,32768,0.851654052734375,0.78668212890625,0.8449492958755868,0.4521703353219502,0.14999999999999972,5.226834347821181,2149,0.41973010702652397,905,297,45
office_4,seq_0003,16,random,9,14,32768,0.74591064453125,0.9346923828125,0.9735700842811554,0.8205620946432861,0.4500000000000001,25.018474787730717,2012,0.3946322067594433,593,591,34
office_4,seq_0003,16,random,10,12,32768,0.92254638671875,0.85137939453125,0.8996361230565664,0.2765957446808511,0.1499999999999995,7.8274730994943065,1723,0.17817759721416135,452,656,308
office_4,seq_0003,16,random,11,6,32768,0.937469482421875,0.8231201171875,0.8405547055568215,0.5617374328940947,0.1500000000000001,5.549292886405464,1293,0.411446249033256,488,175,98
office_4,seq_0003,16,random,12,9,32768,0.92169189453125,0.80462646484375,0.8385206277729952,0.40568978955572876,0.15000000000000033,6.727435242025493,1688,0.25888625592417064,593,658,0
office_4,seq_0003,16,random,13,13,32768,0.89715576171875,0.879669189453125,0.9122729437376692,0.5952522255192878,0.14999999999999994,8.109931189174322,1349,0.2653817642698295,503,467,21
office_4,seq_0003,16,random,14,8,32768,0.86761474609375,0.70965576171875,0.7971508969398523,0.13623789764868602,0.1499999999999995,5.816130626214712,2843,0.1217024270137179,589,862,1046
office_4,seq_0003,16,random,15,1,32768,0.90863037109375,0.7791748046875,0.820816820044334,0.365063460253841,0.14999999999999972,4.837436265401609,2017,0.33911750123946455,710,538,85
office_4,seq_0003,16,random,16,15,32768,0.8270263671875,0.901885986328125,0.9424354243542435,0.7080098800282286,0.14999999999999994,11.823597959362845,1800,0.3522222222222222,691,467,8
office_4,seq_0003,16,sequential,1,0,32768,0.0,0.7950439453125,,0.7950439453125,,,8768,0.6184990875912408,2561,783,1
office_4,seq_0003,16,sequential,2,1,32768,0.704376220703125,0.7791748046875,0.9187210259520818,0.44668111902549806,0.14999999999999972,4.837436265401609,5250,0.41104761904761905,2182,806,104
office_4,seq_0003,16,sequential,3,2,32768,0.803955078125,0.7742919921875,0.8494154266626177,0.4662204234122042,0.15000000000000033,4.8990553667328305,3413,0.4043363609727512,1233,698,102
office_4,seq_0003,16,sequential,4,3,32768,0.784698486328125,0.76153564453125,0.8495313654571618,0.4408221119773211,0.1500000000000001,4.987277055386229,2985,0.34639865996649916,1070,726,155
office_4,seq_0003,16,sequential,5,4,32768,0.775848388671875,0.8001708984375,0.8832159855249184,0.5127297481279782,0.14999999999999994,5.121168464662325,3292,0.4589914945321993,1047,441,293
office_4,seq_0003,16,sequential,6,5,32768,0.813629150390625,0.78668212890625,0.8604703499493642,0.46454887833633535,0.14999999999999972,5.226834347821181,2589,0.4418694476631904,1068,335,42
office_4,seq_0003,16,sequential,7,6,32768,0.896636962890625,0.8231201171875,0.8480310404683299,0.6070268674343077,0.1500000000000001,5.549292886405464,1715,0.4501457725947522,659,188,96
office_4,seq_0003,16,sequential,8,7,32768,0.60198974609375,0.682098388671875,0.8893338740748251,0.3686551142462812,0.15000000000000033,5.586373417168059,4950,0.26181818181818184,1645,1162,847
office_4,seq_0003,16,sequential,9,8,32768,0.706512451171875,0.70965576171875,0.8757289101982636,0.3098679421857128,0.14999999999999994,5.81613062621473,4191,0.2264376043903603,991,1172,1079
office_4,seq_0003,16,sequential,10,9,32768,0.793853759765625,0.80462646484375,0.8845192788221274,0.49696521095484825,0.1499999999999995,6.7274352420254555,2388,0.3061139028475712,792,865,0
office_4,seq_0003,16,sequential,11,10,32768,0.86346435546875,0.817840576171875,0.8643175231497844,0.5239159588734913,0.15000000000000033,7.052787123334578,1977,0.2696004046535154,442,564,438
office_4,seq_0003,16,sequential,12,11,32768,0.914154052734375,0.892852783203125,0.9087297613086296,0.7237824386775684,0.15000000000000033,7.527890784756435,1363,0.47248716067498164,462,245,12
office_4,seq_0003,16,sequential,13,12,32768,0.9273681640625,0.85137939453125,0.8923917335790443,0.3277310924369748,0.1499999999999995,7.8274730994943065,1521,0.18080210387902695,370,585,291
office_4,seq_0003,16,sequential,14,13,32768,0.8408203125,0.879669189453125,0.9037456445993032,0.7524923312883436,0.14999999999999994,8.109931189174322,1362,0.3355359765051395,458,426,21
office_4,seq_0003,16,sequential,15,14,32768,0.8582763671875,0.9346923828125,0.9715545441615702,0.7114556416881999,0.15000000000000072,8.842441296472556,1568,0.2965561224489796,508,561,34
office_4,seq_0003,16,sequential,16,15,32768,0.8270263671875,0.901885986328125,0.9424354243542435,0.7080098800282286,0.14999999999999994,11.823597959362845,1800,0.3522222222222222,691,467,8
frl_apartment_5,seq_0008,24,spread,1,0,32768,0.0,0.620330810546875,,0.620330810546875,,,7249,0.5167609325424196,1941,944,618
frl_apartment_5,seq_0008,24,spread,2,23,32768,0.03594970703125,0.624908447265625,0.6706281833616299,0.6232035454257676,3.4499999999999997,75.73161930896985,3231,0.5156298359640978,933,491,141
frl_apartment_5,seq_0008,24,spread,3,11,32768,0.42596435546875,0.819732666015625,0.9113769881071787,0.7517278043593834,1.65,50.44161627210662,3720,0.5854838709677419,1189,259,94
frl_apartment_5,seq_0008,24,spread,4,17,32768,0.578125,0.87359619140625,0.8878272804054054,0.8540943287037037,0.8999999999999998,35.72495199632072,2755,0.7157894736842105,477,239,67
frl_apartment_5,seq_0008,24,spread,5,5,32768,0.796875,0.669586181640625,0.6812576593137255,0.6237980769230769,0.7499999999999999,26.480849991863124,2706,0.35624538063562455,703,428,611
frl_apartment_5,seq_0008,24,spread,6,8,32768,0.848724365234375,0.7969970703125,0.826363669051814,0.6322372402662901,0.4499999999999999,16.793817678492314,1976,0.39625506072874495,828,265,100
frl_apartment_5,seq_0008,24,spread,7,14,32768,0.8515625,0.86090087890625,0.8814865252293578,0.7428042763157895,0.4499999999999998,18.831546595500836,1409,0.5195173882185947,511,108,58
frl_apartment_5,seq_0008,24,spread,8,20,32768,0.758270263671875,0.95318603515625,0.9719080774338954,0.8944577704835248,0.4499999999999998,21.74037267871848,1811,0.6234124792932082,406,234,42
frl_apartment_5,seq_0008,24,spread,9,3,32768,0.89691162109375,0.68487548828125,0.6998638992854712,0.5544701006512729,0.30000000000000004,10.980201521331622,2112,0.39678030303030304,715,349,210
frl_apartment_5,seq_0008,24,spread,10,1,32768,0.9158935546875,0.6636962890625,0.6912235105957617,0.363933236574746,0.15,5.671145889122057,2176,0.31295955882352944,658,439,398
frl_apartment_5,seq_0008,24,spread,11,2,32768,0.951080322265625,0.67095947265625,0.6949462538103642,0.20461634435433562,0.15,5.540974261221287,1387,0.2054794520547945,467,442,193
frl_apartment_5,seq_0008,24,spread,12,4,32768,0.89862060546875,0.66693115234375,0.6896692250220743,0.4653822998193859,0.15,5.688589868719845,1800,0.2088888888888889,352,435,637
frl_apartment_5,seq_0008,24,spread,13,6,32768,0.93109130859375,0.70660400390625,0.7399541134054408,0.25597874224977857,0.14999999999999994,5.721215278845542,1800,0.175,462,497,526
frl_apartment_5,seq_0008,24,spread,14,7,32768,0.96734619140625,0.804595947265625,0.8214082907438955,0.30654205607476637,0.14999999999999994,5.787671973033081,808,0.2908415841584158,303,202,68
frl_apartment_5,seq_0008,24,spread,15,12,32768,0.824066162109375,0.7318115234375,0.8596452246046735,0.13304423243712055,0.14999999999999994,6.060265585957919,1864,0.10675965665236052,866,799,0
frl_apartment_5,seq_0008,24,spread,16,13,32768,0.96844482421875,0.770263671875,0.7844898216424024,0.33365570599613154,0.14999999999999994,6.293621793715291,548,0.2791970802919708,245,84,66
frl_apartment_5,seq_0008,24,spread,17,16,32768,0.911285400390625,0.883758544921875,0.9385820970496634,0.32060543515651874,0.14999999999999994,6.640087862010781,1219,0.20098441345365053,565,377,32
frl_apartment_5,seq_0008,24,spread,18,19,32768,0.885589599609375,0.87506103515625,0.888107791446983,0.7740730861563083,0.14999999999999994,7.548611185729305,783,0.5044699872286079,261,89,38
frl_apartment_5,seq_0008,24,spread,19,21,32768,0.910888671875,0.9642333984375,0.967502010184937,0.9308219178082192,0.14999999999999994,8.052538939516113,392,0.5102040816326531,126,43,23
frl_apartment_5,seq_0008,24,spread,20,9,32768,0.978179931640625,0.80584716796875,0.8167098243534147,0.31888111888111886,0.1499999999999999,5.767180560978042,611,0.265139116202946,222,180,47
frl_apartment_5,seq_0008,24,spread,21,10,32768,0.97528076171875,0.776885986328125,0.789004318167595,0.29876543209876544,0.1499999999999999,6.018946084489053,557,0.3105924596050269,227,104,53
frl_apartment_5,seq_0008,24,spread,22,15,32768,0.983001708984375,0.90826416015625,0.9191890968923659,0.2764811490125673,0.1499999999999999,6.5478366771266145,445,0.2292134831460674,223,93,27
frl_apartment_5,seq_0008,24,spread,23,18,32768,0.973541259765625,0.945892333984375,0.9558634525563462,0.5790080738177624,0.1499999999999999,6.871182004898865,476,0.2542016806722689,191,145,19
frl_apartment_5,seq_0008,24,spread,24,22,32768,0.96160888671875,0.90667724609375,0.938590923516344,0.10731319554848967,0.1499999999999999,8.441257021065601,727,0.07427785419532325,418,255,0
frl_apartment_5,seq_0008,24,random,1,18,32768,0.0,0.945892333984375,,0.945892333984375,,,4738,0.7589700295483326,772,327,43
frl_apartment_5,seq_0008,24,random,2,4,32768,0.296112060546875,0.66693115234375,0.7391528393280429,0.6365488835898547,2.0999999999999996,54.35694551669628,5708,0.5285564120532585,1303,701,687
frl_apartment_5,seq_0008,24,random,3,21,32768,0.74249267578125,0.9642333984375,0.984669132757912,0.9053093150035554,0.45000000000000023,22.997733643562736,1878,0.6656017039403621,461,120,47
frl_apartment_5,seq_0008,24,random,4,10,32768,0.520538330078125,0.776885986328125,0.8517324265697368,0.6956272675195723,0.9,32.3187313093977,2995,0.5115191986644407,1189,217,57
frl_apartment_5,seq_0008,24,random,5,11,32768,0.816650390625,0.819732666015625,0.8524289985052317,0.6741011984021305,0.1499999999999999,6.280291519607474,1736,0.4769585253456221,605,205,98
frl_apartment_5,seq_0008,24,random,6,2,32768,0.7249755859375,0.67095947265625,0.6506987708368412,0.7243675099866844,0.3,10.980201521331619,3323,0.5022569966897382,862,548,244
frl_apartment_5,seq_0008,24,random,7,22,32768,0.7340087890625,0.90667724609375,0.9544736404457009,0.7747820100963745,0.1499999999999999,8.441257021065601,1488,0.3528225806451613,661,302,0
frl_apartment_5,seq_0008,24,random,8,6,32768,0.89453125,0.70660400390625,0.7489765283842795,0.3472222222222222,0.3,11.330562836933733,2465,0.24462474645030427,686,580,596
frl_apartment_5,seq_0008,24,random,9,23,32768,0.48455810546875,0.624908447265625,0.8634588739135911,0.4006512729425696,0.14999999999999994,9.701838439256477,1843,0.27997829625610415,706,480,141
frl_apartment_5,seq_0008,24,random,10,3,32768,0.92864990234375,0.68487548828125,0.7063424252382517,0.40547476475620187,0.15,5.540974261221287,1892,0.33298097251585623,741,333,188
frl_apartment_5,seq_0008,24,random,11,20,32768,0.95623779296875,0.95318603515625,0.9754898831939746,0.46582984658298465,0.14999999999999994,7.57146333147609,1036,0.3803088803088803,357,240,45
frl_apartment_5,seq_0008,24,random,12,8,32768,0.93707275390625,0.7969970703125,0.8292190451377581,0.3171677982541222,0.3,11.376030152175552,1371,0.22027716994894236,655,298,116
frl_apartment_5,seq_0008,24,random,13,0,32768,0.890899658203125,0.620330810546875,0.642071729524201,0.4427972027972028,0.3,11.14612101516099,2148,0.2611731843575419,675,416,496
frl_apartment_5,seq_0008,24,random,14,16,32768,0.928436279296875,0.883758544921875,0.9305130986424744,0.2771855010660981,0.2999999999999998,13.106456064482714,1056,0.20075757575757575,445,364,35
frl_apartment_5,seq_0008,24,random,15,12,32768,0.82708740234375,0.7318115234375,0.8442919341745997,0.1937875044122838,0.14999999999999994,6.060265585957919,1794,0.14214046822742474,791,748,0
frl_apartment_5,seq_0008,24,random,16,19,32768,0.9453125,0.87506103515625,0.8900439049586777,0.6160714285714286,0.14999999999999994,7.548611185729305,580,0.4362068965517241,211,73,43
frl_apartment_5,seq_0008,24,random,17,13,32768,0.94195556640625,0.770263671875,0.7958595218039266,0.3548895899053628,0.15000000000000016,6.293621793715299,649,0.28659476117103233,313,88,62
frl_apartment_5,seq_0008,24,random,18,7,32768,0.96881103515625,0.804595947265625,0.8234423234423235,0.2191780821917808,0.14999999999999994,5.787671973033081,785,0.2445859872611465,305,217,71
frl_apartment_5,seq_0008,24,random,19,5,32768,0.952392578125,0.669586181640625,0.6949500128172263,0.1621794871794872,0.14999999999999994,5.689765792089003,1277,0.13625685199686766,217,326,560
frl_apartment_5,seq_0008,24,random,20,17,32768,0.956146240234375,0.87359619140625,0.8840445565095273,0.6457898399443285,0.1499999999999999,6.835557325348923,601,0.33777038269550747,163,178,57
frl_apartment_5,seq_0008,24,random,21,14,32768,0.97308349609375,0.86090087890625,0.8695665809446151,0.5476190476190477,0.14999999999999994,6.485585059703239,463,0.3390928725701944,200,60,46
frl_apartment_5,seq_0008,24,random,22,9,32768,0.977996826171875,0.80584716796875,0.8164882828345867,0.332871012482663,0.1499999999999999,5.767180560978042,622,0.2797427652733119,219,179,50
frl_apartment_5,seq_0008,24,random,23,1,32768,0.938385009765625,0.6636962890625,0.6907216494845361,0.2521050024764735,0.15,5.671145889122057,1717,0.23296447291788003,529,415,373
frl_apartment_5,seq_0008,24,random,24,15,32768,0.986236572265625,0.90826416015625,0.9173500015471733,0.2572062084257206,0.1499999999999999,6.5478366771266145,397,0.24181360201511334,185,90,26
frl_apartment_5,seq_0008,24,sequential,1,0,32768,0.0,0.620330810546875,,0.620330810546875,,,7249,0.5167609325424196,1941,944,618
frl_apartment_5,seq_0008,24,sequential,2,1,32768,0.74908447265625,0.6636962890625,0.6722887639533937,0.6380442714667964,0.15,5.671145889122057,3975,0.499874213836478,980,571,437
frl_apartment_5,seq_0008,24,sequential,3,2,32768,0.8343505859375,0.67095947265625,0.6770299926847111,0.6403831982313928,0.15,5.540974261221287,3086,0.5032404406999352,808,513,212
frl_apartment_5,seq_0008,24,sequential,4,3,32768,0.8865966796875,0.68487548828125,0.7026366515214099,0.5460172228202368,0.15,5.540974261221287,2560,0.46328125,882,321,171
frl_apartment_5,seq_0008,24,sequential,5,4,32768,0.76629638671875,0.66693115234375,0.6768219832735962,0.6344998694176025,0.15,5.688589868719845,3201,0.40268666041861917,765,475,672
frl_apartment_5,seq_0008,24,sequential,6,5,32768,0.923431396484375,0.669586181640625,0.7049142403912886,0.24352331606217617,0.15000000000000002,5.689765792089006,1868,0.20182012847965738,466,426,599
frl_apartment_5,seq_0008,24,sequential,7,6,32768,0.88153076171875,0.70660400390625,0.7375199058367375,0.47655847501287996,0.14999999999999994,5.721215278845542,2339,0.3039760581445062,587,509,532
frl_apartment_5,seq_0008,24,sequential,8,7,32768,0.9329833984375,0.804595947265625,0.820260368965066,0.5865209471766849,0.15000000000000005,5.787671973033086,1248,0.4599358974358974,399,207,68
frl_apartment_5,seq_0008,24,sequential,9,8,32768,0.9267578125,0.7969970703125,0.8303148050579557,0.3754166666666667,0.14999999999999994,5.744629467803823,1491,0.29242119382964454,716,245,94
frl_apartment_5,seq_0008,24,sequential,10,9,32768,0.937469482421875,0.80584716796875,0.8262638757772063,0.4997559785261103,0.1499999999999999,5.767180560978042,1084,0.44280442804428044,362,193,49
frl_apartment_5,seq_0008,24,sequential,11,10,32768,0.80999755859375,0.776885986328125,0.8262376610654811,0.5664953421137167,0.15000000000000016,6.0189460844890625,1515,0.4547854785478548,622,149,55
frl_apartment_5,seq_0008,24,sequential,12,11,32768,0.90545654296875,0.819732666015625,0.8286147623862488,0.7346675274370562,0.1499999999999999,6.280291519607474,925,0.4518918918918919,323,116,68
frl_apartment_5,seq_0008,24,sequential,13,12,32768,0.761871337890625,0.7318115234375,0.8745443621069497,0.2751505831090606,0.14999999999999994,6.060265585957919,2350,0.2221276595744681,1027,801,0
frl_apartment_5,seq_0008,24,sequential,14,13,32768,0.953033447265625,0.770263671875,0.7894585161228346,0.3807667316439246,0.15000000000000016,6.293621793715299,636,0.33490566037735847,271,82,70
frl_apartment_5,seq_0008,24,sequential,15,14,32768,0.91729736328125,0.86090087890625,0.869918158227427,0.7608856088560886,0.14999999999999994,6.485585059703239,877,0.49714937286202965,311,79,51
frl_apartment_5,seq_0008,24,sequential,16,15,32768,0.896453857421875,0.90826416015625,0.939472340425532,0.6380783966990864,0.1499999999999999,6.5478366771266145,1108,0.4187725631768953,488,129,27
frl_apartment_5,seq_0008,24,sequential,17,16,32768,0.89263916015625,0.883758544921875,0.9244444444444444,0.5454803865832859,0.14999999999999994,6.640087862010781,1196,0.35451505016722407,400,341,31
frl_apartment_5,seq_0008,24,sequential,18,17,32768,0.89739990234375,0.87359619140625,0.8900224443991023,0.7299226650803093,0.14999999999999994,6.835557325348924,838,0.40692124105011934,241,200,56
frl_apartment_5,seq_0008,24,sequential,19,18,32768,0.91424560546875,0.945892333984375,0.9548033914146472,0.8508896797153025,0.1499999999999999,6.871182004898865,772,0.483160621761658,222,158,19
frl_apartment_5,seq_0008,24,sequential,20,19,32768,0.802215576171875,0.87506103515625,0.8803971544870088,0.853417682456411,0.15000000000000038,7.548611185729327,1066,0.6341463414634146,274,75,41
frl_apartment_5,seq_0008,24,sequential,21,20,32768,0.970062255859375,0.95318603515625,0.9671878440872055,0.49949031600407745,0.14999999999999994,7.57146333147609,715,0.3594405594405594,212,211,35
frl_apartment_5,seq_0008,24,sequential,22,21,32768,0.98834228515625,0.9642333984375,0.9693694806397827,0.5287958115183246,0.14999999999999994,8.052538939516113,304,0.4342105263157895,110,39,23
frl_apartment_5,seq_0008,24,sequential,23,22,32768,0.948883056640625,0.90667724609375,0.9431061653748433,0.23044776119402985,0.1499999999999999,8.441257021065601,871,0.14810562571756603,483,259,0
frl_apartment_5,seq_0008,24,sequential,24,23,32768,0.85357666015625,0.624908447265625,0.6782981766178048,0.31367236348478533,0.14999999999999994,9.701838439256477,1288,0.19254658385093168,430,469,141
office_4,seq_0004,18,spread,1,0,32768,0.0,0.786376953125,,0.786376953125,,,9013,0.5710640186397425,2414,1220,232
office_4,seq_0004,18,spread,2,17,32768,0.2349853515625,0.77191162109375,0.958051948051948,0.7147359183022179,2.55,65.10066178535413,5435,0.44231830726770927,1700,1130,201
office_4,seq_0004,18,spread,3,8,32768,0.517486572265625,0.813323974609375,0.9593088400070767,0.6567579533236354,1.2,36.80487783654774,5920,0.4430743243243243,2019,1141,137
office_4,seq_0004,18,spread,4,12,32768,0.456207275390625,0.8658447265625,0.9635427118870827,0.7838823727481902,0.6000000000000001,25.817053437122304,4537,0.45779149217544635,1261,1098,101
office_4,seq_0004,18,spread,5,4,32768,0.653472900390625,0.7421875,0.8793256433007985,0.48357551739321886,0.6,19.61586201306415,4520,0.36261061946902656,1387,1303,191
office_4,seq_0004,18,spread,6,10,32768,0.723236083984375,0.8262939453125,0.924342799274231,0.5700738780460911,0.30000000000000004,12.427142529957699,3257,0.3315934909425852,1315,770,92
office_4,seq_0004,18,spread,7,14,32768,0.850372314453125,0.904815673828125,0.9500807464561277,0.6475627167040587,0.30000000000000004,14.100562495561357,2490,0.5140562248995983,683,480,47
office_4,seq_0004,18,spread,8,2,32768,0.736724853515625,0.756561279296875,0.8776769810695497,0.41764228584676016,0.29999999999999993,10.08533613972774,3646,0.33022490400438836,1040,998,404
office_4,seq_0004,18,spread,9,6,32768,0.72430419921875,0.755096435546875,0.8532063706075672,0.4973433694930263,0.29999999999999993,10.213395765612761,3921,0.28972200969140527,1407,1262,116
office_4,seq_0004,18,spread,10,1,32768,0.8848876953125,0.80352783203125,0.8607394123327355,0.3637327677624602,0.15000000000000002,5.068650372449305,2383,0.38858581619806964,721,535,201
office_4,seq_0004,18,spread,11,5,32768,0.877655029296875,0.782073974609375,0.852046315935881,0.2801197306061362,0.15000000000000002,5.098624793645976,2422,0.27291494632535096,923,806,32
office_4,seq_0004,18,spread,12,3,32768,0.891876220703125,0.795318603515625,0.8598460222412319,0.2630539091165679,0.1499999999999999,5.086051736562038,2251,0.22789871168369613,609,803,326
office_4,seq_0004,18,spread,13,7,32768,0.899871826171875,0.783935546875,0.8280259097229288,0.38768668088997255,0.1499999999999999,5.216975362385493,1772,0.3036117381489842,527,583,124
office_4,seq_0004,18,spread,14,9,32768,0.90655517578125,0.846527099609375,0.8778697906146906,0.5424559111691705,0.1499999999999999,5.628909267258547,1698,0.3657243816254417,596,371,110
office_4,seq_0004,18,spread,15,11,32768,0.92462158203125,0.809478759765625,0.8618390652848373,0.1672064777327935,0.1499999999999999,6.41928639107009,1800,0.17,930,543,21
office_4,seq_0004,18,spread,16,13,32768,0.935546875,0.85614013671875,0.9039665970772442,0.16193181818181818,0.1499999999999999,6.952667296731813,1915,0.1671018276762402,548,832,215
office_4,seq_0004,18,spread,17,15,32768,0.89862060546875,0.915313720703125,0.9430482917883584,0.6694762191450934,0.1499999999999999,7.5009493915694545,1414,0.413012729844413,523,289,18
office_4,seq_0004,18,spread,18,16,32768,0.93731689453125,0.8914794921875,0.9388552451650714,0.1830574488802337,0.1499999999999999,7.891948295315353,1852,0.17386609071274298,482,680,368
office_4,seq_0004,18,random,1,2,32768,0.0,0.756561279296875,,0.756561279296875,,,8800,0.5364772727272727,2153,1461,465
office_4,seq_0004,18,random,2,10,32768,0.38616943359375,0.8262939453125,0.9777935830567409,0.7309833946504922,1.2,41.39436290490809,6334,0.5243132301862962,2009,907,97
office_4,seq_0004,18,random,3,3,32768,0.696533203125,0.795318603515625,0.9222747984577637,0.5039219629927595,0.1499999999999999,5.086051736562038,4984,0.36597110754414125,1214,1535,411
office_4,seq_0004,18,random,4,12,32768,0.652923583984375,0.8658447265625,0.9469969619069876,0.7131803394003341,0.30000000000000004,13.598246623374722,3943,0.4719756530560487,1041,949,92
office_4,seq_0004,18,random,5,0,32768,0.6795654296875,0.786376953125,0.9142266930123945,0.5152380952380953,0.30000000000000004,10.004554686920708,4773,0.41357636706473916,1647,955,197
office_4,seq_0004,18,random,6,4,32768,0.71075439453125,0.7421875,0.9102189781021898,0.3292888795104452,0.15000000000000002,5.091551184599044,3859,0.321067634102099,1310,1174,136
office_4,seq_0004,18,random,7,7,32768,0.605224609375,0.783935546875,0.8968838241226301,0.6107761286332715,0.4499999999999999,15.318578717712457,4271,0.3860922500585343,1379,1043,200
office_4,seq_0004,18,random,8,5,32768,0.83648681640625,0.782073974609375,0.8463699379788399,0.45315416200074654,0.15000000000000002,5.098624793645976,2721,0.3370084527747152,1067,711,26
office_4,seq_0004,18,random,9,16,32768,0.797088623046875,0.8914794921875,0.9576553466824916,0.6315235373740412,0.5999999999999999,29.007182570211025,2993,0.3164049448713665,855,822,369
office_4,seq_0004,18,random,10,13,32768,0.921783447265625,0.85614013671875,0.9129945373282569,0.18611002731174406,0.15000000000000013,6.952667296731824,2170,0.17511520737327188,683,893,214
office_4,seq_0004,18,random,11,14,32768,0.92926025390625,0.904815673828125,0.9233497536945813,0.6613459879206213,0.1499999999999999,7.158667132206627,1512,0.53505291005291,448,236,19
office_4,seq_0004,18,random,12,11,32768,0.90521240234375,0.809478759765625,0.8784303148809925,0.15099806825499035,0.1499999999999999,6.41928639107009,2163,0.16920943134535368,1199,577,21
office_4,seq_0004,18,random,13,6,32768,0.907440185546875,0.755096435546875,0.8121405750798723,0.19584569732937684,0.15000000000000002,5.1475892441183495,2089,0.19339396840593587,658,914,113
office_4,seq_0004,18,random,14,9,32768,0.858184814453125,0.846527099609375,0.8900821450161801,0.5829567462879277,0.15000000000000013,5.628909267258555,2096,0.38406488549618323,739,428,124
office_4,seq_0004,18,random,15,17,32768,0.843658447265625,0.77191162109375,0.8796889130041599,0.1903181729455397,0.1499999999999999,7.2224951777876365,2717,0.20868605079131394,933,1017,200
office_4,seq_0004,18,random,16,8,32768,0.91162109375,0.813323974609375,0.8484199250133905,0.4513121546961326,0.1499999999999999,5.343246943849073,1732,0.27655889145496537,666,534,53
office_4,seq_0004,18,random,17,1,32768,0.917877197265625,0.80352783203125,0.8465604947301925,0.3225566703827573,0.15000000000000002,5.068650372449305,1795,0.3598885793871866,579,386,184
office_4,seq_0004,18,random,18,15,32768,0.92913818359375,0.915313720703125,0.9426854102345136,0.5564168819982773,0.1499999999999999,7.5009493915694545,1294,0.3894899536321484,487,285,18
office_4,seq_0004,18,sequential,1,0,32768,0.0,0.786376953125,,0.786376953125,,,9013,0.5710640186397425,2414,1220,232
office_4,seq_0004,18,sequential,2,1,32768,0.717864990234375,0.80352783203125,0.9027334948773541,0.5511087074094105,0.15000000000000002,5.068650372449305,5130,0.49610136452241715,1441,862,282
office_4,seq_0004,18,sequential,3,2,32768,0.7703857421875,0.756561279296875,0.8890033275233719,0.31220095693779903,0.15000000000000002,5.082032678293542,3944,0.3384888438133874,1181,1072,356
office_4,seq_0004,18,sequential,4,3,32768,0.7303466796875,0.795318603515625,0.9107053317733579,0.4827976459936623,0.1499999999999999,5.086051736562038,4457,0.3298182634058784,1187,1404,396
office_4,seq_0004,18,sequential,5,4,32768,0.707275390625,0.7421875,0.9023127373144633,0.35529608006672225,0.15000000000000002,5.091551184599044,4131,0.3657709997579279,1320,1162,138
office_4,seq_0004,18,sequential,6,5,32768,0.673553466796875,0.782073974609375,0.8759911195686647,0.588295783864635,0.15000000000000002,5.098624793645976,4339,0.4155335330721364,1613,892,31
office_4,seq_0004,18,sequential,7,6,32768,0.816619873046875,0.755096435546875,0.8475653051309839,0.3433183557996339,0.15000000000000002,5.1475892441183495,3592,0.2789532293986637,1317,1159,114
office_4,seq_0004,18,sequential,8,7,32768,0.79931640625,0.783935546875,0.8527031154551008,0.510036496350365,0.15000000000000002,5.216975362385497,2875,0.3356521739130435,871,840,199
office_4,seq_0004,18,sequential,9,8,32768,0.77398681640625,0.813323974609375,0.8631811371342955,0.642587091547394,0.1499999999999999,5.343246943849073,3081,0.4063615709185329,1126,633,70
office_4,seq_0004,18,sequential,10,9,32768,0.82061767578125,0.846527099609375,0.8779100037188546,0.7029601905410003,0.1499999999999999,5.628909267258547,2213,0.41165838228648893,740,446,116
office_4,seq_0004,18,sequential,11,10,32768,0.723052978515625,0.8262939453125,0.9066812982737518,0.6164187327823691,0.15000000000000013,6.2875147752758345,3088,0.42972797927461137,1049,631,81
office_4,seq_0004,18,sequential,12,11,32768,0.843902587890625,0.809478759765625,0.8614616858930315,0.5284457478005865,0.15000000000000013,6.4192863910700995,2333,0.2726103729104158,1105,568,24
office_4,seq_0004,18,sequential,13,12,32768,0.855804443359375,0.8658447265625,0.9387725992226224,0.433015873015873,0.1499999999999999,6.896229952107043,2515,0.3411530815109344,752,819,86
office_4,seq_0004,18,sequential,14,13,32768,0.91094970703125,0.85614013671875,0.9207035175879397,0.19568197395476353,0.15000000000000013,6.952667296731824,2148,0.18761638733705774,661,869,215
office_4,seq_0004,18,sequential,15,14,32768,0.91619873046875,0.904815673828125,0.9211578176004264,0.7261471230881282,0.1499999999999999,7.158667132206627,1396,0.5393982808022922,396,228,19
office_4,seq_0004,18,sequential,16,15,32768,0.89739990234375,0.915313720703125,0.9432428756036183,0.6710291493158834,0.1499999999999999,7.5009493915694545,1440,0.41805555555555557,530,290,18
office_4,seq_0004,18,sequential,17,16,32768,0.933837890625,0.8914794921875,0.9401960784313725,0.20387453874538744,0.1499999999999999,7.891948295315353,1929,0.1824779678589943,505,704,368
office_4,seq_0004,18,sequential,18,17,32768,0.85235595703125,0.77191162109375,0.8721088435374149,0.1934683753617197,0.1499999999999999,7.2224951777876365,2622,0.20747520976353928,867,1011,200
frl_apartment_5,seq_0013,16,spread,1,0,32768,0.0,0.493438720703125,,0.493438720703125,,,9849,0.39902528175449287,2371,1824,1724
frl_apartment_5,seq_0013,16,spread,2,15,32768,0.070648193359375,0.41656494140625,0.7961123110151188,0.38771221226151775,2.260215809937197,52.63935757132407,10368,0.3306327160493827,2540,2151,2249
frl_apartment_5,seq_0013,16,spread,3,7,32768,0.483734130859375,0.424072265625,0.5134691817550943,0.34030856534846604,1.0678640472410603,29.666357905129892,7735,0.32540400775694894,2310,1553,1355
frl_apartment_5,seq_0013,16,spread,4,11,32768,0.634033203125,0.421661376953125,0.451915671929149,0.36924616410940625,0.6000000000000001,18.427356422278294,7037,0.24726445928662782,1845,1778,1674
frl_apartment_5,seq_0013,16,spread,5,3,32768,0.69207763671875,0.44561767578125,0.4557280183437693,0.42289395441030725,0.46437661056490037,14.630184111073048,5177,0.273324319103728,1499,1136,1127
frl_apartment_5,seq_0013,16,spread,6,5,32768,0.77777099609375,0.454742431640625,0.47080750215804756,0.3985168909640209,0.30062993998065923,9.412207053006208,4402,0.3205361199454793,1387,865,739
frl_apartment_5,seq_0013,16,spread,7,9,32768,0.7603759765625,0.448272705078125,0.46572483544710225,0.39289353031074886,0.29999999999999993,9.245335190647085,4587,0.29823413996075865,1192,1094,933
frl_apartment_5,seq_0013,16,spread,8,13,32768,0.75213623046875,0.460601806640625,0.4779274527306662,0.40802757941393747,0.29999999999999977,9.588375172869796,4473,0.29868097473731275,1248,983,906
frl_apartment_5,seq_0013,16,spread,9,1,32768,0.877838134765625,0.471343994140625,0.4980705718755432,0.2792905321009243,0.16109155148418836,5.403385241072829,2881,0.17112113849357863,727,776,885
frl_apartment_5,seq_0013,16,spread,10,6,32768,0.784149169921875,0.41033935546875,0.45464098073555165,0.2493991234271172,0.1526372894821833,4.6817765571944845,4699,0.21728027239838263,1311,1589,778
frl_apartment_5,seq_0013,16,spread,11,2,32768,0.92840576171875,0.448455810546875,0.4671290513444218,0.20630861040068202,0.15031497384690912,4.9681855735960045,1847,0.13264753654574987,470,513,619
frl_apartment_5,seq_0013,16,spread,12,4,32768,0.8900146484375,0.41961669921875,0.4440748868467974,0.22169811320754718,0.15031496613377365,4.729166273993786,2615,0.16787762906309753,759,793,624
frl_apartment_5,seq_0013,16,spread,13,8,32768,0.87689208984375,0.459014892578125,0.480824110809494,0.3036688150718889,0.15000000000000005,4.605819303293761,2823,0.23662770102727596,768,571,816
frl_apartment_5,seq_0013,16,spread,14,10,32768,0.908203125,0.466461181640625,0.48299731182795697,0.3028590425531915,0.14999999999999988,4.67314539139316,2274,0.27396657871591906,542,475,634
frl_apartment_5,seq_0013,16,spread,15,12,32768,0.916046142578125,0.464385986328125,0.48439217776593263,0.2460923300617957,0.1499999999999997,4.800229711342451,2432,0.22820723684210525,698,544,635
frl_apartment_5,seq_0013,16,spread,16,14,32768,0.88140869140625,0.42022705078125,0.44917249497957207,0.20509521358723623,0.14999999999999947,4.899055366732802,3031,0.1817881887165952,720,857,903
frl_apartment_5,seq_0013,16,random,1,2,32768,0.0,0.448455810546875,,0.448455810546875,,,10137,0.3678603137022788,2562,1999,1847
frl_apartment_5,seq_0013,16,random,2,11,32768,0.182098388671875,0.421661376953125,0.5004189710072063,0.4041267116898623,1.354451636348205,36.94831764533306,9777,0.30500153421294873,2252,2247,2296
frl_apartment_5,seq_0013,16,random,3,3,32768,0.80169677734375,0.44561767578125,0.4540159878188047,0.41166512773160974,0.15031497384690912,4.8298804784556495,4368,0.2893772893772894,1145,969,990
frl_apartment_5,seq_0013,16,random,4,10,32768,0.71295166015625,0.466461181640625,0.47799845903604143,0.4378056559642781,0.15000000000000005,4.673145391393167,5647,0.3667434035771206,1388,1089,1099
frl_apartment_5,seq_0013,16,random,5,0,32768,0.633392333984375,0.493438720703125,0.48219706094916887,0.5128610671772247,0.31782072582675414,10.643449197550135,5164,0.2927962819519752,1253,1028,1371
frl_apartment_5,seq_0013,16,random,6,4,32768,0.825103759765625,0.41961669921875,0.4439101971372564,0.30500785203280406,0.15031496613377365,4.729166273993786,3717,0.22545063223029324,1148,945,786
frl_apartment_5,seq_0013,16,random,7,7,32768,0.739227294921875,0.424072265625,0.4582421665359369,0.32720889409011117,0.45045061455023017,13.510683240937835,4971,0.30134781734057536,1657,998,818
frl_apartment_5,seq_0013,16,random,8,5,32768,0.82232666015625,0.454742431640625,0.4740963408298078,0.365166609412573,0.15031497384690912,4.738068573513943,3728,0.2880901287553648,1169,781,704
frl_apartment_5,seq_0013,16,random,9,14,32768,0.649627685546875,0.42022705078125,0.45938835909240383,0.3476178033272363,0.4500000000000006,14.42066800014916,6124,0.2584911822338341,1752,1571,1218
frl_apartment_5,seq_0013,16,random,10,12,32768,0.855255126953125,0.464385986328125,0.4849241748438894,0.3430318363904702,0.1499999999999997,4.800229711342451,3470,0.2674351585014409,1036,732,774
frl_apartment_5,seq_0013,16,random,11,6,32768,0.7701416015625,0.41033935546875,0.4633856395625297,0.23260754115772703,0.1526372894821833,4.6817765571944845,4797,0.2074213049822806,1396,1620,786
frl_apartment_5,seq_0013,16,random,12,9,32768,0.876556396484375,0.448272705078125,0.46864881802040176,0.30358467243510506,0.14999999999999988,4.652955134131571,3041,0.2640578756987833,740,713,785
frl_apartment_5,seq_0013,16,random,13,13,32768,0.912567138671875,0.460601806640625,0.48001872721800487,0.2579406631762653,0.15000000000000024,4.8279898201175575,2384,0.22651006711409397,552,575,717
frl_apartment_5,seq_0013,16,random,14,8,32768,0.898712158203125,0.459014892578125,0.47628102821827567,0.30581500451943355,0.15000000000000005,4.605819303293761,2337,0.24860932819854514,622,453,681
frl_apartment_5,seq_0013,16,random,15,1,32768,0.926910400390625,0.471343994140625,0.49781055542751784,0.13569937369519833,0.15695002080357298,5.265259648475935,2069,0.12614789753504108,444,626,738
frl_apartment_5,seq_0013,16,random,16,15,32768,0.76861572265625,0.41656494140625,0.4563249424283332,0.2844895805855975,0.14999999999999947,4.968002424541357,4499,0.23182929539897756,1268,1192,996
frl_apartment_5,seq_0013,16,sequential,1,0,32768,0.0,0.493438720703125,,0.493438720703125,,,9849,0.39902528175449287,2371,1824,1724
frl_apartment_5,seq_0013,16,sequential,2,1,32768,0.679443359375,0.471343994140625,0.4764193316564858,0.4605864432597106,0.16109155148418836,5.403385241072829,5679,0.3123789399542173,1397,1290,1218
frl_apartment_5,seq_0013,16,sequential,3,2,32768,0.598876953125,0.448455810546875,0.5842335915205871,0.2457395009129641,0.15695002080357298,5.1863151733217565,4808,0.25561564059900166,1155,1090,1334
frl_apartment_5,seq_0013,16,sequential,4,3,32768,0.8643798828125,0.44561767578125,0.45466741985595255,0.38793879387938796,0.15031497384690912,4.8298804784556495,3118,0.24791533033996152,753,656,936
frl_apartment_5,seq_0013,16,sequential,5,4,32768,0.814361572265625,0.41961669921875,0.4395727937043283,0.3320729903008384,0.15031496613377365,4.729166273993786,3883,0.24362606232294617,1155,929,853
frl_apartment_5,seq_0013,16,sequential,6,5,32768,0.79022216796875,0.454742431640625,0.4796091758708581,0.3610707011929008,0.15031497384690912,4.738068573513943,4511,0.29993349589891377,1313,933,912
frl_apartment_5,seq_0013,16,sequential,7,6,32768,0.65264892578125,0.41033935546875,0.4701206396708127,0.2980144087155157,0.1526372894821833,4.6817765571944845,6613,0.2578254952366551,1927,1950,1031
frl_apartment_5,seq_0013,16,sequential,8,7,32768,0.649932861328125,0.424072265625,0.4785650561111894,0.3229012291866446,0.1534070036089678,4.678045407551143,5597,0.31373950330534217,1694,1182,965
frl_apartment_5,seq_0013,16,sequential,9,8,32768,0.75286865234375,0.459014892578125,0.4539927036886907,0.4743146455915041,0.1513464771597946,4.646983235447538,4521,0.35058615350586153,1211,733,992
frl_apartment_5,seq_0013,16,sequential,10,9,32768,0.790802001953125,0.448272705078125,0.4944622390306024,0.2736688548504741,0.15000000000000005,4.6529551341315765,4654,0.25139664804469275,1215,1226,1043
frl_apartment_5,seq_0013,16,sequential,11,10,32768,0.851776123046875,0.466461181640625,0.4785568413886998,0.3969528515544575,0.14999999999999988,4.67314539139316,3288,0.3287712895377129,799,664,744
frl_apartment_5,seq_0013,16,sequential,12,11,32768,0.78533935546875,0.421661376953125,0.45810989352607445,0.2883139038953654,0.15000000000000005,4.761547321494822,4695,0.17976570820021298,1129,1330,1392
frl_apartment_5,seq_0013,16,sequential,13,12,32768,0.851165771484375,0.464385986328125,0.48384783621956906,0.35308591347139634,0.1499999999999997,4.800229711342451,3572,0.2847144456886898,1035,756,764
frl_apartment_5,seq_0013,16,sequential,14,13,32768,0.851043701171875,0.460601806640625,0.48366622440563706,0.3288260602335587,0.15000000000000066,4.827989820117571,3045,0.25287356321839083,786,750,739
frl_apartment_5,seq_0013,16,sequential,15,14,32768,0.81182861328125,0.42022705078125,0.4519960905195098,0.2831657476483944,0.15000000000000024,4.899055366732828,3898,0.20805541303232428,1065,1056,966
frl_apartment_5,seq_0013,16,sequential,16,15,32768,0.76861572265625,0.41656494140625,0.4563249424283332,0.2844895805855975,0.14999999999999947,4.968002424541357,4499,0.23182929539897756,1268,1192,996
office_4,seq_0005,21,spread,1,0,32768,0.0,0.800933837890625,,0.800933837890625,,,9459,0.6012263452796278,2223,1189,360
office_4,seq_0005,21,spread,2,20,32768,0.10723876953125,0.8782958984375,0.9678429140580534,0.8675394817802694,2.9999999999999996,67.8596292759669,6306,0.5329844592451634,1744,981,220
office_4,seq_0005,21,spread,3,10,32768,0.63116455078125,0.826812744140625,0.965718982690262,0.5891113685255668,1.4999999999999998,40.72048055500535,5659,0.4585615833186075,2168,896,0
office_4,seq_0005,21,spread,4,5,32768,0.678070068359375,0.81109619140625,0.928754669427067,0.5632761399184757,0.7500000000000001,23.405294314493304,5041,0.429676651458044,1813,781,281
office_4,seq_0005,21,spread,5,15,32768,0.82379150390625,0.839996337890625,0.8941987108246277,0.5865950813993766,0.7499999999999997,25.812943112674603,3098,0.5484183344092963,963,245,191
office_4,seq_0005,21,spread,6,3,32768,0.7838134765625,0.805084228515625,0.8918003426257592,0.4906832298136646,0.30000000000000016,9.843675101391845,3452,0.4261297798377752,1149,641,191
office_4,seq_0005,21,spread,7,8,32768,0.91973876953125,0.820587158203125,0.8620346406529962,0.3456273764258555,0.30000000000000016,9.566176468835508,1958,0.32839632277834524,693,468,154
office_4,seq_0005,21,spread,8,13,32768,0.887542724609375,0.8314208984375,0.859780627858199,0.6075983717774762,0.29999999999999993,10.248445097449494,2537,0.5266062278281435,882,313,6
office_4,seq_0005,21,spread,9,17,32768,0.932403564453125,0.89666748046875,0.9209897555068242,0.5611738148984199,0.29999999999999993,11.153187240715713,1550,0.4264516129032258,433,265,191
office_4,seq_0005,21,spread,10,12,32768,0.824432373046875,0.823974609375,0.8980936516749953,0.4759256040326786,0.15000000000000022,4.929447709405317,3045,0.41379310344827586,1111,508,166
office_4,seq_0005,21,spread,11,18,32768,0.93463134765625,0.909759521484375,0.9286553908443806,0.6395891690009337,0.1500000000000002,5.699161318134906,1313,0.41964965727341963,362,308,92
office_4,seq_0005,21,spread,12,1,32768,0.909149169921875,0.824005126953125,0.8688194421133899,0.37554585152838427,0.14999999999999997,4.9827199311160575,2152,0.3308550185873606,593,548,299
office_4,seq_0005,21,spread,13,2,32768,0.92840576171875,0.844818115234375,0.8714417198080336,0.49957374254049447,0.14999999999999997,4.977845844527952,1643,0.40900791235544737,550,207,214
office_4,seq_0005,21,spread,14,4,32768,0.924835205078125,0.805755615234375,0.8431941923774955,0.3451075923670321,0.14999999999999997,4.901712112570052,1688,0.3187203791469194,764,254,132
office_4,seq_0005,21,spread,15,7,32768,0.942718505859375,0.812225341796875,0.8505713638276521,0.18114011720831114,0.14999999999999997,4.856492424944812,1393,0.20531227566403445,614,360,133
office_4,seq_0005,21,spread,16,9,32768,0.955963134765625,0.826416015625,0.8548443735035913,0.20928620928620928,0.14999999999999997,4.81665514716504,1067,0.21930646672914714,387,348,98
office_4,seq_0005,21,spread,17,6,32768,0.963409423828125,0.80615234375,0.8257467769013906,0.2902418682235196,0.14999999999999974,4.828553323675989,949,0.2781875658587987,321,303,61
office_4,seq_0005,21,spread,18,11,32768,0.95404052734375,0.800872802734375,0.814279316742371,0.5225763612217795,0.14999999999999974,5.088878596087202,939,0.4366347177848775,286,160,83
office_4,seq_0005,21,spread,19,14,32768,0.967437744140625,0.85919189453125,0.8752089839437242,0.38331771321462044,0.14999999999999974,5.128008104391509,965,0.36373056994818653,366,140,108
office_4,seq_0005,21,spread,20,16,32768,0.984100341796875,0.883453369140625,0.8913077185474618,0.39731285988483683,0.14999999999999974,5.501343150126608,500,0.386,152,96,59
office_4,seq_0005,21,spread,21,19,32768,0.9266357421875,0.866363525390625,0.9012317217757871,0.4259567387687188,0.14999999999999974,6.271204077952499,1617,0.27087198515769945,569,546,64
office_4,seq_0005,21,random,1,10,32768,0.0,0.826812744140625,,0.826812744140625,,,8909,0.6143225951285217,2456,980,0
office_4,seq_0005,21,random,2,18,32768,0.508056640625,0.909759521484375,0.976753964440173,0.8405707196029777,1.1999999999999997,38.60344244714658,5014,0.5957319505384923,1192,585,250
office_4,seq_0005,21,random,3,16,32768,0.84893798828125,0.883453369140625,0.9378100510460853,0.5779797979797979,0.29999999999999993,10.903081021942443,3060,0.45555555555555555,1008,452,206
office_4,seq_0005,21,random,4,4,32768,0.703094482421875,0.805755615234375,0.9106732063023568,0.5573029088292734,0.9000000000000002,27.2286317959059,5081,0.4705766581381618,1908,498,284
office_4,seq_0005,21,random,5,2,32768,0.713104248046875,0.844818115234375,0.9243377412590406,0.6471651951920009,0.29999999999999993,9.881659685226136,4413,0.49648765012463175,1463,463,296
office_4,seq_0005,21,random,6,12,32768,0.822509765625,0.823974609375,0.9080958741466311,0.4341471801925722,0.2999999999999995,9.786981277415052,3473,0.400230348401958,1211,684,188
office_4,seq_0005,21,random,7,6,32768,0.89263916015625,0.80615234375,0.8617435897435898,0.3439454235361001,0.29999999999999993,9.589478725593903,2419,0.3100454733360893,840,728,101
office_4,seq_0005,21,random,8,19,32768,0.860321044921875,0.866363525390625,0.9352275548934057,0.44221105527638194,0.15000000000000022,6.271204077952519,3014,0.32448573324485736,1100,781,155
office_4,seq_0005,21,random,9,3,32768,0.82843017578125,0.805084228515625,0.8693361821262802,0.49484169334756317,0.14999999999999997,4.958426233703201,2576,0.4417701863354037,715,509,214
office_4,seq_0005,21,random,10,11,32768,0.84246826171875,0.800872802734375,0.8823081938708977,0.3653622626888803,0.14999999999999974,5.088878596087202,2304,0.3658854166666667,819,487,155
office_4,seq_0005,21,random,11,8,32768,0.96685791015625,0.820587158203125,0.8383624771163437,0.3020257826887661,0.30000000000000016,9.566176468835508,911,0.30735455543358947,333,208,90
office_4,seq_0005,21,random,12,0,32768,0.78533935546875,0.800933837890625,0.8981891660837802,0.4451236849587717,0.29999999999999993,9.947553801190786,4036,0.405599603567889,1233,898,268
office_4,seq_0005,21,random,13,17,32768,0.966827392578125,0.89666748046875,0.9088412613238218,0.5418583256669733,0.14999999999999974,5.629925248390276,800,0.43125,224,125,106
office_4,seq_0005,21,random,14,13,32768,0.945892333984375,0.8314208984375,0.8423294079690272,0.640721940214326,0.15000000000000022,5.1655386020112495,1368,0.5986842105263158,486,63,0
office_4,seq_0005,21,random,15,7,32768,0.944000244140625,0.812225341796875,0.8478324119871982,0.21198910081743869,0.14999999999999997,4.856492424944812,1440,0.22777777777777777,583,404,125
office_4,seq_0005,21,random,16,20,32768,0.908905029296875,0.8782958984375,0.9145821441762079,0.5162479061976549,0.14999999999999974,7.0057643032398245,1831,0.3926815947569634,588,434,90
office_4,seq_0005,21,random,17,5,32768,0.938934326171875,0.81109619140625,0.846328858842266,0.26936531734132935,0.14999999999999974,4.947741404196982,1376,0.3008720930232558,593,257,112
office_4,seq_0005,21,random,18,14,32768,0.963714599609375,0.85919189453125,0.8771968713385477,0.3809924306139613,0.1500000000000002,5.128008104391524,1069,0.3638914873713751,400,157,123
office_4,seq_0005,21,random,19,9,32768,0.968231201171875,0.826416015625,0.8464084218488984,0.21709894332372717,0.14999999999999997,4.81665514716504,744,0.23790322580645162,277,246,44
office_4,seq_0005,21,random,20,1,32768,0.9306640625,0.824005126953125,0.8599488457502623,0.3415492957746479,0.14999999999999997,4.9827199311160575,1710,0.30701754385964913,477,452,256
office_4,seq_0005,21,random,21,15,32768,0.9739990234375,0.839996337890625,0.8494798846973305,0.4847417840375587,0.14999999999999974,5.525572041817871,783,0.4776500638569604,283,80,46
office_4,seq_0005,21,sequential,1,0,32768,0.0,0.800933837890625,,0.800933837890625,,,9459,0.6012263452796278,2223,1189,360
office_4,seq_0005,21,sequential,2,1,32768,0.759063720703125,0.824005126953125,0.9235315402243397,0.5104496516782774,0.14999999999999997,4.9827199311160575,4682,0.4568560444254592,1434,775,334
office_4,seq_0005,21,sequential,3,2,32768,0.758697509765625,0.844818115234375,0.938417601866377,0.5505248513974959,0.14999999999999997,4.977845844527952,5229,0.49225473321858865,1764,611,280
office_4,seq_0005,21,sequential,4,3,32768,0.804168701171875,0.805084228515625,0.8660392394975522,0.5547763752532336,0.14999999999999997,4.958426233703201,3360,0.4648809523809524,918,639,241
office_4,seq_0005,21,sequential,5,4,32768,0.736541748046875,0.805755615234375,0.9100062150403978,0.5143055716436928,0.14999999999999997,4.901712112570052,4303,0.4122705089472461,1801,497,231
office_4,seq_0005,21,sequential,6,5,32768,0.882476806640625,0.81109619140625,0.8754020126569146,0.32822643469228774,0.1500000000000002,4.9477414041969965,2622,0.3310450038138825,1067,541,146
office_4,seq_0005,21,sequential,7,6,32768,0.794708251953125,0.80615234375,0.8877923274835836,0.49011446409989595,0.14999999999999974,4.828553323675989,3395,0.38438880706921946,1153,803,134
office_4,seq_0005,21,sequential,8,7,32768,0.9061279296875,0.812225341796875,0.859995958507342,0.3511053315994798,0.1500000000000002,4.856492424944819,2062,0.30455868089233756,780,453,201
office_4,seq_0005,21,sequential,9,8,32768,0.93603515625,0.820587158203125,0.8489175795513824,0.4060114503816794,0.14999999999999997,4.81665514716504,1499,0.34222815210140095,454,372,160
office_4,seq_0005,21,sequential,10,9,32768,0.88043212890625,0.826416015625,0.8794454072790294,0.43593670239918325,0.14999999999999997,4.81665514716504,2166,0.3361034164358264,759,573,106
office_4,seq_0005,21,sequential,11,10,32768,0.930694580078125,0.826812744140625,0.8466734432895039,0.560105680317041,0.1500000000000002,4.919652826710557,1817,0.4870665932856357,671,261,0
office_4,seq_0005,21,sequential,12,11,32768,0.920867919921875,0.800872802734375,0.8189560894780448,0.5904357886617817,0.14999999999999974,5.088878596087202,1668,0.5053956834532374,472,217,136
office_4,seq_0005,21,sequential,13,12,32768,0.81805419921875,0.823974609375,0.8921883160486458,0.5172760818517276,0.14999999999999974,4.929447709405301,3266,0.44366197183098594,1119,594,104
office_4,seq_0005,21,sequential,14,13,32768,0.9327392578125,0.8314208984375,0.8484164376390525,0.5957350272232305,0.15000000000000022,5.1655386020112495,1785,0.5630252100840336,601,173,6
office_4,seq_0005,21,sequential,15,14,32768,0.956634521484375,0.85919189453125,0.8791909911634287,0.4180154820548909,0.1500000000000002,5.128008104391524,1244,0.3890675241157556,462,185,113
office_4,seq_0005,21,sequential,16,15,32768,0.960693359375,0.839996337890625,0.8526683608640406,0.53027950310559,0.14999999999999974,5.525572041817871,1143,0.5039370078740157,347,116,104
office_4,seq_0005,21,sequential,17,16,32768,0.9710693359375,0.883453369140625,0.8965744814582024,0.4430379746835443,0.1500000000000002,5.501343150126624,838,0.3937947494033413,234,167,107
office_4,seq_0005,21,sequential,18,17,32768,0.9720458984375,0.89666748046875,0.9078236845410022,0.5087336244541485,0.14999999999999974,5.629925248390276,692,0.4147398843930636,158,109,138
office_4,seq_0005,21,sequential,19,18,32768,0.941864013671875,0.909759521484375,0.9205521174221559,0.7349081364829396,0.1500000000000002,5.699161318134906,989,0.5035389282103134,243,178,70
office_4,seq_0005,21,sequential,20,19,32768,0.881744384765625,0.866363525390625,0.9228186758038279,0.4454193548387097,0.15000000000000022,6.271204077952519,2400,0.30666666666666664,915,685,64
office_4,seq_0005,21,sequential,21,20,32768,0.91265869140625,0.8782958984375,0.9124256002140039,0.5216631726065688,0.14999999999999974,7.0057643032398245,1712,0.3942757009345794,553,410,74
office_4,seq_0006,16,spread,1,0,32768,0.0,0.761322021484375,,0.761322021484375,,,9678,0.6196528208307501,2588,999,94
office_4,seq_0006,16,spread,2,15,32768,0.34503173828125,0.838531494140625,0.9669202193525561,0.7708974000559128,2.25,58.019278380160415,6617,0.5130723893002871,2192,923,107
office_4,seq_0006,16,spread,3,7,32768,0.667144775390625,0.778167724609375,0.9505969534787979,0.4325662418630237,1.0500000000000003,28.75863357615757,6618,0.362042913266848,2139,1841,242
office_4,seq_0006,16,spread,4,11,32768,0.744415283203125,0.802764892578125,0.9209199360472267,0.4586268656716418,0.5999999999999998,19.32916789305121,4615,0.3599133261105092,1874,1018,62
office_4,seq_0006,16,spread,5,4,32768,0.774200439453125,0.793212890625,0.907288422878316,0.402081362346263,0.45000000000000034,13.651835125879268,4190,0.3799522673031026,1654,869,75
office_4,seq_0006,16,spread,6,2,32768,0.76513671875,0.765411376953125,0.8814215060625399,0.3874740124740125,0.29999999999999993,9.031777344645624,4831,0.3806665286690126,1852,1138,2
office_4,seq_0006,16,spread,7,13,32768,0.860504150390625,0.814178466796875,0.8851650884845905,0.3762852767446948,0.29999999999999993,10.317726064756043,2746,0.32592862345229423,919,896,36
office_4,seq_0006,16,spread,8,9,32768,0.7535400390625,0.75347900390625,0.8851044872833307,0.35104011887072806,0.2999999999999999,9.042527410085842,4754,0.3228859907446361,1322,1029,868
office_4,seq_0006,16,spread,9,5,32768,0.892913818359375,0.780120849609375,0.8351960080658942,0.32088914220575665,0.1500000000000004,4.421711320924177,2415,0.263768115942029,800,571,407
office_4,seq_0006,16,spread,10,1,32768,0.904541015625,0.78924560546875,0.8241228070175438,0.4587595907928389,0.14999999999999997,4.485059403807676,1860,0.45,721,283,19
office_4,seq_0006,16,spread,11,3,32768,0.885009765625,0.757293701171875,0.8254482758620689,0.23274946921443737,0.14999999999999997,4.600973167148989,2844,0.22011251758087202,875,669,674
office_4,seq_0006,16,spread,12,10,32768,0.78436279296875,0.86199951171875,0.8890358726947319,0.7636569487687518,0.14999999999999997,4.985077385671123,2513,0.544767210505372,627,478,39
office_4,seq_0006,16,spread,13,6,32768,0.955230712890625,0.77020263671875,0.797993674323504,0.17723244717109748,0.14999999999999952,4.614614091822566,1038,0.18786127167630057,487,329,27
office_4,seq_0006,16,spread,14,8,32768,0.95648193359375,0.781585693359375,0.8076064067385617,0.20967741935483872,0.14999999999999952,4.601234511163166,958,0.18997912317327767,345,380,51
office_4,seq_0006,16,spread,15,12,32768,0.9371337890625,0.80548095703125,0.8386413963787938,0.3111650485436893,0.14999999999999952,5.052639364564772,1508,0.2625994694960212,553,534,25
office_4,seq_0006,16,spread,16,14,32768,0.966156005859375,0.842803955078125,0.8581761900249534,0.40396753832281335,0.14999999999999952,5.489234017853469,868,0.3709677419354839,332,209,5
office_4,seq_0006,16,random,1,2,32768,0.0,0.765411376953125,,0.765411376953125,,,10321,0.5671931014436585,3101,1363,3
office_4,seq_0006,16,random,2,11,32768,0.501434326171875,0.802764892578125,0.975108027508977,0.6294301279304646,1.35,38.28138141228737,7088,0.4665632054176072,2552,1165,64
office_4,seq_0006,16,random,3,3,32768,0.66009521484375,0.757293701171875,0.9381877022653722,0.40599748608367753,0.14999999999999997,4.600973167148989,6470,0.3610510046367852,2156,1228,750
office_4,seq_0006,16,random,4,10,32768,0.64178466796875,0.86199951171875,0.9295292439372326,0.741012097461237,0.14999999999999997,4.985077385671123,4522,0.5559486952675807,1132,832,44
office_4,seq_0006,16,random,5,0,32768,0.76171875,0.761322021484375,0.8493589743589743,0.47989241803278687,0.29999999999999993,9.5118939075384,4095,0.4666666666666667,1576,567,41
office_4,seq_0006,16,random,6,4,32768,0.796356201171875,0.793212890625,0.8995209810308489,0.3774913831859733,0.14999999999999997,4.628634121359772,3977,0.3510183555443802,1507,981,93
office_4,seq_0006,16,random,7,7,32768,0.81787109375,0.778167724609375,0.8796268656716418,0.32255361930294907,0.44999999999999984,13.23575546278042,3900,0.2723076923076923,1208,1391,239
office_4,seq_0006,16,random,8,5,32768,0.9091796875,0.780120849609375,0.8329752953813104,0.25100806451612906,0.1500000000000004,4.421711320924177,2183,0.22308749427393496,676,578,442
office_4,seq_0006,16,random,9,14,32768,0.866241455078125,0.842803955078125,0.9051259468028888,0.43919689710244125,0.45000000000000034,16.082177491184524,2777,0.3665826431400792,969,742,48
office_4,seq_0006,16,random,10,12,32768,0.906158447265625,0.80548095703125,0.8589229784797764,0.2894308943089431,0.14999999999999952,5.052639364564772,2245,0.24944320712694878,882,754,49
office_4,seq_0006,16,random,11,6,32768,0.942962646484375,0.77020263671875,0.8049775073626978,0.19529159978598182,0.14999999999999952,4.614614091822566,1268,0.19321766561514195,589,404,30
office_4,seq_0006,16,random,12,9,32768,0.80816650390625,0.75347900390625,0.8585076655841704,0.3110085905186128,0.14999999999999997,4.549593437597727,3916,0.2936670071501532,1074,871,821
office_4,seq_0006,16,random,13,13,32768,0.926513671875,0.814178466796875,0.855467720685112,0.2936046511627907,0.1500000000000004,5.201027262104093,1382,0.3060781476121563,505,429,25
office_4,seq_0006,16,random,14,8,32768,0.960235595703125,0.781585693359375,0.803781979977753,0.24558710667689945,0.14999999999999952,4.601234511163166,851,0.23031727379553465,336,279,40
office_4,seq_0006,16,random,15,1,32768,0.931304931640625,0.78924560546875,0.8096143133335518,0.5131052865393159,0.14999999999999997,4.485059403807676,1392,0.48204022988505746,521,186,14
office_4,seq_0006,16,random,16,15,32768,0.911651611328125,0.838531494140625,0.8591704884008972,0.6255613126079448,0.14999999999999952,6.0943192521508935,1666,0.4717887154861945,517,335,28
office_4,seq_0006,16,sequential,1,0,32768,0.0,0.761322021484375,,0.761322021484375,,,9678,0.6196528208307501,2588,999,94
office_4,seq_0006,16,sequential,2,1,32768,0.68609619140625,0.78924560546875,0.9339026776977137,0.47307019249465293,0.14999999999999997,4.485059403807676,5789,0.45931939885990675,2039,1016,75
office_4,seq_0006,16,sequential,3,2,32768,0.70843505859375,0.765411376953125,0.9237529077280952,0.3806782499476659,0.14999999999999997,4.544117067994676,5648,0.36597025495750707,2247,1331,3
office_4,seq_0006,16,sequential,4,3,32768,0.736083984375,0.757293701171875,0.8846185737976783,0.40217391304347827,0.14999999999999997,4.600973167148989,5425,0.351889400921659,1859,961,696
office_4,seq_0006,16,sequential,5,4,32768,0.821380615234375,0.793212890625,0.8597064833735835,0.48744233726294206,0.14999999999999997,4.628634121359772,3164,0.42667509481668775,1142,621,51
office_4,seq_0006,16,sequential,6,5,32768,0.87896728515625,0.780120849609375,0.8499062565099645,0.27332324760463944,0.1500000000000004,4.421711320924177,2846,0.24736472241742796,917,783,442
office_4,seq_0006,16,sequential,7,6,32768,0.890411376953125,0.77020263671875,0.8207834938478938,0.3592314118629908,0.14999999999999952,4.614614091822566,2106,0.3010446343779677,890,542,40
office_4,seq_0006,16,sequential,8,7,32768,0.811279296875,0.778167724609375,0.8667995786939513,0.39715394566623546,0.1500000000000004,4.482940209542338,3775,0.33033112582781454,1137,1165,226
office_4,seq_0006,16,sequential,9,8,32768,0.910491943359375,0.781585693359375,0.8253393665158371,0.33651551312649164,0.14999999999999952,4.601234511163166,1823,0.27427317608337903,610,616,97
office_4,seq_0006,16,sequential,10,9,32768,0.7923583984375,0.75347900390625,0.8774456940378986,0.2804232804232804,0.15000000000000036,4.549593437597739,4374,0.27480566986739824,1279,1069,824
office_4,seq_0006,16,sequential,11,10,32768,0.6998291015625,0.86199951171875,0.8986568986568987,0.7765351769011793,0.14999999999999997,4.985077385671123,3518,0.5648095508811825,760,688,83
office_4,seq_0006,16,sequential,12,11,32768,0.800811767578125,0.802764892578125,0.8678404024236881,0.5411368163015168,0.14999999999999997,5.01154212618705,2876,0.40159944367176637,1216,489,16
office_4,seq_0006,16,sequential,13,12,32768,0.896392822265625,0.80548095703125,0.8637183808259286,0.301620029455081,0.14999999999999952,5.052639364564772,2348,0.26788756388415674,952,741,26
office_4,seq_0006,16,sequential,14,13,32768,0.889923095703125,0.814178466796875,0.8681115188093687,0.37815359024119766,0.1500000000000004,5.201027262104093,1928,0.3392116182572614,702,538,34
office_4,seq_0006,16,sequential,15,14,32768,0.949859619140625,0.842803955078125,0.8661204819277109,0.40109555690809495,0.1500000000000004,5.4892340178535,1089,0.4086317722681359,413,226,5
office_4,seq_0006,16,sequential,16,15,32768,0.911651611328125,0.838531494140625,0.8591704884008972,0.6255613126079448,0.14999999999999952,6.0943192521508935,1666,0.4717887154861945,517,335,28
apartment_2,seq_0004,42,spread,1,0,32768,0.0,0.69012451171875,,0.69012451171875,,,10233,0.4451285058145216,1803,1226,2649
apartment_2,seq_0004,42,spread,2,41,32768,0.025482177734375,0.525848388671875,0.9413173652694611,0.5149844987943507,6.149999999999999,78.40999237162652,7601,0.13708722536508355,746,1112,4701
apartment_2,seq_0004,42,spread,3,20,32768,0.19146728515625,0.65032958984375,0.7966209754542557,0.6156865705442742,3.0000000000000004,57.52427523327476,8943,0.2869283238286928,1227,1448,3702
apartment_2,seq_0004,42,spread,4,10,32768,0.681243896484375,0.596832275390625,0.7623079335214801,0.24317855433221638,1.5000000000000002,38.22182246701694,7094,0.2177896814209191,1536,1312,2701
apartment_2,seq_0004,42,spread,5,30,32768,0.51837158203125,0.613128662109375,0.8643588837866478,0.3427322265872513,1.4999999999999993,40.940508791664705,6177,0.1533106686093573,858,1147,3225
apartment_2,seq_0004,42,spread,6,5,32768,0.58868408203125,0.5423583984375,0.6905132192846034,0.33031607063362517,0.7500000000000001,22.546104378116894,7294,0.2870852755689608,1505,1036,2659
apartment_2,seq_0004,42,spread,7,15,32768,0.72576904296875,0.63775634765625,0.7697418215457068,0.2884486979746272,0.7500000000000001,21.311387163107735,5742,0.19905956112852666,1223,855,2521
apartment_2,seq_0004,42,spread,8,35,32768,0.582275390625,0.5736083984375,0.7824947589098532,0.28243717124488604,0.75,25.96887585338263,4761,0.1012392354547364,564,692,3023
apartment_2,seq_0004,42,spread,9,25,32768,0.643890380859375,0.62103271484375,0.844968955874686,0.2161282029308424,0.7499999999999994,22.728324639610953,5794,0.13893683120469452,957,1153,2879
apartment_2,seq_0004,42,spread,10,38,32768,0.62255859375,0.5921630859375,0.6893627450980392,0.4318402328589909,0.44999999999999896,17.244940248917104,3691,0.09021945272283934,335,457,2566
apartment_2,seq_0004,42,spread,11,23,32768,0.757720947265625,0.642730712890625,0.8105441217930646,0.11789897972036781,0.3000000000000009,9.21926952088927,4704,0.08163265306122448,745,942,2633
apartment_2,seq_0004,42,spread,12,13,32768,0.8414306640625,0.633758544921875,0.7198607282750616,0.1768668206312548,0.3000000000000001,8.796296833414846,4053,0.15149272144090797,707,720,2012
apartment_2,seq_0004,42,spread,13,18,32768,0.792144775390625,0.661224365234375,0.7902299957622221,0.1695786228160329,0.3000000000000001,8.790639061274529,4897,0.14723299979579335,874,982,2320
apartment_2,seq_0004,42,spread,14,2,32768,0.746551513671875,0.62921142578125,0.7482320238727874,0.2786273329319687,0.30000000000000004,9.675381209290334,4099,0.19565747743352038,866,712,1719
apartment_2,seq_0004,42,spread,15,7,32768,0.87457275390625,0.56854248046875,0.6284109149277689,0.1510948905109489,0.30000000000000004,9.176677051137952,3042,0.13708086785009863,464,338,1823
apartment_2,seq_0004,42,spread,16,32,32768,0.731201171875,0.608978271484375,0.7677378964941569,0.1771117166212534,0.3,10.06008596937099,3362,0.08358120166567519,522,544,2015
apartment_2,seq_0004,42,spread,17,27,32768,0.76007080078125,0.6109619140625,0.7781257528306432,0.08140422284406004,0.2999999999999992,9.566176468835478,4119,0.05292546734644331,574,906,2421
apartment_2,seq_0004,42,spread,18,28,32768,0.886688232421875,0.631988525390625,0.7034245396661504,0.07298680312415837,0.150000000000001,4.686312161519409,2455,0.038696537678207736,254,334,1772
apartment_2,seq_0004,42,spread,19,37,32768,0.85137939453125,0.567657470703125,0.6487920281023729,0.1028747433264887,0.15000000000000022,5.81987420474691,2703,0.022567517573066964,188,334,2120
apartment_2,seq_0004,42,spread,20,9,32768,0.89068603515625,0.588043212890625,0.647228123072706,0.1058068118369626,0.15000000000000005,4.6286341213597755,2516,0.10015898251192369,386,378,1500
apartment_2,seq_0004,42,spread,21,12,32768,0.87640380859375,0.616455078125,0.6869210947837593,0.11679012345679013,0.15000000000000005,4.570734235600942,2750,0.11272727272727273,345,492,1603
apartment_2,seq_0004,42,spread,22,1,32768,0.804931640625,0.648956298828125,0.728465271458902,0.3208698372966208,0.15,4.893413951223388,3387,0.24269264836138174,944,522,1099
apartment_2,seq_0004,42,spread,23,3,32768,0.84295654296875,0.615570068359375,0.6749330244008399,0.29692965410027206,0.15,4.870664012207301,2269,0.22168356104010578,487,344,935
apartment_2,seq_0004,42,spread,24,4,32768,0.886199951171875,0.572021484375,0.6268466544991219,0.1450791096808796,0.15,4.698624889728839,2697,0.10789766407119021,421,445,1540
apartment_2,seq_0004,42,spread,25,8,32768,0.929962158203125,0.588958740234375,0.6254060972008008,0.10501089324618737,0.15,4.491800154471152,1808,0.08462389380530974,278,222,1155
apartment_2,seq_0004,42,spread,26,14,32768,0.903076171875,0.63397216796875,0.6945458231954582,0.06958438287153652,0.15,4.499333255660675,2373,0.0539401601348504,293,481,1471
apartment_2,seq_0004,42,spread,27,16,32768,0.9365234375,0.653045654296875,0.6937891032325338,0.051923076923076926,0.15,4.39097659165824,1824,0.03837719298245614,155,213,1386
apartment_2,seq_0004,42,spread,28,17,32768,0.8935546875,0.617034912109375,0.6826161202185792,0.06651376146788991,0.15,4.783697793402822,2529,0.060498220640569395,338,628,1410
apartment_2,seq_0004,42,spread,29,19,32768,0.906829833984375,0.643707275390625,0.7002523977788996,0.09335080248935473,0.15,4.624913063455473,2258,0.06554472984942426,277,507,1326
apartment_2,seq_0004,42,spread,30,24,32768,0.8497314453125,0.64630126953125,0.7475937365321075,0.07351746547522339,0.15,4.530111628265484,2828,0.04915134370579915,366,697,1626
apartment_2,seq_0004,42,spread,31,33,32768,0.8033447265625,0.632568359375,0.7515575140556147,0.14649286157666047,0.15,5.10224948494764,2990,0.04548494983277592,218,505,2131
apartment_2,seq_0004,42,spread,32,34,32768,0.850067138671875,0.626983642578125,0.7072338897863938,0.17199267250152656,0.15,5.1967410287792974,2480,0.027419354838709678,160,378,1874
apartment_2,seq_0004,42,spread,33,36,32768,0.94769287109375,0.552734375,0.5829522766793328,0.005250875145857643,0.15,6.131870137403399,1535,0.003257328990228013,21,76,1433
apartment_2,seq_0004,42,spread,34,6,32768,0.931060791015625,0.556854248046875,0.5877282113474712,0.13988490482514387,0.14999999999999997,4.679887384999399,1970,0.1233502538071066,308,329,1090
apartment_2,seq_0004,42,spread,35,11,32768,0.9478759765625,0.607696533203125,0.6369607211848036,0.07552693208430913,0.14999999999999994,4.48491034638294,1427,0.07288016818500351,187,203,933
apartment_2,seq_0004,42,spread,36,21,32768,0.87646484375,0.64300537109375,0.7261838440111421,0.052865612648221344,0.14999999999999988,4.528515452765698,2412,0.03980099502487562,222,508,1586
apartment_2,seq_0004,42,spread,37,31,32768,0.897918701171875,0.588409423828125,0.6438160622642151,0.10104633781763826,0.14999999999999977,5.181339078872474,2201,0.043162199000454336,153,349,1604
apartment_2,seq_0004,42,spread,38,39,32768,0.816650390625,0.5943603515625,0.6915171898355755,0.16161784287616512,0.14999999999999977,6.766842757348558,2807,0.01816886355539722,147,381,2228
apartment_2,seq_0004,42,spread,39,22,32768,0.920440673828125,0.64990234375,0.702795000165777,0.0379746835443038,0.14999999999999922,4.413014130866505,1926,0.02336448598130841,151,284,1446
apartment_2,seq_0004,42,spread,40,26,32768,0.89990234375,0.628875732421875,0.6910607704829083,0.06981707317073171,0.14999999999999922,4.734462518839631,2155,0.04176334106728538,231,391,1443
apartment_2,seq_0004,42,spread,41,29,32768,0.88714599609375,0.628204345703125,0.7052287581699347,0.022714981070849107,0.149999999999999,4.8374362654015854,2102,0.015223596574690771,167,496,1407
apartment_2,seq_0004,42,spread,42,40,32768,0.855712890625,0.50567626953125,0.5884450784593438,0.014805414551607445,0.14999999999999822,6.329411480411061,2723,0.012118986412045538,150,385,2155
apartment_2,seq_0004,42,random,1,32,32768,0.0,0.608978271484375,,0.608978271484375,,,8174,0.2736726205040372,1135,1193,3609
apartment_2,seq_0004,42,random,2,18,32768,0.085784912109375,0.661224365234375,0.8744219139096407,0.6412190806823113,2.099999999999999,47.26827096023019,10601,0.3351570606546552,1627,1621,3800
apartment_2,seq_0004,42,random,3,4,32768,0.124786376953125,0.572021484375,0.7666911225238444,0.5442658391157292,2.1,49.00746718146779,9295,0.3326519634211942,1706,1446,3051
apartment_2,seq_0004,42,random,4,26,32768,0.6260986328125,0.628875732421875,0.8968609865470852,0.18013385569702905,0.8999999999999995,26.4238509976978,6785,0.11658069270449521,1179,1263,3552
apartment_2,seq_0004,42,random,5,28,32768,0.75213623046875,0.631988525390625,0.7985474316319078,0.12656981039152918,0.3000000000000002,9.31074863120833,4603,0.09167933956115577,600,845,2736
apartment_2,seq_0004,42,random,6,27,32768,0.78955078125,0.6109619140625,0.75,0.08932714617169374,0.14999999999999922,4.816655147165016,4351,0.06228453229142726,453,828,2799
apartment_2,seq_0004,42,random,7,22,32768,0.74017333984375,0.64990234375,0.8226684258266678,0.15774019262391356,0.6,17.1553095337823,5314,0.11121565675573955,715,933,3075
apartment_2,seq_0004,42,random,8,2,32768,0.693389892578125,0.62921142578125,0.7381717353989701,0.3828008360704688,0.30000000000000004,9.675381209290334,5120,0.2505859375,982,782,2073
apartment_2,seq_0004,42,random,9,3,32768,0.791107177734375,0.615570068359375,0.6941711993210662,0.3178962746530314,0.15,4.870664012207301,4817,0.2908449242266971,1124,571,1721
apartment_2,seq_0004,42,random,10,36,32768,0.564208984375,0.552734375,0.8016010385114669,0.23053221288515408,0.6,23.25451144195612,4682,0.07026911576249466,502,690,3161
apartment_2,seq_0004,42,random,11,38,32768,0.6890869140625,0.5921630859375,0.6759964570416298,0.40636042402826855,0.3000000000000002,11.691808837862414,4118,0.07673627974745022,287,388,3127
apartment_2,seq_0004,42,random,12,1,32768,0.70166015625,0.648956298828125,0.7578723034098817,0.39279869067103107,0.15000000000000005,4.89341395122339,4941,0.29022465088038857,1303,627,1577
apartment_2,seq_0004,42,random,13,10,32768,0.75433349609375,0.596832275390625,0.7268791973460635,0.19751552795031055,0.9,25.291839331928113,5314,0.17651486639066616,1214,1150,2012
apartment_2,seq_0004,42,random,14,11,32768,0.8431396484375,0.607696533203125,0.6937527146373245,0.14513618677042803,0.14999999999999994,4.48491034638294,3661,0.13138486752253484,702,714,1764
apartment_2,seq_0004,42,random,15,24,32768,0.8187255859375,0.64630126953125,0.7690472640524825,0.09191919191919191,0.2999999999999992,9.004282616717518,3652,0.06352683461117196,420,711,2289
apartment_2,seq_0004,42,random,16,20,32768,0.81756591796875,0.65032958984375,0.765210899589399,0.13549682167949148,0.2999999999999999,8.929055688208598,3535,0.10523338048090523,525,778,1860
apartment_2,seq_0004,42,random,17,21,32768,0.8782958984375,0.64300537109375,0.7177901320361362,0.10330992978936811,0.14999999999999988,4.528515452765698,2675,0.0811214953271028,269,339,1850
apartment_2,seq_0004,42,random,18,30,32768,0.7757568359375,0.613128662109375,0.7607002360346184,0.10261295590636908,0.2999999999999992,9.84245011230688,3323,0.05777911525729762,392,701,2038
apartment_2,seq_0004,42,random,19,39,32768,0.690887451171875,0.5943603515625,0.733468792791201,0.28344357784578933,0.14999999999999977,6.766842757348558,3797,0.04450882275480643,290,554,2784
apartment_2,seq_0004,42,random,20,40,32768,0.691619873046875,0.50567626953125,0.660901028107488,0.15754576942107867,0.150000000000001,6.329411480411176,3885,0.025225225225225224,369,544,2874
apartment_2,seq_0004,42,random,21,17,32768,0.86798095703125,0.617034912109375,0.6915828704029252,0.12690707350901526,0.15,4.783697793402822,3218,0.10223741454319453,505,687,1697
apartment_2,seq_0004,42,random,22,0,32768,0.831573486328125,0.69012451171875,0.742302469815406,0.4325058887479616,0.15,5.0115421261870505,2646,0.254724111866969,512,301,1159
apartment_2,seq_0004,42,random,23,23,32768,0.868072509765625,0.642730712890625,0.7324661627702584,0.05227851029377747,0.14999999999999922,4.639665744894178,2559,0.031652989449003514,297,583,1598
apartment_2,seq_0004,42,random,24,37,32768,0.9241943359375,0.567657470703125,0.6079447893276978,0.07648953301127215,0.15,5.819874204746902,1986,0.010574018126888218,48,117,1800
apartment_2,seq_0004,42,random,25,9,32768,0.90216064453125,0.588043212890625,0.6374399567011704,0.13256394260761073,0.15000000000000005,4.6286341213597755,2323,0.12268618166164443,455,360,1223
apartment_2,seq_0004,42,random,26,6,32768,0.819488525390625,0.556854248046875,0.6408594942836927,0.17548605240912934,0.29999999999999993,9.298150999211309,3494,0.16370921579851175,809,681,1432
apartment_2,seq_0004,42,random,27,34,32768,0.773590087890625,0.626983642578125,0.7396346995936723,0.2420811430111875,0.3,10.30935968095654,2908,0.05983493810178817,279,426,2029
apartment_2,seq_0004,42,random,28,25,32768,0.850830078125,0.62103271484375,0.7109756097560975,0.10801963993453355,0.15,4.7889430732756795,3148,0.10324015247776366,497,631,1695
apartment_2,seq_0004,42,random,29,19,32768,0.92230224609375,0.643707275390625,0.6891337436304679,0.1044776119402985,0.15,4.624913063455473,2048,0.072265625,241,421,1238
apartment_2,seq_0004,42,random,30,35,32768,0.81829833984375,0.5736083984375,0.6921757290967405,0.03963721867651999,0.15,5.563746177965905,2415,0.019461697722567287,239,443,1686
apartment_2,seq_0004,42,random,31,8,32768,0.918975830078125,0.588958740234375,0.6244811211104838,0.18606403013182674,0.15,4.491800154471152,1818,0.15346534653465346,345,258,936
apartment_2,seq_0004,42,random,32,16,32768,0.886199951171875,0.653045654296875,0.7238885636557733,0.10136765888978279,0.15,4.39097659165824,2747,0.07935930105569712,381,575,1573
apartment_2,seq_0004,42,random,33,13,32768,0.93316650390625,0.633758544921875,0.6717574726927856,0.10319634703196347,0.30000000000000004,8.796296833414845,1845,0.08672086720867209,289,278,1118
apartment_2,seq_0004,42,random,34,12,32768,0.9140625,0.616455078125,0.6663995726495726,0.08522727272727272,0.15,4.570734235600941,1921,0.07600208224882873,204,349,1222
apartment_2,seq_0004,42,random,35,7,32768,0.928497314453125,0.56854248046875,0.6068036154478225,0.07170294494238157,0.15,4.617953433568752,1782,0.06902356902356903,188,222,1249
apartment_2,seq_0004,42,random,36,41,32768,0.868560791015625,0.525848388671875,0.5873300305681459,0.11957278848386348,0.14999999999999822,6.7820638796819654,2348,0.01192504258943782,128,276,1916
apartment_2,seq_0004,42,random,37,5,32768,0.918609619140625,0.5423583984375,0.5659280422577323,0.27634045744281965,0.14999999999999997,4.746456626900481,2344,0.24701365187713312,254,201,1310
apartment_2,seq_0004,42,random,38,14,32768,0.921630859375,0.63397216796875,0.6828807947019867,0.0588006230529595,0.1500000000000001,4.499333255660679,1808,0.04811946902654867,228,447,1046
apartment_2,seq_0004,42,random,39,29,32768,0.88336181640625,0.628204345703125,0.7076625440475368,0.02642595499738357,0.149999999999999,4.8374362654015854,2200,0.01818181818181818,167,542,1451
apartment_2,seq_0004,42,random,40,33,32768,0.834197998046875,0.632568359375,0.7313334552771172,0.13565249401803792,0.15,5.10224948494764,2567,0.039735099337748346,179,445,1841
apartment_2,seq_0004,42,random,41,15,32768,0.926605224609375,0.63775634765625,0.6818496196028061,0.08108108108108109,0.15,4.4613238755647275,1943,0.06536284096757591,231,240,1345
apartment_2,seq_0004,42,random,42,31,32768,0.905548095703125,0.588409423828125,0.638627708691403,0.10694668820678514,0.14999999999999977,5.181339078872474,2020,0.04504950495049505,153,281,1495
apartment_2,seq_0004,42,sequential,1,0,32768,0.0,0.69012451171875,,0.69012451171875,,,10233,0.4451285058145216,1803,1226,2649
apartment_2,seq_0004,42,sequential,2,1,32768,0.670318603515625,0.648956298828125,0.8025495105850217,0.33666574099787094,0.15,4.893413951223388,6614,0.2936195947989114,1710,832,2130
apartment_2,seq_0004,42,sequential,3,2,32768,0.63720703125,0.62921142578125,0.7883141762452107,0.349764468371467,0.15000000000000005,4.87242583736099,6642,0.2935862691960253,1285,1143,2264
apartment_2,seq_0004,42,sequential,4,3,32768,0.714599609375,0.615570068359375,0.726725316023232,0.3372540633019675,0.15,4.870664012207301,5455,0.3110907424381302,1220,719,1819
apartment_2,seq_0004,42,sequential,5,4,32768,0.788482666015625,0.572021484375,0.6596354065874521,0.24541913143846486,0.15000000000000005,4.6986248897288405,5018,0.20207253886010362,879,734,2391
apartment_2,seq_0004,42,sequential,6,5,32768,0.738800048828125,0.5423583984375,0.6459168077987525,0.24944502862483936,0.15,4.746456626900482,5188,0.25501156515034695,1051,737,2077
apartment_2,seq_0004,42,sequential,7,6,32768,0.831939697265625,0.556854248046875,0.6239316239316239,0.22480479389867442,0.14999999999999997,4.679887384999399,4340,0.20253456221198157,903,663,1895
apartment_2,seq_0004,42,sequential,8,7,32768,0.831787109375,0.56854248046875,0.6485544467273261,0.1728955007256894,0.15000000000000008,4.617953433568754,3862,0.17477990678404973,790,554,1843
apartment_2,seq_0004,42,sequential,9,8,32768,0.85565185546875,0.588958740234375,0.6517226621014338,0.21691331923890064,0.15,4.491800154471152,3814,0.19323544834819087,662,447,1968
apartment_2,seq_0004,42,sequential,10,9,32768,0.813140869140625,0.588043212890625,0.6791893413398387,0.19140943981708314,0.15,4.628634121359774,3744,0.1856303418803419,752,641,1656
apartment_2,seq_0004,42,sequential,11,10,32768,0.860107421875,0.596832275390625,0.6706996877661084,0.14267015706806283,0.15000000000000005,4.50297383588773,3513,0.12724167378309137,618,653,1795
apartment_2,seq_0004,42,sequential,12,11,32768,0.8641357421875,0.607696533203125,0.6788388190422376,0.15521114106019768,0.14999999999999994,4.48491034638294,3361,0.13329366260041653,545,602,1766
apartment_2,seq_0004,42,sequential,13,12,32768,0.83990478515625,0.616455078125,0.7042002761427222,0.15611894776972932,0.15,4.570734235600941,3587,0.13994981879007526,450,647,1988
apartment_2,seq_0004,42,sequential,14,13,32768,0.910888671875,0.633758544921875,0.6773988206915036,0.18767123287671234,0.15000000000000005,4.4242175697510735,2498,0.155724579663731,344,333,1432
apartment_2,seq_0004,42,sequential,15,14,32768,0.842803955078125,0.63397216796875,0.7215845312669732,0.16423995340710543,0.1500000000000001,4.499333255660679,3726,0.14868491680085882,589,684,1899
apartment_2,seq_0004,42,sequential,16,15,32768,0.8526611328125,0.63775634765625,0.7220114531138153,0.15016570008285005,0.15,4.4613238755647275,3567,0.11634426689094478,676,491,1985
apartment_2,seq_0004,42,sequential,17,16,32768,0.916473388671875,0.653045654296875,0.7007425660151178,0.12970405553525757,0.15,4.39097659165824,2355,0.10233545647558387,243,275,1596
apartment_2,seq_0004,42,sequential,18,17,32768,0.76934814453125,0.617034912109375,0.7643395477984927,0.12569462820852076,0.15,4.783697793402822,4501,0.12774938902466118,623,1079,2224
apartment_2,seq_0004,42,sequential,19,18,32768,0.849151611328125,0.661224365234375,0.7565858041329739,0.12441836941128868,0.15,4.4213382153487535,3674,0.10860097985846488,456,894,1925
apartment_2,seq_0004,42,sequential,20,19,32768,0.86273193359375,0.643707275390625,0.724336752741422,0.13694975544686527,0.1500000000000001,4.624913063455477,3297,0.10130421595389748,477,694,1792
apartment_2,seq_0004,42,sequential,21,20,32768,0.87664794921875,0.65032958984375,0.7281556777831929,0.09722909450766946,0.15,4.491800154471152,2873,0.07831534980856247,418,500,1730
apartment_2,seq_0004,42,sequential,22,21,32768,0.81646728515625,0.64300537109375,0.76100769978321,0.11805786498170935,0.14999999999999988,4.528515452765698,3529,0.10059506942476622,489,719,1966
apartment_2,seq_0004,42,sequential,23,22,32768,0.8897705078125,0.64990234375,0.7196803402387159,0.08665559246954596,0.15,4.413014130866528,2634,0.05884586180713743,264,385,1830
apartment_2,seq_0004,42,sequential,24,23,32768,0.818359375,0.642730712890625,0.7661843675417661,0.08652553763440861,0.14999999999999922,4.639665744894178,3670,0.07002724795640326,453,708,2252
apartment_2,seq_0004,42,sequential,25,24,32768,0.83935546875,0.64630126953125,0.7526905177428738,0.09042553191489362,0.15,4.530111628265484,3108,0.05952380952380952,434,712,1777
apartment_2,seq_0004,42,sequential,26,25,32768,0.7381591796875,0.62103271484375,0.7994873490987267,0.11794871794871795,0.15000000000000088,4.788943073275709,4642,0.11266695389918138,689,1022,2408
apartment_2,seq_0004,42,sequential,27,26,32768,0.842742919921875,0.628875732421875,0.7299293862031505,0.08732777023093344,0.15,4.734462518839655,3305,0.053857791225416035,348,600,2179
apartment_2,seq_0004,42,sequential,28,27,32768,0.803070068359375,0.6109619140625,0.7490784723541706,0.047729738106307144,0.14999999999999922,4.816655147165016,3526,0.0368689733408962,377,804,2215
apartment_2,seq_0004,42,sequential,29,28,32768,0.91033935546875,0.631988525390625,0.6881327522628227,0.061946902654867256,0.150000000000001,4.686312161519409,2176,0.034466911764705885,159,284,1658
apartment_2,seq_0004,42,sequential,30,29,32768,0.863800048828125,0.628204345703125,0.7185302950008833,0.055343939054447684,0.149999999999999,4.8374362654015854,2573,0.031869413136416634,211,588,1692
apartment_2,seq_0004,42,sequential,31,30,32768,0.818115234375,0.613128662109375,0.7396672635034318,0.04395973154362416,0.15000000000000022,4.957800013705674,2921,0.031153714481342007,271,672,1887
apartment_2,seq_0004,42,sequential,32,31,32768,0.7705078125,0.588409423828125,0.7454055766793409,0.061303191489361704,0.14999999999999977,5.181339078872474,3309,0.03989120580235721,314,694,2169
apartment_2,seq_0004,42,sequential,33,32,32768,0.817169189453125,0.608978271484375,0.7188258580124733,0.11801034885661826,0.15000000000000022,5.0691111480905375,2585,0.057640232108317216,368,479,1589
apartment_2,seq_0004,42,sequential,34,33,32768,0.869781494140625,0.632568359375,0.6968878284972457,0.20295289430513241,0.15,5.10224948494764,2514,0.057279236276849645,143,253,1974
apartment_2,seq_0004,42,sequential,35,34,32768,0.823944091796875,0.626983642578125,0.7173969406274306,0.20384815392615704,0.15,5.1967410287792974,2850,0.04175438596491228,198,393,2140
apartment_2,seq_0004,42,sequential,36,35,32768,0.7740478515625,0.5736083984375,0.705961204857278,0.1202052944354403,0.15,5.563746177965905,3208,0.03054862842892768,268,540,2302
apartment_2,seq_0004,42,sequential,37,36,32768,0.788848876953125,0.552734375,0.6816511277031994,0.071108541696777,0.15,6.131870137403399,2861,0.02202027263194687,201,487,2110
apartment_2,seq_0004,42,sequential,38,37,32768,0.902496337890625,0.567657470703125,0.6054509180671559,0.21784037558685446,0.15,5.819874204746902,2046,0.02737047898338221,59,156,1775
apartment_2,seq_0004,42,sequential,39,38,32768,0.8409423828125,0.5921630859375,0.662106256350704,0.22237145049884882,0.15000000000000022,5.907399700790102,2986,0.03449430676490288,118,277,2488
apartment_2,seq_0004,42,sequential,40,39,32768,0.78131103515625,0.5943603515625,0.684243418482931,0.2732347195087915,0.14999999999999977,6.766842757348558,2990,0.03411371237458194,147,380,2361
apartment_2,seq_0004,42,sequential,41,40,32768,0.7691650390625,0.50567626953125,0.6199809554039042,0.12480169222633528,0.150000000000001,6.329411480411176,3172,0.017023959646910468,258,476,2384
apartment_2,seq_0004,42,sequential,42,41,32768,0.87408447265625,0.525848388671875,0.5855038056001676,0.11173048957828405,0.14999999999999822,6.7820638796819654,2264,0.008392226148409895,122,269,1854
apartment_2,seq_0001,45,spread,1,0,32768,0.0,0.72235107421875,,0.72235107421875,,,9528,0.505142737195634,1187,1284,2244
apartment_2,seq_0001,45,spread,2,44,32768,0.0050048828125,0.8912353515625,0.9512195121951219,0.890933627775733,6.6,76.27939221502528,6708,0.6943947525342874,1572,462,16
apartment_2,seq_0001,45,spread,3,22,32768,0.282318115234375,0.8203125,0.9448708247757,0.7713143683292937,3.3,61.243248253671524,7686,0.5139214155607599,1597,705,1434
apartment_2,seq_0001,45,spread,4,11,32768,0.714111328125,0.774383544921875,0.9025213675213675,0.4543125533731853,1.6499999999999997,42.46352516909016,6048,0.35168650793650796,1588,667,1666
apartment_2,seq_0001,45,spread,5,33,32768,0.56866455078125,0.8204345703125,0.9811097992916175,0.6086033677656715,1.6499999999999992,47.756973737712165,5681,0.48037317373701816,1820,1007,125
apartment_2,seq_0001,45,spread,6,27,32768,0.60235595703125,0.75213623046875,0.9523254635728037,0.4488871834228703,0.7500000000000006,23.793508075163764,5514,0.338411316648531,1694,882,1072
apartment_2,seq_0001,45,spread,7,5,32768,0.69598388671875,0.7183837890625,0.9151977549767605,0.2678177072876932,0.7500000000000001,21.933385942377573,5856,0.19655054644808742,1287,1143,2275
apartment_2,seq_0001,45,spread,8,38,32768,0.628173828125,0.80010986328125,0.9590944422852701,0.5315167432698621,0.7500000000000001,24.851881267284824,4213,0.3738428673154522,1977,657,4
apartment_2,seq_0001,45,spread,9,17,32768,0.614288330078125,0.697357177734375,0.9224501962342888,0.33887174618245114,0.7499999999999997,22.897793362139577,5454,0.2603593692702604,1718,1122,1194
apartment_2,seq_0001,45,spread,10,8,32768,0.80413818359375,0.781341552734375,0.8971537001897533,0.3058585229043316,0.4499999999999995,14.015534056255557,4686,0.22087067861715748,1023,853,1775
apartment_2,seq_0001,45,spread,11,14,32768,0.791839599609375,0.747222900390625,0.8834547346514048,0.2289986805453746,0.4499999999999995,13.486634767561116,4800,0.20020833333333332,1454,1054,1331
apartment_2,seq_0001,45,spread,12,30,32768,0.814544677734375,0.73162841796875,0.8217751301936983,0.3356919532664143,0.4499999999999995,16.08944854772094,2523,0.34165675782798255,568,391,702
apartment_2,seq_0001,45,spread,13,41,32768,0.866302490234375,0.88873291015625,0.9376475147074365,0.571787263181922,0.4499999999999995,15.41710035338029,2532,0.44549763033175355,876,516,12
apartment_2,seq_0001,45,spread,14,36,32768,0.853424072265625,0.830810546875,0.9017700697300197,0.4176556318967312,0.3000000000000006,11.242580114655782,2739,0.3950346841913107,1065,586,6
apartment_2,seq_0001,45,spread,15,19,32768,0.851593017578125,0.748626708984375,0.8552230783013797,0.13695249845774213,0.30000000000000016,9.07410627801357,2963,0.11542355720553493,801,776,1044
apartment_2,seq_0001,45,spread,16,24,32768,0.899383544921875,0.834136962890625,0.8887041498422178,0.3463754928723082,0.30000000000000016,9.843675101391845,2199,0.20327421555252387,495,376,881
apartment_2,seq_0001,45,spread,17,2,32768,0.82965087890625,0.71063232421875,0.8355035680129479,0.10247223217484773,0.2999999999999997,9.351568318235422,3860,0.06217616580310881,511,886,2223
apartment_2,seq_0001,45,spread,18,3,32768,0.776580810546875,0.67059326171875,0.8222580264864228,0.14342302964075945,0.15000000000000074,4.801712661995491,3444,0.1480836236933798,909,798,1227
apartment_2,seq_0001,45,spread,19,15,32768,0.89569091796875,0.73876953125,0.8085519591141397,0.1395552954944412,0.15000000000000074,4.510533883943623,2362,0.1401354784081287,657,428,946
apartment_2,seq_0001,45,spread,20,32,32768,0.739654541015625,0.672332763671875,0.7601188265874489,0.42292814441448834,0.15000000000000074,5.269589782200888,4817,0.37886651442806724,1868,1077,47
apartment_2,seq_0001,45,spread,21,25,32768,0.9169921875,0.787384033203125,0.849241214057508,0.10404411764705883,0.1500000000000003,4.957800013705676,2029,0.08723509117792015,553,450,849
apartment_2,seq_0001,45,spread,22,1,32768,0.806640625,0.66864013671875,0.8163211259079903,0.052556818181818184,0.14999999999999986,4.858159494739725,3897,0.034385424685655634,429,783,2551
apartment_2,seq_0001,45,spread,23,4,32768,0.90863037109375,0.71905517578125,0.7824612077651643,0.08851035404141616,0.14999999999999986,4.601234511163176,2564,0.08619344773790952,549,591,1203
apartment_2,seq_0001,45,spread,24,6,32768,0.817626953125,0.68621826171875,0.8223350253807107,0.07597054886211513,0.14999999999999986,4.884755943573846,2801,0.08104248482684756,859,697,1018
apartment_2,seq_0001,45,spread,25,9,32768,0.89764404296875,0.75823974609375,0.8268171618956959,0.15682766845557544,0.14999999999999986,4.683037149147186,2589,0.12514484356894554,624,440,1201
apartment_2,seq_0001,45,spread,26,10,32768,0.893463134765625,0.726959228515625,0.8010042012501281,0.10598682325981094,0.14999999999999986,4.601234511163176,2480,0.11451612903225807,604,689,903
apartment_2,seq_0001,45,spread,27,12,32768,0.9283447265625,0.792816162109375,0.8384286653517423,0.2018739352640545,0.14999999999999986,4.687553105883466,1889,0.1836950767601906,283,244,1015
apartment_2,seq_0001,45,spread,28,13,32768,0.941253662109375,0.79156494140625,0.8203157928865545,0.33090909090909093,0.14999999999999986,4.584829455221467,1513,0.2855254461335096,229,174,678
apartment_2,seq_0001,45,spread,29,18,32768,0.936279296875,0.75872802734375,0.8,0.15229885057471265,0.14999999999999986,4.484264390657447,1360,0.125,284,335,571
apartment_2,seq_0001,45,spread,30,21,32768,0.972564697265625,0.80657958984375,0.8230568891399165,0.22246941045606228,0.14999999999999986,4.629703001429414,733,0.17189631650750342,112,122,373
apartment_2,seq_0001,45,spread,31,23,32768,0.955169677734375,0.78271484375,0.8138598677274035,0.1191286589516678,0.14999999999999986,4.773925129019952,1168,0.10017123287671233,251,253,547
apartment_2,seq_0001,45,spread,32,26,32768,0.912567138671875,0.77410888671875,0.8309534160452129,0.18080279232111693,0.14999999999999986,5.0686503724493,2212,0.13200723327305605,449,588,883
apartment_2,seq_0001,45,spread,33,28,32768,0.931549072265625,0.73687744140625,0.7765765765765765,0.1966116807846634,0.14999999999999986,5.207062897204928,1523,0.15298752462245568,289,268,733
apartment_2,seq_0001,45,spread,34,29,32768,0.728729248046875,0.66668701171875,0.8426232254282006,0.19406007424907187,0.14999999999999986,5.434114786168993,3694,0.26854358419057933,1098,917,687
apartment_2,seq_0001,45,spread,35,31,32768,0.794677734375,0.621307373046875,0.7172811059907834,0.2498513674197384,0.14999999999999986,5.835495917030479,2984,0.37667560321715815,1024,589,247
apartment_2,seq_0001,45,spread,36,35,32768,0.908935546875,0.850616455078125,0.8987375772226699,0.3703083109919571,0.14999999999999986,5.566058753672775,2158,0.39759036144578314,692,548,60
apartment_2,seq_0001,45,spread,37,37,32768,0.858184814453125,0.778839111328125,0.8755734148856726,0.19345814503981063,0.14999999999999986,5.298037687205055,3306,0.17725347852389595,1072,902,746
apartment_2,seq_0001,45,spread,38,40,32768,0.87353515625,0.78900146484375,0.870353549468977,0.22707528957528958,0.14999999999999986,5.187819482966751,2648,0.1971299093655589,879,559,688
apartment_2,seq_0001,45,spread,39,42,32768,0.94244384765625,0.8282470703125,0.8627355741208471,0.2635206786850477,0.14999999999999986,5.124732510020095,1222,0.23895253682487724,624,303,3
apartment_2,seq_0001,45,spread,40,7,32768,0.9293212890625,0.77569580078125,0.8256272166031787,0.11917098445595854,0.14999999999999983,4.669526419538377,1980,0.09898989898989899,331,539,914
apartment_2,seq_0001,45,spread,41,20,32768,0.962982177734375,0.802276611328125,0.830011091744573,0.0807914262159934,0.14999999999999983,4.5752827683135795,1105,0.07692307692307693,223,238,559
apartment_2,seq_0001,45,spread,42,34,32768,0.91986083984375,0.79193115234375,0.833886271647535,0.31035795887281037,0.14999999999999983,6.040932970658262,1943,0.31085949562532167,766,563,10
apartment_2,seq_0001,45,spread,43,16,32768,0.96099853515625,0.726959228515625,0.7535090504922197,0.07276995305164319,0.14999999999999897,4.460425300453211,927,0.0744336569579288,203,180,475
apartment_2,seq_0001,45,spread,44,39,32768,0.94012451171875,0.85821533203125,0.8746672726092319,0.5998980632008155,0.14999999999999897,5.17827621861565,1273,0.44461901021209743,520,187,0
apartment_2,seq_0001,45,spread,45,43,32768,0.950958251953125,0.877899169921875,0.9061326658322904,0.3304293714996889,0.14999999999999897,5.154707461374155,1044,0.3103448275862069,491,226,3
apartment_2,seq_0001,45,random,1,2,32768,0.0,0.71063232421875,,0.71063232421875,,,10294,0.4034388964445308,1529,1594,3018
apartment_2,seq_0001,45,random,2,34,32768,0.019317626953125,0.79193115234375,0.5924170616113744,0.7958612105181266,4.800000000000001,73.54842524776653,7658,0.5718203186210499,2137,1102,40
apartment_2,seq_0001,45,random,3,4,32768,0.670623779296875,0.71905517578125,0.9002047781569966,0.3502269989808209,0.3000000000000006,9.143874783697656,7001,0.2943865162119697,1635,1115,2190
apartment_2,seq_0001,45,random,4,18,32768,0.45782470703125,0.75872802734375,0.920343954139448,0.6222559945964201,2.0999999999999996,47.67324489722506,7368,0.4379750271444082,1814,823,1504
apartment_2,seq_0001,45,random,5,23,32768,0.687774658203125,0.78271484375,0.9347295558415051,0.4478545596715863,0.7499999999999997,22.66396679264111,5287,0.34461887648950257,1381,788,1296
apartment_2,seq_0001,45,random,6,32,32768,0.587371826171875,0.672332763671875,0.8721359172858107,0.38791509503734933,0.3000000000000006,10.451509467602621,5768,0.393377253814147,2185,1285,29
apartment_2,seq_0001,45,random,7,11,32768,0.770782470703125,0.774383544921875,0.8976125430573703,0.3600053255225669,1.0499999999999998,30.215452167741503,5222,0.2972041363462275,1407,620,1643
apartment_2,seq_0001,45,random,8,1,32768,0.76171875,0.66864013671875,0.8467147435897436,0.09938524590163934,0.14999999999999986,4.858159494739725,4596,0.06984334203655353,554,906,2815
apartment_2,seq_0001,45,random,9,22,32768,0.85748291015625,0.8203125,0.8905260160865542,0.39785867237687367,0.14999999999999986,4.7349747998541805,3073,0.27497559388219983,831,479,918
apartment_2,seq_0001,45,random,10,19,32768,0.85595703125,0.748626708984375,0.8335353679406732,0.2440677966101695,0.1500000000000003,4.5656819646413,2778,0.21526277897768178,849,549,782
apartment_2,seq_0001,45,random,11,21,32768,0.932769775390625,0.80657958984375,0.8351382300016359,0.41034952337721287,0.14999999999999986,4.629703001429414,1623,0.3425754775107825,298,216,553
apartment_2,seq_0001,45,random,12,27,32768,0.71356201171875,0.75213623046875,0.8837995038918827,0.424142339654805,0.6000000000000008,19.429466938409153,4200,0.27904761904761904,1282,783,963
apartment_2,seq_0001,45,random,13,42,32768,0.484619140625,0.8282470703125,0.9311083123425693,0.7315253434391283,1.1999999999999997,35.65799958594701,4716,0.5324427480916031,1658,538,9
apartment_2,seq_0001,45,random,14,10,32768,0.82110595703125,0.726959228515625,0.8468743031294135,0.176560900716479,0.14999999999999986,4.601234511163176,3962,0.1625441696113074,1032,1015,1271
apartment_2,seq_0001,45,random,15,3,32768,0.734893798828125,0.67059326171875,0.8578547402516506,0.1514907332796132,0.14999999999999986,4.801712661995462,4053,0.16062176165803108,1283,879,1240
apartment_2,seq_0001,45,random,16,38,32768,0.78741455078125,0.80010986328125,0.9122548639640338,0.3847258110824002,0.5999999999999994,20.33124601211505,3317,0.3391618932770576,1591,597,4
apartment_2,seq_0001,45,random,17,16,32768,0.908111572265625,0.726959228515625,0.7844540780320597,0.15875124543341082,0.3000000000000006,8.86743199388023,2045,0.16528117359413202,617,352,738
apartment_2,seq_0001,45,random,18,30,32768,0.893585205078125,0.73162841796875,0.778764386462211,0.335818755377115,0.2999999999999997,10.884574540456788,2153,0.2940083604273107,351,405,764
apartment_2,seq_0001,45,random,19,20,32768,0.941741943359375,0.802276611328125,0.8410836384847208,0.1749607124148769,0.14999999999999983,4.5752827683135795,1626,0.14698646986469865,422,276,689
apartment_2,seq_0001,45,random,20,28,32768,0.895294189453125,0.73687744140625,0.793946211269046,0.2489070241911979,0.14999999999999986,5.207062897204928,2160,0.1763888888888889,460,418,901
apartment_2,seq_0001,45,random,21,8,32768,0.86590576171875,0.781341552734375,0.8533869035032071,0.3161128812016386,0.3000000000000006,9.44805020216662,3459,0.22405319456490316,729,587,1368
apartment_2,seq_0001,45,random,22,35,32768,0.8204345703125,0.850616455078125,0.9360214253831275,0.4604010876954453,0.14999999999999986,5.566058753672775,3442,0.463102847181871,1025,735,88
apartment_2,seq_0001,45,random,23,43,32768,0.8271484375,0.877899169921875,0.9413739669421488,0.5741525423728814,0.15000000000000074,5.154707461374215,2467,0.46088366436967976,1015,312,3
apartment_2,seq_0001,45,random,24,17,32768,0.80126953125,0.697357177734375,0.8300959780621572,0.16216216216216217,0.14999999999999986,4.828553323675993,2900,0.16,808,834,794
apartment_2,seq_0001,45,random,25,0,32768,0.8328857421875,0.72235107421875,0.8284112560457277,0.193754565376187,0.14999999999999986,4.9584262337031975,2489,0.1305745279228606,387,634,1143
apartment_2,seq_0001,45,random,26,24,32768,0.95709228515625,0.834136962890625,0.8580766532746636,0.30014224751066854,0.1500000000000003,4.958426233703212,1069,0.15622076707202995,182,118,602
apartment_2,seq_0001,45,random,27,25,32768,0.94598388671875,0.787384033203125,0.8258274727401768,0.11412429378531073,0.1500000000000003,4.957800013705676,1438,0.09805285118219749,270,341,686
apartment_2,seq_0001,45,random,28,40,32768,0.851531982421875,0.78900146484375,0.8777909185392252,0.27975334018499487,0.2999999999999997,10.29194447886187,3038,0.24950625411454905,979,581,720
apartment_2,seq_0001,45,random,29,26,32768,0.921875,0.77410888671875,0.8217690677966102,0.21171875,0.14999999999999986,5.0686503724493,1957,0.14971895758814513,397,472,795
apartment_2,seq_0001,45,random,30,39,32768,0.912109375,0.85821533203125,0.8844686830835118,0.5857638888888889,0.14999999999999897,5.17827621861565,1734,0.4602076124567474,685,251,0
apartment_2,seq_0001,45,random,31,9,32768,0.9041748046875,0.75823974609375,0.829148103145673,0.08917197452229299,0.14999999999999986,4.683037149147186,2504,0.08306709265175719,616,500,1180
apartment_2,seq_0001,45,random,32,6,32768,0.827301025390625,0.68621826171875,0.8138256667527389,0.07492489839194204,0.2999999999999997,9.699517713299322,2533,0.07224634820371101,615,678,1057
apartment_2,seq_0001,45,random,33,36,32768,0.917327880859375,0.830810546875,0.8709870587843906,0.3850129198966408,0.14999999999999986,5.675922716355092,2037,0.40942562592047127,741,454,8
apartment_2,seq_0001,45,random,34,37,32768,0.878570556640625,0.778839111328125,0.8588697071798256,0.19979894445840662,0.14999999999999986,5.298037687205055,2872,0.17862116991643454,852,790,717
apartment_2,seq_0001,45,random,35,13,32768,0.93017578125,0.79156494140625,0.8319225721784776,0.25393356643356646,0.2999999999999997,9.11168393783917,1812,0.2196467991169978,315,242,857
apartment_2,seq_0001,45,random,36,12,32768,0.9498291015625,0.792816162109375,0.8255686929700553,0.17274939172749393,0.14999999999999986,4.687553105883466,1346,0.1515601783060921,173,166,803
apartment_2,seq_0001,45,random,37,7,32768,0.919189453125,0.77569580078125,0.8340305444887118,0.11216012084592145,0.14999999999999983,4.669526419538377,2215,0.09616252821670429,378,616,1008
apartment_2,seq_0001,45,random,38,44,32768,0.936065673828125,0.8912353515625,0.916995403123268,0.5140811455847255,0.14999999999999897,5.318081550986974,1475,0.41152542372881357,542,315,11
apartment_2,seq_0001,45,random,39,5,32768,0.9039306640625,0.7183837890625,0.787508440243079,0.06797966963151207,0.14999999999999986,4.604371898963164,2396,0.05509181969949917,342,628,1294
apartment_2,seq_0001,45,random,40,14,32768,0.90228271484375,0.747222900390625,0.8123182033416763,0.146158650843223,0.14999999999999986,4.570734235600937,2550,0.14862745098039215,560,615,996
apartment_2,seq_0001,45,random,41,29,32768,0.7681884765625,0.66668701171875,0.8163435563324328,0.17074776197998948,0.14999999999999986,5.434114786168993,3289,0.24353906962602614,956,863,669
apartment_2,seq_0001,45,random,42,41,32768,0.95001220703125,0.88873291015625,0.9061676839061998,0.5573870573870574,0.14999999999999986,5.252002643065359,1045,0.40095693779904307,355,263,8
apartment_2,seq_0001,45,random,43,33,32768,0.916290283203125,0.8204345703125,0.8668442964196503,0.3124316441851987,0.14999999999999983,5.716696095480128,1965,0.31603053435114503,694,552,98
apartment_2,seq_0001,45,random,44,15,32768,0.951080322265625,0.73876953125,0.7719557195571956,0.09357454772301933,0.14999999999999897,4.5105338839435705,1166,0.09005145797598628,194,248,619
apartment_2,seq_0001,45,random,45,31,32768,0.841705322265625,0.621307373046875,0.6904390703745332,0.25371120107962214,0.14999999999999986,5.835495917030479,2557,0.35549472037543994,844,558,246
apartment_2,seq_0001,45,sequential,1,0,32768,0.0,0.72235107421875,,0.72235107421875,,,9528,0.505142737195634,1187,1284,2244
apartment_2,seq_0001,45,sequential,2,1,32768,0.6212158203125,0.66864013671875,0.922185105128709,0.2528198517563648,0.14999999999999986,4.858159494739725,6273,0.1579786386099155,1008,1138,3136
apartment_2,seq_0001,45,sequential,3,2,32768,0.762542724609375,0.71063232421875,0.8573658302317205,0.2394293792571649,0.14999999999999986,4.707132523882659,5632,0.20259232954545456,876,1168,2447
apartment_2,seq_0001,45,sequential,4,3,32768,0.63873291015625,0.67059326171875,0.9101290014333493,0.24708565636087176,0.15000000000000074,4.801712661995491,6237,0.2773769440436107,1906,1114,1487
apartment_2,seq_0001,45,sequential,5,4,32768,0.755218505859375,0.71905517578125,0.8708934416292884,0.250592195486847,0.14999999999999986,4.601234511163176,5369,0.22592661575712422,1446,934,1776
apartment_2,seq_0001,45,sequential,6,5,32768,0.8426513671875,0.7183837890625,0.8212371432710416,0.16757176105508145,0.14999999999999986,4.604371898963164,3768,0.14198513800424628,620,886,1727
apartment_2,seq_0001,45,sequential,7,6,32768,0.69219970703125,0.68621826171875,0.8872233489110307,0.23418600039658932,0.14999999999999986,4.884755943573846,5380,0.24739776951672862,1622,1093,1334
apartment_2,seq_0001,45,sequential,8,7,32768,0.857635498046875,0.77569580078125,0.8518307653987118,0.3170418006430868,0.14999999999999983,4.669526419538377,3825,0.2627450980392157,817,719,1284
apartment_2,seq_0001,45,sequential,9,8,32768,0.869720458984375,0.781341552734375,0.8456437067967297,0.3520730850316233,0.14999999999999986,4.7563582714628705,3360,0.2708333333333333,753,504,1193
apartment_2,seq_0001,45,sequential,10,9,32768,0.86383056640625,0.75823974609375,0.8367483925669469,0.2601972209771403,0.14999999999999986,4.683037149147186,3283,0.21230581784952787,827,452,1307
apartment_2,seq_0001,45,sequential,11,10,32768,0.822723388671875,0.726959228515625,0.8406098149041137,0.19951798932690654,0.15000000000000074,4.601234511163203,4134,0.21262699564586357,1169,908,1178
apartment_2,seq_0001,45,sequential,12,11,32768,0.85406494140625,0.774383544921875,0.8528907310798256,0.31493099121706397,0.14999999999999986,4.755851645617922,3638,0.2748763056624519,1038,416,1184
apartment_2,seq_0001,45,sequential,13,12,32768,0.886932373046875,0.792816162109375,0.8528025324295496,0.32226720647773277,0.14999999999999986,4.687553105883466,2972,0.30181695827725435,655,284,1136
apartment_2,seq_0001,45,sequential,14,13,32768,0.90484619140625,0.79156494140625,0.8293760539629005,0.4320076972418217,0.14999999999999986,4.584829455221467,2414,0.3856669428334714,416,216,851
apartment_2,seq_0001,45,sequential,15,14,32768,0.847900390625,0.747222900390625,0.8415274978404838,0.22150882825040127,0.14999999999999986,4.570734235600937,3990,0.22155388471177945,1053,811,1242
apartment_2,seq_0001,45,sequential,16,15,32768,0.830535888671875,0.73876953125,0.8406393532978137,0.23951017468035296,0.15000000000000074,4.510533883943623,3554,0.24563871693866066,1146,495,1040
apartment_2,seq_0001,45,sequential,17,16,32768,0.847412109375,0.726959228515625,0.8289037741284933,0.1608,0.14999999999999897,4.460425300453211,3048,0.15846456692913385,926,671,968
apartment_2,seq_0001,45,sequential,18,17,32768,0.726043701171875,0.697357177734375,0.843091925518053,0.31112843934499274,0.15000000000000074,4.8285533236760205,3981,0.26827430293896004,995,903,1015
apartment_2,seq_0001,45,sequential,19,18,32768,0.9180908203125,0.75872802734375,0.8036830208748836,0.2548435171385991,0.14999999999999986,4.484264390657447,1780,0.19775280898876405,343,368,717
apartment_2,seq_0001,45,sequential,20,19,32768,0.886016845703125,0.748626708984375,0.8246478145558502,0.15769745649263722,0.1500000000000003,4.5656819646413,2250,0.136,597,590,757
apartment_2,seq_0001,45,sequential,21,20,32768,0.930023193359375,0.802276611328125,0.8466611977030353,0.21238552115133014,0.14999999999999983,4.5752827683135795,1811,0.15626725565985644,404,349,775
apartment_2,seq_0001,45,sequential,22,21,32768,0.950714111328125,0.80657958984375,0.8298077231727281,0.3585139318885449,0.14999999999999986,4.629703001429414,1157,0.2549697493517718,230,186,446
apartment_2,seq_0001,45,sequential,23,22,32768,0.963775634765625,0.8203125,0.8414869700136158,0.2569502948609941,0.14999999999999986,4.7349747998541805,946,0.18816067653276955,186,175,407
apartment_2,seq_0001,45,sequential,24,23,32768,0.934356689453125,0.78271484375,0.825554430545122,0.17294281729428174,0.14999999999999986,4.773925129019952,1608,0.13619402985074627,356,355,678
apartment_2,seq_0001,45,sequential,25,24,32768,0.9300537109375,0.834136962890625,0.8512600078750492,0.606457242582897,0.1500000000000003,4.958426233703212,1179,0.3282442748091603,161,109,522
apartment_2,seq_0001,45,sequential,26,25,32768,0.937713623046875,0.787384033203125,0.8280014319653725,0.17589416952474277,0.1500000000000003,4.957800013705676,1515,0.12607260726072608,327,347,650
apartment_2,seq_0001,45,sequential,27,26,32768,0.875518798828125,0.77410888671875,0.842727177663913,0.2914930129933807,0.14999999999999986,5.0686503724493,2658,0.17042889390519186,602,639,964
apartment_2,seq_0001,45,sequential,28,27,32768,0.878662109375,0.75213623046875,0.8205751597666018,0.25653923541247486,0.1500000000000003,5.039503123906853,2350,0.1651063829787234,605,620,737
apartment_2,seq_0001,45,sequential,29,28,32768,0.929046630859375,0.73687744140625,0.7749564760371842,0.23827956989247312,0.14999999999999986,5.207062897204928,1585,0.17791798107255521,304,273,726
apartment_2,seq_0001,45,sequential,30,29,32768,0.620941162109375,0.66668701171875,0.8918759522288298,0.29780210933097173,0.14999999999999986,5.434114786168993,4731,0.36567321919255974,1273,1022,706
apartment_2,seq_0001,45,sequential,31,30,32768,0.940460205078125,0.73162841796875,0.7563033390660999,0.3418759610456176,0.14999999999999986,5.4918352124083,1474,0.2734056987788331,183,322,566
apartment_2,seq_0001,45,sequential,32,31,32768,0.600982666015625,0.621307373046875,0.8647742852790331,0.25460803059273424,0.14999999999999986,5.835495917030479,4682,0.4596326356258009,1406,878,246
apartment_2,seq_0001,45,sequential,33,32,32768,0.7261962890625,0.672332763671875,0.7825264750378215,0.38007133303611235,0.14999999999999986,5.269589782200857,5249,0.4290341017336636,1868,1099,30
apartment_2,seq_0001,45,sequential,34,33,32768,0.776885986328125,0.8204345703125,0.8964921239737597,0.5556011489536316,0.15000000000000074,5.716696095480161,4583,0.5140737508182414,1398,730,99
apartment_2,seq_0001,45,sequential,35,34,32768,0.81475830078125,0.79193115234375,0.8673683421979175,0.4601317957166392,0.14999999999999983,6.040932970658262,3505,0.39115549215406564,1347,773,14
apartment_2,seq_0001,45,sequential,36,35,32768,0.85345458984375,0.850616455078125,0.9098905814202961,0.505414410662224,0.14999999999999986,5.566058753672775,3161,0.4935147105346409,933,607,61
apartment_2,seq_0001,45,sequential,37,36,32768,0.846954345703125,0.830810546875,0.8811299679313948,0.5523429710867398,0.14999999999999986,5.675922716355092,2744,0.4402332361516035,1123,407,6
apartment_2,seq_0001,45,sequential,38,37,32768,0.857452392578125,0.778839111328125,0.8731181264903727,0.21173196317704987,0.14999999999999986,5.298037687205055,3423,0.20099328074788197,1124,862,749
apartment_2,seq_0001,45,sequential,39,38,32768,0.909149169921875,0.80010986328125,0.8485448625423786,0.31541820624790057,0.15000000000000074,5.292367108080057,1864,0.33583690987124465,816,419,3
apartment_2,seq_0001,45,sequential,40,39,32768,0.894805908203125,0.85821533203125,0.8731966849698168,0.7307803887438352,0.14999999999999897,5.17827621861565,1715,0.5265306122448979,619,193,0
apartment_2,seq_0001,45,sequential,41,40,32768,0.874359130859375,0.78900146484375,0.8677882098356078,0.24070925431139178,0.15000000000000074,5.187819482966782,2675,0.21345794392523365,862,554,688
apartment_2,seq_0001,45,sequential,42,41,32768,0.918060302734375,0.88873291015625,0.9192899644317388,0.5463687150837989,0.14999999999999986,5.252002643065359,1643,0.39257455873402314,601,385,12
apartment_2,seq_0001,45,sequential,43,42,32768,0.932037353515625,0.8282470703125,0.862054287678858,0.3646160754378087,0.14999999999999986,5.124732510020095,1326,0.29260935143288086,626,308,4
apartment_2,seq_0001,45,sequential,44,43,32768,0.92022705078125,0.877899169921875,0.9232937587053127,0.35424636572302987,0.15000000000000074,5.154707461374215,1386,0.3362193362193362,676,241,3
apartment_2,seq_0001,45,sequential,45,44,32768,0.9495849609375,0.8912353515625,0.9166988044735828,0.4116222760290557,0.14999999999999897,5.318081550986974,1269,0.34515366430260047,512,308,11
office_4,seq_0010,14,spread,1,0,32768,0.0,0.76361083984375,,0.76361083984375,,,10140,0.5128205128205128,2413,1490,1037
office_4,seq_0010,14,spread,2,13,32768,0.247039794921875,0.86248779296875,0.9773934527486102,0.8247882300490414,1.952094584414785,61.367348217141185,5240,0.4988549618320611,1776,834,16
office_4,seq_0010,14,spread,3,7,32768,0.56463623046875,0.756134033203125,0.9626526861960869,0.4882938455067994,0.9045293066017996,28.0634863520775,6349,0.44920459914947236,2218,1212,67
office_4,seq_0010,14,spread,4,4,32768,0.6380615234375,0.666290283203125,0.9034340922135068,0.24822934232715008,0.4500000000000001,14.90048070496648,5582,0.23808670727337872,1175,1484,1594
office_4,seq_0010,14,spread,5,10,32768,0.7242431640625,0.81982421875,0.9048542052924322,0.5965028773793714,0.4499999999999997,17.379980039394173,3943,0.34288612731422774,1488,836,267
office_4,seq_0010,14,spread,6,2,32768,0.70526123046875,0.701507568359375,0.896668109043704,0.23452060468005798,0.29999999999999977,9.637278330550005,5078,0.22410397794407247,1526,1393,1021
office_4,seq_0010,14,spread,7,12,32768,0.86444091796875,0.79547119140625,0.8662712702111135,0.34398919405673123,0.17255757059376656,7.7276935169402705,2746,0.24217042971595049,829,1046,206
office_4,seq_0010,14,spread,8,6,32768,0.809783935546875,0.726287841796875,0.8319577915960052,0.27643189475373015,0.15000000000000036,5.011542126187063,3793,0.25916161349854994,1308,1146,356
office_4,seq_0010,14,spread,9,3,32768,0.795806884765625,0.72735595703125,0.8476818652452353,0.2584068151247945,0.15000000000000005,4.771766248593562,3721,0.23031443160440743,1284,1016,564
office_4,seq_0010,14,spread,10,1,32768,0.83203125,0.746795654296875,0.8474178403755869,0.24836482558139536,0.14999999999999988,4.686792226615257,3118,0.22418216805644645,878,740,801
office_4,seq_0010,14,spread,11,5,32768,0.85821533203125,0.75982666015625,0.8240523433610696,0.3710718897976754,0.14999999999999988,4.994858542151614,3129,0.36017897091722595,1437,507,58
office_4,seq_0010,14,spread,12,8,32768,0.875152587890625,0.870025634765625,0.908986295637619,0.5969200684429234,0.14999999999999988,5.062273619494592,2436,0.49507389162561577,823,395,12
office_4,seq_0010,14,spread,13,9,32768,0.88128662109375,0.836273193359375,0.8860378142530646,0.4668380462724936,0.14999999999999988,5.17600994201639,2313,0.35797665369649806,950,535,0
office_4,seq_0010,14,spread,14,11,32768,0.906707763671875,0.78997802734375,0.8392177981219077,0.31141642132809944,0.14999999999999988,6.222419062628926,1874,0.12700106723585913,661,705,270
office_4,seq_0010,14,random,1,3,32768,0.0,0.72735595703125,,0.72735595703125,,,9619,0.48009148560141385,2719,1668,614
office_4,seq_0010,14,random,2,2,32768,0.60174560546875,0.701507568359375,0.9372654427426717,0.3452873563218391,0.15000000000000022,4.852963706838541,6912,0.33275462962962965,1837,1563,1212
office_4,seq_0010,14,random,3,0,32768,0.659332275390625,0.76361083984375,0.9168710946540153,0.46698916061990503,0.29999999999999977,9.021435422691498,6332,0.388660770688566,1798,1097,976
office_4,seq_0010,14,random,4,5,32768,0.599395751953125,0.75982666015625,0.9417035792474925,0.4876971128209035,0.29999999999999993,9.914931003696262,6095,0.41279737489745694,2598,880,101
office_4,seq_0010,14,random,5,4,32768,0.687469482421875,0.666290283203125,0.8799662627069739,0.19626989551801582,0.14999999999999988,5.0686503724493,4540,0.18105726872246697,973,1321,1424
office_4,seq_0010,14,random,6,7,32768,0.68951416015625,0.756134033203125,0.8569531734088696,0.5322390406919599,0.30000000000000027,10.027430757019431,4234,0.4371752479924421,1515,837,31
office_4,seq_0010,14,random,7,13,32768,0.420745849609375,0.86248779296875,0.9387103793428592,0.8071229123860703,0.9045293066017996,40.32185083631564,3558,0.3847667228780214,1407,766,16
office_4,seq_0010,14,random,8,10,32768,0.764892578125,0.81982421875,0.8883657835939993,0.5968328141225338,0.4499999999999997,17.379980039394173,3278,0.3163514338010982,1147,827,267
office_4,seq_0010,14,random,9,11,32768,0.85211181640625,0.78997802734375,0.8660912542081513,0.3514238547255468,0.14999999999999988,6.222419062628926,2842,0.18015482054890922,1035,984,311
office_4,seq_0010,14,random,10,6,32768,0.87384033203125,0.726287841796875,0.7967800516868059,0.23802612481857766,0.14999999999999988,5.011542126187047,2821,0.23573200992555832,873,942,341
office_4,seq_0010,14,random,11,9,32768,0.868682861328125,0.836273193359375,0.8788687862287019,0.5544968626539624,0.14999999999999988,5.17600994201639,2382,0.40008396305625527,938,491,0
office_4,seq_0010,14,random,12,12,32768,0.93267822265625,0.79547119140625,0.8407826712911459,0.16772438803263826,0.15008687801745565,6.7312959393498835,1683,0.14319667260843733,438,833,171
office_4,seq_0010,14,random,13,8,32768,0.8858642578125,0.870025634765625,0.9090188783243764,0.567379679144385,0.14999999999999988,5.062273619494592,2366,0.4797125950972105,824,395,12
office_4,seq_0010,14,random,14,1,32768,0.857330322265625,0.746795654296875,0.8337664186808101,0.22417112299465242,0.14999999999999988,4.686792226615257,2800,0.20357142857142857,717,712,801
office_4,seq_0010,14,sequential,1,0,32768,0.0,0.76361083984375,,0.76361083984375,,,10140,0.5128205128205128,2413,1490,1037
office_4,seq_0010,14,sequential,2,1,32768,0.66424560546875,0.746795654296875,0.9191858862446016,0.4057444101072532,0.14999999999999988,4.686792226615257,5985,0.3730994152046784,1568,1197,987
office_4,seq_0010,14,sequential,3,2,32768,0.680694580078125,0.701507568359375,0.925397892849137,0.22421867533212272,0.14999999999999988,4.852963706838531,5462,0.2370926400585866,1623,1461,1083
office_4,seq_0010,14,sequential,4,3,32768,0.6868896484375,0.72735595703125,0.888617380486938,0.37358674463937624,0.15000000000000022,4.771766248593567,5399,0.3358029264678644,1896,1139,551
office_4,seq_0010,14,sequential,5,4,32768,0.67340087890625,0.666290283203125,0.8919604821897943,0.20099046907120163,0.15000000000000005,5.068650372449306,4483,0.18135177336604952,1041,1262,1367
office_4,seq_0010,14,sequential,6,5,32768,0.644989013671875,0.75982666015625,0.9035249585994796,0.49875354594687527,0.14999999999999988,4.994858542151614,5562,0.40363178712693276,2378,838,101
office_4,seq_0010,14,sequential,7,6,32768,0.787445068359375,0.726287841796875,0.8315312173003139,0.3363962670495334,0.14999999999999988,5.011542126187047,3851,0.29498831472344844,1298,1076,341
office_4,seq_0010,14,sequential,8,7,32768,0.76275634765625,0.756134033203125,0.8214771545170841,0.5460509390275277,0.15000000000000036,5.0524023882560165,3353,0.4312555920071578,1150,726,31
office_4,seq_0010,14,sequential,9,8,32768,0.752655029296875,0.870025634765625,0.9023638648988364,0.7716224552745219,0.14999999999999988,5.062273619494592,3024,0.5628306878306878,895,415,12
office_4,seq_0010,14,sequential,10,9,32768,0.835693359375,0.836273193359375,0.8993572889278411,0.5154160475482912,0.14999999999999988,5.17600994201639,2980,0.3738255033557047,1160,706,0
office_4,seq_0010,14,sequential,11,10,32768,0.801422119140625,0.81982421875,0.9393777845474277,0.33732903027508837,0.14999999999999988,5.956258987959978,3219,0.21839080459770116,1359,890,267
office_4,seq_0010,14,sequential,12,11,32768,0.863494873046875,0.78997802734375,0.8562996995935678,0.3704448915716521,0.14999999999999988,6.222419062628926,2475,0.16727272727272727,882,868,311
office_4,seq_0010,14,sequential,13,12,32768,0.912322998046875,0.79547119140625,0.8505435691587222,0.22241559345631745,0.15008687801745565,6.7312959393498835,1925,0.13714285714285715,589,899,173
office_4,seq_0010,14,sequential,14,13,32768,0.854217529296875,0.86248779296875,0.8817834303883391,0.7494243248900984,0.17255757059376656,9.196966643408823,1604,0.4332917705735661,539,356,14
office_4,seq_0008,15,spread,1,0,32768,0.0,0.786285400390625,,0.786285400390625,,,7463,0.5729599356827013,1861,1000,326
office_4,seq_0008,15,spread,2,14,32768,0.14093017578125,0.88433837890625,0.9720658293633607,0.8699467140319715,2.1,62.09479892778251,6306,0.521883920076118,1451,1183,381
office_4,seq_0008,15,spread,3,7,32768,0.612396240234375,0.696136474609375,0.9043703592963572,0.36713644594913786,1.05,34.41544921883921,5549,0.316273202378807,1736,1106,952
office_4,seq_0008,15,spread,4,11,32768,0.744842529296875,0.76885986328125,0.9064612611136149,0.36718095921540483,0.4500000000000001,19.121433347443098,4373,0.3148868053967528,1120,1267,609
office_4,seq_0008,15,spread,5,4,32768,0.6053466796875,0.735382080078125,0.9316898568259729,0.4342715743891123,0.45,15.536015442941208,5252,0.32235338918507234,1394,1311,854
office_4,seq_0008,15,spread,6,2,32768,0.769989013671875,0.75921630859375,0.8594189687289445,0.42377603821148996,0.29999999999999993,10.888186926625004,3682,0.28408473655621946,1260,954,422
office_4,seq_0008,15,spread,7,9,32768,0.697265625,0.71783447265625,0.8750875350140056,0.3556451612903226,0.2999999999999999,11.079711318297505,3924,0.2594291539245668,1350,1074,482
office_4,seq_0008,15,spread,8,13,32768,0.85797119140625,0.867156982421875,0.9266201892295653,0.507950150408251,0.15000000000000022,6.865416506641531,2899,0.3287340462228355,1052,644,250
office_4,seq_0008,15,spread,9,6,32768,0.83197021484375,0.769073486328125,0.8362555938669209,0.436432982201235,0.15000000000000013,5.468732821623528,2762,0.3001448225923244,929,679,325
office_4,seq_0008,15,spread,10,3,32768,0.803985595703125,0.735626220703125,0.8709052951224141,0.18075665576833255,0.15000000000000002,5.675904831023326,2954,0.22782667569397427,1170,918,193
office_4,seq_0008,15,spread,11,1,32768,0.79083251953125,0.782745361328125,0.8482287566566334,0.5351619492267289,0.14999999999999997,5.956258987959981,2854,0.34232655921513666,738,602,537
office_4,seq_0008,15,spread,12,5,32768,0.863067626953125,0.7347412109375,0.8203741027544995,0.19500780031201248,0.14999999999999988,5.623966081745244,2562,0.18930523028883683,663,775,639
office_4,seq_0008,15,spread,13,8,32768,0.88037109375,0.694305419921875,0.7664309484193012,0.1635204081632653,0.14999999999999988,5.629925248390283,2267,0.17644464049404499,596,623,648
office_4,seq_0008,15,spread,14,10,32768,0.8927001953125,0.7545166015625,0.8091754409954874,0.29977246871444824,0.14999999999999988,5.873733541626443,2439,0.1988519885198852,642,813,499
office_4,seq_0008,15,spread,15,12,32768,0.92474365234375,0.79437255859375,0.8333773348293843,0.3150851581508516,0.14999999999999988,6.608680164575603,1865,0.20911528150134048,376,638,461
office_4,seq_0008,15,random,1,2,32768,0.0,0.75921630859375,,0.75921630859375,,,7843,0.541756980747163,2048,1095,451
office_4,seq_0008,15,random,2,11,32768,0.357513427734375,0.76885986328125,0.9855740503627828,0.6482686552985323,1.3499999999999999,46.12605841236234,6109,0.47078081519070225,1314,1305,614
office_4,seq_0008,15,random,3,3,32768,0.610748291015625,0.735626220703125,0.9477839404387148,0.4027440219521756,0.15000000000000005,5.675904831023327,4877,0.3528808693869182,1728,1193,235
office_4,seq_0008,15,random,4,10,32768,0.6446533203125,0.7545166015625,0.9288013633781481,0.4383373411198901,0.14999999999999988,5.873733541626443,4480,0.31607142857142856,1341,1168,555
office_4,seq_0008,15,random,5,0,32768,0.674713134765625,0.786285400390625,0.8665701750418382,0.6197579510273009,0.29999999999999993,11.618440954151824,3912,0.3665644171779141,1259,906,313
office_4,seq_0008,15,random,6,4,32768,0.74688720703125,0.735382080078125,0.8816294843507395,0.3038340969375452,0.15000000000000002,5.294319420037364,4114,0.25182304326689353,1060,1195,823
office_4,seq_0008,15,random,7,7,32768,0.737213134765625,0.696136474609375,0.8608684853251646,0.23400301939379864,0.44999999999999996,16.36322799999032,4369,0.23002975509269855,1408,1023,933
office_4,seq_0008,15,random,8,5,32768,0.82598876953125,0.7347412109375,0.8313382103007463,0.2762188705717292,0.15000000000000002,5.623966081745248,3266,0.23576240048989588,924,902,670
office_4,seq_0008,15,random,9,14,32768,0.828521728515625,0.88433837890625,0.945191351430992,0.5903185620217121,0.4500000000000001,22.029558842701853,3476,0.38837744533947066,852,940,334
office_4,seq_0008,15,random,10,12,32768,0.883636474609375,0.79437255859375,0.8397513382835434,0.44977707841594544,0.14999999999999988,6.608680164575603,2265,0.24326710816777042,503,735,476
office_4,seq_0008,15,random,11,6,32768,0.841156005859375,0.769073486328125,0.8426876609948118,0.3792507204610951,0.14999999999999988,5.468732821623518,2811,0.26823194592671645,927,756,374
office_4,seq_0008,15,random,12,9,32768,0.88751220703125,0.71783447265625,0.7729867271852005,0.28269126424308194,0.15000000000000013,5.5921336556359815,2520,0.2261904761904762,852,705,393
office_4,seq_0008,15,random,13,13,32768,0.899139404296875,0.867156982421875,0.9197977123850253,0.3978819969742814,0.15000000000000005,6.865416506641524,2434,0.2941659819227609,898,574,246
office_4,seq_0008,15,random,14,8,32768,0.89373779296875,0.694305419921875,0.7578023629037766,0.16025272831705917,0.14999999999999988,5.629925248390283,2190,0.16575342465753426,549,615,663
office_4,seq_0008,15,random,15,1,32768,0.812591552734375,0.782745361328125,0.8366319900852518,0.5490962383976551,0.14999999999999997,5.956258987959981,2485,0.34808853118712274,630,491,499
office_4,seq_0008,15,sequential,1,0,32768,0.0,0.786285400390625,,0.786285400390625,,,7463,0.5729599356827013,1861,1000,326
office_4,seq_0008,15,sequential,2,1,32768,0.57769775390625,0.782745361328125,0.9066561014263075,0.6132389073565544,0.14999999999999997,5.956258987959981,5449,0.46063497889521016,1453,860,626
office_4,seq_0008,15,sequential,3,2,32768,0.757415771484375,0.75921630859375,0.8542648777146541,0.46244810668008557,0.14999999999999997,5.493691052268262,4349,0.34513681306047367,1386,1028,434
office_4,seq_0008,15,sequential,4,3,32768,0.649383544921875,0.735626220703125,0.9458621175807134,0.3462442336147619,0.15000000000000005,5.675904831023327,4426,0.3084048802530502,1645,1181,235
office_4,seq_0008,15,sequential,5,4,32768,0.745635986328125,0.735382080078125,0.8706257929848975,0.33893221355728853,0.15000000000000002,5.294319420037364,4107,0.268809349890431,977,1203,823
office_4,seq_0008,15,sequential,6,5,32768,0.721588134765625,0.7347412109375,0.9000634383590611,0.30625890606160255,0.15000000000000002,5.623966081745248,4353,0.30277969216632206,1226,1049,760
office_4,seq_0008,15,sequential,7,6,32768,0.80718994140625,0.769073486328125,0.8595085066162571,0.390471668249446,0.14999999999999988,5.468732821623518,3388,0.3167060212514758,1059,868,388
office_4,seq_0008,15,sequential,8,7,32768,0.775665283203125,0.696136474609375,0.8256285163473266,0.24840157801659637,0.15000000000000013,5.589901684963808,3792,0.27188818565400846,1182,779,800
office_4,seq_0008,15,sequential,9,8,32768,0.75823974609375,0.694305419921875,0.8372373822748128,0.2460237313809644,0.14999999999999988,5.629925248390283,3259,0.26511199754525927,1010,719,666
office_4,seq_0008,15,sequential,10,9,32768,0.769500732421875,0.71783447265625,0.8301407892127701,0.34291010194624655,0.14999999999999997,5.592133655635975,3030,0.26963696369636964,992,822,399
office_4,seq_0008,15,sequential,11,10,32768,0.822540283203125,0.7545166015625,0.8279226802211257,0.41427343078245915,0.15000000000000013,5.873733541626452,3190,0.25517241379310346,831,998,547
office_4,seq_0008,15,sequential,12,11,32768,0.700897216796875,0.76885986328125,0.8924979318152131,0.4791347821650852,0.14999999999999988,6.592238929483048,3094,0.2676147382029735,768,947,551
office_4,seq_0008,15,sequential,13,12,32768,0.888916015625,0.79437255859375,0.8285155177149135,0.5211538461538462,0.14999999999999988,6.608680164575603,2056,0.2602140077821012,396,664,461
office_4,seq_0008,15,sequential,14,13,32768,0.873626708984375,0.867156982421875,0.9325112655884304,0.41535860903163485,0.15000000000000005,6.865416506641524,3008,0.2839095744680851,1020,850,284
office_4,seq_0008,15,sequential,15,14,32768,0.893341064453125,0.88433837890625,0.9196870836607113,0.5882689556509298,0.15000000000000022,7.681441333384879,2187,0.370827617741198,496,600,280
office_4,seq_0009,19,spread,1,0,32768,0.0,0.89117431640625,,0.89117431640625,,,9044,0.6671826625386997,1651,817,542
office_4,seq_0009,19,spread,2,18,32768,0.097564697265625,0.818817138671875,0.9368157647794808,0.8060599912076021,2.6999999999999997,58.30524024967972,6676,0.5841821449970042,1964,811,1
office_4,seq_0009,19,spread,3,9,32768,0.60528564453125,0.73272705078125,0.9655137642432187,0.37575382712231326,1.3499999999999999,37.93811510107739,5919,0.3512417638114546,2170,1627,43
office_4,seq_0009,19,spread,4,4,32768,0.74127197265625,0.807281494140625,0.9138740222313709,0.5018872375560274,0.6,19.343343146916183,4212,0.4385090218423552,1456,876,33
office_4,seq_0009,19,spread,5,13,32768,0.727996826171875,0.79193115234375,0.9180884510584784,0.4542802647817794,0.6,19.227215298994725,4669,0.37631184407796103,1518,1224,170
office_4,seq_0009,19,spread,6,15,32768,0.84112548828125,0.770538330078125,0.8432624628111167,0.38551671148674604,0.3,10.175070232401382,3378,0.3025458851391356,827,889,640
office_4,seq_0009,19,spread,7,2,32768,0.75244140625,0.813018798828125,0.9259409474367294,0.4697978303747535,0.29999999999999993,10.04878053011525,4382,0.4157918758557736,1431,1041,88
office_4,seq_0009,19,spread,8,6,32768,0.847137451171875,0.75872802734375,0.8325227854029323,0.34977041325613895,0.29999999999999993,9.787878912990308,2719,0.2603898492092681,1120,891,0
office_4,seq_0009,19,spread,9,11,32768,0.87548828125,0.777557373046875,0.851749860568879,0.25588235294117645,0.29999999999999993,9.716464442620826,2634,0.21829916476841307,992,872,195
office_4,seq_0009,19,spread,10,16,32768,0.9041748046875,0.79473876953125,0.8442351829350614,0.32770700636942673,0.15000000000000016,5.089855113044862,2159,0.2440944881889764,658,684,290
office_4,seq_0009,19,spread,11,7,32768,0.8638916015625,0.76007080078125,0.834534407234704,0.2874439461883408,0.15000000000000008,4.957800013705669,2117,0.2569674067076051,570,849,154
office_4,seq_0009,19,spread,12,1,32768,0.855438232421875,0.81610107421875,0.8822018479540509,0.4249525015832806,0.15000000000000002,5.091551184599044,2615,0.40344168260038243,1077,483,0
office_4,seq_0009,19,spread,13,3,32768,0.92828369140625,0.837921142578125,0.8660003945032546,0.474468085106383,0.1499999999999999,5.03950312390684,1785,0.47282913165266105,746,192,3
office_4,seq_0009,19,spread,14,5,32768,0.919464111328125,0.743988037109375,0.7850575857147599,0.2751042061386889,0.1499999999999999,4.958426233703199,1900,0.2926315789473684,851,476,17
office_4,seq_0009,19,spread,15,8,32768,0.956878662109375,0.730072021484375,0.7518099186732579,0.24769992922859166,0.1499999999999999,4.865264486876171,1081,0.24976873265494912,421,362,28
office_4,seq_0009,19,spread,16,10,32768,0.89898681640625,0.7830810546875,0.840213184873379,0.2746223564954683,0.1499999999999999,4.825179988298795,2275,0.27076923076923076,820,742,97
office_4,seq_0009,19,spread,17,12,32768,0.910491943359375,0.76519775390625,0.8062007709066532,0.34810773951585405,0.1499999999999999,4.985077385671121,1909,0.30906233630172864,703,587,29
office_4,seq_0009,19,spread,18,14,32768,0.960357666015625,0.783935546875,0.8022816104737996,0.3394919168591224,0.14999999999999986,5.064508646277865,1180,0.3635593220338983,454,283,14
office_4,seq_0009,19,spread,19,17,32768,0.950469970703125,0.763427734375,0.7812168887461872,0.42205791743684534,0.14999999999999986,5.128084695631644,1074,0.31191806331471134,404,268,67
office_4,seq_0009,19,random,1,2,32768,0.0,0.813018798828125,,0.813018798828125,,,9111,0.6213368455712874,2141,1217,92
office_4,seq_0009,19,random,2,10,32768,0.437591552734375,0.7830810546875,0.9651998047283632,0.6413804330131857,1.2,34.031923418964965,7088,0.48349322799097066,2228,1329,104
office_4,seq_0009,19,random,3,3,32768,0.751983642578125,0.837921142578125,0.9416419788157948,0.5234403839055002,0.1499999999999999,5.03950312390684,4665,0.48231511254019294,1894,517,4
office_4,seq_0009,19,random,4,14,32768,0.7601318359375,0.783935546875,0.8540629516621165,0.561704834605598,0.6,19.519066903636936,4144,0.4519787644787645,1375,881,15
office_4,seq_0009,19,random,5,0,32768,0.71331787109375,0.89117431640625,0.9776674937965261,0.6759633808814137,0.30000000000000004,10.060085969370991,5083,0.48711390910879404,1307,758,542
office_4,seq_0009,19,random,6,12,32768,0.7969970703125,0.76519775390625,0.8481007811303416,0.43971737823211066,0.2999999999999998,9.895802847364584,3290,0.35987841945288757,1268,788,50
office_4,seq_0009,19,random,7,4,32768,0.83056640625,0.807281494140625,0.8877498530276308,0.4128242074927954,0.15000000000000005,5.015491908912469,3344,0.35406698564593303,1209,919,32
office_4,seq_0009,19,random,8,18,32768,0.766265869140625,0.818817138671875,0.8833486001035485,0.6072594333463899,0.5999999999999998,19.792893879134954,3229,0.48745741715701457,1125,530,0
office_4,seq_0009,19,random,9,7,32768,0.80908203125,0.76007080078125,0.8520292697646349,0.3703644501278772,0.45,14.58707612588295,2925,0.28786324786324785,816,1089,178
office_4,seq_0009,19,random,10,5,32768,0.817626953125,0.743988037109375,0.8479023589131084,0.2781124497991968,0.15000000000000002,4.958426233703203,3453,0.28352157544164497,1467,988,19
office_4,seq_0009,19,random,11,17,32768,0.898223876953125,0.763427734375,0.7984235382054157,0.4545727136431784,0.14999999999999997,5.128084695631648,2084,0.33829174664107486,766,517,96
office_4,seq_0009,19,random,12,16,32768,0.92462158203125,0.79473876953125,0.838207142385636,0.26153846153846155,0.14999999999999986,5.089855113044852,2012,0.21421471172962225,574,704,303
office_4,seq_0009,19,random,13,8,32768,0.893585205078125,0.730072021484375,0.7890099381851713,0.23515916260395756,0.15,4.865264486876174,2186,0.23376029277218663,807,848,20
office_4,seq_0009,19,random,14,11,32768,0.9298095703125,0.777557373046875,0.8223710122095313,0.18391304347826087,0.1499999999999999,4.893413951223385,1717,0.18811881188118812,575,637,182
office_4,seq_0009,19,random,15,6,32768,0.9371337890625,0.75872802734375,0.7902826624983718,0.2883495145631068,0.1499999999999999,4.929906470047261,1362,0.22834067547723935,552,499,0
office_4,seq_0009,19,random,16,13,32768,0.941131591796875,0.79193115234375,0.8268426343266643,0.23379989631933645,0.15000000000000002,4.983152878971857,1597,0.21790857858484658,425,672,152
office_4,seq_0009,19,random,17,9,32768,0.96148681640625,0.73272705078125,0.75039674982543,0.29160063391442154,0.1499999999999999,4.950399495782299,952,0.26260504201680673,348,334,20
office_4,seq_0009,19,random,18,1,32768,0.889739990234375,0.81610107421875,0.8696621505745156,0.38389150290617213,0.15000000000000002,5.091551184599044,1992,0.41967871485943775,781,375,0
office_4,seq_0009,19,random,19,15,32768,0.947174072265625,0.770538330078125,0.8009150368914522,0.22588099364529174,0.14999999999999986,5.127965456332767,1494,0.16198125836680052,199,447,606
office_4,seq_0009,19,sequential,1,0,32768,0.0,0.89117431640625,,0.89117431640625,,,9044,0.6671826625386997,1651,817,542
office_4,seq_0009,19,sequential,2,1,32768,0.63555908203125,0.81610107421875,0.985786997022952,0.5201808742254229,0.15000000000000002,5.091551184599044,6101,0.4876249795115555,2355,771,0
office_4,seq_0009,19,sequential,3,2,32768,0.742584228515625,0.813018798828125,0.9202317839970411,0.5037344398340249,0.15000000000000002,5.063326186525547,4804,0.43900915903413823,1478,1125,92
office_4,seq_0009,19,sequential,4,3,32768,0.802001953125,0.837921142578125,0.9294520547945205,0.46717016029593095,0.1499999999999999,5.03950312390684,4064,0.48572834645669294,1640,446,4
office_4,seq_0009,19,sequential,5,4,32768,0.799224853515625,0.807281494140625,0.8905265569513918,0.4759081927344581,0.15000000000000005,5.015491908912469,3954,0.4241274658573596,1325,919,33
office_4,seq_0009,19,sequential,6,5,32768,0.789154052734375,0.743988037109375,0.8563749564948374,0.32334635982052395,0.15000000000000002,4.958426233703203,3937,0.30886461772923546,1603,1099,19
office_4,seq_0009,19,sequential,7,6,32768,0.863006591796875,0.75872802734375,0.8222709431026557,0.3584317219870795,0.1499999999999999,4.929906470047261,2556,0.2949921752738654,986,816,0
office_4,seq_0009,19,sequential,8,7,32768,0.73687744140625,0.76007080078125,0.8808084154725421,0.42194386453259103,0.15000000000000008,4.957800013705669,3946,0.3560567663456665,1129,1234,178
office_4,seq_0009,19,sequential,9,8,32768,0.850830078125,0.730072021484375,0.8090746054519369,0.2794599018003273,0.15,4.865264486876174,2687,0.23446222553033122,988,1032,37
office_4,seq_0009,19,sequential,10,9,32768,0.92926025390625,0.73272705078125,0.7685057471264368,0.2627264883520276,0.1499999999999999,4.950399495782299,1679,0.24359737939249554,609,620,41
office_4,seq_0009,19,sequential,11,10,32768,0.803680419921875,0.7830810546875,0.8814885133852288,0.3802269547644956,0.15000000000000016,4.825179988298803,3356,0.32091775923718713,1278,899,102
office_4,seq_0009,19,sequential,12,11,32768,0.8994140625,0.777557373046875,0.8306867535287731,0.3024878640776699,0.1499999999999999,4.893413951223385,2115,0.24822695035460993,679,719,192
office_4,seq_0009,19,sequential,13,12,32768,0.822418212890625,0.76519775390625,0.8316820661249026,0.4572950678810792,0.1499999999999999,4.985077385671121,2880,0.37430555555555556,1104,669,29
office_4,seq_0009,19,sequential,14,13,32768,0.896514892578125,0.79193115234375,0.8312965925724206,0.4508994396933058,0.15000000000000002,4.983152878971857,2215,0.33905191873589163,590,722,152
office_4,seq_0009,19,sequential,15,14,32768,0.94354248046875,0.783935546875,0.8069732841710331,0.3989189189189189,0.15000000000000016,5.064508646277876,1532,0.38838120104438645,571,351,15
office_4,seq_0009,19,sequential,16,15,32768,0.916900634765625,0.770538330078125,0.8110833749375936,0.323172970987881,0.14999999999999986,5.127965456332767,2087,0.22184954480115,396,609,619
office_4,seq_0009,19,sequential,17,16,32768,0.9173583984375,0.79473876953125,0.8328010645375915,0.3722304283604136,0.15000000000000016,5.089855113044862,1813,0.2531715388858246,493,572,289
office_4,seq_0009,19,sequential,18,17,32768,0.930084228515625,0.763427734375,0.7853135151097549,0.47228284591881275,0.14999999999999986,5.128084695631644,1390,0.3661870503597122,517,297,67
office_4,seq_0009,19,sequential,19,18,32768,0.91094970703125,0.818817138671875,0.8413735343383585,0.5880740233036327,0.14999999999999997,5.141088740008549,1568,0.4375,618,264,0
office_4,seq_0007,23,spread,1,0,32768,0.0,0.755157470703125,,0.755157470703125,,,9516,0.5311055065153426,2294,1578,590
office_4,seq_0007,23,spread,2,22,32768,0.0382080078125,0.78363037109375,0.8857827476038339,0.7795722807462876,3.3000000000000003,69.25700998510675,5129,0.5960226164944433,1480,580,12
office_4,seq_0007,23,spread,3,11,32768,0.549896240234375,0.71942138671875,0.9530495587990454,0.43399552512034717,1.6500000000000001,44.423872313500596,6013,0.32945285215366704,1422,1986,624
office_4,seq_0007,23,spread,4,17,32768,0.696441650390625,0.8302001953125,0.9249375575128171,0.6128480949029859,0.7500000000000004,25.4953094618305,4241,0.5119075689695827,1343,670,57
office_4,seq_0007,23,spread,5,6,32768,0.62823486328125,0.749237060546875,0.9576896920237055,0.39697914956493185,0.7500000000000002,23.219462069358364,5574,0.327054180121995,1980,1738,33
office_4,seq_0007,23,spread,6,3,32768,0.744964599609375,0.761260986328125,0.9033222727458933,0.3462965178891947,0.4499999999999998,13.721167259653708,4741,0.2773676439569711,1660,1203,563
office_4,seq_0007,23,spread,7,14,32768,0.8038330078125,0.806976318359375,0.9085421412300684,0.39079029247044184,0.44999999999999934,15.068188287223249,3737,0.31924003211131924,1011,918,615
office_4,seq_0007,23,spread,8,19,32768,0.899810791015625,0.807708740234375,0.8447346108190605,0.4751751446847396,0.3000000000000007,11.939606725562603,2233,0.48141513658755036,730,403,25
office_4,seq_0007,23,spread,9,8,32768,0.710968017578125,0.762451171875,0.8982272395587415,0.4284658430999894,0.30000000000000027,10.059185505966555,3637,0.3423150948583998,1275,978,139
office_4,seq_0007,23,spread,10,13,32768,0.8631591796875,0.827362060546875,0.8984584924338849,0.3789027653880464,0.15000000000000036,5.15740675744215,2940,0.3217687074829932,903,871,220
office_4,seq_0007,23,spread,11,18,32768,0.89105224609375,0.84716796875,0.8786903212548804,0.5893557422969188,0.15000000000000036,5.720922443315483,2316,0.49697754749568224,582,527,56
office_4,seq_0007,23,spread,12,2,32768,0.85687255859375,0.74810791015625,0.8238478524111404,0.29466950959488275,0.15000000000000016,4.652485936928557,2418,0.2543424317617866,1116,631,56
office_4,seq_0007,23,spread,13,10,32768,0.8848876953125,0.74127197265625,0.821147744516485,0.12725344644750794,0.15000000000000016,5.068650372449309,2668,0.13193403298350825,644,1291,381
office_4,seq_0007,23,spread,14,15,32768,0.900482177734375,0.83099365234375,0.8798929067678856,0.3885311254216498,0.15000000000000016,5.194710286576395,2229,0.3001345895020188,762,691,107
office_4,seq_0007,23,spread,15,21,32768,0.91644287109375,0.8072509765625,0.8474525474525475,0.36632578524470416,0.14999999999999994,6.597182980187389,1172,0.2960750853242321,420,387,18
office_4,seq_0007,23,spread,16,4,32768,0.895751953125,0.743743896484375,0.8049877350776778,0.21750585480093676,0.1499999999999999,4.719886315942838,2490,0.18473895582329317,757,620,653
office_4,seq_0007,23,spread,17,7,32768,0.78533935546875,0.73187255859375,0.83694722934639,0.3474552175149275,0.1499999999999999,4.988169814539802,2601,0.356401384083045,723,895,56
office_4,seq_0007,23,spread,18,9,32768,0.888946533203125,0.75,0.812214631466923,0.25199230557845564,0.1499999999999999,5.03950312390684,2194,0.1959890610756609,918,824,22
office_4,seq_0007,23,spread,19,12,32768,0.957763671875,0.787017822265625,0.8073859291358654,0.32514450867052025,0.1499999999999999,5.259788413608897,963,0.27414330218068533,324,348,27
office_4,seq_0007,23,spread,20,1,32768,0.875213623046875,0.75927734375,0.8286202447784093,0.27292736610418195,0.14999999999999972,4.564005183893526,2774,0.23864455659697187,973,1132,7
office_4,seq_0007,23,spread,21,5,32768,0.875274658203125,0.73016357421875,0.7854677312506537,0.3420601908490335,0.14999999999999972,4.767794238292488,2001,0.2178910544727636,434,478,653
office_4,seq_0007,23,spread,22,16,32768,0.948577880859375,0.819061279296875,0.8483737091014381,0.2783382789317507,0.1499999999999995,5.348993007905455,1166,0.36106346483704976,465,223,57
office_4,seq_0007,23,spread,23,20,32768,0.9342041015625,0.807281494140625,0.8449627597020776,0.2722634508348794,0.1499999999999995,6.22866702025789,921,0.28230184581976114,405,250,6
office_4,seq_0007,23,random,1,18,32768,0.0,0.84716796875,,0.84716796875,,,7044,0.6908006814310051,1375,722,81
office_4,seq_0007,23,random,2,4,32768,0.308563232421875,0.743743896484375,0.9931757491840569,0.6324314781303791,2.1,49.136081487199085,9071,0.45198985778855694,2665,1470,836
office_4,seq_0007,23,random,3,20,32768,0.56109619140625,0.807281494140625,0.9134667681931905,0.671533861771659,0.2999999999999998,12.313498208317503,3884,0.5563851699279093,1057,641,25
office_4,seq_0007,23,random,4,10,32768,0.71295166015625,0.74127197265625,0.907071312387638,0.3294705507123113,0.8999999999999999,28.02087311640263,5389,0.29467433661161624,1347,1977,477
office_4,seq_0007,23,random,5,11,32768,0.769134521484375,0.71942138671875,0.8673570606673808,0.2265697290152016,0.15000000000000016,5.091551184599049,3931,0.18417705418468583,997,1651,559
office_4,seq_0007,23,random,6,2,32768,0.658905029296875,0.74810791015625,0.9048677689778148,0.4452894336584057,0.3000000000000001,9.244414961068676,5039,0.351855526890256,1994,1162,110
office_4,seq_0007,23,random,7,21,32768,0.852386474609375,0.8072509765625,0.8757294762092299,0.4118255116807939,0.15000000000000036,6.597182980187408,2027,0.36211149481993093,693,574,26
office_4,seq_0007,23,random,8,6,32768,0.6707763671875,0.749237060546875,0.9285259326660601,0.3839451242120875,0.2999999999999998,9.737179697414986,4813,0.3114481612300021,1793,1483,38
office_4,seq_0007,23,random,9,19,32768,0.895721435546875,0.807708740234375,0.8453545024019624,0.4843429909277144,0.1499999999999995,6.035321472493367,2223,0.4669365721997301,843,319,23
office_4,seq_0007,23,random,10,3,32768,0.872314453125,0.761260986328125,0.8286803806325217,0.30066921606118546,0.1499999999999999,4.652955134131572,2896,0.25379834254143646,959,713,489
office_4,seq_0007,23,random,11,22,32768,0.83148193359375,0.78363037109375,0.8478308742567716,0.4668598333936979,0.14999999999999994,6.843877136854416,1727,0.3734800231615518,662,407,13
office_4,seq_0007,23,random,12,8,32768,0.775146484375,0.762451171875,0.8512992125984252,0.4561617806731813,0.2999999999999998,10.059185505966541,2943,0.3662928984029901,947,814,104
office_4,seq_0007,23,random,13,0,32768,0.840118408203125,0.755157470703125,0.8363907152457408,0.3283069288032067,0.2999999999999998,9.12976589616422,2947,0.2694265354597896,853,855,445
office_4,seq_0007,23,random,14,12,32768,0.902008056640625,0.787017822265625,0.8206177893561593,0.4777327935222672,0.1499999999999999,5.259788413608897,1852,0.3957883369330454,536,544,39
office_4,seq_0007,23,random,15,16,32768,0.917388916015625,0.819061279296875,0.8633445327833406,0.32729959364610267,0.2999999999999998,10.606338822073447,1735,0.3579250720461095,696,349,69
office_4,seq_0007,23,random,16,13,32768,0.896697998046875,0.827362060546875,0.8924207875302045,0.26262924667651405,0.1499999999999999,5.157406757442135,2357,0.23631735256682224,769,838,193
office_4,seq_0007,23,random,17,7,32768,0.782012939453125,0.73187255859375,0.8356292682926829,0.35965280694386115,0.1499999999999999,4.988169814539802,2709,0.37061646363971945,752,902,51
office_4,seq_0007,23,random,18,5,32768,0.84478759765625,0.73016357421875,0.8072032367603497,0.31085332284703104,0.14999999999999972,4.767794238292488,2411,0.21194525093322272,573,644,683
office_4,seq_0007,23,random,19,17,32768,0.96624755859375,0.8302001953125,0.8476091213441981,0.3318264014466546,0.1499999999999995,5.448106014710329,906,0.31125827814569534,383,218,23
office_4,seq_0007,23,random,20,14,32768,0.92230224609375,0.806976318359375,0.8630467871087287,0.14139827179890024,0.15000000000000036,5.128084695631661,1866,0.1232583065380493,418,641,577
office_4,seq_0007,23,random,21,9,32768,0.90362548828125,0.75,0.801080715974333,0.2710576314122863,0.1499999999999999,5.03950312390684,1900,0.20578947368421052,788,704,17
office_4,seq_0007,23,random,22,1,32768,0.8836669921875,0.75927734375,0.8238707003729797,0.26862539349422876,0.14999999999999972,4.564005183893526,2619,0.235586101565483,893,1102,7
office_4,seq_0007,23,random,23,15,32768,0.94586181640625,0.83099365234375,0.8655868877847326,0.2266065388951522,0.1499999999999997,5.194710286576379,1385,0.20144404332129964,558,471,77
office_4,seq_0007,23,sequential,1,0,32768,0.0,0.755157470703125,,0.755157470703125,,,9516,0.5311055065153426,2294,1578,590
office_4,seq_0007,23,sequential,2,1,32768,0.678131103515625,0.75927734375,0.9320912650195761,0.3951834644922727,0.1500000000000001,4.564005183893538,6569,0.35195615771045824,2225,1981,51
office_4,seq_0007,23,sequential,3,2,32768,0.7197265625,0.74810791015625,0.8759752374491181,0.4197517421602787,0.14999999999999972,4.652485936928543,4645,0.39418729817007536,1818,929,67
office_4,seq_0007,23,sequential,4,3,32768,0.8280029296875,0.761260986328125,0.8494766327583665,0.3365862313697658,0.15000000000000016,4.65295513413158,3645,0.2960219478737997,1110,915,541
office_4,seq_0007,23,sequential,5,4,32768,0.792877197265625,0.743743896484375,0.8458103999076249,0.35302784735523796,0.1499999999999999,4.719886315942838,4109,0.30153321976149916,1228,908,734
office_4,seq_0007,23,sequential,6,5,32768,0.73834228515625,0.73016357421875,0.8819542035215343,0.30184278049918356,0.1500000000000001,4.767794238292501,4261,0.26871626378784325,1241,1152,723
office_4,seq_0007,23,sequential,7,6,32768,0.68511962890625,0.749237060546875,0.9008908685968819,0.41926729986431477,0.14999999999999972,4.903998168599367,4423,0.34139724169115987,1510,1370,33
office_4,seq_0007,23,sequential,8,7,32768,0.674041748046875,0.73187255859375,0.9059627835378277,0.37187529257560153,0.15000000000000036,4.988169814539816,4405,0.42360953461975026,1181,1277,81
office_4,seq_0007,23,sequential,9,8,32768,0.69342041015625,0.762451171875,0.8760672476014435,0.5054748158471033,0.1499999999999999,5.068650372449301,3761,0.4312682797128423,1202,827,110
office_4,seq_0007,23,sequential,10,9,32768,0.7486572265625,0.75,0.8331566932985488,0.5023069451189898,0.1499999999999999,5.03950312390684,3328,0.33443509615384615,1213,984,18
office_4,seq_0007,23,sequential,11,10,32768,0.802032470703125,0.74127197265625,0.8481031924203798,0.3084630800061662,0.1499999999999999,5.068650372449301,3286,0.2328058429701765,786,1324,411
office_4,seq_0007,23,sequential,12,11,32768,0.780670166015625,0.71942138671875,0.8644697236230015,0.2031445665785446,0.15000000000000016,5.091551184599049,3172,0.1705548549810845,693,1404,534
office_4,seq_0007,23,sequential,13,12,32768,0.85888671875,0.787017822265625,0.8220224559408755,0.573961937716263,0.1499999999999999,5.259788413608897,2323,0.5109771846749892,612,494,30
office_4,seq_0007,23,sequential,14,13,32768,0.89630126953125,0.827362060546875,0.8850868232890705,0.32842848734549734,0.1499999999999999,5.157406757442135,2310,0.2865800865800866,715,742,191
office_4,seq_0007,23,sequential,15,14,32768,0.897705078125,0.806976318359375,0.8680649986401958,0.27088305489260145,0.15000000000000036,5.128084695631661,2216,0.20487364620938628,515,661,586
office_4,seq_0007,23,sequential,16,15,32768,0.9134521484375,0.83099365234375,0.8732794333823333,0.38469675599435826,0.15000000000000016,5.194710286576395,1924,0.30561330561330563,709,548,79
office_4,seq_0007,23,sequential,17,16,32768,0.892822265625,0.819061279296875,0.8656343997812415,0.43109339407744873,0.1499999999999997,5.348993007905462,1865,0.4160857908847185,697,305,87
office_4,seq_0007,23,sequential,18,17,32768,0.94317626953125,0.8302001953125,0.8549472594318256,0.41944146079484423,0.1499999999999995,5.448106014710329,1291,0.3787761425251743,501,270,31
office_4,seq_0007,23,sequential,19,18,32768,0.90618896484375,0.84716796875,0.8775173435710918,0.5540013012361744,0.15000000000000036,5.720922443315483,2101,0.5016658733936221,513,479,55
office_4,seq_0007,23,sequential,20,19,32768,0.958343505859375,0.807708740234375,0.8227239435722702,0.4622710622710623,0.15000000000000036,6.0353214724934015,1158,0.4697754749568221,420,182,12
office_4,seq_0007,23,sequential,21,20,32768,0.89727783203125,0.807281494140625,0.8636827426705667,0.3146167557932264,0.1499999999999995,6.22866702025789,1249,0.3050440352281825,572,290,6
office_4,seq_0007,23,sequential,22,21,32768,0.919952392578125,0.8072509765625,0.8514513186266379,0.2992756385817766,0.15000000000000036,6.597182980187408,960,0.30416666666666664,369,289,10
office_4,seq_0007,23,sequential,23,22,32768,0.875396728515625,0.78363037109375,0.8332229388181976,0.4352192015674749,0.14999999999999994,6.843877136854416,1157,0.3526361279170268,464,282,3
office_4,seq_0011,24,spread,1,0,32768,0.0,0.789886474609375,,0.789886474609375,,,7701,0.6157641864692897,1955,959,45
office_4,seq_0011,24,spread,2,23,32768,0.107757568359375,0.8006591796875,0.9388275276125744,0.7839723637856141,3.4499999999999993,68.60218607292424,6861,0.4674245736773065,1853,1399,402
office_4,seq_0011,24,spread,3,11,32768,0.56781005859375,0.807373046875,0.9530259056218424,0.6160146871910747,1.6500000000000001,44.48431115213509,5566,0.466403162055336,1691,998,281
office_4,seq_0011,24,spread,4,17,32768,0.495391845703125,0.852203369140625,0.9513953058584366,0.7548231025098276,0.8999999999999996,31.667027527620792,5254,0.4529881994670727,1709,1147,18
office_4,seq_0011,24,spread,5,5,32768,0.747283935546875,0.78387451171875,0.9172213827745335,0.3895664774785654,0.7499999999999999,24.04041439628755,4230,0.32742316784869974,1143,1379,323
office_4,seq_0011,24,spread,6,8,32768,0.701202392578125,0.788360595703125,0.9333681507594551,0.4480645490756818,0.45,14.938262150526583,4504,0.35790408525754885,1680,1012,200
office_4,seq_0011,24,spread,7,14,32768,0.772552490234375,0.74896240234375,0.8839028244124038,0.29062122635180465,0.44999999999999996,15.508301235200634,3827,0.33838515808727465,1257,1134,141
office_4,seq_0011,24,spread,8,20,32768,0.761322021484375,0.909759521484375,0.96680963642923,0.7277841708221455,0.4499999999999995,19.516107187407897,3315,0.5052790346907994,840,615,185
office_4,seq_0011,24,spread,9,3,32768,0.7789306640625,0.768829345703125,0.8939429556495847,0.32799558255107675,0.30000000000000004,9.997827788499958,5017,0.25812238389475783,1525,1136,1061
office_4,seq_0011,24,spread,10,4,32768,0.852386474609375,0.7783203125,0.8707887293688017,0.24436634277444697,0.15000000000000002,5.028348248528072,3174,0.2252678008821676,1218,1107,134
office_4,seq_0011,24,spread,11,13,32768,0.885955810546875,0.820556640625,0.8892218662808722,0.2871287128712871,0.15000000000000002,5.204448186127696,2631,0.2265298365640441,747,781,507
office_4,seq_0011,24,spread,12,15,32768,0.878387451171875,0.81219482421875,0.8692631066949241,0.4,0.15000000000000002,5.411445548074722,2259,0.22576361221779548,838,724,187
office_4,seq_0011,24,spread,13,19,32768,0.912933349609375,0.877532958984375,0.9200735417014876,0.43147563967753244,0.15000000000000002,6.287514775275829,1894,0.4081309398099261,688,361,72
office_4,seq_0011,24,spread,14,1,32768,0.865753173828125,0.755828857421875,0.8495188409884028,0.15162536940213686,0.15,5.062883341363671,3237,0.1523015137472969,892,860,992
office_4,seq_0011,24,spread,15,2,32768,0.89398193359375,0.795379638671875,0.8379873011538199,0.43609671848013815,0.15,5.182670289010989,1844,0.31182212581344904,647,520,102
office_4,seq_0011,24,spread,16,6,32768,0.890716552734375,0.733428955078125,0.7774351594888135,0.3747556548450154,0.15,5.140778405007945,1568,0.36543367346938777,545,376,74
office_4,seq_0011,24,spread,17,7,32768,0.938873291015625,0.789337158203125,0.8239232894522996,0.2581128307538692,0.15,5.016464718252519,1535,0.17980456026058633,294,417,548
office_4,seq_0011,24,spread,18,10,32768,0.90753173828125,0.803009033203125,0.8504270630170153,0.33762376237623765,0.15,5.098135848029521,2116,0.2953686200378072,576,679,236
office_4,seq_0011,24,spread,19,16,32768,0.918487548828125,0.81378173828125,0.8535402199554772,0.3657806065144141,0.15,5.655989114891719,1875,0.3456,637,447,143
office_4,seq_0011,24,spread,20,21,32768,0.94683837890625,0.913299560546875,0.9397924321536776,0.44144661308840416,0.15,7.287917879431362,1423,0.3640196767392832,670,233,2
office_4,seq_0011,24,spread,21,9,32768,0.952880859375,0.80908203125,0.8351268255188317,0.2823834196891192,0.14999999999999977,5.102249484947633,1208,0.2996688741721854,452,375,19
office_4,seq_0011,24,spread,22,12,32768,0.9478759765625,0.781982421875,0.8089182227945911,0.29215456674473067,0.14999999999999977,5.109526175062017,1322,0.2866868381240545,514,398,31
office_4,seq_0011,24,spread,23,18,32768,0.9476318359375,0.8636474609375,0.893082571170939,0.331002331002331,0.14999999999999958,6.012571662474354,1324,0.31419939577039274,451,326,131
office_4,seq_0011,24,spread,24,22,32768,0.93609619140625,0.885894775390625,0.9219534459151073,0.3576886341929322,0.14999999999999958,7.54034376814207,1359,0.31125827814569534,490,436,10
office_4,seq_0011,24,random,1,18,32768,0.0,0.8636474609375,,0.8636474609375,,,8007,0.625577619582865,2013,772,213
office_4,seq_0011,24,random,2,4,32768,0.14117431640625,0.7783203125,0.9269347168179853,0.7538909814512117,2.099999999999999,50.93010076467112,8097,0.49981474620229716,2340,1562,148
office_4,seq_0011,24,random,3,21,32768,0.686676025390625,0.913299560546875,0.9789787120572419,0.7693581377228013,0.4500000000000004,20.990104035893367,4644,0.5583548664944014,1476,566,9
office_4,seq_0011,24,random,4,10,32768,0.641845703125,0.803009033203125,0.9557816660327121,0.5292263122017723,0.9,28.159651871097605,5476,0.4331628926223521,1672,1169,263
office_4,seq_0011,24,random,5,11,32768,0.742340087890625,0.807373046875,0.9277286742034944,0.46061826365036124,0.15,5.10224948494764,4117,0.3667719213019189,1402,940,265
office_4,seq_0011,24,random,6,2,32768,0.698883056640625,0.795379638671875,0.905331644906336,0.5401844532279315,0.3,10.281892402275535,3859,0.4042498056491319,1324,851,124
office_4,seq_0011,24,random,7,22,32768,0.853302001953125,0.885894775390625,0.9586209363041379,0.46286665279800293,0.15,7.54034376814209,3035,0.386161449752883,1075,767,21
office_4,seq_0011,24,random,8,6,32768,0.758270263671875,0.733428955078125,0.8549925544331307,0.3521020073223078,0.3,10.200094878522844,3307,0.3420018143332325,1027,997,152
office_4,seq_0011,24,random,9,23,32768,0.7764892578125,0.8006591796875,0.9227322747995598,0.3765701802293829,0.14999999999999958,6.331407492526653,3599,0.24367879966657405,1151,1182,389
office_4,seq_0011,24,random,10,3,32768,0.80010986328125,0.768829345703125,0.8841635517583339,0.30717557251908395,0.15,5.037257542161413,4462,0.22770058269834156,1351,1047,1048
office_4,seq_0011,24,random,11,20,32768,0.927276611328125,0.909759521484375,0.935889419121277,0.5765841376416282,0.15,6.7379752504833625,1492,0.4309651474530831,393,293,163
office_4,seq_0011,24,random,12,8,32768,0.87640380859375,0.788360595703125,0.8561181140747963,0.30790123456790125,0.30000000000000004,10.085336139727744,2840,0.2764084507042254,1008,851,196
office_4,seq_0011,24,random,13,0,32768,0.926361083984375,0.789886474609375,0.8227310163070335,0.3767094902610858,0.3,11.017702607144006,1550,0.3774193548387097,583,363,19
office_4,seq_0011,24,random,14,16,32768,0.828338623046875,0.81378173828125,0.9159267582802196,0.3208888888888889,0.29999999999999954,11.203845585654312,3060,0.3130718954248366,1106,845,151
office_4,seq_0011,24,random,15,12,32768,0.8701171875,0.781982421875,0.8644430415263749,0.22955827067669174,0.14999999999999977,5.109526175062017,2215,0.25237020316027087,875,714,67
office_4,seq_0011,24,random,16,19,32768,0.940277099609375,0.877532958984375,0.9106487942617896,0.3561573837506387,0.15000000000000002,6.287514775275829,1404,0.31695156695156695,530,363,66
office_4,seq_0011,24,random,17,13,32768,0.9169921875,0.820556640625,0.871472310969116,0.2580882352941177,0.15000000000000022,5.204448186127702,2102,0.19314938154138916,506,702,488
office_4,seq_0011,24,random,18,7,32768,0.9385986328125,0.789337158203125,0.8236116530107946,0.2654075546719682,0.15,5.016464718252519,1569,0.19566602931803698,269,433,560
office_4,seq_0011,24,random,19,5,32768,0.941619873046875,0.78387451171875,0.8175336250202561,0.24098274960794563,0.15,5.098135848029521,1470,0.19047619047619047,328,616,246
office_4,seq_0011,24,random,20,17,32768,0.929229736328125,0.852203369140625,0.8959243324903938,0.278137128072445,0.14999999999999958,5.869557435418166,1816,0.2555066079295154,688,658,6
office_4,seq_0011,24,random,21,14,32768,0.929351806640625,0.74896240234375,0.7874101073785834,0.24319654427645787,0.15000000000000002,5.2844532888096065,1558,0.2862644415917843,527,515,70
office_4,seq_0011,24,random,22,9,32768,0.953399658203125,0.80908203125,0.8346403764284114,0.2861820563195809,0.14999999999999977,5.102249484947633,1182,0.30287648054145516,436,369,19
office_4,seq_0011,24,random,23,1,32768,0.87353515625,0.755828857421875,0.845269703745109,0.13803088803088803,0.15,5.062883341363671,3075,0.1421138211382114,807,841,990
office_4,seq_0011,24,random,24,15,32768,0.946441650390625,0.81219482421875,0.8409376712991327,0.30427350427350425,0.15,5.411445548074721,1108,0.15162454873646208,382,386,172
office_4,seq_0011,24,sequential,1,0,32768,0.0,0.789886474609375,,0.789886474609375,,,7701,0.6157641864692897,1955,959,45
office_4,seq_0011,24,sequential,2,1,32768,0.647979736328125,0.755828857421875,0.9387745490510055,0.4190723883831816,0.15,5.062883341363671,6457,0.34040576118940685,1772,1426,1061
office_4,seq_0011,24,sequential,3,2,32768,0.753082275390625,0.795379638671875,0.8823600923937269,0.5300951674700284,0.15,5.182670289010989,3812,0.439401888772298,1227,801,109
office_4,seq_0011,24,sequential,4,3,32768,0.80596923828125,0.768829345703125,0.8936009087466869,0.25055048757470905,0.15,5.037257542161413,5083,0.2486720440684635,1588,1209,1022
office_4,seq_0011,24,sequential,5,4,32768,0.791839599609375,0.7783203125,0.8855359001040582,0.37047353760445684,0.15000000000000002,5.028348248528072,4197,0.3342863950440791,1492,1148,154
office_4,seq_0011,24,sequential,6,5,32768,0.82586669921875,0.78387451171875,0.8782056019510753,0.33648790746582546,0.15000000000000002,5.098135848029522,3599,0.3317588218949708,838,1238,329
office_4,seq_0011,24,sequential,7,6,32768,0.6949462890625,0.733428955078125,0.8840681538731776,0.3902561024409764,0.15,5.140778405007945,3655,0.4046511627906977,1221,814,141
office_4,seq_0011,24,sequential,8,7,32768,0.86865234375,0.789337158203125,0.8514966273187183,0.37825278810408924,0.15000000000000002,5.01646471825252,2881,0.2797639708434571,696,798,581
office_4,seq_0011,24,sequential,9,8,32768,0.860687255859375,0.788360595703125,0.8538098783817324,0.3840087623220153,0.15,5.082032678293541,2984,0.35757372654155495,1015,721,181
office_4,seq_0011,24,sequential,10,9,32768,0.861480712890625,0.80908203125,0.8474618300329448,0.5703899537343027,0.14999999999999977,5.102249484947633,2513,0.46319140469558295,820,510,19
office_4,seq_0011,24,sequential,11,10,32768,0.864105224609375,0.803009033203125,0.8711990111248454,0.3694138782843027,0.15000000000000022,5.098135848029529,2986,0.35097119892833223,840,839,259
office_4,seq_0011,24,sequential,12,11,32768,0.78619384765625,0.807373046875,0.8823072742799473,0.5318298601198972,0.15,5.10224948494764,2824,0.3778328611898017,916,590,251
office_4,seq_0011,24,sequential,13,12,32768,0.833404541015625,0.781982421875,0.8677359112380534,0.35299505403920134,0.14999999999999977,5.109526175062017,2627,0.36315188427864487,972,654,47
office_4,seq_0011,24,sequential,14,13,32768,0.821044921875,0.820556640625,0.8597977995837051,0.640518417462483,0.15000000000000022,5.204448186127702,2863,0.3800209570380719,664,638,473
office_4,seq_0011,24,sequential,15,14,32768,0.763946533203125,0.74896240234375,0.8600647145767587,0.38939883645766,0.15000000000000002,5.2844532888096065,2940,0.3741496598639456,1012,750,78
office_4,seq_0011,24,sequential,16,15,32768,0.838958740234375,0.81219482421875,0.8771597977519916,0.47375402690922874,0.15000000000000002,5.411445548074722,2605,0.27140115163147793,999,716,183
office_4,seq_0011,24,sequential,17,16,32768,0.879852294921875,0.81378173828125,0.8547396899171031,0.5138430276860554,0.15,5.655989114891719,2319,0.41354031910306166,756,458,146
office_4,seq_0011,24,sequential,18,17,32768,0.84490966796875,0.852203369140625,0.8880300512894603,0.6570247933884298,0.15,5.869557435418182,2124,0.3286252354048964,769,653,4
office_4,seq_0011,24,sequential,19,18,32768,0.884002685546875,0.8636474609375,0.9224634929402423,0.4154169955274928,0.14999999999999958,6.012571662474354,2512,0.37062101910828027,878,547,156
office_4,seq_0011,24,sequential,20,19,32768,0.91705322265625,0.877532958984375,0.9097504159733777,0.5213392200147167,0.15000000000000044,6.287514775275847,1623,0.3844731977818854,547,348,104
office_4,seq_0011,24,sequential,21,20,32768,0.943572998046875,0.909759521484375,0.9342152074776028,0.5008112493239589,0.15000000000000002,6.737975250483364,1352,0.40902366863905326,385,277,137
office_4,seq_0011,24,sequential,22,21,32768,0.951934814453125,0.913299560546875,0.9374218574680216,0.43555555555555553,0.15,7.287917879431362,1297,0.353893600616808,625,212,1
office_4,seq_0011,24,sequential,23,22,32768,0.92303466796875,0.885894775390625,0.9289492825497586,0.3695479777954005,0.15,7.54034376814209,1598,0.31476846057571967,576,507,12
office_4,seq_0011,24,sequential,24,23,32768,0.872161865234375,0.8006591796875,0.8865250708562231,0.214848412508952,0.14999999999999958,6.331407492526653,2492,0.17897271268057785,740,955,351
frl_apartment_5,seq_0009,34,spread,1,0,32768,0.0,0.50323486328125,,0.50323486328125,,,11112,0.41198704103671707,2303,2172,2059
frl_apartment_5,seq_0009,34,spread,2,33,32768,0.01898193359375,0.56097412109375,0.8922829581993569,0.5545635537858521,4.994758012281308,75.66831031462742,8465,0.30962787950383935,2318,2251,1275
frl_apartment_5,seq_0009,34,spread,3,17,32768,0.12164306640625,0.461822509765625,0.5634721525338685,0.4477451184768258,2.4910053394660387,51.54796143682349,9504,0.40961700336700335,2207,1721,1683
frl_apartment_5,seq_0009,34,spread,4,25,32768,0.43548583984375,0.52197265625,0.4979677645409951,0.5404908638771759,1.206783635731782,35.513382015903254,7013,0.3840011407386283,2042,1264,1014
frl_apartment_5,seq_0009,34,spread,5,8,32768,0.531280517578125,0.4644775390625,0.5738985582170142,0.34045185233413633,1.2,34.10891076571932,7009,0.3331431017263518,2362,1541,771
frl_apartment_5,seq_0009,34,spread,6,29,32768,0.449249267578125,0.59417724609375,0.9136607567420691,0.33357344711032305,0.6522916026544827,22.305835718848048,5831,0.3736923340764877,1525,1112,1015
frl_apartment_5,seq_0009,34,spread,7,21,32768,0.80596923828125,0.48651123046875,0.5026505111700114,0.41947153192827935,0.6024633331362598,18.400156673997305,4408,0.3618421052631579,1277,903,633
frl_apartment_5,seq_0009,34,spread,8,12,32768,0.730743408203125,0.455413818359375,0.4763833785759031,0.39850391023461407,0.5999999999999999,18.372631961799396,5458,0.3345547819714181,1917,1206,509
frl_apartment_5,seq_0009,34,spread,9,4,32768,0.804107666015625,0.484710693359375,0.5043834680633041,0.4039570026483876,0.5999999999999998,18.924510696665152,4485,0.29208472686733555,1523,1276,376
frl_apartment_5,seq_0009,34,spread,10,27,32768,0.627197265625,0.55816650390625,0.7959809264305178,0.15807138179436805,0.3238355368123859,11.06534891478386,4189,0.23561709238481737,1247,914,1041
frl_apartment_5,seq_0009,34,spread,11,31,32768,0.667236328125,0.559906005859375,0.7205909257226492,0.23771093176815847,0.3207049672838866,11.9037055055666,5625,0.24,2142,1164,969
frl_apartment_5,seq_0009,34,spread,12,23,32768,0.912872314453125,0.512786865234375,0.524855414034032,0.3863397548161121,0.3006425359730072,9.692984044570993,2306,0.2940156114483955,656,492,480
frl_apartment_5,seq_0009,34,spread,13,19,32768,0.853302001953125,0.46063232421875,0.4864990522513501,0.3101726648637404,0.3000000000000004,8.98012518263617,3414,0.29056824838898654,864,798,760
frl_apartment_5,seq_0009,34,spread,14,2,32768,0.887481689453125,0.5008544921875,0.5213713421134074,0.3390290208841877,0.3,9.842450112306906,3200,0.3065625,970,1017,232
frl_apartment_5,seq_0009,34,spread,15,14,32768,0.79547119140625,0.4805908203125,0.4906391467812476,0.44150999701581617,0.3,9.145365505425868,4112,0.36016536964980544,1331,825,475
frl_apartment_5,seq_0009,34,spread,16,6,32768,0.9208984375,0.473297119140625,0.4904228525980912,0.27391975308641975,0.29999999999999977,9.695375908222026,2375,0.26694736842105266,758,729,254
frl_apartment_5,seq_0009,34,spread,17,10,32768,0.889404296875,0.44921875,0.47762832830085095,0.22075055187637968,0.29999999999999977,9.510143884181913,3194,0.21728240450845335,1035,980,485
frl_apartment_5,seq_0009,34,spread,18,30,32768,0.819305419921875,0.59222412109375,0.6622341416173129,0.27478466475257557,0.16787927674222217,6.173823205218387,3620,0.25248618784530386,1095,801,810
frl_apartment_5,seq_0009,34,spread,19,28,32768,0.92889404296875,0.57379150390625,0.6042775478020895,0.17553648068669528,0.16193739178266608,5.676296676430362,1942,0.1791967044284243,509,490,595
frl_apartment_5,seq_0009,34,spread,20,26,32768,0.9398193359375,0.533416748046875,0.5540979347967269,0.21044624746450305,0.16191776840619276,5.501112801325551,1691,0.19633353045535187,432,390,537
frl_apartment_5,seq_0009,34,spread,21,20,32768,0.901275634765625,0.476654052734375,0.4953103308163749,0.3063369397217929,0.151277281254115,4.695295670138961,2469,0.28797083839611176,843,441,474
frl_apartment_5,seq_0009,34,spread,22,22,32768,0.925872802734375,0.48065185546875,0.498104749662151,0.2626595306710581,0.15118576252926974,4.833150816920581,1927,0.25220550077841203,719,415,307
frl_apartment_5,seq_0009,34,spread,23,32,32768,0.843505859375,0.5172119140625,0.5867583212735167,0.14235569422776911,0.1511525577089406,6.001692418186434,3680,0.14972826086956523,956,1335,838
frl_apartment_5,seq_0009,34,spread,24,24,32768,0.963104248046875,0.529632568359375,0.5409233499160303,0.23490488006617039,0.15017582389383624,4.982443669502985,1122,0.23172905525846701,260,335,267
frl_apartment_5,seq_0009,34,spread,25,9,32768,0.930511474609375,0.465484619140625,0.48476599652356434,0.207290294246816,0.15000000000000008,4.828553323676,2180,0.20550458715596331,717,670,345
frl_apartment_5,seq_0009,34,spread,26,15,32768,0.8675537109375,0.455047607421875,0.47104966934008724,0.35023041474654376,0.15000000000000008,4.581125996295438,3166,0.2706885660138977,1092,813,404
frl_apartment_5,seq_0009,34,spread,27,7,32768,0.955657958984375,0.4765625,0.4867635318537442,0.2567102546455609,0.14999999999999988,4.87103573408174,1428,0.25770308123249297,503,432,125
frl_apartment_5,seq_0009,34,spread,28,18,32768,0.868255615234375,0.45703125,0.4473304980492777,0.5209636321519574,0.14999999999999988,4.484239143766491,2476,0.4107431340872375,784,443,232
frl_apartment_5,seq_0009,34,spread,29,1,32768,0.925262451171875,0.498260498046875,0.5181569312972064,0.2519395671702736,0.14999999999999966,4.958426233703191,2365,0.24693446088794926,671,851,259
frl_apartment_5,seq_0009,34,spread,30,5,32768,0.955108642578125,0.47723388671875,0.4875547177045723,0.2576478585995921,0.14999999999999966,4.901924961463996,1434,0.2608089260808926,443,470,147
frl_apartment_5,seq_0009,34,spread,31,11,32768,0.92645263671875,0.451690673828125,0.46811384149153434,0.24481327800829875,0.14999999999999966,4.800933099059074,2301,0.24902216427640156,647,711,370
frl_apartment_5,seq_0009,34,spread,32,16,32768,0.946014404296875,0.472991943359375,0.4832091357785735,0.29395138496325607,0.14999999999999966,4.46228707496174,1586,0.2686002522068096,508,344,308
frl_apartment_5,seq_0009,34,spread,33,3,32768,0.960205078125,0.489959716796875,0.4994596999745741,0.2607361963190184,0.14999999999999944,4.930114405301406,1246,0.2576243980738363,376,377,172
frl_apartment_5,seq_0009,34,spread,34,13,32768,0.91802978515625,0.45782470703125,0.48091882188684265,0.19918093819806404,0.14999999999999944,4.652955134131558,2156,0.1553803339517625,643,793,385
frl_apartment_5,seq_0009,34,random,1,2,32768,0.0,0.5008544921875,,0.5008544921875,,,11147,0.4250470978738674,2427,2190,1792
frl_apartment_5,seq_0009,34,random,2,11,32768,0.336181640625,0.451690673828125,0.6690268700072621,0.341623758734829,1.3499999999999999,37.08558785260414,9275,0.36733153638814015,2712,1690,1466
frl_apartment_5,seq_0009,34,random,3,25,32768,0.28302001953125,0.52197265625,0.3798792322622385,0.5780624840384779,2.1038837286005174,51.20915226213804,8426,0.44350818893899835,2337,1374,978
frl_apartment_5,seq_0009,34,random,4,23,32768,0.68621826171875,0.512786865234375,0.45361558302944055,0.6421902353627699,0.3006425359730072,9.692984044570993,5440,0.44338235294117645,1407,867,754
frl_apartment_5,seq_0009,34,random,5,19,32768,0.604217529296875,0.46063232421875,0.5524521440476792,0.32045647312822884,0.609665726791057,17.804385065236193,5944,0.3623822341857335,1541,1142,1107
frl_apartment_5,seq_0009,34,random,6,4,32768,0.761444091796875,0.484710693359375,0.5023846739609635,0.42829730075476524,0.3,9.727505965464724,5142,0.3119408790353948,1734,1378,426
frl_apartment_5,seq_0009,34,random,7,33,32768,0.20465087890625,0.56097412109375,0.8798091261556815,0.4789348476709385,1.3156515853693693,45.87451547521002,7346,0.2477538796624013,2076,2217,1233
frl_apartment_5,seq_0009,34,random,8,32,32768,0.791229248046875,0.5172119140625,0.5838315269795965,0.2647273790381523,0.1511525577089406,6.001692418186434,4430,0.20067720090293453,1123,1468,950
frl_apartment_5,seq_0009,34,random,9,26,32768,0.8427734375,0.533416748046875,0.5649261297798378,0.36451863354037267,0.16191776840619315,5.501112801325564,3528,0.29450113378684806,917,739,833
frl_apartment_5,seq_0009,34,random,10,10,32768,0.832855224609375,0.44921875,0.48499505331427945,0.2709512506846814,0.15000000000000008,4.788049768940576,4642,0.2559241706161137,1508,1297,649
frl_apartment_5,seq_0009,34,random,11,18,32768,0.73919677734375,0.45703125,0.4599537610436793,0.4487479522583665,0.15000000000000052,4.48423914376651,5132,0.37957911145752143,1842,848,494
frl_apartment_5,seq_0009,34,random,12,6,32768,0.863128662109375,0.473297119140625,0.4833645652865679,0.40981047937569676,0.29999999999999977,9.695375908222026,3359,0.3125930336409646,1049,924,336
frl_apartment_5,seq_0009,34,random,13,20,32768,0.866943359375,0.476654052734375,0.49760630808223033,0.3401376146788991,0.151277281254115,4.695295670138961,3237,0.3172690763052209,1051,594,565
frl_apartment_5,seq_0009,34,random,14,28,32768,0.67510986328125,0.57379150390625,0.7661151794593617,0.1741499154612061,0.32385515659349257,11.242642717328868,4005,0.25667915106117356,957,993,1027
frl_apartment_5,seq_0009,34,random,15,3,32768,0.920074462890625,0.489959716796875,0.5096023085342798,0.26384116074837727,0.14999999999999944,4.930114405301406,2461,0.26412027631044294,698,818,295
frl_apartment_5,seq_0009,34,random,16,0,32768,0.876953125,0.50323486328125,0.5359479398663697,0.2700892857142857,0.30000000000000016,9.843675101391845,3416,0.23946135831381732,891,1087,620
frl_apartment_5,seq_0009,34,random,17,8,32768,0.921142578125,0.4644775390625,0.48495891863238805,0.22523219814241485,0.3,9.610142772698952,2409,0.21668742216687423,942,750,195
frl_apartment_5,seq_0009,34,random,18,16,32768,0.895782470703125,0.472991943359375,0.4873777808060505,0.3493411420204978,0.29999999999999954,8.871089156939119,2764,0.32091172214182345,827,580,470
frl_apartment_5,seq_0009,34,random,19,21,32768,0.929779052734375,0.48651123046875,0.49204056848393346,0.4132985658409387,0.15398573935346463,4.859909625181792,1857,0.3430263866451265,502,389,329
frl_apartment_5,seq_0009,34,random,20,12,32768,0.89739990234375,0.455413818359375,0.47146840780793037,0.3149910767400357,0.14999999999999966,4.746456626900471,2566,0.2661730319563523,908,741,234
frl_apartment_5,seq_0009,34,random,21,27,32768,0.8880615234375,0.55816650390625,0.5942611683848797,0.2718102508178844,0.16191776840619276,5.584748149885887,2594,0.24209714726291442,838,471,657
frl_apartment_5,seq_0009,34,random,22,13,32768,0.817169189453125,0.45782470703125,0.46868581245098406,0.40928058754798863,0.15000000000000052,4.652955134131592,3561,0.28447065431058693,1130,971,447
frl_apartment_5,seq_0009,34,random,23,7,32768,0.9559326171875,0.4765625,0.48646405312220664,0.26177285318559557,0.14999999999999988,4.87103573408174,1417,0.26040931545518703,518,414,116
frl_apartment_5,seq_0009,34,random,24,5,32768,0.955413818359375,0.47723388671875,0.4885488868304213,0.23477070499657768,0.14999999999999966,4.901924961463996,1419,0.23819591261451725,434,496,151
frl_apartment_5,seq_0009,34,random,25,17,32768,0.910491943359375,0.461822509765625,0.4859393329981565,0.2165018752130924,0.14999999999999966,4.336606004299517,2091,0.2147297943567671,535,604,503
frl_apartment_5,seq_0009,34,random,26,14,32768,0.92974853515625,0.4805908203125,0.4963565942361977,0.2719374456993918,0.14999999999999944,4.601994264289201,1789,0.213527110117384,509,562,336
frl_apartment_5,seq_0009,34,random,27,29,32768,0.711669921875,0.59417724609375,0.7901372212692968,0.1104995766299746,0.16679244806382187,5.988514911594878,2570,0.19143968871595332,687,701,690
frl_apartment_5,seq_0009,34,random,28,22,32768,0.94287109375,0.48065185546875,0.49294407042982913,0.2777777777777778,0.15118576252926974,4.833150816920581,1558,0.25802310654685495,560,338,258
frl_apartment_5,seq_0009,34,random,29,9,32768,0.948944091796875,0.465484619140625,0.47924103553625985,0.20980274955170353,0.15000000000000008,4.828553323676,1621,0.20604565083281925,563,492,232
frl_apartment_5,seq_0009,34,random,30,30,32768,0.678131103515625,0.59222412109375,0.7829080599432969,0.19048070541386175,0.16787927674222217,6.173823205218387,3769,0.2366675510745556,1163,868,846
frl_apartment_5,seq_0009,34,random,31,24,32768,0.968414306640625,0.529632568359375,0.5392178489269845,0.2357487922705314,0.15017582389383624,4.982443669502985,950,0.2305263157894737,220,266,245
frl_apartment_5,seq_0009,34,random,32,1,32768,0.933563232421875,0.498260498046875,0.5161321957438463,0.2471290767110703,0.14999999999999966,4.958426233703191,2111,0.24206537186167693,614,741,245
frl_apartment_5,seq_0009,34,random,33,15,32768,0.908203125,0.455047607421875,0.46868279569892474,0.3201462765957447,0.15000000000000008,4.581125996295438,2283,0.2290845378887429,710,703,347
frl_apartment_5,seq_0009,34,random,34,31,32768,0.806549072265625,0.559906005859375,0.6332816224601763,0.2539832781195772,0.1774110164362938,6.651387945223598,4230,0.22151300236406618,1725,805,763
frl_apartment_5,seq_0009,34,sequential,1,0,32768,0.0,0.50323486328125,,0.50323486328125,,,11112,0.41198704103671707,2303,2172,2059
frl_apartment_5,seq_0009,34,sequential,2,1,32768,0.782806396484375,0.498260498046875,0.5413824022455265,0.3428410847267107,0.14999999999999966,4.958426233703191,5892,0.31296673455532925,1433,1608,1007
frl_apartment_5,seq_0009,34,sequential,3,2,32768,0.850799560546875,0.5008544921875,0.5337709386993794,0.31315197381877685,0.15000000000000052,4.9578000137056835,4430,0.31173814898419866,1157,1332,560
frl_apartment_5,seq_0009,34,sequential,4,3,32768,0.839996337890625,0.489959716796875,0.5151316984559491,0.35781041388518026,0.14999999999999944,4.930114405301406,4263,0.3021346469622332,1217,1133,625
frl_apartment_5,seq_0009,34,sequential,5,4,32768,0.840911865234375,0.484710693359375,0.5077844311377245,0.36274697870707845,0.15000000000000052,4.899055366732837,3932,0.30493387589013227,1324,1062,347
frl_apartment_5,seq_0009,34,sequential,6,5,32768,0.8519287109375,0.47723388671875,0.49484166786072503,0.3759274525968673,0.14999999999999966,4.901924961463996,3696,0.30762987012987014,1169,994,396
frl_apartment_5,seq_0009,34,sequential,7,6,32768,0.870208740234375,0.473297119140625,0.4959845695248115,0.32118504584998825,0.15000000000000008,4.882640013182061,3587,0.29523278505715084,1114,1025,389
frl_apartment_5,seq_0009,34,sequential,8,7,32768,0.88604736328125,0.4765625,0.49703795550044777,0.31735404392072847,0.15000000000000008,4.8710357340817465,3296,0.3128033980582524,1187,792,286
frl_apartment_5,seq_0009,34,sequential,9,8,32768,0.879791259765625,0.4644775390625,0.47670748204932534,0.374968266057375,0.14999999999999988,4.839105443931292,3083,0.3013298734998378,1031,851,272
frl_apartment_5,seq_0009,34,sequential,10,9,32768,0.826568603515625,0.465484619140625,0.49171127930588887,0.3404891782509238,0.15000000000000008,4.828553323676,4403,0.326822620940268,1608,900,456
frl_apartment_5,seq_0009,34,sequential,11,10,32768,0.83697509765625,0.44921875,0.4765550937067017,0.30887308124298013,0.15000000000000008,4.788049768940576,4219,0.27826499170419533,1353,1104,588
frl_apartment_5,seq_0009,34,sequential,12,11,32768,0.873687744140625,0.451690673828125,0.4702225016591568,0.3235080937424499,0.15000000000000008,4.800933099059088,3671,0.32606919095614273,1116,875,483
frl_apartment_5,seq_0009,34,sequential,13,12,32768,0.87298583984375,0.455413818359375,0.45745647766202896,0.44137433925997116,0.14999999999999966,4.746456626900471,3226,0.3834469931804092,976,752,261
frl_apartment_5,seq_0009,34,sequential,14,13,32768,0.75885009765625,0.45782470703125,0.45524008686559964,0.46595798532017213,0.15000000000000052,4.652955134131592,4758,0.3635981504833964,1417,1055,556
frl_apartment_5,seq_0009,34,sequential,15,14,32768,0.83209228515625,0.4805908203125,0.4833859018557911,0.46673936750272627,0.14999999999999944,4.601994264289201,3870,0.3987080103359173,1117,741,469
frl_apartment_5,seq_0009,34,sequential,16,15,32768,0.830657958984375,0.455047607421875,0.47239060950071643,0.36997657235537934,0.15000000000000008,4.581125996295438,4075,0.3150920245398773,1366,914,511
frl_apartment_5,seq_0009,34,sequential,17,16,32768,0.769317626953125,0.472991943359375,0.47054623348804,0.4811483000396878,0.15000000000000008,4.462287074961752,4506,0.3608521970705726,1325,965,590
frl_apartment_5,seq_0009,34,sequential,18,17,32768,0.771575927734375,0.461822509765625,0.46090258276312146,0.4649298597194389,0.14999999999999966,4.336606004299517,4090,0.37921760391198045,1039,874,626
frl_apartment_5,seq_0009,34,sequential,19,18,32768,0.875244140625,0.45703125,0.475418410041841,0.32803326810176126,0.14999999999999988,4.484239143766491,2938,0.32505105513955074,1029,586,368
frl_apartment_5,seq_0009,34,sequential,20,19,32768,0.86163330078125,0.46063232421875,0.48466388042785297,0.3109836788707543,0.15000000000000052,4.5178074708152955,3005,0.253910149750416,725,818,699
frl_apartment_5,seq_0009,34,sequential,21,20,32768,0.854217529296875,0.476654052734375,0.48569182951663037,0.42369688088758634,0.151277281254115,4.695295670138961,3084,0.3531128404669261,999,518,478
frl_apartment_5,seq_0009,34,sequential,22,21,32768,0.85955810546875,0.48651123046875,0.49112405027337924,0.45827900912646674,0.15398573935346463,4.859909625181792,3027,0.37594978526593986,929,566,394
frl_apartment_5,seq_0009,34,sequential,23,22,32768,0.904998779296875,0.48065185546875,0.49165402124430957,0.37584323803405073,0.15398571240649472,4.922224644192177,2342,0.30614859094790775,773,457,395
frl_apartment_5,seq_0009,34,sequential,24,23,32768,0.90478515625,0.512786865234375,0.51315434430653,0.5092948717948718,0.15118576252926974,4.909354218234645,2008,0.35308764940239046,591,314,394
frl_apartment_5,seq_0009,34,sequential,25,24,32768,0.888885498046875,0.529632568359375,0.5376111511655852,0.46580609722603683,0.15017582389383624,4.982443669502985,2347,0.3238176395398381,788,398,401
frl_apartment_5,seq_0009,34,sequential,26,25,32768,0.879241943359375,0.52197265625,0.5054319530734789,0.6424058630275461,0.1505100440245844,5.086257354141392,2008,0.39691235059760954,493,321,397
frl_apartment_5,seq_0009,34,sequential,27,26,32768,0.92706298828125,0.533416748046875,0.5533939034827836,0.2794979079497908,0.16191776840619315,5.501112801325564,1735,0.22997118155619597,405,323,608
frl_apartment_5,seq_0009,34,sequential,28,27,32768,0.7359619140625,0.55816650390625,0.6752363576049096,0.23185390661118815,0.16191776840619276,5.584748149885887,2908,0.2823246217331499,723,582,782
frl_apartment_5,seq_0009,34,sequential,29,28,32768,0.882354736328125,0.57379150390625,0.6188911562273026,0.23553826199740596,0.16193739178266608,5.676296676430362,2472,0.1941747572815534,553,638,801
frl_apartment_5,seq_0009,34,sequential,30,29,32768,0.69622802734375,0.59417724609375,0.786096256684492,0.15430982519590114,0.16679244806382187,5.988514911594878,2619,0.2073310423825888,679,716,681
frl_apartment_5,seq_0009,34,sequential,31,30,32768,0.656097412109375,0.59222412109375,0.7932927112888971,0.2086254326027154,0.16787927674222217,6.173823205218387,3869,0.2509692426983717,1159,884,855
frl_apartment_5,seq_0009,34,sequential,32,31,32768,0.62664794921875,0.559906005859375,0.7715496250121749,0.2046754945234592,0.1774110164362938,6.651387945223598,5416,0.20974889217134415,2074,1160,1046
frl_apartment_5,seq_0009,34,sequential,33,32,32768,0.621490478515625,0.5172119140625,0.764055978394304,0.11190840925582521,0.17741101643629464,7.034631924254394,5578,0.16887773395482253,1662,1929,1045
frl_apartment_5,seq_0009,34,sequential,34,33,32768,0.8857421875,0.56097412109375,0.614353638368247,0.14716880341880342,0.1511525577089406,6.755194649527977,3024,0.14616402116402116,756,1102,724
frl_apartment_5,seq_0010,32,spread,1,0,32768,0.0,0.492950439453125,,0.492950439453125,,,11154,0.407477138246369,2630,2035,1944
frl_apartment_5,seq_0010,32,spread,2,31,32768,0.022369384765625,0.560394287109375,0.5866302864938608,0.5597939753394725,4.6500496086879215,71.00641393899005,9114,0.4107965766951942,2101,1742,1527
frl_apartment_5,seq_0010,32,spread,3,15,32768,0.30718994140625,0.4132080078125,0.6881581561692828,0.2912959210642234,2.2501025228328357,51.07863432953611,9423,0.26838586437440304,2135,2355,2404
frl_apartment_5,seq_0010,32,spread,4,23,32768,0.57696533203125,0.452362060546875,0.4851898868084206,0.4075890924830472,1.1999999999999997,34.60755977852723,7535,0.2706038487060385,1718,1963,1815
frl_apartment_5,seq_0010,32,spread,5,7,32768,0.6346435546875,0.4149169921875,0.4725908828620889,0.31473438022051453,1.0502196738105292,27.28551666945211,8309,0.2904079913346973,2107,2049,1740
frl_apartment_5,seq_0010,32,spread,6,11,32768,0.691741943359375,0.405670166015625,0.4600520580579697,0.2836352836352836,0.5999999999999998,17.0502859675992,7021,0.24540663723116365,1971,1935,1392
frl_apartment_5,seq_0010,32,spread,7,19,32768,0.696258544921875,0.430908203125,0.4750383519614289,0.329749824173616,0.5999999999999995,18.770916661262643,6119,0.2421964373263605,1583,1694,1360
frl_apartment_5,seq_0010,32,spread,8,27,32768,0.65924072265625,0.468658447265625,0.4734283862605314,0.45943041375604515,0.5999999999999995,19.476548302502188,5577,0.2648377263761879,1435,1699,966
frl_apartment_5,seq_0010,32,spread,9,3,32768,0.752227783203125,0.494415283203125,0.4944622499898576,0.49427269368148785,0.4505123341915222,13.704560131975482,5529,0.39030566105986614,1491,1058,822
frl_apartment_5,seq_0010,32,spread,10,25,32768,0.814117431640625,0.46044921875,0.5065037298047007,0.2587424068297488,0.3,9.912029096892182,4414,0.18418667874943362,1010,1287,1304
frl_apartment_5,seq_0010,32,spread,11,5,32768,0.779327392578125,0.41357421875,0.45443865763402125,0.26925736412667683,0.29999999999999993,8.39470183358504,5787,0.25021600138240885,1515,1583,1241
frl_apartment_5,seq_0010,32,spread,12,17,32768,0.865447998046875,0.420013427734375,0.4441623470503191,0.2646858698117487,0.29999999999999993,9.647442739372842,3642,0.242723778143877,780,1022,956
frl_apartment_5,seq_0010,32,spread,13,13,32768,0.758880615234375,0.409393310546875,0.442755459042104,0.30439184913302114,0.2999999999999996,8.989551193747777,4943,0.22455998381549666,1330,1465,1038
frl_apartment_5,seq_0010,32,spread,14,9,32768,0.83514404296875,0.410797119140625,0.440619747131477,0.2597186227323214,0.29999999999999954,8.591674390746123,4218,0.22783309625414888,1301,1109,847
frl_apartment_5,seq_0010,32,spread,15,21,32768,0.86517333984375,0.446563720703125,0.4725925925925926,0.27953825260298776,0.29999999999999954,9.715891672970974,3229,0.18395788169711985,804,992,839
frl_apartment_5,seq_0010,32,spread,16,29,32768,0.766448974609375,0.48126220703125,0.49305196097949433,0.44257154057232456,0.2999999999999992,10.142289610056674,3890,0.22544987146529563,848,1070,1095
frl_apartment_5,seq_0010,32,spread,17,1,32768,0.808197021484375,0.42120361328125,0.4632783294943926,0.24391408114558472,0.1515300737764416,4.850459982357124,4021,0.20044764983834867,1243,1198,774
frl_apartment_5,seq_0010,32,spread,18,26,32768,0.903564453125,0.464141845703125,0.49294109700081057,0.19430379746835444,0.15000000000000036,5.02358323728036,2959,0.18080432578573843,573,917,934
frl_apartment_5,seq_0010,32,spread,19,6,32768,0.835174560546875,0.429107666015625,0.4406036467278109,0.370857248657656,0.1500000000000002,4.218222411922738,3995,0.304630788485607,1077,1026,675
frl_apartment_5,seq_0010,32,spread,20,10,32768,0.902923583984375,0.398223876953125,0.4193733734410383,0.20150895944671487,0.15,4.39886159573018,2821,0.20950017724211273,655,732,843
frl_apartment_5,seq_0010,32,spread,21,18,32768,0.94207763671875,0.426300048828125,0.4383219954648526,0.23076923076923078,0.15,4.857367370062729,1822,0.2327113062568606,425,530,443
frl_apartment_5,seq_0010,32,spread,22,24,32768,0.91680908203125,0.45489501953125,0.4826576126755875,0.14893617021276595,0.15,4.976034335649822,2537,0.1541190382341348,601,789,756
frl_apartment_5,seq_0010,32,spread,23,30,32768,0.90411376953125,0.540069580078125,0.5736177681766016,0.22374283895607894,0.15,5.0915511845990435,2401,0.23781757600999584,728,744,358
frl_apartment_5,seq_0010,32,spread,24,2,32768,0.8797607421875,0.453521728515625,0.4704800888025531,0.32944162436548224,0.14999999999999997,4.645803187353299,2859,0.2885624344176285,881,607,546
frl_apartment_5,seq_0010,32,spread,25,4,32768,0.90911865234375,0.48876953125,0.4920443101711984,0.45601074546675624,0.14999999999999997,4.539774863933552,2368,0.3627533783783784,570,466,473
frl_apartment_5,seq_0010,32,spread,26,8,32768,0.850830078125,0.421875,0.43837876614060256,0.32774140752864156,0.14999999999999977,4.237312623802086,3105,0.2611916264090177,1050,721,523
frl_apartment_5,seq_0010,32,spread,27,12,32768,0.908660888671875,0.404541015625,0.42512174643157014,0.19979953224189775,0.14999999999999977,4.466337898420909,2529,0.1878212732305259,621,771,662
frl_apartment_5,seq_0010,32,spread,28,14,32768,0.8636474609375,0.410491943359375,0.43286219081272087,0.2688003581020591,0.1499999999999996,4.6450196911143244,2643,0.1774498675747257,766,865,543
frl_apartment_5,seq_0010,32,spread,29,16,32768,0.907379150390625,0.422088623046875,0.43981434769448086,0.2484349258649094,0.1499999999999996,4.761547321494808,2351,0.20119098256061252,587,671,620
frl_apartment_5,seq_0010,32,spread,30,20,32768,0.947235107421875,0.436065673828125,0.450336673217565,0.17987275882012724,0.1499999999999996,4.880367365183097,1603,0.18402994385527136,443,502,363
frl_apartment_5,seq_0010,32,spread,31,22,32768,0.94091796875,0.44293212890625,0.46075505967825636,0.1590909090909091,0.14999999999999955,4.921890239443922,1845,0.16205962059620596,528,583,435
frl_apartment_5,seq_0010,32,spread,32,28,32768,0.88433837890625,0.47637939453125,0.511733038857064,0.20606860158311346,0.1499999999999992,5.072911047754966,2319,0.12807244501940493,502,785,735
frl_apartment_5,seq_0010,32,random,1,2,32768,0.0,0.453521728515625,,0.453521728515625,,,11674,0.40414596539318143,2627,2115,2214
frl_apartment_5,seq_0010,32,random,2,11,32768,0.423614501953125,0.405670166015625,0.6079533174843311,0.25700217080531584,1.35,34.60776839073171,9742,0.28628618353520835,2308,2319,2326
frl_apartment_5,seq_0010,32,random,3,25,32768,0.27728271484375,0.46044921875,0.7562183579132732,0.3469723840891817,2.099999999999999,50.73327694435337,9222,0.30665799175883757,1817,2107,2470
frl_apartment_5,seq_0010,32,random,4,21,32768,0.6246337890625,0.446563720703125,0.48206957201485245,0.38747967479674794,0.5999999999999995,18.903112587455087,7303,0.2745447076543886,1712,1905,1681
frl_apartment_5,seq_0010,32,random,5,10,32768,0.81768798828125,0.398223876953125,0.43826976188698963,0.21861399397388684,0.1500000000000002,4.398861595730185,5163,0.21615339918651946,1221,1383,1443
frl_apartment_5,seq_0010,32,random,6,4,32768,0.720367431640625,0.48876953125,0.47074772294005507,0.5351958965404343,0.3,9.02325329648495,6203,0.4160889891987748,1580,1161,881
frl_apartment_5,seq_0010,32,random,7,29,32768,0.54559326171875,0.48126220703125,0.4887571316702092,0.4722632639355272,0.5999999999999999,19.686065782743725,6224,0.2769922879177378,1398,1549,1553
frl_apartment_5,seq_0010,32,random,8,16,32768,0.68011474609375,0.422088623046875,0.47231445750695505,0.31530242320167906,0.7499999999999999,22.610879668318365,6730,0.25170876671619613,1769,1902,1365
frl_apartment_5,seq_0010,32,random,9,23,32768,0.81121826171875,0.452362060546875,0.49762997517116847,0.2578402845134174,0.29999999999999954,9.787878912990296,4471,0.20375754864683515,1101,1380,1079
frl_apartment_5,seq_0010,32,random,10,6,32768,0.780303955078125,0.429107666015625,0.46873166725331455,0.2883733851923878,0.30000000000000016,8.391207203412224,5544,0.25595238095238093,1602,1494,1029
frl_apartment_5,seq_0010,32,random,11,18,32768,0.806488037109375,0.426300048828125,0.4568055397888523,0.29916416968932347,0.29999999999999993,9.64590036607053,4481,0.2325373800490962,1105,1276,1058
frl_apartment_5,seq_0010,32,random,12,26,32768,0.821319580078125,0.464141845703125,0.49816074016274664,0.30777113578138343,0.15000000000000036,5.02358323728036,4081,0.2163685371232541,926,1204,1068
frl_apartment_5,seq_0010,32,random,13,3,32768,0.858917236328125,0.494415283203125,0.4980280689287618,0.47242050616482806,0.14999999999999997,4.64186664188734,3483,0.3766867642836635,999,622,550
frl_apartment_5,seq_0010,32,random,14,30,32768,0.830413818359375,0.540069580078125,0.5728198155157841,0.37970127766780637,0.15000000000000036,5.091551184599056,3673,0.2687176694799891,1111,1068,507
frl_apartment_5,seq_0010,32,random,15,8,32768,0.767791748046875,0.421875,0.4528796852021146,0.31935865422525955,0.29999999999999977,8.428775097167042,5044,0.2618953211736717,1703,1219,801
frl_apartment_5,seq_0010,32,random,16,0,32768,0.80914306640625,0.492950439453125,0.49675643056498453,0.4768148385033579,0.30076795583754234,9.79672466294532,3596,0.32007786429365964,1246,757,442
frl_apartment_5,seq_0010,32,random,17,19,32768,0.91839599609375,0.430908203125,0.4525819100152854,0.1869857890800299,0.15,4.856492424944813,2512,0.19227707006369427,605,744,680
frl_apartment_5,seq_0010,32,random,18,12,32768,0.826446533203125,0.404541015625,0.4357298474945534,0.25602250747318445,0.14999999999999977,4.466337898420909,4094,0.21787982413287738,1070,1228,904
frl_apartment_5,seq_0010,32,random,19,20,32768,0.928924560546875,0.436065673828125,0.45579683958080097,0.1781880635465865,0.1499999999999996,4.880367365183097,2160,0.18194444444444444,558,682,527
frl_apartment_5,seq_0010,32,random,20,13,32768,0.84130859375,0.409393310546875,0.4335461404526988,0.28134615384615386,0.15000000000000036,4.522608295593726,3499,0.20777364961417547,887,1009,876
frl_apartment_5,seq_0010,32,random,21,7,32768,0.793792724609375,0.4149169921875,0.4426588750913075,0.3081249075033299,0.14999999999999977,4.213535712588622,4855,0.2512873326467559,1248,1295,1092
frl_apartment_5,seq_0010,32,random,22,5,32768,0.853302001953125,0.41357421875,0.4361431994563857,0.2822966507177033,0.14999999999999997,4.219998099917043,3965,0.25573770491803277,1033,1018,900
frl_apartment_5,seq_0010,32,random,23,17,32768,0.939544677734375,0.420013427734375,0.43161074479488093,0.2397778899545684,0.1499999999999996,4.858155147499958,1794,0.24024526198439242,397,514,452
frl_apartment_5,seq_0010,32,random,24,14,32768,0.810943603515625,0.410491943359375,0.4341624957663794,0.3089588377723971,0.15,4.645019691114337,3479,0.20638114400689853,1035,1044,682
frl_apartment_5,seq_0010,32,random,25,27,32768,0.913330078125,0.468658447265625,0.49301657310879443,0.2119718309859155,0.15000000000000036,5.052639364564801,2572,0.1947900466562986,637,944,490
frl_apartment_5,seq_0010,32,random,26,22,32768,0.936920166015625,0.44293212890625,0.4620370671965083,0.15916787614900824,0.14999999999999955,4.921890239443922,1969,0.16251904520060945,559,623,467
frl_apartment_5,seq_0010,32,random,27,9,32768,0.90667724609375,0.410797119140625,0.42601817569841804,0.262916939175932,0.14999999999999977,4.320122454096428,2466,0.23236009732360097,734,635,524
frl_apartment_5,seq_0010,32,random,28,28,32768,0.87042236328125,0.47637939453125,0.5159525979945305,0.21055110692416393,0.1499999999999992,5.072911047754966,2704,0.13831360946745563,600,911,819
frl_apartment_5,seq_0010,32,random,29,24,32768,0.93072509765625,0.45489501953125,0.4774411436815529,0.15198237885462554,0.15,4.976034335649822,2129,0.15641146077970877,506,660,630
frl_apartment_5,seq_0010,32,random,30,1,32768,0.87384033203125,0.42120361328125,0.44384298386533494,0.264392839864538,0.14999999999999997,4.801712661995466,2642,0.2036336109008327,761,832,511
frl_apartment_5,seq_0010,32,random,31,15,32768,0.912322998046875,0.4132080078125,0.42903495567820704,0.2485207100591716,0.1499999999999996,4.71930170518136,2099,0.15769414006669843,571,603,594
frl_apartment_5,seq_0010,32,random,32,31,32768,0.818634033203125,0.560394287109375,0.55071761416589,0.6040720174995793,0.15,5.353967896632498,2509,0.3136707851733758,714,640,368
frl_apartment_5,seq_0010,32,sequential,1,0,32768,0.0,0.492950439453125,,0.492950439453125,,,11154,0.407477138246369,2630,2035,1944
frl_apartment_5,seq_0010,32,sequential,2,1,32768,0.631500244140625,0.42120361328125,0.49122891799159135,0.3012008281573499,0.1515300737764416,4.850459982357124,7394,0.26291587773870706,1948,1897,1605
frl_apartment_5,seq_0010,32,sequential,3,2,32768,0.7230224609375,0.453521728515625,0.4630254938375823,0.4287130894667254,0.14999999999999997,4.645803187353299,6255,0.35939248601119106,1687,1264,1056
frl_apartment_5,seq_0010,32,sequential,4,3,32768,0.76702880859375,0.494415283203125,0.4975332219304528,0.484149855907781,0.15,4.641866641887341,5402,0.3972602739726027,1455,973,828
frl_apartment_5,seq_0010,32,sequential,5,4,32768,0.8302001953125,0.48876953125,0.4934936038817821,0.4656721782890007,0.14999999999999997,4.539774863933552,4324,0.38506012950971324,1056,822,781
frl_apartment_5,seq_0010,32,sequential,6,5,32768,0.78363037109375,0.41357421875,0.45649972739309913,0.25811001410437234,0.14999999999999997,4.219998099917043,5662,0.2348993288590604,1324,1583,1425
frl_apartment_5,seq_0010,32,sequential,7,6,32768,0.801300048828125,0.429107666015625,0.45976311078950377,0.30548302872062666,0.1500000000000002,4.218222411922738,5015,0.2703888334995015,1358,1320,981
frl_apartment_5,seq_0010,32,sequential,8,7,32768,0.73919677734375,0.4149169921875,0.4581372306167946,0.2924175052656213,0.1500000000000002,4.213535712588634,6338,0.24644998422215209,1530,1598,1648
frl_apartment_5,seq_0010,32,sequential,9,8,32768,0.767608642578125,0.421875,0.4536635788971494,0.31687458962573867,0.14999999999999977,4.237312623802086,5112,0.26134585289514867,1569,1293,914
frl_apartment_5,seq_0010,32,sequential,10,9,32768,0.7601318359375,0.410797119140625,0.4449975911353782,0.3024173027989822,0.14999999999999977,4.320122454096428,5394,0.267890248424175,1642,1400,907
frl_apartment_5,seq_0010,32,sequential,11,10,32768,0.8115234375,0.398223876953125,0.43009175691937424,0.2610103626943005,0.15,4.39886159573018,4613,0.2401907652287015,1161,1190,1154
frl_apartment_5,seq_0010,32,sequential,12,11,32768,0.883148193359375,0.405670166015625,0.4281419537648156,0.23583180987202926,0.1500000000000002,4.384441513953892,3492,0.23654066437571591,783,880,1003
frl_apartment_5,seq_0010,32,sequential,13,12,32768,0.825775146484375,0.404541015625,0.4346428175468421,0.26186722718514627,0.14999999999999977,4.466337898420909,4076,0.2235034347399411,1061,1175,929
frl_apartment_5,seq_0010,32,sequential,14,13,32768,0.80633544921875,0.409393310546875,0.4356975247899478,0.2998739363378506,0.15000000000000036,4.522608295593726,4512,0.25066489361702127,1070,1214,1097
frl_apartment_5,seq_0010,32,sequential,15,14,32768,0.765289306640625,0.410491943359375,0.4394465047653228,0.31608373423481995,0.15,4.645019691114337,4627,0.234709314890858,1269,1346,926
frl_apartment_5,seq_0010,32,sequential,16,15,32768,0.778533935546875,0.4132080078125,0.43902630237936574,0.3224472922695329,0.1499999999999996,4.71930170518136,4368,0.22527472527472528,1147,1338,899
frl_apartment_5,seq_0010,32,sequential,17,16,32768,0.825103759765625,0.422088623046875,0.4378444354033362,0.3477578084103996,0.15000000000000036,4.761547321494831,3852,0.26375908618899274,882,979,975
frl_apartment_5,seq_0010,32,sequential,18,17,32768,0.746063232421875,0.420013427734375,0.45490244201742547,0.3175099146737171,0.1499999999999996,4.858155147499958,5081,0.2424719543396969,1225,1457,1167
frl_apartment_5,seq_0010,32,sequential,19,18,32768,0.882080078125,0.426300048828125,0.4485884306670357,0.25957556935817805,0.15000000000000036,4.857367370062741,3267,0.24640342822161004,758,918,786
frl_apartment_5,seq_0010,32,sequential,20,19,32768,0.91033935546875,0.430908203125,0.4515923566878981,0.22089857045609257,0.15,4.856492424944813,2673,0.21623643845866067,598,700,797
frl_apartment_5,seq_0010,32,sequential,21,20,32768,0.84027099609375,0.436065673828125,0.45797922568460814,0.3207871608712266,0.1499999999999996,4.880367365183097,3575,0.22125874125874126,936,958,890
frl_apartment_5,seq_0010,32,sequential,22,21,32768,0.892608642578125,0.446563720703125,0.4677424869226298,0.27053140096618356,0.15000000000000036,4.893121315135179,2863,0.21515892420537897,704,860,683
frl_apartment_5,seq_0010,32,sequential,23,22,32768,0.880035400390625,0.44293212890625,0.4750147380101952,0.20758076825235308,0.15,4.921890239443936,3060,0.1866013071895425,830,928,731
frl_apartment_5,seq_0010,32,sequential,24,23,32768,0.838897705078125,0.452362060546875,0.47848230201171377,0.31634779314264067,0.14999999999999955,4.929906470047248,3928,0.23625254582484725,930,1146,924
frl_apartment_5,seq_0010,32,sequential,25,24,32768,0.8292236328125,0.45489501953125,0.48678786986603856,0.300035739814153,0.15,4.976034335649822,3843,0.21051262034868592,996,1126,912
frl_apartment_5,seq_0010,32,sequential,26,25,32768,0.832489013671875,0.46044921875,0.49734227794273983,0.2770996538531609,0.15,4.993374601456751,3989,0.19403359237904236,904,1130,1181
frl_apartment_5,seq_0010,32,sequential,27,26,32768,0.83056640625,0.464141845703125,0.4930555555555556,0.3224063400576369,0.15000000000000036,5.02358323728036,3754,0.23122003196590304,870,1100,916
frl_apartment_5,seq_0010,32,sequential,28,27,32768,0.893402099609375,0.468658447265625,0.4965670367207515,0.23475522473518465,0.15000000000000036,5.052639364564801,2737,0.2042382170259408,684,996,498
frl_apartment_5,seq_0010,32,sequential,29,28,32768,0.777923583984375,0.47637939453125,0.49346828292338474,0.41651779579497045,0.15,5.072911047754992,3481,0.2137316862970411,809,991,937
frl_apartment_5,seq_0010,32,sequential,30,29,32768,0.761627197265625,0.48126220703125,0.4831109508354369,0.4753552682114966,0.1499999999999992,5.1111836060400995,3227,0.24852804462348932,751,933,741
frl_apartment_5,seq_0010,32,sequential,31,30,32768,0.875701904296875,0.540069580078125,0.5631991636173549,0.37711760373189296,0.15000000000000036,5.091551184599056,2505,0.2467065868263473,774,757,356
frl_apartment_5,seq_0010,32,sequential,32,31,32768,0.818634033203125,0.560394287109375,0.55071761416589,0.6040720174995793,0.15,5.353967896632498,2509,0.3136707851733758,714,640,368
frl_apartment_5,seq_0014,44,spread,1,0,32768,0.0,0.561553955078125,,0.561553955078125,,,7553,0.4640540182708857,1626,1258,1164
frl_apartment_5,seq_0014,44,spread,2,43,32768,0.008056640625,0.612945556640625,0.7424242424242424,0.6118939207482156,6.45,78.3213140407842,7443,0.4268440145102781,1959,1307,1000
frl_apartment_5,seq_0014,44,spread,3,21,32768,0.23431396484375,0.44305419921875,0.7279239385256577,0.355878836189717,3.1500000000000004,59.813346573741335,10474,0.3469543631850296,2367,2129,2344
frl_apartment_5,seq_0014,44,spread,4,32,32768,0.56597900390625,0.4654541015625,0.556184622020921,0.34713823653494585,1.6499999999999997,40.08725415884042,7125,0.34582456140350876,1837,1305,1519
frl_apartment_5,seq_0014,44,spread,5,10,32768,0.593841552734375,0.43182373046875,0.5078369905956113,0.32068525058231273,1.5000000000000002,37.09245554123355,7461,0.3240852432649779,2236,1532,1275
frl_apartment_5,seq_0014,44,spread,6,37,32768,0.68121337890625,0.503173828125,0.5108861213152943,0.4866934711851426,0.7502628190575955,23.205701851623793,5474,0.4152356594811838,1537,1087,577
frl_apartment_5,seq_0014,44,spread,7,27,32768,0.72015380859375,0.397491455078125,0.4778794813119756,0.1906215921483097,0.7500000000000003,21.175573231316896,6800,0.19308823529411764,1785,2293,1409
frl_apartment_5,seq_0014,44,spread,8,5,32768,0.63421630859375,0.449188232421875,0.4536618227312097,0.44143167028199565,0.7500000000000001,22.31771415244143,6131,0.363072908171587,1832,1279,794
frl_apartment_5,seq_0014,44,spread,9,15,32768,0.765411376953125,0.420867919921875,0.44065228659144373,0.35631585794197995,0.75,21.3074638957254,5555,0.3152115211521152,1518,1205,1081
frl_apartment_5,seq_0014,44,spread,10,40,32768,0.83526611328125,0.514434814453125,0.5240043843624407,0.46591330122267505,0.4499999999999999,15.480358845734397,3365,0.34710252600297176,1094,841,262
frl_apartment_5,seq_0014,44,spread,11,18,32768,0.782470703125,0.42633056640625,0.44781591263650544,0.3490460157126824,0.4499999999999995,13.575851324568157,5158,0.2915858860023265,1485,1507,662
frl_apartment_5,seq_0014,44,spread,12,24,32768,0.8369140625,0.417938232421875,0.45708138856476077,0.21706586826347304,0.4499999999999995,13.49766240570562,4280,0.20934579439252338,1189,1191,1004
frl_apartment_5,seq_0014,44,spread,13,34,32768,0.790985107421875,0.4669189453125,0.4871329912419461,0.39042195941013286,0.30017255363305334,9.14904522391054,4583,0.3098407156884137,1350,1022,791
frl_apartment_5,seq_0014,44,spread,14,2,32768,0.804656982421875,0.517791748046875,0.5336215724200706,0.452585533510389,0.30000000000000016,10.161794014307183,3458,0.3094274146905726,1125,923,340
frl_apartment_5,seq_0014,44,spread,15,8,32768,0.8570556640625,0.435272216796875,0.46029767839339125,0.2852263023057216,0.30000000000000004,8.938966924978915,3501,0.2390745501285347,788,778,1098
frl_apartment_5,seq_0014,44,spread,16,13,32768,0.87786865234375,0.42291259765625,0.4431968295904888,0.27711144427786105,0.30000000000000004,8.564531636792651,3405,0.2540381791483113,995,821,724
frl_apartment_5,seq_0014,44,spread,17,30,32768,0.84564208984375,0.4588623046875,0.49155539516420066,0.27975484381178334,0.30000000000000004,9.128155121566119,3030,0.20957095709570958,886,781,728
frl_apartment_5,seq_0014,44,spread,18,35,32768,0.927154541015625,0.477081298828125,0.4905039333794148,0.3062421449518224,0.15127953915608108,4.722613852194954,1889,0.25622022233986236,490,393,522
frl_apartment_5,seq_0014,44,spread,19,38,32768,0.9136962890625,0.48944091796875,0.5090514362057448,0.2818246110325318,0.15056071702255897,5.052318594916986,2135,0.2459016393442623,787,605,218
frl_apartment_5,seq_0014,44,spread,20,36,32768,0.932098388671875,0.45831298828125,0.4764103067806044,0.2098876404494382,0.15003056261611317,4.77489332300571,1946,0.20811921891058582,541,534,466
frl_apartment_5,seq_0014,44,spread,21,19,32768,0.891754150390625,0.42034912109375,0.44789706033332194,0.19340287566957992,0.15000000000000044,4.652955134131588,3185,0.1814756671899529,985,711,911
frl_apartment_5,seq_0014,44,spread,22,25,32768,0.878814697265625,0.428009033203125,0.4598048407820259,0.19743137748677914,0.15000000000000044,4.63375251946861,2968,0.18261455525606468,690,893,843
frl_apartment_5,seq_0014,44,spread,23,28,32768,0.874664306640625,0.416748046875,0.4463556749590035,0.2101290479668858,0.15000000000000044,4.446209034375824,3402,0.2278071722516167,1019,1164,444
frl_apartment_5,seq_0014,44,spread,24,12,32768,0.89434814453125,0.421600341796875,0.4435951682249369,0.23541305603697285,0.15000000000000024,4.356494322586869,2682,0.21998508575689785,690,878,524
frl_apartment_5,seq_0014,44,spread,25,1,32768,0.92431640625,0.546630859375,0.5666270470153196,0.3024193548387097,0.15000000000000008,5.338329189488392,2092,0.26195028680688337,561,702,281
frl_apartment_5,seq_0014,44,spread,26,4,32768,0.836456298828125,0.46734619140625,0.49571308694224525,0.3222616159731293,0.15000000000000002,4.856492424944814,3478,0.24468085106382978,1010,780,837
frl_apartment_5,seq_0014,44,spread,27,7,32768,0.90838623046875,0.460235595703125,0.4664046227239132,0.3990672884743504,0.15000000000000002,4.567800165411835,1876,0.3400852878464819,470,504,264
frl_apartment_5,seq_0014,44,spread,28,14,32768,0.92523193359375,0.4117431640625,0.4297447061151791,0.18897959183673468,0.15000000000000002,4.371377481644867,2229,0.19291161956034095,578,558,663
frl_apartment_5,seq_0014,44,spread,29,16,32768,0.930755615234375,0.4324951171875,0.4484081445293288,0.21859850154252974,0.15000000000000002,4.530568395337444,1937,0.20134228187919462,434,540,573
frl_apartment_5,seq_0014,44,spread,30,20,32768,0.938812255859375,0.431854248046875,0.44433247732665865,0.24039900249376558,0.15000000000000002,4.683037149147191,1808,0.22898230088495575,594,295,505
frl_apartment_5,seq_0014,44,spread,31,33,32768,0.922760009765625,0.44964599609375,0.4762046499322023,0.13235875148162782,0.15000000000000002,4.548368781115829,1827,0.10946907498631636,370,543,714
frl_apartment_5,seq_0014,44,spread,32,39,32768,0.93243408203125,0.50921630859375,0.5282778032336192,0.24616079494128273,0.15000000000000002,5.169311016105854,1801,0.23209328151027206,597,537,249
frl_apartment_5,seq_0014,44,spread,33,42,32768,0.9259033203125,0.592315673828125,0.611766644693474,0.34925864909390447,0.15000000000000002,5.873143403567668,1650,0.3278787878787879,563,379,167
frl_apartment_5,seq_0014,44,spread,34,26,32768,0.906280517578125,0.4202880859375,0.453008721419672,0.10387495929664604,0.14999999999999994,4.491800154471149,2712,0.10508849557522124,468,1131,828
frl_apartment_5,seq_0014,44,spread,35,11,32768,0.953643798828125,0.437957763671875,0.44577426477647286,0.2771560236998025,0.14999999999999983,4.308972847162546,1345,0.2788104089219331,450,311,209
frl_apartment_5,seq_0014,44,spread,36,22,32768,0.937103271484375,0.460723876953125,0.47800175855668087,0.20329936923823386,0.14999999999999983,4.648881822503076,1891,0.19883659439450027,525,423,567
frl_apartment_5,seq_0014,44,spread,37,3,32768,0.925872802734375,0.497314453125,0.5075645209136754,0.369287772745986,0.1499999999999998,5.06449169983198,1667,0.27174565086982605,398,367,449
frl_apartment_5,seq_0014,44,spread,38,6,32768,0.907196044921875,0.415374755859375,0.4364382547852121,0.2094705688918119,0.14999999999999974,4.652955134131568,1897,0.22403795466526094,662,472,338
frl_apartment_5,seq_0014,44,spread,39,9,32768,0.87103271484375,0.401947021484375,0.44226052834419455,0.12967345007098913,0.14999999999999963,4.396104764149791,3118,0.12796664528543938,559,744,1416
frl_apartment_5,seq_0014,44,spread,40,23,32768,0.945526123046875,0.44635009765625,0.46041377529613015,0.20224089635854342,0.14999999999999963,4.659386077762957,1640,0.20609756097560974,300,500,502
frl_apartment_5,seq_0014,44,spread,41,29,32768,0.945281982421875,0.444549560546875,0.46182405165456014,0.14612381483547127,0.14999999999999952,4.575658652509343,1320,0.12121212121212122,306,424,430
frl_apartment_5,seq_0014,44,spread,42,17,32768,0.938995361328125,0.41485595703125,0.425298189736423,0.2541270635317659,0.14999999999999944,4.535885638068614,1666,0.22208883553421369,527,467,302
frl_apartment_5,seq_0014,44,spread,43,31,32768,0.95513916015625,0.4427490234375,0.4545657869512429,0.19115646258503402,0.14999999999999925,4.643881890088222,1112,0.1474820143884892,204,346,398
frl_apartment_5,seq_0014,44,spread,44,41,32768,0.960693359375,0.569091796875,0.5746505717916137,0.4332298136645963,0.14999999999999905,5.421087932577986,865,0.3179190751445087,328,187,75
frl_apartment_5,seq_0014,44,random,1,2,32768,0.0,0.517791748046875,,0.517791748046875,,,9166,0.44621427012873666,2279,1566,1231
frl_apartment_5,seq_0014,44,random,2,34,32768,0.052459716796875,0.4669189453125,0.6817917393833625,0.4550227060452833,4.8000107876914795,68.77903578698306,10376,0.3919622205088666,2400,1941,1968
frl_apartment_5,seq_0014,44,random,3,4,32768,0.541961669921875,0.46734619140625,0.4973252998479644,0.4318742088080485,0.29999999999999993,9.644187316634431,7481,0.36572650715145033,1950,1409,1386
frl_apartment_5,seq_0014,44,random,4,18,32768,0.459686279296875,0.42633056640625,0.5622385978888668,0.3107031911889297,2.0999999999999996,48.41455821131629,8919,0.31808498710617783,2381,2321,1380
frl_apartment_5,seq_0014,44,random,5,23,32768,0.672454833984375,0.44635009765625,0.49076469253460403,0.35516630951271777,0.7500000000000003,22.17123203346673,7534,0.32267056012742235,1717,1755,1631
frl_apartment_5,seq_0014,44,random,6,32,32768,0.72406005859375,0.4654541015625,0.4768186799291916,0.4356337093563371,0.30017255363305334,8.705740119595575,5288,0.35646747352496216,1483,939,981
frl_apartment_5,seq_0014,44,random,7,11,32768,0.720458984375,0.437957763671875,0.4648000677736361,0.3687772925764192,1.0499999999999996,27.808737514650172,5923,0.3606280601046767,1979,1077,731
frl_apartment_5,seq_0014,44,random,8,1,32768,0.80755615234375,0.546630859375,0.5600483712493387,0.4903266730098319,0.15000000000000008,5.338329189488392,3497,0.3348584501000858,1018,926,382
frl_apartment_5,seq_0014,44,random,9,22,32768,0.805419921875,0.460723876953125,0.4989011821764171,0.3026976160602258,0.15000000000000002,4.648881822503081,5362,0.2765759045132413,1623,1203,1053
frl_apartment_5,seq_0014,44,random,10,19,32768,0.837310791015625,0.42034912109375,0.45646389911433466,0.23447758394297505,0.15000000000000044,4.652955134131588,4609,0.225211542633977,1486,988,1097
frl_apartment_5,seq_0014,44,random,11,21,32768,0.884429931640625,0.44305419921875,0.4657879300231186,0.2690784261948772,0.14999999999999983,4.679887384999395,3305,0.24175491679273828,954,768,784
frl_apartment_5,seq_0014,44,random,12,27,32768,0.77557373046875,0.397491455078125,0.46970173919886676,0.1479466956758227,0.5999999999999999,17.218587344055734,5569,0.1598132519303286,1443,2056,1180
frl_apartment_5,seq_0014,44,random,13,41,32768,0.64910888671875,0.569091796875,0.6337564645039963,0.4494694729518177,1.0500493140584344,33.59710195831419,3443,0.3793203601510311,1382,503,252
frl_apartment_5,seq_0014,44,random,14,10,32768,0.870849609375,0.43182373046875,0.44932716568544995,0.31379962192816635,0.14999999999999983,4.323833118792628,3179,0.27241270839886755,1009,695,609
frl_apartment_5,seq_0014,44,random,15,3,32768,0.83856201171875,0.497314453125,0.4995268942426669,0.48582230623818523,0.1499999999999998,5.06449169983198,2951,0.35750593019315485,666,692,538
frl_apartment_5,seq_0014,44,random,16,38,32768,0.834014892578125,0.48944091796875,0.5145815800065864,0.36311822026107743,0.4500525148796764,14.80312020681333,3130,0.3092651757188498,1136,772,254
frl_apartment_5,seq_0014,44,random,17,16,32768,0.889373779296875,0.4324951171875,0.4548948289469169,0.2524137931034483,0.2999999999999995,9.005179366545905,2989,0.23486115757778522,744,769,774
frl_apartment_5,seq_0014,44,random,18,30,32768,0.85089111328125,0.4588623046875,0.4937952801090309,0.25951698731068357,0.30000000000000004,9.128155121566119,2975,0.19092436974789917,842,803,762
frl_apartment_5,seq_0014,44,random,19,20,32768,0.9140625,0.431854248046875,0.4485844017094017,0.25390625,0.15000000000000002,4.683037149147191,2500,0.2408,844,388,666
frl_apartment_5,seq_0014,44,random,20,28,32768,0.855560302734375,0.416748046875,0.45378990547529874,0.19733784069300656,0.15000000000000044,4.446209034375824,3708,0.22330097087378642,1108,1292,480
frl_apartment_5,seq_0014,44,random,21,8,32768,0.874359130859375,0.435272216796875,0.46172908449966843,0.2511537527325723,0.30000000000000004,8.938966924978915,3083,0.21602335387609473,649,709,1059
frl_apartment_5,seq_0014,44,random,22,35,32768,0.919036865234375,0.477081298828125,0.48995517184127513,0.33094609875612513,0.15127953915608108,4.722613852194954,1974,0.26595744680851063,562,398,489
frl_apartment_5,seq_0014,44,random,23,42,32768,0.88702392578125,0.592315673828125,0.6166999243101906,0.40086439762290654,0.15000000000000083,5.873143403567699,2206,0.31640979147778786,682,588,238
frl_apartment_5,seq_0014,44,random,24,17,32768,0.903900146484375,0.41485595703125,0.43151355548803133,0.2581771991108288,0.14999999999999944,4.535885638068614,2593,0.23717701504049363,878,694,406
frl_apartment_5,seq_0014,44,random,25,0,32768,0.915740966796875,0.561553955078125,0.5831306028593328,0.3270554147048171,0.15000000000000008,6.466511780530665,1766,0.3023782559456399,503,429,300
frl_apartment_5,seq_0014,44,random,26,24,32768,0.907989501953125,0.417938232421875,0.44254360904782714,0.17512437810945275,0.14999999999999963,4.5745970207205895,2569,0.18295056442195406,601,787,711
frl_apartment_5,seq_0014,44,random,27,25,32768,0.90533447265625,0.428009033203125,0.45405514730668106,0.17891682785299806,0.15000000000000044,4.63375251946861,2218,0.172678088367899,486,661,688
frl_apartment_5,seq_0014,44,random,28,40,32768,0.9384765625,0.514434814453125,0.5252341311134235,0.34970238095238093,0.14999999999999905,5.274508288739841,1615,0.2953560371517028,454,508,176
frl_apartment_5,seq_0014,44,random,29,26,32768,0.901275634765625,0.4202880859375,0.4552873057257983,0.10077279752704792,0.14999999999999994,4.491800154471149,2826,0.10368011323425336,499,1200,834
frl_apartment_5,seq_0014,44,random,30,39,32768,0.929229736328125,0.50921630859375,0.5278991099871917,0.26390685640362227,0.15000000000000002,5.169311016105854,1870,0.24331550802139038,614,532,269
frl_apartment_5,seq_0014,44,random,31,9,32768,0.84014892578125,0.401947021484375,0.43901198692335636,0.2071401298205422,0.14999999999999963,4.396104764149791,3646,0.18486012068019747,731,796,1445
frl_apartment_5,seq_0014,44,random,32,6,32768,0.875823974609375,0.415374755859375,0.4385518659186731,0.25190464487589087,0.29999999999999977,9.24533519064708,2419,0.2451426209177346,803,610,413
frl_apartment_5,seq_0014,44,random,33,36,32768,0.9456787109375,0.45831298828125,0.47244094488188976,0.21235955056179776,0.15003056261611317,4.77489332300571,1575,0.20825396825396825,409,443,395
frl_apartment_5,seq_0014,44,random,34,37,32768,0.953277587890625,0.503173828125,0.5110606012101034,0.34225996080992815,0.15056071702255897,4.917278965435176,1361,0.2909625275532697,360,402,203
frl_apartment_5,seq_0014,44,random,35,13,32768,0.922210693359375,0.42291259765625,0.4370760117806678,0.2550019615535504,0.30000000000000004,8.564531636792651,2178,0.24839302112029385,598,550,489
frl_apartment_5,seq_0014,44,random,36,12,32768,0.921875,0.421600341796875,0.4422669491525424,0.177734375,0.14999999999999983,4.356494322586856,2022,0.16765578635014836,453,774,456
frl_apartment_5,seq_0014,44,random,37,7,32768,0.940399169921875,0.460235595703125,0.4607820866461139,0.45161290322580644,0.15000000000000002,4.567800165411835,1345,0.3524163568773234,297,344,230
frl_apartment_5,seq_0014,44,random,38,43,32768,0.91546630859375,0.612945556640625,0.6348423228215214,0.37581227436823106,0.15000000000000002,6.419286391070094,1906,0.26495278069254985,499,531,371
frl_apartment_5,seq_0014,44,random,39,5,32768,0.896575927734375,0.449188232421875,0.4719016984921202,0.2522868102685158,0.14999999999999974,4.693355921196425,2363,0.2166737198476513,664,671,516
frl_apartment_5,seq_0014,44,random,40,14,32768,0.934356689453125,0.4117431640625,0.4249599895482902,0.22361692236169223,0.15000000000000005,4.371377481644868,1849,0.20118983234180637,398,491,588
frl_apartment_5,seq_0014,44,random,41,29,32768,0.945526123046875,0.444549560546875,0.4613820482199916,0.1523809523809524,0.14999999999999952,4.575658652509343,1308,0.12614678899082568,288,419,436
frl_apartment_5,seq_0014,44,random,42,33,32768,0.9383544921875,0.44964599609375,0.4716079094575257,0.11534653465346535,0.15000000000000002,4.548368781115829,1460,0.09657534246575343,267,455,597
frl_apartment_5,seq_0014,44,random,43,15,32768,0.93536376953125,0.420867919921875,0.4372267536704731,0.18413597733711048,0.15000000000000002,4.460425300453242,1811,0.17614577581446714,412,453,627
frl_apartment_5,seq_0014,44,random,44,31,32768,0.957977294921875,0.4427490234375,0.45573572042942245,0.1466957153231663,0.14999999999999925,4.643881890088222,1067,0.12371134020618557,200,345,390
frl_apartment_5,seq_0014,44,sequential,1,0,32768,0.0,0.561553955078125,,0.561553955078125,,,7553,0.4640540182708857,1626,1258,1164
frl_apartment_5,seq_0014,44,sequential,2,1,32768,0.621246337890625,0.546630859375,0.5373581568993466,0.5618403029570542,0.15000000000000008,5.338329189488392,6333,0.4152850150007895,1640,1316,747
frl_apartment_5,seq_0014,44,sequential,3,2,32768,0.7232666015625,0.517791748046875,0.5359915611814347,0.4702249669166299,0.15000000000000008,5.12116846466233,5247,0.37202210787116446,1561,1133,601
frl_apartment_5,seq_0014,44,sequential,4,3,32768,0.695953369140625,0.497314453125,0.4883578162683622,0.5178159188999297,0.1499999999999998,5.06449169983198,5353,0.4029516159163086,1319,984,893
frl_apartment_5,seq_0014,44,sequential,5,4,32768,0.69146728515625,0.46734619140625,0.5152264100979786,0.3600395647873393,0.15000000000000013,4.856492424944817,5690,0.32917398945518456,1577,1153,1087
frl_apartment_5,seq_0014,44,sequential,6,5,32768,0.7137451171875,0.449188232421875,0.4724645117154096,0.3911513859275053,0.15000000000000002,4.693355921196434,5387,0.32040096528680156,1570,1223,868
frl_apartment_5,seq_0014,44,sequential,7,6,32768,0.697174072265625,0.415374755859375,0.48483256730137886,0.25546709664416,0.14999999999999974,4.652955134131568,5378,0.2895128300483451,1745,1267,809
frl_apartment_5,seq_0014,44,sequential,8,7,32768,0.8062744140625,0.460235595703125,0.45802422407267224,0.4694391934467549,0.15000000000000024,4.5678001654118425,4072,0.44179764243614933,1077,766,430
frl_apartment_5,seq_0014,44,sequential,9,8,32768,0.797454833984375,0.435272216796875,0.4709349049022234,0.2948621365074582,0.15000000000000002,4.496847060427777,5161,0.2735903894594071,1254,1104,1391
frl_apartment_5,seq_0014,44,sequential,10,9,32768,0.77691650390625,0.401947021484375,0.4395082096001257,0.2711354309165527,0.14999999999999963,4.396104764149791,4989,0.2463419522950491,1063,1026,1671
frl_apartment_5,seq_0014,44,sequential,11,10,32768,0.811492919921875,0.43182373046875,0.4594787710127487,0.31277319086935407,0.15000000000000044,4.3238331187926455,4406,0.28075351793009534,1338,989,842
frl_apartment_5,seq_0014,44,sequential,12,11,32768,0.8695068359375,0.437957763671875,0.45465393794749404,0.32670720299345185,0.14999999999999983,4.308972847162546,3318,0.323086196503918,1154,650,442
frl_apartment_5,seq_0014,44,sequential,13,12,32768,0.85211181640625,0.421600341796875,0.4507556765274694,0.2536112257531985,0.14999999999999983,4.356494322586856,3974,0.25968797181680925,983,1196,763
frl_apartment_5,seq_0014,44,sequential,14,13,32768,0.86163330078125,0.42291259765625,0.44694340157257206,0.2732686369651522,0.15000000000000024,4.306320782789302,3886,0.25784868759650026,1074,916,894
frl_apartment_5,seq_0014,44,sequential,15,14,32768,0.8548583984375,0.4117431640625,0.43756247322576036,0.25967199327165685,0.15000000000000005,4.371377481644868,4002,0.24412793603198402,1074,931,1020
frl_apartment_5,seq_0014,44,sequential,16,15,32768,0.862396240234375,0.420867919921875,0.4487773806574896,0.245952539365713,0.15000000000000002,4.460425300453242,3835,0.24589308996088657,1017,927,948
frl_apartment_5,seq_0014,44,sequential,17,16,32768,0.854827880859375,0.4324951171875,0.4561065295776659,0.29346226613411813,0.15000000000000002,4.530568395337444,3454,0.2744643891140706,911,809,786
frl_apartment_5,seq_0014,44,sequential,18,17,32768,0.844085693359375,0.41485595703125,0.44065222893090855,0.2752006263456645,0.14999999999999944,4.535885638068614,4041,0.2682504330611235,1404,997,556
frl_apartment_5,seq_0014,44,sequential,19,18,32768,0.87890625,0.42633056640625,0.45253472222222224,0.2361391129032258,0.15000000000000002,4.601994264289219,3438,0.21087841768470042,923,1188,602
frl_apartment_5,seq_0014,44,sequential,20,19,32768,0.849090576171875,0.42034912109375,0.4472199259605362,0.2691607684529828,0.15000000000000044,4.652955134131588,4086,0.24180127263827705,1141,842,1115
frl_apartment_5,seq_0014,44,sequential,21,20,32768,0.85736083984375,0.431854248046875,0.44860112479533,0.33119383825417203,0.15000000000000002,4.683037149147191,3806,0.2900683131897005,1174,615,913
frl_apartment_5,seq_0014,44,sequential,22,21,32768,0.83056640625,0.44305419921875,0.46222810111699003,0.34906340057636887,0.15000000000000002,4.679887384999401,4227,0.276792051100071,1137,1104,816
frl_apartment_5,seq_0014,44,sequential,23,22,32768,0.868865966796875,0.460723876953125,0.48055916546661515,0.3292995112869444,0.14999999999999983,4.648881822503076,3669,0.2970836740256201,996,714,869
frl_apartment_5,seq_0014,44,sequential,24,23,32768,0.8880615234375,0.44635009765625,0.474914089347079,0.2197382769901854,0.15000000000000002,4.65938607776297,3174,0.2252678008821676,667,962,830
frl_apartment_5,seq_0014,44,sequential,25,24,32768,0.880401611328125,0.417938232421875,0.4449374328399598,0.21918856851237561,0.14999999999999963,4.5745970207205895,3281,0.2194452910697958,764,898,899
frl_apartment_5,seq_0014,44,sequential,26,25,32768,0.871002197265625,0.428009033203125,0.4601450544830244,0.21102436716347292,0.15000000000000044,4.63375251946861,2829,0.18875927889713678,659,820,816
frl_apartment_5,seq_0014,44,sequential,27,26,32768,0.879547119140625,0.4202880859375,0.4587280108254398,0.13959969597162403,0.14999999999999994,4.491800154471149,3296,0.13561893203883496,604,1289,956
frl_apartment_5,seq_0014,44,sequential,28,27,32768,0.845611572265625,0.397491455078125,0.4460644555920459,0.13144890294524608,0.14999999999999994,4.430243976292221,4000,0.14575,1085,1506,826
frl_apartment_5,seq_0014,44,sequential,29,28,32768,0.8790283203125,0.416748046875,0.44716011665046523,0.19576185671039353,0.15000000000000044,4.446209034375824,3149,0.21848205779612576,959,1082,420
frl_apartment_5,seq_0014,44,sequential,30,29,32768,0.89605712890625,0.444549560546875,0.4694503099243921,0.22988843217850852,0.14999999999999952,4.575658652509343,2206,0.17905711695376247,568,633,610
frl_apartment_5,seq_0014,44,sequential,31,30,32768,0.9122314453125,0.4588623046875,0.4713301217717115,0.3292767732962448,0.15000000000000033,4.593223202167066,1727,0.21656050955414013,396,457,500
frl_apartment_5,seq_0014,44,sequential,32,31,32768,0.909576416015625,0.4427490234375,0.45650058714980707,0.3044211947350658,0.14999999999999925,4.643881890088222,1980,0.22575757575757577,438,506,589
frl_apartment_5,seq_0014,44,sequential,33,32,32768,0.93182373046875,0.4654541015625,0.48074277854195324,0.25649059982094896,0.15000000000000083,4.375632291115927,1608,0.22761194029850745,347,412,483
frl_apartment_5,seq_0014,44,sequential,34,33,32768,0.92181396484375,0.44964599609375,0.4710322452492882,0.19750195160031225,0.15000000000000002,4.548368781115829,1735,0.14121037463976946,390,499,601
frl_apartment_5,seq_0014,44,sequential,35,34,32768,0.863861083984375,0.4669189453125,0.48224820715724026,0.36964806097287606,0.15034481020171112,4.6117659559194095,3215,0.2939346811819596,864,751,655
frl_apartment_5,seq_0014,44,sequential,36,35,32768,0.938568115234375,0.477081298828125,0.4874979678101122,0.31793343268753105,0.15127953915608108,4.722613852194954,1422,0.2651195499296765,429,270,346
frl_apartment_5,seq_0014,44,sequential,37,36,32768,0.940093994140625,0.45831298828125,0.4709625060866742,0.2598064187468161,0.15003056261611317,4.77489332300571,1691,0.2371377882909521,479,468,343
frl_apartment_5,seq_0014,44,sequential,38,37,32768,0.9390869140625,0.503173828125,0.5165735083842454,0.2965931863727455,0.15056071702255996,4.917278965435209,1603,0.26699937616968183,465,490,220
frl_apartment_5,seq_0014,44,sequential,39,38,32768,0.949310302734375,0.48944091796875,0.5016555759153888,0.26068633353401566,0.15056071702255897,5.052318594916986,1348,0.22700296735905046,439,444,159
frl_apartment_5,seq_0014,44,sequential,40,39,32768,0.921844482421875,0.50921630859375,0.5340815042870858,0.21593127684498242,0.15015747117450493,5.17470835212997,1762,0.22417707150964813,573,536,258
frl_apartment_5,seq_0014,44,sequential,41,40,32768,0.935302734375,0.514434814453125,0.5270817019055077,0.33160377358490567,0.15000000000000002,5.274508288739875,1468,0.305858310626703,456,442,121
frl_apartment_5,seq_0014,44,sequential,42,41,32768,0.937530517578125,0.569091796875,0.5738094463070864,0.49829018075232046,0.14999999999999905,5.421087932577986,1102,0.3393829401088929,435,212,81
frl_apartment_5,seq_0014,44,sequential,43,42,32768,0.94610595703125,0.592315673828125,0.6080252886910522,0.31653454133635334,0.15000000000000083,5.873143403567699,1313,0.31607006854531605,387,338,173
frl_apartment_5,seq_0014,44,sequential,44,43,32768,0.924713134765625,0.612945556640625,0.6334774429886803,0.36076205918119175,0.15000000000000002,6.419286391070094,1720,0.24883720930232558,458,507,327
frl_apartment_5,seq_0002,60,spread,1,0,32768,0.0,0.635406494140625,,0.635406494140625,,,8483,0.669220794530237,1152,720,934
frl_apartment_5,seq_0002,60,spread,2,59,32768,0.00299072265625,0.591339111328125,0.8469387755102041,0.5905723905723905,8.871791002396128,79.4083513914492,9178,0.5998038788407061,1745,1074,854
frl_apartment_5,seq_0002,60,spread,3,30,32768,0.132476806640625,0.5504150390625,0.8873531444367657,0.4989622541949555,4.394163810123254,65.52484710791327,11037,0.5830388692579506,2023,844,1735
frl_apartment_5,seq_0002,60,spread,4,15,32768,0.541046142578125,0.553253173828125,0.6536747701506007,0.43486933971673647,2.25,48.17508782928428,6483,0.5173530772790375,1588,677,864
frl_apartment_5,seq_0002,60,spread,5,45,32768,0.37353515625,0.4716796875,0.8270424836601307,0.25979150428682773,2.1900172579678245,47.88877389474111,9012,0.3230137594318686,2053,2016,2032
frl_apartment_5,seq_0002,60,spread,6,52,32768,0.622406005859375,0.607940673828125,0.6634959548909046,0.5163662814192193,1.0553139548768913,31.198846321301215,5024,0.5388136942675159,1039,608,670
frl_apartment_5,seq_0002,60,spread,7,7,32768,0.76507568359375,0.597808837890625,0.5698045472676506,0.6890101325019485,1.0499999999999998,28.286558035902534,3830,0.6587467362924282,753,323,231
frl_apartment_5,seq_0002,60,spread,8,22,32768,0.8271484375,0.558135986328125,0.5670011806375442,0.5157132768361582,1.0499999999999998,27.42599980613048,4378,0.5283234353586113,1201,495,369
frl_apartment_5,seq_0002,60,spread,9,37,32768,0.7977294921875,0.53887939453125,0.558186687069625,0.4627338563669282,1.0499999999999998,28.335944999562976,4751,0.4862134287518417,1589,507,345
frl_apartment_5,seq_0002,60,spread,10,11,32768,0.913787841796875,0.583831787109375,0.5862138062318405,0.5585840707964602,0.5999999999999996,16.854524504729405,2140,0.5238317757009345,665,213,141
frl_apartment_5,seq_0002,60,spread,11,26,32768,0.876617431640625,0.52960205078125,0.5452393385552654,0.4185011130348751,0.5999999999999996,16.605674181053185,3579,0.4193908913104219,1543,405,130
frl_apartment_5,seq_0002,60,spread,12,41,32768,0.87347412109375,0.53277587890625,0.5506952693732095,0.4090689821514713,0.5999999999999996,17.17200450919124,3598,0.40244580322401335,1143,818,189
frl_apartment_5,seq_0002,60,spread,13,56,32768,0.55010986328125,0.62054443359375,0.9548984799733718,0.21170804504137838,0.5107333142040454,17.01387627707673,4191,0.3686471009305655,985,843,818
frl_apartment_5,seq_0002,60,spread,14,48,32768,0.8626708984375,0.548126220703125,0.5637116173765389,0.45022222222222225,0.45242083336417865,13.822217067783683,2936,0.4649182561307902,954,358,259
frl_apartment_5,seq_0002,60,spread,15,3,32768,0.87078857421875,0.6116943359375,0.5944136819233196,0.728153046764289,0.4500000000000002,13.88635737673328,2428,0.6157331136738056,545,240,148
frl_apartment_5,seq_0002,60,spread,16,33,32768,0.916015625,0.55499267578125,0.5577025586353944,0.5254360465116279,0.4500000000000002,12.85347694394638,2547,0.5237534354142128,985,166,62
frl_apartment_5,seq_0002,60,spread,17,18,32768,0.90216064453125,0.558746337890625,0.5688722007983221,0.46537741734248284,0.4499999999999993,12.406275907060401,2601,0.39600153787005,872,536,163
frl_apartment_5,seq_0002,60,spread,18,54,32768,0.748046875,0.617340087890625,0.7670936684073107,0.17272286821705427,0.3247983936500646,10.736991702881886,2895,0.28117443868739206,715,625,741
frl_apartment_5,seq_0002,60,spread,19,50,32768,0.942108154296875,0.600555419921875,0.6098279939101422,0.4496573537163943,0.30042752168306464,9.525200836497161,1559,0.3880692751763951,470,293,191
frl_apartment_5,seq_0002,60,spread,20,5,32768,0.97198486328125,0.6156005859375,0.6195918367346939,0.477124183006536,0.2999999999999998,8.914256024426052,795,0.4176100628930818,249,105,109
frl_apartment_5,seq_0002,60,spread,21,9,32768,0.9268798828125,0.567535400390625,0.5785591992624786,0.42779632721202004,0.2999999999999998,8.815481143617506,1780,0.3797752808988764,815,192,97
frl_apartment_5,seq_0002,60,spread,22,13,32768,0.944091796875,0.56365966796875,0.571017584690975,0.439410480349345,0.2999999999999998,8.709273717376659,1344,0.39657738095238093,541,212,58
frl_apartment_5,seq_0002,60,spread,23,20,32768,0.911956787109375,0.532623291015625,0.5551651440618411,0.29913344887348353,0.2999999999999998,8.409769792362885,2502,0.28337330135891287,803,602,388
frl_apartment_5,seq_0002,60,spread,24,24,32768,0.94732666015625,0.5341796875,0.5430062495973198,0.37543453070683663,0.2999999999999998,8.499133479042637,1494,0.3862115127175368,678,194,45
frl_apartment_5,seq_0002,60,spread,25,28,32768,0.94781494140625,0.549102783203125,0.5534161890656192,0.47076023391812866,0.2999999999999998,8.432594227039473,1542,0.4961089494163424,569,180,28
frl_apartment_5,seq_0002,60,spread,26,35,32768,0.944000244140625,0.5394287109375,0.5465683897455792,0.41907356948228885,0.2999999999999998,8.700663635463714,1682,0.4280618311533888,795,128,39
frl_apartment_5,seq_0002,60,spread,27,39,32768,0.93328857421875,0.530487060546875,0.5454842717938657,0.32067703568161027,0.2999999999999998,8.725652223929048,2047,0.33072789447972645,637,642,91
frl_apartment_5,seq_0002,60,spread,28,43,32768,0.923126220703125,0.528717041015625,0.5461668154319151,0.31917427550615324,0.2999999999999998,8.4886191405363,2117,0.31317902692489374,645,677,132
frl_apartment_5,seq_0002,60,spread,29,58,32768,0.801666259765625,0.588653564453125,0.6867410255434162,0.1921834128327435,0.17592646916373236,5.981723866665135,2905,0.21617900172117038,891,744,642
frl_apartment_5,seq_0002,60,spread,30,55,32768,0.93475341796875,0.61285400390625,0.6393731635651322,0.23292797006548177,0.16762240782416402,5.668740912403707,1635,0.2452599388379205,476,315,443
frl_apartment_5,seq_0002,60,spread,31,57,32768,0.774017333984375,0.536163330078125,0.6129006820959666,0.2733288318703579,0.16762240782416243,5.62106950433349,2951,0.30227041680786176,1148,539,372
frl_apartment_5,seq_0002,60,spread,32,53,32768,0.948944091796875,0.6011962890625,0.6153400868306802,0.33831440526001194,0.161574853571782,5.378213683089961,1362,0.2834067547723935,449,258,269
frl_apartment_5,seq_0002,60,spread,33,47,32768,0.9539794921875,0.54791259765625,0.5548304542546385,0.40450928381962864,0.15448344424401744,4.7663540633590165,1285,0.42023346303501946,566,112,67
frl_apartment_5,seq_0002,60,spread,34,49,32768,0.964630126953125,0.552581787109375,0.5612325603467367,0.3166522864538395,0.15012243926888336,4.80892494570141,1051,0.3139866793529971,398,203,120
frl_apartment_5,seq_0002,60,spread,35,51,32768,0.97161865234375,0.602996826171875,0.6102456184433696,0.3548387096774194,0.15001215643886429,4.901812342240951,841,0.34244946492271106,292,176,85
frl_apartment_5,seq_0002,60,spread,36,12,32768,0.967193603515625,0.580291748046875,0.5823052409049317,0.5209302325581395,0.15000000000000036,4.321021487577971,755,0.46622516556291393,300,84,19
frl_apartment_5,seq_0002,60,spread,37,16,32768,0.972076416015625,0.5682373046875,0.574828116660911,0.33879781420765026,0.15000000000000036,4.224462386110148,830,0.3216867469879518,321,200,42
frl_apartment_5,seq_0002,60,spread,38,25,32768,0.9718017578125,0.547882080078125,0.548926014319809,0.5119047619047619,0.15000000000000036,4.263809667115898,866,0.49884526558891457,296,121,17
frl_apartment_5,seq_0002,60,spread,39,32,32768,0.96551513671875,0.54345703125,0.5511410329350781,0.32831858407079645,0.15000000000000036,4.315889889398371,1072,0.3302238805970149,548,149,21
frl_apartment_5,seq_0002,60,spread,40,42,32768,0.87408447265625,0.488311767578125,0.5339012638782208,0.1718371303926321,0.15000000000000036,4.32118963689724,3631,0.16221426604241257,1026,1226,790
frl_apartment_5,seq_0002,60,spread,41,4,32768,0.973480224609375,0.58612060546875,0.5879808144455939,0.5178365937859609,0.1499999999999995,4.531009458038226,585,0.38974358974358975,239,72,46
frl_apartment_5,seq_0002,60,spread,42,6,32768,0.97711181640625,0.57086181640625,0.5764882253732275,0.33066666666666666,0.1499999999999995,4.318879840841101,554,0.27075812274368233,212,140,52
frl_apartment_5,seq_0002,60,spread,43,8,32768,0.957427978515625,0.55322265625,0.5681955821885061,0.2164874551971326,0.1499999999999995,4.4036186543071985,1014,0.22090729783037474,516,222,52
frl_apartment_5,seq_0002,60,spread,44,14,32768,0.95526123046875,0.5467529296875,0.5609545715928694,0.24351978171896316,0.1499999999999995,4.306443647978867,1225,0.22775510204081634,449,404,93
frl_apartment_5,seq_0002,60,spread,45,23,32768,0.9769287109375,0.52508544921875,0.5332062976383856,0.18121693121693122,0.1499999999999995,4.263809667115873,738,0.1802168021680217,311,282,12
frl_apartment_5,seq_0002,60,spread,46,27,32768,0.98199462890625,0.534515380859375,0.537851948536267,0.3525423728813559,0.1499999999999995,4.30632078278928,583,0.3481989708404803,275,99,6
frl_apartment_5,seq_0002,60,spread,47,29,32768,0.9849853515625,0.552276611328125,0.5543128020820424,0.4186991869918699,0.1499999999999995,4.263809667115873,477,0.4276729559748428,199,71,3
frl_apartment_5,seq_0002,60,spread,48,34,32768,0.96588134765625,0.52899169921875,0.5377567140600316,0.2808586762075134,0.1499999999999995,4.370351182627333,1094,0.27787934186471663,551,221,18
frl_apartment_5,seq_0002,60,spread,49,38,32768,0.97674560546875,0.5396728515625,0.545241517215522,0.30577427821522307,0.1499999999999995,4.446985230688123,746,0.30563002680965146,337,137,44
frl_apartment_5,seq_0002,60,spread,50,44,32768,0.956329345703125,0.5335693359375,0.5455850911063599,0.27044025157232704,0.1499999999999995,4.333734063405329,1237,0.2918350848827809,458,367,51
frl_apartment_5,seq_0002,60,spread,51,1,32768,0.974212646484375,0.62603759765625,0.6319894746734329,0.4011834319526627,0.14999999999999947,4.8847559435738335,721,0.3522884882108183,272,142,53
frl_apartment_5,seq_0002,60,spread,52,2,32768,0.98553466796875,0.61962890625,0.623149811110423,0.379746835443038,0.14999999999999947,4.72832707728103,418,0.3229665071770335,130,96,57
frl_apartment_5,seq_0002,60,spread,53,10,32768,0.987701416015625,0.5870361328125,0.591008805808744,0.2679900744416873,0.14999999999999947,4.372915188925971,385,0.2597402597402597,156,91,38
frl_apartment_5,seq_0002,60,spread,54,17,32768,0.986358642578125,0.569732666015625,0.5732495900498128,0.31543624161073824,0.14999999999999947,4.198269411216894,420,0.30714285714285716,123,138,30
frl_apartment_5,seq_0002,60,spread,55,19,32768,0.958160400390625,0.5428466796875,0.5593528044080645,0.1648431801604668,0.14999999999999947,4.215305826131481,1353,0.16038433111603842,361,565,210
frl_apartment_5,seq_0002,60,spread,56,21,32768,0.9407958984375,0.526397705078125,0.5488841313091994,0.16907216494845362,0.14999999999999947,4.253609455820426,1798,0.15294771968854282,626,598,299
frl_apartment_5,seq_0002,60,spread,57,31,32768,0.986846923828125,0.55389404296875,0.5572563936048489,0.30162412993039445,0.14999999999999947,4.331262531296106,410,0.3097560975609756,194,73,16
frl_apartment_5,seq_0002,60,spread,58,36,32768,0.9642333984375,0.52142333984375,0.5321243195341182,0.23293515358361774,0.14999999999999947,4.378056103875276,1135,0.23788546255506607,459,384,22
frl_apartment_5,seq_0002,60,spread,59,40,32768,0.981842041015625,0.533721923828125,0.5387436670500109,0.26218487394957984,0.14999999999999947,4.415378848989554,589,0.2614601018675722,235,185,15
frl_apartment_5,seq_0002,60,spread,60,46,32768,0.9669189453125,0.533233642578125,0.5426713798762782,0.257380073800738,0.14999999999999947,4.354692375565814,1033,0.26137463697967084,393,285,85
frl_apartment_5,seq_0002,60,random,1,16,32768,0.0,0.5682373046875,,0.5682373046875,,,11661,0.6200154360689478,1740,1073,1618
frl_apartment_5,seq_0002,60,random,2,27,32768,0.361480712890625,0.534515380859375,0.774166314900802,0.3988433781006548,1.6499999999999997,39.6354463052527,9840,0.5476626016260162,2278,773,1400
frl_apartment_5,seq_0002,60,random,3,20,32768,0.75177001953125,0.532623291015625,0.5303645368190306,0.5394639783624293,0.5999999999999996,16.472041088075464,6340,0.5168769716088328,1366,898,799
frl_apartment_5,seq_0002,60,random,4,8,32768,0.6302490234375,0.55322265625,0.5907902382335851,0.4891878507758336,1.2000000000000002,31.636172087385436,5641,0.5371388051763871,1441,598,572
frl_apartment_5,seq_0002,60,random,5,42,32768,0.375885009765625,0.488311767578125,0.8091255987659333,0.2950955943474647,2.25,48.57887454629874,8779,0.37202414853627974,1898,1919,1696
frl_apartment_5,seq_0002,60,random,6,34,32768,0.7869873046875,0.52899169921875,0.555568481464247,0.43080229226361033,1.0499999999999998,28.14575921240495,5239,0.45619393013933957,1789,661,399
frl_apartment_5,seq_0002,60,random,7,51,32768,0.568634033203125,0.602996826171875,0.5275586325336769,0.702440749911567,1.3531080543675804,37.7245783339495,5433,0.5961715442665194,1051,592,551
frl_apartment_5,seq_0002,60,random,8,4,32768,0.7838134765625,0.58612060546875,0.5636193739292945,0.6677018633540373,0.6000000000000005,17.58784443184979,3232,0.6098391089108911,871,175,215
frl_apartment_5,seq_0002,60,random,9,52,32768,0.810272216796875,0.607940673828125,0.5858913035290573,0.702107125623291,0.15066236564767213,4.9413848430738545,3484,0.5955797933409873,827,331,251
frl_apartment_5,seq_0002,60,random,10,57,32768,0.29595947265625,0.536163330078125,0.9285419674159621,0.37121803207628956,0.8271909744639906,25.905763028478088,6744,0.42319098457888493,2026,1083,781
frl_apartment_5,seq_0002,60,random,11,10,32768,0.91571044921875,0.5870361328125,0.585249616743318,0.6064446053584359,0.2999999999999998,8.695471253080875,2049,0.5675939482674476,519,200,167
frl_apartment_5,seq_0002,60,random,12,2,32768,0.8316650390625,0.61962890625,0.5888375165125496,0.7717548948513415,0.29999999999999893,9.39311430358289,2316,0.6783246977547496,406,184,155
frl_apartment_5,seq_0002,60,random,13,44,32768,0.86871337890625,0.5335693359375,0.5607391273800323,0.35378893537889355,0.2999999999999998,8.618440525801505,3546,0.37112239142695996,1317,745,168
frl_apartment_5,seq_0002,60,random,14,23,32768,0.905487060546875,0.52508544921875,0.5432240234572479,0.3513077171456248,0.4500000000000002,12.607590685317826,2756,0.3530478955007257,1177,529,77
frl_apartment_5,seq_0002,60,random,15,24,32768,0.9298095703125,0.5341796875,0.5399107260076146,0.4582608695652174,0.1499999999999995,4.273072852107804,2144,0.46548507462686567,811,246,89
frl_apartment_5,seq_0002,60,random,16,43,32768,0.866424560546875,0.528717041015625,0.5461237716177662,0.41580991546721496,0.1499999999999995,4.267728232637408,3417,0.40942347088088965,973,866,179
frl_apartment_5,seq_0002,60,random,17,11,32768,0.93768310546875,0.583831787109375,0.5860834472433769,0.5499510284035259,0.14999999999999947,4.331262531296106,1522,0.5151116951379764,483,160,95
frl_apartment_5,seq_0002,60,random,18,35,32768,0.92254638671875,0.5394287109375,0.5478001984783328,0.4397163120567376,0.15000000000000036,4.375556687935968,2353,0.4445388865278368,1070,181,56
frl_apartment_5,seq_0002,60,random,19,30,32768,0.930694580078125,0.5504150390625,0.5532347444010887,0.512549537648613,0.4500000000000002,12.678942383118036,2047,0.5285784074255008,734,183,48
frl_apartment_5,seq_0002,60,random,20,18,32768,0.929931640625,0.558746337890625,0.5684891047519034,0.4294425087108014,0.29999999999999893,8.343109787800989,1863,0.36231884057971014,578,474,136
frl_apartment_5,seq_0002,60,random,21,54,32768,0.811309814453125,0.617340087890625,0.6927590746661652,0.2930616205725376,0.3247983936500646,10.736991702881886,2814,0.3329779673063255,681,544,652
frl_apartment_5,seq_0002,60,random,22,3,32768,0.939208984375,0.6116943359375,0.6113530023394853,0.6169678714859438,0.14999999999999947,4.710953447445098,1428,0.5084033613445378,420,192,90
frl_apartment_5,seq_0002,60,random,23,1,32768,0.955718994140625,0.62603759765625,0.6317335632404125,0.5031013094417643,0.15000000000000127,4.884755943573892,1065,0.40751173708920185,386,169,76
frl_apartment_5,seq_0002,60,random,24,55,32768,0.75982666015625,0.61285400390625,0.7301791308538839,0.24167725540025414,0.16762240782416402,5.668740912403707,3009,0.3522765038218677,796,569,584
frl_apartment_5,seq_0002,60,random,25,17,32768,0.96429443359375,0.569732666015625,0.5771251345021837,0.3700854700854701,0.14999999999999947,4.198269411216894,1063,0.35371589840075257,390,236,61
frl_apartment_5,seq_0002,60,random,26,21,32768,0.91192626953125,0.526397705078125,0.5493273542600897,0.288981288981289,0.14999999999999947,4.253609455820426,2607,0.2746451860375911,834,726,331
frl_apartment_5,seq_0002,60,random,27,36,32768,0.93212890625,0.52142333984375,0.5382726558407543,0.29001798561151076,0.14999999999999947,4.378056103875276,2103,0.2967189728958631,827,591,61
frl_apartment_5,seq_0002,60,random,28,0,32768,0.913116455078125,0.635406494140625,0.6676581665051302,0.2964524060414471,0.14999999999999947,5.011542126187033,1014,0.32840236686390534,389,207,85
frl_apartment_5,seq_0002,60,random,29,28,32768,0.956146240234375,0.549102783203125,0.5524560339599758,0.4759916492693111,0.15000000000000036,4.2392534781982,1320,0.49393939393939396,474,171,23
frl_apartment_5,seq_0002,60,random,30,6,32768,0.974884033203125,0.57086181640625,0.5800281734230709,0.21506682867557717,0.2999999999999998,8.589230751215522,623,0.21829855537720708,261,163,63
frl_apartment_5,seq_0002,60,random,31,19,32768,0.950439453125,0.5428466796875,0.5583097867968148,0.24630541871921183,0.14999999999999947,4.215305826131481,1569,0.2332695984703633,446,550,207
frl_apartment_5,seq_0002,60,random,32,48,32768,0.936614990234375,0.548126220703125,0.5559284480792415,0.43283582089552236,0.4522363872416515,13.816797908702362,1598,0.4568210262828536,496,244,128
frl_apartment_5,seq_0002,60,random,33,22,32768,0.978515625,0.558135986328125,0.5637475049900199,0.3025568181818182,0.15000000000000036,4.239716824036611,676,0.3062130177514793,284,167,18
frl_apartment_5,seq_0002,60,random,34,26,32768,0.964752197265625,0.52960205078125,0.5378799860816753,0.30303030303030304,0.1499999999999995,4.263809667115873,1053,0.30389363722697055,558,165,10
frl_apartment_5,seq_0002,60,random,35,37,32768,0.955963134765625,0.53887939453125,0.5446448523543496,0.41372141372141374,0.15000000000000038,4.405153863549768,1323,0.41647770219198793,561,185,26
frl_apartment_5,seq_0002,60,random,36,46,32768,0.940155029296875,0.533233642578125,0.5452656863699809,0.34421213666496686,0.2999999999999998,8.65964783229097,1577,0.33861762840837034,571,351,121
frl_apartment_5,seq_0002,60,random,37,58,32768,0.655181884765625,0.588653564453125,0.8225348176440449,0.1442605540313302,0.16762240782416568,5.701280867902171,3088,0.23024611398963732,941,743,693
frl_apartment_5,seq_0002,60,random,38,32,32768,0.962646484375,0.54345703125,0.5539563783920872,0.272875816993464,0.2999999999999998,8.583350817895518,1157,0.28608470181503887,648,157,21
frl_apartment_5,seq_0002,60,random,39,25,32768,0.980133056640625,0.547882080078125,0.5497088769187658,0.4577572964669739,0.15000000000000036,4.263809667115898,620,0.44516129032258067,224,106,14
frl_apartment_5,seq_0002,60,random,40,53,32768,0.953369140625,0.6011962890625,0.6139884763124199,0.33965968586387435,0.161574853571782,5.378213683089961,1296,0.30401234567901236,434,254,214
frl_apartment_5,seq_0002,60,random,41,9,32768,0.9652099609375,0.567535400390625,0.5767358037182243,0.312280701754386,0.1499999999999995,4.433981340930107,965,0.2694300518134715,461,171,73
frl_apartment_5,seq_0002,60,random,42,38,32768,0.970703125,0.5396728515625,0.5451144366197183,0.359375,0.15000000000000036,4.446985230688147,890,0.3449438202247191,392,141,50
frl_apartment_5,seq_0002,60,random,43,47,32768,0.96575927734375,0.54791259765625,0.552897680591544,0.40730837789661317,0.15031927692760302,4.638443283868134,993,0.4219536757301108,446,84,44
frl_apartment_5,seq_0002,60,random,44,50,32768,0.978302001953125,0.600555419921875,0.6069189256636616,0.3136427566807314,0.15001215643886429,4.789329377958989,670,0.2955223880597015,239,160,73
frl_apartment_5,seq_0002,60,random,45,40,32768,0.968994140625,0.533721923828125,0.5420760896951373,0.27263779527559057,0.2999999999999998,8.778928826848947,983,0.27568667344862663,370,305,37
frl_apartment_5,seq_0002,60,random,46,13,32768,0.952239990234375,0.56365966796875,0.5686953177579079,0.46325878594249204,0.3000000000000007,8.709273717376684,1037,0.40501446480231434,446,134,37
frl_apartment_5,seq_0002,60,random,47,12,32768,0.971221923828125,0.580291748046875,0.5829379418695994,0.4909862142099682,0.15000000000000036,4.321021487577971,639,0.4413145539906103,267,75,15
frl_apartment_5,seq_0002,60,random,48,7,32768,0.990570068359375,0.597808837890625,0.6008194953633815,0.2815533980582524,0.1499999999999995,4.396104764149786,294,0.2585034013605442,107,77,34
frl_apartment_5,seq_0002,60,random,49,45,32768,0.854156494140625,0.4716796875,0.5256707992425595,0.15547185603682778,0.14999999999999947,4.333159861555963,4061,0.14085200689485347,972,1274,1243
frl_apartment_5,seq_0002,60,random,50,39,32768,0.966583251953125,0.530487060546875,0.5394815773687368,0.27031963470319637,0.1499999999999995,4.38826979291767,1053,0.26875593542260207,285,433,52
frl_apartment_5,seq_0002,60,random,51,59,32768,0.75384521484375,0.591339111328125,0.7537851186138774,0.09385073146541037,0.17592646916373236,6.053333862570967,2642,0.17789553368660105,799,703,670
frl_apartment_5,seq_0002,60,random,52,5,32768,0.991424560546875,0.6156005859375,0.6188937113306862,0.23487544483985764,0.15000000000000036,4.484264390657462,272,0.21691176470588236,99,63,51
frl_apartment_5,seq_0002,60,random,53,49,32768,0.97625732421875,0.552581787109375,0.5585808065020319,0.3059125964010283,0.15012243926888336,4.80892494570141,725,0.3117241379310345,274,147,78
frl_apartment_5,seq_0002,60,random,54,14,32768,0.957916259765625,0.5467529296875,0.5606104049189207,0.23132704858593184,0.1499999999999995,4.306443647978867,1141,0.21735319894829097,438,365,90
frl_apartment_5,seq_0002,60,random,55,29,32768,0.986541748046875,0.552276611328125,0.5545209886472608,0.3877551020408163,0.1499999999999995,4.263809667115873,423,0.3900709219858156,190,64,4
frl_apartment_5,seq_0002,60,random,56,41,32768,0.969879150390625,0.53277587890625,0.5422422201944558,0.22796352583586627,0.14999999999999947,4.4175589224226055,936,0.23183760683760685,307,373,39
frl_apartment_5,seq_0002,60,random,57,56,32768,0.954345703125,0.62054443359375,0.6390700946533641,0.23328877005347592,0.16762240782416243,5.73484763046524,1197,0.2222222222222222,297,275,359
frl_apartment_5,seq_0002,60,random,58,33,32768,0.98187255859375,0.55499267578125,0.5568782246534468,0.45286195286195285,0.1499999999999995,4.34946942588618,572,0.4493006993006993,241,65,9
frl_apartment_5,seq_0002,60,random,59,15,32768,0.986480712890625,0.553253173828125,0.5574941995359629,0.24379232505643342,0.15000000000000036,4.260516165017907,362,0.23480662983425415,173,74,30
frl_apartment_5,seq_0002,60,random,60,31,32768,0.987579345703125,0.55389404296875,0.5570285219863416,0.3046683046683047,0.14999999999999947,4.331262531296106,388,0.3118556701030928,179,72,16
frl_apartment_5,seq_0002,60,sequential,1,0,32768,0.0,0.635406494140625,,0.635406494140625,,,8483,0.669220794530237,1152,720,934
frl_apartment_5,seq_0002,60,sequential,2,1,32768,0.720550537109375,0.62603759765625,0.609588751005887,0.6684503658403407,0.14999999999999947,4.8847559435738335,4385,0.602508551881414,830,492,421
frl_apartment_5,seq_0002,60,sequential,3,2,32768,0.781707763671875,0.61962890625,0.5904352918211985,0.724171676219768,0.15000000000000127,4.728327077281087,4140,0.6526570048309178,740,306,392
frl_apartment_5,seq_0002,60,sequential,4,3,32768,0.84783935546875,0.6116943359375,0.6223094089698366,0.5525471319695147,0.14999999999999947,4.710953447445098,2909,0.5407356479889996,591,330,415
frl_apartment_5,seq_0002,60,sequential,5,4,32768,0.8023681640625,0.58612060546875,0.5612353567625133,0.6871525633106856,0.1499999999999995,4.531009458038226,3537,0.6214305908962398,824,200,315
frl_apartment_5,seq_0002,60,sequential,6,5,32768,0.94012451171875,0.6156005859375,0.6183860286957086,0.5718654434250765,0.15000000000000036,4.484264390657462,1747,0.5397824842587292,393,187,224
frl_apartment_5,seq_0002,60,sequential,7,6,32768,0.81182861328125,0.57086181640625,0.5606345387564845,0.6149854038274408,0.15000000000000036,4.318879840841125,3502,0.624785836664763,754,257,303
frl_apartment_5,seq_0002,60,sequential,8,7,32768,0.93994140625,0.597808837890625,0.6023376623376623,0.5269308943089431,0.1499999999999995,4.396104764149786,1774,0.5146561443066516,384,219,258
frl_apartment_5,seq_0002,60,sequential,9,8,32768,0.8677978515625,0.55322265625,0.5695597130398087,0.44598337950138506,0.15000000000000036,4.403618654307223,3128,0.44661125319693096,1109,414,208
frl_apartment_5,seq_0002,60,sequential,10,9,32768,0.923828125,0.567535400390625,0.5806025369978859,0.40905448717948717,0.1499999999999995,4.433981340930107,2092,0.3704588910133843,789,273,255
frl_apartment_5,seq_0002,60,sequential,11,10,32768,0.933074951171875,0.5870361328125,0.5962060506950123,0.45918832649338803,0.15000000000000036,4.372915188925996,1867,0.4692019282271023,506,226,259
frl_apartment_5,seq_0002,60,sequential,12,11,32768,0.8974609375,0.583831787109375,0.5963343307943417,0.4744047619047619,0.14999999999999947,4.331262531296106,2588,0.4895672333848532,740,274,307
frl_apartment_5,seq_0002,60,sequential,13,12,32768,0.908447265625,0.580291748046875,0.5855616769685569,0.528,0.15000000000000038,4.321021487577972,2330,0.5120171673819742,731,241,165
frl_apartment_5,seq_0002,60,sequential,14,13,32768,0.883453369140625,0.56365966796875,0.5785001209022764,0.4511652264990835,0.15000000000000036,4.379936979378611,2751,0.4336604870956016,963,349,246
frl_apartment_5,seq_0002,60,sequential,15,14,32768,0.89825439453125,0.5467529296875,0.5666236325338044,0.3713257348530294,0.1499999999999995,4.306443647978867,2609,0.35952472211575315,836,566,269
frl_apartment_5,seq_0002,60,sequential,16,15,32768,0.914031982421875,0.553253173828125,0.5659911188274181,0.41782037628682994,0.15000000000000036,4.260516165017907,2108,0.4122390891840607,684,304,251
frl_apartment_5,seq_0002,60,sequential,17,16,32768,0.93231201171875,0.5682373046875,0.5784288052373159,0.4278629395852119,0.15000000000000036,4.224462386110148,1908,0.4114255765199161,602,337,184
frl_apartment_5,seq_0002,60,sequential,18,17,32768,0.920074462890625,0.569732666015625,0.5724236293077714,0.5387552500954563,0.1499999999999995,4.198269411216895,2108,0.5009487666034156,542,311,199
frl_apartment_5,seq_0002,60,sequential,19,18,32768,0.916290283203125,0.558746337890625,0.5728892589508743,0.4039372949325556,0.14999999999999947,4.193785618111609,2466,0.39416058394160586,712,519,263
frl_apartment_5,seq_0002,60,sequential,20,19,32768,0.89788818359375,0.5428466796875,0.5618244850791925,0.3759713090257023,0.15000000000000127,4.215305826131532,3003,0.35331335331335334,798,792,352
frl_apartment_5,seq_0002,60,sequential,21,20,32768,0.88885498046875,0.532623291015625,0.5527363867335027,0.37177375068643603,0.14999999999999947,4.22765468927061,3136,0.37755102040816324,904,581,467
frl_apartment_5,seq_0002,60,sequential,22,21,32768,0.86224365234375,0.526397705078125,0.5438521979188787,0.4171466548515729,0.14999999999999947,4.253609455820426,3895,0.40410783055198973,1090,786,445
frl_apartment_5,seq_0002,60,sequential,23,22,32768,0.924102783203125,0.558135986328125,0.5658333608533404,0.4644149577804584,0.15000000000000038,4.239716824036611,2234,0.473142345568487,703,315,159
frl_apartment_5,seq_0002,60,sequential,24,23,32768,0.9105224609375,0.52508544921875,0.5430687759753318,0.34208731241473395,0.15000000000000036,4.263809667115898,2504,0.3494408945686901,1088,417,124
frl_apartment_5,seq_0002,60,sequential,25,24,32768,0.9305419921875,0.5341796875,0.5371244916699462,0.4947275922671353,0.1499999999999995,4.273072852107804,1957,0.4956566172713337,670,190,127
frl_apartment_5,seq_0002,60,sequential,26,25,32768,0.9312744140625,0.547882080078125,0.5526936688950059,0.4826820603907638,0.15000000000000036,4.263809667115898,2004,0.5084830339321357,647,208,130
frl_apartment_5,seq_0002,60,sequential,27,26,32768,0.9276123046875,0.52960205078125,0.5448743255691538,0.33389544688026984,0.15000000000000036,4.263809667115898,2126,0.34807149576669805,941,315,130
frl_apartment_5,seq_0002,60,sequential,28,27,32768,0.9285888671875,0.534515380859375,0.5375640857105298,0.4948717948717949,0.1499999999999995,4.30632078278928,2142,0.5079365079365079,734,216,104
frl_apartment_5,seq_0002,60,sequential,29,28,32768,0.941436767578125,0.549102783203125,0.5528218094589776,0.4893173527879104,0.15000000000000036,4.2392534781982,1727,0.527504342790967,480,204,132
frl_apartment_5,seq_0002,60,sequential,30,29,32768,0.947601318359375,0.552276611328125,0.5564072010563267,0.4775771694816541,0.1499999999999995,4.263809667115873,1490,0.4906040268456376,482,155,122
frl_apartment_5,seq_0002,60,sequential,31,30,32768,0.942962646484375,0.5504150390625,0.5514094307259134,0.5339753879079722,0.15000000000000036,4.288651466045013,1659,0.546112115732369,514,142,97
frl_apartment_5,seq_0002,60,sequential,32,31,32768,0.94775390625,0.55389404296875,0.5546432251416795,0.540303738317757,0.14999999999999947,4.331262531296106,1516,0.5389182058047494,466,142,91
frl_apartment_5,seq_0002,60,sequential,33,32,32768,0.934661865234375,0.54345703125,0.5547392823325824,0.38206445586174687,0.15000000000000038,4.315889889398372,1904,0.41228991596638653,786,217,116
frl_apartment_5,seq_0002,60,sequential,34,33,32768,0.945068359375,0.55499267578125,0.5535391371738568,0.58,0.15000000000000036,4.349469425886204,1678,0.5792610250297974,521,129,56
frl_apartment_5,seq_0002,60,sequential,35,34,32768,0.903656005859375,0.52899169921875,0.5332140083077235,0.4893886601203674,0.1499999999999995,4.370351182627333,2789,0.4671925421297956,1033,365,88
frl_apartment_5,seq_0002,60,sequential,36,35,32768,0.94024658203125,0.5394287109375,0.5415774099318403,0.5056179775280899,0.15000000000000036,4.375556687935968,1790,0.5039106145251396,717,115,56
frl_apartment_5,seq_0002,60,sequential,37,36,32768,0.911346435546875,0.52142333984375,0.536416301108395,0.3672977624784854,0.14999999999999947,4.378056103875276,2670,0.36779026217228467,973,627,88
frl_apartment_5,seq_0002,60,sequential,38,37,32768,0.944732666015625,0.53887939453125,0.5412023128856155,0.4991717283268912,0.15000000000000038,4.405153863549768,1561,0.4849455477258168,568,188,48
frl_apartment_5,seq_0002,60,sequential,39,38,32768,0.941986083984375,0.5396728515625,0.5383095214954482,0.5618095739084692,0.15000000000000036,4.446985230688147,1563,0.5163147792706334,514,163,79
frl_apartment_5,seq_0002,60,sequential,40,39,32768,0.929595947265625,0.530487060546875,0.5440399198975739,0.3515387949718249,0.1499999999999995,4.38826979291767,2094,0.35004775549188155,592,653,116
frl_apartment_5,seq_0002,60,sequential,41,40,32768,0.9510498046875,0.533721923828125,0.5395969708638172,0.41957605985037405,0.15000000000000036,4.41537884898958,1417,0.40296400846859565,474,323,49
frl_apartment_5,seq_0002,60,sequential,42,41,32768,0.939666748046875,0.53277587890625,0.5480497547984801,0.29489124936772887,0.14999999999999947,4.4175589224226055,1702,0.29318448883666276,492,617,94
frl_apartment_5,seq_0002,60,sequential,43,42,32768,0.840667724609375,0.488311767578125,0.5433259520092932,0.19804635127370235,0.15000000000000038,4.321189636897241,4395,0.1906712172923777,1202,1463,892
frl_apartment_5,seq_0002,60,sequential,44,43,32768,0.9302978515625,0.528717041015625,0.5457945151554914,0.30078809106830123,0.15000000000000036,4.267728232637433,1911,0.2972265829408687,576,623,144
frl_apartment_5,seq_0002,60,sequential,45,44,32768,0.939788818359375,0.5335693359375,0.5473291118688098,0.3188038520020274,0.1499999999999995,4.333734063405329,1676,0.3448687350835322,593,431,74
frl_apartment_5,seq_0002,60,sequential,46,45,32768,0.83843994140625,0.4716796875,0.5270437504549756,0.1843596524367208,0.15000000000000036,4.3331598615559885,4438,0.16967102298332581,1103,1314,1268
frl_apartment_5,seq_0002,60,sequential,47,46,32768,0.9456787109375,0.533233642578125,0.5424357815928746,0.37303370786516854,0.14999999999999947,4.354692375565814,1603,0.36681222707423583,557,346,112
frl_apartment_5,seq_0002,60,sequential,48,47,32768,0.96240234375,0.54791259765625,0.5521626078132927,0.43912337662337664,0.15031927692760302,4.638443283868134,1071,0.4556489262371615,431,100,52
frl_apartment_5,seq_0002,60,sequential,49,48,32768,0.959228515625,0.548126220703125,0.5472766607279206,0.5681137724550899,0.15448344424401744,4.802195333287215,1045,0.5062200956937799,285,127,104
frl_apartment_5,seq_0002,60,sequential,50,49,32768,0.955291748046875,0.552581787109375,0.5587643356866754,0.4204778156996587,0.15448344424401822,4.947938755683075,1263,0.37925574030087095,428,213,143
frl_apartment_5,seq_0002,60,sequential,51,50,32768,0.955810546875,0.600555419921875,0.6043422733077906,0.518646408839779,0.15012243926888336,4.792833901919809,1172,0.44368600682593856,389,167,96
frl_apartment_5,seq_0002,60,sequential,52,51,32768,0.9649658203125,0.602996826171875,0.6069892473118279,0.4930313588850174,0.15001215643886429,4.901812342240951,964,0.4491701244813278,294,162,75
frl_apartment_5,seq_0002,60,sequential,53,52,32768,0.96246337890625,0.607940673828125,0.6131650707083518,0.4739837398373984,0.15066236564767213,4.9413848430738545,1038,0.430635838150289,328,179,84
frl_apartment_5,seq_0002,60,sequential,54,53,32768,0.953582763671875,0.6011962890625,0.6132108682433514,0.35437212360289283,0.161574853571782,5.378213683089961,1280,0.29609375,455,240,206
frl_apartment_5,seq_0002,60,sequential,55,54,32768,0.909698486328125,0.617340087890625,0.6521855815357778,0.2663061845217979,0.16324859384919946,5.444201738876179,1696,0.2340801886792453,387,389,523
frl_apartment_5,seq_0002,60,sequential,56,55,32768,0.712066650390625,0.61285400390625,0.8071401020014571,0.13237943826179122,0.16762240782416402,5.668740912403707,2614,0.270849273144606,612,629,665
frl_apartment_5,seq_0002,60,sequential,57,56,32768,0.882232666015625,0.62054443359375,0.6705178318170811,0.2461777662606893,0.1676224078241656,5.734847630465347,2082,0.24543707973102785,505,509,557
frl_apartment_5,seq_0002,60,sequential,58,57,32768,0.648345947265625,0.536163330078125,0.7222405271828666,0.19309207671613296,0.16762240782416243,5.62106950433349,3394,0.30259281084266354,1182,716,469
frl_apartment_5,seq_0002,60,sequential,59,58,32768,0.68548583984375,0.588653564453125,0.8124833051375656,0.10081505918882204,0.16762240782416568,5.701280867902171,2548,0.1695447409733124,731,712,673
frl_apartment_5,seq_0002,60,sequential,60,59,32768,0.761993408203125,0.591339111328125,0.7490087708758861,0.08654955763559431,0.17592646916373236,6.053333862570967,2469,0.16889428918590524,723,663,666
