scene,seq,N_req,ranking,auroc,prec_top,n_pred,n_ref,acc,comp,chamfer,precision@0.1,recall@0.1,f1@0.1,precision@0.2,recall@0.2,f1@0.2,precision@0.5,recall@0.5,f1@0.5,iou
frl_apartment_5,seq_0001,4,support,0.5884878960809139,0.6155739828971236,7718,48964,0.34094625572774856,1.1056753389590943,0.7233107973434214,0.44195387406063746,0.26756392451597094,0.3333275450902829,0.6155739828971236,0.40205048607139937,0.48641090418660365,0.775330396475771,0.5702761212319255,0.6571793542270306,0.0933710947871493
frl_apartment_5,seq_0001,4,logit_count,0.5884878960809139,0.6155739828971236,7718,48964,0.34094625572774856,1.1056753389590943,0.7233107973434214,0.44195387406063746,0.26756392451597094,0.3333275450902829,0.6155739828971236,0.40205048607139937,0.48641090418660365,0.775330396475771,0.5702761212319255,0.6571793542270306,0.0933710947871493
frl_apartment_5,seq_0001,4,mlp_all,0.5996572145422401,0.724669603524229,7718,48964,0.1967180307819383,1.059932133101386,0.6283250819416621,0.5161959056750454,0.25443182746507637,0.34085632261306453,0.724669603524229,0.36829098929825993,0.48837860568622055,0.9143560507903602,0.5091087329466547,0.6540473017644948,0.10293723774662976
frl_apartment_5,seq_0001,4,mlp_noconf,0.5996572145422401,0.724669603524229,7718,48964,0.1967180307819383,1.059932133101386,0.6283250819416621,0.5161959056750454,0.25443182746507637,0.34085632261306453,0.724669603524229,0.36829098929825993,0.48837860568622055,0.9143560507903602,0.5091087329466547,0.6540473017644948,0.10293723774662976
frl_apartment_5,seq_0001,-1,support,0.6129009924649356,0.5908584858980702,16168,48964,0.35116067968688414,0.7726915170706011,0.5619260983787426,0.4019668480950025,0.3863450698472347,0.39400117255341516,0.5908584858980702,0.5017563924515971,0.5426743278133374,0.7767194458189015,0.6853606731476186,0.7281857612694581,0.13275485105220006
frl_apartment_5,seq_0001,-1,logit_count,0.6129009924649356,0.5908584858980702,16168,48964,0.35116067968688414,0.7726915170706011,0.5619260983787426,0.4019668480950025,0.3863450698472347,0.39400117255341516,0.5908584858980702,0.5017563924515971,0.5426743278133374,0.7767194458189015,0.6853606731476186,0.7281857612694581,0.13275485105220006
frl_apartment_5,seq_0001,-1,mlp_all,0.6008381538042129,0.5850445324096981,16168,48964,0.35780642469886076,0.8271180454490685,0.5924622350739647,0.39312221672439385,0.37080303896740463,0.3816365843671449,0.5850445324096981,0.4875010211584021,0.5318371905492377,0.794470559129144,0.6586063230128257,0.7201867156797378,0.12388570653831814
frl_apartment_5,seq_0001,-1,mlp_noconf,0.6008381538042129,0.5850445324096981,16168,48964,0.35780642469886076,0.8271180454490685,0.5924622350739647,0.39312221672439385,0.37080303896740463,0.3816365843671449,0.5850445324096981,0.4875010211584021,0.5318371905492377,0.794470559129144,0.6586063230128257,0.7201867156797378,0.12388570653831814
apartment_2,seq_0011,4,support,0.6779678805436046,0.5643386481024029,8906,51469,0.43285285050948,0.6974466323043219,0.565149741406901,0.44677745340220076,0.3023567584371175,0.36064614435858755,0.5643386481024029,0.42612057743496085,0.4855854827699607,0.7151358634628341,0.653344731780295,0.68284526726166,0.0797343513878947
apartment_2,seq_0011,4,logit_count,0.6779678805436046,0.5643386481024029,8906,51469,0.43285285050948,0.6974466323043219,0.565149741406901,0.44677745340220076,0.3023567584371175,0.36064614435858755,0.5643386481024029,0.42612057743496085,0.4855854827699607,0.7151358634628341,0.653344731780295,0.68284526726166,0.0797343513878947
apartment_2,seq_0011,4,mlp_all,0.8083143002502524,0.7403997305187514,8906,51469,0.230934161339845,0.816514438217007,0.5237242997784259,0.5544576689871996,0.34210884221570265,0.4231361953065421,0.7403997305187514,0.4388661135829334,0.5510824448208089,0.8581854929261172,0.5617750490586567,0.6790430904736598,0.104687118561315
apartment_2,seq_0011,4,mlp_noconf,0.8083143002502524,0.7403997305187514,8906,51469,0.230934161339845,0.816514438217007,0.5237242997784259,0.5544576689871996,0.34210884221570265,0.4231361953065421,0.7403997305187514,0.4388661135829334,0.5510824448208089,0.8581854929261172,0.5617750490586567,0.6790430904736598,0.104687118561315
apartment_2,seq_0011,-1,support,0.6640893819399599,0.4907127204424502,19166,51469,0.4229664019036523,0.6370125983095148,0.5299895001065835,0.35458624647813836,0.41090753657541434,0.3806749689400455,0.4907127204424502,0.5099574501156036,0.5001500294878732,0.7272252947928624,0.6768151702966835,0.7011152797621057,0.11011869436201781
apartment_2,seq_0011,-1,logit_count,0.6640893819399599,0.4907127204424502,19166,51469,0.4229664019036523,0.6370125983095148,0.5299895001065835,0.35458624647813836,0.41090753657541434,0.3806749689400455,0.4907127204424502,0.5099574501156036,0.5001500294878732,0.7272252947928624,0.6768151702966835,0.7011152797621057,0.11011869436201781
apartment_2,seq_0011,-1,mlp_all,0.7662176619109956,0.5994991130126265,19166,51469,0.34982589785272333,0.5300647953417066,0.43994534659721496,0.440258791610143,0.4330762206376654,0.43663797030714935,0.5994991130126265,0.5240824574015427,0.5592597398013361,0.7639570072002504,0.6863743224076628,0.7230905965568777,0.14266951740989614
apartment_2,seq_0011,-1,mlp_noconf,0.7662176619109956,0.5994991130126265,19166,51469,0.34982589785272333,0.5300647953417066,0.43994534659721496,0.440258791610143,0.4330762206376654,0.43663797030714935,0.5994991130126265,0.5240824574015427,0.5592597398013361,0.7639570072002504,0.6863743224076628,0.7230905965568777,0.14266951740989614
frl_apartment_5,seq_0003,4,support,0.6042185346490286,0.393018610030491,9511,53836,0.5726601434845598,0.5878821863454848,0.5802711649150223,0.2734728209441699,0.18452336726354113,0.22036046183332877,0.393018610030491,0.3135819897466379,0.34883513481220346,0.5898433392913469,0.5737982019466528,0.5817101495972821,0.0672753124298436
frl_apartment_5,seq_0003,4,logit_count,0.6042185346490286,0.393018610030491,9511,53836,0.5726601434845598,0.5878821863454848,0.5802711649150223,0.2734728209441699,0.18452336726354113,0.22036046183332877,0.393018610030491,0.3135819897466379,0.34883513481220346,0.5898433392913469,0.5737982019466528,0.5817101495972821,0.0672753124298436
frl_apartment_5,seq_0003,4,mlp_all,0.7095525764779557,0.5676585006834192,9511,53836,0.4160383085393595,0.7257123255624135,0.5708753170508865,0.3786142361476185,0.2036741214057508,0.26486506521644765,0.5676585006834192,0.3071922133888105,0.39865149212078227,0.7340973609504784,0.49907125343636227,0.5941878276816943,0.08473093744057805
frl_apartment_5,seq_0003,4,mlp_noconf,0.7095525764779557,0.5676585006834192,9511,53836,0.4160383085393595,0.7257123255624135,0.5708753170508865,0.3786142361476185,0.2036741214057508,0.26486506521644765,0.5676585006834192,0.3071922133888105,0.39865149212078227,0.7340973609504784,0.49907125343636227,0.5941878276816943,0.08473093744057805
frl_apartment_5,seq_0003,-1,support,0.6035801591229746,0.36368686634878017,21601,53836,0.5570828835604895,0.40096472845874964,0.4790238060096196,0.21975834452108697,0.2708782227505758,0.2426551699132551,0.36368686634878017,0.43365034549372167,0.3955990838035302,0.6058515809453267,0.7272828590534215,0.6610368117897641,0.07416027505950806
frl_apartment_5,seq_0003,-1,logit_count,0.6035801591229746,0.36368686634878017,21601,53836,0.5570828835604895,0.40096472845874964,0.4790238060096196,0.21975834452108697,0.2708782227505758,0.2426551699132551,0.36368686634878017,0.43365034549372167,0.3955990838035302,0.6058515809453267,0.7272828590534215,0.6610368117897641,0.07416027505950806
frl_apartment_5,seq_0003,-1,mlp_all,0.6468087153249031,0.40363872042960974,21601,53836,0.5625355525810873,0.4801958145865701,0.5213656835838287,0.2660062034165085,0.29114347276915076,0.2780077711649322,0.40363872042960974,0.4269633702355301,0.41497354839108425,0.5949261608258877,0.6426368972434802,0.6178618529201351,0.08829282671025483
frl_apartment_5,seq_0003,-1,mlp_noconf,0.6468087153249031,0.40363872042960974,21601,53836,0.5625355525810873,0.4801958145865701,0.5213656835838287,0.2660062034165085,0.29114347276915076,0.2780077711649322,0.40363872042960974,0.4269633702355301,0.41497354839108425,0.5949261608258877,0.6426368972434802,0.6178618529201351,0.08829282671025483
apartment_2,seq_0005,4,support,0.6768064488043957,0.7458780819845712,6611,53901,0.14544176060357633,0.6016427403548374,0.37354225047920686,0.5280592951142036,0.30170126713790096,0.38400513523441554,0.7458780819845712,0.4694161518339177,0.5762015637683907,0.969747390712449,0.6493571547837702,0.7778526818958788,0.1325217044207165
apartment_2,seq_0005,4,logit_count,0.6768064488043957,0.7458780819845712,6611,53901,0.14544176060357633,0.6016427403548374,0.37354225047920686,0.5280592951142036,0.30170126713790096,0.38400513523441554,0.7458780819845712,0.4694161518339177,0.5762015637683907,0.969747390712449,0.6493571547837702,0.7778526818958788,0.1325217044207165
apartment_2,seq_0005,4,mlp_all,0.7871644889730274,0.7977613069127212,6611,53901,0.12559278924004183,0.5851254188220525,0.35535910403104715,0.5967327181969445,0.2938720988478878,0.39380675467178305,0.7977613069127212,0.43461160275319566,0.5626808533235494,0.9782181213129633,0.6069460677909501,0.7491030219505328,0.13980114492316964
apartment_2,seq_0005,4,mlp_noconf,0.7871644889730274,0.7977613069127212,6611,53901,0.12559278924004183,0.5851254188220525,0.35535910403104715,0.5967327181969445,0.2938720988478878,0.39380675467178305,0.7977613069127212,0.43461160275319566,0.5626808533235494,0.9782181213129633,0.6069460677909501,0.7491030219505328,0.13980114492316964
apartment_2,seq_0005,-1,support,0.6980053898379825,0.7097713392983951,14082,53901,0.1582360889681776,0.6385171026144916,0.39837659579133455,0.4755006391137622,0.4195654997124358,0.44578529922935095,0.7097713392983951,0.5177454963729801,0.5987386953847736,0.9672631728447664,0.6426967959778112,0.7722638501493966,0.1583413323094644
apartment_2,seq_0005,-1,logit_count,0.6980053898379825,0.7097713392983951,14082,53901,0.1582360889681776,0.6385171026144916,0.39837659579133455,0.4755006391137622,0.4195654997124358,0.44578529922935095,0.7097713392983951,0.5177454963729801,0.5987386953847736,0.9672631728447664,0.6426967959778112,0.7722638501493966,0.1583413323094644
apartment_2,seq_0005,-1,mlp_all,0.7344312512159363,0.734057662263883,14082,53901,0.1529104916632885,0.4812422608198695,0.31707637624157897,0.4852293708280074,0.43091964898610413,0.45646475766001227,0.734057662263883,0.5459824493052077,0.6262031896528695,0.9740803863087629,0.6970371607205803,0.8125942163592685,0.1643317509937864
apartment_2,seq_0005,-1,mlp_noconf,0.7344312512159363,0.734057662263883,14082,53901,0.1529104916632885,0.4812422608198695,0.31707637624157897,0.4852293708280074,0.43091964898610413,0.45646475766001227,0.734057662263883,0.5459824493052077,0.6262031896528695,0.9740803863087629,0.6970371607205803,0.8125942163592685,0.1643317509937864
frl_apartment_5,seq_0000,4,support,0.6352794409507373,0.4624093626765043,7861,48021,0.3657356996178434,0.9729198533672453,0.6693277764925444,0.29423737437984987,0.1890214697736407,0.23017553280391206,0.4624093626765043,0.32889777389058955,0.384390340949676,0.7515583259127337,0.5445950729889006,0.6315532740225029,0.07321925984878631
frl_apartment_5,seq_0000,4,logit_count,0.6352794409507373,0.4624093626765043,7861,48021,0.3657356996178434,0.9729198533672453,0.6693277764925444,0.29423737437984987,0.1890214697736407,0.23017553280391206,0.4624093626765043,0.32889777389058955,0.384390340949676,0.7515583259127337,0.5445950729889006,0.6315532740225029,0.07321925984878631
frl_apartment_5,seq_0000,4,mlp_all,0.7381920401587255,0.579061188144002,7861,48021,0.28782385250325704,1.0218267139360893,0.6548252832196731,0.37806894797099605,0.19578934216280378,0.25797961583221457,0.579061188144002,0.30270090168884445,0.3975728732393811,0.8124920493575881,0.4816850961037879,0.6048094918858286,0.08439063616869193
frl_apartment_5,seq_0000,4,mlp_noconf,0.7381920401587255,0.579061188144002,7861,48021,0.28782385250325704,1.0218267139360893,0.6548252832196731,0.37806894797099605,0.19578934216280378,0.25797961583221457,0.579061188144002,0.30270090168884445,0.3975728732393811,0.8124920493575881,0.4816850961037879,0.6048094918858286,0.08439063616869193
frl_apartment_5,seq_0000,-1,support,0.659860765402469,0.41373427169972277,18756,48021,0.39658558224007356,0.5931751099694006,0.4948803461047371,0.24482832160375348,0.2921013723162783,0.2663838097693239,0.41373427169972277,0.4108619145790383,0.4122930904268007,0.7269673704414588,0.6580037900085379,0.690768585834811,0.08771495731782754
frl_apartment_5,seq_0000,-1,logit_count,0.659860765402469,0.41373427169972277,18756,48021,0.39658558224007356,0.5931751099694006,0.4948803461047371,0.24482832160375348,0.2921013723162783,0.2663838097693239,0.41373427169972277,0.4108619145790383,0.4122930904268007,0.7269673704414588,0.6580037900085379,0.690768585834811,0.08771495731782754
frl_apartment_5,seq_0000,-1,mlp_all,0.7215089640832215,0.4348475154617189,18756,48021,0.3919525392905283,0.7007271842238574,0.5463398617571928,0.26690125826402217,0.2960996230815685,0.2807432975347767,0.4348475154617189,0.44016159596843046,0.43748841905360286,0.719876306248667,0.6339101643031174,0.6741637880101095,0.08818615013305278
frl_apartment_5,seq_0000,-1,mlp_noconf,0.7215089640832215,0.4348475154617189,18756,48021,0.3919525392905283,0.7007271842238574,0.5463398617571928,0.26690125826402217,0.2960996230815685,0.2807432975347767,0.4348475154617189,0.44016159596843046,0.43748841905360286,0.719876306248667,0.6339101643031174,0.6741637880101095,0.08818615013305278
apartment_2,seq_0010,4,support,0.703653933323653,0.7216374269005847,7695,64652,0.15560984390621763,0.6936536436758286,0.4246317437910231,0.571150097465887,0.29660335333787047,0.39044508324506705,0.7216374269005847,0.43554723751778757,0.5432273645520045,0.9585445094217024,0.6641867227618635,0.7846678780903128,0.13473259334006055
apartment_2,seq_0010,4,logit_count,0.703653933323653,0.7216374269005847,7695,64652,0.15560984390621763,0.6936536436758286,0.4246317437910231,0.571150097465887,0.29660335333787047,0.39044508324506705,0.7216374269005847,0.43554723751778757,0.5432273645520045,0.9585445094217024,0.6641867227618635,0.7846678780903128,0.13473259334006055
apartment_2,seq_0010,4,mlp_all,0.8280407682993571,0.8178037686809617,7695,64652,0.12234544921669605,0.7650783995197906,0.44371192436824336,0.6292397660818714,0.29929468539256326,0.40564594566612916,0.8178037686809617,0.41083029140629834,0.5469139616339573,0.9836257309941521,0.5760223968322712,0.7265618969360291,0.13615421920465567
apartment_2,seq_0010,4,mlp_noconf,0.8280407682993571,0.8178037686809617,7695,64652,0.12234544921669605,0.7650783995197906,0.44371192436824336,0.6292397660818714,0.29929468539256326,0.40564594566612916,0.8178037686809617,0.41083029140629834,0.5469139616339573,0.9836257309941521,0.5760223968322712,0.7265618969360291,0.13615421920465567
apartment_2,seq_0010,-1,support,0.7192764003887682,0.6265726461038961,19712,64652,0.2149147042539649,0.553830721977788,0.38437271311587645,0.42410714285714285,0.4444410072387552,0.43403605367823905,0.6265726461038961,0.5853647218956877,0.6052681143736764,0.9111708603896104,0.7413846439398627,0.8175556973772281,0.16204320379915446
apartment_2,seq_0010,-1,logit_count,0.7192764003887682,0.6265726461038961,19712,64652,0.2149147042539649,0.553830721977788,0.38437271311587645,0.42410714285714285,0.4444410072387552,0.43403605367823905,0.6265726461038961,0.5853647218956877,0.6052681143736764,0.9111708603896104,0.7413846439398627,0.8175556973772281,0.16204320379915446
apartment_2,seq_0010,-1,mlp_all,0.7798625484853796,0.6956676136363636,19712,64652,0.1843747415712583,0.5522324027213021,0.36830357214628023,0.44881290584415584,0.44852440759759943,0.4486686103440932,0.6956676136363636,0.5718307244942152,0.6276996245999992,0.9337459415584416,0.7330322341149539,0.8213040986810669,0.16204320379915446
apartment_2,seq_0010,-1,mlp_noconf,0.7798625484853796,0.6956676136363636,19712,64652,0.1843747415712583,0.5522324027213021,0.36830357214628023,0.44881290584415584,0.44852440759759943,0.4486686103440932,0.6956676136363636,0.5718307244942152,0.6276996245999992,0.9337459415584416,0.7330322341149539,0.8213040986810669,0.16204320379915446
apartment_2,seq_0006,4,support,0.6688153463648225,0.6101751274661937,9022,54151,0.2996418228218938,0.8529884702678414,0.5763151465448676,0.4666371092884061,0.31382615279496223,0.37527180553874667,0.6101751274661937,0.47919706007275953,0.5368121759595887,0.8372866326756817,0.6242913334933796,0.7152691139691424,0.10747025551004485
apartment_2,seq_0006,4,logit_count,0.6688153463648225,0.6101751274661937,9022,54151,0.2996418228218938,0.8529884702678414,0.5763151465448676,0.4666371092884061,0.31382615279496223,0.37527180553874667,0.6101751274661937,0.47919706007275953,0.5368121759595887,0.8372866326756817,0.6242913334933796,0.7152691139691424,0.10747025551004485
apartment_2,seq_0006,4,mlp_all,0.7945423344698809,0.7324318332963866,9022,54151,0.2534936147321165,0.902360659566774,0.5779271371494452,0.5506539569940146,0.3444257723772414,0.42378216873143365,0.7324318332963866,0.4480619009805913,0.5559958346860302,0.8562403014852582,0.5678196155195656,0.6828224472525046,0.1286475312077602
apartment_2,seq_0006,4,mlp_noconf,0.7945423344698809,0.7324318332963866,9022,54151,0.2534936147321165,0.902360659566774,0.5779271371494452,0.5506539569940146,0.3444257723772414,0.42378216873143365,0.7324318332963866,0.4480619009805913,0.5559958346860302,0.8562403014852582,0.5678196155195656,0.6828224472525046,0.1286475312077602
apartment_2,seq_0006,-1,support,0.7102374921564348,0.543859649122807,23142,54151,0.35068362148264315,0.7604847700602068,0.5555841957714249,0.36072940973122464,0.48732248711935144,0.414577347872591,0.543859649122807,0.5752063673801038,0.5590939739447158,0.8047273355803302,0.644900371184281,0.7160030882358982,0.14397201291711517
apartment_2,seq_0006,-1,logit_count,0.7102374921564348,0.543859649122807,23142,54151,0.35068362148264315,0.7604847700602068,0.5555841957714249,0.36072940973122464,0.48732248711935144,0.414577347872591,0.543859649122807,0.5752063673801038,0.5590939739447158,0.8047273355803302,0.644900371184281,0.7160030882358982,0.14397201291711517
apartment_2,seq_0006,-1,mlp_all,0.7761683867427958,0.6102756892230576,23142,54151,0.3235927643318054,0.7125913975967915,0.5180920809642984,0.40277417682136374,0.49400749755313844,0.44375006505196385,0.6102756892230576,0.5790474783475836,0.5942516022172011,0.8180364704865613,0.6609850233606027,0.7311724106833831,0.15875265768958186
apartment_2,seq_0006,-1,mlp_noconf,0.7761683867427958,0.6102756892230576,23142,54151,0.3235927643318054,0.7125913975967915,0.5180920809642984,0.40277417682136374,0.49400749755313844,0.44375006505196385,0.6102756892230576,0.5790474783475836,0.5942516022172011,0.8180364704865613,0.6609850233606027,0.7311724106833831,0.15875265768958186
apartment_2,seq_0009,4,support,0.735244003389762,0.7432198499711483,6932,60306,0.16633209462962648,0.7624252879298691,0.4643786912797478,0.5490478938257357,0.28516233873909724,0.3753676839991392,0.7432198499711483,0.41627698736444135,0.5336544441231577,0.9368147720715522,0.6025768580240772,0.733410382217487,0.09013286684160107
apartment_2,seq_0009,4,logit_count,0.735244003389762,0.7432198499711483,6932,60306,0.16633209462962648,0.7624252879298691,0.4643786912797478,0.5490478938257357,0.28516233873909724,0.3753676839991392,0.7432198499711483,0.41627698736444135,0.5336544441231577,0.9368147720715522,0.6025768580240772,0.733410382217487,0.09013286684160107
apartment_2,seq_0009,4,mlp_all,0.838117692125544,0.8110213502596654,6932,60306,0.1459207429494779,0.9687839423966266,0.5573523426730522,0.5812175418349682,0.2657281199217325,0.3647125232024724,0.8110213502596654,0.3880376745265811,0.5249230141981884,0.9489324870167339,0.5325672404072563,0.6822415780285388,0.09790679139225639
apartment_2,seq_0009,4,mlp_noconf,0.838117692125544,0.8110213502596654,6932,60306,0.1459207429494779,0.9687839423966266,0.5573523426730522,0.5812175418349682,0.2657281199217325,0.3647125232024724,0.8110213502596654,0.3880376745265811,0.5249230141981884,0.9489324870167339,0.5325672404072563,0.6822415780285388,0.09790679139225639
apartment_2,seq_0009,-1,support,0.7562279845115888,0.585437541750167,22455,60306,0.23250324124437272,0.7476780054889615,0.4900906233666671,0.37261189044756177,0.45340430471263227,0.40905695579799617,0.585437541750167,0.5388518555367625,0.5611795440466097,0.8830549988866622,0.6211985540410573,0.7293351408470702,0.140200716453827
apartment_2,seq_0009,-1,logit_count,0.7562279845115888,0.585437541750167,22455,60306,0.23250324124437272,0.7476780054889615,0.4900906233666671,0.37261189044756177,0.45340430471263227,0.40905695579799617,0.585437541750167,0.5388518555367625,0.5611795440466097,0.8830549988866622,0.6211985540410573,0.7293351408470702,0.140200716453827
apartment_2,seq_0009,-1,mlp_all,0.824891667490323,0.6375417501670007,22455,60306,0.20876628289726934,0.6585280664191719,0.43364717465822067,0.39363170786016477,0.4640665937054356,0.42595706557347857,0.6375417501670007,0.5660464962026995,0.599670651409998,0.9065686929414384,0.6583756176831492,0.7627910068560969,0.15198231799972373
apartment_2,seq_0009,-1,mlp_noconf,0.824891667490323,0.6375417501670007,22455,60306,0.20876628289726934,0.6585280664191719,0.43364717465822067,0.39363170786016477,0.4640665937054356,0.42595706557347857,0.6375417501670007,0.5660464962026995,0.599670651409998,0.9065686929414384,0.6583756176831492,0.7627910068560969,0.15198231799972373
frl_apartment_5,seq_0004,4,support,0.6237898107757311,0.5477775136676967,8414,50987,0.4071195949984103,0.8408947121878962,0.6240071535931533,0.37199904920370813,0.23615823641320335,0.2889076279608192,0.5477775136676967,0.3811167552513386,0.44949612801815014,0.7417399572141669,0.5850903171396631,0.6541678693802021,0.09066919556343545
frl_apartment_5,seq_0004,4,logit_count,0.6237898107757311,0.5477775136676967,8414,50987,0.4071195949984103,0.8408947121878962,0.6240071535931533,0.37199904920370813,0.23615823641320335,0.2889076279608192,0.5477775136676967,0.3811167552513386,0.44949612801815014,0.7417399572141669,0.5850903171396631,0.6541678693802021,0.09066919556343545
frl_apartment_5,seq_0004,4,mlp_all,0.7037541092164478,0.6422628951747088,8414,50987,0.33344326715096767,0.8853814130451139,0.6094123400980408,0.43617779890658426,0.21868319375527095,0.29131298146899753,0.6422628951747088,0.3324572930354796,0.4381257023905392,0.7996196814832423,0.5204856139800341,0.630541430744382,0.09400719632739153
frl_apartment_5,seq_0004,4,mlp_noconf,0.7037541092164478,0.6422628951747088,8414,50987,0.33344326715096767,0.8853814130451139,0.6094123400980408,0.43617779890658426,0.21868319375527095,0.29131298146899753,0.6422628951747088,0.3324572930354796,0.4381257023905392,0.7996196814832423,0.5204856139800341,0.630541430744382,0.09400719632739153
frl_apartment_5,seq_0004,-1,support,0.6428603835716569,0.49300272922594507,17221,50987,0.3929146078947013,0.4323559763721068,0.41263529213340405,0.29533708843853435,0.3198854609998627,0.3071215148786661,0.49300272922594507,0.47633710553670544,0.48452665337679823,0.7544277335810928,0.7353639162923883,0.7447738517971918,0.09875350576503583
frl_apartment_5,seq_0004,-1,logit_count,0.6428603835716569,0.49300272922594507,17221,50987,0.3929146078947013,0.4323559763721068,0.41263529213340405,0.29533708843853435,0.3198854609998627,0.3071215148786661,0.49300272922594507,0.47633710553670544,0.48452665337679823,0.7544277335810928,0.7353639162923883,0.7447738517971918,0.09875350576503583
frl_apartment_5,seq_0004,-1,mlp_all,0.6697340332479028,0.49997096568143545,17221,50987,0.4072837114149925,0.6333834214670534,0.5203335664410229,0.32164218105801057,0.2800321650616824,0.2993983603180529,0.49997096568143545,0.4076725439817993,0.44912883379073176,0.7317809651007491,0.6322788161688273,0.6784007690310212,0.0946260594206948
frl_apartment_5,seq_0004,-1,mlp_noconf,0.6697340332479028,0.49997096568143545,17221,50987,0.4072837114149925,0.6333834214670534,0.5203335664410229,0.32164218105801057,0.2800321650616824,0.2993983603180529,0.49997096568143545,0.4076725439817993,0.44912883379073176,0.7317809651007491,0.6322788161688273,0.6784007690310212,0.0946260594206948
apartment_2,seq_0008,4,support,0.7153678263023794,0.5973146915224146,9012,63172,0.27505673729546914,0.9950777194192804,0.6350672283573747,0.4739236573457612,0.2620781358829861,0.3375128425248866,0.5973146915224146,0.3473532577724308,0.43926377341481676,0.8334442964935641,0.49159437725574623,0.6184219948128445,0.09829699301695881
apartment_2,seq_0008,4,logit_count,0.7153678263023794,0.5973146915224146,9012,63172,0.27505673729546914,0.9950777194192804,0.6350672283573747,0.4739236573457612,0.2620781358829861,0.3375128425248866,0.5973146915224146,0.3473532577724308,0.43926377341481676,0.8334442964935641,0.49159437725574623,0.6184219948128445,0.09829699301695881
apartment_2,seq_0008,4,mlp_all,0.8089780785522179,0.663670661340435,9012,63172,0.29333893097623465,0.9799148877902059,0.6366269093832202,0.5097647581003107,0.2630912429557399,0.3470624376090373,0.663670661340435,0.3372063572468815,0.4471957332742235,0.8239014647137151,0.4716963211549421,0.5999258321347977,0.10824705205637043
apartment_2,seq_0008,4,mlp_noconf,0.8089780785522179,0.663670661340435,9012,63172,0.29333893097623465,0.9799148877902059,0.6366269093832202,0.5097647581003107,0.2630912429557399,0.3470624376090373,0.663670661340435,0.3372063572468815,0.4471957332742235,0.8239014647137151,0.4716963211549421,0.5999258321347977,0.10824705205637043
apartment_2,seq_0008,-1,support,0.7105643363735927,0.41788314491640144,27333,63172,0.4754539775915989,0.7017362051560975,0.5885950913738482,0.28218636812644055,0.3712720825682264,0.3206567164455305,0.41788314491640144,0.46917938327106945,0.4420481081798477,0.6674349687191308,0.6243905527765465,0.6451956276238185,0.10776027227443821
apartment_2,seq_0008,-1,logit_count,0.7105643363735927,0.41788314491640144,27333,63172,0.4754539775915989,0.7017362051560975,0.5885950913738482,0.28218636812644055,0.3712720825682264,0.3206567164455305,0.41788314491640144,0.46917938327106945,0.4420481081798477,0.6674349687191308,0.6243905527765465,0.6451956276238185,0.10776027227443821
apartment_2,seq_0008,-1,mlp_all,0.7946478495951904,0.4991036476054586,27333,63172,0.4180233946992411,0.7069156936104521,0.5624695441548466,0.31994292613324554,0.4056544038498069,0.3577363135268866,0.4991036476054586,0.4940638257455835,0.49657094940395774,0.7190209636702887,0.6149401633635155,0.6629201704616013,0.1232288143340342
apartment_2,seq_0008,-1,mlp_noconf,0.7946478495951904,0.4991036476054586,27333,63172,0.4180233946992411,0.7069156936104521,0.5624695441548466,0.31994292613324554,0.4056544038498069,0.3577363135268866,0.4991036476054586,0.4940638257455835,0.49657094940395774,0.7190209636702887,0.6149401633635155,0.6629201704616013,0.1232288143340342
apartment_2,seq_0007,4,support,0.7092056756532432,0.7138794084186576,8790,75972,0.1878792611255992,0.7257818872258256,0.4568305741757124,0.5686006825938567,0.30061075132943715,0.3932932120542125,0.7138794084186576,0.4420444374243142,0.5459986358410956,0.9138794084186576,0.6478571052493024,0.7582114689686186,0.12498287436635155
apartment_2,seq_0007,4,logit_count,0.7092056756532432,0.7138794084186576,8790,75972,0.1878792611255992,0.7257818872258256,0.4568305741757124,0.5686006825938567,0.30061075132943715,0.3932932120542125,0.7138794084186576,0.4420444374243142,0.5459986358410956,0.9138794084186576,0.6478571052493024,0.7582114689686186,0.12498287436635155
apartment_2,seq_0007,4,mlp_all,0.8240711000353147,0.7992036405005688,8790,75972,0.1573453176814366,0.8373051871690946,0.4973252524252656,0.6251422070534699,0.2939504027799716,0.39987440132160157,0.7992036405005688,0.3991733796661928,0.5324214547701245,0.9295790671217292,0.5569025430421735,0.6965238492009076,0.13348517789971356
apartment_2,seq_0007,4,mlp_noconf,0.8240711000353147,0.7992036405005688,8790,75972,0.1573453176814366,0.8373051871690946,0.4973252524252656,0.6251422070534699,0.2939504027799716,0.39987440132160157,0.7992036405005688,0.3991733796661928,0.5324214547701245,0.9295790671217292,0.5569025430421735,0.6965238492009076,0.13348517789971356
apartment_2,seq_0007,-1,support,0.709357042939892,0.559891849585542,28109,75972,0.3340434139768376,0.6299928505064497,0.4820181322416437,0.35572236650183214,0.44363712946875167,0.39484524887288375,0.559891849585542,0.574303690833465,0.5670062069998304,0.8355331032765306,0.7146053809298163,0.7703524009367368,0.1419939577039275
apartment_2,seq_0007,-1,logit_count,0.709357042939892,0.559891849585542,28109,75972,0.3340434139768376,0.6299928505064497,0.4820181322416437,0.35572236650183214,0.44363712946875167,0.39484524887288375,0.559891849585542,0.574303690833465,0.5670062069998304,0.8355331032765306,0.7146053809298163,0.7703524009367368,0.1419939577039275
apartment_2,seq_0007,-1,mlp_all,0.7875221882092436,0.6450958767654488,28109,75972,0.2594373389539606,0.5836477394785132,0.4215425392162369,0.4054929026290512,0.4557731795924814,0.4291653725796904,0.6450958767654488,0.5819117569630917,0.611877000174032,0.8724963534810914,0.7256752487758648,0.7923417078294792,0.1611093798691181
apartment_2,seq_0007,-1,mlp_noconf,0.7875221882092436,0.6450958767654488,28109,75972,0.2594373389539606,0.5836477394785132,0.4215425392162369,0.4054929026290512,0.4557731795924814,0.4291653725796904,0.6450958767654488,0.5819117569630917,0.611877000174032,0.8724963534810914,0.7256752487758648,0.7923417078294792,0.1611093798691181
apartment_2,seq_0002,4,support,0.7203374523470191,0.6593783494105038,9330,62100,0.2528608599049173,0.9714750115771476,0.6121679357410325,0.5080385852090032,0.310048309178744,0.3850850207287513,0.6593783494105038,0.42663446054750404,0.5180666817518134,0.8368703108252947,0.5472624798711755,0.6617684729546234,0.10708419624366207
apartment_2,seq_0002,4,logit_count,0.7203374523470191,0.6593783494105038,9330,62100,0.2528608599049173,0.9714750115771476,0.6121679357410325,0.5080385852090032,0.310048309178744,0.3850850207287513,0.6593783494105038,0.42663446054750404,0.5180666817518134,0.8368703108252947,0.5472624798711755,0.6617684729546234,0.10708419624366207
apartment_2,seq_0002,4,mlp_all,0.7954332983166917,0.6988210075026795,9330,62100,0.3478138363697289,1.0490103451069088,0.6984120907383189,0.5387995712754555,0.3019967793880837,0.3870514783572881,0.6988210075026795,0.3803059581320451,0.4925570415429079,0.7938906752411575,0.49727858293075683,0.6115152254241487,0.11264623555587454
apartment_2,seq_0002,4,mlp_noconf,0.7954332983166917,0.6988210075026795,9330,62100,0.3478138363697289,1.0490103451069088,0.6984120907383189,0.5387995712754555,0.3019967793880837,0.3870514783572881,0.6988210075026795,0.3803059581320451,0.4925570415429079,0.7938906752411575,0.49727858293075683,0.6115152254241487,0.11264623555587454
apartment_2,seq_0002,-1,support,0.7322557294266387,0.46302161277973064,28733,62100,0.4312484366279765,0.7832970100587376,0.607272723343357,0.3020916715971183,0.4281159420289855,0.35422873755773693,0.46302161277973064,0.5102737520128825,0.48550066950439535,0.7177809487349042,0.6012399355877617,0.6543619991356044,0.1221227906148435
apartment_2,seq_0002,-1,logit_count,0.7322557294266387,0.46302161277973064,28733,62100,0.4312484366279765,0.7832970100587376,0.607272723343357,0.3020916715971183,0.4281159420289855,0.35422873755773693,0.46302161277973064,0.5102737520128825,0.48550066950439535,0.7177809487349042,0.6012399355877617,0.6543619991356044,0.1221227906148435
apartment_2,seq_0002,-1,mlp_all,0.7910852244667732,0.5192287613545401,28733,62100,0.410812735520989,0.7694177039587904,0.5901152197398897,0.3235304353878815,0.42847020933977453,0.3686782833241789,0.5192287613545401,0.5123671497584541,0.515775135713384,0.7343472662095848,0.6067310789049919,0.6644672337621057,0.13268768397636113
apartment_2,seq_0002,-1,mlp_noconf,0.7910852244667732,0.5192287613545401,28733,62100,0.410812735520989,0.7694177039587904,0.5901152197398897,0.3235304353878815,0.42847020933977453,0.3686782833241789,0.5192287613545401,0.5123671497584541,0.515775135713384,0.7343472662095848,0.6067310789049919,0.6644672337621057,0.13268768397636113
apartment_2,seq_0003,4,support,0.751705127552701,0.6154649947753396,8613,60016,0.2992962588031949,1.0719619117309016,0.6856290852670482,0.4992453268315337,0.29758731005065314,0.37289906811164286,0.6154649947753396,0.39789389496134364,0.483322871025795,0.7864855451062348,0.516945481205012,0.6238460499537684,0.09790782518055245
apartment_2,seq_0003,4,logit_count,0.751705127552701,0.6154649947753396,8613,60016,0.2992962588031949,1.0719619117309016,0.6856290852670482,0.4992453268315337,0.29758731005065314,0.37289906811164286,0.6154649947753396,0.39789389496134364,0.483322871025795,0.7864855451062348,0.516945481205012,0.6238460499537684,0.09790782518055245
apartment_2,seq_0003,4,mlp_all,0.7978824855133095,0.6282363868570765,8613,60016,0.3729349066666982,1.1613972773008825,0.7671660919837904,0.48438407059096716,0.2839576113036524,0.35802962895201984,0.6282363868570765,0.360787123433751,0.45835027477542445,0.7594334146058284,0.45746134364169555,0.5709802394946589,0.10106402837408998
apartment_2,seq_0003,4,mlp_noconf,0.7978824855133095,0.6282363868570765,8613,60016,0.3729349066666982,1.1613972773008825,0.7671660919837904,0.48438407059096716,0.2839576113036524,0.35802962895201984,0.6282363868570765,0.360787123433751,0.45835027477542445,0.7594334146058284,0.45746134364169555,0.5709802394946589,0.10106402837408998
apartment_2,seq_0003,-1,support,0.7794003435156177,0.3964271894750419,31012,60016,0.5495247402575797,0.9839142672346554,0.7667195037461175,0.25141880562362956,0.4056584910690483,0.3104358462208924,0.3964271894750419,0.4553785657158091,0.42386293789115465,0.649555010963498,0.5441715542521994,0.5922116005258572,0.10500425894378194
apartment_2,seq_0003,-1,logit_count,0.7794003435156177,0.3964271894750419,31012,60016,0.5495247402575797,0.9839142672346554,0.7667195037461175,0.25141880562362956,0.4056584910690483,0.3104358462208924,0.3964271894750419,0.4553785657158091,0.42386293789115465,0.649555010963498,0.5441715542521994,0.5922116005258572,0.10500425894378194
apartment_2,seq_0003,-1,mlp_all,0.8417735361360803,0.44895524313169094,31012,60016,0.5533926608192701,0.9583154191297347,0.7558540399745024,0.2836643879788469,0.40702479338842973,0.33432821020936204,0.44895524313169094,0.46425953079178883,0.4564791470189186,0.6706758674061654,0.556501599573447,0.6082774546463224,0.1202962067402146
apartment_2,seq_0003,-1,mlp_noconf,0.8417735361360803,0.44895524313169094,31012,60016,0.5533926608192701,0.9583154191297347,0.7558540399745024,0.2836643879788469,0.40702479338842973,0.33432821020936204,0.44895524313169094,0.46425953079178883,0.4564791470189186,0.6706758674061654,0.556501599573447,0.6082774546463224,0.1202962067402146
apartment_2,seq_0000,4,support,0.7049361209550582,0.7257022122793935,8046,90479,0.18019894132628075,0.787873887450693,0.4840364143884869,0.5765597812577679,0.24863227931343185,0.347437595255932,0.7257022122793935,0.37076006587163873,0.4907809514096936,0.9072831220482227,0.5866223101493164,0.7125384372322645,0.1025617677411522
apartment_2,seq_0000,4,logit_count,0.7049361209550582,0.7257022122793935,8046,90479,0.18019894132628075,0.787873887450693,0.4840364143884869,0.5765597812577679,0.24863227931343185,0.347437595255932,0.7257022122793935,0.37076006587163873,0.4907809514096936,0.9072831220482227,0.5866223101493164,0.7125384372322645,0.1025617677411522
apartment_2,seq_0000,4,mlp_all,0.8081919304558705,0.8105891126025354,8046,90479,0.15143710350062958,0.9830695856116561,0.5672533445561428,0.6205567984091473,0.22845080073829285,0.33395860683113066,0.8105891126025354,0.3141834016733165,0.4528447157526478,0.9354958985831469,0.46704760220603675,0.6230410907911142,0.10716571672406962
apartment_2,seq_0000,4,mlp_noconf,0.8081919304558705,0.8105891126025354,8046,90479,0.15143710350062958,0.9830695856116561,0.5672533445561428,0.6205567984091473,0.22845080073829285,0.33395860683113066,0.8105891126025354,0.3141834016733165,0.4528447157526478,0.9354958985831469,0.46704760220603675,0.6230410907911142,0.10716571672406962
apartment_2,seq_0000,-1,support,0.7143010672688069,0.5609378679315101,29727,90479,0.3198901266154789,0.7214941444101404,0.5206921355128096,0.3740370706764894,0.4045579637263895,0.38869930833071514,0.5609378679315101,0.493584146597553,0.5251100214553076,0.839640730648905,0.6392975165508018,0.7258994551193889,0.1461144810416708
apartment_2,seq_0000,-1,logit_count,0.7143010672688069,0.5609378679315101,29727,90479,0.3198901266154789,0.7214941444101404,0.5206921355128096,0.3740370706764894,0.4045579637263895,0.38869930833071514,0.5609378679315101,0.493584146597553,0.5251100214553076,0.839640730648905,0.6392975165508018,0.7258994551193889,0.1461144810416708
apartment_2,seq_0000,-1,mlp_all,0.807658894595524,0.6505870084435026,29727,90479,0.22618994058270847,0.6908231822631997,0.4585065614229541,0.4337134591448851,0.42154533096077546,0.4275428345022591,0.6505870084435026,0.49894450646006255,0.5647636617677304,0.8936656911225486,0.6386012223830945,0.7449041648324944,0.16916937093100598
apartment_2,seq_0000,-1,mlp_noconf,0.807658894595524,0.6505870084435026,29727,90479,0.22618994058270847,0.6908231822631997,0.4585065614229541,0.4337134591448851,0.42154533096077546,0.4275428345022591,0.6505870084435026,0.49894450646006255,0.5647636617677304,0.8936656911225486,0.6386012223830945,0.7449041648324944,0.16916937093100598
frl_apartment_5,seq_0006,4,support,0.6357353510322439,0.6518114294376232,6597,45500,0.318159293407912,0.8776230491935333,0.5978911713007227,0.4656662119145066,0.26173626373626374,0.3351149838902617,0.6518114294376232,0.39254945054945056,0.48999962252656937,0.793087767166894,0.5492747252747253,0.6490393882162001,0.1031221348260387
frl_apartment_5,seq_0006,4,logit_count,0.6357353510322439,0.6518114294376232,6597,45500,0.318159293407912,0.8776230491935333,0.5978911713007227,0.4656662119145066,0.26173626373626374,0.3351149838902617,0.6518114294376232,0.39254945054945056,0.48999962252656937,0.793087767166894,0.5492747252747253,0.6490393882162001,0.1031221348260387
frl_apartment_5,seq_0006,4,mlp_all,0.7441768995713907,0.8102167651963014,6597,45500,0.17905777514658186,1.0092983493377463,0.5941780622421641,0.5831438532666363,0.2703516483516484,0.3694311256657933,0.8102167651963014,0.38975824175824175,0.5263253984721086,0.9132939214794603,0.5502857142857143,0.6867717828984082,0.11338398597311514
frl_apartment_5,seq_0006,4,mlp_noconf,0.7441768995713907,0.8102167651963014,6597,45500,0.17905777514658186,1.0092983493377463,0.5941780622421641,0.5831438532666363,0.2703516483516484,0.3694311256657933,0.8102167651963014,0.38975824175824175,0.5263253984721086,0.9132939214794603,0.5502857142857143,0.6867717828984082,0.11338398597311514
frl_apartment_5,seq_0006,-1,support,0.6425862459665254,0.5861741038771031,13670,45500,0.3287758015808956,0.555115125255821,0.4419454634183583,0.3663496708119971,0.34602197802197804,0.35589579666613463,0.5861741038771031,0.48127472527472526,0.5285701255221202,0.8063643013899049,0.6584175824175824,0.7249194432811024,0.1164863856769862
frl_apartment_5,seq_0006,-1,logit_count,0.6425862459665254,0.5861741038771031,13670,45500,0.3287758015808956,0.555115125255821,0.4419454634183583,0.3663496708119971,0.34602197802197804,0.35589579666613463,0.5861741038771031,0.48127472527472526,0.5285701255221202,0.8063643013899049,0.6584175824175824,0.7249194432811024,0.1164863856769862
frl_apartment_5,seq_0006,-1,mlp_all,0.7219661954900625,0.6863935625457206,13670,45500,0.25999910977548935,0.7352328299739685,0.49761596987472895,0.4307973664959766,0.35835164835164834,0.39124916456796355,0.6863935625457206,0.49967032967032965,0.578333932820438,0.8639356254572056,0.6374725274725275,0.7336249315805314,0.12508926893441083
frl_apartment_5,seq_0006,-1,mlp_noconf,0.7219661954900625,0.6863935625457206,13670,45500,0.25999910977548935,0.7352328299739685,0.49761596987472895,0.4307973664959766,0.35835164835164834,0.39124916456796355,0.6863935625457206,0.49967032967032965,0.578333932820438,0.8639356254572056,0.6374725274725275,0.7336249315805314,0.12508926893441083
office_4,seq_0000,4,support,0.7119880565134796,0.8079540904844521,7493,54187,0.13267901111042277,0.3763337187880205,0.25450636494922163,0.6534098491925797,0.37544060383486816,0.47687511360014473,0.8079540904844521,0.52265303486076,0.6347172645874836,0.9442146002936074,0.6755310314282024,0.787588187100551,0.1587349855557245
office_4,seq_0000,4,logit_count,0.7119880565134796,0.8079540904844521,7493,54187,0.13267901111042277,0.3763337187880205,0.25450636494922163,0.6534098491925797,0.37544060383486816,0.47687511360014473,0.8079540904844521,0.52265303486076,0.6347172645874836,0.9442146002936074,0.6755310314282024,0.787588187100551,0.1587349855557245
office_4,seq_0000,4,mlp_all,0.7968187291426284,0.8330441745629253,7493,54187,0.11870649907735172,0.451761918936176,0.2852342090067639,0.6530094755104764,0.3677081218742503,0.4704864272376058,0.8330441745629253,0.47153376271061326,0.6022000570648169,0.9570265581209129,0.6082639747540923,0.7437913485858154,0.1653499158978541
office_4,seq_0000,4,mlp_noconf,0.7968187291426284,0.8330441745629253,7493,54187,0.11870649907735172,0.451761918936176,0.2852342090067639,0.6530094755104764,0.3677081218742503,0.4704864272376058,0.8330441745629253,0.47153376271061326,0.6022000570648169,0.9570265581209129,0.6082639747540923,0.7437913485858154,0.1653499158978541
office_4,seq_0000,-1,support,0.7031817886127185,0.7023986990107061,14758,54187,0.17686053322248807,0.29512706112550274,0.2359937971739954,0.5109770971676378,0.4723642202004171,0.49091255249986127,0.7023986990107061,0.5779245944599258,0.6341109083074776,0.9220761620815828,0.762618340192297,0.8348008393313111,0.18065679128458342
office_4,seq_0000,-1,logit_count,0.7031817886127185,0.7023986990107061,14758,54187,0.17686053322248807,0.29512706112550274,0.2359937971739954,0.5109770971676378,0.4723642202004171,0.49091255249986127,0.7023986990107061,0.5779245944599258,0.6341109083074776,0.9220761620815828,0.762618340192297,0.8348008393313111,0.18065679128458342
office_4,seq_0000,-1,mlp_all,0.7857338380066925,0.7690744003252473,14758,54187,0.15998627532160892,0.2572365384714443,0.2086114068965266,0.5735872069386095,0.4671969291527488,0.5149543933085043,0.7690744003252473,0.5819292450218687,0.6625398631428984,0.9151646564575145,0.7968885526048683,0.8519410899372194,0.18646871184972236
office_4,seq_0000,-1,mlp_noconf,0.7857338380066925,0.7690744003252473,14758,54187,0.15998627532160892,0.2572365384714443,0.2086114068965266,0.5735872069386095,0.4671969291527488,0.5149543933085043,0.7690744003252473,0.5819292450218687,0.6625398631428984,0.9151646564575145,0.7968885526048683,0.8519410899372194,0.18646871184972236
frl_apartment_5,seq_0011,4,support,0.7734060367948055,0.8938946331856229,4062,29308,0.10816393585544769,0.8250465118194147,0.4666052238374312,0.7045790251107829,0.41852054046676673,0.525119594787255,0.8938946331856229,0.5779650607342705,0.7020232541095529,0.9709502708025604,0.7210318001910742,0.8275336171164605,0.1670592498641058
frl_apartment_5,seq_0011,4,logit_count,0.7734060367948055,0.8938946331856229,4062,29308,0.10816393585544769,0.8250465118194147,0.4666052238374312,0.7045790251107829,0.41852054046676673,0.525119594787255,0.8938946331856229,0.5779650607342705,0.7020232541095529,0.9709502708025604,0.7210318001910742,0.8275336171164605,0.1670592498641058
frl_apartment_5,seq_0011,4,mlp_all,0.8360067833560753,0.9121122599704579,4062,29308,0.10445603486334866,0.7084501682031594,0.40645310153325404,0.7488921713441654,0.4057253992084073,0.5263120585238446,0.9121122599704579,0.5511805650334379,0.6871332138502141,0.9711964549483013,0.6669168827623857,0.7907967017583672,0.17397247790030074
frl_apartment_5,seq_0011,4,mlp_noconf,0.8360067833560753,0.9121122599704579,4062,29308,0.10445603486334866,0.7084501682031594,0.40645310153325404,0.7488921713441654,0.4057253992084073,0.5263120585238446,0.9121122599704579,0.5511805650334379,0.6871332138502141,0.9711964549483013,0.6669168827623857,0.7907967017583672,0.17397247790030074
frl_apartment_5,seq_0011,-1,support,0.8039236610201625,0.8602218300983111,7934,29308,0.11799763255763894,0.8060128630089626,0.46200524778330077,0.6032266196117974,0.5105773167735772,0.5530485551116268,0.8602218300983111,0.5986420090077794,0.7059807923924458,0.9815981850264683,0.7166302715981985,0.8284432771006002,0.2081921107665681
frl_apartment_5,seq_0011,-1,logit_count,0.8039236610201625,0.8602218300983111,7934,29308,0.11799763255763894,0.8060128630089626,0.46200524778330077,0.6032266196117974,0.5105773167735772,0.5530485551116268,0.8602218300983111,0.5986420090077794,0.7059807923924458,0.9815981850264683,0.7166302715981985,0.8284432771006002,0.2081921107665681
frl_apartment_5,seq_0011,-1,mlp_all,0.8459751332314482,0.882152760272246,7934,29308,0.1196336530288425,0.613262644272336,0.3664481486505893,0.6313335013864381,0.5225535689914017,0.5718160517481037,0.882152760272246,0.6177152995769073,0.7266229226042328,0.9669775649105117,0.7402756926436468,0.8385750426512664,0.2157318046585879
frl_apartment_5,seq_0011,-1,mlp_noconf,0.8459751332314482,0.882152760272246,7934,29308,0.1196336530288425,0.613262644272336,0.3664481486505893,0.6313335013864381,0.5225535689914017,0.5718160517481037,0.882152760272246,0.6177152995769073,0.7266229226042328,0.9669775649105117,0.7402756926436468,0.8385750426512664,0.2157318046585879
apartment_2,seq_0004,4,support,0.7210721345806866,0.5729050900200044,8998,67653,0.32586169914579177,1.1226976023356445,0.7242796507407181,0.4714380973549678,0.2739715903211979,0.3465494141161539,0.5729050900200044,0.35170650229849376,0.43584667774862,0.7707268281840409,0.5123054410003991,0.6154912188680164,0.10211826398951218
apartment_2,seq_0004,4,logit_count,0.7210721345806866,0.5729050900200044,8998,67653,0.32586169914579177,1.1226976023356445,0.7242796507407181,0.4714380973549678,0.2739715903211979,0.3465494141161539,0.5729050900200044,0.35170650229849376,0.43584667774862,0.7707268281840409,0.5123054410003991,0.6154912188680164,0.10211826398951218
apartment_2,seq_0004,4,mlp_all,0.7865052478941604,0.582018226272505,8998,67653,0.4266918352442107,1.1851670092003497,0.8059294222222801,0.45087797288286285,0.2567957075074276,0.3272229312869557,0.582018226272505,0.3443897535955538,0.4327275193865592,0.7218270726828184,0.4673554757364788,0.5673642543805668,0.08856101134698606
apartment_2,seq_0004,4,mlp_noconf,0.7865052478941604,0.582018226272505,8998,67653,0.4266918352442107,1.1851670092003497,0.8059294222222801,0.45087797288286285,0.2567957075074276,0.3272229312869557,0.582018226272505,0.3443897535955538,0.4327275193865592,0.7218270726828184,0.4673554757364788,0.5673642543805668,0.08856101134698606
apartment_2,seq_0004,-1,support,0.7780835282941934,0.380335325540805,37814,67653,0.6369052890689311,0.9997802427372251,0.8183427659030781,0.2476067065108161,0.41615301612640976,0.31048065802546454,0.380335325540805,0.4579989061830222,0.41556972503023565,0.6177341725286931,0.5391039569568238,0.5757468193164997,0.11234782608695652
apartment_2,seq_0004,-1,logit_count,0.7780835282941934,0.380335325540805,37814,67653,0.6369052890689311,0.9997802427372251,0.8183427659030781,0.2476067065108161,0.41615301612640976,0.31048065802546454,0.380335325540805,0.4579989061830222,0.41556972503023565,0.6177341725286931,0.5391039569568238,0.5757468193164997,0.11234782608695652
apartment_2,seq_0004,-1,mlp_all,0.8376099546364215,0.42740783836674245,37814,67653,0.5663076518081386,0.9927568075031964,0.7795322296556675,0.2742106098270482,0.40954577032799727,0.32848481913474303,0.42740783836674245,0.4596396316497421,0.442938147126334,0.6577722536626647,0.5421489069220877,0.5943898983381649,0.12318385152870716
apartment_2,seq_0004,-1,mlp_noconf,0.8376099546364215,0.42740783836674245,37814,67653,0.5663076518081386,0.9927568075031964,0.7795322296556675,0.2742106098270482,0.40954577032799727,0.32848481913474303,0.42740783836674245,0.4596396316497421,0.442938147126334,0.6577722536626647,0.5421489069220877,0.5943898983381649,0.12318385152870716
frl_apartment_5,seq_0012,4,support,0.6513766409569204,0.4617782765930914,8019,47988,0.37423990393447926,0.8959562504887616,0.6350980772116204,0.2994138920064846,0.18719263149120613,0.23036302081134613,0.4617782765930914,0.3158497957822789,0.37512167973333105,0.7472253398179324,0.531445361340335,0.621128552273043,0.07292488386361644
frl_apartment_5,seq_0012,4,logit_count,0.6513766409569204,0.4617782765930914,8019,47988,0.37423990393447926,0.8959562504887616,0.6350980772116204,0.2994138920064846,0.18719263149120613,0.23036302081134613,0.4617782765930914,0.3158497957822789,0.37512167973333105,0.7472253398179324,0.531445361340335,0.621128552273043,0.07292488386361644
frl_apartment_5,seq_0012,4,mlp_all,0.7777255961987193,0.6014465644095274,8019,47988,0.26766492766710126,1.0301677933410596,0.6489163605040804,0.3888265369746851,0.19894556972576477,0.26321533819347426,0.6014465644095274,0.3070767691922981,0.40657242584730025,0.8400049881531363,0.4978327915312161,0.6251610389580824,0.0848103509393832
frl_apartment_5,seq_0012,4,mlp_noconf,0.7777255961987193,0.6014465644095274,8019,47988,0.26766492766710126,1.0301677933410596,0.6489163605040804,0.3888265369746851,0.19894556972576477,0.26321533819347426,0.6014465644095274,0.3070767691922981,0.40657242584730025,0.8400049881531363,0.4978327915312161,0.6251610389580824,0.0848103509393832
frl_apartment_5,seq_0012,-1,support,0.6681190103511347,0.41678224687933424,18746,47988,0.4100797695605508,0.5718179533627485,0.4909488614616497,0.252160460898325,0.29378177877802786,0.2713845654592093,0.41678224687933424,0.41787530215887303,0.4173280587945256,0.7145524378534087,0.6393473368342085,0.67486117763093,0.0886800037104604
frl_apartment_5,seq_0012,-1,logit_count,0.6681190103511347,0.41678224687933424,18746,47988,0.4100797695605508,0.5718179533627485,0.4909488614616497,0.252160460898325,0.29378177877802786,0.2713845654592093,0.41678224687933424,0.41787530215887303,0.4173280587945256,0.7145524378534087,0.6393473368342085,0.67486117763093,0.0886800037104604
frl_apartment_5,seq_0012,-1,mlp_all,0.7364488411394322,0.4499093139869839,18746,47988,0.3884739030337135,0.6791614766614639,0.5338176898475887,0.279366264803158,0.31224472784862883,0.29489189486677664,0.4499093139869839,0.4588855547220138,0.45435310482508173,0.7258081724101142,0.6465574727015088,0.6838945572430373,0.09253110745648059
frl_apartment_5,seq_0012,-1,mlp_noconf,0.7364488411394322,0.4499093139869839,18746,47988,0.3884739030337135,0.6791614766614639,0.5338176898475887,0.279366264803158,0.31224472784862883,0.29489189486677664,0.4499093139869839,0.4588855547220138,0.45435310482508173,0.7258081724101142,0.6465574727015088,0.6838945572430373,0.09253110745648059
office_4,seq_0001,4,support,0.6979816936449523,0.8293622485375945,7009,50714,0.11307764012410475,0.4137905374669704,0.2634340887955376,0.5657012412612356,0.338782190322199,0.42377670809725454,0.8293622485375945,0.48931261584572305,0.6154927530303733,0.9927236410329576,0.7017588831486374,0.8222600394689913,0.14900938477580813
office_4,seq_0001,4,logit_count,0.6979816936449523,0.8293622485375945,7009,50714,0.11307764012410475,0.4137905374669704,0.2634340887955376,0.5657012412612356,0.338782190322199,0.42377670809725454,0.8293622485375945,0.48931261584572305,0.6154927530303733,0.9927236410329576,0.7017588831486374,0.8222600394689913,0.14900938477580813
office_4,seq_0001,4,mlp_all,0.8034622583211788,0.8466257668711656,7009,50714,0.10954828356247902,0.5163426197079355,0.31294545163520726,0.5445855328862891,0.3197736325275072,0.40294382483839003,0.8466257668711656,0.450033521315613,0.5876793982393915,0.9952917677272078,0.6179358756950744,0.7624794833764448,0.14038809831824062
office_4,seq_0001,4,mlp_noconf,0.8034622583211788,0.8466257668711656,7009,50714,0.10954828356247902,0.5163426197079355,0.31294545163520726,0.5445855328862891,0.3197736325275072,0.40294382483839003,0.8466257668711656,0.450033521315613,0.5876793982393915,0.9952917677272078,0.6179358756950744,0.7624794833764448,0.14038809831824062
office_4,seq_0001,-1,support,0.7044338159940434,0.7811387900355872,13488,50714,0.13197717773893836,0.3093429239637758,0.22066005085135706,0.5360320284697508,0.4734787238237962,0.5028173502697635,0.7811387900355872,0.5912962889931774,0.673087528575161,0.9857651245551602,0.7931932010884568,0.8790562245289035,0.18573804573804573
office_4,seq_0001,-1,logit_count,0.7044338159940434,0.7811387900355872,13488,50714,0.13197717773893836,0.3093429239637758,0.22066005085135706,0.5360320284697508,0.4734787238237962,0.5028173502697635,0.7811387900355872,0.5912962889931774,0.673087528575161,0.9857651245551602,0.7931932010884568,0.8790562245289035,0.18573804573804573
office_4,seq_0001,-1,mlp_all,0.7899981838198652,0.854982206405694,13488,50714,0.1185314374996045,0.28026903938589165,0.19940023844274807,0.6104685646500593,0.45947864495011237,0.52431982877897,0.854982206405694,0.5840596285049493,0.6940181692253015,0.9698991696322657,0.791201640572623,0.8714842554797243,0.19970551114850651
office_4,seq_0001,-1,mlp_noconf,0.7899981838198652,0.854982206405694,13488,50714,0.1185314374996045,0.28026903938589165,0.19940023844274807,0.6104685646500593,0.45947864495011237,0.52431982877897,0.854982206405694,0.5840596285049493,0.6940181692253015,0.9698991696322657,0.791201640572623,0.8714842554797243,0.19970551114850651
frl_apartment_5,seq_0013,4,support,0.6388503058074687,0.551447135262847,8465,51631,0.3703723365712135,0.9539109856990495,0.6621416611351315,0.3611340815121087,0.2189963394084949,0.27265262787391265,0.551447135262847,0.355329162712324,0.43217990873956974,0.7595983461311282,0.5217601828358932,0.6186062105174,0.07662788818872193
frl_apartment_5,seq_0013,4,logit_count,0.6388503058074687,0.551447135262847,8465,51631,0.3703723365712135,0.9539109856990495,0.6621416611351315,0.3611340815121087,0.2189963394084949,0.27265262787391265,0.551447135262847,0.355329162712324,0.43217990873956974,0.7595983461311282,0.5217601828358932,0.6186062105174,0.07662788818872193
frl_apartment_5,seq_0013,4,mlp_all,0.7105479258937454,0.6715888954518606,8465,51631,0.2594477486969423,1.053336432248669,0.6563920904728056,0.4283520378027171,0.21996474985958048,0.2906676200283612,0.6715888954518606,0.34475412058646937,0.45561987516705205,0.863555818074424,0.49208808661463077,0.6269279546514033,0.08761119725781441
frl_apartment_5,seq_0013,4,mlp_noconf,0.7105479258937454,0.6715888954518606,8465,51631,0.2594477486969423,1.053336432248669,0.6563920904728056,0.4283520378027171,0.21996474985958048,0.2906676200283612,0.6715888954518606,0.34475412058646937,0.45561987516705205,0.863555818074424,0.49208808661463077,0.6269279546514033,0.08761119725781441
frl_apartment_5,seq_0013,-1,support,0.6746230729065358,0.4935767048495878,18682,51631,0.37699959602505767,0.6418099928347102,0.509404794429884,0.2921528744245798,0.3170382134763998,0.30408726328780167,0.4935767048495878,0.4324146346187368,0.4609757810616228,0.7673161331763194,0.6232302299006411,0.6878082209754864,0.09774615178491679
frl_apartment_5,seq_0013,-1,logit_count,0.6746230729065358,0.4935767048495878,18682,51631,0.37699959602505767,0.6418099928347102,0.509404794429884,0.2921528744245798,0.3170382134763998,0.30408726328780167,0.4935767048495878,0.4324146346187368,0.4609757810616228,0.7673161331763194,0.6232302299006411,0.6878082209754864,0.09774615178491679
frl_apartment_5,seq_0013,-1,mlp_all,0.6927749812080861,0.5029440102772722,18682,51631,0.40633632189656366,0.8119020795042745,0.6091192007004191,0.296488598651108,0.30336425790707133,0.2998870230402154,0.5029440102772722,0.40208401929073617,0.4468938917328652,0.7259394069157478,0.542735953206407,0.6211099046561074,0.09380562477750089
frl_apartment_5,seq_0013,-1,mlp_noconf,0.6927749812080861,0.5029440102772722,18682,51631,0.40633632189656366,0.8119020795042745,0.6091192007004191,0.296488598651108,0.30336425790707133,0.2998870230402154,0.5029440102772722,0.40208401929073617,0.4468938917328652,0.7259394069157478,0.542735953206407,0.6211099046561074,0.09380562477750089
frl_apartment_5,seq_0008,4,support,0.7084008520909187,0.8139207402937034,4971,34525,0.13230599399719992,0.9993310467266753,0.5658185203619376,0.5823777911888955,0.39296162201303403,0.4692768862865096,0.8139207402937034,0.6031281679942071,0.6928462696166747,0.9653993160329913,0.7153656770456192,0.8217847684563455,0.15292622767022945
frl_apartment_5,seq_0008,4,logit_count,0.7084008520909187,0.8139207402937034,4971,34525,0.13230599399719992,0.9993310467266753,0.5658185203619376,0.5823777911888955,0.39296162201303403,0.4692768862865096,0.8139207402937034,0.6031281679942071,0.6928462696166747,0.9653993160329913,0.7153656770456192,0.8217847684563455,0.15292622767022945
frl_apartment_5,seq_0008,4,mlp_all,0.7787816382358486,0.8388654194327098,4971,34525,0.11747094380454727,0.7332961484597731,0.4253835461321602,0.6212029772681553,0.364112961622013,0.4591178258545006,0.8388654194327098,0.5664590876176684,0.6762608034541748,0.9833031583182458,0.7496017378711078,0.8506938354786264,0.16064710308502633
frl_apartment_5,seq_0008,4,mlp_noconf,0.7787816382358486,0.8388654194327098,4971,34525,0.11747094380454727,0.7332961484597731,0.4253835461321602,0.6212029772681553,0.364112961622013,0.4591178258545006,0.8388654194327098,0.5664590876176684,0.6762608034541748,0.9833031583182458,0.7496017378711078,0.8506938354786264,0.16064710308502633
frl_apartment_5,seq_0008,-1,support,0.7543441799560555,0.7977205498520967,11494,34525,0.13754546955156643,0.8849391310386696,0.5112423002951181,0.516791369410127,0.5635336712527155,0.5391513233771216,0.7977205498520967,0.6498189717595945,0.7162138784013717,0.9725073951626936,0.7314699493120926,0.8349406021763182,0.20852375970486206
frl_apartment_5,seq_0008,-1,logit_count,0.7543441799560555,0.7977205498520967,11494,34525,0.13754546955156643,0.8849391310386696,0.5112423002951181,0.516791369410127,0.5635336712527155,0.5391513233771216,0.7977205498520967,0.6498189717595945,0.7162138784013717,0.9725073951626936,0.7314699493120926,0.8349406021763182,0.20852375970486206
frl_apartment_5,seq_0008,-1,mlp_all,0.782337255045094,0.8154689403166869,11494,34525,0.1367741829490087,0.7020404938264477,0.4194073383877282,0.5278406124934748,0.5531933381607531,0.5402196855433975,0.8154689403166869,0.6693700217233889,0.7352318685718823,0.9767704889507569,0.7573642288196959,0.8531874952012242,0.20256424305517506
frl_apartment_5,seq_0008,-1,mlp_noconf,0.782337255045094,0.8154689403166869,11494,34525,0.1367741829490087,0.7020404938264477,0.4194073383877282,0.5278406124934748,0.5531933381607531,0.5402196855433975,0.8154689403166869,0.6693700217233889,0.7352318685718823,0.9767704889507569,0.7573642288196959,0.8531874952012242,0.20256424305517506
frl_apartment_5,seq_0005,4,support,0.6308156590756994,0.6931231692007254,7169,64831,0.2584984428433068,1.1437287139617007,0.7011135784025038,0.4988143395173664,0.245422714442165,0.328982193390453,0.6931231692007254,0.415804167759251,0.5197878939737312,0.83805272701911,0.6030448396600392,0.7013867542036007,0.10594460255742173
frl_apartment_5,seq_0005,4,logit_count,0.6308156590756994,0.6931231692007254,7169,64831,0.2584984428433068,1.1437287139617007,0.7011135784025038,0.4988143395173664,0.245422714442165,0.328982193390453,0.6931231692007254,0.415804167759251,0.5197878939737312,0.83805272701911,0.6030448396600392,0.7013867542036007,0.10594460255742173
frl_apartment_5,seq_0005,4,mlp_all,0.7433115642234631,0.8469800530059981,7169,64831,0.15590852964947852,0.9517823980211794,0.553845463835329,0.6247733296136142,0.24650244481806544,0.35352332229674627,0.8469800530059981,0.40429732689608366,0.5473315139628355,0.9358348444692426,0.6048495318597584,0.734789391353441,0.11501778208858714
frl_apartment_5,seq_0005,4,mlp_noconf,0.7433115642234631,0.8469800530059981,7169,64831,0.15590852964947852,0.9517823980211794,0.553845463835329,0.6247733296136142,0.24650244481806544,0.35352332229674627,0.8469800530059981,0.40429732689608366,0.5473315139628355,0.9358348444692426,0.6048495318597584,0.734789391353441,0.11501778208858714
frl_apartment_5,seq_0005,-1,support,0.680720059600557,0.6133869070952568,20408,64831,0.30321254554556776,0.45159329251250646,0.3774029190290371,0.3852410819286554,0.38982893985901806,0.3875214324816949,0.6133869070952568,0.521062454689886,0.5634678783418878,0.8263426107408859,0.7422220851136031,0.7820266989092245,0.14437468467963452
frl_apartment_5,seq_0005,-1,logit_count,0.680720059600557,0.6133869070952568,20408,64831,0.30321254554556776,0.45159329251250646,0.3774029190290371,0.3852410819286554,0.38982893985901806,0.3875214324816949,0.6133869070952568,0.521062454689886,0.5634678783418878,0.8263426107408859,0.7422220851136031,0.7820266989092245,0.14437468467963452
frl_apartment_5,seq_0005,-1,mlp_all,0.7274368450952899,0.6930615444923559,20408,64831,0.27004477190678106,0.6430997670671529,0.45657226948696694,0.43860250882007057,0.3980811648748284,0.4173605942543692,0.6930615444923559,0.5298391201739908,0.6005575588765356,0.8530478243825951,0.6784562940568555,0.7558003385242092,0.14591636261577323
frl_apartment_5,seq_0005,-1,mlp_noconf,0.7274368450952899,0.6930615444923559,20408,64831,0.27004477190678106,0.6430997670671529,0.45657226948696694,0.43860250882007057,0.3980811648748284,0.4173605942543692,0.6930615444923559,0.5298391201739908,0.6005575588765356,0.8530478243825951,0.6784562940568555,0.7558003385242092,0.14591636261577323
apartment_2,seq_0001,4,support,0.6953304107550019,0.7547914972702985,8609,91546,0.19643005262976937,0.7192075176613045,0.457818785145537,0.6536183064235103,0.31621261442335,0.42622347682761985,0.7547914972702985,0.44213837852008825,0.5576304768956787,0.8765245673132768,0.6040460533502283,0.7152123622618255,0.12479306504529994
apartment_2,seq_0001,4,logit_count,0.6953304107550019,0.7547914972702985,8609,91546,0.19643005262976937,0.7192075176613045,0.457818785145537,0.6536183064235103,0.31621261442335,0.42622347682761985,0.7547914972702985,0.44213837852008825,0.5576304768956787,0.8765245673132768,0.6040460533502283,0.7152123622618255,0.12479306504529994
apartment_2,seq_0001,4,mlp_all,0.7884950894664219,0.7813915669648043,8609,91546,0.17883574069584313,0.7806444144157593,0.47974007755580117,0.6461842258101986,0.28912240840670267,0.3994975183664515,0.7813915669648043,0.4010879776287331,0.5300840336105599,0.893135091183645,0.551536932252638,0.6819499239791759,0.1194356239889761
apartment_2,seq_0001,4,mlp_noconf,0.7884950894664219,0.7813915669648043,8609,91546,0.17883574069584313,0.7806444144157593,0.47974007755580117,0.6461842258101986,0.28912240840670267,0.3994975183664515,0.7813915669648043,0.4010879776287331,0.5300840336105599,0.893135091183645,0.551536932252638,0.6819499239791759,0.1194356239889761
apartment_2,seq_0001,-1,support,0.7023602348275622,0.5892811999662931,35601,91546,0.3091933188863299,0.4283774200105686,0.36878536944844925,0.41563439229235133,0.5115024140869071,0.458611919130554,0.5892811999662931,0.6007471653594914,0.5949589451718253,0.8418583747647538,0.7216044392982762,0.7771067338812802,0.17369975928222336
apartment_2,seq_0001,-1,logit_count,0.7023602348275622,0.5892811999662931,35601,91546,0.3091933188863299,0.4283774200105686,0.36878536944844925,0.41563439229235133,0.5115024140869071,0.458611919130554,0.5892811999662931,0.6007471653594914,0.5949589451718253,0.8418583747647538,0.7216044392982762,0.7771067338812802,0.17369975928222336
apartment_2,seq_0001,-1,mlp_all,0.7570528080028078,0.6416673688941322,35601,91546,0.24830844691914938,0.5088822118036448,0.37859532936139706,0.4378247802028033,0.4948441220807026,0.4645914931958899,0.6416673688941322,0.5864701898499115,0.6128283936543358,0.8788798067470015,0.6956502741791012,0.7766037447495695,0.18367234339941885
apartment_2,seq_0001,-1,mlp_noconf,0.7570528080028078,0.6416673688941322,35601,91546,0.24830844691914938,0.5088822118036448,0.37859532936139706,0.4378247802028033,0.4948441220807026,0.4645914931958899,0.6416673688941322,0.5864701898499115,0.6128283936543358,0.8788798067470015,0.6956502741791012,0.7766037447495695,0.18367234339941885
frl_apartment_5,seq_0002,4,support,0.5889355468344787,0.6644937440857954,9511,96872,0.37845550952216567,0.6308341381932862,0.5046448238577259,0.5292818841341604,0.2989511933272772,0.38208918521678836,0.6644937440857954,0.5323106780080932,0.591102621141046,0.744085795394806,0.7506503427202907,0.747353654044594,0.13001753546947234
frl_apartment_5,seq_0002,4,logit_count,0.5889355468344787,0.6644937440857954,9511,96872,0.37845550952216567,0.6308341381932862,0.5046448238577259,0.5292818841341604,0.2989511933272772,0.38208918521678836,0.6644937440857954,0.5323106780080932,0.591102621141046,0.744085795394806,0.7506503427202907,0.747353654044594,0.13001753546947234
frl_apartment_5,seq_0002,4,mlp_all,0.6319933514774249,0.7986541898853958,9511,96872,0.210056003989137,0.6051159454490723,0.4075859747191047,0.6215960466827883,0.2489057725658601,0.3554704672691104,0.7986541898853958,0.38808943760839043,0.5223525085207686,0.8867626958258858,0.6413927657114543,0.7443786870130717,0.13650355928942473
frl_apartment_5,seq_0002,4,mlp_noconf,0.6319933514774249,0.7986541898853958,9511,96872,0.210056003989137,0.6051159454490723,0.4075859747191047,0.6215960466827883,0.2489057725658601,0.3554704672691104,0.7986541898853958,0.38808943760839043,0.5223525085207686,0.8867626958258858,0.6413927657114543,0.7443786870130717,0.13650355928942473
frl_apartment_5,seq_0002,-1,support,0.7059226754304299,0.6477054284553946,36935,96872,0.3717913473478034,0.16960210664692443,0.2706967269973639,0.4469202653309869,0.5708667107110413,0.5013463678062844,0.6477054284553946,0.7371996036006276,0.689560907145258,0.7599296060647083,0.9292778098934676,0.8361148705902941,0.20163232539470163
frl_apartment_5,seq_0002,-1,logit_count,0.7059226754304299,0.6477054284553946,36935,96872,0.3717913473478034,0.16960210664692443,0.2706967269973639,0.4469202653309869,0.5708667107110413,0.5013463678062844,0.6477054284553946,0.7371996036006276,0.689560907145258,0.7599296060647083,0.9292778098934676,0.8361148705902941,0.20163232539470163
frl_apartment_5,seq_0002,-1,mlp_all,0.6944555335210625,0.6489508596182483,36935,96872,0.36894671427208237,0.41922536875171457,0.39408604151189847,0.4319480167862461,0.5357172351143777,0.4782686922184343,0.6489508596182483,0.6822920967875135,0.665203959338038,0.7612833355895492,0.7949665538029564,0.7777604276617633,0.18850196612220205
frl_apartment_5,seq_0002,-1,mlp_noconf,0.6944555335210625,0.6489508596182483,36935,96872,0.36894671427208237,0.41922536875171457,0.39408604151189847,0.4319480167862461,0.5357172351143777,0.4782686922184343,0.6489508596182483,0.6822920967875135,0.665203959338038,0.7612833355895492,0.7949665538029564,0.7777604276617633,0.18850196612220205
office_4,seq_0002,4,support,0.7077937093065765,0.8823706377858003,6648,51842,0.10846403094637919,0.5354751970946066,0.32196961402049284,0.6615523465703971,0.347285984337024,0.4554701200984637,0.8823706377858003,0.45623239844141816,0.6014719248297995,0.9778880866425993,0.6156784074688476,0.7556190244858001,0.15686169929062882
office_4,seq_0002,4,logit_count,0.7077937093065765,0.8823706377858003,6648,51842,0.10846403094637919,0.5354751970946066,0.32196961402049284,0.6615523465703971,0.347285984337024,0.4554701200984637,0.8823706377858003,0.45623239844141816,0.6014719248297995,0.9778880866425993,0.6156784074688476,0.7556190244858001,0.15686169929062882
office_4,seq_0002,4,mlp_all,0.793512721219827,0.8774067388688327,6648,51842,0.10064216663673589,0.5903972018515159,0.3455196842441259,0.6362815884476535,0.33368697195324254,0.4377850689736657,0.8774067388688327,0.4391805871687049,0.58536186569854,0.9962394705174489,0.589136221596389,0.7404185145330123,0.14834815756035577
office_4,seq_0002,4,mlp_noconf,0.793512721219827,0.8774067388688327,6648,51842,0.10064216663673589,0.5903972018515159,0.3455196842441259,0.6362815884476535,0.33368697195324254,0.4377850689736657,0.8774067388688327,0.4391805871687049,0.58536186569854,0.9962394705174489,0.589136221596389,0.7404185145330123,0.14834815756035577
office_4,seq_0002,-1,support,0.7118618923636167,0.7693171608265947,13356,51842,0.1458258488817455,0.2790603081607904,0.21244307852126795,0.5408056304282719,0.4659156668338413,0.5005751176889637,0.7693171608265947,0.5968326839242313,0.6721863310226437,0.960691823899371,0.8058138189113074,0.8764633733991283,0.187604550016728
office_4,seq_0002,-1,logit_count,0.7118618923636167,0.7693171608265947,13356,51842,0.1458258488817455,0.2790603081607904,0.21244307852126795,0.5408056304282719,0.4659156668338413,0.5005751176889637,0.7693171608265947,0.5968326839242313,0.6721863310226437,0.960691823899371,0.8058138189113074,0.8764633733991283,0.187604550016728
office_4,seq_0002,-1,mlp_all,0.7975409046359865,0.8298143156633723,13356,51842,0.12766554946702333,0.30600601424211615,0.21683578185456975,0.5924678047319557,0.4545735118243895,0.5144403881322835,0.8298143156633723,0.5781412754137571,0.6814844301263688,0.9648098233003893,0.7479071023494464,0.8426239134515379,0.19144115796098174
office_4,seq_0002,-1,mlp_noconf,0.7975409046359865,0.8298143156633723,13356,51842,0.12766554946702333,0.30600601424211615,0.21683578185456975,0.5924678047319557,0.4545735118243895,0.5144403881322835,0.8298143156633723,0.5781412754137571,0.6814844301263688,0.9648098233003893,0.7479071023494464,0.8426239134515379,0.19144115796098174
office_4,seq_0003,4,support,0.6667753458097839,0.7480300859598854,5584,47402,0.1439622130465003,0.7698806209561245,0.4569214170013124,0.5736031518624641,0.2909581874182524,0.3860791034263672,0.7480300859598854,0.40318973882958525,0.5239625803872742,0.9557664756446992,0.5516011982616768,0.6995001184517916,0.11921512586567
office_4,seq_0003,4,logit_count,0.6667753458097839,0.7480300859598854,5584,47402,0.1439622130465003,0.7698806209561245,0.4569214170013124,0.5736031518624641,0.2909581874182524,0.3860791034263672,0.7480300859598854,0.40318973882958525,0.5239625803872742,0.9557664756446992,0.5516011982616768,0.6995001184517916,0.11921512586567
office_4,seq_0003,4,mlp_all,0.7732846991395559,0.8406160458452722,5584,47402,0.10815376788295596,0.832510570512965,0.47033216919796045,0.6167621776504298,0.30443863128138055,0.40765538060642204,0.8406160458452722,0.39662883422640394,0.538959696121441,0.9910458452722063,0.5233745411586009,0.684998919961617,0.12839410395655548
office_4,seq_0003,4,mlp_noconf,0.7732846991395559,0.8406160458452722,5584,47402,0.10815376788295596,0.832510570512965,0.47033216919796045,0.6167621776504298,0.30443863128138055,0.40765538060642204,0.8406160458452722,0.39662883422640394,0.538959696121441,0.9910458452722063,0.5233745411586009,0.684998919961617,0.12839410395655548
office_4,seq_0003,-1,support,0.6652655437927939,0.6209164984675188,13377,47402,0.19161064997975158,0.5676707513464032,0.3796407006630774,0.40464977199671076,0.38211467870553983,0.39305949188929407,0.6209164984675188,0.4824690941310493,0.5430069461775853,0.9361590790162219,0.6548246909413105,0.7706176406878902,0.13126280686246936
office_4,seq_0003,-1,logit_count,0.6652655437927939,0.6209164984675188,13377,47402,0.19161064997975158,0.5676707513464032,0.3796407006630774,0.40464977199671076,0.38211467870553983,0.39305949188929407,0.6209164984675188,0.4824690941310493,0.5430069461775853,0.9361590790162219,0.6548246909413105,0.7706176406878902,0.13126280686246936
office_4,seq_0003,-1,mlp_all,0.7595469614248436,0.7343948568438364,13377,47402,0.16899725589061165,0.4845165343467604,0.326756895118686,0.500485908649174,0.42432808742247163,0.4592712249189392,0.7343948568438364,0.5196194253407029,0.6086148122995705,0.9315990132316663,0.6466815746171047,0.7634230838631094,0.15360347441307823
office_4,seq_0003,-1,mlp_noconf,0.7595469614248436,0.7343948568438364,13377,47402,0.16899725589061165,0.4845165343467604,0.326756895118686,0.500485908649174,0.42432808742247163,0.4592712249189392,0.7343948568438364,0.5196194253407029,0.6086148122995705,0.9315990132316663,0.6466815746171047,0.7634230838631094,0.15360347441307823
office_4,seq_0008,4,support,0.6848702009013203,0.7131928181108509,6405,46599,0.1797005787321081,0.7922263700160964,0.48596347437410226,0.5427010148321624,0.313053928195884,0.39706386954175743,0.7131928181108509,0.43421532650915257,0.5397891828326611,0.9044496487119438,0.5623082040387133,0.6934743272816344,0.12934934375872661
office_4,seq_0008,4,logit_count,0.6848702009013203,0.7131928181108509,6405,46599,0.1797005787321081,0.7922263700160964,0.48596347437410226,0.5427010148321624,0.313053928195884,0.39706386954175743,0.7131928181108509,0.43421532650915257,0.5397891828326611,0.9044496487119438,0.5623082040387133,0.6934743272816344,0.12934934375872661
office_4,seq_0008,4,mlp_all,0.789252546593739,0.7843871975019516,6405,46599,0.14664850217288444,0.5818740358693816,0.364261269021133,0.5792349726775956,0.33236764737440716,0.4223747516979474,0.7843871975019516,0.45803558016266444,0.5783494178291013,0.9411397345823576,0.6004849889482607,0.7331749089041277,0.13537338573834926
office_4,seq_0008,4,mlp_noconf,0.789252546593739,0.7843871975019516,6405,46599,0.14664850217288444,0.5818740358693816,0.364261269021133,0.5792349726775956,0.33236764737440716,0.4223747516979474,0.7843871975019516,0.45803558016266444,0.5783494178291013,0.9411397345823576,0.6004849889482607,0.7331749089041277,0.13537338573834926
office_4,seq_0008,-1,support,0.6909477630123003,0.6090523534728499,14383,46599,0.22617927016436326,0.41189946314569004,0.31903936665502663,0.41437808523951886,0.4323268739672525,0.42316223681970416,0.6090523534728499,0.5314491727290285,0.5676105852830218,0.8694291872349301,0.7019678533874117,0.7767754736179929,0.15361642938962528
office_4,seq_0008,-1,logit_count,0.6909477630123003,0.6090523534728499,14383,46599,0.22617927016436326,0.41189946314569004,0.31903936665502663,0.41437808523951886,0.4323268739672525,0.42316223681970416,0.6090523534728499,0.5314491727290285,0.5676105852830218,0.8694291872349301,0.7019678533874117,0.7767754736179929,0.15361642938962528
office_4,seq_0008,-1,mlp_all,0.7980176830172486,0.728081763192658,14383,46599,0.18033529016260005,0.344440641350656,0.26238796575662804,0.5185983452687201,0.4929290328118629,0.5054379867329263,0.728081763192658,0.6085967510032404,0.6629989048792657,0.9086421469790725,0.750466748213481,0.8220144190764037,0.1830424567880517
office_4,seq_0008,-1,mlp_noconf,0.7980176830172486,0.728081763192658,14383,46599,0.18033529016260005,0.344440641350656,0.26238796575662804,0.5185983452687201,0.4929290328118629,0.5054379867329263,0.728081763192658,0.6085967510032404,0.6629989048792657,0.9086421469790725,0.750466748213481,0.8220144190764037,0.1830424567880517
office_4,seq_0006,4,support,0.6851124338397162,0.7605477936090745,7229,55803,0.15672978328091125,0.4098810366112946,0.2833054099461029,0.6034029602987965,0.34007132233034065,0.43498809959086976,0.7605477936090745,0.4891493288891278,0.5953785699502895,0.9247475446119795,0.667258032722255,0.7751797307340454,0.14921386817173957
office_4,seq_0006,4,logit_count,0.6851124338397162,0.7605477936090745,7229,55803,0.15672978328091125,0.4098810366112946,0.2833054099461029,0.6034029602987965,0.34007132233034065,0.43498809959086976,0.7605477936090745,0.4891493288891278,0.5953785699502895,0.9247475446119795,0.667258032722255,0.7751797307340454,0.14921386817173957
office_4,seq_0006,4,mlp_all,0.7727174646462714,0.8201687646977452,7229,55803,0.12196186546074629,0.47513377022061015,0.29854781784067824,0.615852815050491,0.33657688654731827,0.4352695484262131,0.8201687646977452,0.44270021325018366,0.5750222602234236,0.9630654309033061,0.5990896546780639,0.7386751056378255,0.15310714466299236
office_4,seq_0006,4,mlp_noconf,0.7727174646462714,0.8201687646977452,7229,55803,0.12196186546074629,0.47513377022061015,0.29854781784067824,0.615852815050491,0.33657688654731827,0.4352695484262131,0.8201687646977452,0.44270021325018366,0.5750222602234236,0.9630654309033061,0.5990896546780639,0.7386751056378255,0.15310714466299236
office_4,seq_0006,-1,support,0.6934617491805797,0.6404153766769866,15504,55803,0.1978582517795769,0.2914491930417253,0.2446537224106511,0.4630417956656347,0.46038743436732793,0.46171080008747933,0.6404153766769866,0.5678189344658889,0.6019361864609329,0.9120227038183695,0.7604429869361862,0.8293638223841314,0.1696522655426765
office_4,seq_0006,-1,logit_count,0.6934617491805797,0.6404153766769866,15504,55803,0.1978582517795769,0.2914491930417253,0.2446537224106511,0.4630417956656347,0.46038743436732793,0.46171080008747933,0.6404153766769866,0.5678189344658889,0.6019361864609329,0.9120227038183695,0.7604429869361862,0.8293638223841314,0.1696522655426765
office_4,seq_0006,-1,mlp_all,0.768639454561451,0.7407120743034056,15504,55803,0.17173394317219556,0.2915023267675219,0.23161813496985872,0.5258642930856553,0.4512481407809616,0.48570722535783273,0.7407120743034056,0.5642886583158612,0.6405750007022736,0.9151186790505675,0.7556941383079763,0.8278004746312057,0.18170411771415534
office_4,seq_0006,-1,mlp_noconf,0.768639454561451,0.7407120743034056,15504,55803,0.17173394317219556,0.2915023267675219,0.23161813496985872,0.5258642930856553,0.4512481407809616,0.48570722535783273,0.7407120743034056,0.5642886583158612,0.6405750007022736,0.9151186790505675,0.7556941383079763,0.8278004746312057,0.18170411771415534
office_4,seq_0010,4,support,0.6728650594501623,0.6957526726379659,6922,52162,0.18347585607140174,0.47470678348000694,0.3290913197757043,0.5673215833574111,0.31729995015528545,0.4069788113941284,0.6957526726379659,0.46497450251140676,0.5574216917755683,0.903351632476163,0.7113799317510832,0.79595424638356,0.12883835094925614
office_4,seq_0010,4,logit_count,0.6728650594501623,0.6957526726379659,6922,52162,0.18347585607140174,0.47470678348000694,0.3290913197757043,0.5673215833574111,0.31729995015528545,0.4069788113941284,0.6957526726379659,0.46497450251140676,0.5574216917755683,0.903351632476163,0.7113799317510832,0.79595424638356,0.12883835094925614
office_4,seq_0010,4,mlp_all,0.820819530731028,0.8136376769719734,6922,52162,0.12173523398232483,0.5589181308865389,0.34032668243443187,0.6353655013002023,0.3496606725202254,0.4510790360404769,0.8136376769719734,0.45255166596372837,0.5816082535504685,0.97154001733603,0.6241900233886738,0.7600603744585768,0.14915859255481898
office_4,seq_0010,4,mlp_noconf,0.820819530731028,0.8136376769719734,6922,52162,0.12173523398232483,0.5589181308865389,0.34032668243443187,0.6353655013002023,0.3496606725202254,0.4510790360404769,0.8136376769719734,0.45255166596372837,0.5816082535504685,0.97154001733603,0.6241900233886738,0.7600603744585768,0.14915859255481898
office_4,seq_0010,-1,support,0.6662195518462544,0.5791878835357096,15318,52162,0.22247367830248413,0.38320071937772876,0.30283719884010646,0.4163076119597859,0.4355086077987807,0.4256917027290921,0.5791878835357096,0.5848893830758023,0.5820246707029555,0.8900639770204988,0.76862466929949,0.8248987915973117,0.14516845612736023
office_4,seq_0010,-1,logit_count,0.6662195518462544,0.5791878835357096,15318,52162,0.22247367830248413,0.38320071937772876,0.30283719884010646,0.4163076119597859,0.4355086077987807,0.4256917027290921,0.5791878835357096,0.5848893830758023,0.5820246707029555,0.8900639770204988,0.76862466929949,0.8248987915973117,0.14516845612736023
office_4,seq_0010,-1,mlp_all,0.7858079064360143,0.7242459851155504,15318,52162,0.1910166158402503,0.36884617596248326,0.2799313959013668,0.51560255908082,0.45176565315747097,0.4815777982488272,0.7242459851155504,0.5856945669261148,0.6476430368371977,0.8955477216346781,0.7360914075380546,0.8080279164055051,0.16883951177115217
office_4,seq_0010,-1,mlp_noconf,0.7858079064360143,0.7242459851155504,15318,52162,0.1910166158402503,0.36884617596248326,0.2799313959013668,0.51560255908082,0.45176565315747097,0.4815777982488272,0.7242459851155504,0.5856945669261148,0.6476430368371977,0.8955477216346781,0.7360914075380546,0.8080279164055051,0.16883951177115217
office_4,seq_0004,4,support,0.658712186760985,0.7126962353299802,6561,52573,0.1587670241685961,0.5637414031943156,0.3612542136814559,0.5241579027587258,0.3167215110417895,0.39485348377341206,0.7126962353299802,0.4505734882924695,0.5521024442131242,0.9428440786465477,0.6775721377893595,0.7884947971894711,0.13175800411414104
office_4,seq_0004,4,logit_count,0.658712186760985,0.7126962353299802,6561,52573,0.1587670241685961,0.5637414031943156,0.3612542136814559,0.5241579027587258,0.3167215110417895,0.39485348377341206,0.7126962353299802,0.4505734882924695,0.5521024442131242,0.9428440786465477,0.6775721377893595,0.7884947971894711,0.13175800411414104
office_4,seq_0004,4,mlp_all,0.7790959943453626,0.8270080780368846,6561,52573,0.11267706202935139,0.5972520154792814,0.3549645387543164,0.6049382716049383,0.3614593042055808,0.45252714248223713,0.8270080780368846,0.47925741350122686,0.6068440986799417,0.992836457857034,0.6218020656991231,0.7646885063007512,0.14718776732249786
office_4,seq_0004,4,mlp_noconf,0.7790959943453626,0.8270080780368846,6561,52573,0.11267706202935139,0.5972520154792814,0.3549645387543164,0.6049382716049383,0.3614593042055808,0.45252714248223713,0.8270080780368846,0.47925741350122686,0.6068440986799417,0.992836457857034,0.6218020656991231,0.7646885063007512,0.14718776732249786
office_4,seq_0004,-1,support,0.6718451221436165,0.6465991710267038,14717,52573,0.1886555568494513,0.38879404422560604,0.2887248005375287,0.45206224094584496,0.4720674110284747,0.4618482942325625,0.6465991710267038,0.5772544842409602,0.6099622603979066,0.920296256030441,0.7465809445913302,0.8243866409292554,0.16885731201894613
office_4,seq_0004,-1,logit_count,0.6718451221436165,0.6465991710267038,14717,52573,0.1886555568494513,0.38879404422560604,0.2887248005375287,0.45206224094584496,0.4720674110284747,0.4618482942325625,0.6465991710267038,0.5772544842409602,0.6099622603979066,0.920296256030441,0.7465809445913302,0.8243866409292554,0.16885731201894613
office_4,seq_0004,-1,mlp_all,0.7529890564775188,0.740979819256642,14717,52573,0.14981651502826035,0.3634904062980649,0.25665346066316264,0.5088672963239791,0.48983318433416395,0.4991688559068862,0.740979819256642,0.5920339337682841,0.6581855532126965,0.963987225657403,0.7477412359956632,0.8422048423509727,0.1844726210951562
office_4,seq_0004,-1,mlp_noconf,0.7529890564775188,0.740979819256642,14717,52573,0.14981651502826035,0.3634904062980649,0.25665346066316264,0.5088672963239791,0.48983318433416395,0.4991688559068862,0.740979819256642,0.5920339337682841,0.6581855532126965,0.963987225657403,0.7477412359956632,0.8422048423509727,0.1844726210951562
office_4,seq_0009,4,support,0.6781867129326259,0.7651033923503177,7399,56697,0.14835786124753209,0.5047222730645197,0.3265400671560259,0.575212866603595,0.3628057921935905,0.44496035935077405,0.7651033923503177,0.5084572375963455,0.6109208281137393,0.9393161238005135,0.6752561863943418,0.7856929287975983,0.16137866887143448
office_4,seq_0009,4,logit_count,0.6781867129326259,0.7651033923503177,7399,56697,0.14835786124753209,0.5047222730645197,0.3265400671560259,0.575212866603595,0.3628057921935905,0.44496035935077405,0.7651033923503177,0.5084572375963455,0.6109208281137393,0.9393161238005135,0.6752561863943418,0.7856929287975983,0.16137866887143448
office_4,seq_0009,4,mlp_all,0.7906281866551438,0.8340316258953913,7399,56697,0.12259586172464036,0.47183409114902186,0.2972149764368311,0.5949452628733612,0.3652574210275676,0.45262979579864093,0.8340316258953913,0.5004144840114997,0.6255202104052522,0.9624273550479795,0.6744448559888531,0.7931030589906707,0.15976056556065846
office_4,seq_0009,4,mlp_noconf,0.7906281866551438,0.8340316258953913,7399,56697,0.12259586172464036,0.47183409114902186,0.2972149764368311,0.5949452628733612,0.3652574210275676,0.45262979579864093,0.8340316258953913,0.5004144840114997,0.6255202104052522,0.9624273550479795,0.6744448559888531,0.7931030589906707,0.15976056556065846
office_4,seq_0009,-1,support,0.6862813944783062,0.6435198865315289,16921,56697,0.19815397147591807,0.3066389903345049,0.2523964809052115,0.4529283139294368,0.4956876025186518,0.47334426115289374,0.6435198865315289,0.6005256010018166,0.6212798012429731,0.9057975296968265,0.7830396670017814,0.8399570987793886,0.17857011307967144
office_4,seq_0009,-1,logit_count,0.6862813944783062,0.6435198865315289,16921,56697,0.19815397147591807,0.3066389903345049,0.2523964809052115,0.4529283139294368,0.4956876025186518,0.47334426115289374,0.6435198865315289,0.6005256010018166,0.6212798012429731,0.9057975296968265,0.7830396670017814,0.8399570987793886,0.17857011307967144
office_4,seq_0009,-1,mlp_all,0.7506273489575349,0.7144376809881212,16921,56697,0.17346024361817527,0.30523410841154763,0.23934717601486144,0.4866142662963182,0.5096918708220893,0.49788579336596434,0.7144376809881212,0.6238778065858864,0.6660937835594289,0.92258140771822,0.7825458137114839,0.8468133161496237,0.18052685950413222
office_4,seq_0009,-1,mlp_noconf,0.7506273489575349,0.7144376809881212,16921,56697,0.17346024361817527,0.30523410841154763,0.23934717601486144,0.4866142662963182,0.5096918708220893,0.49788579336596434,0.7144376809881212,0.6238778065858864,0.6660937835594289,0.92258140771822,0.7825458137114839,0.8468133161496237,0.18052685950413222
office_4,seq_0005,4,support,0.6685525932445648,0.7702941176470588,6800,57334,0.13060693661097098,0.45703124356517777,0.2938190900880744,0.6069117647058824,0.34537970488715247,0.4402328759203068,0.7702941176470588,0.48015139358844666,0.5915616326148899,0.9663235294117647,0.680800223253218,0.7988146288267088,0.16078290720909977
office_4,seq_0005,4,logit_count,0.6685525932445648,0.7702941176470588,6800,57334,0.13060693661097098,0.45703124356517777,0.2938190900880744,0.6069117647058824,0.34537970488715247,0.4402328759203068,0.7702941176470588,0.48015139358844666,0.5915616326148899,0.9663235294117647,0.680800223253218,0.7988146288267088,0.16078290720909977
office_4,seq_0005,4,mlp_all,0.7930006514028739,0.8673529411764705,6800,57334,0.09953155558786875,0.5055407653637727,0.3025361604758207,0.6702941176470588,0.37468168974779364,0.4806751139131558,0.8673529411764705,0.4940698363972512,0.6295368827447552,0.9866176470588235,0.641556493529145,0.7775224311970156,0.17994791666666668
office_4,seq_0005,4,mlp_noconf,0.7930006514028739,0.8673529411764705,6800,57334,0.09953155558786875,0.5055407653637727,0.3025361604758207,0.6702941176470588,0.37468168974779364,0.4806751139131558,0.8673529411764705,0.4940698363972512,0.6295368827447552,0.9866176470588235,0.641556493529145,0.7775224311970156,0.17994791666666668
office_4,seq_0005,-1,support,0.6560804006757149,0.68946383206311,14958,57334,0.16698136943275585,0.25029726647238,0.2086393179525679,0.4923118063912288,0.4579481633934489,0.4745086496800672,0.68946383206311,0.5728886873408449,0.6257935460153784,0.9479208450327584,0.8106010395227963,0.8738994141811112,0.18143476093708064
office_4,seq_0005,-1,logit_count,0.6560804006757149,0.68946383206311,14958,57334,0.16698136943275585,0.25029726647238,0.2086393179525679,0.4923118063912288,0.4579481633934489,0.4745086496800672,0.68946383206311,0.5728886873408449,0.6257935460153784,0.9479208450327584,0.8106010395227963,0.8738994141811112,0.18143476093708064
office_4,seq_0005,-1,mlp_all,0.7487826443855812,0.77523733119401,14958,57334,0.13934435755585342,0.30008865219140185,0.21971650487362765,0.5208584035298837,0.48398855827257825,0.5017470667103282,0.77523733119401,0.5991034987965256,0.6758838672052123,0.9673084636983554,0.7853978442111138,0.8669130460105515,0.19857631865567138
office_4,seq_0005,-1,mlp_noconf,0.7487826443855812,0.77523733119401,14958,57334,0.13934435755585342,0.30008865219140185,0.21971650487362765,0.5208584035298837,0.48398855827257825,0.5017470667103282,0.77523733119401,0.5991034987965256,0.6758838672052123,0.9673084636983554,0.7853978442111138,0.8669130460105515,0.19857631865567138
office_4,seq_0007,4,support,0.6971474240352014,0.7377026271660145,7156,61235,0.16254265930824693,0.4497983205747629,0.3061704899415049,0.6039686975964226,0.3282599820364171,0.42534360539442867,0.7377026271660145,0.47361802890503796,0.5768732869291412,0.9143376187814422,0.7141504041806157,0.8019396775453254,0.14624129814193418
office_4,seq_0007,4,logit_count,0.6971474240352014,0.7377026271660145,7156,61235,0.16254265930824693,0.4497983205747629,0.3061704899415049,0.6039686975964226,0.3282599820364171,0.42534360539442867,0.7377026271660145,0.47361802890503796,0.5768732869291412,0.9143376187814422,0.7141504041806157,0.8019396775453254,0.14624129814193418
office_4,seq_0007,4,mlp_all,0.8091312937818175,0.8088317495807714,7156,61235,0.12532294746982486,0.5354116105897736,0.33036727902979923,0.6316377864728899,0.3403445741814322,0.44234237610917326,0.8088317495807714,0.45410304564383114,0.5816499193574547,0.9565399664617105,0.6154486813097085,0.7489892014340995,0.15288132178118075
office_4,seq_0007,4,mlp_noconf,0.8091312937818175,0.8088317495807714,7156,61235,0.12532294746982486,0.5354116105897736,0.33036727902979923,0.6316377864728899,0.3403445741814322,0.44234237610917326,0.8088317495807714,0.45410304564383114,0.5816499193574547,0.9565399664617105,0.6154486813097085,0.7489892014340995,0.15288132178118075
office_4,seq_0007,-1,support,0.686588188111513,0.592947451600158,20248,61235,0.22647653335082368,0.2590064784403425,0.2427415058955831,0.41870802054523903,0.508222421817588,0.45914298314232094,0.592947451600158,0.6605862660243325,0.6249420139148228,0.8734195969972343,0.8096513431860863,0.8403274431163742,0.17016294272611962
office_4,seq_0007,-1,logit_count,0.686588188111513,0.592947451600158,20248,61235,0.22647653335082368,0.2590064784403425,0.2427415058955831,0.41870802054523903,0.508222421817588,0.45914298314232094,0.592947451600158,0.6605862660243325,0.6249420139148228,0.8734195969972343,0.8096513431860863,0.8403274431163742,0.17016294272611962
office_4,seq_0007,-1,mlp_all,0.7574249194381044,0.6491999209798499,20248,61235,0.19557197717381936,0.28704108839587406,0.2413065327848467,0.43110430659818255,0.5271495060014697,0.47431363020996037,0.6491999209798499,0.657548787458153,0.6533476836085688,0.9076451995258791,0.7820364170817343,0.8401720097348855,0.17605334553656066
office_4,seq_0007,-1,mlp_noconf,0.7574249194381044,0.6491999209798499,20248,61235,0.19557197717381936,0.28704108839587406,0.2413065327848467,0.43110430659818255,0.5271495060014697,0.47431363020996037,0.6491999209798499,0.657548787458153,0.6533476836085688,0.9076451995258791,0.7820364170817343,0.8401720097348855,0.17605334553656066
office_4,seq_0011,4,support,0.6992962866341256,0.7977141067793957,6387,58635,0.12441382003410843,0.6222259501041186,0.3733198850691135,0.6165648974479412,0.31170802421761745,0.414076984257175,0.7977141067793957,0.4280890253261704,0.5571737345352431,0.969156098324722,0.6116653875671527,0.7499888454013675,0.13869836915104405
office_4,seq_0011,4,logit_count,0.6992962866341256,0.7977141067793957,6387,58635,0.12441382003410843,0.6222259501041186,0.3733198850691135,0.6165648974479412,0.31170802421761745,0.414076984257175,0.7977141067793957,0.4280890253261704,0.5571737345352431,0.969156098324722,0.6116653875671527,0.7499888454013675,0.13869836915104405
office_4,seq_0011,4,mlp_all,0.8350563953553654,0.8664474714263347,6387,58635,0.10200218023198,0.5920875321691824,0.34704485620058123,0.6416157820573039,0.3448622836189989,0.44860416365076616,0.8664474714263347,0.46097041016457746,0.6017798190435241,0.991232190386723,0.6207214121258634,0.7633954773914223,0.14726658476658477
office_4,seq_0011,4,mlp_noconf,0.8350563953553654,0.8664474714263347,6387,58635,0.10200218023198,0.5920875321691824,0.34704485620058123,0.6416157820573039,0.3448622836189989,0.44860416365076616,0.8664474714263347,0.46097041016457746,0.6017798190435241,0.991232190386723,0.6207214121258634,0.7633954773914223,0.14726658476658477
office_4,seq_0011,-1,support,0.7092023477041351,0.6432757718472004,19110,58635,0.19382662887502047,0.2710361552148121,0.2324313920449163,0.4398744113029827,0.5155112134390722,0.4746987722215755,0.6432757718472004,0.6514198004604759,0.6473221719463471,0.9152276295133438,0.8218299650379466,0.8660179065150794,0.17527428418517527
office_4,seq_0011,-1,logit_count,0.7092023477041351,0.6432757718472004,19110,58635,0.19382662887502047,0.2710361552148121,0.2324313920449163,0.4398744113029827,0.5155112134390722,0.4746987722215755,0.6432757718472004,0.6514198004604759,0.6473221719463471,0.9152276295133438,0.8218299650379466,0.8660179065150794,0.17527428418517527
office_4,seq_0011,-1,mlp_all,0.7945519345389944,0.7165881737310309,19110,58635,0.16790439874765228,0.29172873203349686,0.22981656539057457,0.4780743066457352,0.5337426451777948,0.5043770902647193,0.7165881737310309,0.6699923254029163,0.6925073260069017,0.9413919413919414,0.8047753048520508,0.8677393167791705,0.19254658385093168
office_4,seq_0011,-1,mlp_noconf,0.7945519345389944,0.7165881737310309,19110,58635,0.16790439874765228,0.29172873203349686,0.22981656539057457,0.4780743066457352,0.5337426451777948,0.5043770902647193,0.7165881737310309,0.6699923254029163,0.6925073260069017,0.9413919413919414,0.8047753048520508,0.8677393167791705,0.19254658385093168
frl_apartment_5,seq_0007,4,support,0.6005730953531918,0.609713282621416,8545,68669,0.4033823384217593,0.7027565269002081,0.5530694326609837,0.4738443534230544,0.2534476983791813,0.3302518169075234,0.609713282621416,0.4044619843015043,0.4863180008170806,0.7377413692217671,0.6035765774949395,0.6639490835133826,0.10895369284876905
frl_apartment_5,seq_0007,4,logit_count,0.6005730953531918,0.609713282621416,8545,68669,0.4033823384217593,0.7027565269002081,0.5530694326609837,0.4738443534230544,0.2534476983791813,0.3302518169075234,0.609713282621416,0.4044619843015043,0.4863180008170806,0.7377413692217671,0.6035765774949395,0.6639490835133826,0.10895369284876905
frl_apartment_5,seq_0007,4,mlp_all,0.6767048200227821,0.7481568168519602,8545,68669,0.28159620301606303,0.7008714139597518,0.49123380848790743,0.555061439438268,0.24548194964248787,0.34041269013821457,0.7481568168519602,0.35545879508948725,0.48194120811385077,0.8491515506143944,0.5704757605324091,0.6824613373388775,0.11344074155815494
frl_apartment_5,seq_0007,4,mlp_noconf,0.6767048200227821,0.7481568168519602,8545,68669,0.28159620301606303,0.7008714139597518,0.49123380848790743,0.555061439438268,0.24548194964248787,0.34041269013821457,0.7481568168519602,0.35545879508948725,0.48194120811385077,0.8491515506143944,0.5704757605324091,0.6824613373388775,0.11344074155815494
frl_apartment_5,seq_0007,-1,support,0.6155336012557074,0.536069854741309,24508,68669,0.4076069618984532,0.28515369531346163,0.3463803286059574,0.3414395299494043,0.38537040003495027,0.36207729921130755,0.536069854741309,0.5553160814923764,0.5455232677240412,0.7505304390403134,0.8420247855655391,0.7936493783438339,0.12156130221726262
frl_apartment_5,seq_0007,-1,logit_count,0.6155336012557074,0.536069854741309,24508,68669,0.4076069618984532,0.28515369531346163,0.3463803286059574,0.3414395299494043,0.38537040003495027,0.36207729921130755,0.536069854741309,0.5553160814923764,0.5455232677240412,0.7505304390403134,0.8420247855655391,0.7936493783438339,0.12156130221726262
frl_apartment_5,seq_0007,-1,mlp_all,0.6644258335398954,0.6505630814427942,24508,68669,0.3199761149305209,0.3737397818877765,0.34685794840914874,0.40301126162885587,0.4056706810933609,0.4043365984973689,0.6505630814427942,0.5598013659730009,0.601779244955255,0.8292802350252979,0.7680904046949861,0.7975133328326016,0.13633682347736323
frl_apartment_5,seq_0007,-1,mlp_noconf,0.6644258335398954,0.6505630814427942,24508,68669,0.3199761149305209,0.3737397818877765,0.34685794840914874,0.40301126162885587,0.4056706810933609,0.4043365984973689,0.6505630814427942,0.5598013659730009,0.601779244955255,0.8292802350252979,0.7680904046949861,0.7975133328326016,0.13633682347736323
frl_apartment_5,seq_0009,4,support,0.6220059291893417,0.5603429080382988,8982,72762,0.38290804462515293,0.8784550319579177,0.6306815382915354,0.405811623246493,0.21830076138643797,0.28388792953140635,0.5603429080382988,0.36108133366317585,0.43916657579912555,0.7567356936094412,0.5515653775322283,0.6380629317586288,0.08319808058711453
frl_apartment_5,seq_0009,4,logit_count,0.6220059291893417,0.5603429080382988,8982,72762,0.38290804462515293,0.8784550319579177,0.6306815382915354,0.405811623246493,0.21830076138643797,0.28388792953140635,0.5603429080382988,0.36108133366317585,0.43916657579912555,0.7567356936094412,0.5515653775322283,0.6380629317586288,0.08319808058711453
frl_apartment_5,seq_0009,4,mlp_all,0.7326140628425425,0.748496993987976,8982,72762,0.20465522301623731,0.8571732260212852,0.5309142245187612,0.5465375194834112,0.24244798108902998,0.3358918968524016,0.748496993987976,0.3731480717957175,0.4980188806097175,0.8875528835448675,0.5256040240785025,0.6602258597854036,0.10582811036668828
frl_apartment_5,seq_0009,4,mlp_noconf,0.7326140628425425,0.748496993987976,8982,72762,0.20465522301623731,0.8571732260212852,0.5309142245187612,0.5465375194834112,0.24244798108902998,0.3358918968524016,0.748496993987976,0.3731480717957175,0.4980188806097175,0.8875528835448675,0.5256040240785025,0.6602258597854036,0.10582811036668828
frl_apartment_5,seq_0009,-1,support,0.674504017451234,0.5109237748962322,31079,72762,0.3942571792162502,0.4725414706473271,0.4333993249317887,0.3142636506966119,0.41070888650669307,0.35607107145063704,0.5109237748962322,0.5374096368983811,0.5238321268034304,0.7600630650921845,0.7376790082735494,0.74870376956506,0.12559160874941372
frl_apartment_5,seq_0009,-1,logit_count,0.674504017451234,0.5109237748962322,31079,72762,0.3942571792162502,0.4725414706473271,0.4333993249317887,0.3142636506966119,0.41070888650669307,0.35607107145063704,0.5109237748962322,0.5374096368983811,0.5238321268034304,0.7600630650921845,0.7376790082735494,0.74870376956506,0.12559160874941372
frl_apartment_5,seq_0009,-1,mlp_all,0.6890129778572566,0.552141317288201,31079,72762,0.3765483273771664,0.5243933465604108,0.45047083696878865,0.3389426944238875,0.40673703306671066,0.3697580632198344,0.552141317288201,0.5067480278167176,0.5284716951877481,0.7611248753177386,0.6661444160413402,0.7104743143745179,0.13188980598134847
frl_apartment_5,seq_0009,-1,mlp_noconf,0.6890129778572566,0.552141317288201,31079,72762,0.3765483273771664,0.5243933465604108,0.45047083696878865,0.3389426944238875,0.40673703306671066,0.3697580632198344,0.552141317288201,0.5067480278167176,0.5284716951877481,0.7611248753177386,0.6661444160413402,0.7104743143745179,0.13188980598134847
frl_apartment_5,seq_0010,4,support,0.6287637169397929,0.5117493472584856,9575,76451,0.46385174080430513,0.620721884731022,0.5422868127676636,0.3838120104438642,0.20348981700697177,0.2659683049490865,0.5117493472584856,0.3460647996756092,0.4129063060479881,0.6953524804177545,0.5752050332892964,0.629598018714656,0.09480059888389819
frl_apartment_5,seq_0010,4,logit_count,0.6287637169397929,0.5117493472584856,9575,76451,0.46385174080430513,0.620721884731022,0.5422868127676636,0.3838120104438642,0.20348981700697177,0.2659683049490865,0.5117493472584856,0.3460647996756092,0.4129063060479881,0.6953524804177545,0.5752050332892964,0.629598018714656,0.09480059888389819
frl_apartment_5,seq_0010,4,mlp_all,0.7529450023959358,0.7313838120104439,9575,76451,0.2737885447006533,0.777084752381452,0.5254366485410527,0.5251174934725849,0.21840132895580175,0.3084961805211012,0.7313838120104439,0.33492040653490474,0.4594474248367021,0.8520104438642297,0.5042445487959608,0.6335410732654261,0.11055883469676574
frl_apartment_5,seq_0010,4,mlp_noconf,0.7529450023959358,0.7313838120104439,9575,76451,0.2737885447006533,0.777084752381452,0.5254366485410527,0.5251174934725849,0.21840132895580175,0.3084961805211012,0.7313838120104439,0.33492040653490474,0.4594474248367021,0.8520104438642297,0.5042445487959608,0.6335410732654261,0.11055883469676574
frl_apartment_5,seq_0010,-1,support,0.6670786365779049,0.42609444524185447,34835,76451,0.4701412605384552,0.35065895932600694,0.4104001099322311,0.264848571838668,0.3663653843638409,0.3074436104158568,0.42609444524185447,0.5182666021373167,0.46768239951857105,0.6823022821874551,0.7446207374658278,0.7121006831335427,0.10537154294732386
frl_apartment_5,seq_0010,-1,logit_count,0.6670786365779049,0.42609444524185447,34835,76451,0.4701412605384552,0.35065895932600694,0.4104001099322311,0.264848571838668,0.3663653843638409,0.3074436104158568,0.42609444524185447,0.5182666021373167,0.46768239951857105,0.6823022821874551,0.7446207374658278,0.7121006831335427,0.10537154294732386
frl_apartment_5,seq_0010,-1,mlp_all,0.7151486015478066,0.475441366441797,34835,76451,0.45405346337462604,0.3882820612630278,0.4211677623188269,0.2874407923065882,0.3665354279211521,0.3222050911068319,0.475441366441797,0.4949052334174831,0.48497809023977145,0.6927515429883737,0.6973486285333089,0.6950424844397495,0.11181230399938054
frl_apartment_5,seq_0010,-1,mlp_noconf,0.7151486015478066,0.475441366441797,34835,76451,0.45405346337462604,0.3882820612630278,0.4211677623188269,0.2874407923065882,0.3665354279211521,0.3222050911068319,0.475441366441797,0.4949052334174831,0.48497809023977145,0.6927515429883737,0.6973486285333089,0.6950424844397495,0.11181230399938054
frl_apartment_5,seq_0014,4,support,0.6139256387927872,0.5180598555211559,8721,85801,0.4490511901886071,0.9812930262018632,0.7151721081952351,0.3931888544891641,0.17462500437057843,0.24184195000634204,0.5180598555211559,0.3068612253936434,0.38542470490918385,0.6866185070519436,0.5113693313597744,0.5861756448477892,0.08578485009535124
frl_apartment_5,seq_0014,4,logit_count,0.6139256387927872,0.5180598555211559,8721,85801,0.4490511901886071,0.9812930262018632,0.7151721081952351,0.3931888544891641,0.17462500437057843,0.24184195000634204,0.5180598555211559,0.3068612253936434,0.38542470490918385,0.6866185070519436,0.5113693313597744,0.5861756448477892,0.08578485009535124
frl_apartment_5,seq_0014,4,mlp_all,0.718780299839663,0.7112716431601881,8721,85801,0.264589490173907,1.0040647263294846,0.6343271082516958,0.5081986010778581,0.1767695015209613,0.2623013043829223,0.7112716431601881,0.27287560751040196,0.39443016601429853,0.8492145396170164,0.4718593023391336,0.6066425168279648,0.09883886480842852
frl_apartment_5,seq_0014,4,mlp_noconf,0.718780299839663,0.7112716431601881,8721,85801,0.264589490173907,1.0040647263294846,0.6343271082516958,0.5081986010778581,0.1767695015209613,0.2623013043829223,0.7112716431601881,0.27287560751040196,0.39443016601429853,0.8492145396170164,0.4718593023391336,0.6066425168279648,0.09883886480842852
frl_apartment_5,seq_0014,-1,support,0.6527183196298649,0.45833439417470784,39277,85801,0.4299952667024145,0.48754832294565176,0.45877179482403313,0.2724495251674008,0.3867087796179532,0.31967623746858503,0.45833439417470784,0.5242712788895234,0.4890905183636602,0.7186648674796955,0.6942459878089999,0.7062444158589474,0.11098442950735982
frl_apartment_5,seq_0014,-1,logit_count,0.6527183196298649,0.45833439417470784,39277,85801,0.4299952667024145,0.48754832294565176,0.45877179482403313,0.2724495251674008,0.3867087796179532,0.31967623746858503,0.45833439417470784,0.5242712788895234,0.4890905183636602,0.7186648674796955,0.6942459878089999,0.7062444158589474,0.11098442950735982
frl_apartment_5,seq_0014,-1,mlp_all,0.6855348017254991,0.4932657789546045,39277,85801,0.3953978369008305,0.6288145579741252,0.5121061974374779,0.2926394582070932,0.392174916376266,0.3351736158300884,0.4932657789546045,0.5285952378177411,0.5103197743220118,0.7534434911016625,0.6716938031025279,0.710223956693973,0.11432180102066941
frl_apartment_5,seq_0014,-1,mlp_noconf,0.6855348017254991,0.4932657789546045,39277,85801,0.3953978369008305,0.6288145579741252,0.5121061974374779,0.2926394582070932,0.392174916376266,0.3351736158300884,0.4932657789546045,0.5285952378177411,0.5103197743220118,0.7534434911016625,0.6716938031025279,0.710223956693973,0.11432180102066941
