method,N_req,frac,N,n_cand,kept,n_pred,n_ref,acc,comp,chamfer,precision@0.1,recall@0.1,f1@0.1,precision@0.2,recall@0.2,f1@0.2,precision@0.5,recall@0.5,f1@0.5,iou,grid_voxel
A_point,-1,0.02,23.666666666666668,84042.51282051283,1680.3076923076924,1680.3076923076924,59403.743589743586,0.20618772999304222,1.8912909461782839,1.048739338085663,0.7838520238003057,0.10651572875774096,0.18673513000547518,0.828927579675616,0.13665242486405263,0.23379173879649337,0.8683861619178137,0.22230114994766184,0.3519063045906798,0.052611044347141825,
A_point,-1,0.05,23.666666666666668,84042.51282051283,4201.717948717948,4201.717948717948,59403.743589743586,0.21279375955028776,1.4365100008925968,0.8246518802214424,0.6842995604665213,0.19889708958240812,0.3064866793163945,0.7922984466003267,0.25471631006269657,0.38314886220259226,0.8778310913771008,0.36834004168693446,0.5147615570941887,0.10102887348322054,
A_point,-1,0.1,23.666666666666668,84042.51282051283,8403.871794871795,8403.871794871795,59403.743589743586,0.22863014002351215,1.0753550666059184,0.6519926033147153,0.5676912638192001,0.287967686356787,0.37965886734088333,0.7303839702030944,0.3681192232251084,0.48654763046752436,0.8800194956956324,0.49218702041901125,0.6280659654895406,0.13365913348765304,
A_point,-1,0.25,23.666666666666668,84042.51282051283,21010.17948717949,21010.17948717949,59403.743589743586,0.28724152398836766,0.5423081195337088,0.4147748217610383,0.4049499803233256,0.42656844964387647,0.41227907477812326,0.5974537512583393,0.5377702305531618,0.5624595005887948,0.8373710161602325,0.6970921458161649,0.7573354204001334,0.15022371192403616,
A_point,-1,0.5,23.666666666666668,84042.51282051283,42021.02564102564,42021.02564102564,59403.743589743586,0.40214929746603373,0.32753249035062504,0.36484089390832936,0.2891261011304504,0.5413215284772307,0.37371917964342594,0.4675820621633206,0.6759051497658569,0.5485115673820159,0.7491817091809412,0.8267071026204397,0.7831532180257355,0.1320446925328744,
A_point,-1,1.0,23.666666666666668,84042.51282051283,84042.51282051283,84042.51282051283,59403.743589743586,0.6045948985061248,0.24609129909241304,0.4253430987992689,0.19922247917276797,0.6622436542814445,0.30401428022655314,0.34547999199156376,0.7798093618857774,0.47539493479362366,0.6231119701529817,0.8826799284878004,0.7273840963252491,0.10170705697987846,
A_point,1,0.02,1.0,9340.461538461539,186.33333333333334,186.33333333333334,59403.743589743586,0.21684799321231651,3.0054953043934156,1.611171648802866,0.7528943500671984,0.015433652717352602,0.030216655074357116,0.7955630077947763,0.024526697302675513,0.04751020394967965,0.8464945068962786,0.058336668470959925,0.10864396231069823,0.006986886628916232,
A_point,1,0.05,1.0,9340.461538461539,466.5128205128205,466.5128205128205,59403.743589743586,0.199399025740427,2.70035531483338,1.4498771702869035,0.7312521432583802,0.03544453494616881,0.06748159230065101,0.8084812027830646,0.05355508100545604,0.10016544788625555,0.8762029103605607,0.10452472761290454,0.18527180891132775,0.016408704157932948,
A_point,1,0.1,1.0,9340.461538461539,933.5897435897435,933.5897435897435,59403.743589743586,0.20251122966517904,2.3263940875036715,1.2644526585844251,0.6761961467628564,0.0635566880993893,0.11576109589122623,0.7849519506033001,0.09615897639822649,0.17040091581462471,0.8810267410455742,0.17172387570220798,0.2839766979940437,0.02938044309207184,
A_point,1,0.25,1.0,9340.461538461539,2334.74358974359,2334.74358974359,59403.743589743586,0.22925756277352485,1.4879767665622352,0.8586171646678801,0.5721954362774794,0.12394955560311992,0.20228221619272765,0.7125329858508133,0.19711979175072414,0.305588550184877,0.8701632872021628,0.34987980159619,0.49097473833572525,0.05560361580149719,
A_point,1,0.5,1.0,9340.461538461539,4670.0,4670.0,59403.743589743586,0.28402684050116556,0.9325610888656255,0.6082939646833955,0.4793927344388879,0.1856272130528395,0.26510184577952794,0.6316001913163887,0.29724040248272093,0.4000680545829077,0.8269575605579857,0.4992650187658701,0.6144622368840649,0.07944134113923536,
A_point,1,1.0,1.0,9340.461538461539,9340.461538461539,9340.461538461539,59403.743589743586,0.4067800532829578,0.717324687053559,0.5620523701682584,0.3600627582357602,0.24425682965514975,0.2881531462862005,0.510127082774982,0.3831999156263747,0.43408573305662046,0.7364881486404068,0.6049241482996208,0.658531728466279,0.09226597598656981,
A_point,2,0.02,2.0,16425.69230769231,328.0,328.0,59403.743589743586,0.1670209659982636,2.2785807059210006,1.222800835959632,0.7276485587877262,0.024480135154716195,0.04730253832552479,0.8267257141321588,0.04308832472367444,0.08174961972660463,0.8983670667209261,0.10510815796198013,0.18732444403454507,0.01031429574799724,
A_point,2,0.05,2.0,16425.69230769231,820.8717948717949,820.8717948717949,59403.743589743586,0.16844089200771245,2.0062815258450013,1.087361208926357,0.7080469845568593,0.05692022116813778,0.10508381955600453,0.820924078645829,0.09100508193505667,0.16325549125240366,0.9051158957080206,0.17610461779749575,0.29314147484901315,0.024809105832414677,
A_point,2,0.1,2.0,16425.69230769231,1642.1538461538462,1642.1538461538462,59403.743589743586,0.17959235325248926,1.6662018570967005,0.922897105174595,0.6707494412257352,0.10279657630242024,0.1775812095650601,0.7981567194764873,0.15808844109738965,0.2626291729525209,0.9000719066203154,0.27683828408853206,0.420083263188736,0.04610595281014681,
A_point,2,0.25,2.0,16425.69230769231,4106.153846153846,4106.153846153846,59403.743589743586,0.22456472363073596,0.9578596201869493,0.5912121719088426,0.5606795557492672,0.19761779528221934,0.29050855089887556,0.713500145395628,0.3110394123395082,0.4303966706484705,0.8717276629529095,0.5086671304278693,0.6388689339993705,0.08479417595457177,
A_point,2,0.5,2.0,16425.69230769231,8212.641025641025,8212.641025641025,59403.743589743586,0.3012415057646218,0.6284487087395456,0.46484510725208367,0.4492690936900217,0.2752433449050709,0.33899923089387307,0.6123108520440821,0.4230748791619635,0.4975355224543158,0.8190984178765356,0.6468066091363429,0.7197498087277608,0.10854005622816629,
A_point,2,1.0,2.0,16425.69230769231,16425.69230769231,16425.69230769231,59403.743589743586,0.4644384221816026,0.47597929398555305,0.4702088580835779,0.3303060468686838,0.3492447658300387,0.3368153293429441,0.4851780328931419,0.5253959118769606,0.5015380760847997,0.7209546645133947,0.7470073459761776,0.730788823164503,0.11331003843065623,
A_point,4,0.02,4.0,29268.358974358973,584.7948717948718,584.7948717948718,59403.743589743586,0.20080163156783581,2.1691423567196226,1.1849719941437293,0.7802041170772462,0.044803691149641556,0.08463025057345452,0.8288709646982875,0.06870222953194778,0.1266675092292368,0.8694255450118504,0.14322198882600004,0.24476613584480392,0.020012901930775314,
A_point,4,0.05,4.0,29268.358974358973,1462.871794871795,1462.871794871795,59403.743589743586,0.19124494987086565,1.8315214833742823,1.011383216622574,0.7600387522121148,0.10103840694837904,0.17801154293104515,0.8293160784955458,0.1424023641122986,0.24250936718263488,0.8839798217430627,0.24173688149799757,0.37751955610752486,0.04686287152833738,
A_point,4,0.1,4.0,29268.358974358973,2926.3333333333335,2926.3333333333335,59403.743589743586,0.20119950664452224,1.4393701719447494,0.8202848392946357,0.6875030995638651,0.1693154878444556,0.27104957417746384,0.79456645092588,0.23795313376477842,0.3650378628415052,0.8852753694146446,0.3665924938493082,0.5156988574997328,0.078566279853627,
A_point,4,0.25,4.0,29268.358974358973,7316.74358974359,7316.74358974359,59403.743589743586,0.24545539987034962,0.8065491524318756,0.5260022761511126,0.5310612666826527,0.28749276709059995,0.37202568366421623,0.6875999923376437,0.41165221107272576,0.5132068174198776,0.8607354980946093,0.5893204513788276,0.6969990544498459,0.11985981283723028,
A_point,4,0.5,4.0,29268.358974358973,14633.97435897436,14633.97435897436,59403.743589743586,0.3184252602880433,0.4715347724107576,0.39498001634940044,0.40778562526694856,0.37682549024756934,0.3903874466371396,0.5774057769358324,0.5299992202955314,0.5508629157140711,0.8045564062218583,0.7327255009008657,0.7638414144856468,0.13402905805903872,
A_point,4,1.0,4.0,29268.358974358973,29268.358974358973,29268.358974358973,59403.743589743586,0.49354354445456633,0.3560765012615808,0.4248100228580735,0.28948557694611937,0.46651764005919616,0.35580102594339547,0.4460316889494855,0.6437713532976658,0.5245918070606533,0.6958333329757874,0.8177571641069963,0.7494678129286816,0.12259853666198221,
A_point,8,0.02,8.0,46557.846153846156,930.6923076923077,930.6923076923077,59403.743589743586,0.20628478268676623,2.085887302488634,1.1460860425877002,0.7968061462650332,0.06699934113840417,0.12340576265462591,0.8345179578718978,0.09162097851719164,0.16484514162314834,0.8652392872376143,0.16642214387489548,0.27806984686371805,0.03203490447323503,
A_point,8,0.05,8.0,46557.846153846156,2327.3076923076924,2327.3076923076924,59403.743589743586,0.20193205820741106,1.6664698172088452,0.9342009377081281,0.7364933410168709,0.14142389707897524,0.23673534298082968,0.8177042126278511,0.18890424364246278,0.306074697578847,0.8800930581807171,0.2927160679865012,0.4368035711002034,0.06937228453844098,
A_point,8,0.1,8.0,46557.846153846156,4655.307692307692,4655.307692307692,59403.743589743586,0.21673769576251353,1.2560446039310555,0.7363911498467847,0.6395787896255748,0.22296530758836036,0.3295748291565107,0.768915142324499,0.30057103741159696,0.4306791658595682,0.8800481325599813,0.4315304713684455,0.5756586665451737,0.10554432045465927,
A_point,8,0.25,8.0,46557.846153846156,11639.076923076924,11639.076923076924,59403.743589743586,0.2626864406420801,0.6673958635339481,0.46504115208801405,0.4733435795010155,0.34888111647242087,0.40023873078562855,0.6497086507327798,0.4708997170964105,0.5439609069241731,0.8526588774818208,0.6380902914524543,0.7269904354089791,0.13831699294186825,
A_point,8,0.5,8.0,46557.846153846156,23278.69230769231,23278.69230769231,59403.743589743586,0.34249074173846256,0.3958520015767821,0.3691713716576223,0.3541493285730025,0.4511673580189199,0.3952543078924157,0.5332949659675583,0.6041551545095258,0.563663646128461,0.787771481871359,0.7830615734142129,0.7818273680652004,0.13963872194869625,
A_point,8,1.0,8.0,46557.846153846156,46557.846153846156,46557.846153846156,59403.743589743586,0.5266075023868151,0.31132561404357895,0.418966558215197,0.24917114492347622,0.5587586269835854,0.34310845895808795,0.40639127231558664,0.7141501896436717,0.5153118399724259,0.6733636904191849,0.8499527945054174,0.7491523386075742,0.11796075025988358,
A_point,16,0.02,15.692307692307692,68554.92307692308,1370.5897435897436,1370.5897435897436,59403.743589743586,0.2046232092222254,1.9501009122603927,1.0773620607413092,0.7905065088146044,0.09312639189393698,0.16628199022683873,0.833111169516769,0.12126845375274779,0.21130808215546595,0.8682072233022018,0.2041719298380456,0.3291068994715772,0.045718252483895515,
A_point,16,0.05,15.692307692307692,68554.92307692308,3427.2820512820513,3427.2820512820513,59403.743589743586,0.20944985321392792,1.499807752852323,0.8546288030331255,0.7041290103644214,0.18232154508441006,0.28885812616364137,0.8032310875620493,0.2344564500240859,0.36193798356576634,0.8796464453498771,0.3433411051876419,0.4914517038137524,0.09160189712816119,
A_point,16,0.1,15.692307692307692,68554.92307692308,6855.076923076923,6855.076923076923,59403.743589743586,0.2258578157862324,1.1069846005330197,0.666421208159626,0.5919764165688196,0.2702433963667132,0.36992664337685743,0.7434909592423073,0.3512613280882135,0.475385672402347,0.879898427202174,0.47926107410938823,0.6174140729811782,0.12659042423107095,
A_point,16,0.25,15.692307692307692,68554.92307692308,17138.384615384617,17138.384615384617,59403.743589743586,0.2777037865392143,0.5709442452304596,0.424324015884837,0.42668661787348955,0.4041322206098002,0.41339785870961965,0.6138464411542959,0.5213354107099563,0.5612946806618648,0.843360972307749,0.6832218582152505,0.7517498543968698,0.148727451899256,
A_point,16,0.5,15.692307692307692,68554.92307692308,34277.256410256414,34277.256410256414,59403.743589743586,0.3762916205115273,0.3427917151260375,0.3595416678187824,0.3086529029251086,0.5149949129680863,0.3841410828956583,0.48743735115135367,0.6578183255216593,0.5568400352220549,0.7626041618615096,0.8184763903603922,0.7866335486873085,0.13615735657865397,
A_point,16,1.0,15.692307692307692,68554.92307692308,68554.92307692308,68554.92307692308,59403.743589743586,0.5729741322611142,0.25846823404792535,0.4157211831545197,0.21386816102753628,0.6345752162067482,0.31844496494491675,0.3641389566569998,0.765365532866326,0.49087188798082665,0.6404367096829784,0.8767298150444239,0.7378828099799054,0.1075420330175794,
B_argmax,-1,0.02,23.666666666666668,82324.17948717948,1645.974358974359,1645.974358974359,59403.743589743586,0.20928209539640294,1.8440258773427485,1.0266539863695758,0.76515425181823,0.10498054098982117,0.18384693686430204,0.8224996114986194,0.1376545377501574,0.23480892663756797,0.8718705492983901,0.23527641875404234,0.36772732916042683,0.05007453683123149,
B_argmax,-1,0.05,23.666666666666668,82324.17948717948,4115.692307692308,4115.692307692308,59403.743589743586,0.21291817611624075,1.3547871311957327,0.7838526536559868,0.6047386000168921,0.18831855477303153,0.28536959451203836,0.7437619086487774,0.25592766408737616,0.3787444090789033,0.8898555910219083,0.3985542044127968,0.5475327437637062,0.08771958098467687,
B_argmax,-1,0.1,23.666666666666668,82324.17948717948,8231.923076923076,8231.923076923076,59403.743589743586,0.24388845868416348,0.9349864909170199,0.5894374748005917,0.4786083997179752,0.25792030816738143,0.33301813491112486,0.6673311533537556,0.3539852394100864,0.4602308913690334,0.8733487777764462,0.5324772600437822,0.6578854570259229,0.11180470316347223,
B_argmax,-1,0.25,23.666666666666668,82324.17948717948,20580.666666666668,20580.666666666668,59403.743589743586,0.34181315857180944,0.5162435243749203,0.4290283414733649,0.310920827061904,0.3663421124186454,0.3341777422242186,0.5081432780311876,0.522464303505145,0.5120647315061644,0.79094077821521,0.7176820623363355,0.748883462927665,0.1136480795923978,
B_argmax,-1,0.5,23.666666666666668,82324.17948717948,41161.89743589744,41161.89743589744,59403.743589743586,0.43316124844077664,0.34386774002589193,0.3885144942333343,0.22824647682673466,0.48620346188810093,0.3089938101314661,0.40763038550843095,0.653475121042836,0.4991553335602302,0.7169134329072417,0.8206336401870218,0.7625759843618657,0.10357628281847295,
B_argmax,-1,1.0,23.666666666666668,82324.17948717948,82324.17948717948,82324.17948717948,59403.743589743586,0.5899033201405,0.2485491981223811,0.41922625913144057,0.16762311244244923,0.6249520634234066,0.26319450534976746,0.31736116482663407,0.775513110898952,0.44803328036512713,0.6182861131631459,0.8853472853765231,0.7251706909925408,0.08638197302373662,
B_argmax,1,0.02,1.0,9059.564102564103,180.76923076923077,180.76923076923077,59403.743589743586,0.23415727904651876,3.017363315858425,1.625760297452472,0.7289756616436011,0.014565035760708965,0.028528259267111142,0.769680974075172,0.02275093713912094,0.04412952324253382,0.8297173374471046,0.0549389308247405,0.10267102172924762,0.00647610188696309,
B_argmax,1,0.05,1.0,9059.564102564103,452.53846153846155,452.53846153846155,59403.743589743586,0.21864605081181912,2.6902366018996835,1.4544413263557512,0.714856889053909,0.03423160366118686,0.06519984507825138,0.7873502127999873,0.0514778746210266,0.0962849245039725,0.8579875357880841,0.10256033933265322,0.18155656346287383,0.015689501252156058,
B_argmax,1,0.1,1.0,9059.564102564103,905.5384615384615,905.5384615384615,59403.743589743586,0.21783112753862446,2.30661617705819,1.2622236522984072,0.6636040307384931,0.061221541253775213,0.11168783035508853,0.7707585513189099,0.09111555586615235,0.1619670872123164,0.8689664011143825,0.17138326181489388,0.28264175129806723,0.028155353747154745,
B_argmax,1,0.25,1.0,9059.564102564103,2264.5897435897436,2264.5897435897436,59403.743589743586,0.24048566546713906,1.505110407456846,0.8727980364619926,0.5251922060393319,0.11224471444155767,0.18359785080935961,0.6776882843593574,0.1780864053017354,0.27927335741756903,0.8633496005563928,0.3348609452154589,0.47521065339884744,0.049620571961848686,
B_argmax,1,0.5,1.0,9059.564102564103,4529.51282051282,4529.51282051282,59403.743589743586,0.2947824663678166,0.9457808710585018,0.6202816687131593,0.4073424698434782,0.15308405172603096,0.2202019627802345,0.5815344136531356,0.26321918940707056,0.3581786812441453,0.8227026275866732,0.5032193766509258,0.6154978249491813,0.06547137158421694,
B_argmax,1,1.0,1.0,9059.564102564103,9059.564102564103,9059.564102564103,59403.743589743586,0.4135465480113231,0.6939756416459381,0.5537610948286307,0.2908675630261741,0.2093570295036804,0.2405590248953039,0.46033007648774454,0.3833851405232133,0.41395917156797213,0.7307386564362494,0.6304818179422539,0.6710138187709499,0.07234598753046204,
B_argmax,2,0.02,2.0,16179.641025641025,323.15384615384613,323.15384615384613,59403.743589743586,0.1748535044775955,2.282369830857303,1.2286116676674494,0.7034959567568411,0.023934154641270758,0.04623757988449595,0.8093233432370441,0.04236853984864751,0.08037751375720283,0.8919784699191788,0.10390225243465931,0.18535406117271533,0.009987830796647982,
B_argmax,2,0.05,2.0,16179.641025641025,808.5641025641025,808.5641025641025,59403.743589743586,0.17960858346861971,1.9914721288462245,1.0855403561574222,0.6892254354858698,0.05552995813190568,0.10252008437155614,0.8007585014781603,0.08935730732929849,0.16026117411231303,0.8952571979512134,0.17871048072235451,0.29615563789373045,0.0244223646548061,
B_argmax,2,0.1,2.0,16179.641025641025,1617.5641025641025,1617.5641025641025,59403.743589743586,0.19474641009045907,1.624899723712536,0.9098230669014976,0.6532624335060954,0.10099121712780366,0.17423001152480255,0.7770996699699657,0.15612169141703758,0.25863219170924284,0.887201812770158,0.28254095629383136,0.42513795340798693,0.045029986665713985,
B_argmax,2,0.25,2.0,16179.641025641025,4044.5897435897436,4044.5897435897436,59403.743589743586,0.23726636764541573,0.9864942785907703,0.611880323118093,0.5214790104909927,0.18444306866872634,0.27084642234396755,0.6801890461568311,0.2875542370708358,0.4019345442679618,0.8633997571186268,0.5012365197035218,0.630747342947782,0.0785732735456814,
B_argmax,2,0.5,2.0,16179.641025641025,8089.589743589743,8089.589743589743,59403.743589743586,0.313439957569088,0.6250039556608838,0.46922195661498595,0.39426878204956484,0.24571365309658327,0.3003541013137079,0.5685865611747634,0.40261075187897216,0.46851341804267377,0.8092727150162663,0.6515479738917767,0.7191984206314738,0.09539285328534874,
B_argmax,2,1.0,2.0,16179.641025641025,16179.641025641025,16179.641025641025,59403.743589743586,0.46355911947278333,0.45579507486427945,0.4596770971685314,0.2811400674778687,0.3265372891727899,0.29964897816471536,0.4485567717509103,0.5402780372156095,0.48752324243997364,0.7180053617177877,0.7645822382830454,0.7382601143495149,0.09660380795120395,
B_argmax,4,0.02,4.0,28282.20512820513,565.1025641025641,565.1025641025641,59403.743589743586,0.22407405462623145,2.183903492697223,1.203988773661727,0.7540348401883333,0.042590254582402766,0.08054630403392499,0.8036139258882699,0.06660483177968246,0.1227485570620949,0.8501435252820326,0.14112644870554858,0.24065724282811674,0.018415418360108935,
B_argmax,4,0.05,4.0,28282.20512820513,1413.6666666666667,1413.6666666666667,59403.743589743586,0.20498340685907204,1.8154427511412474,1.01021307900016,0.7438198243458991,0.09712866342484261,0.17150774027985066,0.8129944325666669,0.13758940255269564,0.23472748444293742,0.8748250834579441,0.24324134668447941,0.37805857536846815,0.04432997550914677,
B_argmax,4,0.1,4.0,28282.20512820513,2827.7179487179487,2827.7179487179487,59403.743589743586,0.2116319057064338,1.3907771770603903,0.801204541383412,0.6526691389440031,0.16235737860114843,0.2593517525777647,0.7704072754213694,0.23345054941799953,0.3571238603391967,0.8843240611526831,0.3830367594021142,0.5317732044594103,0.07247795340816739,
B_argmax,4,0.25,4.0,28282.20512820513,7070.076923076923,7070.076923076923,59403.743589743586,0.2601891968614408,0.8074011820731865,0.5337951894673136,0.46693793896165314,0.25505060635189836,0.32889141143824663,0.6403463257333762,0.37782465472425275,0.47395178344036043,0.8502487181797067,0.5869281936622593,0.6920756337239995,0.10321745458196925,
B_argmax,4,0.5,4.0,28282.20512820513,14140.794871794871,14140.794871794871,59403.743589743586,0.3387788542038877,0.46404690421843897,0.4014128792111633,0.3382257648880737,0.3318094688221139,0.3337038572724097,0.5196681465387729,0.5137805895832329,0.5151665735835477,0.7864327184763299,0.7389358309165396,0.7592758953731167,0.11004939775346194,
B_argmax,4,1.0,4.0,28282.20512820513,28282.20512820513,28282.20512820513,59403.743589743586,0.49579275650221205,0.34671655231899695,0.42125465441060456,0.24029845077662926,0.4358119743908336,0.3086699321173559,0.4044159696483768,0.6512219044531286,0.497227061434583,0.6874592576726992,0.8271774525883862,0.7489233292155807,0.10192856205511047,
B_argmax,8,0.02,8.0,44403.4358974359,887.5641025641025,887.5641025641025,59403.743589743586,0.22711199532073684,2.107893909327787,1.1675029523242622,0.776707553142895,0.06356706474040508,0.11736845965534985,0.8154817110828486,0.08822343602504565,0.15890055559776675,0.8514171570917269,0.16322086418274528,0.27255638817142663,0.029394811953409414,
B_argmax,8,0.05,8.0,44403.4358974359,2219.74358974359,2219.74358974359,59403.743589743586,0.20888665119697264,1.5953958438890004,0.9021412475429864,0.7038174431839778,0.13567444525816072,0.22693998856995343,0.7979601639999344,0.18813831085961338,0.30360978963230306,0.8836947519372043,0.31459369063596104,0.4616698008050878,0.06313948316492485,
B_argmax,8,0.1,8.0,44403.4358974359,4439.948717948718,4439.948717948718,59403.743589743586,0.22312628862210251,1.2137549056568737,0.7184405971394882,0.5729723588416622,0.2043769605787385,0.3004029815772037,0.723780011955707,0.2858593159785787,0.40882377995830477,0.8833594960388075,0.4424290315726302,0.5867810590431014,0.09131756577226925,
B_argmax,8,0.25,8.0,44403.4358974359,11100.48717948718,11100.48717948718,59403.743589743586,0.287951796730802,0.6419555831983143,0.4649536899645581,0.38870855223796624,0.29912078943397663,0.33678065177319877,0.5795307485502242,0.441073338135151,0.49937275682107396,0.8306880514493205,0.6504039765178574,0.7269111477457193,0.11133500078272725,
B_argmax,8,0.5,8.0,44403.4358974359,22201.48717948718,22201.48717948718,59403.743589743586,0.37640058145375666,0.4057091962457399,0.3910548888497483,0.2827112709739121,0.3952676734892538,0.3283302760297873,0.4667984661187278,0.585143992186166,0.517139734383734,0.757919185120546,0.7828943968238985,0.7671601377273052,0.11001498950347062,
B_argmax,8,1.0,8.0,44403.4358974359,44403.4358974359,44403.4358974359,59403.743589743586,0.5306464324116851,0.30507841787608336,0.4178624251438842,0.20519614980680964,0.5196871354842073,0.2932115327158055,0.3648808253912832,0.7154399625516182,0.4812031355552111,0.6603926470996567,0.8580523399264547,0.7440637694256577,0.09746320541203965,
B_argmax,16,0.02,15.692307692307692,66407.23076923077,1327.6153846153845,1327.6153846153845,59403.743589743586,0.2151658265027058,1.9375281869141974,1.0763470067084515,0.7754667803590295,0.09094034488301372,0.1625073846525864,0.8250218219207147,0.12010836380035703,0.20920127579105272,0.8660998588668443,0.20803664393912413,0.333518417804501,0.04312767501091523,
B_argmax,16,0.05,15.692307692307692,66407.23076923077,3319.923076923077,3319.923076923077,59403.743589743586,0.21343377176942277,1.4217673166979763,0.8176005442336995,0.6364489874901605,0.17298855648203323,0.27128417603025895,0.7611412807921065,0.23561246950925566,0.35895016099210125,0.8875940187282745,0.37502938216994336,0.5249571104883107,0.08058089894459394,
B_argmax,16,0.1,15.692307692307692,66407.23076923077,6640.282051282052,6640.282051282052,59403.743589743586,0.23519979691941764,1.0055934567441613,0.6203966268317895,0.5076836389709202,0.24354345653657866,0.32811836716774123,0.6848774897930698,0.3352762236948045,0.44905887877232786,0.8783725666102603,0.506632460464824,0.6401758924248148,0.10688512293342499,
B_argmax,16,0.25,15.692307692307692,66407.23076923077,16601.48717948718,16601.48717948718,59403.743589743586,0.31985106092842724,0.541648946963335,0.43075000394588114,0.33278690254393606,0.34575440326053664,0.33782995356137635,0.5287244723435938,0.501332373277336,0.5128235271601072,0.8047242451694407,0.7038739845797335,0.7479068714328809,0.11417523938173435,
B_argmax,16,0.5,15.692307692307692,66407.23076923077,33203.41025641026,33203.41025641026,59403.743589743586,0.4120070975581321,0.3552297699742021,0.38361843376616706,0.24243353153789238,0.4568902793763611,0.3158146585923545,0.42404026513186605,0.6368346230870228,0.5070017509717013,0.7294996139941992,0.8127835189057669,0.7664357243185514,0.10588067408903576,
B_argmax,16,1.0,15.692307692307692,66407.23076923077,66407.23076923077,66407.23076923077,59403.743589743586,0.5699079379277089,0.25986125925952475,0.4148845985936168,0.17727013215070483,0.5936432861242233,0.2722557068584995,0.3307741927737397,0.7630957034459895,0.45959074989020837,0.6312303851264988,0.8808058105330306,0.7330244944528091,0.0896541244461838,
B_argmax_matchE50,-1,0.02,23.666666666666668,82324.17948717948,288.12820512820514,288.12820512820514,59403.743589743586,0.26484029523899955,2.4572480289491105,1.361044162094055,0.7767839723705041,0.022429475397010692,0.0435537043749908,0.7929880203991883,0.03658461183731938,0.06978944068443318,0.809796978957848,0.08528625627580168,0.1536239514331014,0.00893627718617306,
B_argmax_matchE50,-1,0.05,23.666666666666668,82324.17948717948,721.0769230769231,721.0769230769231,59403.743589743586,0.23226491492209492,2.250857039929832,1.2415609774259637,0.7949458317418995,0.05084756858994268,0.0953378389773016,0.8160606180705864,0.06968822891495775,0.1279243668521827,0.8438269449585897,0.13166895291127712,0.22630861760063106,0.02322541739185603,
B_argmax_matchE50,-1,0.1,23.666666666666668,82324.17948717948,1442.6923076923076,1442.6923076923076,59403.743589743586,0.21367181005060942,1.9464176955942936,1.0800447528224515,0.7738949174396724,0.09426813154232229,0.16730059677350087,0.823767735293963,0.12383774765240724,0.21408438331171703,0.8663637846504727,0.21189768432409223,0.3365474416243443,0.044987087866236494,
B_argmax_matchE50,-1,0.25,23.666666666666668,82324.17948717948,3607.5384615384614,3607.5384615384614,59403.743589743586,0.20858873184091373,1.4456470585889614,0.8271178952149376,0.6340196365571035,0.1773126927744794,0.27499436980058245,0.763063906330939,0.24130607263091092,0.36362243241969944,0.8912138399994226,0.3769525397698273,0.5251391065894448,0.08316173725012457,
B_argmax_matchE50,-1,0.5,23.666666666666668,82324.17948717948,7215.51282051282,7215.51282051282,59403.743589743586,0.2312785608006307,1.0154001504133952,0.6233393556070129,0.5066619274196714,0.24775408098467394,0.32998822115561965,0.6892030945652733,0.3351627813746872,0.4478168483534892,0.8838608090047659,0.4999586590437469,0.6341786602276789,0.10972266351540845,
B_argmax_matchE50,-1,1.0,23.666666666666668,82324.17948717948,14431.589743589744,14431.589743589744,59403.743589743586,0.2981743863912452,0.6442808689394128,0.47122762766532905,0.3698232985525945,0.3199028996107218,0.34025544490089343,0.5726900405420684,0.4559577974465421,0.5049180719947082,0.8298015024802896,0.6558791461319938,0.7289267716934329,0.11648237867690853,
B_argmax_matchE50,1,0.02,1.0,9059.564102564103,44.794871794871796,44.794871794871796,59403.743589743586,0.2596340919602132,3.2918300388283055,1.775732065394259,0.7229835868875154,0.004204156817779475,0.008356159076639514,0.7318600556785951,0.007884856087045767,0.015590546470038083,0.7824885571171973,0.025555724746490222,0.04941620924597396,0.0016830912620390277,
B_argmax_matchE50,1,0.05,1.0,9059.564102564103,112.87179487179488,112.87179487179488,59403.743589743586,0.24366050291870214,3.127167015488018,1.6854137592033602,0.7251323758596823,0.009628106204400827,0.018984102244802768,0.7526897766186864,0.015768852819602993,0.030848990851221145,0.8128406605349142,0.04232121598993343,0.08020450300457979,0.00420333637123139,
B_argmax_matchE50,1,0.1,1.0,9059.564102564103,226.2051282051282,226.2051282051282,59403.743589743586,0.2306093990086454,2.9543509054990973,1.5924801522538714,0.7288949436167937,0.018455931631112595,0.0359351603067254,0.774532183854362,0.02795359748429242,0.05384229632060992,0.8361609586523776,0.06386711992315718,0.11812545164375834,0.008339256106827817,
B_argmax_matchE50,1,0.25,1.0,9059.564102564103,566.2564102564103,566.2564102564103,59403.743589743586,0.2199175777733364,2.5800229654752287,1.3999702716242826,0.6974840097185907,0.0423216503206602,0.07949886862630598,0.7810915213722286,0.06376421583021938,0.11710935480492914,0.8613787247101689,0.12491759662878402,0.21499528547062333,0.019486516214664427,
B_argmax_matchE50,1,0.5,1.0,9059.564102564103,1133.025641025641,1133.025641025641,59403.743589743586,0.2241482079981379,2.139043394433645,1.1815958012158911,0.6296249224168905,0.07331499604658792,0.13044123560122267,0.7501246006978636,0.11140203468738245,0.19197488241395116,0.8682906348756996,0.2082168205638144,0.3303508105742751,0.03320095450148377,
B_argmax_matchE50,1,1.0,1.0,9059.564102564103,2266.5897435897436,2266.5897435897436,59403.743589743586,0.24274488661710458,1.5589125584837629,0.9008287225504338,0.5236828722223332,0.11378283888975196,0.18491259126332,0.6777596836174765,0.17764929464172718,0.277551918701247,0.8627000328280215,0.3247355360926601,0.4644092552086886,0.04992267117258396,
B_argmax_matchE50,2,0.02,2.0,16179.641025641025,75.76923076923077,75.76923076923077,59403.743589743586,0.17608236098311725,2.536657533512786,1.3563699472479518,0.7317971474540808,0.006918475922057934,0.013701335908370211,0.8123181039924035,0.015477454154939209,0.03034903237308878,0.8802918859519872,0.05335521937691448,0.10026126562284454,0.002528753576800601,
B_argmax_matchE50,2,0.05,2.0,16179.641025641025,189.92307692307693,189.92307692307693,59403.743589743586,0.17538114740801777,2.3965211992351145,1.2859511733215663,0.7134874532466419,0.015106338402508582,0.02956337273765756,0.8095591887293998,0.028933536507134257,0.0557950468518834,0.8876571393425278,0.08031066995274067,0.1466384804804878,0.00601597605738589,
B_argmax_matchE50,2,0.1,2.0,16179.641025641025,380.4871794871795,380.4871794871795,59403.743589743586,0.17440238960591417,2.2422764053831865,1.2083393974945504,0.7028270846122923,0.028106649739907646,0.05397088436952643,0.8095098970644917,0.04855794018167582,0.09141641574262654,0.8943934546658804,0.11469504541098267,0.2022015576978855,0.01187300114689727,
B_argmax_matchE50,2,0.25,2.0,16179.641025641025,952.1025641025641,952.1025641025641,59403.743589743586,0.18133895733223948,1.9250285175854622,1.0531837374588509,0.6826118153274658,0.0647734755997123,0.11792329400056929,0.7969506709795576,0.10338296128986638,0.18221490752882735,0.8945424869584178,0.19923044816184116,0.32334764581014624,0.028609972097093046,
B_argmax_matchE50,2,0.5,2.0,16179.641025641025,1904.820512820513,1904.820512820513,59403.743589743586,0.1981821395837403,1.54144510595777,0.8698136227707552,0.6373414292838219,0.11584885535338231,0.19506001349733737,0.767401282370322,0.17887669235931414,0.28804478470873673,0.8862188401380001,0.32259866205474275,0.4676381308476025,0.051534547604166314,
B_argmax_matchE50,2,1.0,2.0,16179.641025641025,3810.025641025641,3810.025641025641,59403.743589743586,0.23414715720960905,1.076172648601505,0.6551599029055571,0.5284874557891371,0.1799452353363558,0.2665416463446309,0.6870452682595479,0.2783538559497213,0.39321698924578097,0.8658575191499068,0.47362948076147593,0.6086115964880776,0.07652746566730434,
B_argmax_matchE50,4,0.02,4.0,28282.20512820513,123.56410256410257,123.56410256410257,59403.743589743586,0.24530721520962492,2.433296150653085,1.339301682931355,0.7395013550075449,0.011366675095046278,0.022382537831390322,0.7836825704747746,0.02495557952726194,0.048320566782242856,0.8256111514573772,0.07946152390364802,0.1443321217017139,0.003942749968630141,
B_argmax_matchE50,4,0.05,4.0,28282.20512820513,309.61538461538464,309.61538461538464,59403.743589743586,0.2337805829839904,2.3099033438400953,1.2718419634120428,0.7500189533809438,0.025326920645719262,0.04896436871554633,0.7933677891957746,0.04458314673295359,0.08424790539884695,0.8385539635862518,0.10977431759021439,0.19288185386333387,0.01004393768405917,
B_argmax_matchE50,4,0.1,4.0,28282.20512820513,619.7179487179487,619.7179487179487,59403.743589743586,0.2222151205497903,2.1668759312966186,1.1945455259232045,0.7539838067018454,0.04639310168932016,0.08730362117890715,0.8046303222478988,0.07187473065537944,0.13154495990875914,0.8520578153504054,0.14811349800376641,0.25056627053680136,0.020091581682872246,
B_argmax_matchE50,4,0.25,4.0,28282.20512820513,1550.1538461538462,1550.1538461538462,59403.743589743586,0.20436792616979302,1.7754312557758078,0.9898995909728003,0.7390889957824609,0.1052635501213199,0.18384591417141558,0.8115664149961237,0.14902711054798712,0.2507355024619365,0.8762447408421655,0.2604363857602407,0.39809927652028737,0.04797848957902863,
B_argmax_matchE50,4,0.5,4.0,28282.20512820513,3100.8205128205127,3100.8205128205127,59403.743589743586,0.21294490401917882,1.3532556187278162,0.7831002613734975,0.6380702154623312,0.17336111359454057,0.27177290263033194,0.7639301471796243,0.2500478629419781,0.3747497211860181,0.8846514178461425,0.4047553751340656,0.550849510737374,0.0767519638759503,
B_argmax_matchE50,4,1.0,4.0,28282.20512820513,6202.102564102564,6202.102564102564,59403.743589743586,0.24881235402938032,0.9128852220863646,0.5808487880578724,0.4959424510307822,0.24359720360512332,0.3254559146639231,0.6653250176093893,0.35367182431584326,0.4600338134924334,0.8609030662464873,0.5460200284969197,0.6660599919266885,0.10139627105658432,
B_argmax_matchE50,8,0.02,8.0,44403.4358974359,171.3846153846154,171.3846153846154,59403.743589743586,0.27264708103899404,2.457700154607504,1.365173617823249,0.7453880732361668,0.015196091659601785,0.029771936751842303,0.774736237836938,0.030541537458578374,0.05865049945673045,0.7992055881807945,0.08259947324435804,0.14883556175072635,0.0054263273937200564,
B_argmax_matchE50,8,0.05,8.0,44403.4358974359,429.2564102564103,429.2564102564103,59403.743589743586,0.2509445747044178,2.3294494935198276,1.2901970341121227,0.7679831101736264,0.03296030381520428,0.06315834374406731,0.7943519658162421,0.051433630485566,0.09638593922408707,0.8242508519318398,0.11035368052607616,0.1934578145272407,0.014172740742980871,
B_argmax_matchE50,8,0.1,8.0,44403.4358974359,859.0512820512821,859.0512820512821,59403.743589743586,0.22810785326759273,2.127666058177256,1.1778869557224245,0.7766128576562813,0.062021266076788546,0.1146881649242476,0.8136749462695781,0.08648560363367815,0.15584506423076752,0.8497808637523849,0.16078835921012094,0.26849775563885014,0.028551127194775816,
B_argmax_matchE50,8,0.25,8.0,44403.4358974359,2148.4102564102564,2148.4102564102564,59403.743589743586,0.20890797949806755,1.6160277987790377,0.9124678891385526,0.7117252493817995,0.1333752410086933,0.2239738073158155,0.8020659805759983,0.18589995864217304,0.3003658665844796,0.8818924884399015,0.3157224071033482,0.4604835890559447,0.06221967575899443,
B_argmax_matchE50,8,0.5,8.0,44403.4358974359,4297.282051282052,4297.282051282052,59403.743589743586,0.21760536353662524,1.2634403351403358,0.7405228493384804,0.5840916894375184,0.20408265382083177,0.30131197041090235,0.7338258152674598,0.2850388315823018,0.408472647367928,0.8884704420651426,0.43402110053761644,0.5791371031460608,0.09141480516581568,
B_argmax_matchE50,8,1.0,8.0,44403.4358974359,8595.076923076924,8595.076923076924,59403.743589743586,0.26032323826958187,0.7803735303161142,0.5203483842928481,0.44105796130567626,0.2734664072232116,0.33618563263607565,0.6301884004920871,0.3927853564970541,0.48267312083329555,0.8567918682492001,0.5871052601230928,0.6949767719812042,0.1105628870002753,
B_argmax_matchE50,16,0.02,15.692307692307692,66407.23076923077,234.07692307692307,234.07692307692307,59403.743589743586,0.278082427136585,2.46181829076092,1.3699503589487523,0.7614181669549261,0.01964460230536913,0.038280812948243766,0.7811896889125841,0.03432657228838948,0.06563363271491718,0.7990016347812263,0.08329618295938171,0.15006224710838031,0.007514996597839878,
B_argmax_matchE50,16,0.05,15.692307692307692,66407.23076923077,585.7948717948718,585.7948717948718,59403.743589743586,0.24055757830320865,2.2839461686595572,1.262251873481383,0.7884319692733802,0.0438129037987685,0.08290905489917268,0.8101308789350387,0.06244526332360438,0.11563054049634837,0.8356167179936924,0.12289393399573513,0.2129998220327286,0.019704515972440457,
B_argmax_matchE50,16,0.1,15.692307692307692,66407.23076923077,1172.051282051282,1172.051282051282,59403.743589743586,0.2197392794903159,2.0200881549630867,1.119913717226701,0.7796301734101032,0.08211547807161323,0.14822652916849444,0.8221698594043608,0.1090925785113236,0.1918459536456187,0.860609118290381,0.18995565010543652,0.3086148684497534,0.03891290068563557,
B_argmax_matchE50,16,0.25,15.692307692307692,66407.23076923077,2931.0,2931.0,59403.743589743586,0.20996295767689588,1.496360331353489,0.8531616445151925,0.6620697590983402,0.16279748906318325,0.2603749129447793,0.7781457708269649,0.22291517774900982,0.34475840453807943,0.8891093438631836,0.3575410845705175,0.5057374323813587,0.07616172891490955,
B_argmax_matchE50,16,0.5,15.692307692307692,66407.23076923077,5862.51282051282,5862.51282051282,59403.743589743586,0.22431634114747567,1.0958842087974714,0.6601002749724736,0.5347666098141673,0.23448380276813444,0.32452767696730245,0.7060574320806307,0.3189328938053515,0.4375785319542297,0.8873474480693181,0.47707925668087914,0.6176848843689913,0.10468057470162058,
B_argmax_matchE50,16,1.0,15.692307692307692,66407.23076923077,11725.74358974359,11725.74358974359,59403.743589743586,0.28061110482882423,0.6771807636226852,0.4788959342257547,0.394479588053925,0.30455940805614473,0.34233151078263874,0.5931519767507226,0.4358680382757943,0.5014059506132362,0.8411562709908689,0.6371706265565751,0.7225208654404199,0.11589485157071823,
B_argmax_matchE75,-1,0.02,23.666666666666668,82324.17948717948,129.7948717948718,129.7948717948718,59403.743589743586,0.2913436834632821,2.5659875326897086,1.4286656080764952,0.7511303380585995,0.011678409719194873,0.02298015502202547,0.7691334043039579,0.023505827954534958,0.04551967508311122,0.7842259909484879,0.06534654778930107,0.12008462251042126,0.0037197844037441218,
B_argmax_matchE75,-1,0.05,23.666666666666668,82324.17948717948,325.2564102564103,325.2564102564103,59403.743589743586,0.2586823175492887,2.4418819514322334,1.350282134490761,0.7800102157140666,0.024539745469353457,0.04749691337285214,0.7968475926410653,0.03909605663505526,0.07429590179725391,0.8139641434937744,0.08912266220628941,0.15962779595472706,0.009933693617512477,
B_argmax_matchE75,-1,0.1,23.666666666666668,82324.17948717948,650.9487179487179,650.9487179487179,59403.743589743586,0.2343426254938698,2.289600304353116,1.2619714649234928,0.7941156824926083,0.04541202999651247,0.0856057281856025,0.8140176947063394,0.06359070540050177,0.11733632740254861,0.8395257846579409,0.12276839397832849,0.2124413145079167,0.02050896084662639,
B_argmax_matchE75,-1,0.25,23.666666666666668,82324.17948717948,1628.1538461538462,1628.1538461538462,59403.743589743586,0.20778801932821586,1.8877285522704217,1.0477582857993188,0.765151068181769,0.10203304627929682,0.17876425637529178,0.8231725765418033,0.13531638767740192,0.23011296381183285,0.8722783665268407,0.23180751355810408,0.3599352960316674,0.04866201663042911,
B_argmax_matchE75,-1,0.5,23.666666666666668,82324.17948717948,3256.7179487179487,3256.7179487179487,59403.743589743586,0.2061139746080189,1.4999055102576027,0.8530097424328108,0.6588237071737952,0.16507384472350636,0.261305908004744,0.776742418027375,0.2246364726277883,0.3446741191827374,0.8907408324670658,0.35706923313378947,0.5041429922778852,0.0779085887598875,
B_argmax_matchE75,-1,1.0,23.666666666666668,82324.17948717948,6513.820512820513,6513.820512820513,59403.743589743586,0.223445544991974,1.1076248338813615,0.6655351894366677,0.5314718136160596,0.2363714146321444,0.3233523023304577,0.7061105100199488,0.3200875553983612,0.4360425422732402,0.8887239615495637,0.475147969567118,0.6137908686294673,0.10581538767866806,
B_argmax_matchE75,1,0.02,1.0,9059.564102564103,22.743589743589745,22.743589743589745,59403.743589743586,0.26620648143169057,3.371230449970299,1.8187184657009947,0.7102379542405118,0.002314571181533848,0.0046130103234738404,0.7240841080866657,0.005106303500606739,0.010136086662585229,0.773448686863009,0.019443891906338835,0.03788552663804966,0.0008425115878610243,
B_argmax_matchE75,1,0.05,1.0,9059.564102564103,57.61538461538461,57.61538461538461,59403.743589743586,0.2550882160179633,3.251165727024641,1.7531269715213023,0.7257616524173067,0.005285817343006449,0.01048872779523743,0.7407720829386285,0.009389146060527013,0.018526375064057802,0.7920761014268639,0.02924846852241271,0.05631407805991799,0.0021585833184423245,
B_argmax_matchE75,1,0.1,1.0,9059.564102564103,115.64102564102564,115.64102564102564,59403.743589743586,0.24339150237167856,3.1229193442741243,1.6831554233229014,0.7270727627542228,0.009785490013427421,0.019287439622574495,0.7538000836851215,0.01588508286673955,0.03106423763165956,0.8140184930018268,0.042640224764796945,0.08075125966833399,0.004274758521983704,
B_argmax_matchE75,1,0.25,1.0,9059.564102564103,290.05128205128204,290.05128205128204,59403.743589743586,0.22382097259573486,2.8693054402865528,1.5465632064411439,0.7286437131106601,0.023241608981668105,0.044932366567479384,0.7821990191593898,0.03479128866296639,0.06641007487579673,0.8462276614214687,0.0757945944643031,0.13841666296545826,0.010558014508944415,
B_argmax_matchE75,1,0.5,1.0,9059.564102564103,580.6153846153846,580.6153846153846,59403.743589743586,0.21958376300263005,2.571984560165005,1.3957841615838176,0.6975035935457478,0.04304767016198495,0.08072777896746668,0.7807056812229392,0.06437162109914683,0.11813654940195664,0.8625493059987289,0.12576169982773547,0.21647250629673528,0.019741957853429005,
B_argmax_matchE75,1,1.0,1.0,9059.564102564103,1161.6410256410256,1161.6410256410256,59403.743589743586,0.22323096579889196,2.130888600639611,1.1770597832192513,0.6299099264535375,0.07414552537682231,0.13157988717517363,0.7490101518207021,0.11286754739847545,0.19387222222926365,0.8695073845943747,0.21078903294683904,0.33303855039207825,0.033432650804662616,
B_argmax_matchE75,2,0.02,2.0,16179.641025641025,36.256410256410255,36.256410256410255,59403.743589743586,0.1755778235100315,2.6085557220595885,1.39206677278481,0.7519420790423041,0.003753586395698307,0.007466583779959335,0.8124701622327811,0.009769640174604117,0.019292277761306292,0.8778639544611707,0.041623683011077744,0.07924884478410314,0.0012563620483924704,
B_argmax_matchE75,2,0.05,2.0,16179.641025641025,91.33333333333333,91.33333333333333,59403.743589743586,0.17361089722509332,2.5116117892283807,1.342611343226737,0.7311756155568595,0.007977195460878436,0.01576926081125749,0.8124391510795373,0.01724449180651229,0.03373396108830596,0.8841650878901424,0.05745864748991634,0.10751458105571846,0.002978321146140447,
B_argmax_matchE75,2,0.1,2.0,16179.641025641025,183.2051282051282,183.2051282051282,59403.743589743586,0.17483007916476218,2.4063249171176313,1.2905774981411966,0.7160915234164621,0.014528606372358897,0.02844512641597512,0.8100329908268101,0.02802384998629246,0.05408956744295897,0.8880627998972352,0.07851567000285778,0.14360355677630846,0.005716371491603195,
B_argmax_matchE75,2,0.25,2.0,16179.641025641025,458.79487179487177,458.79487179487177,59403.743589743586,0.17388672577175948,2.1973159214648135,1.1856013236182865,0.7012336984642683,0.032910987244568354,0.06270057542826951,0.8093914545842801,0.05555258115625479,0.10361183140362125,0.8963708905058271,0.1260268427642431,0.21948018344803957,0.0140509570696562,
B_argmax_matchE75,2,0.5,2.0,16179.641025641025,918.1025641025641,918.1025641025641,59403.743589743586,0.1798207644667889,1.9472277992043103,1.0635242818355497,0.6855921636163457,0.062076169301015525,0.11329710996349007,0.7995685547752507,0.0985613887858992,0.17443996418267504,0.8954540268293494,0.19198293930771287,0.31357554448223784,0.02725583054856588,
B_argmax_matchE75,2,1.0,2.0,16179.641025641025,1836.7692307692307,1836.7692307692307,59403.743589743586,0.19588537070839457,1.568294047424274,0.8820897090663342,0.6427447618389184,0.11127842454522291,0.1883920415728065,0.7707699899100231,0.17256232526065673,0.279594122961714,0.8877449463822851,0.31332027751247526,0.4575163511359418,0.049347572527727146,
B_argmax_matchE75,4,0.02,4.0,28282.20512820513,62.87179487179487,62.87179487179487,59403.743589743586,0.23854618370019492,2.489470068306676,1.3640081260034354,0.7473089029451626,0.006426427485380599,0.012740891776514064,0.7902560292459443,0.016890924093935018,0.03305083633663126,0.8314111025395078,0.06680295544071338,0.12321678941437007,0.001996978004741358,
B_argmax_matchE75,4,0.05,4.0,28282.20512820513,157.92307692307693,157.92307692307693,59403.743589743586,0.2441038658476885,2.408498388264592,1.3263011270561402,0.7384282055770958,0.013909490128050726,0.027294031307464477,0.7845090201873642,0.02886490322652825,0.05561307211709547,0.8268101753500159,0.08513952813194522,0.1536723581291753,0.004929126975815258,
B_argmax_matchE75,4,0.1,4.0,28282.20512820513,316.38461538461536,316.38461538461536,59403.743589743586,0.23354379164971967,2.305886572697094,1.2697151821734065,0.7499071500059048,0.02561218929381722,0.04949022598071422,0.7934463063457774,0.04509250141146782,0.08512952576375736,0.8383485521245535,0.11091938078523317,0.19453676713967288,0.010041114407024631,
B_argmax_matchE75,4,0.25,4.0,28282.20512820513,791.8205128205128,791.8205128205128,59403.743589743586,0.21725956312296568,2.0960740263811024,1.156666794752034,0.7554209665894737,0.05747681435595654,0.10659932161944138,0.8087129891996644,0.08606459693553117,0.15481951320894452,0.8567055463366592,0.1677499494170221,0.2777985561160104,0.02515474658693063,
B_argmax_matchE75,4,0.5,4.0,28282.20512820513,1584.051282051282,1584.051282051282,59403.743589743586,0.20381447355804916,1.7675982160422434,0.9857063448001463,0.7400373179233358,0.10665919580304624,0.18582910527697133,0.8126868698234758,0.15106016527957064,0.25330252990855795,0.8760959270049243,0.262684011948339,0.4002438264428593,0.04834989850742004,
B_argmax_matchE75,4,1.0,4.0,28282.20512820513,3168.5641025641025,3168.5641025641025,59403.743589743586,0.2134310520482232,1.3507035447754534,0.7820672984118383,0.6365226386134949,0.1748297941210005,0.2731407548019094,0.7623561676759923,0.25193937960875384,0.37630089969728137,0.8838101188905142,0.40710175581954483,0.5525514651026957,0.07738548134231034,
B_argmax_matchE75,8,0.02,8.0,44403.4358974359,84.3076923076923,84.3076923076923,59403.743589743586,0.28041261828863373,2.507278191603619,1.3938454049461264,0.7331362664809338,0.00878674653439491,0.01736002883592757,0.7685111656990494,0.022671257249207537,0.04396081734859045,0.7907419353876799,0.07250683741797816,0.13202659979152812,0.002571029478132476,
B_argmax_matchE75,8,0.05,8.0,44403.4358974359,211.46153846153845,211.46153846153845,59403.743589743586,0.27217170909869676,2.439847244863688,1.3560094769811923,0.7486194940207588,0.017818295641774694,0.03478129063090289,0.776308721901618,0.033789762159455415,0.06458971952673877,0.8008206119500116,0.08707542447412037,0.15590343681418115,0.006511396258810245,
B_argmax_matchE75,8,0.1,8.0,44403.4358974359,423.4871794871795,423.4871794871795,59403.743589743586,0.25102766762184114,2.337761023029384,1.2943943453256126,0.768207883824363,0.0321785990413004,0.061683438389858763,0.7943364501869934,0.05056275714860726,0.09474701526306174,0.8229149663825951,0.10891310785987696,0.19090529978541176,0.013595178586228109,
B_argmax_matchE75,8,0.25,8.0,44403.4358974359,1059.5384615384614,1059.5384615384614,59403.743589743586,0.22064058160332478,2.051456836826242,1.1360487092147833,0.7759845645407109,0.07397973649704537,0.13464944143832802,0.8170913228085873,0.10137158379924602,0.17938452861351095,0.8569744495641339,0.18291209791288202,0.2980321264792899,0.03428238718624261,
B_argmax_matchE75,8,0.5,8.0,44403.4358974359,2119.641025641026,2119.641025641026,59403.743589743586,0.20691221309491,1.634649437363516,0.920780825229213,0.7180280917649206,0.1310530492644506,0.22056273838179835,0.8049923534179984,0.18218548024706285,0.29494111458386124,0.8813428845774135,0.3099287908154755,0.4530649081503452,0.06104753809357338,
B_argmax_matchE75,8,1.0,8.0,44403.4358974359,4239.794871794872,4239.794871794872,59403.743589743586,0.2159134103901632,1.285431446346417,0.7506724283682902,0.5901077971085795,0.20141654023333652,0.2984593305893851,0.7373346290890267,0.2811943492559467,0.40410595874644034,0.8888837627423849,0.42952367594367913,0.5747963436298428,0.09034994613282528,
B_argmax_matchE75,16,0.02,15.692307692307692,66407.23076923077,108.51282051282051,108.51282051282051,59403.743589743586,0.29547083795541845,2.54459819979871,1.4200345188770644,0.7430586863354679,0.010648614608543288,0.020986897945473617,0.7635667294578455,0.023621881848627787,0.04571393959581677,0.7799610368538855,0.06752513656590071,0.12349096010206963,0.0032710830826726814,
B_argmax_matchE75,16,0.05,15.692307692307692,66407.23076923077,271.9230769230769,271.9230769230769,59403.743589743586,0.2688785334708424,2.44622660760616,1.357552570538501,0.768563287304127,0.021924237887855462,0.04259064261727437,0.788752898590138,0.036867067073150774,0.07025976641550283,0.8060701253630708,0.08697407443953939,0.15607748976688024,0.008553755082470523,
B_argmax_matchE75,16,0.1,15.692307692307692,66407.23076923077,544.2564102564103,544.2564102564103,59403.743589743586,0.24187531920081895,2.31383074579772,1.2778530324992694,0.7872075058826227,0.040151347101454835,0.07625656793410736,0.808054186773031,0.05820313715136232,0.10815018053257489,0.8322189345464145,0.11584338353754799,0.20189994274442816,0.017750586110099293,
B_argmax_matchE75,16,0.25,15.692307692307692,66407.23076923077,1361.3589743589744,1361.3589743589744,59403.743589743586,0.21429093792406112,1.9529144059733772,1.083602671948719,0.7745194280466938,0.09195097343423096,0.16374820210219687,0.8232684629696374,0.12179151074316973,0.21086519532139222,0.8651185322175365,0.20912753212992968,0.3328305417991326,0.043600641253871635,
B_argmax_matchE75,16,0.5,15.692307692307692,66407.23076923077,2723.2051282051284,2723.2051282051284,59403.743589743586,0.20705208932095764,1.538655957213159,0.8728540232670584,0.6810937926000944,0.1538220082861759,0.24958285670971359,0.7887592445267146,0.21102294393546167,0.33039865386904643,0.888840198691715,0.3425668238800589,0.48926926225851575,0.0722192345724324,
B_argmax_matchE75,16,1.0,15.692307692307692,66407.23076923077,5446.7692307692305,5446.7692307692305,59403.743589743586,0.218810352881501,1.1675539727891864,0.6931821628353436,0.5538494031693373,0.2254902319959377,0.3183787060885545,0.7192395585138992,0.30705524126655453,0.4276162600147566,0.890737080973994,0.4586106621336525,0.6016421617622354,0.1016624147548673,
C_grid,-1,0.005,23.666666666666668,629522.7692307692,3147.2051282051284,3147.2051282051284,59403.743589743586,0.23278536596657814,1.8056458440847205,1.0192156050256493,0.6389168213539576,0.10621577624445884,0.1808290591816687,0.8318089468550807,0.13775832497541976,0.23547048046474237,0.8695534119913209,0.22756474965921575,0.3584848641878348,0.058840186043939015,0.10115758921487057
C_grid,-1,0.01,23.666666666666668,629522.7692307692,6294.794871794872,6294.794871794872,59403.743589743586,0.2338027910848566,1.5345800752358911,0.8841914331603739,0.5212827357112143,0.16353927291511966,0.24614000940147385,0.7945155232597243,0.21070536072542004,0.3304390693877228,0.8816737945198122,0.3223314873687544,0.4685302110846386,0.08512138100630237,0.10115758921487057
C_grid,-1,0.02,23.666666666666668,629522.7692307692,12590.02564102564,12590.02564102564,59403.743589743586,0.24706164265603592,1.269424286145984,0.75824296440101,0.40649023923977967,0.2463455182870891,0.3025955949106531,0.7085440307687819,0.30395091360753784,0.42157496759602364,0.885374603682395,0.41674284743537143,0.5633670007672775,0.10801713747438069,0.10115758921487057
C_grid,-1,0.05,23.666666666666668,629522.7692307692,31475.82051282051,31475.82051282051,59403.743589743586,0.30867809256485945,0.8569780686177495,0.5828280805913045,0.2829730864221245,0.39585951366266403,0.3261144393175823,0.5405569527511005,0.452903908767138,0.48804304155397543,0.8472804038823349,0.5617821084043999,0.6722103406598995,0.11779537155041944,0.10115758921487057
C_grid,-1,0.1,23.666666666666668,629522.7692307692,62951.97435897436,62951.97435897436,59403.743589743586,0.41201259511250654,0.537629179261304,0.47482088718690524,0.20976436534647241,0.5349504661689257,0.2983454101897499,0.4151950244919787,0.5911154576994202,0.48322167317493026,0.7604109523217738,0.6976815768744493,0.7242219773563883,0.10454030504375578,0.10115758921487057
C_grid,-1,0.25,23.666666666666668,629522.7692307692,157380.53846153847,157380.53846153847,59403.743589743586,0.6534291118849356,0.29156975607699603,0.4724994339809658,0.13301801565824553,0.7430624644652365,0.22426800752358686,0.274668664326457,0.780909364603357,0.4032670220256592,0.5948716478299363,0.849528356448244,0.6955400620028457,0.07347056981392035,0.10115758921487057
C_grid,-1,0.5,23.666666666666668,629522.7692307692,314761.3076923077,314761.3076923077,59403.743589743586,0.9313490821483078,0.15848973917132503,0.5449194106598164,0.08670937651585617,0.8914144641338092,0.15743957329780697,0.18309321812940632,0.9064364501402363,0.3028371315027136,0.44086428879480455,0.9313964853399784,0.5938298299184158,0.04879313138598724,0.10115758921487057
C_grid,-1,1.0,23.666666666666668,629522.7692307692,629522.7692307692,629522.7692307692,59403.743589743586,1.466772825736092,0.08768449912680976,0.7772286624314508,0.04933033801504506,0.9655498191497472,0.09368526745684812,0.10571522838233466,0.9687993703903169,0.19002393084245747,0.26803962473467946,0.9746063683424436,0.4180650782882823,0.027658266246291443,0.10115758921487057
C_grid,1,0.005,1.0,330586.10256410256,1652.5128205128206,1652.5128205128206,59403.743589743586,0.26685928121651115,1.9350869880205432,1.1009731346185272,0.6128523673328994,0.07794259041935311,0.13733996913682864,0.7590151244650405,0.12620302940990225,0.21405183866289648,0.844684293527682,0.2365141042744009,0.3630533829590575,0.033781010113937006,0.1
C_grid,1,0.01,1.0,330586.10256410256,3305.4102564102564,3305.4102564102564,59403.743589743586,0.25194276780606945,1.7849784825101718,1.0184606251581205,0.5397502635934933,0.11263350038948469,0.1844411730095552,0.7447750785002237,0.17061640999759703,0.2738657617951431,0.8626475901671733,0.28615732034121927,0.4228805748953465,0.05408045789368742,0.1
C_grid,1,0.02,1.0,330586.10256410256,6611.282051282052,6611.282051282052,59403.743589743586,0.2630986643863512,1.667363534802304,0.9652310995943276,0.438970651853938,0.1535382915969975,0.22382530765991887,0.6941680811133243,0.21385518923289504,0.32244314078682995,0.86203423342288,0.32140123199395126,0.46193838565770123,0.0755141335126368,0.1
C_grid,1,0.05,1.0,330586.10256410256,16529.02564102564,16529.02564102564,59403.743589743586,0.30736743142417783,1.1647044555720638,0.7360359434981207,0.3089920906747344,0.2409903323087314,0.2634774321928601,0.5710096406490726,0.31240063568392284,0.3944235813923384,0.8322379856100033,0.43858177840706464,0.5641951980198502,0.09460642987481825,0.1
C_grid,1,0.1,1.0,330586.10256410256,33058.333333333336,33058.333333333336,59403.743589743586,0.3684370639443627,0.7434514652213061,0.5559442645828344,0.24069347378706638,0.3602696987898369,0.28229250336349215,0.4672050958232308,0.4491704554173356,0.4492377468035852,0.7767490017363843,0.5946340707327179,0.6635956550607905,0.10014422949776695,0.1
C_grid,1,0.25,1.0,330586.10256410256,82646.38461538461,82646.38461538461,59403.743589743586,0.5195429941520477,0.5031970760749561,0.511370035113502,0.17256285152760992,0.5491035111240663,0.2592935615559619,0.3449781802563475,0.6216834107632461,0.4382137712417095,0.6625581364147117,0.7384440820502691,0.691699395602539,0.08935519471888928,0.1
C_grid,1,0.5,1.0,330586.10256410256,165293.0,165293.0,59403.743589743586,0.6545949252834914,0.3791235939722343,0.5168592596278628,0.122596074124769,0.6990048362638925,0.20676417708254505,0.2547201221282729,0.7416530941968484,0.375146995048351,0.5643756709757234,0.809695748733375,0.6584685738656713,0.06788209492628847,0.1
C_grid,1,1.0,1.0,330586.10256410256,330586.10256410256,330586.10256410256,59403.743589743586,0.8328081544249472,0.25326008093095204,0.5430341176779496,0.08113583553925834,0.8538268398332849,0.14730231147718248,0.17183349644877352,0.8628156880482862,0.2841020517059333,0.4259673114223184,0.8840847364908411,0.5686165213844908,0.045951015701354944,0.1
C_grid,2,0.005,2.0,473116.07692307694,2365.102564102564,2365.102564102564,59403.743589743586,0.24378418352531975,1.5519919559210615,0.8978880697231907,0.5944665224935658,0.09459937011629352,0.16190911548687117,0.7674705377327076,0.15036486339246627,0.24988270042765284,0.8626148244786805,0.281714301898585,0.4212510655751416,0.03993143743932415,0.10008472320334626
C_grid,2,0.01,2.0,473116.07692307694,4730.641025641025,4730.641025641025,59403.743589743586,0.24122270622900316,1.3347101643395716,0.7879664352842873,0.5333037356309732,0.14667706644802214,0.22757724117839787,0.7516445955036624,0.21868223737762635,0.33630990324067567,0.8685618550871874,0.3646184693885503,0.5105146159194444,0.06556925757354234,0.10008472320334626
C_grid,2,0.02,2.0,473116.07692307694,9461.871794871795,9461.871794871795,59403.743589743586,0.256324490547357,1.136403133737226,0.6963638121422916,0.4447838888733399,0.21602712201800983,0.2863219233476664,0.7044794698708184,0.2973117673125603,0.4136500860903581,0.862612481312762,0.4500467882334769,0.5885728263904138,0.0933687771899741,0.10008472320334626
C_grid,2,0.05,2.0,473116.07692307694,23655.51282051282,23655.51282051282,59403.743589743586,0.3122814451791685,0.8485741351475511,0.5804277901633598,0.31905748575952825,0.33575582566229795,0.3210197362149614,0.5765594316105845,0.42289363390371437,0.4816137334174864,0.8280833704849885,0.5644366364194773,0.6676671125782558,0.11363502463087335,0.10008472320334626
C_grid,2,0.1,2.0,473116.07692307694,47311.333333333336,47311.333333333336,59403.743589743586,0.3767284428673394,0.598566144098661,0.48764729348300034,0.24372682330171236,0.4699819739092686,0.3155026331709689,0.47031915429823773,0.5539674999223176,0.5008008676415057,0.7843465454090883,0.6812713611236413,0.7234668515128063,0.1119310364085891,0.10008472320334626
C_grid,2,0.25,2.0,473116.07692307694,118278.8717948718,118278.8717948718,59403.743589743586,0.5775449457431996,0.3372046631580405,0.45737480445062006,0.16164087106569894,0.673353735420519,0.2578242385625284,0.32621540296457585,0.7326719866119318,0.44548819629296016,0.6536638390272425,0.8217781779361045,0.7210851972720519,0.08723597817725037,0.10008472320334626
C_grid,2,0.5,2.0,473116.07692307694,236558.0,236558.0,59403.743589743586,0.8043921628710275,0.22234581427689457,0.5133689885739611,0.10946833875032923,0.818221165882869,0.19165721217033568,0.2277928569072649,0.8466434903803768,0.3552246731909226,0.5221653484712142,0.8919527009136322,0.6514789968896342,0.06145346098636148,0.10008472320334626
C_grid,2,1.0,2.0,473116.07692307694,473116.07692307694,473116.07692307694,59403.743589743586,1.0843447220935662,0.12425604813898587,0.604300385116276,0.06854344579728805,0.9407362403009776,0.12717155004483222,0.14578324104197185,0.9444796819156821,0.2506327632033218,0.3647486720244944,0.9534077225948095,0.521496372263791,0.03870902717284276,0.10008472320334626
C_grid,4,0.005,4.0,534908.4871794871,2674.051282051282,2674.051282051282,59403.743589743586,0.22722277147038433,1.6823564879465494,0.9547896297084668,0.6503553329788746,0.10318458344079559,0.17678899091431546,0.8254353146698066,0.14664288284937646,0.24782351042614584,0.8704581251469421,0.2546527201031961,0.3908549964517878,0.05014016072858957,0.10022020029057808
C_grid,4,0.01,4.0,534908.4871794871,5348.589743589743,5348.589743589743,59403.743589743586,0.23321133906659183,1.446156484517059,0.8396839117918256,0.5544380012292155,0.15530034747351776,0.23963410083328812,0.7990177357487389,0.21226478749285627,0.332520554306915,0.8787524036097978,0.34286871432999677,0.4887930875190395,0.0776220677566544,0.10022020029057808
C_grid,4,0.02,4.0,534908.4871794871,10697.692307692309,10697.692307692309,59403.743589743586,0.24509727670484607,1.222710503494092,0.733903890099469,0.44196442122062424,0.2293921480027736,0.2968035028368284,0.7302991064425864,0.3005311777070646,0.42090420572932236,0.8830266300952542,0.4333359230451427,0.5771826612871312,0.10416135712896185,0.10022020029057808
C_grid,4,0.05,4.0,534908.4871794871,26745.076923076922,26745.076923076922,59403.743589743586,0.299363599983861,0.8650552183462742,0.5822094091650677,0.30838623877301274,0.3679333994847211,0.3299267093080314,0.5764273882729748,0.4409699985679462,0.4937247713360405,0.8492166155706826,0.5605195327044081,0.6716412819094956,0.11894614249143057,0.10022020029057808
C_grid,4,0.1,4.0,534908.4871794871,53490.53846153846,53490.53846153846,59403.743589743586,0.3751711013242326,0.5610031399261881,0.46808712062521035,0.23391938770079798,0.5053783170534855,0.31544148520321674,0.4564440530436488,0.5745032668974129,0.5023119420141118,0.7874765557246189,0.6887210150307357,0.7301772050847711,0.11201150902365214,0.10022020029057808
C_grid,4,0.25,4.0,534908.4871794871,133726.94871794872,133726.94871794872,59403.743589743586,0.5724498364715048,0.3072324084649848,0.4398411224682448,0.15145241138306484,0.7108572565983083,0.24762725426565327,0.3089376875232966,0.757445004767724,0.4346039477987817,0.6404598392152122,0.8350150563223446,0.72009997807049,0.08282587994543607,0.10022020029057808
C_grid,4,0.5,4.0,534908.4871794871,267454.1794871795,267454.1794871795,59403.743589743586,0.8306356336451801,0.17993083878373553,0.5052832362144578,0.10066252085491878,0.8576926697874173,0.17919542670575547,0.21102926638966438,0.8806524030595785,0.33787799334293,0.49463899049042453,0.9175557690166676,0.6374523540094883,0.05676385798626349,0.10022020029057808
C_grid,4,1.0,4.0,534908.4871794871,534908.4871794871,534908.4871794871,59403.743589743586,1.229291238922363,0.10339586945837145,0.6663435541903672,0.06001955125435389,0.9539082803237771,0.1125777059963372,0.12809667550221723,0.9575749552704571,0.2248286924455538,0.32312232377141603,0.9667188048690701,0.4804349453674678,0.03385028396372316,0.10022020029057808
C_grid,8,0.005,8.0,566229.5897435897,2830.7179487179487,2830.7179487179487,59403.743589743586,0.2268585653192445,1.7823156059306575,1.004587085624951,0.6586531773893124,0.10186895181109656,0.1751001985481178,0.8351366364383684,0.13599450729545678,0.23289346860772164,0.8721028884630291,0.23094264734866174,0.36216293597069943,0.05494782927536812,0.1004203514514185
C_grid,8,0.01,8.0,566229.5897435897,5661.846153846154,5661.846153846154,59403.743589743586,0.22889236588251685,1.5112183647328994,0.8700553653077082,0.5512947017528993,0.15552671698852633,0.23964989074895598,0.8033353476305521,0.20570881405574212,0.3245358643005014,0.8820863813690796,0.3230515951309016,0.46859500682081984,0.08236599971098864,0.1004203514514185
C_grid,8,0.02,8.0,566229.5897435897,11324.102564102564,11324.102564102564,59403.743589743586,0.24204121007705842,1.2686196745188967,0.7553304422979774,0.431745255600497,0.23216595420829902,0.29704840843102637,0.7292557900485014,0.2956880435365589,0.4160371322314556,0.8861754963333244,0.4165117112261386,0.5625976214238468,0.10706007067927568,0.1004203514514185
C_grid,8,0.05,8.0,566229.5897435897,28311.128205128207,28311.128205128207,59403.743589743586,0.2978070206209282,0.8746349097811452,0.5862209652010366,0.3022138972541419,0.3756605740377972,0.33001741947638064,0.5689614484821377,0.4391623186393282,0.4901827153940661,0.8530159273232266,0.5545799873945159,0.6683870492876574,0.12002248114702514,0.1004203514514185
C_grid,8,0.1,8.0,566229.5897435897,56622.64102564102,56622.64102564102,59403.743589743586,0.380125153588575,0.569472479419684,0.47479881650412953,0.226204969370674,0.5109583931126737,0.3097282509680489,0.4439051564144535,0.573943339482929,0.4949829914300287,0.7819205312927701,0.685551189691326,0.7260926819932072,0.11004060587145262,0.1004203514514185
C_grid,8,0.25,8.0,566229.5897435897,141557.2564102564,141557.2564102564,59403.743589743586,0.6067997019045099,0.3126179458010498,0.4597088238527798,0.14537537048439464,0.7198623408237622,0.24006572688376002,0.29746931844628716,0.7625122286078542,0.42412488189013164,0.6258590523919149,0.8368199843318191,0.7113953138469472,0.07998526920959823,0.1004203514514185
C_grid,8,0.5,8.0,566229.5897435897,283114.74358974356,283114.74358974356,59403.743589743586,0.8567860581605314,0.18149850866903636,0.519142283414784,0.09638831899752165,0.8695868940210261,0.17264520424930926,0.20228529989529567,0.8883045010196471,0.3270449172513648,0.47801620119094823,0.9196253046286529,0.6235814432591825,0.05434182351927451,0.1004203514514185
C_grid,8,1.0,8.0,566229.5897435897,566229.5897435897,566229.5897435897,59403.743589743586,1.2947813913143087,0.10676288598083798,0.7007721386475734,0.05594634165615091,0.9530179084753709,0.1053847370380019,0.11940955274021246,0.9556695422565639,0.2112893051640458,0.3018647242123026,0.9630804862687231,0.4559104198518784,0.031496017924281604,0.1004203514514185
C_grid,16,0.005,15.692307692307692,620843.1025641026,3103.8205128205127,3103.8205128205127,59403.743589743586,0.22848819704830484,1.789909716937327,1.009198956992816,0.6373289610795287,0.10593067568336562,0.18047634750139027,0.8362848692015188,0.1378959993191897,0.23593769118685096,0.8728011472955598,0.22929820547662125,0.36070393748641955,0.060150212299858945,0.10070469231616148
C_grid,16,0.01,15.692307692307692,620843.1025641026,6207.974358974359,6207.974358974359,59403.743589743586,0.2332140380956005,1.5182035163411367,0.8757087772183686,0.525263017383959,0.16296794215889496,0.24597681443826808,0.7979449774782029,0.21060979280432526,0.330632636794921,0.8811941806602789,0.32447262776209346,0.4705814194531655,0.08706854767613696,0.10070469231616148
C_grid,16,0.02,15.692307692307692,620843.1025641026,12416.410256410256,12416.410256410256,59403.743589743586,0.24659705324650544,1.2586633410431964,0.7526301971448509,0.4101429000397304,0.24481403405735577,0.3023231173903903,0.7125784500576745,0.3044494517287772,0.42253252289127247,0.88586962573866,0.4205178094671527,0.5663820801588884,0.11003663536643771,0.10070469231616148
C_grid,16,0.05,15.692307692307692,620843.1025641026,31041.846153846152,31041.846153846152,59403.743589743586,0.3042440155606986,0.8545031371908127,0.5793735763757557,0.28705772415313735,0.3937684084074446,0.328009247215503,0.5479263042633632,0.4528645797653036,0.491039010603957,0.850868615479984,0.5625488688762655,0.673895347718063,0.11987522077471614,0.10070469231616148
C_grid,16,0.1,15.692307692307692,620843.1025641026,62084.05128205128,62084.05128205128,59403.743589743586,0.3987695124681388,0.5361256653263944,0.46744758889726656,0.21342329133702032,0.5330182436397343,0.30173720641460605,0.4220383643452171,0.5910768179203463,0.48788511230646975,0.7673788291988064,0.6977659689441887,0.7273365437857979,0.10681197495817554,0.10070469231616148
C_grid,16,0.25,15.692307692307692,620843.1025641026,155210.64102564103,155210.64102564103,59403.743589743586,0.6342651789734998,0.28926804421607616,0.461766611594788,0.13549945437397395,0.7415137314868556,0.22775893534708325,0.2794771629426885,0.779945085287352,0.4084087857268452,0.6030367912119636,0.8501265946935394,0.7014893341226849,0.0753636093062244,0.10070469231616148
C_grid,16,0.5,15.692307692307692,620843.1025641026,310421.5128205128,310421.5128205128,59403.743589743586,0.9136396563582124,0.1585632826071015,0.536101469482657,0.0883730099991338,0.8883650734170246,0.16013528248934086,0.1865788561134103,0.9044096897922742,0.307510638497686,0.44834800305335093,0.931349073827935,0.6007126286922146,0.04996993011992114,0.10070469231616148
C_grid,16,1.0,15.692307692307692,620843.1025641026,620843.1025641026,620843.1025641026,59403.743589743586,1.428574761850637,0.08795992829461365,0.7582673450726253,0.05060921698088534,0.9649568915806588,0.09598293957730497,0.1084683929848639,0.9680424101342637,0.19443614044119473,0.27498026203502124,0.9745401901398552,0.4264498806748335,0.028502921808070392,0.10070469231616148
C_on_B,-1,0.02,23.666666666666668,82324.17948717948,1645.974358974359,1645.974358974359,59403.743589743586,0.24395904591729106,2.0298257758193246,1.1368924108683078,0.7505961688821768,0.07475956637475455,0.13577420099091606,0.8225681440338426,0.0967897414616973,0.17289433950363042,0.8488902439670195,0.16803685098597176,0.27955298239003235,0.04244003957959419,
C_on_B,-1,0.05,23.666666666666668,82324.17948717948,4115.692307692308,4115.692307692308,59403.743589743586,0.24500429563104753,1.6629999853662345,0.9540021404986411,0.6070405079302541,0.13123250204479633,0.2152830529986084,0.7952692757333539,0.16998017179659422,0.27940482051093113,0.8615423290767686,0.2735368158895803,0.413387287454897,0.07317685630841586,
C_on_B,-1,0.1,23.666666666666668,82324.17948717948,8231.923076923076,8231.923076923076,59403.743589743586,0.24764012701398655,1.3973355377364247,0.8224878323752057,0.4793776105818233,0.19879673697005848,0.27991544516214545,0.7320140304095127,0.25484783416088713,0.37648727103058416,0.8746510782616358,0.3725881347996952,0.519471367428891,0.0984375726195007,
C_on_B,-1,0.25,23.666666666666668,82324.17948717948,20580.666666666668,20580.666666666668,59403.743589743586,0.2937544792952527,0.9953091791344576,0.6445318292148552,0.3412276817783191,0.32730008311763525,0.3322947271251165,0.5862570760737013,0.39454481246129164,0.4693998495131719,0.8542867053442595,0.5092087977768072,0.6358334031913152,0.11943927949962227,
C_on_B,-1,0.5,23.666666666666668,82324.17948717948,41161.89743589744,41161.89743589744,59403.743589743586,0.3887825862284058,0.6089750796277389,0.49887883292807234,0.2476924795273962,0.4553476500635825,0.3190163873104056,0.45260518398324845,0.5455404141285233,0.491900754803254,0.7751476949291568,0.6655559877126007,0.7139068545366726,0.11127733884780465,
C_on_B,-1,1.0,23.666666666666668,82324.17948717948,82324.17948717948,82324.17948717948,59403.743589743586,0.5899033201405,0.2485491981223811,0.41922625913144057,0.16762311244244923,0.6249520634234066,0.26319450534976746,0.31736116482663407,0.775513110898952,0.44803328036512713,0.6182861131631459,0.8853472853765231,0.7251706909925408,0.08638197302373662,
C_on_B,1,0.02,1.0,9059.564102564103,180.76923076923077,180.76923076923077,59403.743589743586,0.31607722617090067,2.50313930018037,1.409608263175635,0.6646613183989204,0.02016876177513748,0.0390539050984531,0.7106449473419939,0.04298449612202202,0.08044953297163823,0.7791594261852034,0.10452954001233494,0.18157972137756298,0.005724653264655632,
C_on_B,1,0.05,1.0,9059.564102564103,452.53846153846155,452.53846153846155,59403.743589743586,0.2582142932259948,2.1649724766370366,1.2115933849315157,0.6906271600116133,0.04515753114263854,0.08443628190809631,0.757483538966599,0.08203396319288335,0.1468970344050601,0.8293023277541641,0.1729594048619268,0.2818148216094198,0.01471144989081298,
C_on_B,1,0.1,1.0,9059.564102564103,905.5384615384615,905.5384615384615,59403.743589743586,0.22797852677387254,1.9413789741258272,1.0846787504498498,0.6652124736162387,0.0723658295309489,0.12985827914272127,0.7663338419584302,0.12034915519595629,0.20633315515923706,0.8629092454062423,0.2332270072351337,0.3621951296529354,0.027492554804659626,
C_on_B,1,0.25,1.0,9059.564102564103,2264.5897435897436,2264.5897435897436,59403.743589743586,0.22713739893185925,1.7617442072431821,0.9944408030875206,0.5611662314288403,0.1149041378609309,0.1892028790227087,0.7212601302824412,0.17298209557055286,0.2758209564672301,0.8769895859435385,0.29477394240434607,0.4350531065540542,0.05233823796324699,
C_on_B,1,0.5,1.0,9059.564102564103,4529.51282051282,4529.51282051282,59403.743589743586,0.27124390215304073,1.4300783671598258,0.8506611346564333,0.42254203287363096,0.14910391273681717,0.21793000359116851,0.6079687267373769,0.22985360932836343,0.3289997978059613,0.8450354185534028,0.3757136108653412,0.5105567063583819,0.06756896750955786,
C_on_B,1,1.0,1.0,9059.564102564103,9059.564102564103,9059.564102564103,59403.743589743586,0.4135465480113231,0.6939756416459381,0.5537610948286307,0.2908675630261741,0.2093570295036804,0.2405590248953039,0.46033007648774454,0.3833851405232133,0.41395917156797213,0.7307386564362494,0.6304818179422539,0.6710138187709499,0.07234598753046204,
C_on_B,2,0.02,2.0,16179.641025641025,323.15384615384613,323.15384615384613,59403.743589743586,0.22231410861102377,2.2002920303405764,1.2113030694758002,0.6727173791430076,0.02548018225987085,0.04897944079782509,0.7868360673377461,0.05165268648870495,0.09652470529903763,0.8632956281502666,0.12588589706766473,0.21767435466997417,0.008798708247311719,
C_on_B,2,0.05,2.0,16179.641025641025,808.5641025641025,808.5641025641025,59403.743589743586,0.22282917102027439,1.7770365897070461,0.9999328803636601,0.6567932212150591,0.055111422768558106,0.1014013020769801,0.7794743691209315,0.10053405205040342,0.1774037088317958,0.865081725027887,0.20910272016075082,0.3345858992570274,0.021341865961743138,
C_on_B,2,0.1,2.0,16179.641025641025,1617.5641025641025,1617.5641025641025,59403.743589743586,0.21897346855963512,1.5089812468765926,0.8639773577181139,0.6341641851519818,0.09554818836170852,0.16550350650376078,0.7722686939111626,0.15589620806993798,0.2584864200134014,0.8716198781589588,0.2935602951007609,0.43667007382422074,0.04020140168112881,
C_on_B,2,0.25,2.0,16179.641025641025,4044.5897435897436,4044.5897435897436,59403.743589743586,0.2296251899712606,1.2220532086894815,0.725839199330371,0.5426489960306909,0.17217760828394785,0.259947053763846,0.724146309212234,0.2558363595051845,0.3761892057969748,0.8729702170297989,0.41859800149578125,0.563337802094203,0.0773905027973073,
C_on_B,2,0.5,2.0,16179.641025641025,8089.589743589743,8089.589743589743,59403.743589743586,0.28010105591379325,0.928360861980368,0.6042309589470807,0.417604906868154,0.24328599220578434,0.30492619507572805,0.6129082595003231,0.36107949827975083,0.4517048965347881,0.8393335079982529,0.531634798150198,0.6484896740333395,0.09880524471077196,
C_on_B,2,1.0,2.0,16179.641025641025,16179.641025641025,16179.641025641025,59403.743589743586,0.46355911947278333,0.45579507486427945,0.4596770971685314,0.2811400674778687,0.3265372891727899,0.29964897816471536,0.4485567717509103,0.5402780372156095,0.48752324243997364,0.7180053617177877,0.7645822382830454,0.7382601143495149,0.09660380795120395,
C_on_B,4,0.02,4.0,28282.20512820513,565.1025641025641,565.1025641025641,59403.743589743586,0.24402540379163995,2.094547433717915,1.1692864187547773,0.7615255678237333,0.0426488869793796,0.08065463019475258,0.8212493149987272,0.07121418833364675,0.1307731340168792,0.8445432687147771,0.14264388851915802,0.24308075407438545,0.01714659985626888,
C_on_B,4,0.05,4.0,28282.20512820513,1413.6666666666667,1413.6666666666667,59403.743589743586,0.22845178834431082,1.7827507827937945,1.0056012855690526,0.7241712419883418,0.08353226452067676,0.1495421857491684,0.8266647386423477,0.12270655268531445,0.21312335149846268,0.8632669004706727,0.22326811808050037,0.35268110238287503,0.03863952970801175,
C_on_B,4,0.1,4.0,28282.20512820513,2827.7179487179487,2827.7179487179487,59403.743589743586,0.22424855889012954,1.5260711186015774,0.8751598387458535,0.6451932358029798,0.13221112224457685,0.21894807503846864,0.8052694492135622,0.18443234362788216,0.29925686059190404,0.87652209443297,0.3130649705845112,0.4583154437873317,0.06393740378412846,
C_on_B,4,0.25,4.0,28282.20512820513,7070.076923076923,7070.076923076923,59403.743589743586,0.24262060313610812,1.1805698630508907,0.7115952330934994,0.4808952028263772,0.22456546573769587,0.3050622129679625,0.6956167465531904,0.3090730559338996,0.4268029477334717,0.8784321833202097,0.44867133439094387,0.5914484427482628,0.09932386048612815,
C_on_B,4,0.5,4.0,28282.20512820513,14140.794871794871,14140.794871794871,59403.743589743586,0.3028221348130689,0.8005336254026972,0.5516778801078831,0.36167143963259746,0.32509922747821235,0.34107145143859735,0.5696302311351812,0.4455665439438023,0.49861071744735697,0.8315196682964184,0.5896794171151054,0.6883481006799294,0.11472615080662898,
C_on_B,4,1.0,4.0,28282.20512820513,28282.20512820513,28282.20512820513,59403.743589743586,0.49579275650221205,0.34671655231899695,0.42125465441060456,0.24029845077662926,0.4358119743908336,0.3086699321173559,0.4044159696483768,0.6512219044531286,0.497227061434583,0.6874592576726992,0.8271774525883862,0.7489233292155807,0.10192856205511047,
C_on_B,8,0.02,8.0,44403.4358974359,887.5641025641025,887.5641025641025,59403.743589743586,0.2435652512589919,2.122833264411985,1.1831992578354884,0.7723603163770226,0.05571552945179057,0.1037715817707576,0.8258093259417009,0.07951506296137034,0.1447641000265301,0.846229850886692,0.14489222632879348,0.24646436538272473,0.02679084073273171,
C_on_B,8,0.05,8.0,44403.4358974359,2219.74358974359,2219.74358974359,59403.743589743586,0.23259361469343695,1.7673875475419953,0.9999905811177161,0.6937717147276606,0.10398518505626726,0.18045130799239587,0.8214243760227191,0.13867827992219164,0.23668546929610634,0.8638054766064922,0.2361739138392928,0.368840786998224,0.05416045652044015,
C_on_B,8,0.1,8.0,44403.4358974359,4439.948717948718,4439.948717948718,59403.743589743586,0.23374735631017893,1.486883045626737,0.860315200968458,0.5715170804564348,0.15942811753592925,0.24835091292992123,0.7751399787014712,0.21336879183470303,0.3332152263948762,0.8764813769705978,0.3375781915920095,0.48416337100223844,0.0799728491957178,
C_on_B,8,0.25,8.0,44403.4358974359,11100.48717948718,11100.48717948718,59403.743589743586,0.26165596624368576,1.1008319434361702,0.6812439548399281,0.4144059947765194,0.26743759482166335,0.32362523834548756,0.6510048170099526,0.34685809645530535,0.45109507359807766,0.8709377319051459,0.47200223117384993,0.6096448895381982,0.1116139632054313,
C_on_B,8,0.5,8.0,44403.4358974359,22201.48717948718,22201.48717948718,59403.743589743586,0.33323136152126503,0.7143978338054057,0.5238145976633354,0.3054344448267226,0.3799824163851867,0.3372367684245411,0.5168565663761675,0.4912498992737471,0.5018480153720759,0.8120285959628659,0.6222539398244628,0.7024479767708843,0.11686755341063372,
C_on_B,8,1.0,8.0,44403.4358974359,44403.4358974359,44403.4358974359,59403.743589743586,0.5306464324116851,0.30507841787608336,0.4178624251438842,0.20519614980680964,0.5196871354842073,0.2932115327158055,0.3648808253912832,0.7154399625516182,0.4812031355552111,0.6603926470996567,0.8580523399264547,0.7440637694256577,0.09746320541203965,
C_on_B,16,0.02,15.692307692307692,66407.23076923077,1327.6153846153845,1327.6153846153845,59403.743589743586,0.23985105448374996,2.056297351276234,1.148074202879992,0.7649728209104529,0.069189207780047,0.126673751803105,0.8280127939165245,0.09134067268125723,0.1641956307526033,0.8508113597445307,0.16029377397382502,0.26879297630797316,0.0372954635325192,
C_on_B,16,0.05,15.692307692307692,66407.23076923077,3319.923076923077,3319.923076923077,59403.743589743586,0.24134180909732408,1.690372276713336,0.9658570429053301,0.6352797524612126,0.12317062408068477,0.20575594823106869,0.8044312411574635,0.15981666261953376,0.2659583275030671,0.8626505646121007,0.262528908872982,0.40062784553847614,0.06749861973650723,
C_on_B,16,0.1,15.692307692307692,66407.23076923077,6640.282051282052,6640.282051282052,59403.743589743586,0.2444166121331149,1.4198571267107598,0.8321368694219373,0.5070617590641793,0.18654579932579557,0.2716386149842497,0.7466664823627891,0.24183948699062993,0.3640791474954138,0.8749461760301918,0.36235280582244145,0.5093543223564099,0.09342068544474624,
C_on_B,16,0.25,15.692307692307692,66407.23076923077,16601.48717948718,16601.48717948718,59403.743589743586,0.2807353150528589,1.0208882045753933,0.6508117598141262,0.3625329486597926,0.30983293193756867,0.33284551058834266,0.6079250625440852,0.3828590347326635,0.4683545041028671,0.8618115545857484,0.5003556647874872,0.6307390928096439,0.11841588042228533,
C_on_B,16,0.5,15.692307692307692,66407.23076923077,33203.41025641026,33203.41025641026,59403.743589743586,0.36614038826498774,0.6338447652006998,0.49999257673284375,0.2634011165938908,0.43358930052313693,0.32657831454548036,0.4722308031845947,0.5335842441759919,0.4990885576061942,0.7889010534302378,0.6544475783050595,0.7135018539219075,0.11363714601496823,
C_on_B,16,1.0,15.692307692307692,66407.23076923077,66407.23076923077,66407.23076923077,59403.743589743586,0.5699079379277089,0.25986125925952475,0.4148845985936168,0.17727013215070483,0.5936432861242233,0.2722557068584995,0.3307741927737397,0.7630957034459895,0.45959074989020837,0.6312303851264988,0.8808058105330306,0.7330244944528091,0.0896541244461838,
D_conf_sum,-1,0.02,23.666666666666668,82324.17948717948,1645.974358974359,1645.974358974359,59403.743589743586,0.21502497950939928,1.880175390724567,1.0476001851169832,0.7649947147049591,0.1039562458122196,0.18227602118935612,0.8190811160200883,0.1334013906084554,0.22850451971746166,0.8650746787245789,0.22042318622888254,0.34912553091455983,0.05006907110311396,
D_conf_sum,-1,0.05,23.666666666666668,82324.17948717948,4115.692307692308,4115.692307692308,59403.743589743586,0.2101699152039226,1.402885530516643,0.8065277228602827,0.6178526458597974,0.18934892987019308,0.28807852519228816,0.7551800708527941,0.2525208244206447,0.37648115906445884,0.8906921195104445,0.38568042370107386,0.5351705384705895,0.08966762564762587,
D_conf_sum,-1,0.1,23.666666666666668,82324.17948717948,8231.923076923076,8231.923076923076,59403.743589743586,0.2372212565780727,1.1107438184905774,0.6739825375343249,0.4848424169590979,0.2549078118166121,0.3321172006288897,0.6747093345004862,0.33525217129556967,0.4458110934499989,0.8784193129361443,0.4810367052228666,0.6187144451018691,0.11360334765219647,
D_conf_sum,-1,0.25,23.666666666666668,82324.17948717948,20580.666666666668,20580.666666666668,59403.743589743586,0.32045041724101697,0.6625057034730621,0.4914780603570396,0.3158596473199374,0.359302195621651,0.33418533593666505,0.5203833061829455,0.47657933483150755,0.4951275075767039,0.8044354973294894,0.6407477757648283,0.710238919593156,0.11528732340774325,
D_conf_sum,-1,0.5,23.666666666666668,82324.17948717948,41161.89743589744,41161.89743589744,59403.743589743586,0.39398536185636707,0.39269618366572584,0.39334077276104645,0.2333412713502696,0.4775935353127083,0.3119120860309808,0.4209693121150879,0.6283572830949189,0.5010346137862558,0.7399494700861842,0.7878236598716677,0.759708751888703,0.10583195015071076,
D_conf_sum,-1,1.0,23.666666666666668,82324.17948717948,82324.17948717948,82324.17948717948,59403.743589743586,0.5899033201405,0.2485491981223811,0.41922625913144057,0.16762311244244923,0.6249520634234066,0.26319450534976746,0.31736116482663407,0.775513110898952,0.44803328036512713,0.6182861131631459,0.8853472853765231,0.7251706909925408,0.08638197302373662,
D_conf_sum,1,0.02,1.0,9059.564102564103,180.76923076923077,180.76923076923077,59403.743589743586,0.2517583252994995,3.0217982076207353,1.6367782664601174,0.7125083183458583,0.014217842034862965,0.027848890063970053,0.7528119229999273,0.02193355824170276,0.042558414450001955,0.8142507533239505,0.05303327202242442,0.09921187241896741,0.006330776627821821,
D_conf_sum,1,0.05,1.0,9059.564102564103,452.53846153846155,452.53846153846155,59403.743589743586,0.23238286999241914,2.698073508742968,1.4652281893676937,0.7204046428995391,0.03437084839682791,0.06546913892533815,0.7817240538640091,0.04955352665719131,0.0929195894891812,0.8451873301613273,0.09666717809718038,0.17237012582972225,0.01580795538053219,
D_conf_sum,1,0.1,1.0,9059.564102564103,905.5384615384615,905.5384615384615,59403.743589743586,0.21276229875162742,2.335744870786343,1.274253584768985,0.6946725907241336,0.06360226899465844,0.11612863343200544,0.7877848552595516,0.09099617128526082,0.1622485909557695,0.8707232342821294,0.16371357843372553,0.2724830506280032,0.0296051795764036,
D_conf_sum,1,0.25,1.0,9059.564102564103,2264.5897435897436,2264.5897435897436,59403.743589743586,0.22935346338162774,1.75936477514901,0.994359119265319,0.5598308116916255,0.11603575392077903,0.19082822383791642,0.7117250686354634,0.17373508255003345,0.27659821302056964,0.8750486531765241,0.29626855732665736,0.4369908959418791,0.05320880673280748,
D_conf_sum,1,0.5,1.0,9059.564102564103,4529.51282051282,4529.51282051282,59403.743589743586,0.2778947213643027,1.1947748990721307,0.7363348102182167,0.4183586528384282,0.15036517720597836,0.218839092246551,0.5969111106659155,0.24655053567370638,0.34395199531486953,0.8376046077052985,0.44213595193037936,0.5684246460961706,0.06729294628833167,
D_conf_sum,1,1.0,1.0,9059.564102564103,9059.564102564103,9059.564102564103,59403.743589743586,0.4135465480113231,0.6939756416459381,0.5537610948286307,0.2908675630261741,0.2093570295036804,0.2405590248953039,0.46033007648774454,0.3833851405232133,0.41395917156797213,0.7307386564362494,0.6304818179422539,0.6710138187709499,0.07234598753046204,
D_conf_sum,2,0.02,2.0,16179.641025641025,323.15384615384613,323.15384615384613,59403.743589743586,0.1872459848974524,2.2916301708969096,1.239438077897181,0.6975892437751005,0.023303979642234372,0.04504950903183737,0.7990232592966198,0.04055342340558622,0.07706148559167494,0.8810861613289999,0.10027473264460372,0.17930221166256002,0.009762757039328246,
D_conf_sum,2,0.05,2.0,16179.641025641025,808.5641025641025,808.5641025641025,59403.743589743586,0.19280917221492333,1.9969190478304528,1.0948641100226881,0.6923636292271415,0.055213966013405336,0.10200594118276039,0.7946531631841417,0.08592889857619407,0.1546315593047904,0.8827481976121444,0.1707615014508189,0.2844913164755384,0.024517368701104988,
D_conf_sum,2,0.1,2.0,16179.641025641025,1617.5641025641025,1617.5641025641025,59403.743589743586,0.1930631805145438,1.6754619136913647,0.9342625471029543,0.6749162827008535,0.10351538104351021,0.17882545374131967,0.7883988561176926,0.1526915474089614,0.25464490255455274,0.8863028086452135,0.2665238882002638,0.4067222043747413,0.04691748305829519,
D_conf_sum,2,0.25,2.0,16179.641025641025,4044.5897435897436,4044.5897435897436,59403.743589743586,0.22779711715229517,1.1792435787748945,0.7035203479635947,0.5491740608909775,0.18805347248389137,0.27849950747879765,0.7063322536521593,0.2782104359754145,0.39692959378483245,0.8719077521334183,0.4483881909659257,0.5889837975749647,0.08328589366808413,
D_conf_sum,2,0.5,2.0,16179.641025641025,8089.589743589743,8089.589743589743,59403.743589743586,0.28699361118793115,0.745149454371844,0.5160715327798876,0.40897445287968875,0.24425148549164724,0.30329866018134183,0.589657100990043,0.3886142997317175,0.46465551843086683,0.8290668079886482,0.6111219718404445,0.6994470051703774,0.0988424807493793,
D_conf_sum,2,1.0,2.0,16179.641025641025,16179.641025641025,16179.641025641025,59403.743589743586,0.46355911947278333,0.45579507486427945,0.4596770971685314,0.2811400674778687,0.3265372891727899,0.29964897816471536,0.4485567717509103,0.5402780372156095,0.48752324243997364,0.7180053617177877,0.7645822382830454,0.7382601143495149,0.09660380795120395,
D_conf_sum,4,0.02,4.0,28282.20512820513,565.1025641025641,565.1025641025641,59403.743589743586,0.24156606841570522,2.1885522402809743,1.2150591543483398,0.7382646697387688,0.041626007427729664,0.07872769948891369,0.7907622513778464,0.06496979175213297,0.11980136228151538,0.8367792820289859,0.1381246899054898,0.23568353101803907,0.017890552120996606,
D_conf_sum,4,0.05,4.0,28282.20512820513,1413.6666666666667,1413.6666666666667,59403.743589743586,0.21721840440220455,1.8488449238295384,1.0330316641158714,0.7432071106818099,0.09610425920119378,0.16991934428778174,0.8065083236767046,0.132189591282112,0.22661716062817752,0.8638978473582885,0.2291933967961346,0.36000475584889113,0.04426041771735509,
D_conf_sum,4,0.1,4.0,28282.20512820513,2827.7179487179487,2827.7179487179487,59403.743589743586,0.21033297836126408,1.432743622493372,0.8215383004273181,0.6744501781354559,0.16494343813196177,0.2644639079800275,0.7844770790555312,0.2295599528961948,0.3541629588239142,0.8824500500775793,0.3669883404159363,0.5158735254121013,0.07511815170488476,
D_conf_sum,4,0.25,4.0,28282.20512820513,7070.076923076923,7070.076923076923,59403.743589743586,0.25269313596265813,1.0215807052994306,0.6371369206310444,0.48110903169982094,0.25446030616737897,0.33183123154348393,0.6573859584921719,0.3558102893224341,0.460603872926183,0.8577515404151299,0.5160403486506193,0.6423391185935333,0.10675157877201848,
D_conf_sum,4,0.5,4.0,28282.20512820513,14140.794871794871,14140.794871794871,59403.743589743586,0.31568304832641825,0.5612805185481627,0.4384817834372905,0.34794967077583516,0.3279674803520554,0.3362181231253486,0.5355880433869732,0.4923666797683255,0.5108661464543552,0.805038698034931,0.6963346479580005,0.7431312945471241,0.11329277882511743,
D_conf_sum,4,1.0,4.0,28282.20512820513,28282.20512820513,28282.20512820513,59403.743589743586,0.49579275650221205,0.34671655231899695,0.42125465441060456,0.24029845077662926,0.4358119743908336,0.3086699321173559,0.4044159696483768,0.6512219044531286,0.497227061434583,0.6874592576726992,0.8271774525883862,0.7489233292155807,0.10192856205511047,
D_conf_sum,8,0.02,8.0,44403.4358974359,887.5641025641025,887.5641025641025,59403.743589743586,0.24283628257077233,2.1173293937391158,1.180082838154944,0.7598590543793956,0.061933083274896696,0.11439546392859196,0.8007648725695987,0.08571134852765962,0.15456687740772596,0.8396539857573214,0.1580263126482462,0.26478594217370965,0.02848371349069511,
D_conf_sum,8,0.05,8.0,44403.4358974359,2219.74358974359,2219.74358974359,59403.743589743586,0.21058999908640347,1.621907979011113,0.9162489890487583,0.7201810401440881,0.13731697646936217,0.23012502055701758,0.8067644012697847,0.18524585901608187,0.30047594260994676,0.8781844063685416,0.30309954813937107,0.4480720333380991,0.06480936401720976,
D_conf_sum,8,0.1,8.0,44403.4358974359,4439.948717948718,4439.948717948718,59403.743589743586,0.21950229023865114,1.3027914654964383,0.7611468778675448,0.5889420641445778,0.20594177963315843,0.30432906120102204,0.7376273784829123,0.2794898499405111,0.40446906558198986,0.8851086108176699,0.4218659654584104,0.5683193439477215,0.09422623921566867,
D_conf_sum,8,0.25,8.0,44403.4358974359,11100.48717948718,11100.48717948718,59403.743589743586,0.2773631568314866,0.879285161168236,0.5783241589998612,0.3973003641420317,0.2953464058302225,0.3376307120718408,0.5939673091418041,0.4093353185782544,0.4836168255939738,0.8419900326922877,0.5642344603139727,0.6740464869405154,0.11382674500399237,
D_conf_sum,8,0.5,8.0,44403.4358974359,22201.48717948718,22201.48717948718,59403.743589743586,0.3471487035890132,0.4652924255408434,0.40622056456492833,0.28869971864360455,0.38870325550132623,0.32986290416195085,0.4791707742176607,0.5634916529408489,0.5156557023157731,0.7785049911950955,0.7481968657533512,0.7594086860779259,0.11238294500875977,
D_conf_sum,8,1.0,8.0,44403.4358974359,44403.4358974359,44403.4358974359,59403.743589743586,0.5306464324116851,0.30507841787608336,0.4178624251438842,0.20519614980680964,0.5196871354842073,0.2932115327158055,0.3648808253912832,0.7154399625516182,0.4812031355552111,0.6603926470996567,0.8580523399264547,0.7440637694256577,0.09746320541203965,
D_conf_sum,16,0.02,15.692307692307692,66407.23076923077,1327.6153846153845,1327.6153846153845,59403.743589743586,0.22572393381212977,1.9620097601815378,1.0938668469968338,0.767627767303877,0.08938620486958697,0.15986004526950895,0.8155288547841022,0.11609531600562398,0.20283176989467386,0.8570437329414272,0.19734886205999275,0.3192173075992068,0.04261595024072965,
D_conf_sum,16,0.05,15.692307692307692,66407.23076923077,3319.923076923077,3319.923076923077,59403.743589743586,0.21230807308280264,1.4572375287540003,0.8347728009184016,0.6508805375533271,0.17431960753202555,0.2742548285988584,0.7721242949075596,0.23278627627952012,0.35687229725179154,0.8865769118691307,0.36243607173036113,0.5123567927525912,0.08245713590023071,
D_conf_sum,16,0.1,15.692307692307692,66407.23076923077,6640.282051282052,6640.282051282052,59403.743589743586,0.23083682623727578,1.164984339425352,0.6979105828313139,0.5153921324075849,0.24133860642412522,0.32778130628808105,0.6931472708971746,0.319709532206212,0.4366311378201293,0.8818409321597631,0.4647423843319723,0.606451449349423,0.10864638659628663,
D_conf_sum,16,0.25,15.692307692307692,66407.23076923077,16601.48717948718,16601.48717948718,59403.743589743586,0.3055212747656045,0.7148389959521838,0.5101801353588942,0.33880408989907856,0.3389522864100538,0.3377659776518563,0.5415617305667986,0.4596241887561496,0.49609263258215985,0.8166517974759676,0.618772094534265,0.702163624815514,0.11603328265628246,
D_conf_sum,16,0.5,15.692307692307692,66407.23076923077,33203.41025641026,33203.41025641026,59403.743589743586,0.37835988817929495,0.4066320940130356,0.3924959910961653,0.24732960585994923,0.44928620340557474,0.3180142177093875,0.4362621550787763,0.6143613472566055,0.5079096331724774,0.7516842612152832,0.7805026472847276,0.7624555687923072,0.10805488920560946,
D_conf_sum,16,1.0,15.692307692307692,66407.23076923077,66407.23076923077,66407.23076923077,59403.743589743586,0.5699079379277089,0.25986125925952475,0.4148845985936168,0.17727013215070483,0.5936432861242233,0.2722557068584995,0.3307741927737397,0.7630957034459895,0.45959074989020837,0.6312303851264988,0.8808058105330306,0.7330244944528091,0.0896541244461838,
E_conf_filter50,-1,0.02,23.666666666666668,14431.589743589744,288.12820512820514,288.12820512820514,59403.743589743586,0.293122343753985,2.4576483822489537,1.3753853630014694,0.7455269757612148,0.021632688400700584,0.04199957338596976,0.7664805369386186,0.035951732092676526,0.0685029088768694,0.7862513808399587,0.08590913150811565,0.1537694183516088,0.008433291981175463,
E_conf_filter50,-1,0.05,23.666666666666668,14431.589743589744,721.0769230769231,721.0769230769231,59403.743589743586,0.24996216153840528,2.2516237097754277,1.2507929356569165,0.7718379545452366,0.04949666847897837,0.09278949788049842,0.797838964474678,0.06889639531532242,0.12628024156966733,0.8292473806165086,0.13119107293839202,0.22480114213217375,0.022409807735832142,
E_conf_filter50,-1,0.1,23.666666666666668,14431.589743589744,1442.6923076923076,1442.6923076923076,59403.743589743586,0.2259008988295982,1.9571965162649063,1.091548707547252,0.7685906885173985,0.09328766836833931,0.16563492465406515,0.8115594868176819,0.11966698274012631,0.2074491731810558,0.853976523211397,0.2003140930359493,0.32186869343812896,0.04473517578583909,
E_conf_filter50,-1,0.25,23.666666666666668,14431.589743589744,3607.5384615384614,3607.5384615384614,59403.743589743586,0.20532887846174838,1.4182686122611032,0.8117987453614258,0.6798032018745228,0.1824273906091124,0.285768164943517,0.7923494309254236,0.23975126387374304,0.3655863637698308,0.8844249434999102,0.3694216914605276,0.5164942816183729,0.08880826373855778,
E_conf_filter50,-1,0.5,23.666666666666668,14431.589743589744,7215.51282051282,7215.51282051282,59403.743589743586,0.2312757447007981,1.1726651035781728,0.7019704241394854,0.5350906946960923,0.24511723436277102,0.3336538943652483,0.7134247190404283,0.3267032695777932,0.44477388790164113,0.8774591265914479,0.46670336117165445,0.6048478027243132,0.11288673278242822,
E_conf_filter50,-1,1.0,23.666666666666668,14431.589743589744,14431.589743589744,14431.589743589744,59403.743589743586,0.2831865858670999,1.051022272635071,0.6671044292510855,0.38673727266680763,0.3131164672319836,0.34307484189802306,0.6023713933108008,0.4001058549709229,0.47687657341335976,0.8411780025875814,0.5135612732133266,0.6339832569629806,0.11904114774440575,
E_conf_filter50,1,0.02,1.0,2266.5897435897436,44.794871794871796,44.794871794871796,59403.743589743586,0.28777259963517376,3.302851477247734,1.795312038441454,0.6874115903565008,0.003950281655606082,0.007852071310639789,0.70012619937092,0.007472317610268735,0.014774901457972325,0.7578578809896255,0.02514538378241024,0.04856725519815317,0.001587606170716864,
E_conf_filter50,1,0.05,1.0,2266.5897435897436,112.87179487179488,112.87179487179488,59403.743589743586,0.26347420190198517,3.1332402122620686,1.6983572070820265,0.700874356028116,0.009413451811762067,0.01855803404640224,0.7342592155663072,0.015480138694884849,0.030278570756560826,0.7968932079683773,0.04133955717520337,0.07833739132183327,0.004025413335068314,
E_conf_filter50,1,0.1,1.0,2266.5897435897436,226.2051282051282,226.2051282051282,59403.743589743586,0.24996875709958838,2.9534741872312713,1.6017214721654298,0.7118845111955125,0.01820930801255145,0.035442146304212274,0.7551360573146415,0.027156029376504708,0.05228974423511713,0.8185377266007526,0.060990282403846394,0.11297819374693799,0.00811613821427609,
E_conf_filter50,1,0.25,1.0,2266.5897435897436,566.2564102564103,566.2564102564103,59403.743589743586,0.2322761450677799,2.5458785791358616,1.3890773621018209,0.7275570913424177,0.04503218827946554,0.08447913314017592,0.78399930903825,0.0635640206706672,0.11694878291469304,0.8452664945242813,0.1171011992660443,0.20376556484567757,0.020456150448423877,
E_conf_filter50,1,0.5,1.0,2266.5897435897436,1133.025641025641,1133.025641025641,59403.743589743586,0.20528816868033495,2.0054655129486076,1.1053768408144715,0.7097070897366283,0.08263932169835392,0.14713061996796478,0.7986133919501831,0.12334916376865415,0.2116082653665479,0.878043672905716,0.22168791622928077,0.348895031396061,0.037770232229759934,
E_conf_filter50,1,1.0,1.0,2266.5897435897436,2266.5897435897436,2266.5897435897436,59403.743589743586,0.21990967343504794,1.7723435560408773,0.9961266147379626,0.5957893450427161,0.11620726962430601,0.1924948755446928,0.746439020286349,0.17047648559040868,0.2739221021094949,0.880805622751832,0.28768138774614793,0.4272335500272458,0.05680454786533129,
E_conf_filter50,2,0.02,2.0,3810.025641025641,75.76923076923077,75.76923076923077,59403.743589743586,0.18622390675510442,2.53961267232366,1.362918289539382,0.7208040307497204,0.006684770612650322,0.013240176967568837,0.7998358763704974,0.014888428265373212,0.02920472921557818,0.8693353455535268,0.05230885089976628,0.09831421379596789,0.0024356991148101613,
E_conf_filter50,2,0.05,2.0,3810.025641025641,189.92307692307693,189.92307692307693,59403.743589743586,0.19027523358548348,2.3999292070674203,1.295102220326452,0.6932530673199493,0.014594900044364981,0.02856415922883307,0.7931294561527485,0.02801977004053233,0.05405892088203867,0.8733759167600871,0.07835438585386499,0.1432076192882498,0.005721111208973667,
E_conf_filter50,2,0.1,2.0,3810.025641025641,380.4871794871795,380.4871794871795,59403.743589743586,0.19254559894158593,2.244758020495574,1.21865180971858,0.6900638080510147,0.02755875489529982,0.05292351993666234,0.7892234046450165,0.04621394679654092,0.08713664835727646,0.87666890277873,0.10984042770950733,0.19424497253530892,0.011629491389682192,
E_conf_filter50,2,0.25,2.0,3810.025641025641,952.1025641025641,952.1025641025641,59403.743589743586,0.20180941073352046,1.8959658464383717,1.0488876285859463,0.6926365703961247,0.06739905323681676,0.12242373024660204,0.7842703455654002,0.1022058780119712,0.18006910823864428,0.8710211971639552,0.194028143638201,0.3147204370852625,0.029553156408991147,
E_conf_filter50,2,0.5,2.0,3810.025641025641,1904.820512820513,1904.820512820513,59403.743589743586,0.19587794089050414,1.4682412668981635,0.8320596038943336,0.6846350228865666,0.12365931588890551,0.2085626256694259,0.7881329260164244,0.18312624264514815,0.2956136608967269,0.8827166985314064,0.3244568215017838,0.4703317484589679,0.05632337094970925,
E_conf_filter50,2,1.0,2.0,3810.025641025641,3810.025641025641,3810.025641025641,59403.743589743586,0.21717989960410874,1.2135765000093237,0.7153781998067161,0.5863202940085471,0.17885785696340362,0.27231801850823717,0.738273047794733,0.26122348414931124,0.3832301712200767,0.8788888682212909,0.42865080543465156,0.5715990523359711,0.08507437264177492,
E_conf_filter50,4,0.02,4.0,6202.102564102564,123.56410256410257,123.56410256410257,59403.743589743586,0.26554554031652283,2.4379414833702175,1.3517435118433703,0.7202474937629797,0.011015705799281152,0.021692098797360285,0.7664863948513371,0.023972931728119134,0.04643680683307961,0.807816688630927,0.07819630066748556,0.14181967483187036,0.0038021889647271924,
E_conf_filter50,4,0.05,4.0,6202.102564102564,309.61538461538464,309.61538461538464,59403.743589743586,0.2642621895498686,2.3080372348853055,1.2861497122175871,0.7134373837794142,0.02433332000034784,0.0470247950331868,0.7629695450081367,0.043337138877693505,0.08183238861026858,0.8125113304368954,0.10953383067767551,0.19167721967357557,0.009388316012230738,
E_conf_filter50,4,0.1,4.0,6202.102564102564,619.7179487179487,619.7179487179487,59403.743589743586,0.24482545555648555,2.1593958664016717,1.2021106609790788,0.7286103170106429,0.04577640010066798,0.08602876732532863,0.7822535418137139,0.07092662783682549,0.12965435716112808,0.8322570781682844,0.14724992899292558,0.24830425767995856,0.019316174145169722,
E_conf_filter50,4,0.25,4.0,6202.102564102564,1550.1538461538462,1550.1538461538462,59403.743589743586,0.22065185489593397,1.781618524469874,1.001135189682904,0.7413993491750268,0.10642089140757759,0.18579063232266352,0.8019725999138348,0.14510869706428067,0.24490723762469635,0.8594304815292426,0.2456673428653243,0.3789586807048715,0.04847540824239279,
E_conf_filter50,4,0.5,4.0,6202.102564102564,3100.8205128205127,3100.8205128205127,59403.743589743586,0.20829418929392604,1.309724050037194,0.7590091196655601,0.6899370196022379,0.18008636242898055,0.2848856411823568,0.7936984751610077,0.2509923935169517,0.37971555122409345,0.8799961807726374,0.40135906790737014,0.5472100790898573,0.08313635374015063,
E_conf_filter50,4,1.0,4.0,6202.102564102564,6202.102564102564,6202.102564102564,59403.743589743586,0.23755782732923372,1.1022589778527743,0.669908402591004,0.5321907578715847,0.2404048783644994,0.3298656689078907,0.7049531750127969,0.33774147056561077,0.4543463274650313,0.8693973655266319,0.49190805593442777,0.6247567731605346,0.10764385379297864,
E_conf_filter50,8,0.02,8.0,8595.076923076924,171.3846153846154,171.3846153846154,59403.743589743586,0.3018193150524107,2.453392200461785,1.377605757757098,0.7130667419949314,0.014594106138775783,0.028590094424221914,0.7460213647485299,0.029898856499495478,0.057361686884681296,0.7729295073393103,0.0829162487712997,0.14850756447247018,0.005119778836073965,
E_conf_filter50,8,0.05,8.0,8595.076923076924,429.2564102564103,429.2564102564103,59403.743589743586,0.2838996236807203,2.32342298285315,1.303661303266935,0.7289441396667242,0.03190129190469348,0.061077806830431756,0.7609951203063166,0.05121956206744914,0.09566293517720452,0.7969011113770675,0.1123242687653585,0.1950135010730894,0.013254190844383344,
E_conf_filter50,8,0.1,8.0,8595.076923076924,859.0512820512821,859.0512820512821,59403.743589743586,0.2485885891655411,2.12409978008363,1.1863441846245855,0.7530998729761847,0.06083255674063128,0.11240297831613724,0.7921453888719068,0.08533988508999157,0.15356092419439413,0.8327123967093842,0.15841099696602035,0.2642445421383517,0.027479397821460288,
E_conf_filter50,8,0.25,8.0,8595.076923076924,2148.4102564102564,2148.4102564102564,59403.743589743586,0.2144683694290675,1.6235726714112348,0.9190205204201513,0.7362557430427972,0.13692907318629194,0.23032730040939528,0.8064477931692189,0.18092202155560894,0.2944297439498461,0.870119627616748,0.2945917631504446,0.43673931692160023,0.06461103611238944,
E_conf_filter50,8,0.5,8.0,8595.076923076924,4297.282051282052,4297.282051282052,59403.743589743586,0.2149315191022349,1.2450238168316468,0.7299776679669409,0.6309538938936458,0.2089486718866508,0.3128536957042373,0.7664887714704042,0.28449915890782107,0.4131375877544852,0.8816217769875038,0.4304203373646494,0.574628790184107,0.09788042366670159,
E_conf_filter50,8,1.0,8.0,8595.076923076924,8595.076923076924,8595.076923076924,59403.743589743586,0.2530696674858909,1.0749010449987988,0.6639853562423448,0.46494420942469217,0.2686804443860144,0.3390315848660258,0.6605950763248715,0.36997286667652085,0.47181339785886367,0.8635414999008967,0.5044381891917975,0.633197137614538,0.11421440865286996,
E_conf_filter50,16,0.02,15.692307692307692,11725.74358974359,234.07692307692307,234.07692307692307,59403.743589743586,0.3076131500905166,2.4581543496703357,1.382883749880426,0.7294953849186941,0.018928375814203074,0.03687824993917228,0.7536498916442841,0.03399186474200042,0.06487632957121972,0.773559396891838,0.0848879285371576,0.15148894120415074,0.007096024682546107,
E_conf_filter50,16,0.05,15.692307692307692,11725.74358974359,585.7948717948718,585.7948717948718,59403.743589743586,0.2651121392345817,2.2805423908587823,1.272827265046682,0.7591719816298055,0.04274757433037237,0.08083465116193961,0.7860544017937778,0.06188453514177214,0.11436742002969937,0.8161957427579096,0.12254234887558485,0.2116454491609935,0.018871432615813897,
E_conf_filter50,16,0.1,15.692307692307692,11725.74358974359,1172.051282051282,1172.051282051282,59403.743589743586,0.23496940404369382,2.0213003468261346,1.1281348754349143,0.7662325558071018,0.08064887813738203,0.1456182381145692,0.806550613463047,0.10587789025390897,0.18646757314052284,0.8466720934275254,0.1835715663817305,0.2994692328670744,0.03816946880100447,
E_conf_filter50,16,0.25,15.692307692307692,11725.74358974359,2931.0,2931.0,59403.743589743586,0.20882605161408385,1.471859022981734,0.840342537297909,0.7054156514194125,0.16816133241570297,0.27071247085122263,0.8002133570608405,0.2209838064265236,0.34489255065747587,0.8797325096783971,0.3470328332701309,0.49381713160111407,0.08118947673757738,
E_conf_filter50,16,0.5,15.692307692307692,11725.74358974359,5862.51282051282,5862.51282051282,59403.743589743586,0.22410119507133222,1.190596640798777,0.7073489179350546,0.5674899916805901,0.23351229363221654,0.32952330065837704,0.7329450421267754,0.31312031254861145,0.43677115481326323,0.8809112470116768,0.4550892670729557,0.5964295346413606,0.10827427370911337,
E_conf_filter50,16,1.0,15.692307692307692,11725.74358974359,11725.74358974359,11725.74358974359,59403.743589743586,0.2733196783918521,1.0576337280600803,0.6654767032259662,0.4111198553989796,0.2972212266671275,0.34327120773045644,0.6196933597095442,0.392138782023011,0.4775078417737853,0.8483241473463875,0.511106979076732,0.6345528490332175,0.11793090616777406,
E_conf_filter75,-1,0.02,23.666666666666668,6513.820512820513,129.7948717948718,129.7948717948718,59403.743589743586,0.39006722577191955,2.829526473818278,1.6097968497950987,0.6484456660549197,0.009022070950774015,0.01777655567321246,0.6884062495836589,0.01695811777213375,0.03290406980194807,0.7017020134869842,0.046153457064091755,0.08473791599379468,0.0029384486701558403,
E_conf_filter75,-1,0.05,23.666666666666668,6513.820512820513,325.2564102564103,325.2564102564103,59403.743589743586,0.35327562184800404,2.467598878436587,1.4104372501422957,0.6730399097392306,0.020742437241332325,0.04015439778891268,0.708378858142967,0.034115927612454494,0.06463213734734148,0.735437794648961,0.08126565493497358,0.14365058253989102,0.00793989240112636,
E_conf_filter75,-1,0.1,23.666666666666668,6513.820512820513,650.9487179487179,650.9487179487179,59403.743589743586,0.3272045465989986,2.286562946675571,1.3068837466372847,0.6793849169152032,0.038486314701158424,0.07261638807430311,0.7218199180211147,0.0563785849868264,0.1040069790628053,0.7636020602259316,0.11540251331930015,0.19817922389407974,0.016566481824716782,
E_conf_filter75,-1,0.25,23.666666666666668,6513.820512820513,1628.1538461538462,1628.1538461538462,59403.743589743586,0.25303984321347184,1.9127508908593864,1.0828953670364292,0.7108514017500667,0.09161691984623781,0.1612761823179911,0.7691392194512395,0.11792265323302932,0.20300224101284942,0.8305022708101532,0.20113412255846816,0.31998165092805897,0.04422956777195399,
E_conf_filter75,-1,0.5,23.666666666666668,6513.820512820513,3256.7179487179487,3256.7179487179487,59403.743589743586,0.2209744839194979,1.4502111962911841,0.835592840105341,0.6901166613882982,0.16328042171602888,0.26191431707381796,0.7799535236467837,0.2131412022725307,0.3314745677266867,0.8658607761019005,0.34038422955745024,0.4822732209078052,0.08068851257429446,
E_conf_filter75,-1,1.0,23.666666666666668,6513.820512820513,6513.820512820513,6513.820512820513,59403.743589743586,0.2510939458962394,1.1500735742616384,0.7005837600789389,0.5503987287642325,0.23128103581783882,0.3222645645229635,0.7111511239995927,0.3187688871925566,0.4352926813421803,0.8558872494061666,0.46122056029026726,0.5936879747975166,0.10567058718749021,
E_conf_filter75,1,0.02,1.0,1161.6410256410256,22.743589743589745,22.743589743589745,59403.743589743586,0.30802832130105917,3.3903649633580244,1.8491966423295418,0.6751473670783134,0.0021490968327838914,0.0042832421856868795,0.6863518488710304,0.004715406428959416,0.009360202557313067,0.7390654041421305,0.019063800704042354,0.03703802694526045,0.0007831458647257556,
E_conf_filter75,1,0.05,1.0,1161.6410256410256,57.61538461538461,57.61538461538461,59403.743589743586,0.3241029133931925,3.283452030980441,1.803777472186817,0.6367561395228479,0.004548637229222305,0.009026684273347981,0.6641301660110528,0.008378312426420466,0.01652492838513522,0.7348694261452651,0.026931445144208605,0.051684307476926324,0.0018294863617350345,
E_conf_filter75,1,0.1,1.0,1161.6410256410256,115.64102564102564,115.64102564102564,59403.743589743586,0.3281272167043075,3.1731606858268306,1.7506439512655692,0.6285822729106612,0.00840350958463339,0.01656327364059363,0.6678929804894768,0.013424293556220674,0.026252148901143506,0.7431859497850883,0.03566836892863106,0.06760392716797216,0.0035984775438610036,
E_conf_filter75,1,0.25,1.0,1161.6410256410256,290.05128205128204,290.05128205128204,59403.743589743586,0.3191587930023404,2.8515538595530505,1.5853563262776955,0.6490116049935555,0.021733626518448432,0.041936438655383726,0.6903664953783425,0.031550052760706014,0.06005236163992448,0.7639417180427749,0.06622326258245721,0.12073971248941524,0.009261724413249614,
E_conf_filter75,1,0.5,1.0,1161.6410256410256,580.6153846153846,580.6153846153846,59403.743589743586,0.27318049843600034,2.3865733987304143,1.3298769485832072,0.6928990045578188,0.04481120767308866,0.08375427526648038,0.7401706697525856,0.06935095046926924,0.1255550848172232,0.8099621941578891,0.13369859823245156,0.22513111097114874,0.019481351457514184,
E_conf_filter75,1,1.0,1.0,1161.6410256410256,1161.6410256410256,1161.6410256410256,59403.743589743586,0.2210887270374426,1.9438338937068913,1.082461310372167,0.7103424958878879,0.08590790006036861,0.15193320560868295,0.7859079506565743,0.1291556448438228,0.2191757046635983,0.863358507491439,0.2246308654808559,0.3508008353142719,0.037822479172902566,
E_conf_filter75,2,0.02,2.0,1836.7692307692307,36.256410256410255,36.256410256410255,59403.743589743586,0.1819685427048268,2.6591546297689788,1.4205615862369028,0.7300757281070894,0.0033627946449585867,0.006690808386140125,0.8149235141120059,0.008279426432855114,0.01637469655600696,0.8762029690805441,0.03303772918233187,0.06342569562911696,0.0011199374991271323,
E_conf_filter75,2,0.05,2.0,1836.7692307692307,91.33333333333333,91.33333333333333,59403.743589743586,0.20410830528019555,2.55217018354845,1.3781392444143228,0.690755935867992,0.006918019835622773,0.013684290903861794,0.7887857357638928,0.01421838368700873,0.027886319046365553,0.8553206854448749,0.047306856116124577,0.08917874072061466,0.0025667927039413857,
E_conf_filter75,2,0.1,2.0,1836.7692307692307,183.2051282051282,183.2051282051282,59403.743589743586,0.22366454094307095,2.4535983769168634,1.3386314589299673,0.6682953215915314,0.012481112007685905,0.024464935813276294,0.7666041183249718,0.02232998319137304,0.04330055225046363,0.8415919058565271,0.06326329654660542,0.11704603968385506,0.004994586560336412,
E_conf_filter75,2,0.25,2.0,1836.7692307692307,458.79487179487177,458.79487179487177,59403.743589743586,0.2552604181872283,2.196733177052058,1.225996797619643,0.6565159016054535,0.031115336831199547,0.059206256217363626,0.7358969112612426,0.04840814227856146,0.09034713487875669,0.8212549381362714,0.10623331905238846,0.1865045085555168,0.012839944961218396,
E_conf_filter75,2,0.5,2.0,1836.7692307692307,918.1025641025641,918.1025641025641,59403.743589743586,0.24205252486279882,1.818692741124201,1.0303726329935,0.6799228144027472,0.06311761161972089,0.11494941953980578,0.7522517014690088,0.09807299947992902,0.17204569616393484,0.8365787666067203,0.1908891266230201,0.3067343985723379,0.02727334315552051,
E_conf_filter75,2,1.0,2.0,1836.7692307692307,1836.7692307692307,1836.7692307692307,59403.743589743586,0.20923543096140726,1.411732431914388,0.8104839314378977,0.6933097880595256,0.1217770367136059,0.20573117287137035,0.7823344541848004,0.18358179931423213,0.2948820339599532,0.8708517671482128,0.3200526866074119,0.46351842920845954,0.054127135552577754,
E_conf_filter75,4,0.02,4.0,3168.5641025641025,62.87179487179487,62.87179487179487,59403.743589743586,0.27968742180512435,2.5162235498860204,1.3979554858455723,0.7011218882453121,0.005803133849358113,0.011507148381779448,0.7640958422979395,0.014557166493515163,0.028546294034370995,0.8020399150777429,0.057125821060600566,0.1061840585503429,0.0018265722051588407,
E_conf_filter75,4,0.05,4.0,3168.5641025641025,157.92307692307693,157.92307692307693,59403.743589743586,0.30611524320402517,2.425858974891017,1.365987109047521,0.670635454847656,0.012225067596649755,0.023998546115533908,0.7311539120030393,0.024452776040085816,0.04724222471296288,0.7760701194458762,0.07585707190958556,0.13709312990488476,0.0042810062839397575,
E_conf_filter75,4,0.1,4.0,3168.5641025641025,316.38461538461536,316.38461538461536,59403.743589743586,0.3111997634416398,2.333984409989523,1.3225920867155812,0.6645874429827697,0.0216569717161926,0.04190076081717183,0.7248465327867272,0.037151437891543945,0.07046155498256393,0.7729812448769954,0.09672928167699031,0.17022888976666123,0.008446958599139116,
E_conf_filter75,4,0.25,4.0,3168.5641025641025,791.8205128205128,791.8205128205128,59403.743589743586,0.3097536802985355,2.07095181570121,1.1903527479998728,0.6665643345269335,0.05184979289294999,0.09605501338946974,0.723667293402827,0.07694107605389885,0.13858889587138848,0.7817977511997956,0.15142371455992729,0.2513962604925766,0.021501111947254826,
E_conf_filter75,4,0.5,4.0,3168.5641025641025,1584.051282051282,1584.051282051282,59403.743589743586,0.2538606439552003,1.6557577834410846,0.9548092136981424,0.7134718042595206,0.1050708889241854,0.18274399674617164,0.770601972412659,0.15042687350379935,0.25007318271987733,0.83116495134591,0.25925865874682985,0.3899547491891022,0.04645339111988737,
E_conf_filter75,4,1.0,4.0,3168.5641025641025,3168.5641025641025,3168.5641025641025,59403.743589743586,0.22402816527243827,1.222727133431758,0.7233776493520981,0.6762472904504705,0.18100095243566983,0.2846194376483423,0.7763870857446552,0.2607714163207076,0.3885226907291085,0.8651985407413867,0.41715565222482426,0.5587866473702641,0.08206193950633023,
E_conf_filter75,8,0.02,8.0,4239.794871794872,84.3076923076923,84.3076923076923,59403.743589743586,0.3407641800001515,2.567526074772479,1.4541451273863153,0.6574990484008888,0.007352677674696182,0.014535720800937731,0.7137151006632049,0.018077683072517194,0.03514739087989359,0.7422771246574514,0.0601065088991905,0.10978844227143317,0.002161747844464786,
E_conf_filter75,8,0.05,8.0,4239.794871794872,211.46153846153845,211.46153846153845,59403.743589743586,0.35425776362612693,2.450753771455006,1.4025057675405663,0.6495215601466864,0.014887634985890697,0.02908377518885799,0.6946086110264734,0.029055932683487527,0.055494986028318975,0.7310037009015785,0.0799308416675592,0.14158700683076803,0.0053797261581094375,
E_conf_filter75,8,0.1,8.0,4239.794871794872,423.4871794871795,423.4871794871795,59403.743589743586,0.34833984767967846,2.3317131603304784,1.3400265040050785,0.6514615500775125,0.02688167649017999,0.051568956251858596,0.6973693831289821,0.044453508557040715,0.08315146383772071,0.7437379123594595,0.10462895731256457,0.18036563044889112,0.01079798455050807,
E_conf_filter75,8,0.25,8.0,4239.794871794872,1059.5384615384614,1059.5384615384614,59403.743589743586,0.29989930515668506,2.0364507891672328,1.168175047161959,0.6787839493036344,0.06538228475128359,0.11893989825806152,0.7328276673428019,0.09140236124443751,0.16166068595303779,0.7919149896798208,0.16702417339838305,0.27261188495513117,0.028669075650016317,
E_conf_filter75,8,0.5,8.0,4239.794871794872,2119.641025641026,2119.641025641026,59403.743589743586,0.23665483082115174,1.5753701129405304,0.9060124718808412,0.7149323938399207,0.1294350899385427,0.21820012727681173,0.7789308466218591,0.17410201510978743,0.2824655664457148,0.8473014927741426,0.287790311753683,0.4241046547196763,0.05987378926158914,
E_conf_filter75,8,1.0,8.0,4239.794871794872,4239.794871794872,4239.794871794872,59403.743589743586,0.23267695353761078,1.1864332199492091,0.70955508674341,0.624400191731103,0.20326319466967616,0.30514991785975404,0.7505921774852248,0.2889006218288648,0.4146008245159897,0.8642211106773899,0.44150492606169767,0.5794177722051765,0.09371511021324523,
E_conf_filter75,16,0.02,15.692307692307692,5446.7692307692305,108.51282051282051,108.51282051282051,59403.743589743586,0.3735268677073306,2.6882163818956357,1.530871624801483,0.6544144838545002,0.008706201529017996,0.017171026572252703,0.6994593849191425,0.018227913577410482,0.03531385458258357,0.7145057961083303,0.05326580216609633,0.09684559653959404,0.0027405264453596646,
E_conf_filter75,16,0.05,15.692307692307692,5446.7692307692305,271.9230769230769,271.9230769230769,59403.743589743586,0.3572136057881784,2.462173037938846,1.4096933218635121,0.6660361176638953,0.018560004766668803,0.03606794839501781,0.7054335756831699,0.03275448642902141,0.06217034605504013,0.73203622501433,0.08148787946667356,0.14360982169235523,0.006999172771905909,
E_conf_filter75,16,0.1,15.692307692307692,5446.7692307692305,544.2564102564103,544.2564102564103,59403.743589743586,0.34206067908218746,2.3071988814372,1.3246297802596938,0.6659284554134727,0.03396050202736229,0.06451718318478243,0.7098565156677863,0.05205277951139586,0.0964709635185222,0.7514785276220882,0.11073221611623077,0.190163465947158,0.01425251838119898,
E_conf_filter75,16,0.25,15.692307692307692,5446.7692307692305,1361.3589743589744,1361.3589743589744,59403.743589743586,0.2735258119597665,1.9625820280522526,1.1180539200060096,0.6988673052191176,0.08118569979163907,0.14500391378609886,0.7564095246169081,0.10673431671162703,0.18618672607631204,0.814563407030206,0.18602109282379573,0.2999434278037694,0.038160696454203766,
E_conf_filter75,16,0.5,15.692307692307692,5446.7692307692305,2723.2051282051284,2723.2051282051284,59403.743589743586,0.2252738573237938,1.48540543327953,0.855339645301662,0.7028544579333932,0.15255059817890482,0.2495603152817108,0.7833257142784626,0.20075750493114855,0.31745061768647836,0.8611122035144416,0.32366051729179546,0.46517187603300914,0.07355131385221499,
E_conf_filter75,16,1.0,15.692307692307692,5446.7692307692305,5446.7692307692305,5446.7692307692305,59403.743589743586,0.2441578611089161,1.1593361914221034,0.7017470262655098,0.575299258482005,0.22206537669711743,0.3186382179503438,0.7250235108220158,0.3092362059874373,0.43031747947418214,0.8596200811247178,0.4553520182126144,0.5902964355680748,0.10210361802796059,
oracle,-1,0.02,23.666666666666668,82324.17948717948,1645.974358974359,1645.974358974359,59403.743589743586,0.020106985995733836,0.4335172916291778,0.22681213881245582,1.0,0.2616084020563255,0.413352273539651,1.0,0.49969284519938595,0.6643442368062336,1.0,0.7702868377425616,0.8672375942881516,0.08425532745074193,
oracle,-1,0.05,23.666666666666668,82324.17948717948,4115.692307692308,4115.692307692308,59403.743589743586,0.028476165737488675,0.36202676177037996,0.19525146375393435,1.0,0.45217457071558853,0.6207990680793051,1.0,0.6403987370077132,0.7781069529575217,1.0,0.8158121325489961,0.8953154113594086,0.20062306889146647,
oracle,-1,0.1,23.666666666666668,82324.17948717948,8231.923076923076,8231.923076923076,59403.743589743586,0.040218163662939045,0.31627555396802637,0.17824685881548272,0.9873445092293989,0.5846952508823628,0.7315603780162928,1.0,0.7161986504604548,0.8311997347323123,1.0,0.8395561529142292,0.9094253750542726,0.32705773161195256,
oracle,-1,0.25,23.666666666666668,82324.17948717948,20580.666666666668,20580.666666666668,59403.743589743586,0.08639592078223492,0.27578332377299336,0.18108962227761416,0.6705075554972542,0.6249520634234066,0.6426481361035496,0.9567542204685133,0.7668890223509702,0.8500419373740843,1.0,0.8668088157524281,0.9253866487967861,0.2547888440321132,
oracle,-1,0.5,23.666666666666668,82324.17948717948,41161.89743589744,41161.89743589744,59403.743589743586,0.1821034996755097,0.2553405582744758,0.21872202897499277,0.33524786937889073,0.6249520634234066,0.4337957711006855,0.634725450768195,0.775513110898952,0.6936438813969656,0.9680818605471821,0.8822561874880527,0.9219696544418509,0.15431381993094315,
oracle,-1,1.0,23.666666666666668,82324.17948717948,82324.17948717948,82324.17948717948,59403.743589743586,0.5899033201405,0.2485491981223811,0.41922625913144057,0.16762311244244923,0.6249520634234066,0.26319450534976746,0.31736116482663407,0.775513110898952,0.44803328036512713,0.6182861131631459,0.8853472853765231,0.7251706909925408,0.08638197302373662,
oracle,1,0.02,1.0,9059.564102564103,180.76923076923077,180.76923076923077,59403.743589743586,0.016226206925140478,1.1205916065495545,0.5684089067373476,1.0,0.039180280534676266,0.07528381523042905,1.0,0.1126047293837295,0.20133051614651767,1.0,0.3450142564948875,0.5066059602625328,0.009893246925596165,
oracle,1,0.05,1.0,9059.564102564103,452.53846153846155,452.53846153846155,59403.743589743586,0.02236874243358454,1.0205386207944651,0.5214536816140249,1.0,0.0809548254868804,0.14912469188345537,1.0,0.18215068927162173,0.30525885059881175,1.0,0.42445980609804845,0.5881210727287248,0.02409221055183822,
oracle,1,0.1,1.0,9059.564102564103,905.5384615384615,905.5384615384615,59403.743589743586,0.028613587946882076,0.9504653199592792,0.4895394539530807,1.0,0.12641627926137475,0.2229664698399241,1.0,0.2387670750483293,0.3817774039412898,1.0,0.4750618168240524,0.6365337182609327,0.04647314782572496,
oracle,1,0.25,1.0,9059.564102564103,2264.5897435897436,2264.5897435897436,59403.743589743586,0.04548843658817029,0.8470139090440446,0.44625117281610743,0.9722391516193042,0.19969840882045573,0.32845967273429566,1.0,0.3245052521559604,0.4843883560377641,1.0,0.541657459674927,0.6938359361903879,0.09490206602201808,
oracle,1,0.5,1.0,9059.564102564103,4529.51282051282,4529.51282051282,59403.743589743586,0.10351028989937859,0.7539467059750841,0.42872849793723133,0.5817707303357975,0.2093570295036804,0.3050370736782372,0.8780278282910003,0.380401734485034,0.5259313902501038,1.0,0.6052307571174547,0.7443258229527897,0.08907797376166801,
oracle,1,1.0,1.0,9059.564102564103,9059.564102564103,9059.564102564103,59403.743589743586,0.4135465480113231,0.6939756416459381,0.5537610948286307,0.2908675630261741,0.2093570295036804,0.2405590248953039,0.46033007648774454,0.3833851405232133,0.41395917156797213,0.7307386564362494,0.6304818179422539,0.6710138187709499,0.07234598753046204,
oracle,2,0.02,2.0,16179.641025641025,323.15384615384613,323.15384615384613,59403.743589743586,0.016258027237402606,0.8109109883582397,0.41358450779782113,1.0,0.06831024233511752,0.12766842729532316,1.0,0.18596273614106906,0.3120350990927686,1.0,0.49005425798642943,0.6528231991713644,0.0175408422503746,
oracle,2,0.05,2.0,16179.641025641025,808.5641025641025,808.5641025641025,59403.743589743586,0.022539364399725256,0.7056740169011403,0.3641066906504328,1.0,0.1374315710941313,0.24068170825722537,1.0,0.2900756873745083,0.4464596926546416,1.0,0.5805063012667672,0.729818107870928,0.0423993111802294,
oracle,2,0.1,2.0,16179.641025641025,1617.5641025641025,1617.5641025641025,59403.743589743586,0.02907451323705643,0.6484099536313769,0.33874223343421667,1.0,0.2106772041074553,0.34615682860860214,1.0,0.36847682909095997,0.5348432433105893,1.0,0.6270434944172669,0.7660890767437688,0.08256583634122547,
oracle,2,0.25,2.0,16179.641025641025,4044.5897435897436,4044.5897435897436,59403.743589743586,0.048898126652139905,0.558656396460053,0.30377726155609647,0.937353162490719,0.31418819143868654,0.4677966118076142,1.0,0.4820163176431536,0.6457135434583184,1.0,0.6913790025379123,0.8129645250592729,0.15096216660003026,
oracle,2,0.5,2.0,16179.641025641025,8089.589743589743,8089.589743589743,59403.743589743586,0.11125012871243442,0.48953008685713856,0.3003901077847865,0.5622988354785544,0.3265372891727899,0.41005252256136343,0.8648848531043382,0.5383058704097826,0.660168182143528,0.9953691837241831,0.744605708333643,0.8479365976072782,0.13117201884850496,
oracle,2,1.0,2.0,16179.641025641025,16179.641025641025,16179.641025641025,59403.743589743586,0.46355911947278333,0.45579507486427945,0.4596770971685314,0.2811400674778687,0.3265372891727899,0.29964897816471536,0.4485567717509103,0.5402780372156095,0.48752324243997364,0.7180053617177877,0.7645822382830454,0.7382601143495149,0.09660380795120395,
oracle,4,0.02,4.0,28282.20512820513,565.1025641025641,565.1025641025641,59403.743589743586,0.01747991195572773,0.6361957220622634,0.32683781700899556,1.0,0.11391760299658842,0.20429163105900433,1.0,0.2856300335866442,0.44259701880271735,1.0,0.6171878325882566,0.7592600480296791,0.03043332737318476,
oracle,4,0.05,4.0,28282.20512820513,1413.6666666666667,1413.6666666666667,59403.743589743586,0.02431509009238269,0.5478842441524379,0.2860996671224103,1.0,0.2187496445209601,0.35788869941899476,1.0,0.4149932032410156,0.5835577372297474,1.0,0.6938966967779047,0.8153547335247687,0.07294487150829995,
oracle,4,0.1,4.0,28282.20512820513,2827.7179487179487,2827.7179487179487,59403.743589743586,0.0316103780598408,0.4938339267694708,0.2627221524146558,1.0,0.322845729923412,0.48648276947375946,1.0,0.5068390602042563,0.6696957845776073,1.0,0.731972510289715,0.8414286949857822,0.13792427727887832,
oracle,4,0.25,4.0,28282.20512820513,7070.076923076923,7070.076923076923,59403.743589743586,0.05803812902748275,0.4133611225453511,0.23569962578641698,0.8952172192818475,0.4325545094662054,0.5816589424021418,1.0,0.616441020623915,0.7590390710003094,1.0,0.7804779556637985,0.8729008511011841,0.202740892863511,
oracle,4,0.5,4.0,28282.20512820513,14140.794871794871,14140.794871794871,59403.743589743586,0.12992376828897106,0.3657520299390264,0.24783789911399873,0.4806083553701119,0.4358119743908336,0.45534768899619776,0.8018539624040522,0.6508629621551334,0.7160790786075885,0.9932918644759919,0.816165270017237,0.8930535417727767,0.1536287155153699,
oracle,4,1.0,4.0,28282.20512820513,28282.20512820513,28282.20512820513,59403.743589743586,0.49579275650221205,0.34671655231899695,0.42125465441060456,0.24029845077662926,0.4358119743908336,0.3086699321173559,0.4044159696483768,0.6512219044531286,0.497227061434583,0.6874592576726992,0.8271774525883862,0.7489233292155807,0.10192856205511047,
oracle,8,0.02,8.0,44403.4358974359,887.5641025641025,887.5641025641025,59403.743589743586,0.018506734865539397,0.5326889946804095,0.27559786477297443,1.0,0.16643559121766313,0.2849976413837399,1.0,0.3816647337295018,0.5506658036711971,1.0,0.6999255785354952,0.8196342430093239,0.04746086002618821,
oracle,8,0.05,8.0,44403.4358974359,2219.74358974359,2219.74358974359,59403.743589743586,0.025922532750818617,0.4530649686942273,0.23949375072252296,1.0,0.3087600236617007,0.4705119143933777,1.0,0.5262957833776867,0.6867715970707108,1.0,0.7608783265942974,0.8602787755007743,0.11383254271065951,
oracle,8,0.1,8.0,44403.4358974359,4439.948717948718,4439.948717948718,59403.743589743586,0.03457678813678234,0.40347736937542383,0.21902707875610306,1.0,0.4343244244166984,0.6036888547718625,1.0,0.615675875122198,0.7590746617045194,1.0,0.7895423111686002,0.8783917624546361,0.2082857407105655,
oracle,8,0.25,8.0,44403.4358974359,11100.48717948718,11100.48717948718,59403.743589743586,0.0695914441224163,0.34278669124918026,0.20618906768579828,0.8048049461757347,0.5190774355918858,0.628947791622053,0.9874562307905907,0.6963319090055193,0.8138383511664691,1.0,0.82746188227867,0.9016389524506726,0.23375628442834887,
oracle,8,0.5,8.0,44403.4358974359,22201.48717948718,22201.48717948718,59403.743589743586,0.15185846959766905,0.31520802770463224,0.23353324865115063,0.41039703084273527,0.5196871354842073,0.45672042810292457,0.728075553412959,0.7153708469167867,0.7182676179640616,0.9834558561488718,0.8519132253468129,0.9106903946740399,0.15957793179570112,
oracle,8,1.0,8.0,44403.4358974359,44403.4358974359,44403.4358974359,59403.743589743586,0.5306464324116851,0.30507841787608336,0.4178624251438842,0.20519614980680964,0.5196871354842073,0.2932115327158055,0.3648808253912832,0.7154399625516182,0.4812031355552111,0.6603926470996567,0.8580523399264547,0.7440637694256577,0.09746320541203965,
oracle,16,0.02,15.692307692307692,66407.23076923077,1327.6153846153845,1327.6153846153845,59403.743589743586,0.019548510589703326,0.4575990517653652,0.23857378117753428,1.0,0.2285112458113745,0.3716363655045031,1.0,0.46655988279566846,0.6347233395413524,1.0,0.7556223911385226,0.8573010459997269,0.07049796573224174,
oracle,16,0.05,15.692307692307692,66407.23076923077,3319.923076923077,3319.923076923077,59403.743589743586,0.027607700518716197,0.38204300701759075,0.20482535376815347,1.0,0.4054183302440349,0.5759059776563797,1.0,0.6116257809284759,0.7565996421128095,1.0,0.8050872513240954,0.8883226929599539,0.16825523708559312,
oracle,16,0.1,15.692307692307692,66407.23076923077,6640.282051282052,6640.282051282052,59403.743589743586,0.03812736583783813,0.33650224759401404,0.1873148067159261,0.9981458569787693,0.5411693899589969,0.6995287062502475,1.0,0.6933352674076495,0.8156171940118976,1.0,0.8292827768878507,0.9029592881435052,0.2869733824244692,
oracle,16,0.25,15.692307692307692,66407.23076923077,16601.48717948718,16601.48717948718,59403.743589743586,0.08092121185435014,0.2901369452357104,0.18552907854503026,0.7087472175098075,0.5936406614798627,0.6436061001836032,0.9662647455909593,0.7523434594811221,0.844416832962553,1.0,0.8591899007101611,0.920736421372194,0.24949000761422807,
oracle,16,0.5,15.692307692307692,66407.23076923077,33203.41025641026,33203.41025641026,59403.743589743586,0.17201035011034432,0.2676190005781591,0.21981467534425173,0.3545430149930174,0.5936432861242233,0.4423163779262752,0.6615534218399357,0.7630957034459895,0.7052113932303113,0.9744913171149409,0.8772053937899081,0.9218759196046509,0.1564464327483586,
oracle,16,1.0,15.692307692307692,66407.23076923077,66407.23076923077,66407.23076923077,59403.743589743586,0.5699079379277089,0.25986125925952475,0.4148845985936168,0.17727013215070483,0.5936432861242233,0.2722557068584995,0.3307741927737397,0.7630957034459895,0.45959074989020837,0.6312303851264988,0.8808058105330306,0.7330244944528091,0.0896541244461838,
