scene,seq,N_req,ranking,auroc,prec_top,n_pred,n_ref,acc,comp,chamfer,precision@0.1,recall@0.1,f1@0.1,precision@0.2,recall@0.2,f1@0.2,precision@0.5,recall@0.5,f1@0.5,iou
apartment_2,seq_0011,4,support,0.7082270100054457,0.657500959201944,7819,51469,0.2605325195427315,0.899484221025281,0.5800083702840062,0.49661081979792815,0.26330412481299426,0.3441429286444846,0.657500959201944,0.3727875031572403,0.4758048835044265,0.8393656477810462,0.5477860459694185,0.6629307975357615,0.0980788675429727
apartment_2,seq_0011,4,logit_count,0.7082270100054457,0.657500959201944,7819,51469,0.2605325195427315,0.899484221025281,0.5800083702840062,0.49661081979792815,0.26330412481299426,0.3441429286444846,0.657500959201944,0.3727875031572403,0.4758048835044265,0.8393656477810462,0.5477860459694185,0.6629307975357615,0.0980788675429727
apartment_2,seq_0011,4,mlp_all,0.8082103055407779,0.7963934006906254,7819,51469,0.17691809966769376,1.0214691658533819,0.5991936327605378,0.6097966491878757,0.3053294215935806,0.4069141162752469,0.7963934006906254,0.3903709028735744,0.5239267981628127,0.9152065481519376,0.4955021469233908,0.642920556271776,0.12587473002159827
apartment_2,seq_0011,4,mlp_noconf,0.8166915256970821,0.8012533572068039,7819,51469,0.18043723878070847,0.9881899908120113,0.5843136147963599,0.6152960736667094,0.3009384289572364,0.40418961133318965,0.8012533572068039,0.3852804600827683,0.5203513926180166,0.909835017265635,0.5109483378344246,0.6543977139184486,0.12572884723361982
apartment_2,seq_0011,-1,support,0.7181452613518636,0.5264662935020686,16436,51469,0.3461932359153769,0.8197353907212132,0.582964313318295,0.37004137259673886,0.35961452524820764,0.3647534486368244,0.5264662935020686,0.46530921525578506,0.49400215215009863,0.7821246045266488,0.602809458120422,0.6808585646831706,0.11285457579258118
apartment_2,seq_0011,-1,logit_count,0.7181452613518636,0.5264662935020686,16436,51469,0.3461932359153769,0.8197353907212132,0.582964313318295,0.37004137259673886,0.35961452524820764,0.3647534486368244,0.5264662935020686,0.46530921525578506,0.49400215215009863,0.7821246045266488,0.602809458120422,0.6808585646831706,0.11285457579258118
apartment_2,seq_0011,-1,mlp_all,0.8026420255058079,0.646872718422974,16436,51469,0.31801550162317316,0.8477635933238566,0.582889547473515,0.4637381357994646,0.38615477277584564,0.421405315070395,0.646872718422974,0.45437059200683905,0.5337965502068813,0.8018374300316379,0.5784452777399989,0.6720638783713794,0.14232542819499341
apartment_2,seq_0011,-1,mlp_noconf,0.7935431452561613,0.6202847408128498,16436,51469,0.3232407281305082,0.8096605864801762,0.5664506573053423,0.4561328790459966,0.3809866133012104,0.4151868936077455,0.6202847408128498,0.4530688375527016,0.5236516505580527,0.7910075444146994,0.5907828012978686,0.6763886495329042,0.1427394642327589
frl_apartment_5,seq_0001,4,support,0.5965861600725293,0.6424596172118908,7367,48964,0.34561813340883124,1.2249618626453562,0.7852899980270938,0.4567666621419845,0.2716894044604199,0.340716943970386,0.6424596172118908,0.4023568335920268,0.4948199601819529,0.7704628749830325,0.5623723551997386,0.6501734224698626,0.09735988466390341
frl_apartment_5,seq_0001,4,logit_count,0.5965861600725293,0.6424596172118908,7367,48964,0.34561813340883124,1.2249618626453562,0.7852899980270938,0.4567666621419845,0.2716894044604199,0.340716943970386,0.6424596172118908,0.4023568335920268,0.4948199601819529,0.7704628749830325,0.5623723551997386,0.6501734224698626,0.09735988466390341
frl_apartment_5,seq_0001,4,mlp_all,0.7452841365558093,0.8312746029591421,7367,48964,0.1334702019845725,0.8867609123491826,0.5101155571668776,0.6097461653318854,0.29979168368597336,0.4019554100432441,0.8312746029591421,0.4350951719630749,0.5712132008919117,0.9664721053346003,0.5755248754186749,0.7214394644879254,0.12399630826026765
frl_apartment_5,seq_0001,4,mlp_noconf,0.6810920749235976,0.7936744943667707,7367,48964,0.15308794802735842,0.9484661197357321,0.5507770338815453,0.5857201031627528,0.2904582958908586,0.3883393227165404,0.7936744943667707,0.4174904011110203,0.5471616362758844,0.9436677073435591,0.562311085695613,0.7047042302387115,0.11975910261125414
frl_apartment_5,seq_0001,-1,support,0.6267815569116455,0.6277082906158157,14631,48964,0.35748550327201456,0.9246239721462601,0.6410547377091373,0.42362107853188435,0.37072134629523734,0.39540976698193986,0.6277082906158157,0.4694060942733437,0.5371365121071405,0.7648144351035473,0.6251531737603137,0.6879673575033842,0.1330442883760929
frl_apartment_5,seq_0001,-1,logit_count,0.6267815569116455,0.6277082906158157,14631,48964,0.35748550327201456,0.9246239721462601,0.6410547377091373,0.42362107853188435,0.37072134629523734,0.39540976698193986,0.6277082906158157,0.4694060942733437,0.5371365121071405,0.7648144351035473,0.6251531737603137,0.6879673575033842,0.1330442883760929
frl_apartment_5,seq_0001,-1,mlp_all,0.7525418295275698,0.7784840407354248,14631,48964,0.17159083367176284,0.7719936612057983,0.47179224743878057,0.5182147495044768,0.4198390654358304,0.46386847462662323,0.7784840407354248,0.5240176456171881,0.6263936215224142,0.9387601667691887,0.6463728453557716,0.7656002057364563,0.15628770980363477
frl_apartment_5,seq_0001,-1,mlp_noconf,0.6713238987989214,0.7386371403185018,14631,48964,0.2193775069873304,0.7435017824561603,0.48143964472174533,0.49572824824003825,0.41481496609754104,0.4516765228696692,0.7386371403185018,0.5181561963891839,0.6090570342166555,0.893855512268471,0.6508455191569317,0.7532355363248852,0.15144563396693614
frl_apartment_5,seq_0003,4,support,0.6135845031497612,0.46626547853257727,8641,53836,0.528613399374591,0.6139293893477494,0.5712713943611702,0.309802106237704,0.17497585258934542,0.22364006731690772,0.46626547853257727,0.2928709413775169,0.35976566542768906,0.6516606874204375,0.5414592466007876,0.5914706389336789,0.06854714064914992
frl_apartment_5,seq_0003,4,logit_count,0.6135845031497612,0.46626547853257727,8641,53836,0.528613399374591,0.6139293893477494,0.5712713943611702,0.309802106237704,0.17497585258934542,0.22364006731690772,0.46626547853257727,0.2928709413775169,0.35976566542768906,0.6516606874204375,0.5414592466007876,0.5914706389336789,0.06854714064914992
frl_apartment_5,seq_0003,4,mlp_all,0.7484679934494075,0.6555954171970837,8641,53836,0.3671132571353323,0.7162477780511803,0.5416805175932563,0.44242564517995603,0.21162419199048962,0.2863022490216744,0.6555954171970837,0.31789137380191695,0.4281683732290843,0.7805809512787871,0.49925700274908985,0.608999764246704,0.09011708124728979
frl_apartment_5,seq_0003,4,mlp_noconf,0.7405241568910551,0.6599930563592177,8641,53836,0.38971865199914446,0.69340280398274,0.5415607279909422,0.44439301006827914,0.21474478044431236,0.2895633682416717,0.6599930563592177,0.32251653168883276,0.4332958661473687,0.776414766809397,0.5104391113752879,0.615940116197035,0.08994521303850854
frl_apartment_5,seq_0003,-1,support,0.5906080804759836,0.4121396235406243,16788,53836,0.5248346394271204,0.5769000290924406,0.5508673342597805,0.263164164879676,0.24559774128835724,0.25407768820308846,0.4121396235406243,0.3647930752656215,0.3870236918621277,0.6515368120085776,0.5771416895757485,0.6120869796591292,0.07730500722195474
frl_apartment_5,seq_0003,-1,logit_count,0.5906080804759836,0.4121396235406243,16788,53836,0.5248346394271204,0.5769000290924406,0.5508673342597805,0.263164164879676,0.24559774128835724,0.25407768820308846,0.4121396235406243,0.3647930752656215,0.3870236918621277,0.6515368120085776,0.5771416895757485,0.6120869796591292,0.07730500722195474
frl_apartment_5,seq_0003,-1,mlp_all,0.6619586376667516,0.4893376221110317,16788,53836,0.49738874666745164,0.5323362486474797,0.5148624976574657,0.3314867762687634,0.26662456348911506,0.2955386769990053,0.4893376221110317,0.3868600936176536,0.4321061214889816,0.6537407672146771,0.5941563266215915,0.6225260315607675,0.09493225678196776
frl_apartment_5,seq_0003,-1,mlp_noconf,0.6584380268904468,0.4753990945913748,16788,53836,0.49818199318827716,0.5122044327100763,0.5051932129491767,0.3292828210626638,0.2731629392971246,0.29860900077646274,0.4753990945913748,0.39939817222676277,0.43409721694415393,0.6482010960209673,0.6274240285310945,0.6376433563999588,0.09640768076440143
frl_apartment_5,seq_0000,4,support,0.6508829285541983,0.5547571141132509,6958,48021,0.325388907125063,1.0329280039485556,0.6791584555368093,0.3749640701350963,0.20867953603631745,0.2681339343349207,0.5547571141132509,0.33058453593219633,0.4142900610511194,0.7815464213854556,0.5334332896024656,0.6340826022683902,0.08465608465608465
frl_apartment_5,seq_0000,4,logit_count,0.6508829285541983,0.5547571141132509,6958,48021,0.325388907125063,1.0329280039485556,0.6791584555368093,0.3749640701350963,0.20867953603631745,0.2681339343349207,0.5547571141132509,0.33058453593219633,0.4142900610511194,0.7815464213854556,0.5334332896024656,0.6340826022683902,0.08465608465608465
frl_apartment_5,seq_0000,4,mlp_all,0.7830700519794804,0.7296636964645012,6958,48021,0.24216553995172935,0.9347759878725604,0.5884707639121449,0.5125035929864904,0.2311905208138106,0.3186416844851138,0.7296636964645012,0.3390599945857021,0.46298172491998313,0.8638976717447543,0.5380562670498323,0.663111024562883,0.1032431666902705
frl_apartment_5,seq_0000,4,mlp_noconf,0.7808017188979481,0.7272204656510491,6958,48021,0.2491081112939012,1.025955924879509,0.637532018086705,0.5102040816326531,0.22837925074446597,0.3155230311385873,0.7272204656510491,0.33506174382041193,0.4587552256648777,0.8574302960620868,0.49846941962891234,0.6304342085247804,0.10256652198528024
frl_apartment_5,seq_0000,-1,support,0.665911578672454,0.5012280486307258,16286,48021,0.3557834595972765,0.5655343320008301,0.4606588957990533,0.32033648532481884,0.32569084358926303,0.32299147564927627,0.5012280486307258,0.4635471981008309,0.48165178022434907,0.7591796635146751,0.6813060952499947,0.7181379322846716,0.10425179831819256
frl_apartment_5,seq_0000,-1,logit_count,0.665911578672454,0.5012280486307258,16286,48021,0.3557834595972765,0.5655343320008301,0.4606588957990533,0.32033648532481884,0.32569084358926303,0.32299147564927627,0.5012280486307258,0.4635471981008309,0.48165178022434907,0.7591796635146751,0.6813060952499947,0.7181379322846716,0.10425179831819256
frl_apartment_5,seq_0000,-1,mlp_all,0.7019106759037861,0.5574726759179663,16286,48021,0.3628899909658788,0.6886781111729068,0.5257840510693927,0.3740022104875353,0.3379146623352283,0.35504378529033065,0.5574726759179663,0.4499073322088253,0.49794723416825937,0.7600392975561833,0.625726244767914,0.6863737349656914,0.11688755294439131
frl_apartment_5,seq_0000,-1,mlp_noconf,0.7051389815683875,0.5447623725899545,16286,48021,0.3685566014691779,0.7032921426220826,0.5359243720456303,0.3641778214417291,0.34347472980571,0.35352343067351494,0.5447623725899545,0.46921138668499196,0.5041722350675322,0.7484342379958246,0.6343891214260428,0.6867088778220313,0.1139956391387299
apartment_2,seq_0005,4,support,0.6529827365585555,0.6951277574988097,6301,53901,0.15761483712621158,0.7131691174900414,0.4353919773081265,0.5191239485795905,0.25899333964119403,0.34557680998909424,0.6951277574988097,0.4276358509118569,0.5295176078805126,0.9592128233613713,0.6203966531233187,0.7534677831519475,0.11889649657654056
apartment_2,seq_0005,4,logit_count,0.6529827365585555,0.6951277574988097,6301,53901,0.15761483712621158,0.7131691174900414,0.4353919773081265,0.5191239485795905,0.25899333964119403,0.34557680998909424,0.6951277574988097,0.4276358509118569,0.5295176078805126,0.9592128233613713,0.6203966531233187,0.7534677831519475,0.11889649657654056
apartment_2,seq_0005,4,mlp_all,0.7702985613261408,0.7865418187589271,6301,53901,0.12181169181081976,0.6292255568264675,0.37551862431864363,0.62275829233455,0.2670080332461364,0.3737643514783519,0.7865418187589271,0.3832767481122799,0.5154016171149212,0.9874623075702269,0.623903081575481,0.7646692435901524,0.1337992504811101
apartment_2,seq_0005,4,mlp_noconf,0.7369860651959611,0.7482939215997461,6301,53901,0.13780270773032902,0.684619722312737,0.411211215021533,0.5800666560863355,0.25159087957551807,0.3509605191060968,0.7482939215997461,0.3522754679876069,0.4790349321321182,0.9757181399777813,0.590026159069405,0.7353681272424479,0.12717752492196152
apartment_2,seq_0005,-1,support,0.6823906317702079,0.6549155908639523,14098,53901,0.1789707383818217,0.6145212713574028,0.3967460048696122,0.4239608455100014,0.38455687278529155,0.4032986618437684,0.6549155908639523,0.528747147548283,0.5851071243802426,0.954745353950915,0.665868907812471,0.7845608434700371,0.1407785336356765
apartment_2,seq_0005,-1,logit_count,0.6823906317702079,0.6549155908639523,14098,53901,0.1789707383818217,0.6145212713574028,0.3967460048696122,0.4239608455100014,0.38455687278529155,0.4032986618437684,0.6549155908639523,0.528747147548283,0.5851071243802426,0.954745353950915,0.665868907812471,0.7845608434700371,0.1407785336356765
apartment_2,seq_0005,-1,mlp_all,0.7560589188278122,0.7567030784508441,14098,53901,0.14123034648969227,0.47322357857967345,0.30722696253468285,0.504114058731735,0.4222185117159236,0.4595461595610893,0.7567030784508441,0.5517893916624923,0.6382011985003792,0.9836146971201589,0.7034006790226527,0.8202358504080534,0.16239217498459643
apartment_2,seq_0005,-1,mlp_noconf,0.7429970176783709,0.7315222017307419,14098,53901,0.16253839188554633,0.43125344253346576,0.29689591720950603,0.48453681373244434,0.4248529711879186,0.45273634777453176,0.7315222017307419,0.5672065453331107,0.6389697337742305,0.9560221307986948,0.7253668763102725,0.8248737011708057,0.15700103491893136
apartment_2,seq_0008,4,support,0.7190732230604404,0.6387096774193548,8990,63172,0.26855931315266274,0.9915537319298112,0.630056522541237,0.4845383759733037,0.25927626163490153,0.3377973284983353,0.6387096774193548,0.34683087443804217,0.4495486979483482,0.8315906562847608,0.49415880453365413,0.6199328858370465,0.10179190958188776
apartment_2,seq_0008,4,logit_count,0.7190732230604404,0.6387096774193548,8990,63172,0.26855931315266274,0.9915537319298112,0.630056522541237,0.4845383759733037,0.25927626163490153,0.3377973284983353,0.6387096774193548,0.34683087443804217,0.4495486979483482,0.8315906562847608,0.49415880453365413,0.6199328858370465,0.10179190958188776
apartment_2,seq_0008,4,mlp_all,0.799418244682026,0.692992213570634,8990,63172,0.30472122661485374,1.0739097965219462,0.6893155115684,0.5140155728587319,0.2561419616285696,0.34190656130454145,0.692992213570634,0.3432375102893687,0.45908917020805035,0.832258064516129,0.45695877920597733,0.589982408308646,0.10463656901065012
apartment_2,seq_0008,4,mlp_noconf,0.811978745675486,0.7177975528364849,8990,63172,0.26693513127854657,1.032544602725525,0.6497398670020358,0.5372636262513905,0.2639935414424112,0.3540289762162805,0.7177975528364849,0.344994617868676,0.4660107578391127,0.857174638487208,0.47084151206230607,0.607813997924312,0.11535537130236431
apartment_2,seq_0008,-1,support,0.7007008104096377,0.45377241185672457,24931,63172,0.4427308670464024,0.7744151717949606,0.6085730194206815,0.29485379647828003,0.33612993098208066,0.31414181363742033,0.45377241185672457,0.414819856898626,0.4334227087254196,0.7087962777265252,0.562780978914709,0.6274051552065177,0.11172945205479452
apartment_2,seq_0008,-1,logit_count,0.7007008104096377,0.45377241185672457,24931,63172,0.4427308670464024,0.7744151717949606,0.6085730194206815,0.29485379647828003,0.33612993098208066,0.31414181363742033,0.45377241185672457,0.414819856898626,0.4334227087254196,0.7087962777265252,0.562780978914709,0.6274051552065177,0.11172945205479452
apartment_2,seq_0008,-1,mlp_all,0.734426403629385,0.4754321928522723,24931,63172,0.48459954000189354,0.6762768156908793,0.5804381778463864,0.2893586298182985,0.3458652567593237,0.3150986570634969,0.4754321928522723,0.457623630722472,0.46635796221033826,0.6956800770125546,0.6042233901095422,0.6467344463582557,0.10024242709534681
apartment_2,seq_0008,-1,mlp_noconf,0.7749799988251901,0.5070795395291003,24931,63172,0.43178622564934954,0.6687708216106413,0.5502785236299954,0.3174762344069632,0.3670455264990819,0.34046611302644614,0.5070795395291003,0.4714430443867536,0.4886123750055208,0.7306967229553568,0.6148451845754448,0.667783528673,0.1171494121020935
apartment_2,seq_0010,4,support,0.7175687077187797,0.7607875994972769,7161,64652,0.14284143242406122,0.7714109423758938,0.4571261873999775,0.5169669040636783,0.2575790385448246,0.34383974089326025,0.7607875994972769,0.40035884427395907,0.5246332979041497,0.9761206535400084,0.6140567963868094,0.7538699802683798,0.11035510105483533
apartment_2,seq_0010,4,logit_count,0.7175687077187797,0.7607875994972769,7161,64652,0.14284143242406122,0.7714109423758938,0.4571261873999775,0.5169669040636783,0.2575790385448246,0.34383974089326025,0.7607875994972769,0.40035884427395907,0.5246332979041497,0.9761206535400084,0.6140567963868094,0.7538699802683798,0.11035510105483533
apartment_2,seq_0010,4,mlp_all,0.8426052530005284,0.8482055578829772,7161,64652,0.11271179285559405,0.8077538406941882,0.46023281677489114,0.6366429269655076,0.27303099672090575,0.38216606715579204,0.8482055578829772,0.3959042257006744,0.5398368681924115,0.9854768887026951,0.5675617150281507,0.7202898263173402,0.12585728282168518
apartment_2,seq_0010,4,mlp_noconf,0.8490736823811411,0.8511381092026253,7161,64652,0.11273323497469323,0.8410249329036437,0.47687908393916845,0.6212819438625891,0.26848357359401104,0.3749392243800858,0.8511381092026253,0.3808080183134319,0.5261921920725686,0.9891076665270213,0.5524036379385016,0.7088973940308968,0.1234723806420075
apartment_2,seq_0010,-1,support,0.7402444155702108,0.6502218466089161,18932,64652,0.19096586992388734,0.6060304719238288,0.39849817092385803,0.41865624339742236,0.4157644001732352,0.417205310669354,0.6502218466089161,0.5433242591103137,0.5919860177554555,0.9392034650327488,0.7061498484192291,0.8061713907224551,0.15122436441297796
apartment_2,seq_0010,-1,logit_count,0.7402444155702108,0.6502218466089161,18932,64652,0.19096586992388734,0.6060304719238288,0.39849817092385803,0.41865624339742236,0.4157644001732352,0.417205310669354,0.6502218466089161,0.5433242591103137,0.5919860177554555,0.9392034650327488,0.7061498484192291,0.8061713907224551,0.15122436441297796
apartment_2,seq_0010,-1,mlp_all,0.7961473264649704,0.7266004648214663,18932,64652,0.16109017085808916,0.5451763467758934,0.3531332588169913,0.4549440101415593,0.4251067252366516,0.4395195652764104,0.7266004648214663,0.5647775784198478,0.635549989638348,0.9656665962391717,0.7358163707232568,0.8352164599589295,0.1561627736153959
apartment_2,seq_0010,-1,mlp_noconf,0.7946453248656071,0.7308261145151067,18932,64652,0.15839492291587226,0.5742482641335913,0.3663215935247318,0.4550496513839003,0.4139392439522366,0.4335220154492749,0.7308261145151067,0.5249489574955144,0.6110113434740292,0.9656137756180012,0.69908123491926,0.8110103850148734,0.15708068689720067
apartment_2,seq_0006,4,support,0.7127156442241898,0.6658986175115207,8246,54151,0.23136061849720493,0.9898343031028599,0.6105974608000324,0.5088527771040504,0.31497109933334566,0.3890975320996737,0.6658986175115207,0.45243855145796014,0.538796731941568,0.8823672083434393,0.5648649147753504,0.6887883014473003,0.11257050765511684
apartment_2,seq_0006,4,logit_count,0.7127156442241898,0.6658986175115207,8246,54151,0.23136061849720493,0.9898343031028599,0.6105974608000324,0.5088527771040504,0.31497109933334566,0.3890975320996737,0.6658986175115207,0.45243855145796014,0.538796731941568,0.8823672083434393,0.5648649147753504,0.6887883014473003,0.11257050765511684
apartment_2,seq_0006,4,mlp_all,0.7546745519254996,0.6850594227504244,8246,54151,0.270795628130965,0.9945271205965927,0.6326613743637788,0.5127334465195246,0.29606101457036804,0.37537444105681206,0.6850594227504244,0.4161511329430666,0.5177724703726202,0.8495027892311424,0.5452346217059704,0.664179978671975,0.11522151770930092
apartment_2,seq_0006,4,mlp_noconf,0.7608789775102062,0.7070094591317002,8246,54151,0.25728692534326697,0.9833960988454333,0.6203415120943502,0.5344409410623333,0.28634743587376044,0.3728995131983307,0.7070094591317002,0.4063082860888996,0.5160499827145407,0.8549599805966529,0.5550220679211834,0.6730889331809907,0.1131535453702584
apartment_2,seq_0006,-1,support,0.7670435025351727,0.5883073318779618,18781,54151,0.2941743749631509,0.897598456078714,0.5958864155209325,0.39619828550130454,0.44409152185555206,0.41878003999187546,0.5883073318779618,0.5196579933888571,0.5518559121081361,0.8401576060912624,0.5857694225406733,0.6902718384339785,0.14851276493256263
apartment_2,seq_0006,-1,logit_count,0.7670435025351727,0.5883073318779618,18781,54151,0.2941743749631509,0.897598456078714,0.5958864155209325,0.39619828550130454,0.44409152185555206,0.41878003999187546,0.5883073318779618,0.5196579933888571,0.5518559121081361,0.8401576060912624,0.5857694225406733,0.6902718384339785,0.14851276493256263
apartment_2,seq_0006,-1,mlp_all,0.779078296961623,0.6177519833874661,18781,54151,0.2875843471641163,0.8440680998206126,0.5658262234923644,0.41020179969117726,0.4302228952373917,0.41997387025788546,0.6177519833874661,0.5120681058521541,0.5599671859836108,0.8443639848783345,0.5988439733338258,0.7007199215709864,0.15041765929857362
apartment_2,seq_0006,-1,mlp_noconf,0.7821278353302246,0.6135988499014962,18781,54151,0.30059647859196775,0.8438161377373887,0.5722063081646782,0.41355625366061444,0.4170744769256339,0.4153079143919675,0.6135988499014962,0.5075991209765286,0.5555882991802032,0.8307864330972792,0.5953352662000702,0.6936244817634615,0.15166792452830188
apartment_2,seq_0002,4,support,0.7481512566935135,0.6883337101514809,8846,62100,0.23487034495750317,1.0690907940241634,0.6519805694908333,0.5700881754465295,0.30980676328502416,0.40145059290092877,0.6883337101514809,0.4002898550724638,0.5062043664677546,0.8619715125480443,0.5056521739130435,0.6373942971094251,0.12919456879647787
apartment_2,seq_0002,4,logit_count,0.7481512566935135,0.6883337101514809,8846,62100,0.23487034495750317,1.0690907940241634,0.6519805694908333,0.5700881754465295,0.30980676328502416,0.40145059290092877,0.6883337101514809,0.4002898550724638,0.5062043664677546,0.8619715125480443,0.5056521739130435,0.6373942971094251,0.12919456879647787
apartment_2,seq_0002,4,mlp_all,0.8174619613157663,0.726656115758535,8846,62100,0.2595819547413268,1.092492706710913,0.6760373307261198,0.5749491295500792,0.29426731078904994,0.3892902304682526,0.726656115758535,0.3794202898550725,0.49853350576285466,0.836875423920416,0.4966022544283414,0.6233238530234446,0.1256131292642449
apartment_2,seq_0002,4,mlp_noconf,0.8310695466885052,0.7398824327379606,8846,62100,0.2706473279753716,1.1155079908985581,0.6930776594369649,0.5894189464164594,0.29444444444444445,0.3927103125146551,0.7398824327379606,0.3764251207729469,0.49898494948855904,0.8322405607054035,0.4969243156199678,0.6222863369712966,0.13023996444971114
apartment_2,seq_0002,-1,support,0.7505232391291445,0.5056095441257802,25314,62100,0.35264912724437114,0.8972297673037177,0.6249394472740444,0.3485423086039346,0.4018357487922705,0.37329652215482545,0.5056095441257802,0.4630112721417069,0.4833737088879945,0.7866793078928656,0.5654911433172303,0.6579942356323878,0.13937586382483452
apartment_2,seq_0002,-1,logit_count,0.7505232391291445,0.5056095441257802,25314,62100,0.35264912724437114,0.8972297673037177,0.6249394472740444,0.3485423086039346,0.4018357487922705,0.37329652215482545,0.5056095441257802,0.4630112721417069,0.4833737088879945,0.7866793078928656,0.5654911433172303,0.6579942356323878,0.13937586382483452
apartment_2,seq_0002,-1,mlp_all,0.7659106969015319,0.5150509599431145,25314,62100,0.4257905256421246,0.7641091744584353,0.5949498500502799,0.3325827605277712,0.4090499194847021,0.366874208977945,0.5150509599431145,0.5026409017713366,0.5087702647594504,0.7509678438808565,0.601207729468599,0.6677944509900666,0.1270507531420896
apartment_2,seq_0002,-1,mlp_noconf,0.8014769313388883,0.5392273050485897,25314,62100,0.4043512376693105,0.7714124605675924,0.5878818491184514,0.3620921229359248,0.42515297906602256,0.3910968626443562,0.5392273050485897,0.5099838969404187,0.524198067737063,0.7588686102551948,0.6012882447665057,0.6709502260479562,0.14437057061445166
frl_apartment_5,seq_0004,4,support,0.5893714340225295,0.5408635312259059,7782,50987,0.37730673299119594,0.7624163363200983,0.5698615346556472,0.39180159342071447,0.23598172083080002,0.2945539078237666,0.5408635312259059,0.38274462117794733,0.4482693376606505,0.7702390131071704,0.6096259830937297,0.6805850092225082,0.08876238667510014
frl_apartment_5,seq_0004,4,logit_count,0.5893714340225295,0.5408635312259059,7782,50987,0.37730673299119594,0.7624163363200983,0.5698615346556472,0.39180159342071447,0.23598172083080002,0.2945539078237666,0.5408635312259059,0.38274462117794733,0.4482693376606505,0.7702390131071704,0.6096259830937297,0.6805850092225082,0.08876238667510014
frl_apartment_5,seq_0004,4,mlp_all,0.7649218393279689,0.7722950398355178,7782,50987,0.2221388626396384,0.7244902601114219,0.4733145613755302,0.5763299922898998,0.2593994547629788,0.35777053516720847,0.7722950398355178,0.37897895542000903,0.5084516260752633,0.9104343356463634,0.6114499774452311,0.7315734175161696,0.11293103448275862
frl_apartment_5,seq_0004,4,mlp_noconf,0.7439069358505611,0.7600873811359548,7782,50987,0.25267207142854464,0.7184791945718815,0.48557563300021306,0.5760729889488564,0.25988977582521033,0.35818695823692653,0.7600873811359548,0.3731931668856767,0.5005987570706155,0.8848625032125418,0.6009178810284974,0.7157581377057536,0.11307496659050739
frl_apartment_5,seq_0004,-1,support,0.6230137507228946,0.5169220736876426,15335,50987,0.36402617984922814,0.5112519721752519,0.43763907601224,0.33902836648190415,0.32978994645694,0.33434535109589497,0.5169220736876426,0.46525584953027244,0.4897300435068616,0.7711770459732638,0.6879989016808206,0.727217250920371,0.10550549887372467
frl_apartment_5,seq_0004,-1,logit_count,0.6230137507228946,0.5169220736876426,15335,50987,0.36402617984922814,0.5112519721752519,0.43763907601224,0.33902836648190415,0.32978994645694,0.33434535109589497,0.5169220736876426,0.46525584953027244,0.4897300435068616,0.7711770459732638,0.6879989016808206,0.727217250920371,0.10550549887372467
frl_apartment_5,seq_0004,-1,mlp_all,0.7301559302584495,0.66084121291164,15335,50987,0.28599828856173676,0.584051586514803,0.4350249375382699,0.44408216498206715,0.3465393139427697,0.3892935693990567,0.66084121291164,0.4925961519603036,0.5644482283148408,0.8543853928920769,0.6613450487379136,0.7455726081420307,0.12344307547296843
frl_apartment_5,seq_0004,-1,mlp_noconf,0.6989196226262849,0.6224323443104011,15335,50987,0.3210600864774659,0.5760994819093811,0.4485797841934235,0.4219758721878057,0.32810324200286345,0.36916546292904984,0.6224323443104011,0.4654127522701865,0.5325904421099315,0.8142158461036844,0.6731715927589386,0.7370063288826899,0.11641521426420902
apartment_2,seq_0009,4,support,0.7279224734437614,0.7598266327903154,6691,60306,0.1451698562482644,0.6909630855900649,0.41806647091916466,0.5552234344642056,0.2553477265943687,0.3498151638091828,0.7598266327903154,0.3746725035651511,0.5018710683157841,0.9633836496786728,0.5830597287168773,0.7264542850766408,0.10175468411437312
apartment_2,seq_0009,4,logit_count,0.7279224734437614,0.7598266327903154,6691,60306,0.1451698562482644,0.6909630855900649,0.41806647091916466,0.5552234344642056,0.2553477265943687,0.3498151638091828,0.7598266327903154,0.3746725035651511,0.5018710683157841,0.9633836496786728,0.5830597287168773,0.7264542850766408,0.10175468411437312
apartment_2,seq_0009,4,mlp_all,0.849859514910676,0.8657898669855029,6691,60306,0.10500501075657995,0.9933633508906698,0.5491841808236249,0.6486324914063668,0.26599343348920507,0.37727332839714944,0.8657898669855029,0.39201737803866943,0.5396767667395375,0.9919294574801972,0.529997015222366,0.6908607757404966,0.11944744226203324
apartment_2,seq_0009,4,mlp_noconf,0.8477329820476687,0.8394858765505904,6691,60306,0.1175137191076917,1.0025199568877288,0.5600168379977102,0.6163503213271558,0.2520976353928299,0.35783481871968137,0.8394858765505904,0.38215102974828374,0.5252139822050568,0.9805709161560305,0.5263821178655523,0.6850312968097236,0.10986518296597475
apartment_2,seq_0009,-1,support,0.7393769908178899,0.6284581011196465,19917,60306,0.2146081682867932,0.6976211821924327,0.45611467523961297,0.3927800371541899,0.4228434981593871,0.4072577058571474,0.6284581011196465,0.5319868669784101,0.5762125140493365,0.907867650750615,0.6861506317779326,0.7815894823303265,0.14886750381410632
apartment_2,seq_0009,-1,logit_count,0.7393769908178899,0.6284581011196465,19917,60306,0.2146081682867932,0.6976211821924327,0.45611467523961297,0.3927800371541899,0.4228434981593871,0.4072577058571474,0.6284581011196465,0.5319868669784101,0.5762125140493365,0.907867650750615,0.6861506317779326,0.7815894823303265,0.14886750381410632
apartment_2,seq_0009,-1,mlp_all,0.7673522162481605,0.6860973038108149,19917,60306,0.19311722228838785,0.6723702709359813,0.4327437466121846,0.4132650499573229,0.4324611149802673,0.4226452289083626,0.6860973038108149,0.5383543925977514,0.6033124840112591,0.9304614148717176,0.6784565383212284,0.7847232101830283,0.15160427021145192
apartment_2,seq_0009,-1,mlp_noconf,0.7812242880295299,0.6733945875382839,19917,60306,0.19713789445961094,0.6523996431288451,0.42476876879422804,0.4135160917808907,0.4267402911816403,0.4200241283326024,0.6733945875382839,0.5305608065532451,0.5935050039997417,0.9117839031982728,0.6622889928033695,0.7672636311029892,0.15221421215242018
apartment_2,seq_0003,4,support,0.7332000631122199,0.6523309628626256,8859,60016,0.2628372211198628,1.0278283953574792,0.645332808238671,0.5279376904842533,0.31033391095707813,0.3908923264200363,0.6523309628626256,0.4065582511330312,0.5009221586469823,0.8252624449712157,0.5197613969608105,0.6378170377134631,0.11566310260739074
apartment_2,seq_0003,4,logit_count,0.7332000631122199,0.6523309628626256,8859,60016,0.2628372211198628,1.0278283953574792,0.645332808238671,0.5279376904842533,0.31033391095707813,0.3908923264200363,0.6523309628626256,0.4065582511330312,0.5009221586469823,0.8252624449712157,0.5197613969608105,0.6378170377134631,0.11566310260739074
apartment_2,seq_0003,4,mlp_all,0.7957353564808681,0.6690371373744215,8859,60016,0.3655113563716228,1.0551657838647925,0.7103385701182077,0.5168754938480641,0.3025693148493735,0.38169907814690723,0.6690371373744215,0.38992935217275393,0.4927015540736811,0.7678067501975392,0.5054485470541189,0.6095977878802193,0.12259306803594351
apartment_2,seq_0003,4,mlp_noconf,0.8074133310736757,0.684614516311096,8859,60016,0.32795901121416504,1.149164651185583,0.7385618311998741,0.5417089965007337,0.29757064782724607,0.3841310774352037,0.684614516311096,0.36308651026392963,0.47451379601301485,0.7862061180720171,0.45824446814182884,0.5790098994960879,0.12469742813918305
apartment_2,seq_0003,-1,support,0.7617057114222231,0.45792144457624884,30348,60016,0.446950778849798,0.912589429331424,0.679770104090611,0.3003822327665744,0.42068781658224474,0.35049894460819414,0.45792144457624884,0.4828379098906958,0.47004971493183895,0.7179715302491103,0.5721141029058917,0.6367974766696554,0.12703231909884935
apartment_2,seq_0003,-1,logit_count,0.7617057114222231,0.45792144457624884,30348,60016,0.446950778849798,0.912589429331424,0.679770104090611,0.3003822327665744,0.42068781658224474,0.35049894460819414,0.45792144457624884,0.4828379098906958,0.47004971493183895,0.7179715302491103,0.5721141029058917,0.6367974766696554,0.12703231909884935
apartment_2,seq_0003,-1,mlp_all,0.8188144059564021,0.49489257941215237,30348,60016,0.5715354620230914,0.8980038977218008,0.7347696798724461,0.31086068274680373,0.42576979472140764,0.3593527368972455,0.49489257941215237,0.48690349240202613,0.4908655314425229,0.6828456570449453,0.5776792855238603,0.6258754237435696,0.12909411505400045
apartment_2,seq_0003,-1,mlp_noconf,0.8083644616839225,0.4823382100962172,30348,60016,0.6136027011749006,0.9135249236659944,0.7635638124204475,0.3015025701858442,0.40912423353772326,0.3471639608598857,0.4823382100962172,0.4701579578778992,0.4761702051729012,0.6656781336496639,0.567232071447614,0.6125247160845554,0.12411401988106471
apartment_2,seq_0007,4,support,0.708787928430215,0.7371219674310402,9027,75972,0.16198657359445157,0.6376544495647539,0.39982051157960274,0.606070676858314,0.3271336808297794,0.42491471397505604,0.7371219674310402,0.4742010214289475,0.5771276415755652,0.9442782762822644,0.6859895751066182,0.7946731611954767,0.13411038738429892
apartment_2,seq_0007,4,logit_count,0.708787928430215,0.7371219674310402,9027,75972,0.16198657359445157,0.6376544495647539,0.39982051157960274,0.606070676858314,0.3271336808297794,0.42491471397505604,0.7371219674310402,0.4742010214289475,0.5771276415755652,0.9442782762822644,0.6859895751066182,0.7946731611954767,0.13411038738429892
apartment_2,seq_0007,4,mlp_all,0.8128798259413494,0.8151102248809128,9027,75972,0.15480473697246197,0.7408713703926396,0.4478380536825508,0.6512684169713083,0.31393144842836834,0.42365036462327266,0.8151102248809128,0.42960564418469965,0.5626600607323681,0.9354159742993242,0.5940214815984837,0.7266164181103996,0.14115212142117972
apartment_2,seq_0007,4,mlp_noconf,0.817240567707796,0.8336102802703003,9027,75972,0.14422600984786454,0.8646603905265917,0.5044432001872281,0.6664451091170932,0.31065392513031115,0.4237723747021982,0.8336102802703003,0.3994629600379087,0.540108112299269,0.9464938517779994,0.5345916916758806,0.6832660701053923,0.1434002695883593
apartment_2,seq_0007,-1,support,0.7222008985537457,0.5792588514606201,29063,75972,0.3011287909538699,0.5939711256489174,0.44754995830139366,0.38316760141761,0.4729637234770705,0.4233564879886733,0.5792588514606201,0.6023534986574001,0.5905804822888344,0.853043388500843,0.7259779918917496,0.7843981517544761,0.16064327229821265
apartment_2,seq_0007,-1,logit_count,0.7222008985537457,0.5792588514606201,29063,75972,0.3011287909538699,0.5939711256489174,0.44754995830139366,0.38316760141761,0.4729637234770705,0.4233564879886733,0.5792588514606201,0.6023534986574001,0.5905804822888344,0.853043388500843,0.7259779918917496,0.7843981517544761,0.16064327229821265
apartment_2,seq_0007,-1,mlp_all,0.8037386519784835,0.6429136703024464,29063,75972,0.2952799834425011,0.5836398466714978,0.43945991505699944,0.4104875615043182,0.4703180118991207,0.4383707362115,0.6429136703024464,0.5877955036065919,0.6141203342308386,0.8428930254963356,0.725793713473385,0.7799727553476954,0.16943331425300515
apartment_2,seq_0007,-1,mlp_noconf,0.7956451473269675,0.6433609744348484,29063,75972,0.3108118250009904,0.5921323383145096,0.45147208165775,0.40745965660805833,0.45889274996051177,0.4316494786675209,0.6433609744348484,0.5616806191754857,0.5997525602269974,0.8327770705020129,0.717395882693624,0.7707924981508875,0.16835298257962344
frl_apartment_5,seq_0006,4,support,0.6276475371098026,0.6594178655068584,5978,45500,0.3070812536436461,1.276218804349849,0.7916500289967475,0.4718969555035129,0.2641758241758242,0.33872674166951616,0.6594178655068584,0.39406593406593404,0.4933234231339873,0.7925727668116427,0.530945054945055,0.635900150802986,0.10999650646304338
frl_apartment_5,seq_0006,4,logit_count,0.6276475371098026,0.6594178655068584,5978,45500,0.3070812536436461,1.276218804349849,0.7916500289967475,0.4718969555035129,0.2641758241758242,0.33872674166951616,0.6594178655068584,0.39406593406593404,0.4933234231339873,0.7925727668116427,0.530945054945055,0.635900150802986,0.10999650646304338
frl_apartment_5,seq_0006,4,mlp_all,0.8080458362443765,0.8919371027099364,5978,45500,0.13292101097324657,1.0202972421492507,0.5766091265612486,0.6823352291736366,0.2996923076923077,0.41646616163823846,0.8919371027099364,0.4147912087912088,0.5662503302982257,0.9596855135496821,0.5639340659340659,0.7104127053256565,0.13741433977702772
frl_apartment_5,seq_0006,4,mlp_noconf,0.8043496414810112,0.9013047842087655,5978,45500,0.1358255489130768,1.0428125248657323,0.5893190368894046,0.6848444295751087,0.29947252747252745,0.4167196161396896,0.9013047842087655,0.4336923076923077,0.5856027015624133,0.956339913014386,0.5716043956043956,0.7155340608783088,0.1362521712475733
frl_apartment_5,seq_0006,-1,support,0.6371846270954404,0.6380445795339412,11844,45500,0.3080593471748414,0.6208103406685267,0.46443484392168405,0.4344815940560621,0.3650769230769231,0.39676696600096834,0.6380445795339412,0.489956043956044,0.5542794774152406,0.8106214116852415,0.6468571428571429,0.7195388894983434,0.13862669637431638
frl_apartment_5,seq_0006,-1,logit_count,0.6371846270954404,0.6380445795339412,11844,45500,0.3080593471748414,0.6208103406685267,0.46443484392168405,0.4344815940560621,0.3650769230769231,0.39676696600096834,0.6380445795339412,0.489956043956044,0.5542794774152406,0.8106214116852415,0.6468571428571429,0.7195388894983434,0.13862669637431638
frl_apartment_5,seq_0006,-1,mlp_all,0.7656440359638239,0.8351908139142181,11844,45500,0.15917007345818648,0.7792941683183177,0.46923212088825206,0.5617190138466734,0.38461538461538464,0.45659499413214016,0.8351908139142181,0.5105054945054945,0.6336786343189446,0.9504390408645728,0.629956043956044,0.7577027085886978,0.1561433096129324
frl_apartment_5,seq_0006,-1,mlp_noconf,0.751118317786131,0.7957615670381628,11844,45500,0.21370808391293303,0.6616950056564523,0.4377015447846927,0.5500675447483958,0.38773626373626374,0.45485235328261486,0.7957615670381628,0.5203736263736264,0.629256529938939,0.8979229989868288,0.6639560439560439,0.7634155857051828,0.1532496307237814
apartment_2,seq_0000,4,support,0.7171386391683948,0.7742650489967335,8572,90479,0.1424548670685636,0.7023853590795923,0.42242011307407795,0.6219085394307046,0.2848616806109705,0.39074488291069454,0.7742650489967335,0.4329402402767493,0.5553496150638478,0.959636024265049,0.6429337194266073,0.7699912728356126,0.12196681382249962
apartment_2,seq_0000,4,logit_count,0.7171386391683948,0.7742650489967335,8572,90479,0.1424548670685636,0.7023853590795923,0.42242011307407795,0.6219085394307046,0.2848616806109705,0.39074488291069454,0.7742650489967335,0.4329402402767493,0.5553496150638478,0.959636024265049,0.6429337194266073,0.7699912728356126,0.12196681382249962
apartment_2,seq_0000,4,mlp_all,0.8292487295305963,0.8308446103593093,8572,90479,0.12780166069545335,0.8239720658525944,0.47588686327402385,0.6528231451236585,0.2673438035345218,0.3793403423307719,0.8308446103593093,0.3775682755114446,0.5191943422968339,0.9631357909472702,0.538102764177323,0.6904512672122594,0.12395156616951841
apartment_2,seq_0000,4,mlp_noconf,0.8391814194231546,0.8420438637424171,8572,90479,0.12033316440767913,0.8899664029516845,0.5051497836796818,0.662389174055063,0.26496756153361556,0.37852023390809214,0.8420438637424171,0.35939831342079376,0.5037764616686042,0.9680354643023799,0.5250942207584081,0.6808649414450128,0.12429447478414742
apartment_2,seq_0000,-1,support,0.7185457310896275,0.582348305752561,32994,90479,0.27986676457583404,0.5874915322591588,0.43367914841749644,0.3899799963629751,0.44699875109141346,0.4165471867835771,0.582348305752561,0.5809745907890229,0.5816606371921109,0.8522155543432139,0.706838050818422,0.7727487744036182,0.1655950388068787
apartment_2,seq_0000,-1,logit_count,0.7185457310896275,0.582348305752561,32994,90479,0.27986676457583404,0.5874915322591588,0.43367914841749644,0.3899799963629751,0.44699875109141346,0.4165471867835771,0.582348305752561,0.5809745907890229,0.5816606371921109,0.8522155543432139,0.706838050818422,0.7727487744036182,0.1655950388068787
apartment_2,seq_0000,-1,mlp_all,0.8103934048304311,0.6887312844759653,32994,90479,0.2189895129987544,0.5414950215146468,0.38024226725670063,0.44435351882160395,0.4617314514970325,0.45287583823658784,0.6887312844759653,0.5560516805004476,0.615320419577479,0.9051342668363945,0.6834735131909062,0.7788395663698868,0.1831276912085578
apartment_2,seq_0000,-1,mlp_noconf,0.800537569071252,0.6518760986846093,32994,90479,0.2462358001836767,0.5521296627223867,0.39918273145303174,0.4252894465660423,0.44834713027332307,0.4365140104212337,0.6518760986846093,0.539075365554438,0.5901337825200771,0.8780081226889738,0.665900374672576,0.7573841828881868,0.17692366793438594
apartment_2,seq_0004,4,support,0.7184688183983134,0.5718434071843407,9298,67653,0.3039370660309628,1.1718644348819016,0.7379007504564322,0.4494514949451495,0.25218393862799876,0.3230864428847101,0.5718434071843407,0.3232524795648382,0.4130279270223964,0.7879113787911379,0.46556693716464903,0.5852921150873813,0.10092181631956298
apartment_2,seq_0004,4,logit_count,0.7184688183983134,0.5718434071843407,9298,67653,0.3039370660309628,1.1718644348819016,0.7379007504564322,0.4494514949451495,0.25218393862799876,0.3230864428847101,0.5718434071843407,0.3232524795648382,0.4130279270223964,0.7879113787911379,0.46556693716464903,0.5852921150873813,0.10092181631956298
apartment_2,seq_0004,4,mlp_all,0.7617125642263046,0.5630243063024306,9298,67653,0.4458916283820879,1.2606350882167117,0.8532633582993998,0.4289094428909443,0.23332298641597565,0.3022335593624236,0.5630243063024306,0.3185815854433654,0.4069146493333531,0.7073564207356421,0.4356643460009164,0.5392202511056723,0.09345540861308918
apartment_2,seq_0004,4,mlp_noconf,0.7801046294548626,0.5746397074639708,9298,67653,0.42063592742568584,1.3520204058895122,0.8863281666575991,0.4410625941062594,0.2330717041372888,0.30498139823890213,0.5746397074639708,0.3054705630201174,0.39889436780730825,0.7143471714347172,0.4111421518631842,0.5219031885268461,0.09646706790438302
apartment_2,seq_0004,-1,support,0.7481056344784984,0.40362206935280076,35615,67653,0.5276189353923093,1.0615791597895485,0.7945990475909289,0.24669380878843183,0.36623653053079686,0.2948076766258671,0.40362206935280076,0.4161677974369208,0.4097989360548491,0.6666011512003369,0.5138131346725201,0.5803190137118476,0.10950495424663244
apartment_2,seq_0004,-1,logit_count,0.7481056344784984,0.40362206935280076,35615,67653,0.5276189353923093,1.0615791597895485,0.7945990475909289,0.24669380878843183,0.36623653053079686,0.2948076766258671,0.40362206935280076,0.4161677974369208,0.4097989360548491,0.6666011512003369,0.5138131346725201,0.5803190137118476,0.10950495424663244
apartment_2,seq_0004,-1,mlp_all,0.7930287514778263,0.4490804436333006,35615,67653,0.5742549217449779,1.0443725934332653,0.8093137575891216,0.26348448687350834,0.38342719465507813,0.3123366620875519,0.4490804436333006,0.4376450416093891,0.4432890059228825,0.6588796855257616,0.5157790489704818,0.5786128815228833,0.11627242056306349
apartment_2,seq_0004,-1,mlp_noconf,0.7866973473888378,0.42316439702372594,35615,67653,0.6087049309156539,1.0626110803232391,0.8356580056194465,0.2557068650849361,0.38512704536384196,0.3073483716254853,0.42316439702372594,0.43829541927187265,0.43059702450659915,0.6444756422855539,0.5163111761488773,0.5733179798105251,0.11298414991067696
frl_apartment_5,seq_0012,4,support,0.6329875281833057,0.542706787208204,7411,47988,0.337679022826692,1.0718823256653536,0.7047806742460228,0.37174470381864794,0.20378011169459032,0.26325251396321064,0.542706787208204,0.31939234808702177,0.4021263634137225,0.7622453110241533,0.5152954905393015,0.6149025862419224,0.08281930333817127
frl_apartment_5,seq_0012,4,logit_count,0.6329875281833057,0.542706787208204,7411,47988,0.337679022826692,1.0718823256653536,0.7047806742460228,0.37174470381864794,0.20378011169459032,0.26325251396321064,0.542706787208204,0.31939234808702177,0.4021263634137225,0.7622453110241533,0.5152954905393015,0.6149025862419224,0.08281930333817127
frl_apartment_5,seq_0012,4,mlp_all,0.7379373941385654,0.6986911347996222,7411,47988,0.25363972045661565,0.9559352991895613,0.6047875098230885,0.507488867899069,0.2283904309410686,0.31501253376728766,0.6986911347996222,0.34243977661081937,0.45961489280269757,0.8618270138982593,0.5428857214303576,0.666148413723712,0.10160575858250277
frl_apartment_5,seq_0012,4,mlp_noconf,0.739960468496949,0.707192011874241,7411,47988,0.2596533502874124,0.9883374158659853,0.6239953830766989,0.5058696532181892,0.22563974326915062,0.31207883105239637,0.707192011874241,0.34060598482954074,0.45977150638913933,0.8523815949264607,0.5202759023089105,0.6461533256548841,0.09998157021747144
frl_apartment_5,seq_0012,-1,support,0.6597631187042257,0.4913450292397661,17100,47988,0.36830678185935295,0.5337322575325011,0.451019519695927,0.312280701754386,0.3207885304659498,0.31647744767921177,0.4913450292397661,0.47522297240976913,0.48314954535138854,0.7539181286549708,0.7044886221555389,0.7283657229083024,0.10179896264198017
frl_apartment_5,seq_0012,-1,logit_count,0.6597631187042257,0.4913450292397661,17100,47988,0.36830678185935295,0.5337322575325011,0.451019519695927,0.312280701754386,0.3207885304659498,0.31647744767921177,0.4913450292397661,0.47522297240976913,0.48314954535138854,0.7539181286549708,0.7044886221555389,0.7283657229083024,0.10179896264198017
frl_apartment_5,seq_0012,-1,mlp_all,0.6769676323588355,0.5373099415204678,17100,47988,0.3772947081702191,0.6622585653227003,0.5197766367464597,0.34789473684210526,0.33400016670834376,0.3408058910462934,0.5373099415204678,0.45909394015170457,0.4951320296370995,0.7514619883040936,0.6451404517796115,0.6942541595454349,0.1093739670787334
frl_apartment_5,seq_0012,-1,mlp_noconf,0.6781122859296199,0.5205263157894737,17100,47988,0.3845633204644693,0.6904503946698689,0.5375068575671691,0.3398830409356725,0.32987413520046677,0.33480380111722713,0.5205263157894737,0.4688047011752938,0.49331352144648505,0.7362573099415205,0.6435358839709927,0.6867811797792701,0.10670359745441356
frl_apartment_5,seq_0011,4,support,0.725455172475602,0.9263594245306023,4101,29308,0.09425391987356889,0.8876307000679629,0.4909423099707659,0.7829797610338942,0.462911150539102,0.5818327409924209,0.9263594245306023,0.597277193940221,0.7262799422857418,0.9702511582540844,0.7122969837587007,0.8215003853453111,0.19010776457584969
frl_apartment_5,seq_0011,4,logit_count,0.725455172475602,0.9263594245306023,4101,29308,0.09425391987356889,0.8876307000679629,0.4909423099707659,0.7829797610338942,0.462911150539102,0.5818327409924209,0.9263594245306023,0.597277193940221,0.7262799422857418,0.9702511582540844,0.7122969837587007,0.8215003853453111,0.19010776457584969
frl_apartment_5,seq_0011,4,mlp_all,0.8274000716168717,0.9631797122653012,4101,29308,0.07226753593523336,0.5524387107386575,0.3123531233369454,0.8361375274323336,0.45154906510167875,0.5864115088214322,0.9631797122653012,0.6134161321140985,0.7495008638198226,0.9953669836625213,0.7636481506755834,0.8642451579627118,0.2089258982035928
frl_apartment_5,seq_0011,4,mlp_noconf,0.8195777802476892,0.9551328944159961,4101,29308,0.07816382693124424,0.6019152850394169,0.3400395559853306,0.8061448427212875,0.4242868841272008,0.5559620676386294,0.9551328944159961,0.6196942814248669,0.7516893304236258,0.991953182150695,0.7710522724170875,0.8676635154440451,0.18988857169168433
frl_apartment_5,seq_0011,-1,support,0.7542679772797262,0.8867042321064621,8341,29308,0.11115949024755553,0.7755458947781623,0.4433526925128589,0.6392518882627982,0.561894363313771,0.5980820941348183,0.8867042321064621,0.6596833629043265,0.7565296457689296,0.9747032729888503,0.7432441654155861,0.8433814731063863,0.23700713616377136
frl_apartment_5,seq_0011,-1,logit_count,0.7542679772797262,0.8867042321064621,8341,29308,0.11115949024755553,0.7755458947781623,0.4433526925128589,0.6392518882627982,0.561894363313771,0.5980820941348183,0.8867042321064621,0.6596833629043265,0.7565296457689296,0.9747032729888503,0.7432441654155861,0.8433814731063863,0.23700713616377136
frl_apartment_5,seq_0011,-1,mlp_all,0.7810782534697203,0.9063661431483035,8341,29308,0.09724265815976141,0.5705909169697512,0.3339167875647563,0.671262438556528,0.5638392247850417,0.6128792539377529,0.9063661431483035,0.6730585505663983,0.772480619072868,0.9926867282100468,0.7734065784086256,0.8694336171473358,0.2433705260107231
frl_apartment_5,seq_0011,-1,mlp_noconf,0.7906918810262666,0.8654837549454502,8341,29308,0.10971902382711124,0.51052965036338,0.3101243370952457,0.6223474403548735,0.5770438105636686,0.5988400168867194,0.8654837549454502,0.6852395250443565,0.7648865336906852,0.9883706989569596,0.798655657158455,0.8834428741247407,0.2231646471846044
frl_apartment_5,seq_0013,4,support,0.6353552215545072,0.5581030529745384,8287,51631,0.3773290138832655,1.0465121303492257,0.7119205721162456,0.38662966091468565,0.23609846797466638,0.29317021788730335,0.5581030529745384,0.36516821289535356,0.441476956989741,0.7476770845903222,0.5003195754488582,0.5994847478571393,0.08419673205290962
frl_apartment_5,seq_0013,4,logit_count,0.6353552215545072,0.5581030529745384,8287,51631,0.3773290138832655,1.0465121303492257,0.7119205721162456,0.38662966091468565,0.23609846797466638,0.29317021788730335,0.5581030529745384,0.36516821289535356,0.441476956989741,0.7476770845903222,0.5003195754488582,0.5994847478571393,0.08419673205290962
frl_apartment_5,seq_0013,4,mlp_all,0.7912391724371641,0.7632436346084228,8287,51631,0.20015000284489254,0.9266214161207019,0.5633857094827972,0.5167129238566429,0.2577327574519184,0.34392043209949924,0.7632436346084228,0.37663419263620695,0.5043762467076655,0.9116688789670568,0.5118823962348201,0.6556381332624497,0.10492049580568423
frl_apartment_5,seq_0013,4,mlp_noconf,0.7545610954689064,0.736454688065645,8287,51631,0.21271925107988993,0.8620550507087225,0.5373871508943062,0.5133341378062025,0.26305901493288913,0.34785771138325094,0.736454688065645,0.3912378222385776,0.5110061930950736,0.8947749487148546,0.5441692006740136,0.6767586759112066,0.10487438444203322
frl_apartment_5,seq_0013,-1,support,0.6715921466264729,0.5429658658488101,17607,51631,0.3514825451881145,0.659815332740481,0.5056489389642977,0.33037996251490886,0.33561232592822143,0.33297559020963136,0.5429658658488101,0.4370630047839476,0.48429245287392164,0.7853126597376043,0.5990780732505665,0.6796688014219778,0.10792992447690974
frl_apartment_5,seq_0013,-1,logit_count,0.6715921466264729,0.5429658658488101,17607,51631,0.3514825451881145,0.659815332740481,0.5056489389642977,0.33037996251490886,0.33561232592822143,0.33297559020963136,0.5429658658488101,0.4370630047839476,0.48429245287392164,0.7853126597376043,0.5990780732505665,0.6796688014219778,0.10792992447690974
frl_apartment_5,seq_0013,-1,mlp_all,0.7473774737636545,0.6174248878287045,17607,51631,0.276985454790626,0.5660223581215604,0.4215039064560932,0.3745101380132902,0.3578082934671031,0.3659687578742919,0.6174248878287045,0.46948538668629314,0.5333871047292243,0.8476742204804907,0.6159284150994557,0.7134540843926982,0.11643066558542824
frl_apartment_5,seq_0013,-1,mlp_noconf,0.7165527383367424,0.5836883057874709,17607,51631,0.3236099322585399,0.72628001255614,0.52494497240734,0.36474129607542455,0.3559876818190622,0.36031133043350283,0.5836883057874709,0.4534485096163158,0.5103908923274633,0.7959902311580621,0.5910983711336213,0.6784116433491744,0.11295939307257011
apartment_2,seq_0001,4,support,0.719736512861073,0.7965407373691398,8788,91546,0.13686674540787505,0.8180455495256457,0.47745614746676035,0.6845698680018206,0.3213684923426474,0.43740092843783174,0.7965407373691398,0.45593472134227603,0.5799244633564486,0.9526627218934911,0.5939636903851616,0.7317178363126043,0.12513484358144553
apartment_2,seq_0001,4,logit_count,0.719736512861073,0.7965407373691398,8788,91546,0.13686674540787505,0.8180455495256457,0.47745614746676035,0.6845698680018206,0.3213684923426474,0.43740092843783174,0.7965407373691398,0.45593472134227603,0.5799244633564486,0.9526627218934911,0.5939636903851616,0.7317178363126043,0.12513484358144553
apartment_2,seq_0001,4,mlp_all,0.8077945256621513,0.8191852526172053,8788,91546,0.18016094130425783,0.77782181949625,0.4789913804002539,0.6851388256713701,0.30231796036965025,0.4195216950758218,0.8191852526172053,0.41780088698577766,0.553371317901728,0.9107874374146564,0.5909488126187927,0.7168086335750581,0.12882181402759824
apartment_2,seq_0001,4,mlp_noconf,0.820324080863344,0.8322712790168412,8788,91546,0.1671167355081301,0.8601225945381115,0.5136196650231208,0.6948111060537097,0.2965722150612807,0.41570533694227046,0.8322712790168412,0.3912131605968584,0.5322429399117998,0.9206873008648156,0.5620125401437529,0.697967038676091,0.13561577546576337
apartment_2,seq_0001,-1,support,0.7455940025264749,0.637253168287651,33930,91546,0.2529214565088235,0.5379605340486621,0.39544099527874277,0.45069260241674036,0.5132283223734516,0.47993191618869663,0.637253168287651,0.5877045419788959,0.6114767526327103,0.8881520778072503,0.6884626308085553,0.7756613111672632,0.18546953594795962
apartment_2,seq_0001,-1,logit_count,0.7455940025264749,0.637253168287651,33930,91546,0.2529214565088235,0.5379605340486621,0.39544099527874277,0.45069260241674036,0.5132283223734516,0.47993191618869663,0.637253168287651,0.5877045419788959,0.6114767526327103,0.8881520778072503,0.6884626308085553,0.7756613111672632,0.18546953594795962
apartment_2,seq_0001,-1,mlp_all,0.8151759754241374,0.7025935750073681,33930,91546,0.2222132876898592,0.5757999232641543,0.3990066054770067,0.47076333628057765,0.5057457453083696,0.48762793682096195,0.7025935750073681,0.5876608480982238,0.640008247618932,0.8984674329501916,0.6833285998295938,0.776267584729512,0.18913484701910127
apartment_2,seq_0001,-1,mlp_noconf,0.7998588517260247,0.6513409961685823,33930,91546,0.2422602651780641,0.5523587328303893,0.3973094990042267,0.4408782788093133,0.500142005112184,0.46864398173268995,0.6513409961685823,0.5961702313590982,0.6225356594970977,0.8893015030946065,0.6937932842505408,0.7794750073754525,0.1792701279157261
frl_apartment_5,seq_0008,4,support,0.7141059517313159,0.8318917720115325,4509,34525,0.13176129140145673,1.0090051607933341,0.5703832260973954,0.5662009314703925,0.3589862418537292,0.43938859159135657,0.8318917720115325,0.5703113685734975,0.6767027134213712,0.960966954978931,0.7090224475018103,0.8159897797859004,0.1372653340427149
frl_apartment_5,seq_0008,4,logit_count,0.7141059517313159,0.8318917720115325,4509,34525,0.13176129140145673,1.0090051607933341,0.5703832260973954,0.5662009314703925,0.3589862418537292,0.43938859159135657,0.8318917720115325,0.5703113685734975,0.6767027134213712,0.960966954978931,0.7090224475018103,0.8159897797859004,0.1372653340427149
frl_apartment_5,seq_0008,4,mlp_all,0.8262253937918576,0.8908848968729208,4509,34525,0.1030291156176445,0.7193398977280229,0.4111845066728337,0.6311820802838767,0.3382476466328747,0.4404565845775785,0.8908848968729208,0.5596234612599565,0.6874280824055363,0.9911288534043025,0.7406806661839247,0.8477952928543293,0.1479975448826147
frl_apartment_5,seq_0008,4,mlp_noconf,0.8173520631016735,0.8975382568196939,4509,34525,0.1006938807672873,0.7567114686307956,0.42870267469904144,0.6245287203371036,0.32970311368573496,0.4315703088907479,0.8975382568196939,0.5599420709630702,0.6896414595958936,0.9962297626968286,0.7429978276611151,0.8511784813426917,0.14195222468137067
frl_apartment_5,seq_0008,-1,support,0.7639249558739221,0.8157212784336308,10419,34525,0.1320372698685457,0.9335824468219002,0.532809858345223,0.5542758422113446,0.5403910209992759,0.5472453736460489,0.8157212784336308,0.6350470673425054,0.7141338686446512,0.9680391592283328,0.7184648805213614,0.8247856186317912,0.21354651162790697
frl_apartment_5,seq_0008,-1,logit_count,0.7639249558739221,0.8157212784336308,10419,34525,0.1320372698685457,0.9335824468219002,0.532809858345223,0.5542758422113446,0.5403910209992759,0.5472453736460489,0.8157212784336308,0.6350470673425054,0.7141338686446512,0.9680391592283328,0.7184648805213614,0.8247856186317912,0.21354651162790697
frl_apartment_5,seq_0008,-1,mlp_all,0.8407752278289822,0.8940397350993378,10419,34525,0.10243256948579109,0.6563021151383294,0.3793673423120602,0.6252039543142336,0.576712527154236,0.5999800452671336,0.8940397350993378,0.6786386676321506,0.7715880546006401,0.9917458489298397,0.749109341057205,0.8535185277456414,0.23413941938154081
frl_apartment_5,seq_0008,-1,mlp_noconf,0.8331771907223648,0.8906804875707841,10419,34525,0.10589740103122561,0.640647632278794,0.37327251665500977,0.6033208561282273,0.5479217958001448,0.5742883941621485,0.8906804875707841,0.6735119478638668,0.7670206510638755,0.9908820424224973,0.7610716871832006,0.8609043207959082,0.22372046667057513
frl_apartment_5,seq_0005,4,support,0.6214233621150779,0.6780041953850764,6674,64831,0.28345568648546426,1.2445867881538206,0.7640212373196424,0.5173808810308661,0.24469775261834617,0.3322542668063522,0.6780041953850764,0.3946414523916028,0.4988945994401189,0.8056637698531616,0.5764834724128889,0.6720728927270203,0.107953383766101
frl_apartment_5,seq_0005,4,logit_count,0.6214233621150779,0.6780041953850764,6674,64831,0.28345568648546426,1.2445867881538206,0.7640212373196424,0.5173808810308661,0.24469775261834617,0.3322542668063522,0.6780041953850764,0.3946414523916028,0.4988945994401189,0.8056637698531616,0.5764834724128889,0.6720728927270203,0.107953383766101
frl_apartment_5,seq_0005,4,mlp_all,0.7938792047157077,0.9002097692538208,6674,64831,0.12006312894071879,0.9260379734168125,0.5230505511787656,0.7043751872939766,0.2615415464823927,0.3814477363249478,0.9002097692538208,0.39749502552791105,0.5514796687951016,0.9674857656577764,0.5936203359503941,0.735784998399993,0.1295230948807737
frl_apartment_5,seq_0005,4,mlp_noconf,0.8026709654685532,0.9286784537009289,6674,64831,0.10808714256054089,0.8930092255572986,0.5005481840589198,0.7373389271801019,0.2753466705742623,0.40096120480837477,0.9286784537009289,0.41862689145624776,0.5771071504059994,0.9770752172610129,0.6226033841834925,0.7605656990338024,0.13639223252107538
frl_apartment_5,seq_0005,-1,support,0.6693182345863675,0.6505286588759043,17970,64831,0.28266929000757435,0.428718976257888,0.3556941331327312,0.4274902615470228,0.39821998735172986,0.41233632929537994,0.6505286588759043,0.5597630763060881,0.6017423943870751,0.8277685030606566,0.751045024756675,0.7875425500482742,0.1544776568232393
frl_apartment_5,seq_0005,-1,logit_count,0.6693182345863675,0.6505286588759043,17970,64831,0.28266929000757435,0.428718976257888,0.3556941331327312,0.4274902615470228,0.39821998735172986,0.41233632929537994,0.6505286588759043,0.5597630763060881,0.6017423943870751,0.8277685030606566,0.751045024756675,0.7875425500482742,0.1544776568232393
frl_apartment_5,seq_0005,-1,mlp_all,0.7326495464570085,0.7999443516972732,17970,64831,0.21244115291410007,0.5646047753840504,0.3885229641490752,0.5267668336115748,0.39832796038931995,0.45363125983181335,0.7999443516972732,0.5479940152087736,0.6504224940734589,0.9060656649972176,0.7118508121114899,0.7973014535425491,0.16132252404864178
frl_apartment_5,seq_0005,-1,mlp_noconf,0.7434908252770525,0.8347801892042293,17970,64831,0.1906446340102586,0.46155316930237705,0.32609890165631783,0.5374513077351141,0.4021995650229057,0.4600914838882319,0.8347801892042293,0.5526060063858339,0.6649980344801752,0.9308848080133556,0.7316407274297789,0.8193236417348457,0.1647401474469828
frl_apartment_5,seq_0002,4,support,0.5938355581082124,0.6888595912986157,9102,96872,0.3723217971913133,0.5997834507795718,0.4860526239854426,0.5343880465831685,0.2764782393261211,0.36441684357503995,0.6888595912986157,0.5155566107853663,0.5897398516931328,0.7563172929026588,0.7539949624246428,0.7551543421988139,0.12223717086296368
frl_apartment_5,seq_0002,4,logit_count,0.5938355581082124,0.6888595912986157,9102,96872,0.3723217971913133,0.5997834507795718,0.4860526239854426,0.5343880465831685,0.2764782393261211,0.36441684357503995,0.6888595912986157,0.5155566107853663,0.5897398516931328,0.7563172929026588,0.7539949624246428,0.7551543421988139,0.12223717086296368
frl_apartment_5,seq_0002,4,mlp_all,0.7891028799618685,0.8944188090529553,9102,96872,0.13050288489604098,0.496396950930083,0.313449917913062,0.7212700505383433,0.274114295152366,0.39725445226011813,0.8944188090529553,0.4237240895201916,0.5750314262982265,0.955833882663151,0.6974254686596746,0.8064347472690939,0.14899478534649568
frl_apartment_5,seq_0002,4,mlp_noconf,0.7453210464376866,0.8640958031201934,9102,96872,0.15596279138445876,0.517221427628181,0.3365921095063199,0.6905075807514832,0.2612829300520274,0.3791125082127032,0.8640958031201934,0.41418572962259476,0.5599645172237251,0.9322127005053834,0.699686183830209,0.799383286790129,0.14210268948655258
frl_apartment_5,seq_0002,-1,support,0.6771973905463857,0.6290906819885086,32024,96872,0.3747144346157419,0.23387518594586496,0.3042948102808034,0.4112228328753435,0.488500289041209,0.44654287041559776,0.6290906819885086,0.6734763399124618,0.6505272786045799,0.7623969522857856,0.8778078288876042,0.8160420224573961,0.17007187272874102
frl_apartment_5,seq_0002,-1,logit_count,0.6771973905463857,0.6290906819885086,32024,96872,0.3747144346157419,0.23387518594586496,0.3042948102808034,0.4112228328753435,0.488500289041209,0.44654287041559776,0.6290906819885086,0.6734763399124618,0.6505272786045799,0.7623969522857856,0.8778078288876042,0.8160420224573961,0.17007187272874102
frl_apartment_5,seq_0002,-1,mlp_all,0.6396367499306724,0.5212653010242319,32024,96872,0.5205836671822135,0.41556372032158473,0.4680736937518991,0.35067449412940294,0.39217730613593194,0.3702665279646024,0.5212653010242319,0.5704125030968701,0.5447326015282646,0.626967274544092,0.7510942274341399,0.6834404705801318,0.13439029164220004
frl_apartment_5,seq_0002,-1,mlp_noconf,0.6795391482088075,0.6528228828378716,32024,96872,0.3900427522303999,0.28072072415541427,0.33538173819290706,0.41084811391456405,0.47415145759352545,0.44023576583248253,0.6528228828378716,0.6537183086960112,0.6532702889310481,0.7636772420684487,0.8310554133289288,0.7959429486931101,0.1609775641025641
office_4,seq_0001,4,support,0.6959137687585717,0.8843459846880599,6139,50714,0.09843753179423752,0.4923397779951353,0.2953886548946864,0.6515719172503666,0.3444019402926214,0.4506195234778519,0.8843459846880599,0.49672674212249085,0.6361407206956804,0.9879459195308682,0.669519264897267,0.798145061527524,0.15748031496062992
office_4,seq_0001,4,logit_count,0.6959137687585717,0.8843459846880599,6139,50714,0.09843753179423752,0.4923397779951353,0.2953886548946864,0.6515719172503666,0.3444019402926214,0.4506195234778519,0.8843459846880599,0.49672674212249085,0.6361407206956804,0.9879459195308682,0.669519264897267,0.798145061527524,0.15748031496062992
office_4,seq_0001,4,mlp_all,0.8001196452177516,0.9499918553510344,6139,50714,0.08005497112051901,0.47922271875578504,0.27963884493815205,0.6984850952923929,0.3719091375162677,0.48537815581560195,0.9499918553510344,0.5236423867176716,0.6751417526780997,0.9980452842482489,0.6439247545056592,0.7827987715693084,0.16995523130492457
office_4,seq_0001,4,mlp_noconf,0.8046715425842551,0.9381006678612152,6139,50714,0.08435346577987651,0.5498130274095016,0.317083246594689,0.6797524026714449,0.3582442717987144,0.4692065215387335,0.9381006678612152,0.4999014078952557,0.6522352818782999,0.9951132106206223,0.6326458177229167,0.7735226159373426,0.16756756756756758
office_4,seq_0001,-1,support,0.6817370330108269,0.848567650947554,11345,50714,0.11141128000468652,0.3600756425221479,0.23574346126341722,0.6122520934332305,0.470343494892929,0.5319969755763309,0.848567650947554,0.5815356706234964,0.6901212667922247,0.9883649184662847,0.7569507433844698,0.8573160444510586,0.200783099617556
office_4,seq_0001,-1,logit_count,0.6817370330108269,0.848567650947554,11345,50714,0.11141128000468652,0.3600756425221479,0.23574346126341722,0.6122520934332305,0.470343494892929,0.5319969755763309,0.848567650947554,0.5815356706234964,0.6901212667922247,0.9883649184662847,0.7569507433844698,0.8573160444510586,0.200783099617556
office_4,seq_0001,-1,mlp_all,0.7900553810506039,0.9467606875275452,11345,50714,0.0850393243331044,0.3261554991558267,0.20559741174446555,0.7323931247245482,0.4766928264384588,0.5775049298244155,0.9467606875275452,0.582521591670939,0.7212645436774048,0.9922432789775232,0.7261702882833143,0.8386078900562113,0.22334060021336796
office_4,seq_0001,-1,mlp_noconf,0.7729209199746349,0.921639488761569,11345,50714,0.09795739625647704,0.29019028908271655,0.1940738426695968,0.6899955927721463,0.47505619749970424,0.5626989037412753,0.921639488761569,0.598079425799582,0.7254152211324071,0.9769061260467166,0.7576408881176795,0.8534147750410725,0.21949415082998106
office_4,seq_0000,4,support,0.6483182370550915,0.7775161859917599,6796,54187,0.13649391689523327,0.3634523606996914,0.24997313879746233,0.5985874043555033,0.3327366342480669,0.42771785108688015,0.7775161859917599,0.4855039031502021,0.5977531890532405,0.9515891701000588,0.717238452027239,0.8179590681252387,0.14867595999378141
office_4,seq_0000,4,logit_count,0.6483182370550915,0.7775161859917599,6796,54187,0.13649391689523327,0.3634523606996914,0.24997313879746233,0.5985874043555033,0.3327366342480669,0.42771785108688015,0.7775161859917599,0.4855039031502021,0.5977531890532405,0.9515891701000588,0.717238452027239,0.8179590681252387,0.14867595999378141
office_4,seq_0000,4,mlp_all,0.7464212435932689,0.8599175985874044,6796,54187,0.10102980370689939,0.41026036850751607,0.2556450861072077,0.6817245438493231,0.35669071917618617,0.4683382967950444,0.8599175985874044,0.4805027036004946,0.6165121944519334,0.9867569158328429,0.657777695757285,0.7893621524225619,0.16903116924212858
office_4,seq_0000,4,mlp_noconf,0.7404676792585707,0.8491759858740435,6796,54187,0.10501273549611687,0.42945648508889306,0.26723461029250495,0.6589170100058858,0.33784856146308156,0.44667305999738605,0.8491759858740435,0.45625334489822283,0.5935815517996318,0.9836668628605062,0.6513924003912378,0.7837674552660777,0.16436413300414981
office_4,seq_0000,-1,support,0.6614076393007394,0.6972065309912558,12923,54187,0.16181494976145958,0.25422505691037467,0.20802000333591714,0.49748510407800045,0.4363408197538155,0.4649111843843013,0.6972065309912558,0.580582058427298,0.6335721045936921,0.9479996904743481,0.8268034768486906,0.8832635128974945,0.17676662646092417
office_4,seq_0000,-1,logit_count,0.6614076393007394,0.6972065309912558,12923,54187,0.16181494976145958,0.25422505691037467,0.20802000333591714,0.49748510407800045,0.4363408197538155,0.4649111843843013,0.6972065309912558,0.580582058427298,0.6335721045936921,0.9479996904743481,0.8268034768486906,0.8832635128974945,0.17676662646092417
office_4,seq_0000,-1,mlp_all,0.755057997260076,0.8450824112048286,12923,54187,0.11602032807081715,0.27105701801072657,0.19353867304077185,0.6304263715855452,0.45331906176758263,0.5274011451129792,0.8450824112048286,0.5704873862734604,0.6811516561214433,0.9815058422966804,0.7869046081163379,0.8734979710349259,0.19409977209420107
office_4,seq_0000,-1,mlp_noconf,0.7400183319427914,0.8118084036214501,12923,54187,0.12942629649833315,0.25290466681893514,0.19116548165863415,0.5989321365008125,0.4572314392751029,0.51857611658155,0.8118084036214501,0.6039271411962279,0.6926055225396132,0.963321210245299,0.8100835993873069,0.8800818731548572,0.19591681460816637
office_4,seq_0003,4,support,0.6735974175143934,0.7934413871089333,5306,47402,0.12610268996505103,0.9463168522397606,0.5362097711024059,0.6200527704485488,0.285557571410489,0.3910307890525245,0.7934413871089333,0.3820935825492595,0.5157972667226698,0.9711647191858274,0.5027425003164423,0.6625190143345336,0.12119013062409288
office_4,seq_0003,4,logit_count,0.6735974175143934,0.7934413871089333,5306,47402,0.12610268996505103,0.9463168522397606,0.5362097711024059,0.6200527704485488,0.285557571410489,0.3910307890525245,0.7934413871089333,0.3820935825492595,0.5157972667226698,0.9711647191858274,0.5027425003164423,0.6625190143345336,0.12119013062409288
office_4,seq_0003,4,mlp_all,0.8024159735687192,0.9117979645684131,5306,47402,0.08836015728069377,0.7629214230540359,0.42564079016736484,0.6965699208443272,0.3164423442048859,0.43518568581967226,0.9117979645684131,0.41958145225939836,0.5747024616803984,0.9979268752355823,0.5381418505548289,0.6992215990613804,0.13506640293868324
office_4,seq_0003,4,mlp_noconf,0.7839991724547506,0.8823972860912175,5306,47402,0.09839182872070062,0.8649001276874034,0.481645978204052,0.6436110064078402,0.2958313995190076,0.4053475627036882,0.8823972860912175,0.39572169950634994,0.5464025769534302,0.996042216358839,0.5187122906206489,0.6821690738951638,0.12849758399820205
office_4,seq_0003,-1,support,0.6577530746601781,0.6706182596525891,12147,47402,0.1769158221977659,0.5194722896033797,0.3481940559005728,0.47452045772618756,0.3895405257162145,0.4278516264658524,0.6706182596525891,0.48438884435255897,0.5624900533830727,0.9367745122252408,0.6590228260410953,0.7737270536879552,0.14267526735698524
office_4,seq_0003,-1,logit_count,0.6577530746601781,0.6706182596525891,12147,47402,0.1769158221977659,0.5194722896033797,0.3481940559005728,0.47452045772618756,0.3895405257162145,0.4278516264658524,0.6706182596525891,0.48438884435255897,0.5624900533830727,0.9367745122252408,0.6590228260410953,0.7737270536879552,0.14267526735698524
office_4,seq_0003,-1,mlp_all,0.7904965632113732,0.8425125545402157,12147,47402,0.11983287981459159,0.4596718362050674,0.2897523580098295,0.5987486622211246,0.4381249736298046,0.5059955866873359,0.8425125545402157,0.511138770516012,0.6362655187503362,0.9806536593397547,0.645141555208641,0.7782781266006262,0.17967141292442498
office_4,seq_0003,-1,mlp_noconf,0.7631597862088514,0.7863670041985675,12147,47402,0.14188598955338322,0.4573206120612915,0.2996033008073373,0.5559397382069646,0.42869499177249903,0.4840954198347457,0.7863670041985675,0.505506096789165,0.6154061333613626,0.9566148020087264,0.6462174591789376,0.7713610484842409,0.16988182134167534
office_4,seq_0008,4,support,0.6953031535032442,0.7946694722076101,5703,46599,0.13060885121916496,0.7121171348197796,0.4213629930194723,0.5744345081536034,0.29756003347711324,0.3920408748360776,0.7946694722076101,0.42073864246013865,0.5501825286604148,0.9747501315097317,0.5722869589476169,0.7211679563940918,0.1280702768306074
office_4,seq_0008,4,logit_count,0.6953031535032442,0.7946694722076101,5703,46599,0.13060885121916496,0.7121171348197796,0.4213629930194723,0.5744345081536034,0.29756003347711324,0.3920408748360776,0.7946694722076101,0.42073864246013865,0.5501825286604148,0.9747501315097317,0.5722869589476169,0.7211679563940918,0.1280702768306074
office_4,seq_0008,4,mlp_all,0.8391806328995054,0.8921620199894792,5703,46599,0.09929071100594475,0.5709695478396921,0.33513012942281845,0.6468525337541645,0.31719564797527844,0.4256609005174923,0.8921620199894792,0.44307817764329704,0.592099492930661,0.9942135718043135,0.5971158179360072,0.7461191302799828,0.1422635767790262
office_4,seq_0008,4,mlp_noconf,0.837725371644162,0.8751534280203401,5703,46599,0.10515164534656361,0.5512293209287199,0.32819048313764176,0.611607925653165,0.31318268632374086,0.41424515052869576,0.8751534280203401,0.44166183823687205,0.5870555751641242,0.9926354550236718,0.6054207171827721,0.7521163267392879,0.14166227993215183
office_4,seq_0008,-1,support,0.6956316634900152,0.6883570617521181,11449,46599,0.17006235913094628,0.3624264939389315,0.2662444265349389,0.4730544152327714,0.3869825532736754,0.4257114801985192,0.6883570617521181,0.5146891564196656,0.588988037329299,0.947244300812298,0.731968497178051,0.8258071736421299,0.1510774978358923
office_4,seq_0008,-1,logit_count,0.6956316634900152,0.6883570617521181,11449,46599,0.17006235913094628,0.3624264939389315,0.2662444265349389,0.4730544152327714,0.3869825532736754,0.4257114801985192,0.6883570617521181,0.5146891564196656,0.588988037329299,0.947244300812298,0.731968497178051,0.8258071736421299,0.1510774978358923
office_4,seq_0008,-1,mlp_all,0.8456329372015248,0.8700323172329462,11449,46599,0.11189699344744829,0.428446034825368,0.27017151413640816,0.6128919556293126,0.42668297602952854,0.5031105611505707,0.8700323172329462,0.529796776754866,0.6585665626215298,0.9815704428334352,0.6661730938432155,0.7936864010357499,0.18871741789780747
office_4,seq_0008,-1,mlp_noconf,0.8378133227199218,0.8414708708184121,11449,46599,0.12218234310850574,0.3716473567031955,0.2469148499058506,0.5949864616997118,0.4313182686323741,0.5001020124636542,0.8414708708184121,0.5411489516942424,0.6586931160831918,0.9741462136431129,0.7167964977789223,0.8258879375951894,0.18425986687916002
office_4,seq_0010,4,support,0.6447600756143688,0.6811379707284986,6081,52162,0.19309311701771442,0.58718668081386,0.39013989891578726,0.4469659595461273,0.24836087573329244,0.3192997925680179,0.6811379707284986,0.4218396533875235,0.521009672723817,0.9077454366058214,0.6590813235688816,0.763681191856933,0.07364149262595268
office_4,seq_0010,4,logit_count,0.6447600756143688,0.6811379707284986,6081,52162,0.19309311701771442,0.58718668081386,0.39013989891578726,0.4469659595461273,0.24836087573329244,0.3192997925680179,0.6811379707284986,0.4218396533875235,0.521009672723817,0.9077454366058214,0.6590813235688816,0.763681191856933,0.07364149262595268
office_4,seq_0010,4,mlp_all,0.8031546817204386,0.8516691333662226,6081,52162,0.11361319593796096,0.6461148307424025,0.3798640133401817,0.5707942772570301,0.28639622713852997,0.3814165617570604,0.8516691333662226,0.4217821402553583,0.5641658024952073,0.9935865811544153,0.5831064759786818,0.7349138341106429,0.10194544623355514
office_4,seq_0010,4,mlp_noconf,0.8003332013725963,0.8029929287946062,6081,52162,0.133041815066194,0.6202210399745945,0.37663142752039425,0.5277092583456668,0.26565315747095586,0.35340123986560423,0.8029929287946062,0.4230666002070473,0.554164753569605,0.9802664035520473,0.6206433802384878,0.7600626348778332,0.09234642497482376
office_4,seq_0010,-1,support,0.6368280833846007,0.6110735418427726,11830,52162,0.2171179964193745,0.5044777024105441,0.3607978494149593,0.4017751479289941,0.35094513247191444,0.37464390474178505,0.6110735418427726,0.4975652774050075,0.5485086235175477,0.8865595942519019,0.6958513860664852,0.7797136523491529,0.10385744740758618
office_4,seq_0010,-1,logit_count,0.6368280833846007,0.6110735418427726,11830,52162,0.2171179964193745,0.5044777024105441,0.3607978494149593,0.4017751479289941,0.35094513247191444,0.37464390474178505,0.6110735418427726,0.4975652774050075,0.5485086235175477,0.8865595942519019,0.6958513860664852,0.7797136523491529,0.10385744740758618
office_4,seq_0010,-1,mlp_all,0.7972746174490906,0.8092138630600169,11830,52162,0.13910461449276126,0.3950494065742926,0.26707701053352695,0.5312764158918005,0.3933898240098156,0.4520522686552898,0.8092138630600169,0.5442275986350217,0.650780295918781,0.9652578191039729,0.7450826271998773,0.840998449562998,0.14341069122119912
office_4,seq_0010,-1,mlp_noconf,0.7888360604463683,0.7846999154691462,11830,52162,0.1472302211750288,0.3807088092809209,0.26396951522797485,0.53229078613694,0.3976841378781488,0.4552458285034716,0.7846999154691462,0.5475441892565469,0.6450137441046517,0.9506339814032122,0.7306276599823627,0.8262360411196199,0.14910811489824974
office_4,seq_0002,4,support,0.6719654559550627,0.8543951676998888,6291,51842,0.10941884916747825,0.5765150112098147,0.3429669301886465,0.6564934032745191,0.33235600478376603,0.4412998033899947,0.8543951676998888,0.453242544654913,0.5922867416416123,0.9826736607852488,0.5950194822730605,0.7412214161625493,0.14558049618730534
office_4,seq_0002,4,logit_count,0.6719654559550627,0.8543951676998888,6291,51842,0.10941884916747825,0.5765150112098147,0.3429669301886465,0.6564934032745191,0.33235600478376603,0.4412998033899947,0.8543951676998888,0.453242544654913,0.5922867416416123,0.9826736607852488,0.5950194822730605,0.7412214161625493,0.14558049618730534
office_4,seq_0002,4,mlp_all,0.8034386627605448,0.9152757908122715,6291,51842,0.08732291017511282,0.44091799129032483,0.26412045073271884,0.7094261643617866,0.3560626519038617,0.4741488743128472,0.9152757908122715,0.5083908799814822,0.6536893421229895,0.9974566841519631,0.643532271131515,0.7823277094473029,0.15182765509421736
office_4,seq_0002,4,mlp_noconf,0.7868136371615279,0.9198855507868383,6291,51842,0.08844493773097997,0.5404153693206591,0.31443015352581954,0.6990939437291369,0.34983218240037034,0.4663160806949907,0.9198855507868383,0.4884263724393349,0.6380637062291187,0.9960260689874424,0.615215462366421,0.7606192201937979,0.1532598118715537
office_4,seq_0002,-1,support,0.6918529165685181,0.8044041450777202,12352,51842,0.13363957815386607,0.3238440662724173,0.22874182221314168,0.5702720207253886,0.45985880174375987,0.5091481633181086,0.8044041450777202,0.5757108136260175,0.6711095505867168,0.9710168393782384,0.7568959530882297,0.8506895941858418,0.17038366230880972
office_4,seq_0002,-1,logit_count,0.6918529165685181,0.8044041450777202,12352,51842,0.13363957815386607,0.3238440662724173,0.22874182221314168,0.5702720207253886,0.45985880174375987,0.5091481633181086,0.8044041450777202,0.5757108136260175,0.6711095505867168,0.9710168393782384,0.7568959530882297,0.8506895941858418,0.17038366230880972
office_4,seq_0002,-1,mlp_all,0.8382039406311153,0.9321567357512953,12352,51842,0.09401905949371012,0.30208887984665883,0.19805396967018446,0.6839378238341969,0.48620809382354074,0.5683669029686105,0.9321567357512953,0.6059179815593534,0.734438348757155,0.9942519430051814,0.7521700551676247,0.8564327975748813,0.2058279778149485
office_4,seq_0002,-1,mlp_noconf,0.8302411254227563,0.8983970207253886,12352,51842,0.10630674818856656,0.27956559418499555,0.19293617118678105,0.6602169689119171,0.48705682651132287,0.5605692084486866,0.8983970207253886,0.6247829944832375,0.7370148967805978,0.9798413212435233,0.7981945141005362,0.8797392625714545,0.20033301200595915
office_4,seq_0004,4,support,0.6988196390214426,0.893598311642631,5686,52573,0.0922969496541705,0.632897461676235,0.3625972056652027,0.7048892015476609,0.34837273885834935,0.4662927089915997,0.893598311642631,0.4580107659825386,0.6056154164268586,0.9894477664438973,0.6691647804005858,0.7983824777039524,0.16387695091608234
office_4,seq_0004,4,logit_count,0.6988196390214426,0.893598311642631,5686,52573,0.0922969496541705,0.632897461676235,0.3625972056652027,0.7048892015476609,0.34837273885834935,0.4662927089915997,0.893598311642631,0.4580107659825386,0.6056154164268586,0.9894477664438973,0.6691647804005858,0.7983824777039524,0.16387695091608234
office_4,seq_0004,4,mlp_all,0.8128179316951075,0.9542736545902216,5686,52573,0.07496983029879178,0.5198089363124652,0.2973893833056285,0.7548364403798804,0.3717117151389496,0.4981261502732006,0.9542736545902216,0.48618111958609933,0.6441713299127879,0.9968343299331692,0.6537576322446883,0.7896416148997425,0.1746375984476658
office_4,seq_0004,4,mlp_noconf,0.808053666940212,0.936334857544847,5686,52573,0.07914760762869193,0.623229037319669,0.35118832247418047,0.7310939148786493,0.3708938048047477,0.49212563609482834,0.936334857544847,0.4801133661765545,0.634752294924296,0.9975378121702427,0.635078842751983,0.7760733757608297,0.17678673527730132
office_4,seq_0004,-1,support,0.705360891366881,0.8302271920482783,11268,52573,0.12192374640969011,0.2804186509743841,0.20117119869203712,0.6080049698260561,0.46620889049512104,0.5277483988400127,0.8302271920482783,0.6016586460730793,0.6976999911615662,0.9731984380546681,0.8189945409240484,0.8894624823904629,0.19415791875855773
office_4,seq_0004,-1,logit_count,0.705360891366881,0.8302271920482783,11268,52573,0.12192374640969011,0.2804186509743841,0.20117119869203712,0.6080049698260561,0.46620889049512104,0.5277483988400127,0.8302271920482783,0.6016586460730793,0.6976999911615662,0.9731984380546681,0.8189945409240484,0.8894624823904629,0.19415791875855773
office_4,seq_0004,-1,mlp_all,0.7982541011469906,0.9318423855165069,11268,52573,0.08636278555392571,0.3841744604814161,0.23526862301767093,0.7086439474618388,0.4802655355410572,0.5725200611169821,0.9318423855165069,0.5962946759743595,0.7272288164893261,0.9959176428824991,0.7376219732562342,0.8475269098031348,0.2234171888151127
office_4,seq_0004,-1,mlp_noconf,0.7896981472885852,0.8995385161519347,11268,52573,0.09876850173220957,0.38336577045409226,0.24106713609315092,0.6724352147674831,0.4752439465124684,0.5568991335237907,0.8995385161519347,0.6016206037319537,0.7210173765048065,0.9838480653177138,0.7576702870294638,0.8560718812270666,0.21681704027532323
office_4,seq_0006,4,support,0.6517810044321792,0.7381895332390382,7070,55803,0.14387053845292672,0.3248082488714249,0.23433939366217582,0.582036775106082,0.3502499865598624,0.43732975955588455,0.7381895332390382,0.532247370213071,0.618526487569248,0.9534653465346534,0.7646363098758131,0.8486741415428153,0.1487850656926901
office_4,seq_0006,4,logit_count,0.6517810044321792,0.7381895332390382,7070,55803,0.14387053845292672,0.3248082488714249,0.23433939366217582,0.582036775106082,0.3502499865598624,0.43732975955588455,0.7381895332390382,0.532247370213071,0.618526487569248,0.9534653465346534,0.7646363098758131,0.8486741415428153,0.1487850656926901
office_4,seq_0006,4,mlp_all,0.7427764590980912,0.8398868458274399,7070,55803,0.10535495880272273,0.3949320505965048,0.2501435046996138,0.6594059405940594,0.3629912370302672,0.4682301229303576,0.8398868458274399,0.4837911940218268,0.6139406226492263,0.9910891089108911,0.6757163593355195,0.8035672275000573,0.1633617589643481
office_4,seq_0006,4,mlp_noconf,0.736576056746062,0.8356435643564356,7070,55803,0.10590091776204978,0.4033677596905817,0.25463433872631575,0.6472418670438472,0.34890597279716146,0.4533996746748512,0.8356435643564356,0.4754762288765837,0.6060905383564282,0.9878359264497878,0.6704836657527373,0.7987939794507561,0.16653788698294958
office_4,seq_0006,-1,support,0.6590437448352706,0.6609843081312411,14020,55803,0.1735924020835456,0.23998620529186238,0.20678930368770398,0.4737517831669044,0.4511764600469509,0.4621886163351893,0.6609843081312411,0.6156299840510366,0.6375014937005269,0.9474322396576319,0.8472483558231636,0.8945440312054411,0.17207239317254763
office_4,seq_0006,-1,logit_count,0.6590437448352706,0.6609843081312411,14020,55803,0.1735924020835456,0.23998620529186238,0.20678930368770398,0.4737517831669044,0.4511764600469509,0.4621886163351893,0.6609843081312411,0.6156299840510366,0.6375014937005269,0.9474322396576319,0.8472483558231636,0.8945440312054411,0.17207239317254763
office_4,seq_0006,-1,mlp_all,0.7475845883002438,0.7885164051355207,14020,55803,0.13286758013693722,0.2517432316058268,0.192305405871382,0.5819543509272468,0.46615773345519057,0.5176593710633066,0.7885164051355207,0.5958640216475817,0.6787853211576194,0.9776034236804565,0.818522301668369,0.891018031952524,0.1893586240154316
office_4,seq_0006,-1,mlp_noconf,0.7438404483875226,0.7634807417974322,14020,55803,0.14359167729982855,0.24753874673169257,0.19556521201576055,0.5549215406562055,0.45603282977617693,0.5006406775430845,0.7634807417974322,0.6040177051413006,0.6744517869287551,0.9620542082738944,0.8169811658871386,0.8836026311088852,0.18959765263877165
office_4,seq_0011,4,support,0.7076915227914519,0.8833988985051141,6355,58635,0.09405283049715325,0.6338857482001277,0.3639692893486405,0.6848151062155783,0.35840368380660015,0.47054416416110273,0.8833988985051141,0.47930416986441543,0.6214365925127764,0.9910306845003934,0.6594525454080328,0.791934986831111,0.1614426569797613
office_4,seq_0011,4,logit_count,0.7076915227914519,0.8833988985051141,6355,58635,0.09405283049715325,0.6338857482001277,0.3639692893486405,0.6848151062155783,0.35840368380660015,0.47054416416110273,0.8833988985051141,0.47930416986441543,0.6214365925127764,0.9910306845003934,0.6594525454080328,0.791934986831111,0.1614426569797613
office_4,seq_0011,4,mlp_all,0.8124759228106516,0.9381589299763965,6355,58635,0.08045648940967182,0.4200964223212587,0.25027645586546526,0.7088906372934697,0.3903300076745971,0.5034499473092564,0.9381589299763965,0.513584036838066,0.6637861680297525,0.998426435877262,0.6794917711264603,0.8086479357836958,0.1650702758979698
office_4,seq_0011,4,mlp_noconf,0.8053107122492946,0.9189614476789929,6355,58635,0.08637951128166892,0.4514451748030604,0.26891234304236467,0.6728560188827695,0.36977914215059265,0.47726785121410675,0.9189614476789929,0.5119638441204059,0.6575815495728149,0.9987411487018096,0.6835678349108893,0.8116313130402725,0.15586427722976812
office_4,seq_0011,-1,support,0.7062120200779216,0.7942861234426464,13966,58635,0.12549985212933365,0.2502382516033475,0.18786905186634056,0.5743233567234712,0.5072908672294705,0.5387299598143342,0.7942861234426464,0.6190671100878316,0.6958153182898594,0.9819561792925676,0.8256672635797732,0.8970552741044553,0.20950114933258054
office_4,seq_0011,-1,logit_count,0.7062120200779216,0.7942861234426464,13966,58635,0.12549985212933365,0.2502382516033475,0.18786905186634056,0.5743233567234712,0.5072908672294705,0.5387299598143342,0.7942861234426464,0.6190671100878316,0.6958153182898594,0.9819561792925676,0.8256672635797732,0.8970552741044553,0.20950114933258054
office_4,seq_0011,-1,mlp_all,0.8005806793554511,0.8729056279536016,13966,58635,0.10423335603278465,0.3026299814929766,0.20343166876288063,0.6069740799083488,0.48805321053978,0.5410561928414902,0.8729056279536016,0.5975100196128592,0.7094182651577874,0.9958470571387655,0.7727295983627526,0.8702144677753345,0.20541778867408866
office_4,seq_0011,-1,mlp_noconf,0.7933073571660266,0.8673922382929973,13966,58635,0.10517348577845716,0.3160006552014858,0.21058707048997147,0.6039667764571102,0.4943975441289332,0.5437170261622168,0.8673922382929973,0.6031892214547625,0.7115575209299845,0.9963482743806387,0.7848554617549245,0.8780459742963654,0.20974507905776058
office_4,seq_0005,4,support,0.6676367329333524,0.8417607592865325,6111,57334,0.09796055665305962,0.639121175668325,0.3685408661606923,0.6946489936180658,0.35270520110231274,0.4678576058121209,0.8417607592865325,0.4684305996441902,0.6019067284207124,0.9986908852888234,0.6424983430425227,0.7819418113804395,0.16610925306577481
office_4,seq_0005,4,logit_count,0.6676367329333524,0.8417607592865325,6111,57334,0.09796055665305962,0.639121175668325,0.3685408661606923,0.6946489936180658,0.35270520110231274,0.4678576058121209,0.8417607592865325,0.4684305996441902,0.6019067284207124,0.9986908852888234,0.6424983430425227,0.7819418113804395,0.16610925306577481
office_4,seq_0005,4,mlp_all,0.8128213509746357,0.9474717722140402,6111,57334,0.07129590055255322,0.4608477888287568,0.26607184469065503,0.7777777777777778,0.39651864513203333,0.5252564593427775,0.9474717722140402,0.5192207067359682,0.6708249619354897,0.9990181639666176,0.6623818327693864,0.7965950207272866,0.1901820546163849
office_4,seq_0005,4,mlp_noconf,0.8142518664834465,0.942235313369334,6111,57334,0.07388103388417261,0.4849503473321974,0.279415690608185,0.7568319423989527,0.3901001151149405,0.514834729604581,0.942235313369334,0.515680050231974,0.6665571484594266,0.9986908852888234,0.6532772874734015,0.7898724482990369,0.18498138857420293
office_4,seq_0005,-1,support,0.6631464241088523,0.7748163201500703,12794,57334,0.13476322612430322,0.2431778163067883,0.18897052121554575,0.5661247459746757,0.4610876617713747,0.5082359469647486,0.7748163201500703,0.5951268008511529,0.6731870116201157,0.9794434891355323,0.8349321519517215,0.9014328031972358,0.18737566312997347
office_4,seq_0005,-1,logit_count,0.6631464241088523,0.7748163201500703,12794,57334,0.13476322612430322,0.2431778163067883,0.18897052121554575,0.5661247459746757,0.4610876617713747,0.5082359469647486,0.7748163201500703,0.5951268008511529,0.6731870116201157,0.9794434891355323,0.8349321519517215,0.9014328031972358,0.18737566312997347
office_4,seq_0005,-1,mlp_all,0.7872948726385671,0.8911208378927622,12794,57334,0.09753065413316409,0.35212913312559085,0.22482989362937747,0.6349069876504612,0.47483168800362785,0.5433242317046862,0.8911208378927622,0.5836850734293787,0.7053591631370589,0.9988275754259809,0.7542644852966826,0.8594872841626479,0.21631145453001613
office_4,seq_0005,-1,mlp_noconf,0.7832641852021692,0.8930748788494607,12794,57334,0.09941162274558565,0.33146133560007246,0.21543647917282904,0.6208378927622323,0.47842466948058743,0.540406221130243,0.8930748788494607,0.5912198695364007,0.7114538590583946,0.9956229482569955,0.7716014930058953,0.8694132283469801,0.20907364422874025
office_4,seq_0009,4,support,0.6802511084831542,0.7852957589285714,7168,56697,0.12194441428069215,0.4167024434459926,0.2693234288633424,0.6173270089285714,0.37520503730356103,0.4667339544205877,0.7852957589285714,0.5328500626135422,0.6348992463150929,0.9810267857142857,0.7279750251336049,0.8357662285129793,0.16308496732026143
office_4,seq_0009,4,logit_count,0.6802511084831542,0.7852957589285714,7168,56697,0.12194441428069215,0.4167024434459926,0.2693234288633424,0.6173270089285714,0.37520503730356103,0.4667339544205877,0.7852957589285714,0.5328500626135422,0.6348992463150929,0.9810267857142857,0.7279750251336049,0.8357662285129793,0.16308496732026143
office_4,seq_0009,4,mlp_all,0.7741296032044596,0.8440290178571429,7168,56697,0.11650158788511884,0.3739583612321742,0.2452299745586465,0.6489955357142857,0.37709226237719806,0.4770180393732388,0.8440290178571429,0.5160590507434256,0.64050089668595,0.9642857142857143,0.7168633261019102,0.8223673783212326,0.1638152043112018
office_4,seq_0009,4,mlp_noconf,0.7626267167545397,0.8151506696428571,7168,56697,0.12813613837554721,0.4027171559164212,0.2654266471459842,0.6177455357142857,0.36672134328094963,0.46022974971827185,0.8151506696428571,0.5100798984073232,0.6275013281196,0.9534040178571429,0.7106548847381696,0.8143236052070796,0.159568367825679
office_4,seq_0009,-1,support,0.6747761636101764,0.6715627894667195,15114,56697,0.16758919163088104,0.28984753168305694,0.228718361656969,0.4718803758105068,0.4695486533679031,0.47071162699524893,0.6715627894667195,0.614635695010318,0.6418394467550225,0.9568611883022363,0.8075030424890206,0.8758603323614198,0.16979231246125231
office_4,seq_0009,-1,logit_count,0.6747761636101764,0.6715627894667195,15114,56697,0.16758919163088104,0.28984753168305694,0.228718361656969,0.4718803758105068,0.4695486533679031,0.47071162699524893,0.6715627894667195,0.614635695010318,0.6418394467550225,0.9568611883022363,0.8075030424890206,0.8758603323614198,0.16979231246125231
office_4,seq_0009,-1,mlp_all,0.742010694489777,0.7628688633055445,15114,56697,0.14083479859775855,0.3075475721696439,0.22419118538370122,0.5252745798597327,0.47602165899430304,0.49943676452541924,0.7628688633055445,0.6014251194948587,0.6725947677797066,0.9723435225618632,0.7693352381960245,0.8590081620022474,0.17966552047514847
office_4,seq_0009,-1,mlp_noconf,0.7393604035212035,0.7364694984782321,15114,56697,0.15367612328742913,0.30181787597013343,0.22774699962878128,0.5037713378324732,0.4716122546166464,0.4871616424259473,0.7364694984782321,0.5992556925410516,0.6608148776608084,0.9560672224427683,0.7868670300015874,0.8632543364735162,0.1712445685909373
office_4,seq_0007,4,support,0.6857593124872365,0.797000297000297,6734,61235,0.12049465353932269,0.40755632773547884,0.2640254906374008,0.6645381645381645,0.34759532946844124,0.4564424823697988,0.797000297000297,0.5123377153588634,0.6237248249895905,0.9685179685179686,0.7274271250102066,0.8308361444580543,0.1560232594041064
office_4,seq_0007,4,logit_count,0.6857593124872365,0.797000297000297,6734,61235,0.12049465353932269,0.40755632773547884,0.2640254906374008,0.6645381645381645,0.34759532946844124,0.4564424823697988,0.797000297000297,0.5123377153588634,0.6237248249895905,0.9685179685179686,0.7274271250102066,0.8308361444580543,0.1560232594041064
office_4,seq_0007,4,mlp_all,0.7859468690903402,0.8875853875853876,6734,61235,0.08846521647244493,0.43516961680777794,0.26181741664011143,0.7352242352242352,0.3729403119131216,0.494862890748347,0.8875853875853876,0.49667673716012084,0.6369357455878654,0.9952479952479952,0.6613864619906916,0.7946756721184883,0.16846978050556538
office_4,seq_0007,4,mlp_noconf,0.7890602248274096,0.8592218592218592,6734,61235,0.09801141484222263,0.4360748049839382,0.2670431099130804,0.6931986931986932,0.35551563648240386,0.46999066885306073,0.8592218592218592,0.48656813913611496,0.6213004728178225,0.9915354915354916,0.6659100187801095,0.7967361987831733,0.1592445430620775
office_4,seq_0007,-1,support,0.6745126173823784,0.6949935340846112,16239,61235,0.16268526014491455,0.24181372634517714,0.20224949324504585,0.5084672701521029,0.50768351433004,0.5080750899861316,0.6949935340846112,0.6530742222585123,0.673382119869464,0.9525217070016626,0.8341471380746305,0.889413007943809,0.189492874948841
office_4,seq_0007,-1,logit_count,0.6745126173823784,0.6949935340846112,16239,61235,0.16268526014491455,0.24181372634517714,0.20224949324504585,0.5084672701521029,0.50768351433004,0.5080750899861316,0.6949935340846112,0.6530742222585123,0.673382119869464,0.9525217070016626,0.8341471380746305,0.889413007943809,0.189492874948841
office_4,seq_0007,-1,mlp_all,0.7580938426708246,0.7891495781759961,16239,61235,0.1333302486956693,0.2587710738378599,0.19605066126676463,0.5294045199827575,0.4914672981138238,0.5097310052701571,0.7891495781759961,0.6280068588225688,0.6994165708072275,0.9780774678243734,0.812574508042786,0.8876775922470864,0.18697556991163586
office_4,seq_0007,-1,mlp_noconf,0.7594104425945865,0.77960465545908,16239,61235,0.13421604778008073,0.27693778157469545,0.2055769146773881,0.5233080854732435,0.4811464032007839,0.5013423822192733,0.77960465545908,0.6162325467461419,0.688357870860164,0.9793090707555884,0.7977627174001797,0.8792624706190457,0.19046732452057344
frl_apartment_5,seq_0007,4,support,0.6200392966060285,0.6408833112103295,8287,68669,0.38846570339586045,0.694466543859145,0.5414661236275027,0.4920960540605768,0.2461081419563413,0.32811746717874324,0.6408833112103295,0.3899430601872752,0.4848692399234645,0.7520212380837457,0.590091598829166,0.6612877882236091,0.10565870910698497
frl_apartment_5,seq_0007,4,logit_count,0.6200392966060285,0.6408833112103295,8287,68669,0.38846570339586045,0.694466543859145,0.5414661236275027,0.4920960540605768,0.2461081419563413,0.32811746717874324,0.6408833112103295,0.3899430601872752,0.4848692399234645,0.7520212380837457,0.590091598829166,0.6612877882236091,0.10565870910698497
frl_apartment_5,seq_0007,4,mlp_all,0.7869087814677864,0.846747918426451,8287,68669,0.1829582964505487,0.6013315644552919,0.3921449304529203,0.6167491251357547,0.24725858830039757,0.3529980476912513,0.846747918426451,0.3816278087637799,0.5261298241760768,0.9266320743332931,0.6219545937759396,0.7443213702406322,0.11353517364203028
frl_apartment_5,seq_0007,4,mlp_noconf,0.7561541931592745,0.844937854470858,8287,68669,0.1935233498740822,0.6112885489785876,0.4024059494263349,0.6139736937371787,0.24436062852233176,0.34958638797723374,0.844937854470858,0.3779434679404098,0.5222726638479942,0.9231326173524798,0.6237894828816497,0.7444982755399676,0.1141552511415525
frl_apartment_5,seq_0007,-1,support,0.6532082808259325,0.6064875491480997,21364,68669,0.36148945933202326,0.3158434345911933,0.3386664469616083,0.3918273731510953,0.36965734174081466,0.38041962589066525,0.6064875491480997,0.5228123316197993,0.5615499922888308,0.7883823254072271,0.7667506443955788,0.7774160380803028,0.13029221971564975
frl_apartment_5,seq_0007,-1,logit_count,0.6532082808259325,0.6064875491480997,21364,68669,0.36148945933202326,0.3158434345911933,0.3386664469616083,0.3918273731510953,0.36965734174081466,0.38041962589066525,0.6064875491480997,0.5228123316197993,0.5615499922888308,0.7883823254072271,0.7667506443955788,0.7774160380803028,0.13029221971564975
frl_apartment_5,seq_0007,-1,mlp_all,0.7358860209017138,0.7507021157086687,21364,68669,0.25346338840473537,0.2822379982739858,0.2678506933393606,0.4685920239655495,0.4002388268359813,0.4317266629370917,0.7507021157086687,0.5664419170222371,0.6456835926333995,0.8927635274293203,0.7923517162038183,0.8395659772178747,0.14574026802807913
frl_apartment_5,seq_0007,-1,mlp_noconf,0.7275904431269128,0.7408724957873057,21364,68669,0.25085234163354925,0.2717633382239512,0.26130783992875023,0.4604006740310803,0.3947924099666516,0.42507989143533115,0.7408724957873057,0.5727329653846714,0.6460419266308971,0.8942613742744804,0.8109627342760197,0.8505775230395022,0.1419144538082366
frl_apartment_5,seq_0009,4,support,0.6150074920793557,0.5850617571661617,8582,72762,0.379580891222477,0.9899517611430617,0.6847663261827693,0.41691913306921463,0.21610181138506362,0.2846571844001764,0.5850617571661617,0.366400043979,0.4506048551778011,0.7551852714984852,0.5209175118880734,0.6165478796300756,0.08652777279736078
frl_apartment_5,seq_0009,4,logit_count,0.6150074920793557,0.5850617571661617,8582,72762,0.379580891222477,0.9899517611430617,0.6847663261827693,0.41691913306921463,0.21610181138506362,0.2846571844001764,0.5850617571661617,0.366400043979,0.4506048551778011,0.7551852714984852,0.5209175118880734,0.6165478796300756,0.08652777279736078
frl_apartment_5,seq_0009,4,mlp_all,0.757455496909821,0.7762759263574924,8582,72762,0.2110350830969021,0.684602293109673,0.44781868810328757,0.5658354695875087,0.2308622632692889,0.3279287784053309,0.7762759263574924,0.3672796239795498,0.4986383569262121,0.8948962945700303,0.5521700887826063,0.6829471987029677,0.10153779038063039
frl_apartment_5,seq_0009,4,mlp_noconf,0.7263112891304121,0.7621766487998136,8582,72762,0.23205008490100207,0.7051418989112299,0.468595991906116,0.5505709624796085,0.22910310326818945,0.32356473458547497,0.7621766487998136,0.3715813199197383,0.49959623303532963,0.8727569331158238,0.5472636815920398,0.6727059697653816,0.0998584340629424
frl_apartment_5,seq_0009,-1,support,0.6789367314848662,0.5556776959437177,27291,72762,0.3741770850242257,0.4622608292598737,0.4182189571420497,0.34135795683558684,0.40166570462604106,0.36906438212843534,0.5556776959437177,0.5345097715840686,0.5448882273555724,0.7709501300795134,0.7494708776559192,0.7600587832974502,0.12978630212775766
frl_apartment_5,seq_0009,-1,logit_count,0.6789367314848662,0.5556776959437177,27291,72762,0.3741770850242257,0.4622608292598737,0.4182189571420497,0.34135795683558684,0.40166570462604106,0.36906438212843534,0.5556776959437177,0.5345097715840686,0.5448882273555724,0.7709501300795134,0.7494708776559192,0.7600587832974502,0.12978630212775766
frl_apartment_5,seq_0009,-1,mlp_all,0.712372940624077,0.6123630500897732,27291,72762,0.33799268536754695,0.44186189503130746,0.3899272901994272,0.3756183357150709,0.39833979274896236,0.3866455419194029,0.6123630500897732,0.5246007531403755,0.5650947134108623,0.7986149279982412,0.7002418845001511,0.7462001940522798,0.1350982027052066
frl_apartment_5,seq_0009,-1,mlp_noconf,0.7177948894516051,0.630500897731853,27291,72762,0.3030359659230113,0.41617062866640975,0.3596032972947105,0.37972225275731925,0.40299881806437426,0.39101443607055125,0.630500897731853,0.5373684065858553,0.5802211968625328,0.8270125682459419,0.717228773260768,0.7682182750210962,0.13601910015994065
frl_apartment_5,seq_0010,4,support,0.623679689740794,0.5462775588454575,9389,76451,0.48169396709412077,0.6241691528643701,0.5529315599792455,0.40717861327084887,0.22086042039999476,0.28638232620432585,0.5462775588454575,0.36763417090685535,0.4394960495486789,0.6831398444988817,0.5787628677191927,0.6266346393066309,0.10056769310166867
frl_apartment_5,seq_0010,4,logit_count,0.623679689740794,0.5462775588454575,9389,76451,0.48169396709412077,0.6241691528643701,0.5529315599792455,0.40717861327084887,0.22086042039999476,0.28638232620432585,0.5462775588454575,0.36763417090685535,0.4394960495486789,0.6831398444988817,0.5787628677191927,0.6266346393066309,0.10056769310166867
frl_apartment_5,seq_0010,4,mlp_all,0.7970322902532202,0.7819789114921717,9389,76451,0.25650377680565273,0.5779135708896931,0.4172086738476729,0.5840877622750027,0.24984630678473793,0.3499849104548749,0.7819789114921717,0.3791709722567396,0.510707029823671,0.8564277345830227,0.5724712560986776,0.68623501615126,0.12309528825222948
frl_apartment_5,seq_0010,4,mlp_noconf,0.7832454941588542,0.7989136223239962,9389,76451,0.23535386155396207,0.5579395201174315,0.3966466908356968,0.5956970923421024,0.2561640789525317,0.3582654125732825,0.7989136223239962,0.39070777360662384,0.5247749641187794,0.8794333794866332,0.5839426560803652,0.7018546853053816,0.12570382882882883
frl_apartment_5,seq_0010,-1,support,0.6585387708801433,0.47540396142819913,30696,76451,0.4312076325145216,0.4689422412345295,0.45007493687452554,0.3076296585874381,0.37664647944435,0.3386575139472225,0.47540396142819913,0.5198362349740356,0.4966282637979307,0.7130244983059683,0.7014950752769747,0.7072127999565545,0.11872625369969983
frl_apartment_5,seq_0010,-1,logit_count,0.6585387708801433,0.47540396142819913,30696,76451,0.4312076325145216,0.4689422412345295,0.45007493687452554,0.3076296585874381,0.37664647944435,0.3386575139472225,0.47540396142819913,0.5198362349740356,0.4966282637979307,0.7130244983059683,0.7014950752769747,0.7072127999565545,0.11872625369969983
frl_apartment_5,seq_0010,-1,mlp_all,0.7222416660744229,0.5335874381026844,30696,76451,0.43030664845225974,0.4104013602667919,0.42035400435952586,0.3329749804534793,0.36575061150279264,0.34859408076071197,0.5335874381026844,0.5170893775097775,0.5252088789162418,0.7138063591347407,0.7227374396672378,0.718244136864426,0.1171550748333543
frl_apartment_5,seq_0010,-1,mlp_noconf,0.7275755539444011,0.5507557988011468,30696,76451,0.4079207285872023,0.39293846353190826,0.4004295960595553,0.34173833724263747,0.3755215759113681,0.3578343543176142,0.5507557988011468,0.5234987115930465,0.5367814578111506,0.7356984623403701,0.7197158964565539,0.7276194234921504,0.1212918156953503
frl_apartment_5,seq_0014,4,support,0.6024766202112862,0.5110987172336866,8965,85801,0.44810519510645164,0.9390635485262713,0.6935843718163615,0.37200223089793644,0.17524271278889522,0.2382504611806212,0.5110987172336866,0.31822472931550916,0.3922335769522845,0.6822085889570552,0.5486882437267631,0.6082066710887568,0.08301851737164799
frl_apartment_5,seq_0014,4,logit_count,0.6024766202112862,0.5110987172336866,8965,85801,0.44810519510645164,0.9390635485262713,0.6935843718163615,0.37200223089793644,0.17524271278889522,0.2382504611806212,0.5110987172336866,0.31822472931550916,0.3922335769522845,0.6822085889570552,0.5486882437267631,0.6082066710887568,0.08301851737164799
frl_apartment_5,seq_0014,4,mlp_all,0.7709944687765418,0.7809258226436141,8965,85801,0.190119111809831,0.8041635836568569,0.49714134773334395,0.5531511433351924,0.19411195673710097,0.28737736626837607,0.7809258226436141,0.30849290800806517,0.44227269311187456,0.9139988845510318,0.5430822484586427,0.6813300344990055,0.1016441980597203
frl_apartment_5,seq_0014,4,mlp_noconf,0.7551542871676539,0.7876185164528723,8965,85801,0.20027228157322402,0.8401843719390956,0.5202283267561598,0.558393753485778,0.1933077703057074,0.2871933820075974,0.7876185164528723,0.2971294040861995,0.4314820356135803,0.9115448968209704,0.5199822845887577,0.6622119427553199,0.1024428684003152
frl_apartment_5,seq_0014,-1,support,0.667776101337053,0.5131250742368453,33676,85801,0.3802053444493965,0.5460219373513946,0.46311364090039553,0.3213861503741537,0.3973030617358772,0.3553349609027091,0.5131250742368453,0.5197142224449598,0.5163986301272037,0.7611355267846538,0.6812391463968951,0.718974516399962,0.12610844873778349
frl_apartment_5,seq_0014,-1,logit_count,0.667776101337053,0.5131250742368453,33676,85801,0.3802053444493965,0.5460219373513946,0.46311364090039553,0.3213861503741537,0.3973030617358772,0.3553349609027091,0.5131250742368453,0.5197142224449598,0.5163986301272037,0.7611355267846538,0.6812391463968951,0.718974516399962,0.12610844873778349
frl_apartment_5,seq_0014,-1,mlp_all,0.7105956775785118,0.5415429385912817,33676,85801,0.4254828304484471,0.610657266624212,0.5180700485363295,0.3296709823019361,0.35570680994394005,0.3421943773854817,0.5415429385912817,0.4801342641694153,0.5089930941672771,0.7262145147879796,0.6585354483047983,0.6907210887274268,0.1172759776118006
frl_apartment_5,seq_0014,-1,mlp_noconf,0.7186892245309814,0.5516094548046087,33676,85801,0.38124562859759664,0.5661077684779104,0.4736766985377535,0.32536524527853666,0.36448293143436555,0.343815008545965,0.5516094548046087,0.494935956457384,0.521738187692095,0.7655303480223304,0.6641414435729187,0.7112407664798733,0.11610598949080914
