method,N_req,frac,N,n_cand,kept,n_pred,n_ref,acc,comp,chamfer,precision@0.1,recall@0.1,f1@0.1,precision@0.2,recall@0.2,f1@0.2,precision@0.5,recall@0.5,f1@0.5,iou,grid_voxel
A_point,-1,0.02,23.666666666666668,84042.51282051283,1680.3076923076924,1680.3076923076924,59403.743589743586,0.20618772999304222,1.8912909461782839,1.048739338085663,0.7838520238003057,0.10651572875774096,0.18673513000547518,0.828927579675616,0.13665242486405263,0.23379173879649337,0.8683861619178137,0.22230114994766184,0.3519063045906798,0.052611044347141825,
A_point,-1,0.05,23.666666666666668,84042.51282051283,4201.717948717948,4201.717948717948,59403.743589743586,0.21279375955028776,1.4365100008925968,0.8246518802214424,0.6842995604665213,0.19889708958240812,0.3064866793163945,0.7922984466003267,0.25471631006269657,0.38314886220259226,0.8778310913771008,0.36834004168693446,0.5147615570941887,0.10102887348322054,
A_point,-1,0.1,23.666666666666668,84042.51282051283,8403.871794871795,8403.871794871795,59403.743589743586,0.22863014002351215,1.0753550666059184,0.6519926033147153,0.5676912638192001,0.287967686356787,0.37965886734088333,0.7303839702030944,0.3681192232251084,0.48654763046752436,0.8800194956956324,0.49218702041901125,0.6280659654895406,0.13365913348765304,
A_point,-1,0.25,23.666666666666668,84042.51282051283,21010.17948717949,21010.17948717949,59403.743589743586,0.28724152398836766,0.5423081195337088,0.4147748217610383,0.4049499803233256,0.42656844964387647,0.41227907477812326,0.5974537512583393,0.5377702305531618,0.5624595005887948,0.8373710161602325,0.6970921458161649,0.7573354204001334,0.15022371192403616,
A_point,-1,0.5,23.666666666666668,84042.51282051283,42021.02564102564,42021.02564102564,59403.743589743586,0.40214929746603373,0.32753249035062504,0.36484089390832936,0.2891261011304504,0.5413215284772307,0.37371917964342594,0.4675820621633206,0.6759051497658569,0.5485115673820159,0.7491817091809412,0.8267071026204397,0.7831532180257355,0.1320446925328744,
A_point,-1,1.0,23.666666666666668,84042.51282051283,84042.51282051283,84042.51282051283,59403.743589743586,0.6045948985061248,0.24609129909241304,0.4253430987992689,0.19922247917276797,0.6622436542814445,0.30401428022655314,0.34547999199156376,0.7798093618857774,0.47539493479362366,0.6231119701529817,0.8826799284878004,0.7273840963252491,0.10170705697987846,
A_point,1,0.02,1.0,9340.461538461539,186.33333333333334,186.33333333333334,14955.076923076924,0.2195996195315997,1.7821266293811566,1.0008631244563782,0.7479995297385421,0.04646904360619881,0.08732512344660066,0.7942734639534331,0.07358172442569294,0.13422406926713457,0.8457657467880488,0.17011199587646786,0.2805841999658141,0.012560220079267078,
A_point,1,0.05,1.0,9340.461538461539,466.5128205128205,466.5128205128205,14955.076923076924,0.20286635316336765,1.4923126036272134,0.8475894783952906,0.7205098311954334,0.10557704377380464,0.18340617972678133,0.8029569727565945,0.15746957626272426,0.2618335207594083,0.8752873052317821,0.2874483032664462,0.42940108649349484,0.029158679846329385,
A_point,1,0.1,1.0,9340.461538461539,933.5897435897435,933.5897435897435,14955.076923076924,0.20757554954828736,1.1750509401266716,0.6913132448374795,0.661636612105959,0.18277199663125332,0.2848218014567978,0.774310388899206,0.2667714500505269,0.3947752836054501,0.878481971682298,0.424968074585624,0.569755959350897,0.05198574173734357,
A_point,1,0.25,1.0,9340.461538461539,2334.74358974359,2334.74358974359,14955.076923076924,0.23753269134591953,0.6626174544384795,0.45007507289219956,0.5500103604823351,0.3137358254260879,0.3975711492020894,0.6948203520759094,0.4509990314450268,0.5443533239591347,0.8652316162722721,0.6610665547971727,0.7461292565414146,0.09439542121914152,
A_point,1,0.5,1.0,9340.461538461539,4670.0,4670.0,14955.076923076924,0.29903696776523697,0.4337301346856114,0.36638355122542415,0.44865261944865065,0.39521878687229145,0.4181435139363319,0.6063206940380443,0.5460447153887302,0.572244128538143,0.8161418309061201,0.7548896792058938,0.781635644334176,0.12040442465527022,
A_point,1,1.0,1.0,9340.461538461539,9340.461538461539,9340.461538461539,14955.076923076924,0.43391624355961783,0.3646416646202884,0.3992789540899531,0.3187270944630735,0.43560137717410513,0.3657804862055722,0.4744665984447868,0.5883042966867865,0.5226495057026553,0.7147992470697547,0.7968493802022965,0.7512406435608023,0.11299674142197294,
A_point,2,0.02,2.0,16425.69230769231,328.0,328.0,24069.0,0.16872072585220665,1.5545284500174428,0.8616245879348247,0.7243438570056621,0.04896822829667313,0.0914678157869655,0.8255205568254484,0.08454518614226923,0.15287751481281947,0.8976668817236447,0.19839915872854613,0.32335530919669886,0.01483320389474086,
A_point,2,0.05,2.0,16425.69230769231,820.8717948717949,820.8717948717949,24069.0,0.17018635160440956,1.2924123642086032,0.7312993579065062,0.7018820186842322,0.11176155113032192,0.19172638436935907,0.8191249001694135,0.1762647700724872,0.2883603444802794,0.9045820257173582,0.324075131010958,0.4751866012457017,0.03524189690164409,
A_point,2,0.1,2.0,16425.69230769231,1642.1538461538462,1642.1538461538462,24069.0,0.18140469075526686,0.9907285214871413,0.5860666061212041,0.6623745729142894,0.19781661618993734,0.3024728430649905,0.7953195077928704,0.29535368282299623,0.4283634164399577,0.8996471432843876,0.4769891299705232,0.6210956586522591,0.06473547189585223,
A_point,2,0.25,2.0,16425.69230769231,4106.153846153846,4106.153846153846,24069.0,0.22790035009159523,0.503527377755235,0.36571386392341515,0.5477576305044923,0.34290482760297797,0.4189037887923676,0.7069969206476795,0.5023903879552908,0.5838531291345189,0.8708285606678415,0.7286079875090578,0.7906689582085554,0.11320428823329451,
A_point,2,0.5,2.0,16425.69230769231,8212.641025641025,8212.641025641025,24069.0,0.3069129522183731,0.3376033576291176,0.3222581549237454,0.4330238860654555,0.42910788836821806,0.4278699483662569,0.6030476350554757,0.6033488819758954,0.5995690840751541,0.8166752265602973,0.8191703228262466,0.8148310548922456,0.133151382065678,
A_point,2,1.0,2.0,16425.69230769231,16425.69230769231,16425.69230769231,24069.0,0.474836352296078,0.26828792914189636,0.3715621407189872,0.3094754067105722,0.48695614442685026,0.37519296854658396,0.4716181648012241,0.6712186477777442,0.5502344637153006,0.7154255279764341,0.8714113259233451,0.7817937303315562,0.12099998753462402,
A_point,4,0.02,4.0,29268.358974358973,584.7948717948718,584.7948717948718,34478.53846153846,0.20105988601690714,1.6576736515951376,0.9293667688060224,0.7797495749699842,0.06931020862034003,0.12702127588453024,0.8286408686088277,0.10527470903919318,0.18636520581225774,0.8692858438827045,0.21521963455080703,0.34324486842534835,0.024727988431223622,
A_point,4,0.05,4.0,29268.358974358973,1462.871794871795,1462.871794871795,34478.53846153846,0.1914281900580981,1.3341735333986555,0.7628008617283769,0.7587160485970053,0.15464758110738688,0.25594093951728364,0.8288125038395594,0.21557934233593953,0.34075623872705957,0.8838421513803556,0.3559428146692894,0.5042164737041726,0.05737903138248041,
A_point,4,0.1,4.0,29268.358974358973,2926.3333333333335,2926.3333333333335,34478.53846153846,0.2015889823218112,0.9894906882054457,0.5955398352636285,0.6849742621740086,0.2540774029502175,0.3687670087041238,0.7937265263552263,0.350713872674191,0.4837673557856301,0.885155139139374,0.517591371551918,0.6492121053299531,0.09513595021367278,
A_point,4,0.25,4.0,29268.358974358973,7316.74358974359,7316.74358974359,34478.53846153846,0.24681133773809824,0.5133620480943785,0.38008669291623837,0.5263863038587021,0.4058536105335347,0.45618310977714127,0.6853008555652775,0.5562508381453501,0.6109216746885767,0.8599629527339036,0.7389451857373756,0.7916053179072998,0.1392729990312708,
A_point,4,0.5,4.0,29268.358974358973,14633.97435897436,14633.97435897436,34478.53846153846,0.32103153803276296,0.30604259769382514,0.31353706786329405,0.4009245643971756,0.4973361051066128,0.44170953435644905,0.5732909416957234,0.659427437001473,0.6103308831572459,0.8031648595672698,0.8385331430745993,0.817570918564113,0.14639537521509413,
A_point,4,1.0,4.0,29268.358974358973,29268.358974358973,29268.358974358973,34478.53846153846,0.49862093534539287,0.23560129130390728,0.36711111332465013,0.27988653414877823,0.5700131566366741,0.37330514415715205,0.4394246421837503,0.7420351734423273,0.5488063892954546,0.6930313700469183,0.8918209094968618,0.7765713226361032,0.1232516611779204,
A_point,8,0.02,8.0,46557.846153846156,930.6923076923077,930.6923076923077,44439.41025641026,0.20628588279191995,1.805947152727252,1.0061165177595859,0.7968118202014113,0.08423776403059687,0.15202918392295547,0.8345220630904117,0.11460116748613473,0.20108073957262024,0.8651276012378876,0.20614619184053887,0.33145731024103126,0.03528180518948011,
A_point,8,0.05,8.0,46557.846153846156,2327.3076923076924,2327.3076923076924,44439.41025641026,0.20194603595399463,1.4008827008449494,0.8014143683994719,0.7359092884857872,0.1764082253363342,0.28356503663574234,0.8175983277231061,0.23426158417422216,0.3625837509390273,0.8799522439302496,0.357781128287368,0.5052610702578543,0.07620739316057352,
A_point,8,0.1,8.0,46557.846153846156,4655.307692307692,4655.307692307692,44439.41025641026,0.21694126693533028,1.0221620658630006,0.6195516663991655,0.6382796401096738,0.27527997844935687,0.3827006091483929,0.7683523582813975,0.36719345209642407,0.49396601681788244,0.8798225757785704,0.5156846582860706,0.6454709897320964,0.11510384536816169,
A_point,8,0.25,8.0,46557.846153846156,11639.076923076924,11639.076923076924,44439.41025641026,0.2634308710117904,0.5184466124502369,0.3909387417310137,0.4710920401089383,0.417270401339775,0.4401642546139544,0.6481899864705934,0.5507914210817569,0.5918320493760179,0.8521107879269891,0.7160353756549808,0.7746098433519594,0.14653932877856837,
A_point,8,0.5,8.0,46557.846153846156,23278.69230769231,23278.69230769231,44439.41025641026,0.3438911891655994,0.3077004934798699,0.3257958413227347,0.350742583601189,0.5200403457325833,0.41673703658571,0.5310162130804575,0.6731791020949407,0.5902234597950416,0.7868482276203748,0.8368261653362808,0.8080143412843822,0.14302921306928731,
A_point,8,1.0,8.0,46557.846153846156,46557.846153846156,46557.846153846156,44439.41025641026,0.5292520163551209,0.24155503250443125,0.3854035244297761,0.24499863218316023,0.6171546857434377,0.3488005429045878,0.4033050638818301,0.7665414501552502,0.5251899115080528,0.6719205243144993,0.8895919197136277,0.7624689284336176,0.11616807318672681,
A_point,16,0.02,15.692307692307692,68554.92307692308,1370.5897435897436,1370.5897435897436,54121.41025641026,0.2046629249072607,1.8683799921366102,1.0365214585219356,0.7903820745015478,0.09944514134572187,0.17623602114038825,0.8331177727951149,0.12923229652811127,0.2232527866544834,0.8682038001366615,0.21682844810133572,0.34532641971342215,0.046834141183763174,
A_point,16,0.05,15.692307692307692,68554.92307692308,3427.2820512820513,3427.2820512820513,54121.41025641026,0.20948928606483636,1.4248908747719247,0.8171900804183805,0.7038703257373518,0.19444384641035584,0.3035512809033562,0.803208021384906,0.24940024127013558,0.3790206868021702,0.8796332968239642,0.3634409169327242,0.5111802786275051,0.09382563244480674,
A_point,16,0.1,15.692307692307692,68554.92307692308,6855.076923076923,6855.076923076923,54121.41025641026,0.2259613173789424,1.0417171676718375,0.63383924252539,0.5914569199933576,0.2869652842403309,0.3847851689496689,0.7432974625963745,0.37193996787160066,0.49307369732704176,0.8798431921277261,0.5042124149015278,0.6367852249068565,0.12925086443131856,
A_point,16,0.25,15.692307692307692,68554.92307692308,17138.384615384617,17138.384615384617,54121.41025641026,0.27794636342689183,0.5272193298090321,0.402582846617962,0.4258418906360625,0.425399506355407,0.4234069767026619,0.6134385277107028,0.5450484243848318,0.5738755196817674,0.843229968852242,0.7060239552788097,0.7651178154461706,0.15028857550480146,
A_point,16,0.5,15.692307692307692,68554.92307692308,34277.256410256414,34277.256410256414,54121.41025641026,0.3767015290646108,0.3146936429826309,0.34569758602362083,0.30757041458596307,0.5362455762767226,0.38881158145149125,0.4867485325720992,0.6785250688006141,0.5634768530339489,0.7624182468572702,0.834772529102651,0.7942221002117866,0.1361979892344076,
A_point,16,1.0,15.692307692307692,68554.92307692308,68554.92307692308,68554.92307692308,54121.41025641026,0.5736680240719798,0.23620137645663355,0.40493470026430667,0.21268436236207108,0.6529256722840151,0.3192148510195201,0.3632978411903608,0.7817294881876734,0.49315957582966863,0.6400492001132994,0.8896244531084095,0.7417675463236798,0.10650928150223106,
B_argmax,-1,0.02,23.666666666666668,82324.17948717948,1645.974358974359,1645.974358974359,59403.743589743586,0.20928209539640294,1.8440258773427485,1.0266539863695758,0.76515425181823,0.10498054098982117,0.18384693686430204,0.8224996114986194,0.1376545377501574,0.23480892663756797,0.8718705492983901,0.23527641875404234,0.36772732916042683,0.05007453683123149,
B_argmax,-1,0.05,23.666666666666668,82324.17948717948,4115.692307692308,4115.692307692308,59403.743589743586,0.21291817611624075,1.3547871311957327,0.7838526536559868,0.6047386000168921,0.18831855477303153,0.28536959451203836,0.7437619086487774,0.25592766408737616,0.3787444090789033,0.8898555910219083,0.3985542044127968,0.5475327437637062,0.08771958098467687,
B_argmax,-1,0.1,23.666666666666668,82324.17948717948,8231.923076923076,8231.923076923076,59403.743589743586,0.24388845868416348,0.9349864909170199,0.5894374748005917,0.4786083997179752,0.25792030816738143,0.33301813491112486,0.6673311533537556,0.3539852394100864,0.4602308913690334,0.8733487777764462,0.5324772600437822,0.6578854570259229,0.11180470316347223,
B_argmax,-1,0.25,23.666666666666668,82324.17948717948,20580.666666666668,20580.666666666668,59403.743589743586,0.34181315857180944,0.5162435243749203,0.4290283414733649,0.310920827061904,0.3663421124186454,0.3341777422242186,0.5081432780311876,0.522464303505145,0.5120647315061644,0.79094077821521,0.7176820623363355,0.748883462927665,0.1136480795923978,
B_argmax,-1,0.5,23.666666666666668,82324.17948717948,41161.89743589744,41161.89743589744,59403.743589743586,0.43316124844077664,0.34386774002589193,0.3885144942333343,0.22824647682673466,0.48620346188810093,0.3089938101314661,0.40763038550843095,0.653475121042836,0.4991553335602302,0.7169134329072417,0.8206336401870218,0.7625759843618657,0.10357628281847295,
B_argmax,-1,1.0,23.666666666666668,82324.17948717948,82324.17948717948,82324.17948717948,59403.743589743586,0.5899033201405,0.2485491981223811,0.41922625913144057,0.16762311244244923,0.6249520634234066,0.26319450534976746,0.31736116482663407,0.775513110898952,0.44803328036512713,0.6182861131631459,0.8853472853765231,0.7251706909925408,0.08638197302373662,
B_argmax,1,0.02,1.0,9059.564102564103,180.76923076923077,180.76923076923077,14955.076923076924,0.23661944710771562,1.801183802927739,1.0189016250177272,0.7234345800970536,0.04313557712066259,0.08129613796941064,0.7690761927689247,0.06769936303903559,0.12413842798955785,0.8293266606520612,0.15934174095081555,0.2655111971698047,0.012961853620226936,
B_argmax,1,0.05,1.0,9059.564102564103,452.53846153846155,452.53846153846155,14955.076923076924,0.2219713195847732,1.4917245406006079,0.8568479300926904,0.7055598258601001,0.10041999608697517,0.1752585615228526,0.7809936285039186,0.15067913641949893,0.25120526034001023,0.8572824608973022,0.2826255288017867,0.42124507603714295,0.030329100947530687,
B_argmax,1,0.1,1.0,9059.564102564103,905.5384615384615,905.5384615384615,14955.076923076924,0.22269696946418088,1.1569066843294957,0.6898018268968383,0.6481397338668466,0.17566773461221444,0.27506391202637304,0.7595675800827898,0.2543040675940895,0.3787815070453794,0.8671992881503329,0.4249943847346793,0.5666668517856721,0.052636957428884246,
B_argmax,1,0.25,1.0,9059.564102564103,2264.5897435897436,2264.5897435897436,14955.076923076924,0.24879063796957396,0.6752259664523438,0.46200830221095884,0.5036794142459136,0.2880922529097508,0.36489807051035944,0.6594537250344004,0.4168260181494959,0.5089503167967204,0.8587669644742321,0.6488323849492099,0.7365654061781983,0.08562003439559789,
B_argmax,1,0.5,1.0,9059.564102564103,4529.51282051282,4529.51282051282,14955.076923076924,0.30867655737647237,0.4366550823123516,0.372665819844412,0.37974281877083554,0.34878107218788357,0.3618523108994763,0.556600429834452,0.5100561688430546,0.5302752295605151,0.8126352615323058,0.7668656753665709,0.7869628447117325,0.09970805612551256,
B_argmax,1,1.0,1.0,9059.564102564103,9059.564102564103,9059.564102564103,14955.076923076924,0.4383463846171658,0.3427182937700612,0.39053233919361346,0.2561342126642555,0.3989558585319212,0.3102850231225889,0.42694031150500067,0.6028211893676099,0.49757132875354604,0.7099959587051679,0.8287985113367196,0.7626557734692005,0.08945991046988498,
B_argmax,2,0.02,2.0,16179.641025641025,323.15384615384613,323.15384615384613,24069.0,0.1764130335898504,1.5622990145005393,0.8693560240451947,0.6990517899881893,0.047271398072745635,0.08838451105200607,0.8086942759171128,0.08229110888326832,0.1490660776474941,0.8916349820889139,0.19441881241446718,0.3183526645311899,0.015088532913639154,
B_argmax,2,0.05,2.0,16179.641025641025,808.5641025641025,808.5641025641025,24069.0,0.18108767037967657,1.2821856288606746,0.7316366496201756,0.6832905707444077,0.10862981673077726,0.1867295524713421,0.7987379047631383,0.17218152061167108,0.28201048255793826,0.8950727140118665,0.32705173711258045,0.47707688763473965,0.036065360077970364,
B_argmax,2,0.1,2.0,16179.641025641025,1617.5641025641025,1617.5641025641025,24069.0,0.19635591657544585,0.960367300113142,0.5783616083442938,0.6451308300332029,0.19408507820696902,0.29669501007312427,0.7740892474859928,0.2912255022673653,0.4210908302706007,0.8870164861199615,0.48369833941915413,0.6237740595928492,0.0647071889684456,
B_argmax,2,0.25,2.0,16179.641025641025,4044.5897435897436,4044.5897435897436,24069.0,0.24055281675509235,0.5201801483382167,0.38036648254665456,0.5089500837467268,0.32408026932296247,0.3936980010554691,0.6736392833220157,0.4727239694405498,0.5530832948710255,0.8620428480265796,0.7250354808778271,0.7854488971763072,0.10561883627769642,
B_argmax,2,0.5,2.0,16179.641025641025,8089.589743589743,8089.589743589743,24069.0,0.3186835406958678,0.3353246414670347,0.3270040910814513,0.3797148625965968,0.39809995661306186,0.3861463830360456,0.5594317688317616,0.5885647123006423,0.5705715616876226,0.8067536142802868,0.829469384039153,0.8153165495051682,0.11690045766386167,
B_argmax,2,1.0,2.0,16179.641025641025,16179.641025641025,16179.641025641025,24069.0,0.47297443023911373,0.2516072577192755,0.36229084397919464,0.26331288976684575,0.4741397151087257,0.3363651134351868,0.43600255013939915,0.7010370611192469,0.534476759699302,0.712210481262735,0.8911031933410106,0.7879116355006673,0.10375851669579451,
B_argmax,4,0.02,4.0,28282.20512820513,565.1025641025641,565.1025641025641,34478.53846153846,0.224366397042958,1.6723052745145333,0.9483358357787457,0.7535104523320103,0.06543829194189436,0.12022983841076543,0.8034016594195216,0.10138234353327008,0.17959869898272568,0.8499956988312962,0.21135321165650753,0.3364179617822879,0.022880305029165365,
B_argmax,4,0.05,4.0,28282.20512820513,1413.6666666666667,1413.6666666666667,34478.53846153846,0.2051471762449104,1.3174998609378465,0.7613235185913785,0.7426004596933432,0.1481102496493638,0.24626122170778622,0.8120336008840386,0.20779025864442177,0.32961202931849704,0.8746904013608156,0.3573523967343521,0.5035411559426521,0.05469000285554349,
B_argmax,4,0.1,4.0,28282.20512820513,2827.7179487179487,2827.7179487179487,34478.53846153846,0.21211234533736742,0.9522064114287141,0.5821593783830407,0.6502063426620532,0.24291032579119268,0.3522301547177317,0.7688371137362001,0.34268856140561293,0.47180528205881755,0.8840824386501134,0.536079267824845,0.6636199962221382,0.08829409331282513,
B_argmax,4,0.25,4.0,28282.20512820513,7070.076923076923,7070.076923076923,34478.53846153846,0.2615551101682312,0.5173340918012446,0.38944460098473793,0.4622866409775921,0.36388372941514735,0.4054921181421963,0.6374890574665266,0.5150668394855626,0.5673380263864645,0.849516045524278,0.7361977600552138,0.7860358829514309,0.1200617306610772,
B_argmax,4,0.5,4.0,28282.20512820513,14140.794871794871,14140.794871794871,34478.53846153846,0.3412222418303858,0.3039869068290324,0.3226045743297091,0.33169900379773937,0.44726324929170946,0.3793061967087533,0.5152971200427157,0.6453770570704034,0.5707555924804947,0.7850050823744605,0.8460354097877738,0.8118414543625494,0.12027209668546335,
B_argmax,4,1.0,4.0,28282.20512820513,28282.20512820513,28282.20512820513,34478.53846153846,0.5005144972401349,0.22848486099165052,0.3644996791158927,0.23197396815092228,0.5458673473553569,0.3242697591809826,0.39808409464850786,0.7584961325330268,0.5196033618530899,0.6845413831723649,0.9010356503958272,0.7748672896737843,0.10292685083690663,
B_argmax,8,0.02,8.0,44403.4358974359,887.5641025641025,887.5641025641025,44439.41025641026,0.2271749779855228,1.8268957435058184,1.0270353607456708,0.776587725358138,0.07949142443203797,0.1439838590928703,0.8155150709045494,0.10988880990667663,0.19320973794044372,0.8514355898128289,0.20154441684260685,0.32408605762390646,0.0324320704693481,
B_argmax,8,0.05,8.0,44403.4358974359,2219.74358974359,2219.74358974359,44439.41025641026,0.20895739309280698,1.3341372388155632,0.771547315954185,0.7032039741455528,0.16876550091364836,0.27135738738574405,0.7975549565683328,0.23235118028896823,0.35850359455305536,0.8836235097533961,0.3823903690855582,0.5306867960140467,0.06953990393989402,
B_argmax,8,0.1,8.0,44403.4358974359,4439.948717948718,4439.948717948718,44439.41025641026,0.22340554847887148,0.9874151239062369,0.6054103361925542,0.5717363645676843,0.251870987951552,0.34834538288261246,0.7230751284404148,0.34830108826247497,0.4682128697192579,0.8832933486340567,0.5259775496676872,0.6554086998054939,0.09973389956774685,
B_argmax,8,0.25,8.0,44403.4358974359,11100.48717948718,11100.48717948718,44439.41025641026,0.28870412697190734,0.5029452034832684,0.39582466522758786,0.3864043590475596,0.3595313628473768,0.370827527031617,0.5778909541178924,0.5157894123632976,0.5428217472791222,0.8302811436349486,0.7266539011016274,0.7721889414772564,0.11812660807574527,
B_argmax,8,0.5,8.0,44403.4358974359,22201.48717948718,22201.48717948718,44439.41025641026,0.3777468927344185,0.31772489624071387,0.3477358944875662,0.2796579349398108,0.45985538210786375,0.34636277596659254,0.46452017466452217,0.6551635536565469,0.5409933531212576,0.7570608523296701,0.8376453838081318,0.7923980230029314,0.11296813239720101,
B_argmax,8,1.0,8.0,44403.4358974359,44403.4358974359,44403.4358974359,44439.41025641026,0.5330888380628299,0.2375561075120038,0.3853224727874168,0.20153197108813467,0.5802200918126438,0.2980592655817454,0.36192531183516846,0.7717075817428899,0.4901903356576294,0.658989153672043,0.8973104130048168,0.7566927235922822,0.09637274677401123,
B_argmax,16,0.02,15.692307692307692,66407.23076923077,1327.6153846153845,1327.6153846153845,54121.41025641026,0.21521754913868804,1.8556237104391566,1.0354206297889224,0.7752990927226249,0.0968509875036632,0.17186380315372643,0.8249364791524929,0.12773852623760534,0.22065711198442442,0.8660542381158017,0.22046326395440993,0.3494178031456743,0.04422571832428216,
B_argmax,16,0.05,15.692307692307692,66407.23076923077,3319.923076923077,3319.923076923077,54121.41025641026,0.21349850489140196,1.3482375435957275,0.7808680242435647,0.6361581511339047,0.1842464656720345,0.2847638301105195,0.7608707857557274,0.25019428108298963,0.37524894550685844,0.8876079381867393,0.39623199397908054,0.5447275400762545,0.0826498421868189,
B_argmax,16,0.1,15.692307692307692,66407.23076923077,6640.282051282052,6640.282051282052,54121.41025641026,0.23533964200276836,0.944863335997812,0.5901014890002902,0.5071288009774099,0.25844151740479165,0.3409903640588363,0.6845843198585496,0.3542962447121488,0.4652093678989556,0.8782604259619315,0.5309182999377173,0.658795704127842,0.10915077139548365,
B_argmax,16,0.25,15.692307692307692,66407.23076923077,16601.48717948718,16601.48717948718,54121.41025641026,0.3201025476281231,0.5024911019223317,0.4112968247752274,0.3320759511236153,0.3638442537576068,0.3458086434075272,0.5282048847482771,0.5232959609958134,0.5234560232009765,0.8045685505268169,0.7254883758269006,0.7598162248179446,0.11545525392725264,
B_argmax,16,0.5,15.692307692307692,66407.23076923077,33203.41025641026,33203.41025641026,54121.41025641026,0.4123865625687749,0.3273690675330189,0.3698778150508969,0.24158996207462252,0.47656827097484805,0.3195997053056161,0.42339326172140346,0.6580196610905448,0.5128775502143075,0.7292875963371006,0.8296695786849367,0.7737444650843565,0.10602203057368054,
B_argmax,16,1.0,15.692307692307692,66407.23076923077,66407.23076923077,66407.23076923077,54121.41025641026,0.5705300677828367,0.23822130207245615,0.4043756849276464,0.1763323718401438,0.6125211732266036,0.273013683062474,0.3299712789493873,0.7805962414358978,0.4617180745053642,0.6308435300982111,0.8937721870507952,0.7368157873749749,0.08892081981684392,
B_argmax_matchE50,-1,0.02,23.666666666666668,82324.17948717948,288.12820512820514,288.12820512820514,59403.743589743586,0.26484029523899955,2.4572480289491105,1.361044162094055,0.7767839723705041,0.022429475397010692,0.0435537043749908,0.7929880203991883,0.03658461183731938,0.06978944068443318,0.809796978957848,0.08528625627580168,0.1536239514331014,0.00893627718617306,
B_argmax_matchE50,-1,0.05,23.666666666666668,82324.17948717948,721.0769230769231,721.0769230769231,59403.743589743586,0.23226491492209492,2.250857039929832,1.2415609774259637,0.7949458317418995,0.05084756858994268,0.0953378389773016,0.8160606180705864,0.06968822891495775,0.1279243668521827,0.8438269449585897,0.13166895291127712,0.22630861760063106,0.02322541739185603,
B_argmax_matchE50,-1,0.1,23.666666666666668,82324.17948717948,1442.6923076923076,1442.6923076923076,59403.743589743586,0.21367181005060942,1.9464176955942936,1.0800447528224515,0.7738949174396724,0.09426813154232229,0.16730059677350087,0.823767735293963,0.12383774765240724,0.21408438331171703,0.8663637846504727,0.21189768432409223,0.3365474416243443,0.044987087866236494,
B_argmax_matchE50,-1,0.25,23.666666666666668,82324.17948717948,3607.5384615384614,3607.5384615384614,59403.743589743586,0.20858873184091373,1.4456470585889614,0.8271178952149376,0.6340196365571035,0.1773126927744794,0.27499436980058245,0.763063906330939,0.24130607263091092,0.36362243241969944,0.8912138399994226,0.3769525397698273,0.5251391065894448,0.08316173725012457,
B_argmax_matchE50,-1,0.5,23.666666666666668,82324.17948717948,7215.51282051282,7215.51282051282,59403.743589743586,0.2312785608006307,1.0154001504133952,0.6233393556070129,0.5066619274196714,0.24775408098467394,0.32998822115561965,0.6892030945652733,0.3351627813746872,0.4478168483534892,0.8838608090047659,0.4999586590437469,0.6341786602276789,0.10972266351540845,
B_argmax_matchE50,-1,1.0,23.666666666666668,82324.17948717948,14431.589743589744,14431.589743589744,59403.743589743586,0.2981743863912452,0.6442808689394128,0.47122762766532905,0.3698232985525945,0.3199028996107218,0.34025544490089343,0.5726900405420684,0.4559577974465421,0.5049180719947082,0.8298015024802896,0.6558791461319938,0.7289267716934329,0.11648237867690853,
B_argmax_matchE50,1,0.02,1.0,9059.564102564103,44.794871794871796,44.794871794871796,14955.076923076924,0.26191450272367,2.0735328446301375,1.1677236736769039,0.7229835868875154,0.01247240157795248,0.02451484944234929,0.7318600556785951,0.02344948376455641,0.04541106291956945,0.7824885571171973,0.07431073986856068,0.1353429151621952,0.003427753278436355,
B_argmax_matchE50,1,0.05,1.0,9059.564102564103,112.87179487179488,112.87179487179488,14955.076923076924,0.24598690805677498,1.9078896321205308,1.076938270088653,0.7232288268093526,0.0282388404269086,0.054325576024630694,0.7526897766186864,0.04638644141637097,0.08728847201230108,0.8126137488035778,0.12268495197794983,0.21198395518712132,0.008382611271125202,
B_argmax_matchE50,1,0.1,1.0,9059.564102564103,226.2051282051282,226.2051282051282,14955.076923076924,0.2330256440881186,1.738462333660918,0.9857439888745182,0.72386658941971,0.053633967551097096,0.09976484860943809,0.7738661748812417,0.08199692270452215,0.1479577757695364,0.8357305147150776,0.18342725116890227,0.2988533104916354,0.016378810785075387,
B_argmax_matchE50,1,0.25,1.0,9059.564102564103,566.2564102564103,566.2564102564103,14955.076923076924,0.22351561592599095,1.3831766082100208,0.8033461120680058,0.6855601020728341,0.12169902963852859,0.2062780970803361,0.7733901958113639,0.1818892653595774,0.29288284292922473,0.8608114843629044,0.33136825906234035,0.4738579275305509,0.036921027070822676,
B_argmax_matchE50,1,0.5,1.0,9059.564102564103,1133.025641025641,1133.025641025641,14955.076923076924,0.22985986652064525,1.0479541981336347,0.63890703232714,0.6123748064481149,0.20417162293855345,0.305211501377798,0.7370213191706377,0.2964333173062217,0.4205445909615925,0.8658710687890169,0.4858012039333252,0.6187616912273163,0.06088798867139248,
B_argmax_matchE50,1,1.0,1.0,9059.564102564103,2266.5897435897436,2266.5897435897436,14955.076923076924,0.25118278632133156,0.7008491578954174,0.47601597210837443,0.5023378740880208,0.29033551939555924,0.3666095737138003,0.6593153284319175,0.4173169287235382,0.5088008101479632,0.8574617505011506,0.6394451904651118,0.7302961150600698,0.0857576266194815,
B_argmax_matchE50,2,0.02,2.0,16179.641025641025,75.76923076923077,75.76923076923077,24069.0,0.17762525239982613,1.8142269022167863,0.9959260773083062,0.7308518609110498,0.013906060997374672,0.027282733076468037,0.8118432701842363,0.030569384654309487,0.058874248024500885,0.8799971615193315,0.1006890259986358,0.1803634117083742,0.0038944286773675697,
B_argmax_matchE50,2,0.05,2.0,16179.641025641025,189.92307692307693,189.92307692307693,24069.0,0.17700899962568872,1.6742164922375629,0.9256127459316258,0.7103304943131943,0.029998879900195483,0.05752833983299854,0.8090428588259818,0.056327188105552435,0.10524579110087327,0.8873607967767378,0.15035263756165823,0.25660059406231167,0.009139982690499723,
B_argmax_matchE50,2,0.1,2.0,16179.641025641025,380.4871794871795,380.4871794871795,24069.0,0.17596347598269496,1.5226509338667562,0.8493072049247257,0.6982373204054462,0.05492898796318847,0.10172248817089037,0.8086013476982119,0.09359974275150755,0.16749916942203602,0.8940577730063856,0.213200286784402,0.34314734582865863,0.017767509975374778,
B_argmax_matchE50,2,0.25,2.0,16179.641025641025,952.1025641025641,952.1025641025641,24069.0,0.18282189359438863,1.2207436775440683,0.7017827855692285,0.6760527340118306,0.12513159581218058,0.21059007128669785,0.7947741232996043,0.19685023367115975,0.31437793999765207,0.89435671362787,0.359318707964712,0.5105781350041856,0.041742564292196145,
B_argmax_matchE50,2,0.5,2.0,16179.641025641025,1904.820512820513,1904.820512820513,24069.0,0.19996246283417,0.8924302146332806,0.5461963387337254,0.6284244561166796,0.21911847906503498,0.3236419954907921,0.763539874041584,0.3261234727764507,0.4549870719629126,0.8859699736407205,0.5352316587866738,0.6643537096144831,0.07314740415370109,
B_argmax_matchE50,2,1.0,2.0,16179.641025641025,3810.025641025641,3810.025641025641,24069.0,0.23714738126730567,0.572798243770177,0.4049728125187413,0.5168382974581855,0.31785026892194085,0.39187865514391834,0.6809688344431662,0.462887649447143,0.5489161060946649,0.8646064015819377,0.7009568197900098,0.7724733834536122,0.10328424718835852,
B_argmax_matchE50,4,0.02,4.0,28282.20512820513,123.56410256410257,123.56410256410257,34478.53846153846,0.24600392281766942,1.9216376996101059,1.0838208112138876,0.7397238236542759,0.017507013252874085,0.03419198518558043,0.7834068605216453,0.03807153224845735,0.07253660040715139,0.8256111514573772,0.11967251896510937,0.20822488050744425,0.0049591366756102494,
B_argmax_matchE50,4,0.05,4.0,28282.20512820513,309.61538461538464,309.61538461538464,34478.53846153846,0.23423745546133007,1.7976091287647473,1.0159232921130386,0.7496884086981801,0.03897653616357629,0.07403175193553324,0.793005500822921,0.06788336682986644,0.12481109531595526,0.838584284400138,0.16503799849540426,0.2739924452984128,0.012533463496879544,
B_argmax_matchE50,4,0.1,4.0,28282.20512820513,619.7179487179487,619.7179487179487,34478.53846153846,0.22250594860748557,1.6549954351653902,0.9387506918864378,0.7535295833269149,0.07115103340046673,0.12981844495790815,0.8043980176636689,0.10923332479934668,0.1916786914350898,0.8518513684115655,0.2214204393353177,0.3486983044219083,0.024961374904560674,
B_argmax_matchE50,4,0.25,4.0,28282.20512820513,1550.1538461538462,1550.1538461538462,34478.53846153846,0.2045151254670531,1.28103607373215,0.7427755995996016,0.7376904023906257,0.16013822208691325,0.262302937512354,0.8105517979602928,0.2241107414320978,0.34915690015945744,0.8760948783500941,0.3804466091277027,0.5257262997326775,0.05923679393188422,
B_argmax_matchE50,4,0.5,4.0,28282.20512820513,3100.8205128205127,3100.8205128205127,34478.53846153846,0.21348899259048806,0.9234710910279597,0.568480041809224,0.6352520069151085,0.2583121954960546,0.3657135673522473,0.7621442578419734,0.3645158720726078,0.49014340733532524,0.8844555044762052,0.5609320720231933,0.6813234187744046,0.09328609317121038,
B_argmax_matchE50,4,1.0,4.0,28282.20512820513,6202.102564102564,6202.102564102564,34478.53846153846,0.2499625242366067,0.593278173347238,0.42162034879192234,0.4917274655874857,0.35065711915910536,0.40749277174100895,0.6627458407611967,0.48997877343145246,0.5605162482216268,0.8604492787147998,0.7010476980156444,0.7697887947244872,0.11896960753306225,
B_argmax_matchE50,8,0.02,8.0,44403.4358974359,171.3846153846154,171.3846153846154,44439.41025641026,0.27293135873057284,2.176263192239965,1.2245972754852688,0.7453458147255727,0.019084423750288144,0.03719376799873094,0.7747296824685085,0.03847034652739746,0.07309150096210068,0.7992055881807945,0.10358561483070855,0.18173354052987856,0.005989779343223643,
B_argmax_matchE50,8,0.05,8.0,44403.4358974359,429.2564102564103,429.2564102564103,44439.41025641026,0.2510901555497475,2.046979732516644,1.1490349440331957,0.7680669725492096,0.04138190279325506,0.0784389662993514,0.7944420762643115,0.06453678492899238,0.11896213652764924,0.8243681021582128,0.1375869294561471,0.23381804861881483,0.01565425674131209,
B_argmax_matchE50,8,0.1,8.0,44403.4358974359,859.0512820512821,859.0512820512821,44439.41025641026,0.22817608324849764,1.8464347451830678,1.0373054142157827,0.7764858062062946,0.07755589838905065,0.1407459009255424,0.813722637433976,0.10778824924872332,0.18962995893909265,0.8497863988884435,0.1987283477873596,0.31946938491856103,0.03154159324772164,
B_argmax_matchE50,8,0.25,8.0,44403.4358974359,2148.4102564102564,2148.4102564102564,44439.41025641026,0.20896140032835667,1.3527759271652462,0.7808686637468014,0.7112168345487095,0.1661058261531329,0.2682913601640428,0.801710553687082,0.22975266089417296,0.35505404513762956,0.8818488425525108,0.38370042754574524,0.5291619547353447,0.06864358969426076,
B_argmax_matchE50,8,0.5,8.0,44403.4358974359,4297.282051282052,4297.282051282052,44439.41025641026,0.21788019124276134,1.0323214152703648,0.6251008032565631,0.5827492630591851,0.25161277087860096,0.34968101680177677,0.7331438947992933,0.34778867460174584,0.4684478224710372,0.88839253206298,0.5176340309356151,0.6487637610865516,0.09991653096348843,
B_argmax_matchE50,8,1.0,8.0,44403.4358974359,8595.076923076924,8595.076923076924,44439.41025641026,0.26091861296361024,0.6192406832145243,0.44007964808906735,0.4388706687273597,0.33173119233469023,0.3758043041071578,0.6288879062674076,0.46582740090501457,0.5328697852445453,0.8564194576699862,0.6688240579239874,0.7487021391606101,0.11838490871438438,
B_argmax_matchE50,16,0.02,15.692307692307692,66407.23076923077,234.07692307692307,234.07692307692307,54121.41025641026,0.2782111336409822,2.3782414061478776,1.3282262698944298,0.7614406183360732,0.02099338223080198,0.04083058911073236,0.7810094083719833,0.036818669592992744,0.07012249354979587,0.7990016347812263,0.08917287374862505,0.15926271980711143,0.007691956475080364,
B_argmax_matchE50,16,0.05,15.692307692307692,66407.23076923077,585.7948717948718,585.7948717948718,54121.41025641026,0.24065841181354627,2.200402155481769,1.2205302836476577,0.7885343124192017,0.04674051803417675,0.0881203751046476,0.8100231281862622,0.06664207385829506,0.12275822393335292,0.8355728121278687,0.13085165996536255,0.22475538949742754,0.020190186901251673,
B_argmax_matchE50,16,0.1,15.692307692307692,66407.23076923077,1172.051282051282,1172.051282051282,54121.41025641026,0.21979635509092554,1.937614071908094,1.0787052134995099,0.7795099144656511,0.0875711098150756,0.15703724162354096,0.822076274898364,0.11619847502953891,0.2027215091622879,0.8606065170749341,0.20165779561619987,0.32392508363722344,0.03992426042297936,
B_argmax_matchE50,16,0.25,15.692307692307692,66407.23076923077,2931.0,2931.0,54121.41025641026,0.2100179712320651,1.421835290919598,0.8159266310758314,0.6617902432011523,0.17351744304966155,0.27369358267581134,0.7779113213625176,0.23687229253982572,0.3608484205674684,0.8891122772436023,0.3781710827248575,0.5254128452404396,0.07815081571944353,
B_argmax_matchE50,16,0.5,15.692307692307692,66407.23076923077,5862.51282051282,5862.51282051282,54121.41025641026,0.22445280564733347,1.0317040229324332,0.6280784142898834,0.5342036720679386,0.2491438436521143,0.3378134346431291,0.7057312454198876,0.33765756287058457,0.45409678288921557,0.8872655954811584,0.5013862524346573,0.6369465774060569,0.10700169620471667,
B_argmax_matchE50,16,1.0,15.692307692307692,66407.23076923077,11725.74358974359,11725.74358974359,54121.41025641026,0.2808258432231019,0.6326156826308105,0.4567207629269562,0.39377508433324193,0.3218244487545811,0.35236223101953007,0.5926789748701917,0.4571717799747074,0.5144281000293176,0.8410198982528834,0.6600902086557675,0.7366819933410752,0.11761391822110287,
B_argmax_matchE75,-1,0.02,23.666666666666668,82324.17948717948,129.7948717948718,129.7948717948718,59403.743589743586,0.2913436834632821,2.5659875326897086,1.4286656080764952,0.7511303380585995,0.011678409719194873,0.02298015502202547,0.7691334043039579,0.023505827954534958,0.04551967508311122,0.7842259909484879,0.06534654778930107,0.12008462251042126,0.0037197844037441218,
B_argmax_matchE75,-1,0.05,23.666666666666668,82324.17948717948,325.2564102564103,325.2564102564103,59403.743589743586,0.2586823175492887,2.4418819514322334,1.350282134490761,0.7800102157140666,0.024539745469353457,0.04749691337285214,0.7968475926410653,0.03909605663505526,0.07429590179725391,0.8139641434937744,0.08912266220628941,0.15962779595472706,0.009933693617512477,
B_argmax_matchE75,-1,0.1,23.666666666666668,82324.17948717948,650.9487179487179,650.9487179487179,59403.743589743586,0.2343426254938698,2.289600304353116,1.2619714649234928,0.7941156824926083,0.04541202999651247,0.0856057281856025,0.8140176947063394,0.06359070540050177,0.11733632740254861,0.8395257846579409,0.12276839397832849,0.2124413145079167,0.02050896084662639,
B_argmax_matchE75,-1,0.25,23.666666666666668,82324.17948717948,1628.1538461538462,1628.1538461538462,59403.743589743586,0.20778801932821586,1.8877285522704217,1.0477582857993188,0.765151068181769,0.10203304627929682,0.17876425637529178,0.8231725765418033,0.13531638767740192,0.23011296381183285,0.8722783665268407,0.23180751355810408,0.3599352960316674,0.04866201663042911,
B_argmax_matchE75,-1,0.5,23.666666666666668,82324.17948717948,3256.7179487179487,3256.7179487179487,59403.743589743586,0.2061139746080189,1.4999055102576027,0.8530097424328108,0.6588237071737952,0.16507384472350636,0.261305908004744,0.776742418027375,0.2246364726277883,0.3446741191827374,0.8907408324670658,0.35706923313378947,0.5041429922778852,0.0779085887598875,
B_argmax_matchE75,-1,1.0,23.666666666666668,82324.17948717948,6513.820512820513,6513.820512820513,59403.743589743586,0.223445544991974,1.1076248338813615,0.6655351894366677,0.5314718136160596,0.2363714146321444,0.3233523023304577,0.7061105100199488,0.3200875553983612,0.4360425422732402,0.8887239615495637,0.475147969567118,0.6137908686294673,0.10581538767866806,
B_argmax_matchE75,1,0.02,1.0,9059.564102564103,22.743589743589745,22.743589743589745,14955.076923076924,0.2685227925366762,2.1515632158706626,1.2100430042036694,0.7102379542405118,0.006925513568082901,0.013713071624919585,0.7240841080866657,0.015291423421355437,0.029926441922379896,0.773448686863009,0.05684465174323579,0.10559974356974404,0.0017320919405139307,
B_argmax_matchE75,1,0.05,1.0,9059.564102564103,57.61538461538461,57.61538461538461,14955.076923076924,0.25736767531053184,2.0296064229747293,1.1434870491426306,0.7257616524173067,0.01563713895069655,0.030591967747171375,0.7407720829386285,0.02786232200535122,0.05364118373516101,0.7920761014268639,0.08558448595333544,0.15395599934852475,0.004375854216879586,
B_argmax_matchE75,1,0.1,1.0,9059.564102564103,115.64102564102564,115.64102564102564,14955.076923076924,0.2457220039230794,1.9037688407128472,1.074745422317963,0.7246970219638479,0.028826104616382988,0.05536398007667051,0.7538000836851215,0.04685032153783392,0.08801667223037755,0.8137955275614701,0.12383274078053809,0.21354257801016788,0.008554214908726349,
B_argmax_matchE75,1,0.25,1.0,9059.564102564103,290.05128205128204,290.05128205128204,14955.076923076924,0.2264476423695973,1.6569291717515717,0.9416884070605845,0.7227424994453363,0.06793513210210624,0.1237750939273923,0.7798200483960661,0.10252390441143715,0.18022218007264632,0.8457943708593467,0.21686089463911037,0.3419245191259398,0.020601416913970702,
B_argmax_matchE75,1,0.5,1.0,9059.564102564103,580.6153846153846,580.6153846153846,14955.076923076924,0.22318234248692187,1.3764156204217073,0.7997989814543145,0.6863281016465506,0.12433950478561094,0.20930565648333213,0.7727233160123703,0.18494511216511486,0.29584744266154456,0.8619349624504563,0.3345148673421808,0.4764349919486269,0.03744540116192967,
B_argmax_matchE75,1,1.0,1.0,9059.564102564103,1161.6410256410256,1161.6410256410256,14955.076923076924,0.2290746369998002,1.0429529755750144,0.6360138062874073,0.6123549391677857,0.20701073370872075,0.30670463932433134,0.735481122763629,0.29931085535729246,0.4211065002256862,0.8670334409856403,0.49006843149547574,0.6200234924391521,0.06132033537802998,
B_argmax_matchE75,2,0.02,2.0,16179.641025641025,36.256410256410255,36.256410256410255,24069.0,0.17721997605982875,1.885621640871147,1.031420808465488,0.7525158348496911,0.007637685216276127,0.01511516958205969,0.8114839689388955,0.019428065252471535,0.037918124764377094,0.8778639544611707,0.07857521031163951,0.14401393468626564,0.0019393211987972824,
B_argmax_matchE75,2,0.05,2.0,16179.641025641025,91.33333333333333,91.33333333333333,24069.0,0.1751285191435733,1.7887292444948053,0.9819288818191892,0.730643586083056,0.016117416471641447,0.03150840009082128,0.8122820906660666,0.03405315480843972,0.06528698643766666,0.8837191570094288,0.10845120144548008,0.1928170202791645,0.004607248498013868,
B_argmax_matchE75,2,0.1,2.0,16179.641025641025,183.2051282051282,183.2051282051282,24069.0,0.17646751938644592,1.6834270710402914,0.9299472952133686,0.7128981820922237,0.028971409532043742,0.0555927840798887,0.8095420832922744,0.05479436501083693,0.10249277789198713,0.8878302248790141,0.1474353111278252,0.25211759466771094,0.008709704905165162,
B_argmax_matchE75,2,0.25,2.0,16179.641025641025,458.79487179487177,458.79487179487177,24069.0,0.1754303034454061,1.4784346675113462,0.8269324854783762,0.6959984687333354,0.06450446840494876,0.11763525614610319,0.8082434829230972,0.10753566625713976,0.18896645071200005,0.8960244136432084,0.23498235283108534,0.3700193332580716,0.02105387564393044,
B_argmax_matchE75,2,0.5,2.0,16179.641025641025,918.1025641025641,918.1025641025641,24069.0,0.18135883767022518,1.2414021588983963,0.7113804982843107,0.6787856818685613,0.1204462930149019,0.2033697461016893,0.7975102296010359,0.18872812882676018,0.3029768351631591,0.8952921043636317,0.34793939443371225,0.49809376931216065,0.03987502250819479,
B_argmax_matchE75,2,1.0,2.0,16179.641025641025,1836.7692307692307,1836.7692307692307,24069.0,0.19768153027759644,0.9148066995072781,0.5562441148924372,0.633690252989288,0.2114791564716719,0.31447942661715306,0.766669578171421,0.31649030529423255,0.44445210023592624,0.8875688391313181,0.5236537510314634,0.6544285649356604,0.07020567511042766,
B_argmax_matchE75,4,0.02,4.0,28282.20512820513,62.87179487179487,62.87179487179487,34478.53846153846,0.23936408588078778,1.9781304471273318,1.1087472665040596,0.7479795143850049,0.009960776345595718,0.01965425270201726,0.7900868697017848,0.025850341987517653,0.05002762625986536,0.8314111025395078,0.1005200835458105,0.1788351626120403,0.0025264195540562855,
B_argmax_matchE75,4,0.05,4.0,28282.20512820513,157.92307692307693,157.92307692307693,34478.53846153846,0.24474820342034379,1.8966530626252762,1.0707006330228102,0.7387666722939159,0.021507700320681923,0.04177094676109192,0.7839841592458366,0.04410628099158738,0.08339976184820494,0.8268101753500159,0.12839094838874004,0.22128480545489929,0.00620995255409504,
B_argmax_matchE75,4,0.1,4.0,28282.20512820513,316.38461538461536,316.38461538461536,34478.53846153846,0.2340077775793223,1.7939355016133665,1.0139716395963443,0.7495269228948553,0.039499309151587766,0.07494072992112381,0.7930809933930988,0.06876913268087141,0.12623015158068043,0.8383982918397178,0.1670038562156266,0.27640417549114477,0.01256691455884905,
B_argmax_matchE75,4,0.25,4.0,28282.20512820513,791.8205128205128,791.8205128205128,34478.53846153846,0.21746215354622875,1.585600505570851,0.90153132955854,0.7549523940846475,0.08829242576873096,0.15757914552823868,0.8083678701218268,0.13097948660703876,0.22409178290950932,0.8565093038583911,0.2504138053804854,0.3832265415004336,0.03132155030921541,
B_argmax_matchE75,4,0.5,4.0,28282.20512820513,1584.051282051282,1584.051282051282,34478.53846153846,0.20396683890362718,1.2755288494884773,0.7397478441960522,0.738678056892104,0.1628251450870172,0.26538739369630804,0.811713065782074,0.2278696753708615,0.3529173708273667,0.8759629964743559,0.38380092198094534,0.5278111201427524,0.05982958852053779,
B_argmax_matchE75,4,1.0,4.0,28282.20512820513,3168.5641025641025,3168.5641025641025,34478.53846153846,0.21400406272531589,0.9209324765125495,0.5674682696189327,0.6336380880373224,0.26089494093629245,0.36707431609409474,0.7604037438278646,0.36737119843082294,0.4913404433856633,0.8835713925529121,0.5640950332369389,0.682647674710162,0.09410933710232976,
B_argmax_matchE75,8,0.02,8.0,44403.4358974359,84.3076923076923,84.3076923076923,44439.41025641026,0.2808005089661835,2.2260643948340695,1.2534324519001265,0.7329963600910273,0.011086530207255316,0.02183337075422617,0.7684984416767315,0.028532078557360088,0.05489276206891981,0.7907419353876799,0.09101536993173905,0.16182487965118883,0.0028485329665387167,
B_argmax_matchE75,8,0.05,8.0,44403.4358974359,211.46153846153845,211.46153846153845,44439.41025641026,0.2724021749662146,2.1579830387462007,1.2151926068562078,0.7485831111566027,0.022483806772813666,0.043600603700135125,0.7763033317343612,0.04269238941402563,0.08060387549049447,0.8008206119500116,0.10923905952642222,0.19014437676092816,0.007215398368172055,
B_argmax_matchE75,8,0.1,8.0,44403.4358974359,423.4871794871795,423.4871794871795,44439.41025641026,0.25118064355113484,2.0551799137508837,1.1531802786510095,0.7682534195134629,0.04060272643200586,0.07694896676891472,0.7944234989401832,0.063664101260973,0.11727544803999566,0.8230397673095351,0.1360516043958473,0.23106785256298948,0.015076885050576324,
B_argmax_matchE75,8,0.25,8.0,44403.4358974359,1059.5384615384614,1059.5384615384614,44439.41025641026,0.22067457612772323,1.7719448537291917,0.9963097149284573,0.7759282431057483,0.09290068547685272,0.165166001808926,0.8170552244928159,0.12663201492645199,0.21774460424580602,0.8569660463173946,0.22606877272883635,0.35299445102454474,0.038024870679539705,
B_argmax_matchE75,8,0.5,8.0,44403.4358974359,2119.641025641026,2119.641025641026,44439.41025641026,0.206962638533399,1.3714372146531129,0.7891999265932559,0.7176076805918071,0.16384533090436182,0.2648024980173841,0.8045642301710898,0.22593724476326968,0.34925214064523746,0.8813032285846001,0.3775764877181714,0.5213831971747519,0.06750788837193462,
B_argmax_matchE75,8,1.0,8.0,44403.4358974359,4239.794871794872,4239.794871794872,44439.41025641026,0.21619193409064053,1.0532377701109172,0.6347148521007789,0.5886472377312975,0.24885905159618574,0.34656390581962837,0.7365856254723164,0.34376956071235387,0.463805838852793,0.8888179727589759,0.5131346382514058,0.6445083300412172,0.09884409999219926,
B_argmax_matchE75,16,0.02,15.692307692307692,66407.23076923077,108.51282051282051,108.51282051282051,54121.41025641026,0.2956007191882578,2.461034259589375,1.3783174893888166,0.7430586863354679,0.011463686758724301,0.022562755423915688,0.7632002608151276,0.02549929155428244,0.049170160214728975,0.7799610368538855,0.07266258576471638,0.13169968836398807,0.0033598183839241335,
B_argmax_matchE75,16,0.05,15.692307692307692,66407.23076923077,271.9230769230769,271.9230769230769,54121.41025641026,0.269005115647029,2.362723563820612,1.3158643397338206,0.7686871080642241,0.023515388759978294,0.045571233142492895,0.788531127470534,0.039598540728428576,0.07513923338127136,0.8060701253630708,0.09315259945717767,0.16569080175999693,0.008780019705118387,
B_argmax_matchE75,16,0.1,15.692307692307692,66407.23076923077,544.2564102564103,544.2564102564103,54121.41025641026,0.2419792908075714,2.2302502475118646,1.236114769159718,0.7873068047537685,0.04302400208043747,0.08137854032197242,0.8079434608902669,0.06234696814037653,0.11519452940344461,0.8321636737152917,0.12368503551732804,0.21351498110289435,0.018225760157442036,
B_argmax_matchE75,16,0.25,15.692307692307692,66407.23076923077,1361.3589743589744,1361.3589743589744,54121.41025641026,0.21433834001104685,1.8711741136500224,1.0427562268305346,0.774409298133992,0.09848882588524599,0.17385602917256524,0.8231986646950751,0.13012098575530223,0.2230130916256967,0.8650941705401366,0.22253763375967914,0.34926722222850964,0.04484847384392244,
B_argmax_matchE75,16,0.5,15.692307692307692,66407.23076923077,2723.2051282051284,2723.2051282051284,54121.41025641026,0.20710345790376714,1.4638551360738832,0.8354792969888252,0.6808478307174,0.16437628067122537,0.2627911473093679,0.7885585423472891,0.22486285683443258,0.3464131017827779,0.8888308811336273,0.36295032314807496,0.5088234585644251,0.07418325443261775,
B_argmax_matchE75,16,1.0,15.692307692307692,66407.23076923077,5446.7692307692305,5446.7692307692305,54121.41025641026,0.2189362097417581,1.10238222119399,0.660659215467874,0.5532898164049508,0.24005724008017632,0.3317347524498068,0.7189147798435677,0.3257261505265327,0.44421217264338086,0.890664087581204,0.4830121614997561,0.6211331527280297,0.10396465868422955,
C_grid,-1,0.005,23.666666666666668,629522.7692307692,3147.2051282051284,3147.2051282051284,59403.743589743586,0.23278536596657814,1.8056458440847205,1.0192156050256493,0.6389168213539576,0.10621577624445884,0.1808290591816687,0.8318089468550807,0.13775832497541976,0.23547048046474237,0.8695534119913209,0.22756474965921575,0.3584848641878348,0.058840186043939015,0.10115758921487057
C_grid,-1,0.01,23.666666666666668,629522.7692307692,6294.794871794872,6294.794871794872,59403.743589743586,0.2338027910848566,1.5345800752358911,0.8841914331603739,0.5212827357112143,0.16353927291511966,0.24614000940147385,0.7945155232597243,0.21070536072542004,0.3304390693877228,0.8816737945198122,0.3223314873687544,0.4685302110846386,0.08512138100630237,0.10115758921487057
C_grid,-1,0.02,23.666666666666668,629522.7692307692,12590.02564102564,12590.02564102564,59403.743589743586,0.24706164265603592,1.269424286145984,0.75824296440101,0.40649023923977967,0.2463455182870891,0.3025955949106531,0.7085440307687819,0.30395091360753784,0.42157496759602364,0.885374603682395,0.41674284743537143,0.5633670007672775,0.10801713747438069,0.10115758921487057
C_grid,-1,0.05,23.666666666666668,629522.7692307692,31475.82051282051,31475.82051282051,59403.743589743586,0.30867809256485945,0.8569780686177495,0.5828280805913045,0.2829730864221245,0.39585951366266403,0.3261144393175823,0.5405569527511005,0.452903908767138,0.48804304155397543,0.8472804038823349,0.5617821084043999,0.6722103406598995,0.11779537155041944,0.10115758921487057
C_grid,-1,0.1,23.666666666666668,629522.7692307692,62951.97435897436,62951.97435897436,59403.743589743586,0.41201259511250654,0.537629179261304,0.47482088718690524,0.20976436534647241,0.5349504661689257,0.2983454101897499,0.4151950244919787,0.5911154576994202,0.48322167317493026,0.7604109523217738,0.6976815768744493,0.7242219773563883,0.10454030504375578,0.10115758921487057
C_grid,-1,0.25,23.666666666666668,629522.7692307692,157380.53846153847,157380.53846153847,59403.743589743586,0.6534291118849356,0.29156975607699603,0.4724994339809658,0.13301801565824553,0.7430624644652365,0.22426800752358686,0.274668664326457,0.780909364603357,0.4032670220256592,0.5948716478299363,0.849528356448244,0.6955400620028457,0.07347056981392035,0.10115758921487057
C_grid,-1,0.5,23.666666666666668,629522.7692307692,314761.3076923077,314761.3076923077,59403.743589743586,0.9313490821483078,0.15848973917132503,0.5449194106598164,0.08670937651585617,0.8914144641338092,0.15743957329780697,0.18309321812940632,0.9064364501402363,0.3028371315027136,0.44086428879480455,0.9313964853399784,0.5938298299184158,0.04879313138598724,0.10115758921487057
C_grid,-1,1.0,23.666666666666668,629522.7692307692,629522.7692307692,629522.7692307692,59403.743589743586,1.466772825736092,0.08768449912680976,0.7772286624314508,0.04933033801504506,0.9655498191497472,0.09368526745684812,0.10571522838233466,0.9687993703903169,0.19002393084245747,0.26803962473467946,0.9746063683424436,0.4180650782882823,0.027658266246291443,0.10115758921487057
C_grid,1,0.005,1.0,330586.10256410256,1652.5128205128206,1652.5128205128206,14955.076923076924,0.27192810722744093,0.9323215914465492,0.6021248493369951,0.5963171279050816,0.21709944756953428,0.31284655779185466,0.751480196006104,0.32415275790196685,0.44616892077322473,0.8428572280054079,0.5283861244650994,0.640623781886901,0.060483492946643555,0.1
C_grid,1,0.01,1.0,330586.10256410256,3305.4102564102564,3305.4102564102564,14955.076923076924,0.25884256915184045,0.819524740387163,0.5391836547695018,0.5174862780362871,0.29452604010557415,0.36843918181928764,0.7320908473637616,0.41001904869338585,0.5189973839570706,0.8596263557469354,0.6000127501657845,0.7006757409461724,0.08804291236550303,0.1
C_grid,1,0.02,1.0,330586.10256410256,6611.282051282052,6611.282051282052,14955.076923076924,0.2724742461335475,0.7370540163445406,0.504764131239044,0.41302910340171767,0.3768114817187359,0.3853548523511539,0.6752456062823881,0.4876277416736173,0.5597220769484831,0.8571024628400509,0.6421676386103012,0.7301775482572345,0.1070723468054328,0.1
C_grid,1,0.05,1.0,330586.10256410256,16529.02564102564,16529.02564102564,14955.076923076924,0.3239188118822468,0.49759588648861464,0.41075734918543066,0.28149400426885296,0.5214895374626313,0.3569035516338804,0.5448009145669926,0.6172425774733201,0.5677729832853151,0.822159578919045,0.7456979046272731,0.7755064802834245,0.10665051926080107,0.1
C_grid,1,0.1,1.0,330586.10256410256,33058.333333333336,33058.333333333336,14955.076923076924,0.39141115087834055,0.31518028980486607,0.35329572034160334,0.20794918292938944,0.6424597631805465,0.3093720433728966,0.4349778660023317,0.7261684700915981,0.5367860300606618,0.7592537464047261,0.8339196728147932,0.7897531645977272,0.09062418647520376,0.1
C_grid,1,0.25,1.0,330586.10256410256,82646.38461538461,82646.38461538461,14955.076923076924,0.5553099848111569,0.21632486662183384,0.3858174257164954,0.1323649374246907,0.7688732431073669,0.22350982598795796,0.3042034928834818,0.8230985063395013,0.43926595960258297,0.6342619837255425,0.8961694836205911,0.737516107332507,0.059866997068087804,0.1
C_grid,1,0.5,1.0,330586.10256410256,165293.0,165293.0,14955.076923076924,0.6960763178414551,0.1644723329316164,0.4302743253865357,0.08669107688080888,0.8583894243578652,0.15620826898367884,0.21402157958433568,0.8877586408609366,0.34109511246800306,0.5306186129268738,0.9280507358294366,0.6689799439429401,0.03889371758233516,0.1
C_grid,1,1.0,1.0,330586.10256410256,330586.10256410256,330586.10256410256,14955.076923076924,0.8890229220943899,0.10563979274934313,0.49733135742186646,0.05401480186927475,0.9515222725088702,0.10168292740510257,0.13834058265834223,0.9554227724663841,0.23973124474415025,0.3874025590562392,0.9645147060159314,0.5474248199566147,0.023831962768451526,0.1
C_grid,2,0.005,2.0,473116.07692307694,2365.102564102564,2365.102564102564,24069.0,0.24614331349972118,0.9424330803718188,0.5942881969357701,0.585504402877235,0.18373356540023653,0.2726086274994281,0.7645956413561689,0.27768655407185316,0.4007324538494436,0.8621510940670555,0.4692980813073035,0.6011355676380614,0.05745831828977663,0.10008472320334626
C_grid,2,0.01,2.0,473116.07692307694,4730.641025641025,4730.641025641025,24069.0,0.24397325310741388,0.7653601920558765,0.5046667225816451,0.5225770215817176,0.2710145102968588,0.3474056293552613,0.7475837987535351,0.382172727860184,0.49766586372036414,0.8680020744028075,0.5760970086663385,0.687183681045219,0.08830838274319956,0.10008472320334626
C_grid,2,0.02,2.0,473116.07692307694,9461.871794871795,9461.871794871795,24069.0,0.2596979290692202,0.6140122802825272,0.43685510467587374,0.43244124912415854,0.37527452037705183,0.3905407511408905,0.6985362535598234,0.4900206944433394,0.5657416541590402,0.8616959777246166,0.675844507255247,0.7530519774263106,0.11444278226549884,0.10008472320334626
C_grid,2,0.05,2.0,473116.07692307694,23655.51282051282,23655.51282051282,24069.0,0.3175366570753784,0.4279639300235485,0.3727502935494635,0.3044130026690902,0.5289967532132616,0.3762917739458994,0.5671308038588014,0.6358851751160783,0.5885304150975074,0.825969121833565,0.7764990648570612,0.7949579494996939,0.11960842999887311,0.10008472320334626
C_grid,2,0.1,2.0,473116.07692307694,47311.333333333336,47311.333333333336,24069.0,0.3854733173650784,0.28663275480708345,0.33605303608608095,0.22565551926343397,0.6667890162355816,0.3304238214353155,0.4573141504633949,0.7522520780346573,0.5582034629033075,0.780560183849775,0.8552356231531919,0.8082379756976094,0.10325923896080795,0.10008472320334626
C_grid,2,0.25,2.0,473116.07692307694,118278.8717948718,118278.8717948718,24069.0,0.5911489114686109,0.16262307864444417,0.37688599505652753,0.14159424232345982,0.8265276353284627,0.23860616124734627,0.3102903325201402,0.8723113770555694,0.4503494289084874,0.645674253050648,0.9281993351912841,0.751487734992462,0.06892000194632217,0.10008472320334626
C_grid,2,0.5,2.0,473116.07692307694,236558.0,236558.0,24069.0,0.8218750315893221,0.11169445443310774,0.46678474301121486,0.0912845296383869,0.9170398075108444,0.16444925126292873,0.2111511606776999,0.9360886158153053,0.3397303473996909,0.5103700463662809,0.9600705596359299,0.65607324251356,0.04411977287562415,0.10008472320334626
C_grid,2,1.0,2.0,473116.07692307694,473116.07692307694,473116.07692307694,24069.0,1.1134766461795207,0.07420621650464738,0.5938414313420841,0.05372939182220059,0.9787942144216759,0.10123521608371702,0.12925898663871246,0.9803004898213928,0.22611402658659627,0.3464831271509431,0.9836547295371381,0.5048949864630377,0.025527642122654768,0.10008472320334626
C_grid,4,0.005,4.0,534908.4871794871,2674.051282051282,2674.051282051282,34478.53846153846,0.22796881589728604,1.2346494337099791,0.7313091248036326,0.6474982207808194,0.1582462458082727,0.25071639160690506,0.8250288451278197,0.21982148273460594,0.34374808064922535,0.8703330330271168,0.3642478010254966,0.5078400880532389,0.06194377173152324,0.10022020029057808
C_grid,4,0.01,4.0,534908.4871794871,5348.589743589743,5348.589743589743,34478.53846153846,0.2341789321549212,1.0239157290428167,0.6290473305988689,0.5507907199299271,0.23171221723034494,0.3198644956280914,0.7979582558013251,0.3092907543993335,0.4398768174119182,0.8785674308644094,0.4765075289001051,0.6116675886674887,0.09246635715849147,0.10022020029057808
C_grid,4,0.02,4.0,534908.4871794871,10697.692307692309,10697.692307692309,34478.53846153846,0.24636049631190687,0.8272300597456177,0.5367952780287623,0.4376182347129658,0.33216514697794197,0.3689432155718462,0.728209421327321,0.4254556165102544,0.528766819977919,0.8826979886323739,0.5859395650616716,0.6990953781455878,0.11790590280334783,0.10022020029057808
C_grid,4,0.05,4.0,534908.4871794871,26745.076923076922,26745.076923076922,34478.53846153846,0.30128807699741766,0.5522693742153033,0.4267787256063605,0.30299843795107556,0.5041921923056288,0.37114504250133107,0.5731161754971358,0.5892110983328757,0.5725898194483527,0.8483978806822986,0.7109931245265236,0.7689469985068672,0.12389037963235708,0.10022020029057808
C_grid,4,0.1,4.0,534908.4871794871,53490.53846153846,53490.53846153846,34478.53846153846,0.37881562303871114,0.3447446103293743,0.3617801166840427,0.2262272019918249,0.6437571013870269,0.32973014191504446,0.45127793124617566,0.7123121894802322,0.5446163772033993,0.7858542304797036,0.8116331961575328,0.7927524885142295,0.10820001906754619,0.10022020029057808
C_grid,4,0.25,4.0,534908.4871794871,133726.94871794872,133726.94871794872,34478.53846153846,0.5796413848146245,0.18648684700777007,0.38306411591119727,0.1416443244093752,0.8157760031380236,0.23901356654628403,0.30170414437723997,0.8536561781490644,0.4404055906414862,0.6365622888324429,0.9097715409801166,0.7419160673100399,0.07299906943859656,0.10022020029057808
C_grid,4,0.5,4.0,534908.4871794871,267454.1794871795,267454.1794871795,34478.53846153846,0.839160692998538,0.11317386881020229,0.4761672809043701,0.09144928998205505,0.9200625233751385,0.16523517559872927,0.20337352597553174,0.936726997713231,0.33093702245326256,0.48962981730725164,0.959510707888714,0.6410844235301122,0.04718264228850888,0.10022020029057808
C_grid,4,1.0,4.0,534908.4871794871,534908.4871794871,534908.4871794871,34478.53846153846,1.240274370178657,0.07454225379637142,0.6574083119875141,0.05284308400091966,0.9781191348125992,0.09989232666799003,0.12143215556969125,0.979915937984102,0.21484868628239803,0.31739685952066476,0.9843085546795874,0.47570430133590563,0.026806055166773344,0.10022020029057808
C_grid,8,0.005,8.0,566229.5897435897,2830.7179487179487,2830.7179487179487,44439.41025641026,0.2271470279043953,1.5268505311173763,0.8769987795108858,0.6565849751222207,0.1279897178415443,0.21188455078678922,0.834824701023349,0.16938218152589546,0.27969194928678764,0.872167198576655,0.28135432187803044,0.4212564965454776,0.061098924273218565,0.1004203514514185
C_grid,8,0.01,8.0,566229.5897435897,5661.846153846154,5661.846153846154,44439.41025641026,0.22929387195650028,1.2703807333667139,0.749837302661607,0.5488721400104455,0.19276282555360275,0.28092157627780096,0.8026546363790109,0.2527215441516787,0.37986304308847973,0.8820997902368624,0.38843017085019865,0.5341306402398539,0.0899488425660898,0.1004203514514185
C_grid,8,0.02,8.0,566229.5897435897,11324.102564102564,11324.102564102564,44439.41025641026,0.24260021372393803,1.0420874832672655,0.6423438484956018,0.4292154748031801,0.2841664416180944,0.33534846876211216,0.7280148108756698,0.3586695113052103,0.4741121941516498,0.8860351537421364,0.49496248290604955,0.6302817449199644,0.11388754727689168,0.1004203514514185
C_grid,8,0.05,8.0,566229.5897435897,28311.128205128207,28311.128205128207,44439.41025641026,0.2987219642597803,0.6919606920759998,0.49534132816789,0.2993611713012556,0.4475578136907214,0.3526770570279248,0.5670763650972269,0.5170718313808056,0.5340586954600821,0.8525450426125079,0.6357990007903549,0.7242694979463683,0.12236440935406297,0.1004203514514185
C_grid,8,0.1,8.0,566229.5897435897,56622.64102564102,56622.64102564102,44439.41025641026,0.3815765900311933,0.4378237981187004,0.40970019407494684,0.22261798587153797,0.5854315016339238,0.3180850935748041,0.44123668843905023,0.6488572079282379,0.5185425970483494,0.7810663536729372,0.7548960986443681,0.7627622594063492,0.10829471214817009,0.1004203514514185
C_grid,8,0.25,8.0,566229.5897435897,141557.2564102564,141557.2564102564,44439.41025641026,0.6104669589001497,0.2331595894335772,0.42181327416686343,0.14127071877796363,0.7790244781011634,0.23700770202815788,0.29429866396675486,0.8181400635636095,0.42809801707811984,0.6242140160468497,0.8830388700983506,0.7248837458445186,0.0755263711094234,0.1004203514514185
C_grid,8,0.5,8.0,566229.5897435897,283114.74358974356,283114.74358974356,44439.41025641026,0.861466777129796,0.136475930520852,0.498971353825324,0.09242730918344504,0.9059120284313434,0.16670391135730014,0.1989435613912428,0.921701216496121,0.32429311673087724,0.4756870110540278,0.946523887284714,0.62636956485153,0.04988850864993276,0.1004203514514185
C_grid,8,1.0,8.0,566229.5897435897,566229.5897435897,566229.5897435897,44439.41025641026,1.300964683493931,0.08597039529315123,0.6934675393935412,0.05293138086894345,0.9692787736133176,0.10005328750043256,0.11667309183854321,0.9712066585335861,0.2072416731394385,0.29945200218445467,0.97626232863988,0.45430177698388075,0.02824520295207274,0.1004203514514185
C_grid,16,0.005,15.692307692307692,620843.1025641026,3103.8205128205127,3103.8205128205127,54121.41025641026,0.22859851178786622,1.7148284105334635,0.9717134611606648,0.6365571912930613,0.11300607605693547,0.1905642072949072,0.8361980799193329,0.14663377712824968,0.2484992905852315,0.8727588254330598,0.24226039197711616,0.3765827728445668,0.06193332363663627,0.10070469231616148
C_grid,16,0.01,15.692307692307692,620843.1025641026,6207.974358974359,6207.974358974359,54121.41025641026,0.23335032066461905,1.445562065161586,0.8394561929131026,0.5245070399787477,0.17309627705756123,0.25723618769417195,0.7977891060849233,0.22323692984145074,0.3459098173937547,0.8811545800974802,0.34195762669793933,0.4887417228137062,0.08913533586836986,0.10070469231616148
C_grid,16,0.02,15.692307692307692,620843.1025641026,12416.410256410256,12416.410256410256,54121.41025641026,0.24677590075867917,1.1891741056817677,0.7179750032202235,0.40934976646780613,0.2593024238326312,0.3128305476664253,0.7122576257380095,0.3219225906744209,0.43885343793892617,0.8857575503609689,0.4424771157695601,0.5857229124947114,0.1117857262291607,0.10070469231616148
C_grid,16,0.05,15.692307692307692,620843.1025641026,31041.846153846152,31041.846153846152,54121.41025641026,0.3045174678801992,0.7960365296456744,0.5502769987629368,0.2860991464659436,0.4143230760615702,0.3341118755229749,0.5473657754551616,0.4751345726119375,0.5033876886790504,0.8507719141057358,0.5863599591491516,0.6907231896123298,0.1202850016129548,0.10070469231616148
C_grid,16,0.1,15.692307692307692,620843.1025641026,62084.05128205128,62084.05128205128,54121.41025641026,0.399186901714902,0.49258862138045867,0.4458877615476803,0.21235016693577732,0.5553324996840798,0.30390348946111045,0.42130543087948297,0.6136402400692509,0.4945828606886158,0.7672017768010397,0.719466559399732,0.7387712079352912,0.10612878991467899,0.10070469231616148
C_grid,16,0.25,15.692307692307692,620843.1025641026,155210.64102564103,155210.64102564103,54121.41025641026,0.6349916079058203,0.262065536391969,0.4485285721488947,0.1344337191967009,0.7602187423483986,0.2269664869320141,0.27866852715717055,0.7977714667932859,0.40957529550752564,0.6025898069837703,0.8657841736846956,0.7057429634698159,0.07415007630011129,0.10070469231616148
C_grid,16,0.5,15.692307692307692,620843.1025641026,310421.5128205128,310421.5128205128,54121.41025641026,0.9145933354800942,0.1432523306110062,0.5289228330455502,0.08738680425264123,0.9010271370105355,0.15866039532205836,0.18574687686255806,0.9162887252371911,0.3068893422144276,0.4477459632823674,0.9410573900110555,0.6016896176728278,0.0488106048146998,0.10070469231616148
C_grid,16,1.0,15.692307692307692,620843.1025641026,620843.1025641026,620843.1025641026,54121.41025641026,1.4300367811490446,0.08220571106669623,0.7561212461078705,0.049829104810358064,0.9702882421247911,0.09459478745564594,0.10776485147941404,0.9729240190132149,0.1933749375675675,0.2743384809346057,0.9783743553679657,0.4259558933040656,0.027606106280809194,0.10070469231616148
C_on_B,-1,0.02,23.666666666666668,82324.17948717948,1645.974358974359,1645.974358974359,59403.743589743586,0.24395904591729106,2.0298257758193246,1.1368924108683078,0.7505961688821768,0.07475956637475455,0.13577420099091606,0.8225681440338426,0.0967897414616973,0.17289433950363042,0.8488902439670195,0.16803685098597176,0.27955298239003235,0.04244003957959419,
C_on_B,-1,0.05,23.666666666666668,82324.17948717948,4115.692307692308,4115.692307692308,59403.743589743586,0.24500429563104753,1.6629999853662345,0.9540021404986411,0.6070405079302541,0.13123250204479633,0.2152830529986084,0.7952692757333539,0.16998017179659422,0.27940482051093113,0.8615423290767686,0.2735368158895803,0.413387287454897,0.07317685630841586,
C_on_B,-1,0.1,23.666666666666668,82324.17948717948,8231.923076923076,8231.923076923076,59403.743589743586,0.24764012701398655,1.3973355377364247,0.8224878323752057,0.4793776105818233,0.19879673697005848,0.27991544516214545,0.7320140304095127,0.25484783416088713,0.37648727103058416,0.8746510782616358,0.3725881347996952,0.519471367428891,0.0984375726195007,
C_on_B,-1,0.25,23.666666666666668,82324.17948717948,20580.666666666668,20580.666666666668,59403.743589743586,0.2937544792952527,0.9953091791344576,0.6445318292148552,0.3412276817783191,0.32730008311763525,0.3322947271251165,0.5862570760737013,0.39454481246129164,0.4693998495131719,0.8542867053442595,0.5092087977768072,0.6358334031913152,0.11943927949962227,
C_on_B,-1,0.5,23.666666666666668,82324.17948717948,41161.89743589744,41161.89743589744,59403.743589743586,0.3887825862284058,0.6089750796277389,0.49887883292807234,0.2476924795273962,0.4553476500635825,0.3190163873104056,0.45260518398324845,0.5455404141285233,0.491900754803254,0.7751476949291568,0.6655559877126007,0.7139068545366726,0.11127733884780465,
C_on_B,-1,1.0,23.666666666666668,82324.17948717948,82324.17948717948,82324.17948717948,59403.743589743586,0.5899033201405,0.2485491981223811,0.41922625913144057,0.16762311244244923,0.6249520634234066,0.26319450534976746,0.31736116482663407,0.775513110898952,0.44803328036512713,0.6182861131631459,0.8853472853765231,0.7251706909925408,0.08638197302373662,
C_on_B,1,0.02,1.0,9059.564102564103,180.76923076923077,180.76923076923077,14955.076923076924,0.31870489774117405,1.4091314839656062,0.8639181908533902,0.6585695939786317,0.05841851311506975,0.10692142081414392,0.7058516201130739,0.12254103759117012,0.20498400508582085,0.7783918106314309,0.2730998953965402,0.3940037525643117,0.011760168521389744,
C_on_B,1,0.05,1.0,9059.564102564103,452.53846153846155,452.53846153846155,14955.076923076924,0.26157210532149405,1.1212258616425075,0.6913989834820007,0.6818279849264532,0.1279529692664695,0.2143442437991392,0.7512222362464708,0.22322984283986833,0.34067334902856633,0.8281713926418951,0.41036021661818695,0.5421912524190609,0.02919673728594857,
C_on_B,1,0.1,1.0,9059.564102564103,905.5384615384615,905.5384615384615,14955.076923076924,0.23283418806964917,0.9437271167570882,0.5882806524133688,0.6519038046374952,0.19748669988136097,0.30186478553457635,0.7569272566769075,0.30802577494340816,0.4358715489749451,0.860766940387116,0.5189911317317325,0.6443957207466491,0.05236800109791764,
C_on_B,1,0.25,1.0,9059.564102564103,2264.5897435897436,2264.5897435897436,14955.076923076924,0.23536060266978107,0.8083699997771168,0.5218653012234489,0.5386766689170605,0.2910357801073293,0.3766722957362316,0.7045795606913228,0.4079720299375724,0.5151468143951196,0.8727071773837352,0.6077599385144135,0.7140380989489423,0.09080382371295088,
C_on_B,1,0.5,1.0,9059.564102564103,4529.51282051282,4529.51282051282,14955.076923076924,0.2836327657407422,0.6231193112525695,0.45337603849665586,0.3958518707475961,0.3509566626833595,0.370027464187841,0.5837785733075164,0.4930499126232046,0.5315703186266288,0.837037587442494,0.6898079514536433,0.7530116697697992,0.10332193514051223,
C_on_B,1,1.0,1.0,9059.564102564103,9059.564102564103,9059.564102564103,14955.076923076924,0.4383463846171658,0.3427182937700612,0.39053233919361346,0.2561342126642555,0.3989558585319212,0.3102850231225889,0.42694031150500067,0.6028211893676099,0.49757132875354604,0.7099959587051679,0.8287985113367196,0.7626557734692005,0.08945991046988498,
C_on_B,2,0.02,2.0,16179.641025641025,323.15384615384613,323.15384615384613,24069.0,0.22304000459197681,1.555852165932546,0.8894460852622614,0.6676408014115724,0.051301349982745104,0.09491299480035989,0.7856795369223053,0.10063556581571813,0.17730564643874716,0.8630319618598096,0.22899788450141395,0.35863581789050325,0.013383777350048734,
C_on_B,2,0.05,2.0,16179.641025641025,808.5641025641025,808.5641025641025,24069.0,0.22382831312552653,1.1396555945749398,0.6817419538502332,0.6505040048528505,0.10853472565784165,0.18511952191766362,0.7778943097451546,0.1909217481135918,0.3044156714050377,0.8648128774237812,0.36146842086371384,0.5066947641437322,0.03210003781533787,
C_on_B,2,0.1,2.0,16179.641025641025,1617.5641025641025,1617.5641025641025,24069.0,0.22046699476568193,0.9129310660785414,0.5666990304221117,0.6270900562216826,0.18228480212113982,0.2806973121860511,0.7699836393172567,0.28383850593987364,0.4119338646326021,0.8711006706396415,0.482169269200092,0.6178264706356799,0.05883928905764179,
C_on_B,2,0.25,2.0,16179.641025641025,4044.5897435897436,4044.5897435897436,24069.0,0.23241085539952008,0.6771501766671535,0.4547805160333368,0.5316228252102432,0.3064132630724216,0.3862645356561706,0.7194298681636073,0.4309875254400842,0.5359948161296924,0.8721852416739236,0.6390954708671591,0.7354854068200155,0.10541210155640862,
C_on_B,2,0.5,2.0,16179.641025641025,8089.589743589743,8089.589743589743,24069.0,0.2844824519309968,0.48255851045122294,0.38352048119110993,0.40339420801515996,0.4005187672984484,0.39903099426817423,0.6049747209988283,0.5581991376976256,0.5771796457130545,0.8375437059227073,0.7476330453664636,0.7875511985821877,0.12171749076558551,
C_on_B,2,1.0,2.0,16179.641025641025,16179.641025641025,16179.641025641025,24069.0,0.47297443023911373,0.2516072577192755,0.36229084397919464,0.26331288976684575,0.4741397151087257,0.3363651134351868,0.43600255013939915,0.7010370611192469,0.534476759699302,0.712210481262735,0.8911031933410106,0.7879116355006673,0.10375851669579451,
C_on_B,4,0.02,4.0,28282.20512820513,565.1025641025641,565.1025641025641,34478.53846153846,0.24406656991790393,1.6163830781280022,0.9302248240229531,0.7607528554241981,0.06617152506414271,0.12147595610421806,0.8207479449314932,0.1097352023614746,0.19272749400614309,0.8437494552151283,0.21210491084125294,0.33670298762680023,0.021527207560070722,
C_on_B,4,0.05,4.0,28282.20512820513,1413.6666666666667,1413.6666666666667,34478.53846153846,0.22866884580332275,1.3277565335723718,0.7782126896878473,0.7227250019685381,0.12787456343087847,0.21672486291865298,0.8259733916718429,0.18474354026656772,0.30049182277910197,0.8627036207614234,0.32082161584274893,0.46439340931668227,0.048101095750398865,
C_on_B,4,0.1,4.0,28282.20512820513,2827.7179487179487,2827.7179487179487,34478.53846153846,0.22477974635487405,1.093369896781164,0.6590748215680191,0.6426025222296007,0.1979988336951864,0.3018821106508056,0.804104472920181,0.2704224643451817,0.4029899032299286,0.8761083435499761,0.43773661525782315,0.5800628114755,0.07822029133620245,
C_on_B,4,0.25,4.0,28282.20512820513,7070.076923076923,7070.076923076923,34478.53846153846,0.24374239981694748,0.7929657968139414,0.5183540983154443,0.47684273277638195,0.3250705489595267,0.3849323298885364,0.6933424365239037,0.43561388755264546,0.5326940251222008,0.8779082688375189,0.602814508639267,0.711839089723659,0.1159291521029296,
C_on_B,4,0.5,4.0,28282.20512820513,14140.794871794871,14140.794871794871,34478.53846153846,0.3048335567576804,0.5107069717791065,0.4077702642683935,0.3556076100611955,0.44600330237399066,0.393811651787487,0.5659302807770816,0.5881689206559712,0.5739031155425721,0.8304965744747574,0.7345820456131614,0.7768253796157345,0.12578940673081426,
C_on_B,4,1.0,4.0,28282.20512820513,28282.20512820513,28282.20512820513,34478.53846153846,0.5005144972401349,0.22848486099165052,0.3644996791158927,0.23197396815092228,0.5458673473553569,0.3242697591809826,0.39808409464850786,0.7584961325330268,0.5196033618530899,0.6845413831723649,0.9010356503958272,0.7748672896737843,0.10292685083690663,
C_on_B,8,0.02,8.0,44403.4358974359,887.5641025641025,887.5641025641025,44439.41025641026,0.2434697729862252,1.853755409874771,1.0486125914304982,0.7720646793639617,0.07008270049912078,0.1282993788857496,0.8256332639711889,0.09990132664643539,0.1777121831707941,0.8462234314255568,0.17879097482744882,0.29398881317543285,0.029851118654226197,
C_on_B,8,0.05,8.0,44403.4358974359,2219.74358974359,2219.74358974359,44439.41025641026,0.2326307160096812,1.5121733396446793,0.8724020278271802,0.6930032193880212,0.12951924581477395,0.21784630726111623,0.8210678910528239,0.17140563601617148,0.28276695040601457,0.8638193805996388,0.2863405269216987,0.42771305511711405,0.06001357001504548,
C_on_B,8,0.1,8.0,44403.4358974359,4439.948717948718,4439.948717948718,44439.41025641026,0.2339532675069708,1.2452049005429313,0.739579084024951,0.5701227518908316,0.19673498360156838,0.2916305195715151,0.7745382225121454,0.2609074994105367,0.3886360321716805,0.8764534875173039,0.40463046229241734,0.5501750094808732,0.0875498784558494,
C_on_B,8,0.25,8.0,44403.4358974359,11100.48717948718,11100.48717948718,44439.41025641026,0.2622743149598151,0.8895777199694543,0.5759260174646348,0.4125190749044046,0.32456815521761445,0.36167867355203814,0.6495264232633562,0.4166128829508003,0.5052767929122246,0.8705876397370577,0.5543330095288371,0.6744353644133313,0.11854756661426477,
C_on_B,8,0.5,8.0,44403.4358974359,22201.48717948718,22201.48717948718,44439.41025641026,0.3342932760040432,0.5571459196811331,0.4457195978425882,0.3026950228704572,0.4478392659851656,0.35961143375184107,0.5147548854239201,0.5674701101753152,0.53701925769189,0.8114637681981035,0.6984756607750635,0.7479579747544935,0.12012214224980138,
C_on_B,8,1.0,8.0,44403.4358974359,44403.4358974359,44403.4358974359,44439.41025641026,0.5330888380628299,0.2375561075120038,0.3853224727874168,0.20153197108813467,0.5802200918126438,0.2980592655817454,0.36192531183516846,0.7717075817428899,0.4901903356576294,0.658989153672043,0.8973104130048168,0.7566927235922822,0.09637274677401123,
C_on_B,16,0.02,15.692307692307692,66407.23076923077,1327.6153846153845,1327.6153846153845,54121.41025641026,0.2398509895918756,1.9783776080079944,1.1091142987999352,0.7649243457908216,0.07376731900867932,0.13437913716017041,0.8279627041773756,0.0971959358723614,0.17366472852104528,0.8507878142664398,0.16952500344498464,0.2818768431978593,0.03844484668803142,
C_on_B,16,0.05,15.692307692307692,66407.23076923077,3319.923076923077,3319.923076923077,54121.41025641026,0.2413865446994435,1.616445614444311,0.9289160795718772,0.6349862944352654,0.13086393239207597,0.2165816521852824,0.8042782344543795,0.1693461890175589,0.2791235025646669,0.862594623879113,0.2765736593155735,0.4170375979854157,0.06935096457363606,
C_on_B,16,0.1,15.692307692307692,66407.23076923077,6640.282051282052,6640.282051282052,54121.41025641026,0.24451413898144503,1.3483142871263447,0.7964142130538949,0.5066312002121364,0.19773109120725751,0.28355899152414527,0.7463329638919499,0.2557803166900644,0.37969094355415106,0.8748904106966541,0.38153614611391096,0.5279905149619306,0.09549395771249697,
C_on_B,16,0.25,15.692307692307692,66407.23076923077,16601.48717948718,16601.48717948718,54121.41025641026,0.2809396707141434,0.9570093189064627,0.618974494810303,0.3619274400344385,0.32718683096770423,0.3424144093616864,0.6074209443069477,0.4034274826390365,0.4829538722058926,0.8616899743371861,0.5241014949657085,0.6491479504420883,0.11985192125620671,
C_on_B,16,0.5,15.692307692307692,66407.23076923077,33203.41025641026,33203.41025641026,54121.41025641026,0.36647337766576893,0.5851483328734327,0.4758108552696007,0.2626634702113403,0.45429867330555224,0.33161684470030905,0.4715947858043057,0.5564311367632417,0.5080737652879321,0.7887684694576136,0.6773495304875613,0.7265800549501764,0.11386460982344089,
C_on_B,16,1.0,15.692307692307692,66407.23076923077,66407.23076923077,66407.23076923077,54121.41025641026,0.5705300677828367,0.23822130207245615,0.4043756849276464,0.1763323718401438,0.6125211732266036,0.273013683062474,0.3299712789493873,0.7805962414358978,0.4617180745053642,0.6308435300982111,0.8937721870507952,0.7368157873749749,0.08892081981684392,
D_conf_sum,-1,0.02,23.666666666666668,82324.17948717948,1645.974358974359,1645.974358974359,59403.743589743586,0.21502497950939928,1.880175390724567,1.0476001851169832,0.7649947147049591,0.1039562458122196,0.18227602118935612,0.8190811160200883,0.1334013906084554,0.22850451971746166,0.8650746787245789,0.22042318622888254,0.34912553091455983,0.05006907110311396,
D_conf_sum,-1,0.05,23.666666666666668,82324.17948717948,4115.692307692308,4115.692307692308,59403.743589743586,0.2101699152039226,1.402885530516643,0.8065277228602827,0.6178526458597974,0.18934892987019308,0.28807852519228816,0.7551800708527941,0.2525208244206447,0.37648115906445884,0.8906921195104445,0.38568042370107386,0.5351705384705895,0.08966762564762587,
D_conf_sum,-1,0.1,23.666666666666668,82324.17948717948,8231.923076923076,8231.923076923076,59403.743589743586,0.2372212565780727,1.1107438184905774,0.6739825375343249,0.4848424169590979,0.2549078118166121,0.3321172006288897,0.6747093345004862,0.33525217129556967,0.4458110934499989,0.8784193129361443,0.4810367052228666,0.6187144451018691,0.11360334765219647,
D_conf_sum,-1,0.25,23.666666666666668,82324.17948717948,20580.666666666668,20580.666666666668,59403.743589743586,0.32045041724101697,0.6625057034730621,0.4914780603570396,0.3158596473199374,0.359302195621651,0.33418533593666505,0.5203833061829455,0.47657933483150755,0.4951275075767039,0.8044354973294894,0.6407477757648283,0.710238919593156,0.11528732340774325,
D_conf_sum,-1,0.5,23.666666666666668,82324.17948717948,41161.89743589744,41161.89743589744,59403.743589743586,0.39398536185636707,0.39269618366572584,0.39334077276104645,0.2333412713502696,0.4775935353127083,0.3119120860309808,0.4209693121150879,0.6283572830949189,0.5010346137862558,0.7399494700861842,0.7878236598716677,0.759708751888703,0.10583195015071076,
D_conf_sum,-1,1.0,23.666666666666668,82324.17948717948,82324.17948717948,82324.17948717948,59403.743589743586,0.5899033201405,0.2485491981223811,0.41922625913144057,0.16762311244244923,0.6249520634234066,0.26319450534976746,0.31736116482663407,0.775513110898952,0.44803328036512713,0.6182861131631459,0.8853472853765231,0.7251706909925408,0.08638197302373662,
D_conf_sum,1,0.02,1.0,9059.564102564103,180.76923076923077,180.76923076923077,14955.076923076924,0.25402634501617577,1.808258775197374,1.031142560106775,0.7085596117064257,0.04214374391424048,0.07944173972146269,0.7524382694903853,0.06522234000668904,0.11974497349181813,0.8138600765289069,0.1539887464131328,0.25724350584289,0.012767101434069124,
D_conf_sum,1,0.05,1.0,9059.564102564103,452.53846153846155,452.53846153846155,14955.076923076924,0.23519398399374475,1.5094327903266271,0.8723133871601859,0.7133035325671346,0.10091914410865517,0.17627670092486886,0.776523067783017,0.14579091483626014,0.24419188619806434,0.8446071303954205,0.2689049407828164,0.40459231583549793,0.03085876656650072,
D_conf_sum,1,0.1,1.0,9059.564102564103,905.5384615384615,905.5384615384615,14955.076923076924,0.2172985607715335,1.1858521946058376,0.7015753776886855,0.6802152394482476,0.18219735318305455,0.28599420744728754,0.7782045070315858,0.25429145299886696,0.38105341234656,0.8688798573687289,0.4107088471120907,0.554091716168683,0.05583532293796946,
D_conf_sum,1,0.25,1.0,9059.564102564103,2264.5897435897436,2264.5897435897436,14955.076923076924,0.2378011268119777,0.7984346091350278,0.5181178679735028,0.5376114429486655,0.29510836696895,0.3795401818024898,0.6933157516067021,0.4122153358932603,0.5153647241706444,0.8704253709476573,0.6111503254258459,0.7158552126387361,0.09201095181242938,
D_conf_sum,1,0.5,1.0,9059.564102564103,4529.51282051282,4529.51282051282,14955.076923076924,0.2902851769793785,0.5242793959606967,0.4072822864700376,0.3912633160259107,0.348556930448548,0.3667944032855168,0.5717096919678925,0.500952473966901,0.530833855418049,0.8286320503169372,0.7344171640979064,0.7754242704967678,0.10260388559952877,
D_conf_sum,1,1.0,1.0,9059.564102564103,9059.564102564103,9059.564102564103,14955.076923076924,0.4383463846171658,0.3427182937700612,0.39053233919361346,0.2561342126642555,0.3989558585319212,0.3102850231225889,0.42694031150500067,0.6028211893676099,0.49757132875354604,0.7099959587051679,0.8287985113367196,0.7626557734692005,0.08945991046988498,
D_conf_sum,2,0.02,2.0,16179.641025641025,323.15384615384613,323.15384615384613,24069.0,0.18866322462443155,1.5721597923020865,0.880411508463259,0.6944404445651206,0.04636404888442341,0.08675342002855113,0.7985561155735537,0.0793089604692053,0.14396942677843722,0.880742673498735,0.18819535733334528,0.3091621767221402,0.01483476536402601,
D_conf_sum,2,0.05,2.0,16179.641025641025,808.5641025641025,808.5641025641025,24069.0,0.19411919630273422,1.291933069552379,0.7430261329275566,0.6872005087139512,0.10804560151723146,0.1860322987363571,0.7927777191526696,0.16560607532103072,0.27288881053585234,0.8824687802456034,0.3134942805732842,0.46058739444994995,0.036341295245810035,
D_conf_sum,2,0.1,2.0,16179.641025641025,1617.5641025641025,1617.5641025641025,24069.0,0.1945213667697434,1.002823216611391,0.5986722916905673,0.6673873073050146,0.19904728396371202,0.30494133763863945,0.7857076672142949,0.28588113259284925,0.4170428735136281,0.8860719773758501,0.4605001644944099,0.6035615850104799,0.0676991206067346,
D_conf_sum,2,0.25,2.0,16179.641025641025,4044.5897435897436,4044.5897435897436,24069.0,0.23106945623943262,0.634152541371887,0.4326109988056599,0.5364249047332699,0.3299261794373406,0.40637703451853,0.6998437143057692,0.4631267029337398,0.555263180700855,0.8708802565354236,0.678126864328575,0.7607654897570093,0.1121912001228656,
D_conf_sum,2,0.5,2.0,16179.641025641025,8089.589743589743,8089.589743589743,24069.0,0.2917569710964187,0.38412112456835146,0.3379390478323851,0.3941743839929666,0.39872170782079497,0.39381183082995247,0.5806162326199894,0.5795306742077527,0.5764969611345517,0.8269795898972034,0.8058755040379076,0.813293528509883,0.1212880795229422,
D_conf_sum,2,1.0,2.0,16179.641025641025,16179.641025641025,16179.641025641025,24069.0,0.47297443023911373,0.2516072577192755,0.36229084397919464,0.26331288976684575,0.4741397151087257,0.3363651134351868,0.43600255013939915,0.7010370611192469,0.534476759699302,0.712210481262735,0.8911031933410106,0.7879116355006673,0.10375851669579451,
D_conf_sum,4,0.02,4.0,28282.20512820513,565.1025641025641,565.1025641025641,34478.53846153846,0.24184211018625157,1.6776214214058944,0.959731765796073,0.7381762759817659,0.06402666133881409,0.1176517136834818,0.7904572277525796,0.09898885013387812,0.1755025175815297,0.8365825223232093,0.20711857348105037,0.32988183333772686,0.022282480029275138,
D_conf_sum,4,0.05,4.0,28282.20512820513,1413.6666666666667,1413.6666666666667,34478.53846153846,0.21732535944386314,1.3525373421736977,0.7849313508087804,0.7422309114982572,0.14679746175705824,0.24446014608160999,0.805786954720258,0.1999877957027078,0.3194063655750992,0.863714244015707,0.3377259321665036,0.4822336339350795,0.0546619357306886,
D_conf_sum,4,0.1,4.0,28282.20512820513,2827.7179487179487,2827.7179487179487,34478.53846153846,0.21076080355095306,0.9872316014252883,0.5989962024881208,0.6717692364684805,0.24708538784238124,0.35988174637666376,0.7830507538288823,0.3377281903341239,0.46973197183893317,0.8822268752297595,0.5168081778296122,0.6481907690217836,0.09168005205526476,
D_conf_sum,4,0.25,4.0,28282.20512820513,7070.076923076923,7070.076923076923,34478.53846153846,0.254005823594851,0.6670714904957026,0.4605386570452768,0.4766981589166653,0.3645348784938365,0.4115289874784202,0.654671406746968,0.4936833067497282,0.5608401671179181,0.8570837264775676,0.6757070998995841,0.7531015611303348,0.12436427919706529,
D_conf_sum,4,0.5,4.0,28282.20512820513,14140.794871794871,14140.794871794871,34478.53846153846,0.31787227088656556,0.3579390914969245,0.337905681191745,0.34174017096682224,0.4458611403865123,0.38515216772670924,0.5316281286505639,0.6293825545202401,0.5734975634364766,0.8036841211641994,0.8178796611536138,0.8074439809494297,0.1240470513785889,
D_conf_sum,4,1.0,4.0,28282.20512820513,28282.20512820513,28282.20512820513,34478.53846153846,0.5005144972401349,0.22848486099165052,0.3644996791158927,0.23197396815092228,0.5458673473553569,0.3242697591809826,0.39808409464850786,0.7584961325330268,0.5196033618530899,0.6845413831723649,0.9010356503958272,0.7748672896737843,0.10292685083690663,
D_conf_sum,8,0.02,8.0,44403.4358974359,887.5641025641025,887.5641025641025,44439.41025641026,0.24288591015543426,1.8364356707622425,1.0396607904588382,0.7597996191825255,0.07752833696406884,0.14047227399249265,0.8007414197079074,0.10685844720293954,0.18808854188514088,0.839649442648996,0.19547033656506352,0.31530898694457715,0.03140840457746438,
D_conf_sum,8,0.05,8.0,44403.4358974359,2219.74358974359,2219.74358974359,44439.41025641026,0.2106365713131239,1.3589233552690168,0.7847799632910704,0.7196135262713709,0.170801283698173,0.2752472136781884,0.8064203378827575,0.22884154946340537,0.35522635937010083,0.8781103100166754,0.3688875499744517,0.5162325539087693,0.07138432324913888,
D_conf_sum,8,0.1,8.0,44403.4358974359,4439.948717948718,4439.948717948718,44439.41025641026,0.21975961067567085,1.0672307137619967,0.6434951622188338,0.587642482638429,0.25412289977253394,0.35353914073427195,0.7369611681749255,0.34161048337964256,0.4649880004527492,0.8850194251624529,0.5046520912579116,0.6383949227424464,0.10304430154288141,
D_conf_sum,8,0.25,8.0,44403.4358974359,11100.48717948718,11100.48717948718,44439.41025641026,0.27804788208473535,0.6957878392658022,0.48691786067526877,0.3952285995620335,0.3570500886801182,0.37366670286951975,0.5924844093240221,0.4858579663596359,0.5320077570134859,0.8416250114344445,0.649191999451399,0.7308112427802544,0.12092169461332336,
D_conf_sum,8,0.5,8.0,44403.4358974359,22201.48717948718,22201.48717948718,44439.41025641026,0.348290646245933,0.3612661143028042,0.3547783802743686,0.285884759108965,0.4549671026749374,0.34961164522409793,0.47705730627160026,0.637519358267606,0.5430177812035705,0.7777507895069596,0.8101292748690929,0.790135635755501,0.1155476668650466,
D_conf_sum,8,1.0,8.0,44403.4358974359,44403.4358974359,44403.4358974359,44439.41025641026,0.5330888380628299,0.2375561075120038,0.3853224727874168,0.20153197108813467,0.5802200918126438,0.2980592655817454,0.36192531183516846,0.7717075817428899,0.4901903356576294,0.658989153672043,0.8973104130048168,0.7566927235922822,0.09637274677401123,
D_conf_sum,16,0.02,15.692307692307692,66407.23076923077,1327.6153846153845,1327.6153846153845,54121.41025641026,0.2257785418738613,1.8801067027227618,1.0529426222983116,0.7675262348526218,0.09521754189066738,0.1690967422942891,0.8154240976432695,0.12350333352355598,0.21400849329223912,0.8570129765530751,0.2092824638883574,0.33467414252685523,0.04368521950149671,
D_conf_sum,16,0.05,15.692307692307692,66407.23076923077,3319.923076923077,3319.923076923077,54121.41025641026,0.2123660697742922,1.3832059931799952,0.7977860314771437,0.6505798103720476,0.18576445547915904,0.28804007780378676,0.771927008020299,0.247410598213496,0.37340905137353014,0.8865740566672593,0.38339407563253414,0.5322309922811262,0.08460703277471726,
D_conf_sum,16,0.1,15.692307692307692,66407.23076923077,6640.282051282052,6640.282051282052,54121.41025641026,0.2309663493816229,1.0982606418083116,0.6646134955949672,0.5148630623684729,0.2564232138414623,0.34103107081591405,0.6929021824533368,0.33875511457536983,0.453309625493697,0.8817525078361823,0.4892384221702588,0.626032006405663,0.11099730683036224,
D_conf_sum,16,0.25,15.692307692307692,66407.23076923077,16601.48717948718,16601.48717948718,54121.41025641026,0.30572710848824625,0.6642461466805212,0.4849866275843837,0.3381452687353554,0.35772094366514134,0.34643681837617124,0.5411226420023478,0.4827581798795552,0.5085084610028813,0.8165116569753454,0.6432836175025469,0.7172883737060742,0.11743339346596218,
D_conf_sum,16,0.5,15.692307692307692,66407.23076923077,33203.41025641026,33203.41025641026,54121.41025641026,0.37867769867339096,0.3751283336691317,0.3769030161712614,0.24654324949829265,0.4695487539246514,0.3222525227040436,0.4356417314282042,0.636384063721796,0.5145444073855007,0.7514860238545329,0.7989014215246394,0.7711024696493463,0.10824686526467128,
D_conf_sum,16,1.0,15.692307692307692,66407.23076923077,66407.23076923077,66407.23076923077,54121.41025641026,0.5705300677828367,0.23822130207245615,0.4043756849276464,0.1763323718401438,0.6125211732266036,0.273013683062474,0.3299712789493873,0.7805962414358978,0.4617180745053642,0.6308435300982111,0.8937721870507952,0.7368157873749749,0.08892081981684392,
E_conf_filter50,-1,0.02,23.666666666666668,14431.589743589744,288.12820512820514,288.12820512820514,59403.743589743586,0.293122343753985,2.4576483822489537,1.3753853630014694,0.7455269757612148,0.021632688400700584,0.04199957338596976,0.7664805369386186,0.035951732092676526,0.0685029088768694,0.7862513808399587,0.08590913150811565,0.1537694183516088,0.008433291981175463,
E_conf_filter50,-1,0.05,23.666666666666668,14431.589743589744,721.0769230769231,721.0769230769231,59403.743589743586,0.24996216153840528,2.2516237097754277,1.2507929356569165,0.7718379545452366,0.04949666847897837,0.09278949788049842,0.797838964474678,0.06889639531532242,0.12628024156966733,0.8292473806165086,0.13119107293839202,0.22480114213217375,0.022409807735832142,
E_conf_filter50,-1,0.1,23.666666666666668,14431.589743589744,1442.6923076923076,1442.6923076923076,59403.743589743586,0.2259008988295982,1.9571965162649063,1.091548707547252,0.7685906885173985,0.09328766836833931,0.16563492465406515,0.8115594868176819,0.11966698274012631,0.2074491731810558,0.853976523211397,0.2003140930359493,0.32186869343812896,0.04473517578583909,
E_conf_filter50,-1,0.25,23.666666666666668,14431.589743589744,3607.5384615384614,3607.5384615384614,59403.743589743586,0.20532887846174838,1.4182686122611032,0.8117987453614258,0.6798032018745228,0.1824273906091124,0.285768164943517,0.7923494309254236,0.23975126387374304,0.3655863637698308,0.8844249434999102,0.3694216914605276,0.5164942816183729,0.08880826373855778,
E_conf_filter50,-1,0.5,23.666666666666668,14431.589743589744,7215.51282051282,7215.51282051282,59403.743589743586,0.2312757447007981,1.1726651035781728,0.7019704241394854,0.5350906946960923,0.24511723436277102,0.3336538943652483,0.7134247190404283,0.3267032695777932,0.44477388790164113,0.8774591265914479,0.46670336117165445,0.6048478027243132,0.11288673278242822,
E_conf_filter50,-1,1.0,23.666666666666668,14431.589743589744,14431.589743589744,14431.589743589744,59403.743589743586,0.2831865858670999,1.051022272635071,0.6671044292510855,0.38673727266680763,0.3131164672319836,0.34307484189802306,0.6023713933108008,0.4001058549709229,0.47687657341335976,0.8411780025875814,0.5135612732133266,0.6339832569629806,0.11904114774440575,
E_conf_filter50,1,0.02,1.0,2266.5897435897436,44.794871794871796,44.794871794871796,14955.076923076924,0.28988993913797007,2.0833352463449253,1.1866125927414477,0.6874115903565008,0.011751300019698572,0.023100050282227003,0.70012619937092,0.022364108565012964,0.04330178884016362,0.7572751304068749,0.07329156497444575,0.1329811527330041,0.003293148560465298,
E_conf_filter50,1,0.05,1.0,2266.5897435897436,112.87179487179488,112.87179487179488,14955.076923076924,0.2656417435080613,1.914484635947366,1.0900631897277135,0.697918780908446,0.027755427302302405,0.05335023579816829,0.734306922135753,0.04584218142410527,0.08617576910003227,0.7961814244650403,0.12070475146711483,0.2082610139629881,0.008123624469979315,
E_conf_filter50,1,0.1,1.0,2266.5897435897436,226.2051282051282,226.2051282051282,14955.076923076924,0.25219383972322257,1.7465791619712128,0.9993865008472178,0.707665711239057,0.05303713519362326,0.09857059362434857,0.7531301839438256,0.07957868665522834,0.14366537323545414,0.8178648467774523,0.17502581425391764,0.2868040098015723,0.016061435972482895,
E_conf_filter50,1,0.25,1.0,2266.5897435897436,566.2564102564103,566.2564102564103,14955.076923076924,0.23539154314927288,1.3889110210072464,0.8121512820782597,0.7189873066004069,0.12870860087582764,0.21785941563477357,0.7778601248172898,0.18004724739070652,0.29132785661889765,0.8445164931547249,0.30770861626810425,0.4481346695802284,0.03919659049570366,
E_conf_filter50,1,0.5,1.0,2266.5897435897436,1133.025641025641,1133.025641025641,14955.076923076924,0.21128863037893658,0.9899899274802026,0.6006392789295695,0.6938129717944616,0.2204485127673392,0.3335162486843148,0.7867134083145927,0.3108643720297847,0.44327224166446144,0.8749625968152498,0.49546543100223644,0.6291965487503756,0.06961148620938633,
E_conf_filter50,1,1.0,1.0,2266.5897435897436,2266.5897435897436,2266.5897435897436,14955.076923076924,0.22933105026257264,0.8217427953313228,0.5255369227969476,0.5715857548903251,0.28935873551550795,0.3829448404182,0.7283209373719769,0.4002544655657235,0.5142342348538198,0.8754141952905753,0.5953844831045335,0.7056992204699372,0.09815704042405449,
E_conf_filter50,2,0.02,2.0,3810.025641025641,75.76923076923077,75.76923076923077,24069.0,0.18771764400793428,1.8171971024235456,1.00245737321574,0.7198952388297257,0.013526289887926222,0.02654065662705866,0.799792998401198,0.029769014399312673,0.05734528540784376,0.868113089324639,0.09909943753165024,0.1774514882679688,0.0037633994413106987,
E_conf_filter50,2,0.05,2.0,3810.025641025641,189.92307692307693,189.92307692307693,24069.0,0.1917872520043897,1.678592404820941,0.9351898284126654,0.6901688537992074,0.02916941688630075,0.05592470704803025,0.7922900361310201,0.05507827992647732,0.10289306143745904,0.8726740583238615,0.14791949052881476,0.25233337336718004,0.008761065743859427,
E_conf_filter50,2,0.1,2.0,3810.025641025641,380.4871794871795,380.4871794871795,24069.0,0.19391685880843706,1.5286956445695812,0.8613062516890091,0.6865301021450824,0.054097677426723736,0.10015588005359387,0.7884409555771038,0.08981073864689985,0.16097701821501914,0.8761902953339705,0.20508983800371114,0.3314621666162686,0.017525608389274586,
E_conf_filter50,2,0.25,2.0,3810.025641025641,952.1025641025641,952.1025641025641,24069.0,0.2031440522029087,1.2103886871207596,0.7067663696618341,0.6877011393816855,0.12985671013795627,0.21784957714097644,0.7823582985423333,0.1941396630106227,0.3100189408181572,0.8707897073066849,0.3461411049982272,0.4932424660610461,0.04345361432543429,
E_conf_filter50,2,0.5,2.0,3810.025641025641,1904.820512820513,1904.820512820513,24069.0,0.1979969906818317,0.8626390661599738,0.5303180284209028,0.6758593964444842,0.22893513345927857,0.3407775269114913,0.7844075989895977,0.32556948743970116,0.45823430499436396,0.882334178376972,0.5263946464853695,0.6567793661926365,0.08052665951119578,
E_conf_filter50,2,1.0,2.0,3810.025641025641,3810.025641025641,3810.025641025641,24069.0,0.22100495816707946,0.6687879063320392,0.4448964322495594,0.5729164807433037,0.31240117497328984,0.4027372979399165,0.7317379443410328,0.43487889552310593,0.5435360225061582,0.877882160267506,0.6525675199091914,0.7463719874181525,0.115525523268545,
E_conf_filter50,4,0.02,4.0,6202.102564102564,123.56410256410257,123.56410256410257,34478.53846153846,0.2661163616478868,1.9257283858529728,1.0959223737504296,0.7210966449358283,0.016937077698851347,0.033082231040890045,0.7658955273378001,0.036708414901721546,0.06996362149201042,0.8078744731389005,0.11789560302597728,0.2046380333935117,0.004800003947053845,
E_conf_filter50,4,0.05,4.0,6202.102564102564,309.61538461538464,309.61538461538464,34478.53846153846,0.26463266056087054,1.7960124407231297,1.0303225506420002,0.7135763053058939,0.03743498957731668,0.07105723707389361,0.7627447713005856,0.0662068006463062,0.12151575041058796,0.8125643335822984,0.1649680206490188,0.272163310894986,0.011792158282036018,
E_conf_filter50,4,0.1,4.0,6202.102564102564,619.7179487179487,619.7179487179487,34478.53846153846,0.24508164673807536,1.6490334066458128,0.9470575266919442,0.7284474474664107,0.07032043805228523,0.12804652421393872,0.7819034584573749,0.1080736572385409,0.18926344123039657,0.831976148749129,0.22036262572377688,0.3456025821290229,0.024153185039261747,
E_conf_filter50,4,0.25,4.0,6202.102564102564,1550.1538461538462,1550.1538461538462,34478.53846153846,0.22079310810337077,1.297273566883465,0.7590333374934178,0.7405341737148511,0.16225542682962577,0.2653741642337488,0.8013207184835054,0.21934862928218338,0.3426335543515211,0.8592811538445247,0.35940378301655485,0.5024532717823503,0.060086746804390946,
E_conf_filter50,4,0.5,4.0,6202.102564102564,3100.8205128205127,3100.8205128205127,34478.53846153846,0.20897276252882152,0.9010694544816562,0.5550211085052389,0.6869425712183727,0.26690595927720595,0.38290433754776737,0.7922299681651099,0.36232210155856864,0.494474154110129,0.8797744008362256,0.5509828190841569,0.6729431162069732,0.10144939268772321,
E_conf_filter50,4,1.0,4.0,6202.102564102564,6202.102564102564,6202.102564102564,34478.53846153846,0.23908730999831304,0.7362195468588408,0.48765342842857695,0.5273597103496114,0.3440454183005696,0.4147280416791824,0.7023753755984511,0.46911597817640754,0.5596215992788114,0.868759763678855,0.6497254837239175,0.7397508341266917,0.12654555177153343,
E_conf_filter50,8,0.02,8.0,8595.076923076924,171.3846153846154,171.3846153846154,44439.41025641026,0.30197540572938436,2.171845443787856,1.23691042475862,0.7128923132490741,0.018327560522527066,0.03571455699095467,0.7459763191787229,0.03762831225447649,0.07141603758764822,0.7727938405369768,0.10385366174708742,0.18090273580066377,0.005659532082782252,
E_conf_filter50,8,0.05,8.0,8595.076923076924,429.2564102564103,429.2564102564103,44439.41025641026,0.2839948866305472,2.0409904855289507,1.162492686079749,0.7287233906418521,0.03997975676123606,0.07570234500743281,0.7610880784689985,0.06427007650979619,0.1179789541186238,0.7970014025995217,0.13989969228324972,0.23493889533407206,0.014657447115709892,
E_conf_filter50,8,0.1,8.0,8595.076923076924,859.0512820512821,859.0512820512821,44439.41025641026,0.24864920967125123,1.8437564975629732,1.0462028536171124,0.7528647916155078,0.07617252198720549,0.13806319759330757,0.7921963476503219,0.10657877026682527,0.1870581546918614,0.8326617921237829,0.19612712132754714,0.31464945714274367,0.03037488930615763,
E_conf_filter50,8,0.25,8.0,8595.076923076924,2148.4102564102564,2148.4102564102564,44439.41025641026,0.21453136294198108,1.3650406922444704,0.7897860275932258,0.735539132703982,0.170626290702505,0.27601102951778206,0.8061620499966135,0.22385017824300105,0.34873155440680587,0.8700178551695495,0.35861369779992447,0.5036911533514409,0.07134539661309652,
E_conf_filter50,8,0.5,8.0,8595.076923076924,4297.282051282052,4297.282051282052,44439.41025641026,0.2152837528328111,1.022555677167693,0.618919715000252,0.6293758915715657,0.2574750921056077,0.3637412859366133,0.7657368034628063,0.3462989635740043,0.47391758261548145,0.8813935657702755,0.5121646325368879,0.6428749013322435,0.10727115489057876,
E_conf_filter50,8,1.0,8.0,8595.076923076924,8595.076923076924,8595.076923076924,44439.41025641026,0.2537770172204956,0.8721171035555659,0.5629470603880308,0.46273165561067287,0.3261733489310843,0.38073611235433114,0.6593067679441905,0.4429609088910548,0.5264405597213665,0.8631800443511144,0.5899589876266758,0.696127876568829,0.12243992733677854,
E_conf_filter50,16,0.02,15.692307692307692,11725.74358974359,234.07692307692307,234.07692307692307,54121.41025641026,0.3076997636289586,2.3745857152207988,1.3411427394248787,0.7295178362998411,0.020230374224834983,0.03933766757771946,0.7534696111036833,0.03646635263989963,0.06930315293436703,0.773559396891838,0.09084315282198967,0.16055702070276207,0.007277459264557275,
E_conf_filter50,16,0.05,15.692307692307692,11725.74358974359,585.7948717948718,585.7948717948718,54121.41025641026,0.2652009132686452,2.1971353194442615,1.2311681163564534,0.7591809621822643,0.04561524837233867,0.08591779772344188,0.7859822635806141,0.06613229270833407,0.12150736514203415,0.816234475425041,0.13063568478634285,0.22337713609533852,0.01934432642333061,
E_conf_filter50,16,0.1,15.692307692307692,11725.74358974359,1172.051282051282,1172.051282051282,54121.41025641026,0.23503569457015402,1.939168589844213,1.0871021422071836,0.7661514910919074,0.0860420715449058,0.15431336453924271,0.8064930727082879,0.11286245114400625,0.19715942418407112,0.8466569630184259,0.19496105244368986,0.3144168896982645,0.0391643507669392,
E_conf_filter50,16,0.25,15.692307692307692,11725.74358974359,2931.0,2931.0,54121.41025641026,0.2088831731675175,1.3984970681217495,0.8036901206446335,0.7051979965552848,0.17938401376392987,0.2847971048471913,0.8000815627888611,0.23506655538156104,0.3613582774660083,0.8796831659221244,0.3672605344653983,0.5133714985695195,0.08338365587085152,
E_conf_filter50,16,0.5,15.692307692307692,11725.74358974359,5862.51282051282,5862.51282051282,54121.41025641026,0.22424350337724974,1.1247192602013258,0.6744813817892878,0.5670030698616119,0.2483557075330549,0.34362693856848925,0.7327225018400702,0.3319376784225745,0.4539791368129751,0.8808437372093283,0.47945445456862457,0.6159776852084111,0.11078773317671707,
E_conf_filter50,16,1.0,15.692307692307692,11725.74358974359,11725.74358974359,11725.74358974359,54121.41025641026,0.27352885102195246,0.9951310590662297,0.6343299550440911,0.4105208152499188,0.31483008335692386,0.35429862458895367,0.6193810907639541,0.4143782352408273,0.4926513839358586,0.8481771829324074,0.5364307694924951,0.6527013487381793,0.1198415145485814,
E_conf_filter75,-1,0.02,23.666666666666668,6513.820512820513,129.7948717948718,129.7948717948718,59403.743589743586,0.39006722577191955,2.829526473818278,1.6097968497950987,0.6484456660549197,0.009022070950774015,0.01777655567321246,0.6884062495836589,0.01695811777213375,0.03290406980194807,0.7017020134869842,0.046153457064091755,0.08473791599379468,0.0029384486701558403,
E_conf_filter75,-1,0.05,23.666666666666668,6513.820512820513,325.2564102564103,325.2564102564103,59403.743589743586,0.35327562184800404,2.467598878436587,1.4104372501422957,0.6730399097392306,0.020742437241332325,0.04015439778891268,0.708378858142967,0.034115927612454494,0.06463213734734148,0.735437794648961,0.08126565493497358,0.14365058253989102,0.00793989240112636,
E_conf_filter75,-1,0.1,23.666666666666668,6513.820512820513,650.9487179487179,650.9487179487179,59403.743589743586,0.3272045465989986,2.286562946675571,1.3068837466372847,0.6793849169152032,0.038486314701158424,0.07261638807430311,0.7218199180211147,0.0563785849868264,0.1040069790628053,0.7636020602259316,0.11540251331930015,0.19817922389407974,0.016566481824716782,
E_conf_filter75,-1,0.25,23.666666666666668,6513.820512820513,1628.1538461538462,1628.1538461538462,59403.743589743586,0.25303984321347184,1.9127508908593864,1.0828953670364292,0.7108514017500667,0.09161691984623781,0.1612761823179911,0.7691392194512395,0.11792265323302932,0.20300224101284942,0.8305022708101532,0.20113412255846816,0.31998165092805897,0.04422956777195399,
E_conf_filter75,-1,0.5,23.666666666666668,6513.820512820513,3256.7179487179487,3256.7179487179487,59403.743589743586,0.2209744839194979,1.4502111962911841,0.835592840105341,0.6901166613882982,0.16328042171602888,0.26191431707381796,0.7799535236467837,0.2131412022725307,0.3314745677266867,0.8658607761019005,0.34038422955745024,0.4822732209078052,0.08068851257429446,
E_conf_filter75,-1,1.0,23.666666666666668,6513.820512820513,6513.820512820513,6513.820512820513,59403.743589743586,0.2510939458962394,1.1500735742616384,0.7005837600789389,0.5503987287642325,0.23128103581783882,0.3222645645229635,0.7111511239995927,0.3187688871925566,0.4352926813421803,0.8558872494061666,0.46122056029026726,0.5936879747975166,0.10567058718749021,
E_conf_filter75,1,0.02,1.0,1161.6410256410256,22.743589743589745,22.743589743589745,14955.076923076924,0.30997594156993863,2.171852196270092,1.2409140689200153,0.6751473670783134,0.006469676030051031,0.012810278255417274,0.6863518488710304,0.014058915548931553,0.027504392054244892,0.7379505769403467,0.05570911128935585,0.10228301794151741,0.0016486375715283387,
E_conf_filter75,1,0.05,1.0,1161.6410256410256,57.61538461538461,57.61538461538461,14955.076923076924,0.32602892924346183,2.0670547277836806,1.1965418285135714,0.6351775270845069,0.013555098586404588,0.026519437700003846,0.6646232626579955,0.02507764329801152,0.04820467295101086,0.7339849899352267,0.07985260825659089,0.14193182230317625,0.0038523845456213046,
E_conf_filter75,1,0.1,1.0,1161.6410256410256,115.64102564102564,115.64102564102564,14955.076923076924,0.32996151286050296,1.9683972690357114,1.1491793909481072,0.6255221498270154,0.024873766171036787,0.047744897663370985,0.6674042415861037,0.0399025294735647,0.07492497518054414,0.7423226502609758,0.10543404343062523,0.18179009938305496,0.007547626469284662,
E_conf_filter75,1,0.25,1.0,1161.6410256410256,290.05128205128204,290.05128205128204,14955.076923076924,0.320711640686606,1.6871162775424955,1.0039139591145507,0.6457237166625146,0.06399281793598359,0.11580263199053846,0.6876303533822519,0.09324823434374353,0.16236502894510732,0.7632508552945543,0.1870923914002048,0.2946195982840758,0.018967789722081945,
E_conf_filter75,1,0.5,1.0,1161.6410256410256,580.6153846153846,580.6153846153846,14955.076923076924,0.2757709750998921,1.293251938560199,0.7845114568300456,0.6878406966491094,0.12741764836662836,0.2132054836811198,0.735928327142885,0.19176721978548347,0.29882329085290893,0.8092294812377145,0.33303572358605643,0.46110694536790814,0.03855001499463454,
E_conf_filter75,1,1.0,1.0,1161.6410256410256,1161.6410256410256,1161.6410256410256,14955.076923076924,0.2278608341753395,0.9752221162736276,0.6015414752244836,0.6931241536105365,0.22248270731234568,0.33341467943904846,0.7742292864654508,0.313173425632207,0.4406250367423516,0.8604484337258378,0.48312489229715977,0.611508521779025,0.07011234440919842,
E_conf_filter75,2,0.02,2.0,1836.7692307692307,36.256410256410255,36.256410256410255,24069.0,0.18317647136612925,1.9485584121522719,1.0658674417592007,0.7321350354000277,0.00696601346225465,0.01379055178998631,0.8149235141120059,0.01692391943568982,0.033100790552049626,0.8749521873419576,0.06438827406005185,0.11929329979113841,0.0017478508820838485,
E_conf_filter75,2,0.05,2.0,1836.7692307692307,91.33333333333333,91.33333333333333,24069.0,0.20548039165829357,1.8416957513328276,1.0235880714955605,0.6892454081886603,0.014221413975932283,0.027821246016780245,0.7886941221792149,0.02877575418947781,0.05537321599093549,0.8539532583480663,0.0914238154615592,0.16406154560432748,0.003999644222802628,
E_conf_filter75,2,0.1,2.0,1836.7692307692307,183.2051282051282,183.2051282051282,24069.0,0.22489450081669907,1.7450399086690425,0.9849672047428708,0.6654796729322836,0.02519206723635139,0.048427302624184876,0.7658566748832147,0.04460769804175017,0.08401214067533763,0.8407014475855871,0.12201915075728927,0.21169096065648182,0.007758434829910161,
E_conf_filter75,2,0.25,2.0,1836.7692307692307,458.79487179487177,458.79487179487177,24069.0,0.2561713423794774,1.5106065129512785,0.883388927665378,0.6540211283507151,0.06168542337226569,0.11212819111858555,0.7346330263655663,0.09490656422560123,0.16670799639639325,0.8209198710724854,0.19933428848648185,0.31737386278594787,0.019675064797293595,
E_conf_filter75,2,0.5,2.0,1836.7692307692307,918.1025641025641,918.1025641025641,24069.0,0.24324256701652885,1.1766086610963786,0.7099256140564538,0.6763787440529369,0.1219057331232247,0.20520400404555886,0.7503533117121365,0.18591120299427866,0.2941460502203484,0.836160810107663,0.33483773294479907,0.47125388989891703,0.040769547463036376,
E_conf_filter75,2,1.0,2.0,1836.7692307692307,1836.7692307692307,1836.7692307692307,24069.0,0.21211050694232866,0.8534177971899319,0.5327641520661303,0.683837400814961,0.22041128798514814,0.33046804489827175,0.7782799998636524,0.3163100732065632,0.44538638813328973,0.8703209230608149,0.5068069825508981,0.6353851675444844,0.07762714655309844,
E_conf_filter75,4,0.02,4.0,3168.5641025641025,62.87179487179487,62.87179487179487,34478.53846153846,0.28018005802964424,2.0076554076703372,1.1439177328499908,0.7021931407107953,0.009087410182262575,0.01793185662050671,0.7636952012722984,0.022504396654188095,0.043661419554182374,0.8020399150777429,0.08706453697376941,0.15613635014326896,0.0023360197112192015,
E_conf_filter75,4,0.05,4.0,3168.5641025641025,157.92307692307693,157.92307692307693,34478.53846153846,0.3064892749127381,1.9170670797262317,1.1117781773194848,0.6703168503010086,0.01893355472518947,0.03679062381127444,0.7309936555927827,0.037627744991962524,0.07139362824446145,0.7756841057136697,0.11506936556765075,0.19827569557931368,0.005444695105723455,
E_conf_filter75,4,0.1,4.0,3168.5641025641025,316.38461538461536,316.38461538461536,34478.53846153846,0.3114074110472699,1.8267734630099768,1.0690904370286234,0.6647424127074593,0.03350989163168208,0.06368544684899564,0.7245820355972149,0.05697778133120464,0.10521206429418474,0.7728348607916578,0.14614352902532113,0.24278761204725718,0.010715013140716764,
E_conf_filter75,4,0.25,4.0,3168.5641025641025,791.8205128205128,791.8205128205128,34478.53846153846,0.3098785881132488,1.578571290185291,0.94422493914927,0.6664776472900316,0.08008171060167954,0.14247721346757375,0.7229725809389421,0.11810213453077156,0.20168025755924854,0.7815544015031844,0.22762588757035324,0.34787002645456605,0.02717596301264335,
E_conf_filter75,4,0.5,4.0,3168.5641025641025,1584.051282051282,1584.051282051282,34478.53846153846,0.25420360070146847,1.207610092910127,0.7309068468057978,0.7127556167015193,0.16029433573201612,0.26037912975451655,0.7697291072729908,0.22704925539600615,0.34655915576074675,0.8309496262104923,0.3739284604535795,0.5076248569524862,0.05802006273750403,
E_conf_filter75,4,1.0,4.0,3168.5641025641025,3168.5641025641025,3168.5641025641025,34478.53846153846,0.22518101767685303,0.8482519598004834,0.5367164887386683,0.6734235731754584,0.26519543697934,0.3781838260137317,0.7746780721007349,0.36947642875277803,0.4966902941228671,0.8648365858946274,0.5626433489271511,0.6763687335299065,0.1002366057007083,
E_conf_filter75,8,0.02,8.0,4239.794871794872,84.3076923076923,84.3076923076923,44439.41025641026,0.340890946853822,2.2868572461603613,1.3138740965070916,0.6574990484008888,0.009399274581250526,0.01851943545053273,0.7141816481481958,0.022960610314030554,0.044302120139153446,0.7420560813329599,0.07613679913731401,0.13567022137702905,0.002400308817741754,
E_conf_filter75,8,0.05,8.0,4239.794871794872,211.46153846153845,211.46153846153845,44439.41025641026,0.3542933170568055,2.1699106715294714,1.2621019942931382,0.6496056123249156,0.01888304370178507,0.03664644324254729,0.6951439631041522,0.03664522548049756,0.06915842046695084,0.7308099345185219,0.1003165140577046,0.1722448833863589,0.005982633308572685,
E_conf_filter75,8,0.1,8.0,4239.794871794872,423.4871794871795,423.4871794871795,44439.41025641026,0.34836730009494343,2.051982632894694,1.200174966494819,0.6514008712582807,0.033965359913832045,0.0644302328693868,0.6976440246397864,0.055894435778829174,0.10277118765577661,0.7434791734516929,0.13067689343167044,0.21719852570220338,0.012008964477337883,
E_conf_filter75,8,0.25,8.0,4239.794871794872,1059.5384615384614,1059.5384615384614,44439.41025641026,0.2999138676072339,1.7645029950194022,1.0322084313133182,0.6786728712789468,0.08246608213699555,0.14632298443096564,0.7328045032497871,0.1151115265838592,0.1971155643948165,0.7918095876516974,0.2078748413168045,0.3238175986149281,0.03188922289992439,
E_conf_filter75,8,0.5,8.0,4239.794871794872,2119.641025641026,2119.641025641026,44439.41025641026,0.23684506201063735,1.3307450551212567,0.7837950585659471,0.7144203166338419,0.16188820593813463,0.26198120725021584,0.778722275294126,0.2165193744136745,0.3349843918893285,0.8472021544055236,0.35049589926524766,0.48832411436695394,0.06636037797625842,
E_conf_filter75,8,1.0,8.0,4239.794871794872,4239.794871794872,4239.794871794872,44439.41025641026,0.23322755889646984,0.977868744977263,0.6055481519368664,0.622985649924436,0.2499293472706804,0.3539208332047965,0.7498600372182757,0.3497350399172184,0.4727575311760805,0.8639930331430006,0.5224708091915087,0.6445140989373284,0.10269961367500109,
E_conf_filter75,16,0.02,15.692307692307692,5446.7692307692305,108.51282051282051,108.51282051282051,54121.41025641026,0.37358294151900867,2.606121307064331,1.48985212429167,0.6542273230833978,0.009384792068060656,0.018484291685424863,0.6992800770475268,0.019698550608066794,0.03803564690854666,0.7145057961083303,0.057597188616522084,0.10364562160946421,0.002821584770152468,
E_conf_filter75,16,0.05,15.692307692307692,5446.7692307692305,271.9230769230769,271.9230769230769,54121.41025641026,0.3572886924416854,2.3790907260687955,1.3681897092552404,0.666148615677427,0.019901540149595626,0.03858291169558243,0.7052149547215149,0.035169245530187944,0.06643198983942199,0.73203622501433,0.08739561274995385,0.15221606370599053,0.007195911097080139,
E_conf_filter75,16,0.1,15.692307692307692,5446.7692307692305,544.2564102564103,544.2564102564103,54121.41025641026,0.3421143774965961,2.224729767747185,1.2834220726218906,0.6658206178817521,0.03636995480612266,0.0688098818130798,0.7097114987905965,0.05576826966088941,0.1026770134600589,0.7514785276220882,0.11836443459407835,0.200774287514108,0.014656953536711089,
E_conf_filter75,16,0.25,15.692307692307692,5446.7692307692305,1361.3589743589744,1361.3589743589744,54121.41025641026,0.273602707476884,1.8828431645570431,1.0782229360169637,0.698811921859876,0.08701772708527851,0.15398843400828172,0.7562751792658549,0.11434961568059632,0.1972421780122346,0.8144830791156736,0.19842479927975396,0.31516402279598016,0.03923987383369204,
E_conf_filter75,16,0.5,15.692307692307692,5446.7692307692305,2723.2051282051284,2723.2051282051284,54121.41025641026,0.22537641728561503,1.4143649777475364,0.8198706975165758,0.7026782147796501,0.16321407807011193,0.26311401882167823,0.7831730425518209,0.2142518911944468,0.33327713844156076,0.8610608604559715,0.3430446194705353,0.48400922809852814,0.07560568595910581,
E_conf_filter75,16,1.0,15.692307692307692,5446.7692307692305,5446.7692307692305,5446.7692307692305,54121.41025641026,0.24433577576275228,1.0956855061834436,0.6700106409730979,0.5748144996577607,0.23643242303030165,0.33236847373922573,0.7247233269308622,0.32812813680913755,0.44704603659127967,0.8595670835234134,0.4795961934442101,0.6091250356134921,0.10456313687098831,
oracle,-1,0.02,23.666666666666668,82324.17948717948,1645.974358974359,1645.974358974359,59403.743589743586,0.020106985995733836,0.4335172916291778,0.22681213881245582,1.0,0.2616084020563255,0.413352273539651,1.0,0.49969284519938595,0.6643442368062336,1.0,0.7702868377425616,0.8672375942881516,0.08425532745074193,
oracle,-1,0.05,23.666666666666668,82324.17948717948,4115.692307692308,4115.692307692308,59403.743589743586,0.028476165737488675,0.36202676177037996,0.19525146375393435,1.0,0.45217457071558853,0.6207990680793051,1.0,0.6403987370077132,0.7781069529575217,1.0,0.8158121325489961,0.8953154113594086,0.20062306889146647,
oracle,-1,0.1,23.666666666666668,82324.17948717948,8231.923076923076,8231.923076923076,59403.743589743586,0.040218163662939045,0.31627555396802637,0.17824685881548272,0.9873445092293989,0.5846952508823628,0.7315603780162928,1.0,0.7161986504604548,0.8311997347323123,1.0,0.8395561529142292,0.9094253750542726,0.32705773161195256,
oracle,-1,0.25,23.666666666666668,82324.17948717948,20580.666666666668,20580.666666666668,59403.743589743586,0.08639592078223492,0.27578332377299336,0.18108962227761416,0.6705075554972542,0.6249520634234066,0.6426481361035496,0.9567542204685133,0.7668890223509702,0.8500419373740843,1.0,0.8668088157524281,0.9253866487967861,0.2547888440321132,
oracle,-1,0.5,23.666666666666668,82324.17948717948,41161.89743589744,41161.89743589744,59403.743589743586,0.1821034996755097,0.2553405582744758,0.21872202897499277,0.33524786937889073,0.6249520634234066,0.4337957711006855,0.634725450768195,0.775513110898952,0.6936438813969656,0.9680818605471821,0.8822561874880527,0.9219696544418509,0.15431381993094315,
oracle,-1,1.0,23.666666666666668,82324.17948717948,82324.17948717948,82324.17948717948,59403.743589743586,0.5899033201405,0.2485491981223811,0.41922625913144057,0.16762311244244923,0.6249520634234066,0.26319450534976746,0.31736116482663407,0.775513110898952,0.44803328036512713,0.6182861131631459,0.8853472853765231,0.7251706909925408,0.08638197302373662,
oracle,1,0.02,1.0,9059.564102564103,180.76923076923077,180.76923076923077,14955.076923076924,0.015695492643035797,0.7220177577155079,0.36885662517927187,1.0,0.07533383603283744,0.13986111615766492,1.0,0.1882377548968219,0.3161686506522906,1.0,0.4895636535664221,0.6548222873062833,0.020803516774774516,
oracle,1,0.05,1.0,9059.564102564103,452.53846153846155,452.53846153846155,14955.076923076924,0.023949190993287926,0.609380840075402,0.31666501553434506,1.0,0.1623436362400909,0.27904825286991336,1.0,0.3066956116056581,0.468187839195308,1.0,0.6021351794798387,0.7487862118383941,0.05076065148537191,
oracle,1,0.1,1.0,9059.564102564103,905.5384615384615,905.5384615384615,14955.076923076924,0.03187270674911646,0.5284638502919226,0.28016827852051956,1.0,0.2665144767707816,0.42010581526342944,1.0,0.4147714045817049,0.5847241006540421,1.0,0.6778045050619387,0.8057062597023937,0.09747778667854669,
oracle,1,0.25,1.0,9059.564102564103,2264.5897435897436,2264.5897435897436,14955.076923076924,0.054232031984772236,0.4293658398713674,0.24179893592806978,0.9309740972702029,0.39267002038946425,0.5510365544698104,0.9969041020647642,0.5442152741063794,0.7020173794498051,1.0,0.7589464137394117,0.8609336022533203,0.1566472245094063,
oracle,1,0.5,1.0,9059.564102564103,4529.51282051282,4529.51282051282,14955.076923076924,0.11925104903530388,0.36842954932744026,0.24384029918137204,0.5122997967187245,0.3989558585319212,0.44605276513649555,0.8274329490441824,0.600354105224579,0.6931388408975716,0.9991719305253872,0.8123848969819779,0.8940970944195777,0.12647828732127128,
oracle,1,1.0,1.0,9059.564102564103,9059.564102564103,9059.564102564103,14955.076923076924,0.4383463846171658,0.3427182937700612,0.39053233919361346,0.2561342126642555,0.3989558585319212,0.3102850231225889,0.42694031150500067,0.6028211893676099,0.49757132875354604,0.7099959587051679,0.8287985113367196,0.7626557734692005,0.08945991046988498,
oracle,2,0.02,2.0,16179.641025641025,323.15384615384613,323.15384615384613,24069.0,0.015939800359625285,0.5650266525281586,0.29048322644389196,1.0,0.10030490641254973,0.18209219641289773,1.0,0.2532483063084263,0.403326574195989,1.0,0.6082011250591366,0.7544085786076767,0.027178166741221237,
oracle,2,0.05,2.0,16179.641025641025,808.5641025641025,808.5641025641025,24069.0,0.023693633587829003,0.4561938872574841,0.23994376042265658,1.0,0.20671820727457202,0.34203832391084127,1.0,0.39747302519100847,0.5672628773278514,1.0,0.7195780078255886,0.8354598566052652,0.0658400660049343,
oracle,2,0.1,2.0,16179.641025641025,1617.5641025641025,1617.5641025641025,24069.0,0.031037151181589097,0.3945596522584511,0.2127984017200201,1.0,0.32662309134959977,0.49128735490342096,1.0,0.5087662965118545,0.6728460369147858,1.0,0.7727198117606136,0.8705073967596487,0.12851707380155838,
oracle,2,0.25,2.0,16179.641025641025,4044.5897435897436,4044.5897435897436,24069.0,0.05400304644966507,0.3136257579505031,0.1838144022000841,0.9157246355394448,0.462912982126052,0.612877348312202,1.0,0.6437941901787279,0.7816085925065713,1.0,0.8367203875702097,0.9101333138283482,0.19796138729365856,
oracle,2,0.5,2.0,16179.641025641025,8089.589743589743,8089.589743589743,24069.0,0.11869346830596321,0.2680951428378183,0.19339430557189077,0.5266432763873653,0.4741397151087257,0.49537769323646724,0.8480427044588615,0.6992637269863566,0.7623531906002733,0.9941783308466089,0.8784970614704923,0.9319816279335246,0.154531558006135,
oracle,2,1.0,2.0,16179.641025641025,16179.641025641025,16179.641025641025,24069.0,0.47297443023911384,0.2516072577192755,0.36229084397919464,0.26331288976684575,0.4741397151087257,0.3363651134351868,0.43600255013939915,0.7010370611192469,0.534476759699302,0.712210481262735,0.8911031933410106,0.7879116355006673,0.10375851669579451,
oracle,4,0.02,4.0,28282.20512820513,565.1025641025641,565.1025641025641,34478.53846153846,0.01724372556691788,0.4839034110608347,0.2505735683138763,1.0,0.14508634291024733,0.2531418085752627,1.0,0.34541176936241164,0.5126072812463797,1.0,0.7049833637696771,0.8252938456438209,0.038940223203603956,
oracle,4,0.05,4.0,28282.20512820513,1413.6666666666667,1413.6666666666667,34478.53846153846,0.024908228761248808,0.3926358022464376,0.20877201550384322,1.0,0.2831132831288704,0.4406829730755227,1.0,0.5066021467532789,0.6711286332602153,1.0,0.791186596581642,0.8821398169342265,0.09277993691453564,
oracle,4,0.1,4.0,28282.20512820513,2827.7179487179487,2827.7179487179487,34478.53846153846,0.03264657606674304,0.33863258258469686,0.18563957932571995,1.0,0.4178712572252435,0.5886165782399043,1.0,0.6126905258418348,0.7586778058005759,1.0,0.8256020202922505,0.9034635219709651,0.17386376402913464,
oracle,4,0.25,4.0,28282.20512820513,7070.076923076923,7070.076923076923,34478.53846153846,0.06086859218856718,0.27337187422290016,0.16712023320573366,0.8790949185897725,0.5431094371132319,0.669225042598303,1.0,0.7260046083201717,0.839930246656225,1.0,0.8661134619173138,0.9272861337928231,0.22924748835846778,
oracle,4,0.5,4.0,28282.20512820513,14140.794871794871,14140.794871794871,34478.53846153846,0.13359582611586324,0.24032649331427075,0.186961159715067,0.46395901266527173,0.5458673473553569,0.499147052379494,0.7908346539315091,0.7581706330558344,0.7702409382770554,0.9928127883960942,0.8935772096074893,0.93983494951724,0.16346859819753307,
oracle,4,1.0,4.0,28282.20512820513,28282.20512820513,28282.20512820513,34478.53846153846,0.5005144972401349,0.22848486099165052,0.3644996791158927,0.23197396815092228,0.5458673473553569,0.3242697591809826,0.39808409464850786,0.7584961325330268,0.5196033618530899,0.6845413831723649,0.9010356503958272,0.7748672896737843,0.10292685083690663,
oracle,8,0.02,8.0,44403.4358974359,887.5641025641025,887.5641025641025,44439.41025641026,0.018446731367539153,0.45065001085730433,0.23454837111242177,1.0,0.1895130212784968,0.3182337852472358,1.0,0.42148361074702023,0.5919847798437105,1.0,0.7469972766425885,0.85338245110295,0.0534872190584826,
oracle,8,0.05,8.0,44403.4358974359,2219.74358974359,2219.74358974359,44439.41025641026,0.0262924521488927,0.3695266503830677,0.19790955126598023,1.0,0.3514288747577148,0.5192903023991302,1.0,0.5810122196587185,0.7336457725136645,1.0,0.8107493361797449,0.8938370486856158,0.1276722241718597,
oracle,8,0.1,8.0,44403.4358974359,4439.948717948718,4439.948717948718,44439.41025641026,0.035278166083061134,0.3225746043703867,0.17892638522672394,1.0,0.4925075924327639,0.6589592810343325,1.0,0.6743187860555525,0.8040907795205268,1.0,0.8369710152259691,0.909600397044226,0.22975922725756037,
oracle,8,0.25,8.0,44403.4358974359,11100.48717948718,11100.48717948718,44439.41025641026,0.07105600179160787,0.26785175896170144,0.16945388037665465,0.793861847270456,0.579699618830204,0.6673810314212035,0.9863005363804521,0.7538249586012955,0.8532330138442432,1.0,0.871269703407973,0.9295803945110445,0.2432044220534118,
oracle,8,0.5,8.0,44403.4358974359,22201.48717948718,22201.48717948718,44439.41025641026,0.15364477664595283,0.2451190002400169,0.19938188844298488,0.4030686164489708,0.5802200918126438,0.4734582746192522,0.7222534331960618,0.7716485977865261,0.7417564764862837,0.9831875664120608,0.8924493000510214,0.9346601360987893,0.16142477760414184,
oracle,8,1.0,8.0,44403.4358974359,44403.4358974359,44403.4358974359,44439.41025641026,0.5330888380628299,0.2375561075120038,0.3853224727874168,0.20153197108813467,0.5802200918126438,0.2980592655817454,0.36192531183516846,0.7717075817428899,0.4901903356576294,0.658989153672043,0.8973104130048168,0.7566927235922822,0.09637274677401123,
oracle,16,0.02,15.692307692307692,66407.23076923077,1327.6153846153845,1327.6153846153845,54121.41025641026,0.019593589778327397,0.43142204923107014,0.22550781950469875,1.0,0.23728094495765353,0.38319926522987496,1.0,0.4801084242712045,0.64764135136102,1.0,0.7702962429768373,0.8679017254274266,0.07286665941873174,
oracle,16,0.05,15.692307692307692,66407.23076923077,3319.923076923077,3319.923076923077,54121.41025641026,0.027772968383578095,0.3551619516195445,0.1914674600015613,1.0,0.42086865916896715,0.5917168744205122,1.0,0.6302458681396067,0.7714805894694063,1.0,0.8203335861876067,0.8988277506422466,0.17352346891529327,
oracle,16,0.1,15.692307692307692,66407.23076923077,6640.282051282052,6640.282051282052,54121.41025641026,0.03837618662154879,0.3107053788962999,0.17454078275892437,0.9980504231467944,0.5600237357408492,0.7157529110770349,1.0,0.7116616738660563,0.8291881927278911,1.0,0.8440691962933056,0.9129105829133093,0.29384246419981797,
oracle,16,0.25,15.692307692307692,66407.23076923077,16601.48717948718,16601.48717948718,54121.41025641026,0.08135440245017948,0.26620480052877116,0.17377960148947533,0.7050082391074531,0.6125185164008198,0.6526884598823165,0.9659401100862569,0.7700804955971108,0.8558321669090156,1.0,0.8731515246251235,0.9299043621699679,0.25061856213860967,
oracle,16,0.5,15.692307692307692,66407.23076923077,33203.41025641026,33203.41025641026,54121.41025641026,0.17251275083349338,0.24527862348642004,0.2088956871599567,0.35266747812909055,0.6125211732266036,0.44581582069934794,0.6599475788417474,0.7805962414358978,0.7112550355404749,0.9743763881657836,0.890403133908552,0.9294538925555731,0.15600729248160577,
oracle,16,1.0,15.692307692307692,66407.23076923077,66407.23076923077,66407.23076923077,54121.41025641026,0.5705300677828367,0.23822130207245615,0.4043756849276464,0.1763323718401438,0.6125211732266036,0.273013683062474,0.3299712789493873,0.7805962414358978,0.4617180745053642,0.6308435300982111,0.8937721870507952,0.7368157873749749,0.08892081981684392,
