scene,seq,n_steps,order,k,view,n_pts,overlap_frac,prec_pts_all,prec_overlap_pts,prec_new_pts,dist_nearest_m,angle_nearest_deg,n_new_vox,prec_new_vox,wrong_near,wrong_disp,wrong_hall
apartment_2,seq_0011,15,spread,1,0,32768,0.0,0.68951416015625,,0.68951416015625,,,12097,0.4375464991320162,2274,1315,3215
apartment_2,seq_0011,15,spread,2,14,32768,0.1593017578125,0.7664794921875,0.8388888888888889,0.7527588209670394,2.1,57.96161742913497,6793,0.3971735610186957,1364,1290,1441
apartment_2,seq_0011,15,spread,3,7,32768,0.7178955078125,0.74530029296875,0.8711103553817378,0.42514063176114236,1.05,31.172264797166374,6188,0.37944408532643825,1345,833,1662
apartment_2,seq_0011,15,spread,4,4,32768,0.770751953125,0.74835205078125,0.8735350015837821,0.3274760383386581,0.4500000000000001,13.4906724205673,5327,0.3027970715224329,1434,553,1727
apartment_2,seq_0011,15,spread,5,11,32768,0.686981201171875,0.742218017578125,0.9084891830660566,0.37730330505995907,0.4500000000000001,14.693639710932567,5830,0.2703259005145798,1843,1207,1204
apartment_2,seq_0011,15,spread,6,2,32768,0.84429931640625,0.716888427734375,0.8028988650328923,0.25049000392003135,0.29999999999999993,8.86743199388021,4249,0.25394210402447637,935,597,1638
apartment_2,seq_0011,15,spread,7,9,32768,0.89178466796875,0.770843505859375,0.8255766203545274,0.3197969543147208,0.29999999999999993,9.947553801190786,2814,0.263681592039801,643,397,1032
apartment_2,seq_0011,15,spread,8,5,32768,0.89447021484375,0.7332763671875,0.7986352780620949,0.1792943898207056,0.1500000000000002,4.603018430214574,3018,0.16699801192842942,542,591,1381
apartment_2,seq_0011,15,spread,9,13,32768,0.811920166015625,0.749481201171875,0.8679947378312347,0.23787116663962357,0.1500000000000002,5.09155118459905,4008,0.21007984031936128,1316,783,1067
apartment_2,seq_0011,15,spread,10,1,32768,0.912353515625,0.706787109375,0.7555191329943806,0.19951253481894152,0.14999999999999997,4.514268919946601,2555,0.17221135029354206,415,229,1471
apartment_2,seq_0011,15,spread,11,3,32768,0.94085693359375,0.7398681640625,0.7749918910152449,0.18111455108359134,0.14999999999999997,4.462894941233359,1733,0.1673398730525101,392,154,897
apartment_2,seq_0011,15,spread,12,8,32768,0.905242919921875,0.780242919921875,0.8222701682230388,0.37874396135265703,0.14999999999999997,5.016464718252517,2293,0.2642825992150022,503,274,910
apartment_2,seq_0011,15,spread,13,10,32768,0.908477783203125,0.7337646484375,0.7929725553428063,0.1460486828942981,0.14999999999999997,5.039503123906842,2179,0.1372189077558513,564,434,882
apartment_2,seq_0011,15,spread,14,6,32768,0.8935546875,0.722198486328125,0.7893784153005464,0.15825688073394495,0.14999999999999974,4.498293641650856,2376,0.17297979797979798,609,506,850
apartment_2,seq_0011,15,spread,15,12,32768,0.914886474609375,0.774993896484375,0.8190399946629308,0.30154177124417353,0.14999999999999974,5.156506685422808,1856,0.1896551724137931,581,344,579
apartment_2,seq_0011,15,random,1,2,32768,0.0,0.716888427734375,,0.716888427734375,,,12152,0.4663429888084266,2310,1366,2809
apartment_2,seq_0011,15,random,2,11,32768,0.47576904296875,0.742218017578125,0.9401539448364337,0.562580044242636,1.3499999999999999,38.19139810771467,7698,0.35398804884385554,2113,1426,1434
apartment_2,seq_0011,15,random,3,3,32768,0.77777099609375,0.7398681640625,0.8586675037275366,0.3240867893435869,0.14999999999999997,4.462894941233359,5343,0.2923451244619128,1569,506,1706
apartment_2,seq_0011,15,random,4,10,32768,0.744659423828125,0.7337646484375,0.8707020204089996,0.3344089876897335,0.14999999999999997,5.039503123906842,4984,0.2949438202247191,1323,957,1234
apartment_2,seq_0011,15,random,5,0,32768,0.826568603515625,0.68951416015625,0.7749307734908621,0.2824212563786732,0.29999999999999993,8.941807682288733,4889,0.28615258744119454,1033,435,2022
apartment_2,seq_0011,15,random,6,4,32768,0.871063232421875,0.74835205078125,0.8122481869460113,0.3166863905325444,0.14999999999999997,4.572148516930501,3373,0.28698487992884675,803,344,1258
apartment_2,seq_0011,15,random,7,7,32768,0.869720458984375,0.74530029296875,0.8171865679497526,0.2654017334270321,0.4499999999999999,14.534957417820026,3451,0.22891915386844394,571,597,1493
apartment_2,seq_0011,15,random,8,5,32768,0.89361572265625,0.7332763671875,0.8026774127450311,0.15031554790590934,0.1500000000000002,4.603018430214574,3015,0.13996683250414593,501,594,1498
apartment_2,seq_0011,15,random,9,14,32768,0.68536376953125,0.7664794921875,0.8754564075162525,0.5290979631425801,0.4500000000000001,18.902136260781457,4357,0.322010557723204,1004,988,962
apartment_2,seq_0011,15,random,10,12,32768,0.8814697265625,0.774993896484375,0.8387342473341642,0.3009783728115345,0.14999999999999974,5.156506685422808,2500,0.224,737,464,739
apartment_2,seq_0011,15,random,11,6,32768,0.879119873046875,0.722198486328125,0.7947373902176554,0.19464781620802826,0.14999999999999974,4.498293641650856,2794,0.20078740157480315,788,522,923
apartment_2,seq_0011,15,random,12,9,32768,0.944091796875,0.770843505859375,0.8040147401086113,0.21069868995633187,0.14999999999999997,5.01154212618705,1698,0.18374558303886926,313,291,782
apartment_2,seq_0011,15,random,13,13,32768,0.838104248046875,0.749481201171875,0.8541674252630812,0.20754005655042412,0.1500000000000002,5.09155118459905,3489,0.17196904557179707,1144,710,1035
apartment_2,seq_0011,15,random,14,8,32768,0.92889404296875,0.780242919921875,0.8119455943228858,0.3660944206008584,0.14999999999999997,5.016464718252517,1748,0.2311212814645309,319,194,831
apartment_2,seq_0011,15,random,15,1,32768,0.938995361328125,0.706787109375,0.7406155546166596,0.18609304652326164,0.14999999999999997,4.514268919946601,1825,0.14246575342465753,196,147,1222
apartment_2,seq_0011,15,sequential,1,0,32768,0.0,0.68951416015625,,0.68951416015625,,,12097,0.4375464991320162,2274,1315,3215
apartment_2,seq_0011,15,sequential,2,1,32768,0.762481689453125,0.706787109375,0.8137282369421653,0.36348451753822436,0.14999999999999997,4.514268919946601,6353,0.3478671493782465,1339,667,2137
apartment_2,seq_0011,15,sequential,3,2,32768,0.807891845703125,0.716888427734375,0.8112038680920183,0.32025416997617157,0.14999999999999997,4.46042530045324,5057,0.2932568716630413,951,677,1946
apartment_2,seq_0011,15,sequential,4,3,32768,0.832855224609375,0.7398681640625,0.8136381957421861,0.3722840971334672,0.14999999999999997,4.462894941233359,3817,0.31726486769714435,1118,274,1214
apartment_2,seq_0011,15,sequential,5,4,32768,0.85150146484375,0.74835205078125,0.8219482474374596,0.3263460748047678,0.14999999999999997,4.572148516930501,3714,0.28998384491114704,912,443,1282
apartment_2,seq_0011,15,sequential,6,5,32768,0.87908935546875,0.7332763671875,0.809761855169062,0.17718324078748107,0.1500000000000002,4.603018430214574,3387,0.16031886625332153,524,725,1595
apartment_2,seq_0011,15,sequential,7,6,32768,0.822998046875,0.722198486328125,0.8345075645209137,0.2,0.14999999999999974,4.498293641650856,3890,0.19768637532133676,989,876,1256
apartment_2,seq_0011,15,sequential,8,7,32768,0.861175537109375,0.74530029296875,0.805131294517878,0.37414816443174326,0.1500000000000002,4.9393929184594425,3201,0.30896594814120587,596,442,1174
apartment_2,seq_0011,15,sequential,9,8,32768,0.862548828125,0.780242919921875,0.8302080384941976,0.466696269982238,0.14999999999999997,5.016464718252517,2971,0.3402894648266577,609,333,1018
apartment_2,seq_0011,15,sequential,10,9,32768,0.91815185546875,0.770843505859375,0.8086153027986439,0.3471290082028337,0.14999999999999997,5.01154212618705,2249,0.2681191640729213,455,357,834
apartment_2,seq_0011,15,sequential,11,10,32768,0.882965087890625,0.7337646484375,0.7976359174644869,0.25189048239895695,0.14999999999999997,5.039503123906842,2722,0.21491550330639236,662,464,1011
apartment_2,seq_0011,15,sequential,12,11,32768,0.764251708984375,0.742218017578125,0.8655113205286906,0.3425242718446602,0.14999999999999997,4.995459722789284,4337,0.23656905695181002,1521,977,813
apartment_2,seq_0011,15,sequential,13,12,32768,0.808502197265625,0.774993896484375,0.8081002528969916,0.6352191235059761,0.14999999999999974,5.156506685422808,2421,0.30359355638166047,673,378,635
apartment_2,seq_0011,15,sequential,14,13,32768,0.813995361328125,0.749481201171875,0.8599332658493608,0.26611977030352746,0.1500000000000002,5.09155118459905,3693,0.1957757920389927,1199,741,1030
apartment_2,seq_0011,15,sequential,15,14,32768,0.8258056640625,0.7664794921875,0.8672579453067258,0.2887175893482831,0.1500000000000002,6.511526160783845,3407,0.2568241855004403,891,867,774
apartment_2,seq_0005,18,spread,1,0,32768,0.0,0.7445068359375,,0.7445068359375,,,8028,0.510587942202292,1675,1495,759
apartment_2,seq_0005,18,spread,2,17,32768,0.19927978515625,0.71539306640625,0.9327718223583461,0.6612927814620017,2.55,56.515330617289315,6185,0.5573160873080032,2177,560,1
apartment_2,seq_0005,18,spread,3,8,32768,0.51019287109375,0.84173583984375,0.9319894724249312,0.7477258566978193,1.2,39.839695729774576,4664,0.7272727272727273,1215,57,0
apartment_2,seq_0005,18,spread,4,12,32768,0.69580078125,0.799713134765625,0.9171491228070175,0.531099518459069,0.6000000000000001,20.009922492399745,3479,0.4673756826674332,1323,522,8
apartment_2,seq_0005,18,spread,5,4,32768,0.61126708984375,0.646026611328125,0.8614078881677484,0.3073480923221856,0.6,23.67295121840923,3865,0.23699870633893919,1438,1262,249
apartment_2,seq_0005,18,spread,6,14,32768,0.81280517578125,0.798126220703125,0.8516182323346099,0.5658624062601891,0.30000000000000016,10.261637283120725,2316,0.5272020725388601,906,189,0
apartment_2,seq_0005,18,spread,7,2,32768,0.690338134765625,0.78070068359375,0.9186596525352548,0.47314477185374987,0.3,11.589751798436632,4171,0.31551186765763606,1362,1205,288
apartment_2,seq_0005,18,spread,8,6,32768,0.7044677734375,0.72637939453125,0.8896205163749783,0.3372573316811235,0.3,12.249783820478784,3250,0.3172307692307692,1445,560,214
apartment_2,seq_0005,18,spread,9,10,32768,0.89862060546875,0.822540283203125,0.8515248251035794,0.5656231186032511,0.3,11.251976355486809,1607,0.5059116365899191,655,139,0
apartment_2,seq_0005,18,spread,10,1,32768,0.851776123046875,0.73370361328125,0.8164164666260614,0.25838995264566605,0.15,5.335867242480512,2782,0.1811646297627606,663,1003,612
apartment_2,seq_0005,18,spread,11,3,32768,0.8455810546875,0.68817138671875,0.7864154756748953,0.15019762845849802,0.15,6.240377164298716,1893,0.1347068145800317,741,705,192
apartment_2,seq_0005,18,spread,12,7,32768,0.8179931640625,0.805572509765625,0.8559543351738547,0.5791415157612341,0.1499999999999999,5.9773926103599475,2281,0.46733888645330995,811,404,0
apartment_2,seq_0005,18,spread,13,5,32768,0.813568115234375,0.689971923828125,0.8115833302074347,0.15927320347028973,0.14999999999999983,6.377892590075587,2144,0.2196828358208955,845,442,386
apartment_2,seq_0005,18,spread,14,9,32768,0.95098876953125,0.806854248046875,0.8288941659713754,0.3792029887920299,0.1499999999999997,5.756183385566173,1075,0.3358139534883721,541,173,0
apartment_2,seq_0005,18,spread,15,11,32768,0.9600830078125,0.831756591796875,0.8486331849968214,0.4258409785932722,0.1499999999999997,5.287788268803134,793,0.3745271122320303,412,84,0
apartment_2,seq_0005,18,spread,16,13,32768,0.95977783203125,0.824920654296875,0.8428934817170112,0.3960546282245827,0.1499999999999997,5.184457444385549,745,0.436241610738255,360,60,0
apartment_2,seq_0005,18,spread,17,16,32768,0.93206787109375,0.757110595703125,0.7955274703686727,0.23000898472596587,0.1499999999999997,5.081623462149596,1011,0.26805143422354105,516,224,0
apartment_2,seq_0005,18,spread,18,15,32768,0.921234130859375,0.744171142578125,0.7826879120151058,0.29368461836497484,0.14999999999999952,5.1547406000374405,1338,0.37070254110612855,619,223,0
apartment_2,seq_0005,18,random,1,2,32768,0.0,0.78070068359375,,0.78070068359375,,,7491,0.5080763582966226,1903,1473,309
apartment_2,seq_0005,18,random,2,10,32768,0.285797119140625,0.822540283203125,0.9822744260544581,0.7586206896551724,1.2000000000000002,38.51252536051554,5876,0.7004765146358066,1543,217,0
apartment_2,seq_0005,18,random,3,3,32768,0.642181396484375,0.68817138671875,0.891983082260134,0.32238805970149254,0.15,6.240377164298716,3906,0.29902713773681516,1622,923,193
apartment_2,seq_0005,18,random,4,12,32768,0.7626953125,0.799713134765625,0.870758642765685,0.5713734567901234,0.3,10.319543437295247,3078,0.48830409356725146,1179,388,8
apartment_2,seq_0005,18,random,5,0,32768,0.552001953125,0.7445068359375,0.902421494913755,0.5499318801089919,0.3,10.29178270811664,5564,0.3898274622573688,1325,1328,742
apartment_2,seq_0005,18,random,6,4,32768,0.7322998046875,0.646026611328125,0.805759293215536,0.20907432740538076,0.15,6.254743311283919,3082,0.2063595068137573,1139,1060,247
apartment_2,seq_0005,18,random,7,7,32768,0.650054931640625,0.805572509765625,0.9103797943758509,0.6108834045521933,0.45,17.438336072176952,3644,0.5285400658616904,1277,441,0
apartment_2,seq_0005,18,random,8,5,32768,0.72821044921875,0.689971923828125,0.8703377755427039,0.20671457444419492,0.15000000000000016,6.377892590075601,3231,0.2828845558650573,1361,563,393
apartment_2,seq_0005,18,random,9,16,32768,0.772705078125,0.757110595703125,0.853001579778831,0.43112244897959184,0.6,19.580339636004798,2776,0.42867435158501443,1181,405,0
apartment_2,seq_0005,18,random,10,13,32768,0.885009765625,0.824920654296875,0.8681724137931035,0.49203821656050956,0.1499999999999997,5.184457444385549,1717,0.47990681421083287,751,142,0
apartment_2,seq_0005,18,random,11,14,32768,0.92498779296875,0.798126220703125,0.8310788518640713,0.3917819365337673,0.15000000000000047,5.172295308847575,1203,0.42975893599334997,510,176,0
apartment_2,seq_0005,18,random,12,11,32768,0.93603515625,0.831756591796875,0.8565792905581638,0.4685114503816794,0.1499999999999997,5.287788268803134,974,0.419917864476386,478,87,0
apartment_2,seq_0005,18,random,13,6,32768,0.80511474609375,0.72637939453125,0.8281024941247821,0.3061384278108362,0.14999999999999983,6.195690723957716,1952,0.2520491803278688,842,411,207
apartment_2,seq_0005,18,random,14,9,32768,0.941741943359375,0.806854248046875,0.8367089017790595,0.3242535358826611,0.15000000000000038,5.756183385566199,1102,0.3203266787658802,557,192,0
apartment_2,seq_0005,18,random,15,17,32768,0.944366455078125,0.71539306640625,0.7345290030699628,0.39056500274273176,0.1499999999999997,5.081623462149596,934,0.3693790149892934,350,238,1
apartment_2,seq_0005,18,random,16,8,32768,0.95208740234375,0.84173583984375,0.8502788640297455,0.6719745222929936,0.1499999999999997,5.954016715449805,1103,0.6019945602901179,409,30,0
apartment_2,seq_0005,18,random,17,1,32768,0.8668212890625,0.73370361328125,0.8182650330939304,0.18331805682859761,0.15,5.335867242480512,2656,0.14759036144578314,649,1003,612
apartment_2,seq_0005,18,random,18,15,32768,0.921234130859375,0.744171142578125,0.7826879120151058,0.29368461836497484,0.14999999999999952,5.1547406000374405,1338,0.37070254110612855,619,223,0
apartment_2,seq_0005,18,sequential,1,0,32768,0.0,0.7445068359375,,0.7445068359375,,,8028,0.510587942202292,1675,1495,759
apartment_2,seq_0005,18,sequential,2,1,32768,0.744415283203125,0.73370361328125,0.8244168408969786,0.4694925373134328,0.15,5.335867242480512,4064,0.34768700787401574,918,1115,618
apartment_2,seq_0005,18,sequential,3,2,32768,0.500518798828125,0.78070068359375,0.9531735869764039,0.6078694934930042,0.15,5.85476394325181,5282,0.394168875425975,1653,1262,285
apartment_2,seq_0005,18,sequential,4,3,32768,0.653350830078125,0.68817138671875,0.9136811621280769,0.26313936085923056,0.15,6.240377164298716,3842,0.2766788131181676,1663,923,193
apartment_2,seq_0005,18,sequential,5,4,32768,0.713104248046875,0.646026611328125,0.8052381563743741,0.25029252207212,0.15,6.254743311283919,3373,0.2564482656388971,1223,1039,246
apartment_2,seq_0005,18,sequential,6,5,32768,0.66461181640625,0.689971923828125,0.888465423822206,0.2966333030027298,0.15000000000000016,6.377892590075601,4091,0.36152529943779027,1577,641,394
apartment_2,seq_0005,18,sequential,7,6,32768,0.730926513671875,0.72637939453125,0.8394639054736754,0.41919020074855395,0.14999999999999983,6.195690723957716,3204,0.41729088639201,1180,476,211
apartment_2,seq_0005,18,sequential,8,7,32768,0.6407470703125,0.805572509765625,0.9046485044770433,0.6288651036357459,0.15000000000000016,5.977392610359957,3649,0.5198684571115374,1287,465,0
apartment_2,seq_0005,18,sequential,9,8,32768,0.732147216796875,0.84173583984375,0.8792463840606894,0.7392047396604763,0.1499999999999999,5.954016715449814,3128,0.6745524296675192,949,69,0
apartment_2,seq_0005,18,sequential,10,9,32768,0.761260986328125,0.806854248046875,0.8152736019242333,0.780007669691934,0.1499999999999997,5.756183385566173,2143,0.46756882874475036,896,245,0
apartment_2,seq_0005,18,sequential,11,10,32768,0.818145751953125,0.822540283203125,0.8919765750307732,0.5101527101862728,0.15000000000000038,5.680758818226077,2120,0.5268867924528302,838,165,0
apartment_2,seq_0005,18,sequential,12,11,32768,0.921234130859375,0.831756591796875,0.8570576738331069,0.5358388221619528,0.1499999999999997,5.287788268803134,1343,0.4810126582278481,601,96,0
apartment_2,seq_0005,18,sequential,13,12,32768,0.924957275390625,0.799713134765625,0.8325909795770233,0.3944692964619764,0.1500000000000003,5.201958353765445,1226,0.3564437194127243,559,226,4
apartment_2,seq_0005,18,sequential,14,13,32768,0.919464111328125,0.824920654296875,0.8587739387301271,0.43842364532019706,0.1499999999999997,5.184457444385549,1261,0.4599524187153053,571,110,0
apartment_2,seq_0005,18,sequential,15,14,32768,0.9295654296875,0.798126220703125,0.8318778726198293,0.35268630849220106,0.15000000000000047,5.172295308847575,1173,0.4032395566922421,490,210,0
apartment_2,seq_0005,18,sequential,16,15,32768,0.898040771484375,0.744171142578125,0.7921636592245217,0.3214606405267884,0.14999999999999952,5.1547406000374405,1528,0.3841623036649215,714,227,0
apartment_2,seq_0005,18,sequential,17,16,32768,0.8983154296875,0.757110595703125,0.8116252208180459,0.2755102040816326,0.1500000000000003,5.081623462149617,1359,0.318616629874908,631,295,0
apartment_2,seq_0005,18,sequential,18,17,32768,0.953826904296875,0.71539306640625,0.731786914093745,0.3767349636483807,0.1499999999999997,5.081623462149596,813,0.35424354243542433,296,228,1
apartment_2,seq_0006,18,spread,1,0,32768,0.0,0.803558349609375,,0.803558349609375,,,8670,0.6094579008073818,1532,757,1097
apartment_2,seq_0006,18,spread,2,17,32768,0.20819091796875,0.482269287109375,0.6432131339783055,0.4399522084328991,2.5499999999999994,51.56518061994365,11944,0.3405056932350971,2456,1437,3984
apartment_2,seq_0006,18,spread,3,8,32768,0.639190673828125,0.771514892578125,0.9350680353306279,0.48177281569821534,1.2,31.89214064698959,7158,0.3653255099189718,1626,1013,1904
apartment_2,seq_0006,18,spread,4,4,32768,0.700897216796875,0.728515625,0.910131928419036,0.3029282726252423,0.5999999999999999,17.908256033247152,5415,0.21939058171745152,2061,782,1384
apartment_2,seq_0006,18,spread,5,12,32768,0.797821044921875,0.715972900390625,0.8272960257047776,0.27667924528301885,0.5999999999999999,17.569322070293566,4927,0.204789933022123,1083,606,2229
apartment_2,seq_0006,18,spread,6,14,32768,0.799468994140625,0.655303955078125,0.7485971676146124,0.2833663064982499,0.3000000000000002,8.842271281119006,5435,0.23661453541858327,983,718,2448
apartment_2,seq_0006,18,spread,7,6,32768,0.896514892578125,0.74993896484375,0.8153998025666338,0.18283692126216455,0.3,8.914256024426056,2636,0.15971168437025796,518,362,1335
apartment_2,seq_0006,18,spread,8,2,32768,0.901641845703125,0.736968994140625,0.796378405821628,0.19236735960285448,0.29999999999999993,9.86934649861492,2300,0.1617391304347826,641,346,941
apartment_2,seq_0006,18,spread,9,10,32768,0.91455078125,0.738250732421875,0.7967832354511479,0.11178571428571428,0.29999999999999977,8.941807682288728,2383,0.0960973562736047,507,402,1245
apartment_2,seq_0006,18,spread,10,13,32768,0.911712646484375,0.70819091796875,0.76,0.17317663325267887,0.1500000000000001,4.498293641650867,2585,0.14777562862669247,343,251,1609
apartment_2,seq_0006,18,spread,11,1,32768,0.9156494140625,0.718719482421875,0.7730302626316491,0.12916063675832126,0.14999999999999988,4.98507738567112,1746,0.13172966781214204,541,174,801
apartment_2,seq_0006,18,spread,12,5,32768,0.94158935546875,0.744140625,0.779542360796007,0.17345872518286312,0.14999999999999988,4.59084343740826,1634,0.1456548347613219,323,128,945
apartment_2,seq_0006,18,spread,13,7,32768,0.95855712890625,0.78375244140625,0.8112384590894619,0.1480117820324006,0.14999999999999988,4.460614922340336,1243,0.11745776347546259,151,84,862
apartment_2,seq_0006,18,spread,14,11,32768,0.952545166015625,0.733123779296875,0.7657065966103866,0.07909967845659165,0.14999999999999988,4.487350483522799,1427,0.07077785564120533,212,123,991
apartment_2,seq_0006,18,spread,15,15,32768,0.864288330078125,0.614013671875,0.6678436495886445,0.2711940634135372,0.14999999999999988,4.364941137618173,3899,0.22954603744549884,582,493,1929
apartment_2,seq_0006,18,spread,16,3,32768,0.91827392578125,0.728912353515625,0.7787969425058159,0.16840926064227035,0.14999999999999986,4.683037149147186,1643,0.12659768715763847,442,262,731
apartment_2,seq_0006,18,spread,17,9,32768,0.951080322265625,0.7384033203125,0.7713781485640944,0.09731752963194011,0.14999999999999986,4.491144936834092,1429,0.08327501749475158,269,258,783
apartment_2,seq_0006,18,spread,18,16,32768,0.8763427734375,0.56671142578125,0.616520406741886,0.21372161895360317,0.14999999999999986,4.288651466044999,3699,0.190051365233847,439,441,2116
apartment_2,seq_0006,18,random,1,2,32768,0.0,0.736968994140625,,0.736968994140625,,,9643,0.5130146220055999,2581,763,1352
apartment_2,seq_0006,18,random,2,10,32768,0.636138916015625,0.738250732421875,0.9256416406812186,0.4106349073219827,1.2000000000000002,32.18524121958549,7784,0.3187307297019527,1750,1225,2328
apartment_2,seq_0006,18,random,3,3,32768,0.724700927734375,0.728912353515625,0.9013349054617426,0.2750249418024609,0.1500000000000001,4.683037149147194,5088,0.2446933962264151,1738,846,1259
apartment_2,seq_0006,18,random,4,12,32768,0.80316162109375,0.715972900390625,0.8156774830914203,0.30914728682170545,0.29999999999999977,8.996104028012269,4777,0.22754867071383714,973,565,2152
apartment_2,seq_0006,18,random,5,0,32768,0.823974609375,0.803558349609375,0.8673333333333333,0.5050277392510403,0.3,9.947553801190788,3563,0.37973617737861354,791,520,899
apartment_2,seq_0006,18,random,6,4,32768,0.862701416015625,0.728515625,0.8178570165198628,0.16714825516781506,0.14999999999999986,4.618756692146341,3166,0.14466203411244472,973,470,1265
apartment_2,seq_0006,18,random,7,7,32768,0.854644775390625,0.78375244140625,0.8407427245134798,0.44866680663447406,0.45000000000000007,13.17188572641086,3463,0.35778226970834537,508,295,1421
apartment_2,seq_0006,18,random,8,5,32768,0.9097900390625,0.744140625,0.7968938682409767,0.2121109607577808,0.1500000000000001,4.590843437408267,2368,0.19383445945945946,521,246,1142
apartment_2,seq_0006,18,random,9,16,32768,0.6053466796875,0.56671142578125,0.6063218390804598,0.505954222084751,0.5999999999999999,16.69739215944475,8098,0.33452704371449743,1198,1053,3138
apartment_2,seq_0006,18,random,10,13,32768,0.8900146484375,0.70819091796875,0.7666986695926484,0.23473917869034405,0.1500000000000001,4.498293641650867,3088,0.19268134715025906,453,313,1727
apartment_2,seq_0006,18,random,11,14,32768,0.889556884765625,0.655303955078125,0.7129575628666507,0.19093672285161647,0.1500000000000001,4.447617330168763,3323,0.16280469455311466,454,437,1891
apartment_2,seq_0006,18,random,12,11,32768,0.94207763671875,0.733123779296875,0.7676708778749595,0.17123287671232876,0.14999999999999988,4.487350483522799,1677,0.13118664281454978,257,149,1051
apartment_2,seq_0006,18,random,13,6,32768,0.946533203125,0.74993896484375,0.7849819448026825,0.1295662100456621,0.14999999999999988,4.484264390657448,1465,0.10580204778156997,177,168,965
apartment_2,seq_0006,18,random,14,9,32768,0.94146728515625,0.7384033203125,0.7762074554294975,0.13034410844629823,0.15000000000000033,4.4911449368341065,1670,0.10838323353293414,328,279,882
apartment_2,seq_0006,18,random,15,17,32768,0.796600341796875,0.482269287109375,0.5470635559131134,0.22850712678169544,0.14999999999999988,4.2392534781981865,5712,0.19642857142857142,1124,703,2763
apartment_2,seq_0006,18,random,16,8,32768,0.95989990234375,0.771514892578125,0.7999618490494055,0.09056316590563165,0.14999999999999986,4.447617330168756,1208,0.0802980132450331,139,200,772
apartment_2,seq_0006,18,random,17,1,32768,0.955078125,0.718719482421875,0.7475076687116564,0.10665760869565218,0.14999999999999988,4.98507738567112,1142,0.08581436077057793,203,130,711
apartment_2,seq_0006,18,random,18,15,32768,0.901336669921875,0.614013671875,0.6602336211274759,0.19177234766470772,0.14999999999999986,4.364941137618172,2938,0.16984343090537782,451,375,1613
apartment_2,seq_0006,18,sequential,1,0,32768,0.0,0.803558349609375,,0.803558349609375,,,8670,0.6094579008073818,1532,757,1097
apartment_2,seq_0006,18,sequential,2,1,32768,0.64471435546875,0.718719482421875,0.9364290447789454,0.32365572925614156,0.14999999999999988,4.98507738567112,6244,0.307014734144779,2472,559,1296
apartment_2,seq_0006,18,sequential,3,2,32768,0.7880859375,0.736968994140625,0.8186957868649318,0.4330357142857143,0.1500000000000001,4.971550365252432,3787,0.30815949300237655,1074,444,1102
apartment_2,seq_0006,18,sequential,4,3,32768,0.749420166015625,0.728912353515625,0.8937573807875555,0.23590305687492388,0.1500000000000001,4.683037149147194,4767,0.21648835745752046,1775,799,1161
apartment_2,seq_0006,18,sequential,5,4,32768,0.83624267578125,0.728515625,0.837274651485293,0.1731270965337309,0.14999999999999986,4.618756692146341,3710,0.14690026954177898,1168,657,1340
apartment_2,seq_0006,18,sequential,6,5,32768,0.841827392578125,0.744140625,0.8276237085372485,0.29982635539262975,0.1500000000000001,4.590843437408267,3967,0.2747668263171162,835,483,1559
apartment_2,seq_0006,18,sequential,7,6,32768,0.88531494140625,0.74993896484375,0.8152361254739745,0.24587546567323043,0.14999999999999988,4.484264390657448,3067,0.21356374307140527,428,443,1541
apartment_2,seq_0006,18,sequential,8,7,32768,0.861541748046875,0.78375244140625,0.8369877085473416,0.45250165307471896,0.1500000000000001,4.460614922340342,3254,0.34603564843269824,498,263,1367
apartment_2,seq_0006,18,sequential,9,8,32768,0.893524169921875,0.771514892578125,0.8243792479251341,0.3278876468902264,0.14999999999999988,4.4476173301687565,2784,0.24102011494252873,403,412,1298
apartment_2,seq_0006,18,sequential,10,9,32768,0.915557861328125,0.7384033203125,0.7883070564314523,0.1973256234188652,0.14999999999999986,4.491144936834092,2284,0.14754816112084063,416,376,1155
apartment_2,seq_0006,18,sequential,11,10,32768,0.932525634765625,0.738250732421875,0.7786431914127696,0.18000904568068749,0.15000000000000033,4.498293641650874,1967,0.13573970513472292,309,292,1099
apartment_2,seq_0006,18,sequential,12,11,32768,0.915771484375,0.733123779296875,0.7819914689416155,0.20181159420289854,0.14999999999999988,4.487350483522799,2346,0.14919011082693948,354,209,1433
apartment_2,seq_0006,18,sequential,13,12,32768,0.927459716796875,0.715972900390625,0.7570991411931164,0.19015565839293228,0.14999999999999988,4.5259458731876245,1944,0.11676954732510288,169,190,1358
apartment_2,seq_0006,18,sequential,14,13,32768,0.90643310546875,0.70819091796875,0.758332772203892,0.22243966079582517,0.1500000000000001,4.498293641650867,2608,0.18059815950920247,387,241,1509
apartment_2,seq_0006,18,sequential,15,14,32768,0.878143310546875,0.655303955078125,0.711763683753258,0.24843476083145505,0.1500000000000001,4.447617330168763,3519,0.19579425973287864,455,569,1806
apartment_2,seq_0006,18,sequential,16,15,32768,0.824066162109375,0.614013671875,0.6788504980928045,0.31032090199479617,0.14999999999999988,4.364941137618173,4873,0.25425815719269446,675,602,2357
apartment_2,seq_0006,18,sequential,17,16,32768,0.808135986328125,0.56671142578125,0.6291303198519693,0.30380149514871957,0.14999999999999986,4.288651466044999,5277,0.259806708357021,749,674,2483
apartment_2,seq_0006,18,sequential,18,17,32768,0.818084716796875,0.482269287109375,0.5363897489461708,0.2388860929374266,0.14999999999999988,4.2392534781981865,5105,0.20430950048971597,1043,635,2384
apartment_2,seq_0010,21,spread,1,0,32768,0.0,0.75958251953125,,0.75958251953125,,,7989,0.5164601326824384,1596,927,1340
apartment_2,seq_0010,21,spread,2,20,32768,0.055694580078125,0.79254150390625,0.9221917808219178,0.7848948065798403,3.0,66.92768635529438,4628,0.6045808124459809,1539,291,0
apartment_2,seq_0010,21,spread,3,10,32768,0.39556884765625,0.7359619140625,0.8648356735071748,0.6516207209936383,1.5,45.37938689091861,6713,0.3704751973782214,1380,1332,1514
apartment_2,seq_0010,21,spread,4,5,32768,0.626922607421875,0.7734375,0.9407097308085479,0.4923517382413088,0.7499999999999999,23.892071478437497,5781,0.33696592285071786,1315,1220,1298
apartment_2,seq_0010,21,spread,5,15,32768,0.67742919921875,0.8089599609375,0.8920172988557528,0.6345316934720908,0.7499999999999999,33.408319696332,3102,0.5638297872340425,1183,170,0
apartment_2,seq_0010,21,spread,6,7,32768,0.7476806640625,0.7783203125,0.9068979591836734,0.39731494920174165,0.30000000000000027,10.671107352102844,4602,0.2955236853541938,1092,814,1336
apartment_2,seq_0010,21,spread,7,13,32768,0.581573486328125,0.664031982421875,0.8622553392454216,0.38852016628984026,0.30000000000000004,10.55080073375265,4964,0.30096696212731666,1647,1167,656
apartment_2,seq_0010,21,spread,8,18,32768,0.77685546875,0.8074951171875,0.8615650534255186,0.6192560175054704,0.30000000000000004,12.276664230002389,2494,0.4863672814755413,896,347,38
apartment_2,seq_0010,21,spread,9,2,32768,0.72998046875,0.739654541015625,0.8830267558528428,0.35205696202531644,0.2999999999999999,10.059185505966543,4201,0.2589859557248274,1456,572,1085
apartment_2,seq_0010,21,spread,10,3,32768,0.812835693359375,0.75555419921875,0.8572179463112446,0.31403880645687265,0.15000000000000008,5.052639364564791,3672,0.21514161220043573,863,775,1244
apartment_2,seq_0010,21,spread,11,6,32768,0.871246337890625,0.79833984375,0.8686118603103437,0.3228253140554634,0.15000000000000008,5.091551184599046,2893,0.22398893881783616,491,417,1337
apartment_2,seq_0010,21,spread,12,12,32768,0.811065673828125,0.682830810546875,0.8033638108138617,0.16540138911322888,0.15000000000000008,6.075935700188484,3128,0.1460997442455243,862,898,911
apartment_2,seq_0010,21,spread,13,9,32768,0.88458251953125,0.758209228515625,0.8280894224798179,0.22263352723426758,0.14999999999999994,5.8145654436673375,2733,0.17672886937431395,570,430,1250
apartment_2,seq_0010,21,spread,14,11,32768,0.8905029296875,0.685028076171875,0.7562371487320082,0.10590858416945373,0.14999999999999994,6.2875147752758265,2592,0.09529320987654322,557,725,1063
apartment_2,seq_0010,21,spread,15,16,32768,0.821136474609375,0.852264404296875,0.9024045787341584,0.6220781436614912,0.14999999999999994,6.704156060362546,1877,0.5721896643580181,799,4,0
apartment_2,seq_0010,21,spread,16,17,32768,0.887939453125,0.79608154296875,0.8071899917514435,0.7080610021786492,0.14999999999999994,6.859985495922977,1051,0.6470028544243578,368,3,0
apartment_2,seq_0010,21,spread,17,19,32768,0.91082763671875,0.7447509765625,0.7886819004221671,0.29603011635865845,0.14999999999999994,6.421289015059503,951,0.33543638275499477,477,155,0
apartment_2,seq_0010,21,spread,18,1,32768,0.89031982421875,0.76251220703125,0.8008500719819017,0.451307735114079,0.1499999999999998,5.0630284378086845,1801,0.2243198223209328,376,266,755
apartment_2,seq_0010,21,spread,19,4,32768,0.92938232421875,0.772705078125,0.8164444736323636,0.19706136560069146,0.1499999999999998,5.040698835497349,1759,0.1580443433769187,204,304,973
apartment_2,seq_0010,21,spread,20,14,32768,0.757293701171875,0.582000732421875,0.6938948216804353,0.2328681000880171,0.1499999999999998,7.519595119216201,2502,0.25539568345323743,1083,644,136
apartment_2,seq_0010,21,spread,21,8,32768,0.93267822265625,0.7764892578125,0.8111707348995485,0.2960108794197643,0.14999999999999974,5.3450147731723305,1755,0.20284900284900284,283,244,872
apartment_2,seq_0010,21,random,1,10,32768,0.0,0.7359619140625,,0.7359619140625,,,8616,0.4647168059424327,1633,1432,1547
apartment_2,seq_0010,21,random,2,18,32768,0.309783935546875,0.8074951171875,0.9899517288937051,0.7256046336826281,1.2,41.037439109530595,5017,0.5748455252142715,1653,442,38
apartment_2,seq_0010,21,random,3,16,32768,0.514129638671875,0.852264404296875,0.9763162580874933,0.7209974247848753,0.2999999999999999,13.229605068215525,3622,0.6510215350635008,1245,19,0
apartment_2,seq_0010,21,random,4,4,32768,0.517425537109375,0.772705078125,0.9370687112946033,0.5964712578258395,0.8999999999999998,27.888994668178253,6527,0.4341964148919871,1217,1075,1401
apartment_2,seq_0010,21,random,5,2,32768,0.6168212890625,0.739654541015625,0.9274193548387096,0.4374004460019114,0.30000000000000016,10.059185505966552,5840,0.3215753424657534,1910,785,1267
apartment_2,seq_0010,21,random,6,12,32768,0.71466064453125,0.682830810546875,0.8616875907421642,0.2348663101604278,0.2999999999999999,12.018210821515721,4259,0.1901854895515379,1238,1207,1004
apartment_2,seq_0010,21,random,7,6,32768,0.7786865234375,0.79833984375,0.9004154256153002,0.4391891891891892,0.2999999999999999,10.103934522788528,4097,0.2914327556748841,823,562,1518
apartment_2,seq_0010,21,random,8,19,32768,0.729583740234375,0.7447509765625,0.8411343957836617,0.48470827220404017,0.15000000000000008,6.421289015059509,1988,0.36619718309859156,1087,173,0
apartment_2,seq_0010,21,random,9,3,32768,0.8292236328125,0.75555419921875,0.8549609892536435,0.2728734810578985,0.15000000000000008,5.052639364564791,3516,0.20079635949943117,830,762,1218
apartment_2,seq_0010,21,random,10,11,32768,0.852203369140625,0.685028076171875,0.7752551477170994,0.16477390047491225,0.14999999999999994,6.2875147752758265,3324,0.148014440433213,732,903,1197
apartment_2,seq_0010,21,random,11,8,32768,0.811614990234375,0.7764892578125,0.8690355329949239,0.37777417787137535,0.2999999999999999,10.598584369191833,3572,0.28163493840985443,885,560,1121
apartment_2,seq_0010,21,random,12,0,32768,0.7960205078125,0.75958251953125,0.8496396258242601,0.40813883901855175,0.2999999999999999,10.10580565915483,2677,0.26596936869630183,607,342,1016
apartment_2,seq_0010,21,random,13,17,32768,0.810302734375,0.79608154296875,0.8303329316059054,0.6497747747747747,0.14999999999999994,6.859985495922977,1536,0.6419270833333334,547,3,0
apartment_2,seq_0010,21,random,14,13,32768,0.71405029296875,0.664031982421875,0.7911359945294469,0.3466382070437567,0.15000000000000008,5.320503834657895,3754,0.2597229621736814,1217,959,603
apartment_2,seq_0010,21,random,15,7,32768,0.926239013671875,0.7783203125,0.8243220981186782,0.20066197765825403,0.14999999999999974,5.382226804470729,1887,0.11711711711711711,326,377,963
apartment_2,seq_0010,21,random,16,20,32768,0.915313720703125,0.79254150390625,0.8194912146167439,0.5012612612612612,0.14999999999999994,6.694772118190253,1059,0.421152030217186,407,206,0
apartment_2,seq_0010,21,random,17,5,32768,0.891845703125,0.7734375,0.8352381604160963,0.2638261851015801,0.1499999999999998,5.062883341363664,2543,0.19543845851356664,461,619,966
apartment_2,seq_0010,21,random,18,14,32768,0.730804443359375,0.582000732421875,0.6995448281621915,0.2628953633374901,0.15000000000000027,7.519595119216225,2759,0.2685755708590069,1222,658,138
apartment_2,seq_0010,21,random,19,9,32768,0.923431396484375,0.758209228515625,0.8113619088535642,0.11717815862893582,0.14999999999999994,5.8145654436673375,1979,0.0919656392117231,427,287,1083
apartment_2,seq_0010,21,random,20,1,32768,0.89935302734375,0.76251220703125,0.7979300984051578,0.44602789569436024,0.1499999999999998,5.0630284378086845,1653,0.20992135511191773,334,233,739
apartment_2,seq_0010,21,random,21,15,32768,0.930450439453125,0.8089599609375,0.8181967266883138,0.685388328214129,0.1499999999999998,7.5149172139272356,963,0.6230529595015576,314,49,0
apartment_2,seq_0010,21,sequential,1,0,32768,0.0,0.75958251953125,,0.75958251953125,,,7989,0.5164601326824384,1596,927,1340
apartment_2,seq_0010,21,sequential,2,1,32768,0.665191650390625,0.76251220703125,0.8813139422856356,0.5264788989153222,0.15000000000000008,5.063028437808694,4836,0.3682795698924731,1220,642,1193
apartment_2,seq_0010,21,sequential,3,2,32768,0.738311767578125,0.739654541015625,0.8799239449427521,0.3439067055393586,0.1499999999999998,5.068650372449297,4149,0.28705712219812,1526,590,842
apartment_2,seq_0010,21,sequential,4,3,32768,0.666015625,0.75555419921875,0.8806359970674487,0.5061220760233918,0.15000000000000008,5.052639364564791,5246,0.3333968738086161,1236,876,1385
apartment_2,seq_0010,21,sequential,5,4,32768,0.748260498046875,0.772705078125,0.8803376972959746,0.45278215541277733,0.15000000000000008,5.040698835497359,4411,0.36363636363636365,769,716,1322
apartment_2,seq_0010,21,sequential,6,5,32768,0.78826904296875,0.7734375,0.8926442121564073,0.3296339002594408,0.1499999999999998,5.062883341363664,4307,0.2542372881355932,946,1092,1174
apartment_2,seq_0010,21,sequential,7,6,32768,0.85125732421875,0.79833984375,0.8709399870939987,0.3828477636438244,0.15000000000000008,5.091551184599046,3340,0.25449101796407186,549,484,1457
apartment_2,seq_0010,21,sequential,8,7,32768,0.83819580078125,0.7783203125,0.8541833539649021,0.3853262919652961,0.1500000000000002,5.382226804470745,3069,0.2476376669925057,609,506,1194
apartment_2,seq_0010,21,sequential,9,8,32768,0.850341796875,0.7764892578125,0.8341587711742751,0.44881729200652526,0.14999999999999974,5.3450147731723305,3179,0.2988361119849009,669,475,1085
apartment_2,seq_0010,21,sequential,10,9,32768,0.872283935546875,0.758209228515625,0.8308085225483679,0.2623655913978495,0.15000000000000008,5.814565443667342,2879,0.1972907259465092,763,411,1137
apartment_2,seq_0010,21,sequential,11,10,32768,0.80230712890625,0.7359619140625,0.8504754659566375,0.2712256869404137,0.14999999999999994,5.7862111092483755,3596,0.22302558398220246,901,832,1061
apartment_2,seq_0010,21,sequential,12,11,32768,0.83685302734375,0.685028076171875,0.7835314710816133,0.17976056864945753,0.14999999999999994,6.2875147752758265,3086,0.14095917044718081,768,866,1017
apartment_2,seq_0010,21,sequential,13,12,32768,0.81060791015625,0.682830810546875,0.79662676003313,0.19577827908475667,0.14999999999999994,6.075935700188479,2738,0.12089116143170198,768,794,845
apartment_2,seq_0010,21,sequential,14,13,32768,0.64410400390625,0.664031982421875,0.8031365488486686,0.41227919739324304,0.15000000000000008,5.320503834657895,4232,0.30293005671077505,1456,919,575
apartment_2,seq_0010,21,sequential,15,14,32768,0.523681640625,0.582000732421875,0.7231351981351981,0.426832393644285,0.15000000000000027,7.519595119216225,4207,0.34014737342524365,1848,792,136
apartment_2,seq_0010,21,sequential,16,15,32768,0.713134765625,0.8089599609375,0.8383259157822663,0.7359574468085106,0.1499999999999998,7.5149172139272356,2593,0.6610104126494408,803,76,0
apartment_2,seq_0010,21,sequential,17,16,32768,0.766357421875,0.852264404296875,0.8959859827970691,0.7088557993730408,0.14999999999999994,6.704156060362546,2451,0.6483068135454917,845,17,0
apartment_2,seq_0010,21,sequential,18,17,32768,0.8514404296875,0.79608154296875,0.8021863799283154,0.7610928512736237,0.14999999999999994,6.859985495922977,1486,0.7099596231493943,428,3,0
apartment_2,seq_0010,21,sequential,19,18,32768,0.836639404296875,0.8074951171875,0.8524895130403064,0.577059592751728,0.14999999999999994,6.209601622881082,1611,0.37368094351334574,648,323,38
apartment_2,seq_0010,21,sequential,20,19,32768,0.901031494140625,0.7447509765625,0.8031498729889924,0.21307431390687634,0.15000000000000008,6.421289015059509,995,0.2793969849246231,574,143,0
apartment_2,seq_0010,21,sequential,21,20,32768,0.938995361328125,0.79254150390625,0.8133836003770029,0.471735867933967,0.14999999999999994,6.694772118190253,788,0.399746192893401,282,191,0
apartment_2,seq_0009,25,spread,1,0,32768,0.0,0.734619140625,,0.734619140625,,,9696,0.43595297029702973,1901,1804,1764
apartment_2,seq_0009,25,spread,2,24,32768,0.0494384765625,0.869873046875,0.9401234567901234,0.8662193399255169,3.5999999999999996,72.83242421991723,4945,0.6010111223458039,1708,265,0
apartment_2,seq_0009,25,spread,3,12,32768,0.3250732421875,0.870452880859375,0.975685317311303,0.8197684933984446,1.7999999999999996,53.72333388679138,4230,0.5758865248226951,1281,487,26
apartment_2,seq_0009,25,spread,4,6,32768,0.477996826171875,0.677581787109375,0.9228755666219753,0.45296696872259573,0.9,31.569451494842745,5166,0.27042198993418504,1194,1182,1393
apartment_2,seq_0009,25,spread,5,18,32768,0.526763916015625,0.787200927734375,0.8735299229476855,0.691107241890759,0.8999999999999997,37.27485309081458,2745,0.4852459016393443,1250,163,0
apartment_2,seq_0009,25,spread,6,9,32768,0.489288330078125,0.730224609375,0.8804964760182125,0.5862563489692262,0.4539546267580727,20.13228002893666,5275,0.26502369668246445,1197,1086,1594
apartment_2,seq_0009,25,spread,7,3,32768,0.7369384765625,0.686248779296875,0.8619761470929269,0.19396751740139212,0.45,14.920877257342376,4873,0.13195156987482043,1281,1634,1315
apartment_2,seq_0009,25,spread,8,15,32768,0.85296630859375,0.877716064453125,0.936350626118068,0.5375674553756745,0.45,19.235807378286836,1553,0.437862202189311,797,76,0
apartment_2,seq_0009,25,spread,9,21,32768,0.8912353515625,0.75262451171875,0.7820846459389125,0.5112233445566778,0.44999999999999973,20.779191702026846,1060,0.2660377358490566,708,70,0
apartment_2,seq_0009,25,spread,10,10,32768,0.483428955078125,0.519012451171875,0.7049428697683227,0.34501092928457494,0.19349775369780473,10.111060635170665,4803,0.13741411617738913,1545,1691,907
apartment_2,seq_0009,25,spread,11,11,32768,0.661529541015625,0.677520751953125,0.8376159062600913,0.3646199621314579,0.17375509097955186,6.398879689295814,3183,0.22400251335218346,1049,681,740
apartment_2,seq_0009,25,spread,12,8,32768,0.810791015625,0.776824951171875,0.86596657633243,0.39483870967741935,0.16147694310662739,7.145503818179315,3018,0.15573227302849568,536,701,1311
apartment_2,seq_0009,25,spread,13,13,32768,0.83837890625,0.85357666015625,0.9229761211415259,0.4935800604229607,0.1500000000000003,6.641202065058272,1764,0.3701814058956916,568,502,41
apartment_2,seq_0009,25,spread,14,19,32768,0.957275390625,0.540130615234375,0.556171894924764,0.18071428571428572,0.1500000000000003,7.544683490902906,478,0.14853556485355648,365,42,0
apartment_2,seq_0009,25,spread,15,22,32768,0.927825927734375,0.750946044921875,0.7816991744235766,0.35560253699788585,0.1500000000000003,7.698240407825593,732,0.2923497267759563,348,170,0
apartment_2,seq_0009,25,spread,16,1,32768,0.8563232421875,0.733245849609375,0.8189237348538846,0.22259983007646558,0.15000000000000016,5.118782507741539,3298,0.14614918132201335,758,886,1172
apartment_2,seq_0009,25,spread,17,4,32768,0.80712890625,0.6614990234375,0.7694343617664852,0.2098101265822785,0.15000000000000016,5.161953531895411,3662,0.1837793555434189,888,1113,988
apartment_2,seq_0009,25,spread,18,7,32768,0.863739013671875,0.793243408203125,0.8757022223792531,0.27054871220604704,0.15000000000000002,5.896692932467636,2778,0.1695464362850972,395,615,1297
apartment_2,seq_0009,25,spread,19,16,32768,0.92657470703125,0.82647705078125,0.8541598050194322,0.4771404821280133,0.15000000000000002,6.815386801882312,976,0.4723360655737705,502,13,0
apartment_2,seq_0009,25,spread,20,2,32768,0.87945556640625,0.731903076171875,0.8033173710875148,0.2108860759493671,0.14999999999999963,5.009337825740286,2882,0.16412213740458015,810,953,646
apartment_2,seq_0009,25,spread,21,5,32768,0.891021728515625,0.653045654296875,0.7116142069390691,0.174180901708205,0.14999999999999963,5.350045235372435,2195,0.10842824601366742,591,687,679
apartment_2,seq_0009,25,spread,22,14,32768,0.93975830078125,0.814453125,0.8404559329739559,0.4088145896656535,0.14999999999999963,7.571463331476074,1299,0.4611239414934565,477,223,0
apartment_2,seq_0009,25,spread,23,17,32768,0.95489501953125,0.554534912109375,0.5721316714605306,0.18200270635994586,0.14999999999999963,7.00342749479429,584,0.1780821917808219,325,155,0
apartment_2,seq_0009,25,spread,24,20,32768,0.98321533203125,0.795440673828125,0.7972251536408219,0.6909090909090909,0.14999999999999936,6.977717502671614,243,0.6131687242798354,93,1,0
apartment_2,seq_0009,25,spread,25,23,32768,0.9771728515625,0.78607177734375,0.7998750780762024,0.19518716577540107,0.14999999999999936,7.625517597616402,317,0.22712933753943218,143,102,0
apartment_2,seq_0009,25,random,1,19,32768,0.0,0.540130615234375,,0.540130615234375,,,4859,0.38999794196336696,2720,244,0
apartment_2,seq_0009,25,random,2,4,32768,0.031463623046875,0.6614990234375,0.26867119301648884,0.6742603270630494,2.25,53.57370382244379,9132,0.39169951817783616,2100,1848,1607
apartment_2,seq_0009,25,random,3,10,32768,0.15203857421875,0.519012451171875,0.6870734644720996,0.488879291729648,0.9182227149887685,40.238842531258754,6442,0.20909655386525924,2067,1932,1096
apartment_2,seq_0009,25,random,4,11,32768,0.35137939453125,0.677520751953125,0.8590411672746222,0.5791850945704338,0.17719374370086607,6.5244335371633895,5345,0.41702525724976613,1469,888,759
apartment_2,seq_0009,25,random,5,24,32768,0.60504150390625,0.869873046875,0.9178856047614244,0.7963220522330398,0.7499999999999993,33.994426987793645,2782,0.5294751976994968,1103,206,0
apartment_2,seq_0009,25,random,6,2,32768,0.6656494140625,0.731903076171875,0.8868971208509078,0.42332968236582696,0.3000000000000003,9.943243827120115,6265,0.2948124501197127,1465,1694,1259
apartment_2,seq_0009,25,random,7,23,32768,0.840423583984375,0.78607177734375,0.8542430734594575,0.42704149933065594,0.14999999999999936,7.625517597616402,1662,0.34657039711191334,794,292,0
apartment_2,seq_0009,25,random,8,6,32768,0.76904296875,0.677581787109375,0.7870238095238096,0.3131606765327696,0.2999999999999998,11.57540051465919,3728,0.1901824034334764,713,1001,1305
apartment_2,seq_0009,25,random,9,16,32768,0.82269287109375,0.82647705078125,0.8698716521997181,0.6251290877796902,0.4500000000000003,19.725065480361646,1638,0.49755799755799757,776,47,0
apartment_2,seq_0009,25,random,10,22,32768,0.937103271484375,0.750946044921875,0.7701501286351646,0.4648229015041242,0.1500000000000003,7.698240407825593,627,0.38915470494417864,265,118,0
apartment_2,seq_0009,25,random,11,3,32768,0.798828125,0.686248779296875,0.8134932762836186,0.1809769417475728,0.15000000000000016,5.075874379785578,3918,0.13425216947422156,1081,1379,932
apartment_2,seq_0009,25,random,12,21,32768,0.925048828125,0.75262451171875,0.758445500131961,0.6807817589576547,0.1500000000000003,7.208660518182382,498,0.3815261044176707,265,43,0
apartment_2,seq_0009,25,random,13,8,32768,0.708770751953125,0.776824951171875,0.8642411194833154,0.5640783820601488,0.3000000000000003,13.110801348648517,3658,0.217058501913614,576,810,1478
apartment_2,seq_0009,25,random,14,0,32768,0.8182373046875,0.734619140625,0.8322019991048785,0.2953324378777703,0.2999999999999998,10.16708141023745,3459,0.19369760046256143,851,890,1048
apartment_2,seq_0009,25,random,15,20,32768,0.939697265625,0.795440673828125,0.7932579890880749,0.8294534412955465,0.14999999999999936,6.977717502671614,602,0.7558139534883721,144,3,0
apartment_2,seq_0009,25,random,16,12,32768,0.784027099609375,0.870452880859375,0.9324666225526449,0.6453299420658472,0.17375509097955186,7.4926911791486335,2347,0.4878568385172561,823,363,16
apartment_2,seq_0009,25,random,17,18,32768,0.980438232421875,0.787200927734375,0.7914526722071777,0.5741029641185648,0.1500000000000003,7.229382287769227,272,0.4632352941176471,136,10,0
apartment_2,seq_0009,25,random,18,13,32768,0.8651123046875,0.85357666015625,0.9208057005785241,0.42239819004524887,0.1500000000000003,6.641202065058272,1566,0.32375478927203066,540,478,41
apartment_2,seq_0009,25,random,19,7,32768,0.845916748046875,0.793243408203125,0.8896064071575454,0.2642107347989701,0.15000000000000002,5.896692932467636,3216,0.17817164179104478,457,700,1486
apartment_2,seq_0009,25,random,20,5,32768,0.88360595703125,0.653045654296875,0.7160668646819093,0.17461982170949134,0.14999999999999963,5.350045235372435,2336,0.1113013698630137,662,714,700
apartment_2,seq_0009,25,random,21,17,32768,0.946136474609375,0.554534912109375,0.5702673934780506,0.2781869688385269,0.14999999999999963,7.00342749479429,675,0.24888888888888888,363,144,0
apartment_2,seq_0009,25,random,22,14,32768,0.9456787109375,0.814453125,0.8373563960242675,0.4157303370786517,0.15000000000000002,7.571463331476093,1219,0.4561115668580804,443,220,0
apartment_2,seq_0009,25,random,23,9,32768,0.797027587890625,0.730224609375,0.8396446758816096,0.3005563073222072,0.16147694310662739,7.429406931322399,2975,0.17243697478991596,646,662,1154
apartment_2,seq_0009,25,random,24,1,32768,0.903839111328125,0.733245849609375,0.793632035655198,0.1656616947000952,0.14999999999999963,5.118782507741521,2378,0.11732548359966358,485,622,992
apartment_2,seq_0009,25,random,25,15,32768,0.986541748046875,0.877716064453125,0.8837504253410462,0.43537414965986393,0.14999999999999963,6.634409009925528,156,0.4358974358974359,79,9,0
apartment_2,seq_0009,25,sequential,1,0,32768,0.0,0.734619140625,,0.734619140625,,,9696,0.43595297029702973,1901,1804,1764
apartment_2,seq_0009,25,sequential,2,1,32768,0.754638671875,0.733245849609375,0.8690148819152378,0.3156716417910448,0.15000000000000016,5.118782507741539,5368,0.2306259314456036,1249,1338,1543
apartment_2,seq_0009,25,sequential,3,2,32768,0.740570068359375,0.731903076171875,0.8791362756006099,0.3116103987766145,0.14999999999999963,5.009337825740286,5216,0.2375383435582822,1352,1439,1186
apartment_2,seq_0009,25,sequential,4,3,32768,0.751068115234375,0.686248779296875,0.8468164641826825,0.2017898737280863,0.15000000000000016,5.075874379785578,4483,0.15391478920365825,1336,1442,1015
apartment_2,seq_0009,25,sequential,5,4,32768,0.727264404296875,0.6614990234375,0.7934203348579582,0.3097236209018686,0.15000000000000016,5.161953531895411,4762,0.25430491390172194,1314,1189,1048
apartment_2,seq_0009,25,sequential,6,5,32768,0.790374755859375,0.653045654296875,0.749179505000193,0.29058087057795895,0.15000000000000016,5.350045235372454,3489,0.20321008885067354,1015,927,838
apartment_2,seq_0009,25,sequential,7,6,32768,0.746795654296875,0.677581787109375,0.7938784683911568,0.3345787634084609,0.14999999999999963,5.847364585737729,3421,0.24144986845951477,744,830,1021
apartment_2,seq_0009,25,sequential,8,7,32768,0.614349365234375,0.793243408203125,0.848492374944116,0.7052306718366701,0.1500000000000003,5.896692932467646,4044,0.32443125618199803,428,745,1559
apartment_2,seq_0009,25,sequential,9,8,32768,0.821044921875,0.776824951171875,0.8786054118346714,0.3098567530695771,0.15000000000000002,6.64234768347453,3131,0.18268923666560205,647,674,1238
apartment_2,seq_0009,25,sequential,10,9,32768,0.643585205078125,0.730224609375,0.8628194793494238,0.49079544481548076,0.16147694310662739,7.429406931322399,3516,0.22810011376564276,812,742,1160
apartment_2,seq_0009,25,sequential,11,10,32768,0.418212890625,0.519012451171875,0.6568155283129014,0.4199538396978598,0.19349775369780473,10.111060635170665,4986,0.21740874448455677,1694,1493,715
apartment_2,seq_0009,25,sequential,12,11,32768,0.576751708984375,0.677520751953125,0.8325837345891317,0.46621962650515536,0.17719374370086607,6.5244335371633895,3778,0.33668607728957123,1150,628,728
apartment_2,seq_0009,25,sequential,13,12,32768,0.53033447265625,0.870452880859375,0.9268040050638738,0.80682261208577,0.17375509097955186,7.4926911791486335,2872,0.5539693593314763,928,339,14
apartment_2,seq_0009,25,sequential,14,13,32768,0.844024658203125,0.85357666015625,0.9232020826553856,0.476814713363334,0.1500000000000003,6.641202065058272,1883,0.3988316516197557,613,478,41
apartment_2,seq_0009,25,sequential,15,14,32768,0.82757568359375,0.814453125,0.8772033335791725,0.5132743362831859,0.15000000000000002,7.571463331476093,2580,0.44651162790697674,1148,280,0
apartment_2,seq_0009,25,sequential,16,15,32768,0.8497314453125,0.877716064453125,0.9144878609395202,0.6697806661251016,0.14999999999999963,6.634409009925528,1662,0.48194945848375453,756,105,0
apartment_2,seq_0009,25,sequential,17,16,32768,0.888427734375,0.82647705078125,0.87372904644133,0.45021881838074396,0.15000000000000002,6.815386801882312,1365,0.41684981684981687,714,82,0
apartment_2,seq_0009,25,sequential,18,17,32768,0.851226806640625,0.554534912109375,0.6063886996737533,0.25784615384615384,0.1500000000000003,7.0034274947943205,1377,0.20915032679738563,829,260,0
apartment_2,seq_0009,25,sequential,19,18,32768,0.9224853515625,0.787200927734375,0.824037316395395,0.3488188976377953,0.14999999999999963,7.229382287769197,1015,0.2935960591133005,590,127,0
apartment_2,seq_0009,25,sequential,20,19,32768,0.953460693359375,0.540130615234375,0.5439618474538297,0.4616393442622951,0.1500000000000003,7.544683490902906,573,0.28970331588132636,343,64,0
apartment_2,seq_0009,25,sequential,21,20,32768,0.9456787109375,0.795440673828125,0.8040531818768556,0.645505617977528,0.15000000000000002,6.977717502671644,562,0.41637010676156583,267,61,0
apartment_2,seq_0009,25,sequential,22,21,32768,0.97906494140625,0.75262451171875,0.7569041830309831,0.5524781341107872,0.14999999999999936,7.208660518182338,270,0.4444444444444444,132,18,0
apartment_2,seq_0009,25,sequential,23,22,32768,0.950927734375,0.750946044921875,0.7745186136071887,0.2941542288557214,0.1500000000000003,7.698240407825593,572,0.3776223776223776,263,93,0
apartment_2,seq_0009,25,sequential,24,23,32768,0.97576904296875,0.78607177734375,0.8002126727966473,0.21662468513853905,0.1500000000000003,7.625517597616448,335,0.2417910447761194,148,106,0
apartment_2,seq_0009,25,sequential,25,24,32768,0.941741943359375,0.869873046875,0.8863864674811238,0.6029334730225249,0.14999999999999936,7.681323901048612,799,0.44680851063829785,384,58,0
apartment_2,seq_0008,23,spread,1,0,32768,0.0,0.702972412109375,,0.702972412109375,,,9754,0.4818535985236826,2726,1199,1129
apartment_2,seq_0008,23,spread,2,22,32768,0.141845703125,0.55523681640625,0.9429862306368331,0.49114509246088195,3.2999999999999994,59.93849661172203,9867,0.19529745616702138,1298,1673,4969
apartment_2,seq_0008,23,spread,3,11,32768,0.58612060546875,0.72259521484375,0.9240341559929188,0.43732487833652856,1.6499999999999997,43.188332160987976,7796,0.2961775269368907,1965,1275,2247
apartment_2,seq_0008,23,spread,4,5,32768,0.61114501953125,0.76495361328125,0.9242484769799261,0.5145973944435724,0.7500000000000003,23.646321838933012,6052,0.27048909451421016,1674,1125,1616
apartment_2,seq_0008,23,spread,5,16,32768,0.706146240234375,0.68756103515625,0.8665888759237651,0.2573475958043411,0.7500000000000003,22.89344275186245,5777,0.14246148519993077,1097,1198,2659
apartment_2,seq_0008,23,spread,6,8,32768,0.775848388671875,0.759490966796875,0.8851040396491366,0.32471068754254595,0.4499999999999996,14.500983952284862,4975,0.23396984924623115,1250,1085,1476
apartment_2,seq_0008,23,spread,7,19,32768,0.745147705078125,0.64013671875,0.7931359298849162,0.19279128248113997,0.44999999999999885,13.80687229818822,5269,0.11311444296830518,793,975,2905
apartment_2,seq_0008,23,spread,8,3,32768,0.7664794921875,0.71234130859375,0.8308647873865265,0.3233141662310507,0.3000000000000007,9.899893810401402,4664,0.2236277873070326,1537,982,1102
apartment_2,seq_0008,23,spread,9,13,32768,0.81756591796875,0.698638916015625,0.8160880925718552,0.1722984275677484,0.30000000000000066,9.396528788474551,4089,0.123991195891416,817,997,1768
apartment_2,seq_0008,23,spread,10,18,32768,0.797607421875,0.626800537109375,0.7607514539332721,0.09891435464414958,0.15000000000000077,4.689995540419454,4126,0.06107610276296655,580,733,2561
apartment_2,seq_0008,23,spread,11,4,32768,0.89117431640625,0.7484130859375,0.8171700568454215,0.18536174985978687,0.15000000000000008,5.011542126187053,2680,0.11791044776119403,755,665,944
apartment_2,seq_0008,23,spread,12,12,32768,0.898284912109375,0.72900390625,0.7911330049261084,0.18031803180318032,0.14999999999999997,4.88299926721116,2829,0.1474019088016967,729,607,1076
apartment_2,seq_0008,23,spread,13,15,32768,0.860595703125,0.6663818359375,0.7608510638297873,0.08318739054290718,0.14999999999999997,4.638305368301837,3351,0.06386153387048642,601,785,1751
apartment_2,seq_0008,23,spread,14,1,32768,0.87847900390625,0.667816162109375,0.7224345167789897,0.27297840281265695,0.14999999999999988,5.0154919089124625,3005,0.24925124792013312,894,603,759
apartment_2,seq_0008,23,spread,15,2,32768,0.902679443359375,0.700897216796875,0.7556712532539978,0.19285042333019756,0.14999999999999988,5.0154919089124625,2729,0.19311102968120192,842,519,841
apartment_2,seq_0008,23,spread,16,6,32768,0.885894775390625,0.770416259765625,0.8358538013710427,0.2623696175447981,0.14999999999999988,4.982719931116054,2869,0.22411990240501917,805,342,1079
apartment_2,seq_0008,23,spread,17,7,32768,0.905609130859375,0.757720947265625,0.8158382476832351,0.20012932428063368,0.14999999999999988,4.956070509204278,2635,0.17988614800759015,599,569,993
apartment_2,seq_0008,23,spread,18,9,32768,0.930328369140625,0.73834228515625,0.7840905363293423,0.12746386333771353,0.14999999999999988,4.98507738567112,1936,0.0996900826446281,413,252,1078
apartment_2,seq_0008,23,spread,19,10,32768,0.898590087890625,0.717742919921875,0.786517235523858,0.10833584110743304,0.14999999999999988,4.863412137437558,2521,0.09083696945656486,503,660,1129
apartment_2,seq_0008,23,spread,20,14,32768,0.91766357421875,0.724609375,0.7712005320917859,0.20533728687916974,0.14999999999999988,4.766586662423051,2445,0.19795501022494888,408,376,1177
apartment_2,seq_0008,23,spread,21,17,32768,0.892608642578125,0.6583251953125,0.7313070532325892,0.051719238420005684,0.14999999999999988,4.8193533394063355,2835,0.04938271604938271,358,551,1786
apartment_2,seq_0008,23,spread,22,20,32768,0.86431884765625,0.622955322265625,0.7101193418543889,0.06770130454340981,0.1499999999999991,4.624913063455446,3279,0.04269594388533089,435,397,2307
apartment_2,seq_0008,23,spread,23,21,32768,0.865325927734375,0.57952880859375,0.6505378240169283,0.1232721504645366,0.1499999999999991,4.484264390657425,2940,0.06802721088435375,259,419,2062
apartment_2,seq_0008,23,random,1,18,32768,0.0,0.626800537109375,,0.626800537109375,,,10041,0.28572851309630515,1695,1610,3867
apartment_2,seq_0008,23,random,2,4,32768,0.131591796875,0.7484130859375,0.9016697588126159,0.7251897666572955,2.1,50.83572422100894,8372,0.3785236502627807,2306,1482,1415
apartment_2,seq_0008,23,random,3,20,32768,0.634490966796875,0.622955322265625,0.8424318214612092,0.24196376388077148,0.2999999999999999,9.190330405746854,6970,0.14533715925394547,1002,1200,3755
apartment_2,seq_0008,23,random,4,10,32768,0.612335205078125,0.717742919921875,0.9077996511338151,0.4175391639770133,0.9000000000000001,27.04531284974358,6724,0.21876859012492564,1557,1379,2317
apartment_2,seq_0008,23,random,5,11,32768,0.760345458984375,0.72259521484375,0.8696367650010034,0.2560804787979116,0.14999999999999988,4.877489604842267,5676,0.21582100070472163,1587,951,1913
apartment_2,seq_0008,23,random,6,2,32768,0.724884033203125,0.700897216796875,0.8521449922115101,0.3023849140321686,0.29999999999999993,9.955276430127874,5317,0.24242994169644536,1892,882,1254
apartment_2,seq_0008,23,random,7,21,32768,0.72930908203125,0.57952880859375,0.7168800736463302,0.20947012401352874,0.15000000000000066,4.48426439065747,5334,0.12354705661792276,679,743,3253
apartment_2,seq_0008,23,random,8,6,32768,0.7794189453125,0.770416259765625,0.8784259984338293,0.38876591034864416,0.30000000000000054,9.891192330533768,4609,0.27684964200477324,1252,654,1427
apartment_2,seq_0008,23,random,9,19,32768,0.823455810546875,0.64013671875,0.7467664826001557,0.14278305963699223,0.1499999999999991,4.683037149147163,4183,0.0922782691847956,661,612,2524
apartment_2,seq_0008,23,random,10,3,32768,0.861175537109375,0.71234130859375,0.7959530812573089,0.193668938228182,0.14999999999999988,4.987169222657572,3716,0.1781485468245425,1080,945,1029
apartment_2,seq_0008,23,random,11,22,32768,0.799896240234375,0.55523681640625,0.6667429705085651,0.10950129632453866,0.1499999999999991,4.490494206699081,4158,0.07094757094757095,344,695,2824
apartment_2,seq_0008,23,random,12,8,32768,0.85736083984375,0.759490966796875,0.8414964049263188,0.26658108686350024,0.29999999999999977,9.78297148242891,3506,0.20821448944666288,898,760,1118
apartment_2,seq_0008,23,random,13,0,32768,0.811614990234375,0.702972412109375,0.770107163000564,0.4137372428316864,0.29999999999999977,10.062205816168676,3783,0.3457573354480571,1105,616,754
apartment_2,seq_0008,23,random,14,12,32768,0.86260986328125,0.72900390625,0.7946649685134083,0.3167481119502443,0.15000000000000066,4.882999267211182,3253,0.1869043959422072,744,641,1260
apartment_2,seq_0008,23,random,15,16,32768,0.828887939453125,0.68756103515625,0.8026582231876588,0.13001605136436598,0.29999999999999977,9.587484988578828,3786,0.08769149498151083,674,852,1928
apartment_2,seq_0008,23,random,16,13,32768,0.901885986328125,0.698638916015625,0.7613440259872094,0.12223950233281493,0.14999999999999997,4.730069134191458,2587,0.09741012756088133,373,698,1264
apartment_2,seq_0008,23,random,17,7,32768,0.90277099609375,0.757720947265625,0.8169494963153269,0.20778405524168236,0.14999999999999988,4.956070509204278,2714,0.18938835666912307,634,587,979
apartment_2,seq_0008,23,random,18,5,32768,0.930999755859375,0.76495361328125,0.8122725931753368,0.12649270234409554,0.14999999999999988,5.0046518779606455,1975,0.1210126582278481,479,373,884
apartment_2,seq_0008,23,random,19,17,32768,0.889007568359375,0.6583251953125,0.7328275720023343,0.06158922188616992,0.14999999999999988,4.8193533394063355,2845,0.05588752196836556,416,596,1674
apartment_2,seq_0008,23,random,20,14,32768,0.91107177734375,0.724609375,0.7754739733369063,0.2035003431708991,0.14999999999999988,4.766586662423051,2586,0.19334880123743234,421,412,1253
apartment_2,seq_0008,23,random,21,9,32768,0.942413330078125,0.73834228515625,0.7769178459246786,0.10704822469528352,0.14999999999999988,4.98507738567112,1648,0.10436893203883495,399,222,855
apartment_2,seq_0008,23,random,22,1,32768,0.913818359375,0.667816162109375,0.705049425594443,0.2730169971671388,0.14999999999999988,5.0154919089124625,2195,0.23917995444191345,611,435,624
apartment_2,seq_0008,23,random,23,15,32768,0.900390625,0.6663818359375,0.7319346529284165,0.07383578431372549,0.14999999999999988,4.638305368301834,2445,0.05562372188139059,458,584,1267
apartment_2,seq_0008,23,sequential,1,0,32768,0.0,0.702972412109375,,0.702972412109375,,,9754,0.4818535985236826,2726,1199,1129
apartment_2,seq_0008,23,sequential,2,1,32768,0.6812744140625,0.667816162109375,0.8080541121662784,0.3680582152432018,0.14999999999999988,5.0154919089124625,6363,0.32594688040232594,2246,1061,982
apartment_2,seq_0008,23,sequential,3,2,32768,0.696441650390625,0.700897216796875,0.8276149160860611,0.41017392178546297,0.14999999999999988,5.0154919089124625,5204,0.3178324365872406,1719,773,1058
apartment_2,seq_0008,23,sequential,4,3,32768,0.79791259765625,0.71234130859375,0.8137764858869425,0.3118393234672304,0.14999999999999988,4.987169222657572,5108,0.24119028974158183,1433,1084,1359
apartment_2,seq_0008,23,sequential,5,4,32768,0.726318359375,0.7484130859375,0.849327731092437,0.4805976806422837,0.15000000000000008,5.011542126187053,4483,0.22596475574392147,1081,1111,1278
apartment_2,seq_0008,23,sequential,6,5,32768,0.800323486328125,0.76495361328125,0.8640991420400381,0.3675683937031943,0.15000000000000066,5.004651877960671,4253,0.209734305196332,1001,778,1582
apartment_2,seq_0008,23,sequential,7,6,32768,0.824432373046875,0.770416259765625,0.8770682953914491,0.2695984703632887,0.14999999999999988,4.982719931116054,4066,0.22995573044761436,1089,649,1393
apartment_2,seq_0008,23,sequential,8,7,32768,0.809295654296875,0.757720947265625,0.8774840680266979,0.24947991678668588,0.14999999999999988,4.956070509204278,4778,0.20824612808706572,1110,1167,1506
apartment_2,seq_0008,23,sequential,9,8,32768,0.84149169921875,0.759490966796875,0.8439834626822369,0.31093569503273005,0.14999999999999988,4.92739841908982,3456,0.21238425925925927,927,668,1127
apartment_2,seq_0008,23,sequential,10,9,32768,0.871490478515625,0.73834228515625,0.8268725706481773,0.13797197815245785,0.14999999999999988,4.98507738567112,3444,0.09814169570267131,609,563,1934
apartment_2,seq_0008,23,sequential,11,10,32768,0.806793212890625,0.717742919921875,0.8281953322994289,0.2565155583636076,0.14999999999999997,4.863412137437561,4236,0.17115203021718603,916,900,1695
apartment_2,seq_0008,23,sequential,12,11,32768,0.85687255859375,0.72259521484375,0.804188332502315,0.23411513859275054,0.14999999999999988,4.877489604842267,3738,0.1926163723916533,796,628,1594
apartment_2,seq_0008,23,sequential,13,12,32768,0.830718994140625,0.72900390625,0.8061055802505419,0.3506399855777898,0.15000000000000066,4.882999267211182,3589,0.20925048760100307,886,697,1255
apartment_2,seq_0008,23,sequential,14,13,32768,0.861724853515625,0.698638916015625,0.7759322874243014,0.2169499006841757,0.14999999999999997,4.730069134191458,3137,0.1475932419509085,573,835,1266
apartment_2,seq_0008,23,sequential,15,14,32768,0.868072509765625,0.724609375,0.798558621901916,0.238029146426093,0.14999999999999988,4.766586662423051,3341,0.18647111643220593,611,597,1510
apartment_2,seq_0008,23,sequential,16,15,32768,0.83575439453125,0.6663818359375,0.7768202731322573,0.10442214790040877,0.14999999999999988,4.638305368301834,3796,0.06480505795574289,724,915,1911
apartment_2,seq_0008,23,sequential,17,16,32768,0.814056396484375,0.68756103515625,0.805398313027179,0.17167241096340063,0.14999999999999997,4.8275352701818415,4055,0.09741060419235512,592,845,2223
apartment_2,seq_0008,23,sequential,18,17,32768,0.85595703125,0.6583251953125,0.7554905875641758,0.08093220338983051,0.14999999999999988,4.8193533394063355,3648,0.05866228070175439,460,697,2277
apartment_2,seq_0008,23,sequential,19,18,32768,0.809173583984375,0.626800537109375,0.7557608900622289,0.07996161842315688,0.14999999999999988,4.689995540419426,3928,0.05015274949083503,471,687,2573
apartment_2,seq_0008,23,sequential,20,19,32768,0.880401611328125,0.64013671875,0.7202676002634407,0.050267925491196734,0.15000000000000077,4.683037149147214,3072,0.031575520833333336,286,561,2128
apartment_2,seq_0008,23,sequential,21,20,32768,0.8443603515625,0.622955322265625,0.7210857308081539,0.09058823529411765,0.1499999999999991,4.624913063455446,3676,0.055495103373231776,468,461,2543
apartment_2,seq_0008,23,sequential,22,21,32768,0.823394775390625,0.57952880859375,0.6732886105036878,0.1423881112839122,0.15000000000000066,4.48426439065747,3759,0.07847831870178239,369,499,2596
apartment_2,seq_0008,23,sequential,23,22,32768,0.8326416015625,0.55523681640625,0.6504911303327958,0.0813274981765135,0.1499999999999991,4.490494206699081,3539,0.05566544221531506,284,555,2503
apartment_2,seq_0002,24,spread,1,0,32768,0.0,0.823028564453125,,0.823028564453125,,,7420,0.5427223719676549,1550,868,975
apartment_2,seq_0002,24,spread,2,23,32768,0.12225341796875,0.592193603515625,0.9405891163255118,0.5436687295737431,3.4499999999999993,61.01232855182325,11492,0.290462930734424,1867,1749,4538
apartment_2,seq_0002,24,spread,3,11,32768,0.65350341796875,0.75982666015625,0.926776874941627,0.4449533204157125,1.6499999999999997,41.079229488979706,6917,0.3440798033829695,1912,1052,1573
apartment_2,seq_0002,24,spread,4,17,32768,0.7093505859375,0.70458984375,0.8403028738599209,0.373372532549349,0.8999999999999997,25.618938508749398,6327,0.22538327801485697,1303,1033,2565
apartment_2,seq_0002,24,spread,5,5,32768,0.7066650390625,0.74072265625,0.9129815166695457,0.3257386600083229,0.7500000000000002,23.13007781654472,6235,0.28580593424218126,1867,1284,1302
apartment_2,seq_0002,24,spread,6,8,32768,0.741302490234375,0.7410888671875,0.8880243711662755,0.3200424678541937,0.4499999999999998,13.886357376733267,5172,0.22080433101314773,1312,1300,1418
apartment_2,seq_0002,24,spread,7,14,32768,0.80596923828125,0.724853515625,0.8483150321847784,0.21201635734507707,0.4499999999999998,13.312218788302559,4588,0.16979075850043593,1291,714,1804
apartment_2,seq_0002,24,spread,8,20,32768,0.819549560546875,0.65911865234375,0.7634704896667287,0.18518518518518517,0.44999999999999896,13.403661156449337,5102,0.16424931399451195,885,611,2768
apartment_2,seq_0002,24,spread,9,3,32768,0.85760498046875,0.74200439453125,0.8339264109316062,0.18838405486498072,0.3000000000000004,9.843198093616662,2916,0.14746227709190673,831,576,1079
apartment_2,seq_0002,24,spread,10,4,32768,0.847686767578125,0.735504150390625,0.8331713287972063,0.19194550190342616,0.15000000000000013,4.877186442150016,2985,0.12897822445561138,801,886,913
apartment_2,seq_0002,24,spread,11,7,32768,0.897430419921875,0.74285888671875,0.8141258883939199,0.11930972924724784,0.15000000000000013,4.710953447445119,2551,0.08114464915719326,488,825,1031
apartment_2,seq_0002,24,spread,12,12,32768,0.848876953125,0.738372802734375,0.8157175726200748,0.3039176090468498,0.15000000000000013,4.570734235600945,3338,0.1713600958657879,631,833,1302
apartment_2,seq_0002,24,spread,13,15,32768,0.9136962890625,0.713165283203125,0.7699064796259185,0.11244695898161244,0.15000000000000013,4.487185923330679,2461,0.1011783827712312,327,478,1407
apartment_2,seq_0002,24,spread,14,18,32768,0.864013671875,0.683868408203125,0.7712630686634643,0.12859066427289048,0.15000000000000013,4.530541203034009,3867,0.12179984484096198,723,571,2102
apartment_2,seq_0002,24,spread,15,19,32768,0.88641357421875,0.667144775390625,0.7375542243338153,0.11767866738312735,0.15000000000000013,4.60435910526142,3216,0.10043532338308457,472,398,2023
apartment_2,seq_0002,24,spread,16,21,32768,0.83477783203125,0.632598876953125,0.7327264751041895,0.12670853343184338,0.15000000000000013,4.514602436052611,4603,0.11144905496415382,914,602,2574
apartment_2,seq_0002,24,spread,17,1,32768,0.8409423828125,0.82501220703125,0.8894977500362897,0.4840752110514198,0.14999999999999986,5.072911047754988,2660,0.28909774436090224,846,431,614
apartment_2,seq_0002,24,spread,18,2,32768,0.879486083984375,0.7869873046875,0.8340678024914119,0.4434033932641175,0.14999999999999986,5.065458196423883,1974,0.22036474164133737,510,382,647
apartment_2,seq_0002,24,spread,19,13,32768,0.915283203125,0.719879150390625,0.7760736196319018,0.1127521613832853,0.1499999999999995,4.591218061714605,2199,0.09731696225557071,532,439,1014
apartment_2,seq_0002,24,spread,20,6,32768,0.927947998046875,0.72900390625,0.7756766534021772,0.1279119017365523,0.14999999999999938,4.718198020457918,2045,0.1198044009779951,522,409,869
apartment_2,seq_0002,24,spread,21,9,32768,0.92620849609375,0.742919921875,0.7939044481054366,0.10297766749379653,0.14999999999999938,4.610336764812404,2027,0.08584114454859398,313,537,1003
apartment_2,seq_0002,24,spread,22,10,32768,0.950347900390625,0.737884521484375,0.7731607848174432,0.0626920712968654,0.14999999999999938,4.676507717782026,1434,0.04811715481171548,137,269,959
apartment_2,seq_0002,24,spread,23,16,32768,0.943817138671875,0.71697998046875,0.7531930028777444,0.10863661053775123,0.14999999999999938,4.5416801385235726,1680,0.0886904761904762,277,193,1061
apartment_2,seq_0002,24,spread,24,22,32768,0.87298583984375,0.610137939453125,0.6866391666084039,0.08433445458913984,0.14999999999999938,4.487185923330656,3592,0.08240534521158129,504,600,2192
apartment_2,seq_0002,24,random,1,18,32768,0.0,0.683868408203125,,0.683868408203125,,,12090,0.3871794871794872,2185,1546,3678
apartment_2,seq_0002,24,random,2,4,32768,0.45501708984375,0.735504150390625,0.9506371562709591,0.5558853175047598,2.0999999999999996,50.06748296573759,7300,0.35712328767123286,2071,1434,1188
apartment_2,seq_0002,24,random,3,21,32768,0.65960693359375,0.632598876953125,0.8029517905061534,0.3024923794154563,0.4500000000000006,13.326286221349143,8106,0.21243523316062177,1653,1091,3640
apartment_2,seq_0002,24,random,4,10,32768,0.608856201171875,0.737884521484375,0.8840659616059345,0.5103378325661231,0.9000000000000005,26.142411226881908,6141,0.2695000814199642,1559,1186,1741
apartment_2,seq_0002,24,random,5,11,32768,0.77301025390625,0.75982666015625,0.8954599289380182,0.2979295509545577,0.14999999999999938,4.531051487494997,5005,0.25294705294705294,1437,873,1429
apartment_2,seq_0002,24,random,6,2,32768,0.74456787109375,0.7869873046875,0.8940077055496353,0.4750298685782557,0.3,10.052947144596907,4019,0.29012192087583977,1129,755,969
apartment_2,seq_0002,24,random,7,22,32768,0.795745849609375,0.610137939453125,0.729012464046021,0.14701927386822053,0.1499999999999995,4.487185923330659,5593,0.12622921509029145,897,898,3092
apartment_2,seq_0002,24,random,8,6,32768,0.819580078125,0.72900390625,0.8478924635090855,0.18893775372124494,0.2999999999999996,9.373260049051185,4072,0.1606090373280943,1095,883,1440
apartment_2,seq_0002,24,random,9,23,32768,0.822998046875,0.592193603515625,0.6868510827647583,0.1520689655172414,0.14999999999999938,4.487185923330656,4737,0.12687354865948913,698,710,2728
apartment_2,seq_0002,24,random,10,3,32768,0.867645263671875,0.74200439453125,0.8187190039041891,0.23910537237721927,0.14999999999999986,4.958182384745571,2760,0.17427536231884058,719,489,1071
apartment_2,seq_0002,24,random,11,20,32768,0.8707275390625,0.65911865234375,0.733702509463059,0.15675165250236073,0.15000000000000013,4.541680138523595,3770,0.14350132625994694,607,462,2160
apartment_2,seq_0002,24,random,12,8,32768,0.86090087890625,0.7410888671875,0.825593761077632,0.2180781044317683,0.3000000000000004,9.359058715773074,3418,0.16822703335283792,791,978,1074
apartment_2,seq_0002,24,random,13,0,32768,0.74310302734375,0.823028564453125,0.8993018480492813,0.6023996198622,0.3,10.791522469807397,3002,0.3111259160559627,872,532,664
apartment_2,seq_0002,24,random,14,16,32768,0.895599365234375,0.71697998046875,0.78243091287014,0.15551008477053493,0.2999999999999995,9.026993519813377,2985,0.11289782244556114,446,344,1858
apartment_2,seq_0002,24,random,15,12,32768,0.876678466796875,0.738372802734375,0.8169666167716783,0.17965850037119524,0.15000000000000013,4.570734235600945,3055,0.12176759410801964,555,820,1308
apartment_2,seq_0002,24,random,16,19,32768,0.89093017578125,0.667144775390625,0.7372747824895527,0.09429210968102966,0.15000000000000013,4.60435910526142,3110,0.0819935691318328,417,452,1986
apartment_2,seq_0002,24,random,17,13,32768,0.890625,0.719879150390625,0.7942708333333334,0.11411830357142858,0.15000000000000024,4.591218061714627,2887,0.10529961898164185,663,627,1293
apartment_2,seq_0002,24,random,18,7,32768,0.92083740234375,0.74285888671875,0.80075561741897,0.06939090208172706,0.15000000000000013,4.710953447445119,2118,0.060906515580736544,393,664,932
apartment_2,seq_0002,24,random,19,5,32768,0.90966796875,0.74072265625,0.7845544820182502,0.2993243243243243,0.14999999999999938,4.88299926721114,2640,0.2871212121212121,649,396,837
apartment_2,seq_0002,24,random,20,17,32768,0.9110107421875,0.70458984375,0.7626289695832775,0.11042524005486969,0.14999999999999938,4.569425569297754,2492,0.09109149277688604,398,442,1425
apartment_2,seq_0002,24,random,21,14,32768,0.908355712890625,0.724853515625,0.7778599025701327,0.19946719946719946,0.1499999999999995,4.509681121843244,2191,0.15107256960292104,578,402,880
apartment_2,seq_0002,24,random,22,9,32768,0.93096923828125,0.742919921875,0.7901396446600669,0.10610079575596817,0.14999999999999938,4.610336764812404,1874,0.08751334044823907,309,505,896
apartment_2,seq_0002,24,random,23,1,32768,0.878021240234375,0.82501220703125,0.8730666295922977,0.47910933199899924,0.14999999999999986,5.072911047754988,2041,0.29152376286134246,658,278,510
apartment_2,seq_0002,24,random,24,15,32768,0.952789306640625,0.713165283203125,0.7441785977387015,0.08726567550096961,0.15000000000000013,4.487185923330679,1395,0.07598566308243727,117,221,951
apartment_2,seq_0002,24,sequential,1,0,32768,0.0,0.823028564453125,,0.823028564453125,,,7420,0.5427223719676549,1550,868,975
apartment_2,seq_0002,24,sequential,2,1,32768,0.651153564453125,0.82501220703125,0.923372545343769,0.6414136995888374,0.14999999999999986,5.072911047754988,4782,0.438728565453785,1305,554,825
apartment_2,seq_0002,24,sequential,3,2,32768,0.6090087890625,0.7869873046875,0.9202244938865504,0.5794567592881673,0.15000000000000013,5.065458196423893,5152,0.40353260869565216,1557,642,874
apartment_2,seq_0002,24,sequential,4,3,32768,0.69061279296875,0.74200439453125,0.9292090145824127,0.324127046754784,0.14999999999999986,4.958182384745571,5503,0.2931128475377067,1732,844,1314
apartment_2,seq_0002,24,sequential,5,4,32768,0.757843017578125,0.735504150390625,0.9015020335843434,0.21600504095778197,0.15000000000000013,4.877186442150016,4714,0.17819261773440814,1517,1298,1059
apartment_2,seq_0002,24,sequential,6,5,32768,0.770050048828125,0.74072265625,0.8826536678159553,0.26542800265428,0.15000000000000024,4.882999267211169,5378,0.2632949051692079,1539,1192,1231
apartment_2,seq_0002,24,sequential,7,6,32768,0.815765380859375,0.72900390625,0.8420186300549923,0.22859035945005798,0.14999999999999938,4.718198020457918,4377,0.19785241032670778,1072,944,1495
apartment_2,seq_0002,24,sequential,8,7,32768,0.857940673828125,0.74285888671875,0.8267349624728774,0.23630504833512353,0.15000000000000024,4.710953447445123,3406,0.17615971814445097,799,864,1143
apartment_2,seq_0002,24,sequential,9,8,32768,0.8148193359375,0.7410888671875,0.8282022471910112,0.3577785102175346,0.15000000000000013,4.710953447445119,4088,0.24779843444227007,926,953,1196
apartment_2,seq_0002,24,sequential,10,9,32768,0.852783203125,0.742919921875,0.8402519324363011,0.1791044776119403,0.14999999999999938,4.610336764812404,3628,0.13230429988974643,749,959,1440
apartment_2,seq_0002,24,sequential,11,10,32768,0.88714599609375,0.737884521484375,0.8037495700034399,0.22011898323418064,0.15000000000000113,4.67650771778208,2869,0.15754618333914255,553,493,1371
apartment_2,seq_0002,24,sequential,12,11,32768,0.85357666015625,0.75982666015625,0.8475509474436896,0.2484368486869529,0.14999999999999938,4.531051487494997,3617,0.21454243848493226,734,739,1368
apartment_2,seq_0002,24,sequential,13,12,32768,0.877349853515625,0.738372802734375,0.8025322619917215,0.27942274197561584,0.15000000000000013,4.570734235600945,2930,0.16075085324232083,486,716,1257
apartment_2,seq_0002,24,sequential,14,13,32768,0.87432861328125,0.719879150390625,0.8013961605584642,0.1527440505099563,0.15000000000000024,4.591218061714627,3390,0.13126843657817108,755,651,1539
apartment_2,seq_0002,24,sequential,15,14,32768,0.858734130859375,0.724853515625,0.8032979139272896,0.24800172823503996,0.1499999999999995,4.509681121843244,3421,0.17129494299912307,753,695,1387
apartment_2,seq_0002,24,sequential,16,15,32768,0.92132568359375,0.713165283203125,0.7633322292149718,0.1256788207913111,0.15000000000000013,4.487185923330679,2300,0.10347826086956521,237,392,1433
apartment_2,seq_0002,24,sequential,17,16,32768,0.884613037109375,0.71697998046875,0.7864904957394694,0.18407828616768052,0.15000000000000024,4.541680138523598,3134,0.13752393107849395,623,380,1700
apartment_2,seq_0002,24,sequential,18,17,32768,0.881805419921875,0.70458984375,0.7793389859837342,0.1469145365349858,0.14999999999999938,4.569425569297754,3193,0.10836204196680238,498,544,1805
apartment_2,seq_0002,24,sequential,19,18,32768,0.851348876953125,0.683868408203125,0.7809441875470481,0.1278998152330117,0.15000000000000013,4.530541203034009,4309,0.1206776514272453,667,651,2471
apartment_2,seq_0002,24,sequential,20,19,32768,0.850738525390625,0.667144775390625,0.7584747282706173,0.14659578818237579,0.15000000000000036,4.604359105261426,3994,0.11517275913870806,658,509,2367
apartment_2,seq_0002,24,sequential,21,20,32768,0.887847900390625,0.65911865234375,0.7247104114391778,0.13986394557823129,0.15000000000000013,4.541680138523595,3284,0.11388550548112059,433,369,2108
apartment_2,seq_0002,24,sequential,22,21,32768,0.82666015625,0.632598876953125,0.7411030714707619,0.11514084507042253,0.15000000000000013,4.514602436052611,4807,0.10089452881214894,886,692,2744
apartment_2,seq_0002,24,sequential,23,22,32768,0.85760498046875,0.610137939453125,0.6962849619244182,0.09129875696528075,0.1499999999999995,4.487185923330659,4035,0.08971499380421313,587,694,2392
apartment_2,seq_0002,24,sequential,24,23,32768,0.8984375,0.592193603515625,0.6512907608695652,0.0694110576923077,0.14999999999999938,4.487185923330656,3070,0.06905537459283388,245,374,2239
apartment_2,seq_0007,30,spread,1,0,32768,0.0,0.74969482421875,,0.74969482421875,,,10860,0.47808471454880297,2040,1534,2094
apartment_2,seq_0007,30,spread,2,29,32768,0.002838134765625,0.8033447265625,0.7311827956989247,0.8035501147666412,4.35,71.27439796899985,5755,0.7476976542137272,1449,3,0
apartment_2,seq_0007,30,spread,3,14,32768,0.4322509765625,0.726776123046875,0.9299632872070037,0.5720812728445496,2.1,49.25236753609268,8345,0.3610545236668664,1761,1348,2223
apartment_2,seq_0007,30,spread,4,7,32768,0.6541748046875,0.73577880859375,0.8817409964545624,0.45967172608542184,1.05,28.85277937426988,6083,0.2677954956435969,1647,1069,1738
apartment_2,seq_0007,30,spread,5,21,32768,0.524322509765625,0.683074951171875,0.8898783539956929,0.4551228587925836,1.05,31.568547139121446,7217,0.3063599833725925,1688,1504,1814
apartment_2,seq_0007,30,spread,6,25,32768,0.53125,0.744171142578125,0.8978630514705882,0.5699869791666666,0.5999999999999993,24.403048939389397,4804,0.34554537885095754,1903,893,348
apartment_2,seq_0007,30,spread,7,11,32768,0.7864990234375,0.744903564453125,0.8688887164364426,0.2881646655231561,0.4500000000000001,13.06051727582024,4783,0.22956303575162032,997,858,1830
apartment_2,seq_0007,30,spread,8,18,32768,0.751708984375,0.69647216796875,0.8443894121468009,0.2486479842674533,0.45000000000000007,14.593749092033683,5450,0.18990825688073396,1383,1146,1886
apartment_2,seq_0007,30,spread,9,3,32768,0.822998046875,0.744232177734375,0.8587585286265204,0.21172413793103448,0.4499999999999997,13.24789855300569,4144,0.15685328185328185,983,964,1547
apartment_2,seq_0007,30,spread,10,5,32768,0.83453369140625,0.74688720703125,0.8420975645432605,0.266691257838436,0.29999999999999977,8.945843730234028,3992,0.19263527054108218,940,800,1483
apartment_2,seq_0007,30,spread,11,9,32768,0.850677490234375,0.73651123046875,0.8360538116591928,0.16942571019824237,0.29999999999999977,8.867431993880206,3791,0.1506198892112899,915,683,1622
apartment_2,seq_0007,30,spread,12,16,32768,0.84112548828125,0.717041015625,0.8088672810391119,0.23088743757203228,0.29999999999999977,9.847061320325922,3970,0.18035264483627203,779,756,1719
apartment_2,seq_0007,30,spread,13,23,32768,0.716705322265625,0.660614013671875,0.7997019374068555,0.3087363998707314,0.29999999999999966,11.958805928230278,4165,0.20936374549819928,1444,1026,823
apartment_2,seq_0007,30,spread,14,27,32768,0.84576416015625,0.8280029296875,0.8384210146496356,0.7708745548080728,0.29999999999999966,12.770740199915336,1709,0.7045055588063195,505,0,0
apartment_2,seq_0007,30,spread,15,19,32768,0.85357666015625,0.697540283203125,0.788594923131927,0.16673614005835766,0.1500000000000003,5.014139951060645,3564,0.13748597081930417,728,758,1588
apartment_2,seq_0007,30,spread,16,13,32768,0.879669189453125,0.73406982421875,0.8090199479618387,0.18615267562769464,0.14999999999999994,4.710953447445113,3039,0.14741691345837446,544,585,1462
apartment_2,seq_0007,30,spread,17,1,32768,0.874603271484375,0.760467529296875,0.8423531874803727,0.18934047213433924,0.14999999999999988,4.618756692146342,3025,0.12793388429752067,565,700,1373
apartment_2,seq_0007,30,spread,18,2,32768,0.927947998046875,0.743621826171875,0.793369947709409,0.10292249047013977,0.14999999999999988,4.510524342320671,2014,0.08291956305858987,360,484,1003
apartment_2,seq_0007,30,spread,19,12,32768,0.923492431640625,0.74676513671875,0.794884504808169,0.16593538093338653,0.14999999999999988,4.564005183893531,1972,0.14046653144016227,384,344,967
apartment_2,seq_0007,30,spread,20,17,32768,0.898101806640625,0.72491455078125,0.7921777838186822,0.1320754716981132,0.14999999999999988,4.960157302235693,2924,0.11662106703146374,459,645,1479
apartment_2,seq_0007,30,spread,21,20,32768,0.915863037109375,0.697906494140625,0.7508913398420579,0.1211461733768589,0.14999999999999988,5.0686503724493,2205,0.09206349206349207,518,550,934
apartment_2,seq_0007,30,spread,22,24,32768,0.835235595703125,0.703277587890625,0.7874602652636195,0.27653269123911833,0.14999999999999988,5.297725542439354,2851,0.21150473518063836,823,825,600
apartment_2,seq_0007,30,spread,23,4,32768,0.904022216796875,0.744537353515625,0.8058940687978935,0.16661367249602543,0.14999999999999983,4.56400518389353,2406,0.11471321695760599,497,539,1094
apartment_2,seq_0007,30,spread,24,6,32768,0.90460205078125,0.736236572265625,0.7871938465690574,0.2530390275111964,0.14999999999999983,4.571593640854648,2373,0.17656974294142436,416,504,1034
apartment_2,seq_0007,30,spread,25,8,32768,0.900115966796875,0.73919677734375,0.8030174605865401,0.16406966086159486,0.14999999999999983,4.4173238761008,2498,0.14051240992794237,570,518,1059
apartment_2,seq_0007,30,spread,26,10,32768,0.950531005859375,0.730010986328125,0.759816354705108,0.15731030228254164,0.14999999999999983,4.55039382663709,1372,0.13629737609329445,233,186,766
apartment_2,seq_0007,30,spread,27,15,32768,0.9486083984375,0.72540283203125,0.7617423754986489,0.05463182897862233,0.1499999999999998,4.855292064666619,1572,0.045165394402035625,156,229,1116
apartment_2,seq_0007,30,spread,28,22,32768,0.90673828125,0.666015625,0.7143578352180937,0.19600785340314136,0.1499999999999998,5.158087650591931,2112,0.13399621212121213,383,632,814
apartment_2,seq_0007,30,spread,29,26,32768,0.881011962890625,0.825653076171875,0.8657729744708857,0.5285970761733778,0.1499999999999998,7.263202826677129,1395,0.5161290322580645,656,19,0
apartment_2,seq_0007,30,spread,30,28,32768,0.922454833984375,0.79278564453125,0.8011380553809508,0.6934277843368752,0.1499999999999993,5.828401021970436,1027,0.7176241480038948,206,84,0
apartment_2,seq_0007,30,random,1,2,32768,0.0,0.743621826171875,,0.743621826171875,,,10746,0.4666852782430672,2296,1408,2027
apartment_2,seq_0007,30,random,2,11,32768,0.49114990234375,0.744903564453125,0.9231390580340499,0.5728679381072328,1.35,34.83571497900193,7829,0.36837399412440924,1636,1129,2180
apartment_2,seq_0007,30,random,3,26,32768,0.1024169921875,0.825653076171875,0.8721692491060786,0.8203454372365021,2.25,62.38683491688597,5102,0.6885535084280674,1542,47,0
apartment_2,seq_0007,30,random,4,21,32768,0.51739501953125,0.683074951171875,0.9131178482953876,0.4364487163273049,0.7500000000000001,23.696246114544895,7663,0.3220670755578755,1796,1532,1867
apartment_2,seq_0007,30,random,5,10,32768,0.745269775390625,0.730010986328125,0.8783014618565989,0.2961543069366239,0.14999999999999983,4.55039382663709,5407,0.25411503606436103,1524,801,1708
apartment_2,seq_0007,30,random,6,4,32768,0.770721435546875,0.744537353515625,0.8771332409423876,0.29881538666311724,0.3000000000000006,9.070815253909242,5075,0.21635467980295567,1310,1064,1603
apartment_2,seq_0007,30,random,7,28,32768,0.68792724609375,0.79278564453125,0.8134593203797356,0.7472129865049872,0.3000000000000003,11.538615106135047,3192,0.7521929824561403,697,94,0
apartment_2,seq_0007,30,random,8,16,32768,0.767486572265625,0.717041015625,0.854308322398505,0.26394539965874786,0.7499999999999999,23.45794989546029,5440,0.20827205882352942,1149,1060,2098
apartment_2,seq_0007,30,random,9,23,32768,0.673797607421875,0.660614013671875,0.8297024321753702,0.3113481148844607,0.29999999999999966,11.958805928230278,4719,0.21551176096630642,1576,1145,981
apartment_2,seq_0007,30,random,10,6,32768,0.7080078125,0.736236572265625,0.8346120689655172,0.4977006688963211,0.29999999999999966,9.085708788853003,4911,0.25717776420281,1118,972,1558
apartment_2,seq_0007,30,random,11,18,32768,0.802703857421875,0.69647216796875,0.824278599399308,0.17648878576952823,0.29999999999999977,9.847061320325922,4651,0.15201032036121265,1174,1002,1768
apartment_2,seq_0007,30,random,12,25,32768,0.75653076171875,0.744171142578125,0.8663170633319887,0.36462772624717976,0.1499999999999998,6.4708952932245944,3484,0.25229621125143514,1413,859,333
apartment_2,seq_0007,30,random,13,3,32768,0.88385009765625,0.744232177734375,0.8154823561908708,0.20204939569101418,0.14999999999999988,4.487185923330671,2934,0.1492842535787321,601,699,1196
apartment_2,seq_0007,30,random,14,29,32768,0.84344482421875,0.8033447265625,0.8301613720240248,0.6588693957115009,0.1499999999999993,5.808445629765733,1897,0.6900369003690037,586,2,0
apartment_2,seq_0007,30,random,15,8,32768,0.857086181640625,0.73919677734375,0.8312266334342175,0.1872731155242366,0.29999999999999977,8.7827508917006,3488,0.15022935779816513,851,678,1435
apartment_2,seq_0007,30,random,16,0,32768,0.82977294921875,0.74969482421875,0.8425524089738875,0.2970598780925063,0.29999999999999977,9.244414961068667,3903,0.2026646169613118,720,956,1436
apartment_2,seq_0007,30,random,17,19,32768,0.85382080078125,0.697540283203125,0.7903710057902638,0.15532359081419625,0.1500000000000003,5.014139951060645,3579,0.12936574462140263,727,791,1598
apartment_2,seq_0007,30,random,18,12,32768,0.902587890625,0.74676513671875,0.8074790370570734,0.18421052631578946,0.14999999999999988,4.564005183893531,2454,0.1430317848410758,472,432,1199
apartment_2,seq_0007,30,random,19,20,32768,0.912994384765625,0.697906494140625,0.7538188989537721,0.11118905647141354,0.14999999999999988,5.0686503724493,2289,0.08737439930100481,517,587,985
apartment_2,seq_0007,30,random,20,13,32768,0.90283203125,0.73406982421875,0.7943820984315847,0.17368090452261306,0.1500000000000003,4.7109534474451245,2489,0.14584170349537967,470,479,1177
apartment_2,seq_0007,30,random,21,7,32768,0.92523193359375,0.73577880859375,0.7852760736196319,0.12326530612244897,0.14999999999999983,4.500348922241867,2025,0.10123456790123457,384,470,966
apartment_2,seq_0007,30,random,22,5,32768,0.920623779296875,0.74688720703125,0.8019690390161435,0.10803537101114956,0.14999999999999983,4.500348922241867,2206,0.08703535811423391,317,456,1241
apartment_2,seq_0007,30,random,23,17,32768,0.8992919921875,0.72491455078125,0.7921474141441563,0.12454545454545454,0.14999999999999988,4.960157302235693,2893,0.10957483581057725,450,647,1479
apartment_2,seq_0007,30,random,24,14,32768,0.9141845703125,0.726776123046875,0.7784083322205902,0.1767425320056899,0.14999999999999994,4.739203804378725,2144,0.13013059701492538,411,416,1038
apartment_2,seq_0007,30,random,25,22,32768,0.904815673828125,0.666015625,0.71708995244359,0.18050657261942932,0.1499999999999998,5.158087650591931,2170,0.1271889400921659,398,662,834
apartment_2,seq_0007,30,random,26,9,32768,0.94683837890625,0.73651123046875,0.7705472829239992,0.13030998851894374,0.14999999999999988,4.460425300453237,1504,0.10571808510638298,250,250,845
apartment_2,seq_0007,30,random,27,27,32768,0.945831298828125,0.8280029296875,0.8361888168296067,0.6850704225352112,0.14999999999999988,6.465671360674965,862,0.6415313225058005,309,0,0
apartment_2,seq_0007,30,random,28,24,32768,0.863555908203125,0.703277587890625,0.7814962716895784,0.20823082084544844,0.14999999999999988,5.297725542439354,2554,0.16953797963978073,766,765,590
apartment_2,seq_0007,30,random,29,1,32768,0.913818359375,0.760467529296875,0.8199305370024045,0.12995750708215298,0.14999999999999988,4.618756692146342,2250,0.08577777777777777,342,527,1188
apartment_2,seq_0007,30,random,30,15,32768,0.949127197265625,0.72540283203125,0.7614224623002476,0.05338932213557288,0.1499999999999998,4.855292064666619,1557,0.04431599229287091,152,226,1110
apartment_2,seq_0007,30,sequential,1,0,32768,0.0,0.74969482421875,,0.74969482421875,,,10860,0.47808471454880297,2040,1534,2094
apartment_2,seq_0007,30,sequential,2,1,32768,0.662506103515625,0.760467529296875,0.924961997328297,0.4375621665611719,0.14999999999999988,4.618756692146342,6878,0.318551904623437,1583,1171,1933
apartment_2,seq_0007,30,sequential,3,2,32768,0.800445556640625,0.743621826171875,0.8626710892523543,0.26609573329255237,0.14999999999999988,4.510524342320671,4750,0.2183157894736842,1231,871,1611
apartment_2,seq_0007,30,sequential,4,3,32768,0.845794677734375,0.744232177734375,0.8395092909976547,0.22165050465070255,0.14999999999999988,4.487185923330671,3808,0.17331932773109243,842,831,1475
apartment_2,seq_0007,30,sequential,5,4,32768,0.79779052734375,0.744537353515625,0.857700252467294,0.29806821611832174,0.1500000000000007,4.564005183893555,4970,0.2535211267605634,1208,1006,1496
apartment_2,seq_0007,30,sequential,6,5,32768,0.772186279296875,0.74688720703125,0.8223926016677864,0.49095780308104486,0.14999999999999983,4.500348922241867,4413,0.2866530704736007,916,694,1538
apartment_2,seq_0007,30,sequential,7,6,32768,0.795166015625,0.736236572265625,0.8386935830518882,0.33849821215733017,0.14999999999999983,4.571593640854648,4583,0.2509273401701942,1094,865,1474
apartment_2,seq_0007,30,sequential,8,7,32768,0.88922119140625,0.73577880859375,0.8044134806781522,0.18484848484848485,0.14999999999999994,4.500348922241869,2837,0.15227352837504407,734,550,1121
apartment_2,seq_0007,30,sequential,9,8,32768,0.794219970703125,0.73919677734375,0.8531027857829011,0.2995699243660092,0.14999999999999983,4.4173238761008,4775,0.23853403141361257,1147,811,1678
apartment_2,seq_0007,30,sequential,10,9,32768,0.822845458984375,0.73651123046875,0.8423395022809035,0.24496124031007752,0.14999999999999988,4.460425300453237,4203,0.2050916012372115,1046,828,1467
apartment_2,seq_0007,30,sequential,11,10,32768,0.875213623046875,0.730010986328125,0.797447609749294,0.2570310589386158,0.1500000000000003,4.550393826637105,3061,0.21202221496243057,587,495,1330
apartment_2,seq_0007,30,sequential,12,11,32768,0.871337890625,0.744903564453125,0.822254132810311,0.22106261859582543,0.14999999999999983,4.421711320924159,3127,0.18803965462104252,623,592,1324
apartment_2,seq_0007,30,sequential,13,12,32768,0.89019775390625,0.74676513671875,0.8075762769969146,0.2537520844913841,0.14999999999999988,4.564005183893531,2776,0.20280979827089338,535,444,1234
apartment_2,seq_0007,30,sequential,14,13,32768,0.885467529296875,0.73406982421875,0.8023436153713597,0.20623501199040767,0.1500000000000003,4.7109534474451245,2945,0.16808149405772496,526,611,1313
apartment_2,seq_0007,30,sequential,15,14,32768,0.87396240234375,0.726776123046875,0.8032334660241637,0.19661016949152543,0.14999999999999994,4.739203804378725,3121,0.162447933354694,592,688,1334
apartment_2,seq_0007,30,sequential,16,15,32768,0.920654296875,0.72540283203125,0.7757889154070539,0.14076923076923076,0.1499999999999998,4.855292064666619,2388,0.12395309882747069,292,364,1436
apartment_2,seq_0007,30,sequential,17,16,32768,0.84771728515625,0.717041015625,0.8013895888832889,0.24749498997995992,0.1500000000000003,4.960157302235706,3805,0.19816031537450723,804,705,1542
apartment_2,seq_0007,30,sequential,18,17,32768,0.856109619140625,0.72491455078125,0.8077567461590561,0.2320254506892895,0.14999999999999988,4.960157302235693,3715,0.19784656796769853,675,763,1542
apartment_2,seq_0007,30,sequential,19,18,32768,0.80609130859375,0.69647216796875,0.8050654955705308,0.24504249291784702,0.14999999999999988,4.960157302235693,4610,0.19761388286334056,1149,1054,1496
apartment_2,seq_0007,30,sequential,20,19,32768,0.835479736328125,0.697540283203125,0.77966906527377,0.28046744574290483,0.1500000000000003,5.014139951060645,3810,0.19868766404199475,793,796,1464
apartment_2,seq_0007,30,sequential,21,20,32768,0.901214599609375,0.697906494140625,0.7547323151942027,0.1794871794871795,0.14999999999999988,5.0686503724493,2524,0.1434231378763867,590,602,970
apartment_2,seq_0007,30,sequential,22,21,32768,0.81207275390625,0.683074951171875,0.7853438556933484,0.24114972393634296,0.14999999999999988,5.016464718252514,3787,0.1914444151043042,933,889,1240
apartment_2,seq_0007,30,sequential,23,22,32768,0.863861083984375,0.666015625,0.7142402939202317,0.36000896659941717,0.1499999999999998,5.158087650591931,2527,0.2077562326869806,497,672,833
apartment_2,seq_0007,30,sequential,24,23,32768,0.7861328125,0.660614013671875,0.7564052795031055,0.3085045662100457,0.14999999999999988,6.045239958766328,3242,0.19617520049352252,1180,800,626
apartment_2,seq_0007,30,sequential,25,24,32768,0.765838623046875,0.703277587890625,0.7799163179916317,0.452626091489639,0.14999999999999988,5.297725542439354,3518,0.32632177373507676,955,838,577
apartment_2,seq_0007,30,sequential,26,25,32768,0.704742431640625,0.744171142578125,0.8219373836227428,0.5585529715762274,0.15000000000000077,6.470895293224636,3811,0.3838887431120441,1486,593,269
apartment_2,seq_0007,30,sequential,27,26,32768,0.8033447265625,0.825653076171875,0.8789697614344325,0.6078522656734947,0.1499999999999998,7.263202826677129,2157,0.5753361149745017,897,19,0
apartment_2,seq_0007,30,sequential,28,27,32768,0.875946044921875,0.8280029296875,0.8427342089677037,0.7239852398523985,0.14999999999999988,6.465671360674965,1939,0.7199587416193914,541,2,0
apartment_2,seq_0007,30,sequential,29,28,32768,0.869110107421875,0.79278564453125,0.7943396888935707,0.782466775472138,0.15000000000000038,5.828401021970478,1548,0.7777777777777778,260,84,0
apartment_2,seq_0007,30,sequential,30,29,32768,0.933319091796875,0.8033447265625,0.8074093450609816,0.7464530892448512,0.1499999999999993,5.808445629765733,929,0.7039827771797632,275,0,0
apartment_2,seq_0003,31,spread,1,0,32768,0.0,0.7445068359375,,0.7445068359375,,,11436,0.5005246589716684,2222,1127,2363
apartment_2,seq_0003,31,spread,2,30,32768,0.012969970703125,0.54205322265625,0.15764705882352942,0.5471044739201681,4.500000000000001,72.60929111228478,8151,0.1799779168200221,805,1122,4757
apartment_2,seq_0003,31,spread,3,15,32768,0.443359375,0.681427001953125,0.9306855726872246,0.48289473684210527,2.2500000000000004,51.02753957696757,8507,0.23580580698248502,1607,2118,2776
apartment_2,seq_0003,31,spread,4,23,32768,0.480865478515625,0.686676025390625,0.9143237926001142,0.4758097701487273,1.0500000000000014,34.68940777214003,5649,0.22446450699238804,826,1108,2447
apartment_2,seq_0003,31,spread,5,7,32768,0.6846923828125,0.741943359375,0.9064895703333927,0.38463027487417734,1.0500000000000005,28.758344820617516,6686,0.294495961711038,1582,1124,2011
apartment_2,seq_0003,31,spread,6,11,32768,0.788787841796875,0.73736572265625,0.8533292064843115,0.30429128738621586,0.5999999999999992,17.475635571711695,5155,0.2510184287099903,1257,780,1824
apartment_2,seq_0003,31,spread,7,19,32768,0.656524658203125,0.646331787109375,0.8919258122995398,0.17689915593069747,0.5999999999999991,19.4294669384091,4901,0.15200979391960825,1405,1068,1683
apartment_2,seq_0003,31,spread,8,27,32768,0.7216796875,0.63629150390625,0.8090747631935047,0.1882675438596491,0.4500000000000013,20.48370415397467,4012,0.05707876370887338,432,750,2601
apartment_2,seq_0003,31,spread,9,4,32768,0.795318603515625,0.75323486328125,0.8708798587928323,0.2961085433129566,0.4500000000000004,13.134687735135968,4898,0.2523478971008575,1034,944,1684
apartment_2,seq_0003,31,spread,10,2,32768,0.70849609375,0.729034423828125,0.8117246726395589,0.5280569514237856,0.30000000000000004,9.081453703049892,5104,0.28605015673981193,1050,930,1664
apartment_2,seq_0003,31,spread,11,13,32768,0.83740234375,0.702545166015625,0.8159256559766764,0.11861861861861862,0.3,9.262030633892701,4183,0.09921109251733205,1053,983,1732
apartment_2,seq_0003,31,spread,12,25,32768,0.769989013671875,0.69073486328125,0.8092425983908684,0.2940161868117288,0.3,11.843290332929554,3463,0.07652324574068727,392,649,2157
apartment_2,seq_0003,31,spread,13,9,32768,0.875091552734375,0.74285888671875,0.825283347863993,0.16540434888834596,0.2999999999999992,8.973177305093152,3296,0.15048543689320387,774,627,1399
apartment_2,seq_0003,31,spread,14,17,32768,0.821533203125,0.662109375,0.7705052005943537,0.1631326949384405,0.29999999999999916,9.676603825643937,3771,0.10554229647308407,784,847,1742
apartment_2,seq_0003,31,spread,15,21,32768,0.720703125,0.68609619140625,0.8384146341463414,0.2930506993006993,0.29999999999999916,10.487339967274451,3457,0.15070870697136246,748,874,1314
apartment_2,seq_0003,31,spread,16,29,32768,0.811126708984375,0.629974365234375,0.7568757289589526,0.08498949749555663,0.15000000000000133,6.835557325348987,3920,0.02295918367346939,256,569,3005
apartment_2,seq_0003,31,spread,17,6,32768,0.91412353515625,0.749542236328125,0.8012285504440142,0.19936034115138593,0.15000000000000044,4.4173238761008164,2349,0.16773094934014474,486,389,1080
apartment_2,seq_0003,31,spread,18,14,32768,0.89556884765625,0.68829345703125,0.7570026579431609,0.09906487434248977,0.1500000000000004,4.683037149147204,2634,0.06643887623386484,536,764,1159
apartment_2,seq_0003,31,spread,19,24,32768,0.90948486328125,0.693115234375,0.7600496610965707,0.020566419420094403,0.14999999999999963,5.744629467803812,2188,0.012797074954296161,146,307,1707
apartment_2,seq_0003,31,spread,20,1,32768,0.901947021484375,0.7392578125,0.7943495178480798,0.23249299719887956,0.14999999999999958,4.417323876100792,2660,0.20451127819548873,483,457,1176
apartment_2,seq_0003,31,spread,21,3,32768,0.912750244140625,0.7286376953125,0.7880236718044735,0.10738020286813571,0.14999999999999958,4.417323876100792,2102,0.08943862987630828,551,429,934
apartment_2,seq_0003,31,spread,22,5,32768,0.9124755859375,0.74615478515625,0.8053511705685619,0.1290097629009763,0.14999999999999958,4.455013353588325,2302,0.1155516941789748,499,524,1013
apartment_2,seq_0003,31,spread,23,8,32768,0.948455810546875,0.74737548828125,0.7756362817336465,0.22735346358792186,0.14999999999999958,4.460425300453228,1439,0.2098679638637943,168,272,697
apartment_2,seq_0003,31,spread,24,10,32768,0.927947998046875,0.73291015625,0.7786364981747624,0.14400677678949597,0.14999999999999958,4.543963142670059,2028,0.1346153846153846,541,314,900
apartment_2,seq_0003,31,spread,25,12,32768,0.88812255859375,0.714630126953125,0.7919043364717202,0.10120021822149482,0.14999999999999958,4.659701332235444,3046,0.09258043335521995,875,735,1154
apartment_2,seq_0003,31,spread,26,16,32768,0.922271728515625,0.677947998046875,0.7273088249892459,0.0922654102866117,0.14999999999999958,4.7383436942960575,1980,0.0691919191919192,343,511,989
apartment_2,seq_0003,31,spread,27,18,32768,0.88525390625,0.65740966796875,0.7291436845008273,0.10398936170212766,0.14999999999999958,4.94538292421985,2872,0.06302228412256268,440,912,1339
apartment_2,seq_0003,31,spread,28,20,32768,0.849945068359375,0.71173095703125,0.8031668521776597,0.1938173683140126,0.14999999999999958,5.18002796590901,2239,0.13711478338543992,496,724,712
apartment_2,seq_0003,31,spread,29,22,32768,0.89300537109375,0.684600830078125,0.7487184744720115,0.14945807187678267,0.14999999999999958,5.701151094917585,2518,0.06552819698173153,256,504,1593
apartment_2,seq_0003,31,spread,30,26,32768,0.8621826171875,0.674041748046875,0.7766529803199773,0.03210806023029229,0.14999999999999958,6.114047237830925,2606,0.02417498081350729,251,500,1792
apartment_2,seq_0003,31,spread,31,28,32768,0.896240234375,0.646636962890625,0.719694906020158,0.015588235294117648,0.1499999999999995,6.5377745897803745,2765,0.00867992766726944,157,300,2284
apartment_2,seq_0003,31,random,1,2,32768,0.0,0.729034423828125,,0.729034423828125,,,11629,0.45257545790695675,2435,1591,2340
apartment_2,seq_0003,31,random,2,11,32768,0.4041748046875,0.73736572265625,0.885306553911205,0.6370108584306494,1.3499999999999996,35.312631798371925,8528,0.38191838649155724,1796,1240,2235
apartment_2,seq_0003,31,random,3,25,32768,0.2589111328125,0.69073486328125,0.8785950023573786,0.6251029484434195,2.1,55.73547744576083,6308,0.2604629042485732,805,1125,2735
apartment_2,seq_0003,31,random,4,21,32768,0.568572998046875,0.68609619140625,0.9046750040255488,0.39803352903727807,0.6000000000000001,20.315611034731358,5294,0.2213826973932754,999,1197,1926
apartment_2,seq_0003,31,random,5,10,32768,0.7574462890625,0.73291015625,0.8788879935535858,0.2770508303975843,0.14999999999999958,4.543963142670059,5868,0.2312542603953647,1513,1151,1847
apartment_2,seq_0003,31,random,6,4,32768,0.760650634765625,0.75323486328125,0.8679237713139418,0.388754303200306,0.30000000000000004,8.842271281119,5453,0.30570328259673574,1130,899,1757
apartment_2,seq_0003,31,random,7,29,32768,0.559295654296875,0.629974365234375,0.881322638729743,0.3109895436604113,0.6,25.61720430444814,5475,0.06191780821917808,553,956,3627
apartment_2,seq_0003,31,random,8,16,32768,0.76910400390625,0.677947998046875,0.8198555670184906,0.20526037536346814,0.7499999999999997,22.511256442311588,4885,0.13244626407369497,953,1359,1926
apartment_2,seq_0003,31,random,9,23,32768,0.71185302734375,0.686676025390625,0.864743205007288,0.2467697521711502,0.3,11.186463040042762,4132,0.10648596321393998,630,878,2184
apartment_2,seq_0003,31,random,10,6,32768,0.81689453125,0.749542236328125,0.8576285116557083,0.2673333333333333,0.3,8.782750891700607,4550,0.21934065934065933,1052,815,1685
apartment_2,seq_0003,31,random,11,18,32768,0.7352294921875,0.65740966796875,0.8340527976091648,0.1668971876440756,0.29999999999999916,9.818158851522933,5024,0.09156050955414012,1095,1409,2060
apartment_2,seq_0003,31,random,12,26,32768,0.775604248046875,0.674041748046875,0.8351760771198111,0.11709506323949409,0.14999999999999958,6.114047237830925,3458,0.034991324465008675,387,709,2241
apartment_2,seq_0003,31,random,13,3,32768,0.881103515625,0.7286376953125,0.8047589359933499,0.1645277207392197,0.14999999999999958,4.417323876100792,2891,0.1463161535800761,762,555,1151
apartment_2,seq_0003,31,random,14,30,32768,0.700408935546875,0.54205322265625,0.7260250098034944,0.11194866048691046,0.15000000000000133,6.0749658512829265,5120,0.0361328125,351,622,3962
apartment_2,seq_0003,31,random,15,8,32768,0.90118408203125,0.74737548828125,0.8088384693532001,0.1868437306979617,0.30000000000000004,8.867431993880214,2621,0.17130866081648227,437,527,1208
apartment_2,seq_0003,31,random,16,0,32768,0.8240966796875,0.7445068359375,0.828617982521108,0.35045107564191535,0.30000000000000004,8.771281647894652,4214,0.3141907925961082,791,538,1561
apartment_2,seq_0003,31,random,17,19,32768,0.841949462890625,0.646331787109375,0.7507702345137555,0.08997876037845144,0.15000000000000133,5.039503123906887,2836,0.10190409026798307,692,665,1190
apartment_2,seq_0003,31,random,18,12,32768,0.8470458984375,0.714630126953125,0.8129773742614209,0.16999201915403034,0.1500000000000004,4.65970133223547,3911,0.1257990283814881,1001,853,1565
apartment_2,seq_0003,31,random,19,20,32768,0.82757568359375,0.71173095703125,0.8162843867541855,0.20991150442477877,0.14999999999999958,5.18002796590901,2637,0.13196814562002276,552,796,941
apartment_2,seq_0003,31,random,20,13,32768,0.872833251953125,0.702545166015625,0.7906017272123352,0.09815214782817375,0.14999999999999958,4.661467952803674,3169,0.0782581255916693,911,742,1268
apartment_2,seq_0003,31,random,21,7,32768,0.954681396484375,0.741943359375,0.7710577630022696,0.1286195286195286,0.14999999999999958,4.482886862171262,1264,0.10759493670886076,227,267,634
apartment_2,seq_0003,31,random,22,5,32768,0.912933349609375,0.74615478515625,0.805081063011867,0.12828601472134596,0.14999999999999958,4.455013353588325,2274,0.11081794195250659,506,544,972
apartment_2,seq_0003,31,random,23,17,32768,0.879913330078125,0.662109375,0.7293379114209413,0.16950444726810673,0.14999999999999958,4.873050377828744,2717,0.11225616488774383,604,670,1138
apartment_2,seq_0003,31,random,24,14,32768,0.91424560546875,0.68829345703125,0.7401028106015087,0.13594306049822064,0.15000000000000047,4.683037149147205,2118,0.07459867799811143,463,520,977
apartment_2,seq_0003,31,random,25,27,32768,0.879669189453125,0.63629150390625,0.7025498699045967,0.15191478569617042,0.1500000000000004,7.097946027035432,2498,0.020416333066453164,136,293,2018
apartment_2,seq_0003,31,random,26,22,32768,0.884368896484375,0.684600830078125,0.7516477449187342,0.17181314330958036,0.14999999999999958,5.701151094917585,2605,0.06871401151631477,273,529,1624
apartment_2,seq_0003,31,random,27,9,32768,0.941619873046875,0.74285888671875,0.7816237238697131,0.11761630946157867,0.1499999999999996,4.5142689199465895,1624,0.11576354679802955,336,241,859
apartment_2,seq_0003,31,random,28,28,32768,0.89385986328125,0.646636962890625,0.7216114714919768,0.015238642898217367,0.1499999999999995,6.5377745897803745,2805,0.008556149732620321,160,315,2306
apartment_2,seq_0003,31,random,29,24,32768,0.919677734375,0.693115234375,0.7522896203875763,0.015577507598784195,0.14999999999999963,5.744629467803812,2007,0.009466865969108122,119,262,1607
apartment_2,seq_0003,31,random,30,1,32768,0.92327880859375,0.7392578125,0.7822106167779467,0.22235481304693716,0.14999999999999958,4.417323876100792,2123,0.19265190767781443,356,348,1010
apartment_2,seq_0003,31,random,31,15,32768,0.92034912109375,0.681427001953125,0.737515750381325,0.03333333333333333,0.14999999999999958,4.710953447445102,2279,0.031154014918824045,409,685,1114
apartment_2,seq_0003,31,sequential,1,0,32768,0.0,0.7445068359375,,0.7445068359375,,,11436,0.5005246589716684,2222,1127,2363
apartment_2,seq_0003,31,sequential,2,1,32768,0.761627197265625,0.7392578125,0.8696157390712025,0.3227499679938548,0.14999999999999958,4.417323876100792,5899,0.28903203932869975,1234,903,2057
apartment_2,seq_0003,31,sequential,3,2,32768,0.55560302734375,0.729034423828125,0.8515324618257717,0.5758824337316303,0.15000000000000044,4.569425569297785,7648,0.3627092050209205,1453,1346,2075
apartment_2,seq_0003,31,sequential,4,3,32768,0.788238525390625,0.7286376953125,0.8494328080839366,0.279002738146707,0.14999999999999958,4.417323876100792,4713,0.2266072565245067,1198,831,1616
apartment_2,seq_0003,31,sequential,5,4,32768,0.841400146484375,0.75323486328125,0.8334844583076421,0.3274966326726958,0.15000000000000044,4.4476173301687725,3860,0.28160621761658033,895,645,1233
apartment_2,seq_0003,31,sequential,6,5,32768,0.8076171875,0.74615478515625,0.8467729746070133,0.32376269035532995,0.14999999999999958,4.455013353588325,4452,0.2526954177897574,1130,727,1470
apartment_2,seq_0003,31,sequential,7,6,32768,0.8270263671875,0.749542236328125,0.8485239852398524,0.276287932251235,0.1500000000000004,4.417323876100816,4502,0.2432252332296757,919,818,1670
apartment_2,seq_0003,31,sequential,8,7,32768,0.865020751953125,0.741943359375,0.81898041982713,0.24824779561383675,0.15000000000000044,4.482886862171288,3347,0.18763071407230356,820,663,1236
apartment_2,seq_0003,31,sequential,9,8,32768,0.9097900390625,0.74737548828125,0.7957869314370052,0.2591339648173207,0.14999999999999958,4.460425300453228,2433,0.2318125770653514,404,477,988
apartment_2,seq_0003,31,sequential,10,9,32768,0.857574462890625,0.74285888671875,0.829472260773638,0.22134133276194556,0.1499999999999996,4.5142689199465895,3507,0.1887653264898774,797,660,1388
apartment_2,seq_0003,31,sequential,11,10,32768,0.878570556640625,0.73291015625,0.8113168223974435,0.16561950238753456,0.1500000000000004,4.5439631426700835,3181,0.14240804778371582,794,580,1354
apartment_2,seq_0003,31,sequential,12,11,32768,0.86859130859375,0.73736572265625,0.8213056004497225,0.18253599628425451,0.14999999999999958,4.500348922241859,3402,0.1643151087595532,651,729,1463
apartment_2,seq_0003,31,sequential,13,12,32768,0.82037353515625,0.714630126953125,0.8442080202365896,0.12283384301732926,0.1500000000000004,4.65970133223547,4776,0.10636515912897822,1205,1208,1855
apartment_2,seq_0003,31,sequential,14,13,32768,0.834625244140625,0.702545166015625,0.8189330505685766,0.1151503967521683,0.14999999999999958,4.661467952803674,4085,0.09596083231334149,1075,1076,1542
apartment_2,seq_0003,31,sequential,15,14,32768,0.830352783203125,0.68829345703125,0.8036679040023522,0.12358337830545062,0.15000000000000047,4.683037149147205,3888,0.08179012345679013,855,1127,1588
apartment_2,seq_0003,31,sequential,16,15,32768,0.85186767578125,0.681427001953125,0.7781758257505195,0.12505150391429748,0.1500000000000004,4.710953447445127,3818,0.06286013619696176,571,1155,1852
apartment_2,seq_0003,31,sequential,17,16,32768,0.872467041015625,0.677947998046875,0.7527370667039771,0.16630772912179947,0.14999999999999958,4.7383436942960575,2840,0.1045774647887324,506,688,1349
apartment_2,seq_0003,31,sequential,18,17,32768,0.834320068359375,0.662109375,0.7608544570028165,0.1648554061521459,0.14999999999999958,4.873050377828744,3447,0.11778357992457208,776,652,1613
apartment_2,seq_0003,31,sequential,19,18,32768,0.82403564453125,0.65740966796875,0.7670913265684023,0.14377384668747833,0.14999999999999958,4.94538292421985,3670,0.07983651226158038,697,1110,1570
apartment_2,seq_0003,31,sequential,20,19,32768,0.83807373046875,0.646331787109375,0.7116743135969703,0.3081417263475311,0.15000000000000133,5.039503123906887,2664,0.22147147147147148,536,550,988
apartment_2,seq_0003,31,sequential,21,20,32768,0.77691650390625,0.71173095703125,0.809961505224291,0.36963064295485637,0.14999999999999958,5.18002796590901,2872,0.21866295264623956,615,792,837
apartment_2,seq_0003,31,sequential,22,21,32768,0.7843017578125,0.68609619140625,0.8159922178988327,0.21378041878890774,0.14999999999999958,5.287959953442573,2853,0.13950227830354014,654,814,987
apartment_2,seq_0003,31,sequential,23,22,32768,0.806427001953125,0.684600830078125,0.7979186376537369,0.21251773608702507,0.14999999999999958,5.701151094917585,3398,0.0974102413184226,488,775,1804
apartment_2,seq_0003,31,sequential,24,23,32768,0.81060791015625,0.686676025390625,0.7950832015661471,0.22268772155978087,0.1500000000000004,5.647044981810339,3246,0.09519408502772643,388,634,1915
apartment_2,seq_0003,31,sequential,25,24,32768,0.82586669921875,0.693115234375,0.8033774296060897,0.17017174903610235,0.1500000000000004,5.744629467803842,3223,0.04871237977040025,321,583,2162
apartment_2,seq_0003,31,sequential,26,25,32768,0.869384765625,0.69073486328125,0.7564939623701208,0.2530373831775701,0.14999999999999963,5.985579226829613,2429,0.06298888431453273,237,406,1633
apartment_2,seq_0003,31,sequential,27,26,32768,0.82562255859375,0.674041748046875,0.7998447549345753,0.0784039201960098,0.14999999999999958,6.114047237830925,3118,0.039769082745349585,321,616,2057
apartment_2,seq_0003,31,sequential,28,27,32768,0.8592529296875,0.63629150390625,0.7088009660463134,0.19362532523850823,0.1500000000000004,7.097946027035432,2627,0.02322040350209364,154,318,2094
apartment_2,seq_0003,31,sequential,29,28,32768,0.838104248046875,0.646636962890625,0.7624804282125041,0.0469368520263902,0.15000000000000047,6.537774589780416,3572,0.014557670772676373,224,490,2806
apartment_2,seq_0003,31,sequential,30,29,32768,0.88189697265625,0.629974365234375,0.7094262578725171,0.03669250645994832,0.1499999999999995,6.835557325348905,3139,0.016884358075820324,121,306,2659
apartment_2,seq_0003,31,sequential,31,30,32768,0.776214599609375,0.54205322265625,0.6675840377432671,0.10664121096413473,0.15000000000000133,6.0749658512829265,4272,0.03464419475655431,202,444,3478
frl_apartment_5,seq_0000,15,spread,1,0,32768,0.0,0.55755615234375,,0.55755615234375,,,8466,0.41341837939995274,2007,1473,1486
frl_apartment_5,seq_0000,15,spread,2,14,32768,0.11700439453125,0.65545654296875,0.5824204486176318,0.6651344439068224,2.1,56.132497361843626,6408,0.40402621722846443,1675,1045,1099
frl_apartment_5,seq_0000,15,spread,3,7,32768,0.522003173828125,0.440948486328125,0.4965799473838059,0.3801953648726298,1.05,31.916090147700746,7246,0.2982335081424234,1920,1589,1576
frl_apartment_5,seq_0000,15,spread,4,11,32768,0.667755126953125,0.501373291015625,0.524930304830675,0.45402773950583264,0.4500000000000002,14.587076125882955,5849,0.33065481278851083,1634,1334,947
frl_apartment_5,seq_0000,15,spread,5,3,32768,0.750701904296875,0.5384521484375,0.5545347371844384,0.4900232586607908,0.45,15.553513763046238,5024,0.334593949044586,1051,1111,1181
frl_apartment_5,seq_0000,15,spread,6,5,32768,0.799072265625,0.479583740234375,0.5293308890925756,0.28174362089914945,0.3,10.103934522788531,4897,0.2244231161935879,1277,1216,1305
frl_apartment_5,seq_0000,15,spread,7,9,32768,0.7313232421875,0.4718017578125,0.4800534134535136,0.449341208541572,0.29999999999999977,9.861007306683105,5359,0.29856316476954653,1362,1123,1274
frl_apartment_5,seq_0000,15,spread,8,13,32768,0.8487548828125,0.600341796875,0.6265281173594132,0.4533898305084746,0.15000000000000008,5.431702888284118,2835,0.33368606701940035,580,476,833
frl_apartment_5,seq_0000,15,spread,9,1,32768,0.80718994140625,0.529998779296875,0.5728922495274102,0.3504273504273504,0.15000000000000002,5.417050149814648,4457,0.29100291676015255,1385,887,888
frl_apartment_5,seq_0000,15,spread,10,6,32768,0.889404296875,0.4736328125,0.4959511391710129,0.29415011037527594,0.15000000000000002,5.052639364564789,2821,0.21269053527118043,619,673,929
frl_apartment_5,seq_0000,15,spread,11,12,32768,0.88189697265625,0.562530517578125,0.5892103259741158,0.3633074935400517,0.15000000000000002,5.015491908912468,2903,0.3017568033069239,758,642,627
frl_apartment_5,seq_0000,15,spread,12,2,32768,0.889129638671875,0.53253173828125,0.5635146730736228,0.28406275805119735,0.15,5.291863008808826,3073,0.25968109339407747,738,707,830
frl_apartment_5,seq_0000,15,spread,13,4,32768,0.918731689453125,0.496124267578125,0.5241322039528318,0.17949680811115284,0.14999999999999997,5.105479953180153,2421,0.16563403552251135,509,694,817
frl_apartment_5,seq_0000,15,spread,14,10,32768,0.827239990234375,0.466766357421875,0.4857785811782934,0.3757286698463169,0.14999999999999983,4.921890239443931,3450,0.2472463768115942,973,718,906
frl_apartment_5,seq_0000,15,spread,15,8,32768,0.876129150390625,0.432830810546875,0.464627817060852,0.2079329884207933,0.14999999999999977,5.062883341363664,3182,0.18447517284726586,701,831,1063
frl_apartment_5,seq_0000,15,random,1,2,32768,0.0,0.53253173828125,,0.53253173828125,,,9394,0.4189908452203534,1966,1778,1714
frl_apartment_5,seq_0000,15,random,2,11,32768,0.23699951171875,0.501373291015625,0.8127736286376513,0.4046476281897448,1.3499999999999999,37.97983136208297,7750,0.35393548387096774,2121,1686,1200
frl_apartment_5,seq_0000,15,random,3,3,32768,0.7196044921875,0.5384521484375,0.5607294317217981,0.48127993034392685,0.15,5.300549946181066,5683,0.35175083582614813,1259,1192,1233
frl_apartment_5,seq_0000,15,random,4,10,32768,0.661468505859375,0.466766357421875,0.48327566320645904,0.4345082484449653,0.14999999999999983,4.921890239443931,6182,0.3113879003558719,1926,1142,1189
frl_apartment_5,seq_0000,15,random,5,0,32768,0.727569580078125,0.55755615234375,0.5689778113334172,0.5270527612859863,0.3,11.920126254386252,4699,0.32006809959565863,1372,900,923
frl_apartment_5,seq_0000,15,random,6,4,32768,0.75482177734375,0.496124267578125,0.508288186302256,0.4586756285785412,0.15000000000000002,5.105479953180154,4844,0.24710982658959538,1127,1299,1221
frl_apartment_5,seq_0000,15,random,7,7,32768,0.770477294921875,0.440948486328125,0.47051134788291676,0.3417098790054514,0.44999999999999996,14.945461426174875,4573,0.23616881696916686,1217,1048,1228
frl_apartment_5,seq_0000,15,random,8,5,32768,0.881805419921875,0.479583740234375,0.5178058487627617,0.19442292796281951,0.14999999999999997,5.091551184599043,3296,0.1820388349514563,809,864,1023
frl_apartment_5,seq_0000,15,random,9,14,32768,0.76849365234375,0.65545654296875,0.689619569533794,0.5420511468494595,0.4500000000000002,17.707337289567068,3567,0.35800392486683486,954,534,802
frl_apartment_5,seq_0000,15,random,10,12,32768,0.85540771484375,0.562530517578125,0.5819122368890475,0.4478682988602786,0.15000000000000002,5.015491908912468,3086,0.3347375243033052,789,625,639
frl_apartment_5,seq_0000,15,random,11,6,32768,0.898956298828125,0.4736328125,0.49506059680211834,0.28299607369374813,0.15000000000000002,5.052639364564789,2602,0.1940814757878555,606,593,898
frl_apartment_5,seq_0000,15,random,12,9,32768,0.800079345703125,0.4718017578125,0.48113819277567993,0.43443749045947183,0.1500000000000002,4.967286906837725,4151,0.2688508793061913,987,922,1126
frl_apartment_5,seq_0000,15,random,13,13,32768,0.895751953125,0.600341796875,0.6234668847097302,0.4016393442622951,0.15000000000000008,5.431702888284118,2117,0.2730278696268304,372,396,771
frl_apartment_5,seq_0000,15,random,14,8,32768,0.868621826171875,0.432830810546875,0.46555176896321543,0.2164924506387921,0.14999999999999977,5.062883341363664,3356,0.19308700834326578,729,854,1125
frl_apartment_5,seq_0000,15,random,15,1,32768,0.8824462890625,0.529998779296875,0.5594134735094757,0.309190031152648,0.15,5.417050149814647,3091,0.2717567130378518,935,624,692
frl_apartment_5,seq_0000,15,sequential,1,0,32768,0.0,0.55755615234375,,0.55755615234375,,,8466,0.41341837939995274,2007,1473,1486
frl_apartment_5,seq_0000,15,sequential,2,1,32768,0.659423828125,0.529998779296875,0.5628933728248797,0.46630824372759855,0.15000000000000002,5.417050149814648,6510,0.34301075268817205,1950,1186,1141
frl_apartment_5,seq_0000,15,sequential,3,2,32768,0.760711669921875,0.53253173828125,0.5549805431861035,0.4611656676444331,0.15,5.291863008808826,5176,0.34891808346213293,1168,1051,1151
frl_apartment_5,seq_0000,15,sequential,4,3,32768,0.746856689453125,0.5384521484375,0.5861153107506232,0.39783001808318263,0.15,5.300549946181066,5028,0.30727923627684967,1083,1177,1223
frl_apartment_5,seq_0000,15,sequential,5,4,32768,0.727874755859375,0.496124267578125,0.5108800469581988,0.45665582595043175,0.15000000000000002,5.105479953180154,5280,0.2505681818181818,1251,1426,1280
frl_apartment_5,seq_0000,15,sequential,6,5,32768,0.856170654296875,0.479583740234375,0.5196578150062378,0.24103543390621684,0.14999999999999997,5.091551184599043,3802,0.21067859021567595,948,959,1094
frl_apartment_5,seq_0000,15,sequential,7,6,32768,0.8375244140625,0.4736328125,0.49125491910800173,0.3827948910593539,0.15000000000000002,5.052639364564789,3545,0.24823695345557123,853,801,1011
frl_apartment_5,seq_0000,15,sequential,8,7,32768,0.823150634765625,0.440948486328125,0.48148148148148145,0.2522864538395168,0.15000000000000002,5.084583154912267,3885,0.2030888030888031,1032,914,1150
frl_apartment_5,seq_0000,15,sequential,9,8,32768,0.8240966796875,0.432830810546875,0.4756332395200711,0.23230395558639833,0.15000000000000002,5.062883341363672,4237,0.21217842813311305,945,1067,1326
frl_apartment_5,seq_0000,15,sequential,10,9,32768,0.653961181640625,0.4718017578125,0.45555088898222035,0.5025134491577741,0.14999999999999977,4.967286906837711,5819,0.3392335452826946,1529,1138,1178
frl_apartment_5,seq_0000,15,sequential,11,10,32768,0.700927734375,0.466766357421875,0.47043712991988856,0.45816326530612245,0.1500000000000002,4.921890239443942,4969,0.3089152747031596,1511,904,1019
frl_apartment_5,seq_0000,15,sequential,12,11,32768,0.748260498046875,0.501373291015625,0.505363187731963,0.48951388047036004,0.14999999999999983,4.95780001370566,4013,0.31198604535260405,1104,991,666
frl_apartment_5,seq_0000,15,sequential,13,12,32768,0.856170654296875,0.562530517578125,0.5771163785421494,0.4757054954381498,0.15000000000000002,5.015491908912468,2920,0.3407534246575342,744,583,598
frl_apartment_5,seq_0000,15,sequential,14,13,32768,0.862945556640625,0.600341796875,0.624076104254341,0.45090180360721444,0.15000000000000013,5.43170288828412,2418,0.30479735318444995,475,441,765
frl_apartment_5,seq_0000,15,sequential,15,14,32768,0.88311767578125,0.65545654296875,0.6873315363881402,0.414621409921671,0.15000000000000008,6.074965851282877,2323,0.2871287128712871,597,370,689
frl_apartment_5,seq_0001,16,spread,1,0,32768,0.0,0.525848388671875,,0.525848388671875,,,12130,0.5585325638911789,2751,1119,1485
frl_apartment_5,seq_0001,16,spread,2,15,32768,0.023590087890625,0.668853759765625,0.8020698576972833,0.6656352555086732,2.3124462045054095,60.927924217924776,8153,0.4029191708573531,2870,1232,766
frl_apartment_5,seq_0001,16,spread,3,8,32768,0.183380126953125,0.66131591796875,0.90896987851556,0.6057027542135356,1.111352894876433,34.13638050976755,7550,0.611523178807947,1170,755,1008
frl_apartment_5,seq_0001,16,spread,4,4,32768,0.623779296875,0.6148681640625,0.740362035225049,0.4067975340687865,0.6018273965338425,18.85433430167324,5662,0.598904980572236,979,593,699
frl_apartment_5,seq_0001,16,spread,5,11,32768,0.56976318359375,0.685272216796875,0.9555972147830745,0.32728046531422894,0.48439797461132456,17.965968244932576,4830,0.4018633540372671,1087,924,878
frl_apartment_5,seq_0001,16,spread,6,13,32768,0.800537109375,0.639678955078125,0.7347895699908509,0.2579559363525092,0.3044439109790199,13.674151869342355,4222,0.24798673614400757,2096,606,473
frl_apartment_5,seq_0001,16,spread,7,6,32768,0.868560791015625,0.633941650390625,0.6620287410842908,0.4483399117715347,0.3039829259039807,10.07524202730529,3257,0.4817316548971446,698,353,637
frl_apartment_5,seq_0001,16,spread,8,2,32768,0.874420166015625,0.586273193359375,0.5905489826545214,0.5565006075334143,0.3,9.339778283169494,3448,0.5562645011600929,955,304,271
frl_apartment_5,seq_0001,16,spread,9,12,32768,0.894622802734375,0.680908203125,0.7121268974927512,0.41587025774688674,0.16362818495049758,6.744092353263904,2721,0.35648658581403897,1032,411,308
frl_apartment_5,seq_0001,16,spread,10,10,32768,0.7874755859375,0.684417724609375,0.8285537126026973,0.1503446295232625,0.16185244613949223,6.136038853129488,2590,0.3142857142857143,603,508,665
frl_apartment_5,seq_0001,16,spread,11,9,32768,0.934539794921875,0.67462158203125,0.6985599059530418,0.3328671328671329,0.16071036858092733,5.871518870208088,1752,0.3835616438356164,463,197,420
frl_apartment_5,seq_0001,16,spread,12,5,32768,0.9327392578125,0.619049072265625,0.6329014526894385,0.42695099818511795,0.15446083367307062,5.100595127297376,1981,0.42806663301362946,530,304,299
frl_apartment_5,seq_0001,16,spread,13,7,32768,0.946746826171875,0.641082763671875,0.65325726074203,0.42464183381088827,0.15049483230006813,5.085286724431486,1612,0.42555831265508687,387,219,320
frl_apartment_5,seq_0001,16,spread,14,3,32768,0.9451904296875,0.603363037109375,0.6108097636574971,0.4749443207126949,0.15033367720138338,4.772090590072167,1675,0.4841791044776119,470,197,197
frl_apartment_5,seq_0001,16,spread,15,14,32768,0.935546875,0.691741943359375,0.7251435281837161,0.20691287878787878,0.15014995706823578,7.168198141839241,1907,0.1903513371788149,840,466,238
frl_apartment_5,seq_0001,16,spread,16,1,32768,0.900726318359375,0.56768798828125,0.576452651194308,0.48816477098063327,0.14999999999999988,4.601994264289214,2671,0.5151628603519282,876,245,174
frl_apartment_5,seq_0001,16,random,1,2,32768,0.0,0.586273193359375,,0.586273193359375,,,11754,0.6314446145992854,1868,1002,1462
frl_apartment_5,seq_0001,16,random,2,11,32768,0.17462158203125,0.685272216796875,0.9561342188046138,0.6279671670487318,1.3943562650897166,43.02718858032237,7352,0.5495103373231773,1406,988,918
frl_apartment_5,seq_0001,16,random,3,3,32768,0.7962646484375,0.603363037109375,0.5964280239153764,0.6304673457159976,0.15033367720138338,4.772090590072167,4959,0.6091954022988506,1011,473,454
frl_apartment_5,seq_0001,16,random,4,10,32768,0.681060791015625,0.684417724609375,0.8471568759241833,0.33690555927662424,0.16185244613949223,6.136038853129488,4256,0.45982142857142855,918,634,747
frl_apartment_5,seq_0001,16,random,5,0,32768,0.759002685546875,0.525848388671875,0.543363756986048,0.4706850702798531,0.3,9.031777344645626,6017,0.48063819178992856,2069,575,481
frl_apartment_5,seq_0001,16,random,6,4,32768,0.87042236328125,0.6148681640625,0.6339667624991235,0.48657560056523785,0.15446083367307065,5.008804240118391,3056,0.5683900523560209,672,346,301
frl_apartment_5,seq_0001,16,random,7,7,32768,0.637481689453125,0.641082763671875,0.8836708315381301,0.21449616971125515,0.4633825294615755,15.32306424228475,4208,0.4241920152091255,828,600,995
frl_apartment_5,seq_0001,16,random,8,5,32768,0.908782958984375,0.619049072265625,0.6382014171060143,0.42823686851789894,0.15446086211546292,5.10059606156578,2477,0.4315704481227291,612,357,439
frl_apartment_5,seq_0001,16,random,9,14,32768,0.616058349609375,0.691741943359375,0.9198494080348739,0.3257292743025197,0.4712010152340532,21.538043284710746,4484,0.24509366636931312,2082,863,440
frl_apartment_5,seq_0001,16,random,10,12,32768,0.897705078125,0.680908203125,0.713149306499864,0.3979713603818616,0.16455563711073787,6.781963118210689,2658,0.33145221971407074,1007,397,373
frl_apartment_5,seq_0001,16,random,11,6,32768,0.93853759765625,0.633941650390625,0.6444690121610197,0.47318768619662366,0.15446083367307062,5.158908083381655,1867,0.48098553829673274,457,217,295
frl_apartment_5,seq_0001,16,random,12,9,32768,0.92279052734375,0.67462158203125,0.7055030094582975,0.3055335968379447,0.1618524237502591,5.912949017906875,1872,0.3605769230769231,465,221,511
frl_apartment_5,seq_0001,16,random,13,13,32768,0.890350341796875,0.639678955078125,0.6989203084832905,0.1586418035068188,0.15014995706823578,6.842326172022263,2869,0.16626002091321018,1418,577,397
frl_apartment_5,seq_0001,16,random,14,8,32768,0.953887939453125,0.66131591796875,0.6745049108999585,0.3884844473858372,0.15049483230006813,5.24555725053839,1393,0.4012921751615219,296,204,334
frl_apartment_5,seq_0001,16,random,15,1,32768,0.896697998046875,0.56768798828125,0.575264608787394,0.50192023633678,0.14999999999999988,4.601994264289214,2762,0.5246198406951484,891,247,175
frl_apartment_5,seq_0001,16,random,16,15,32768,0.7227783203125,0.668853759765625,0.7821736193210607,0.3734037868780273,0.1566387269067811,6.946650273353545,4177,0.28417524539142924,1754,737,499
frl_apartment_5,seq_0001,16,sequential,1,0,32768,0.0,0.525848388671875,,0.525848388671875,,,12130,0.5585325638911789,2751,1119,1485
frl_apartment_5,seq_0001,16,sequential,2,1,32768,0.67474365234375,0.56768798828125,0.5341926729986431,0.637173953837493,0.14999999999999988,4.601994264289214,7215,0.606930006930007,1656,635,545
frl_apartment_5,seq_0001,16,sequential,3,2,32768,0.812896728515625,0.586273193359375,0.5767541389796148,0.6276300766595988,0.1500000000000001,4.70111856225108,4997,0.6185711426856114,1146,397,363
frl_apartment_5,seq_0001,16,sequential,4,3,32768,0.816619873046875,0.603363037109375,0.5755073059531373,0.727408886669995,0.15033367720138338,4.772090590072167,4153,0.6713219359499157,795,315,255
frl_apartment_5,seq_0001,16,sequential,5,4,32768,0.833160400390625,0.6148681640625,0.6132376103439434,0.6230107920248765,0.15446083367307065,5.008804240118391,3687,0.6509357200976403,701,307,279
frl_apartment_5,seq_0001,16,sequential,6,5,32768,0.7542724609375,0.619049072265625,0.6033338727949507,0.6672876304023845,0.15446086211546292,5.10059606156578,3725,0.5009395973154362,755,459,645
frl_apartment_5,seq_0001,16,sequential,7,6,32768,0.855682373046875,0.633941650390625,0.673276507721388,0.40071896806935925,0.15446083367307062,5.158908083381655,3034,0.497363216875412,623,377,525
frl_apartment_5,seq_0001,16,sequential,8,7,32768,0.8060302734375,0.641082763671875,0.7217931243374224,0.30569540591567024,0.15446083367307084,5.218569143699064,3134,0.4582003828972559,719,402,577
frl_apartment_5,seq_0001,16,sequential,9,8,32768,0.9178466796875,0.66131591796875,0.6819058385423593,0.4312778603268945,0.15049483230006813,5.24555725053839,2099,0.4202000952834683,434,297,486
frl_apartment_5,seq_0001,16,sequential,10,9,32768,0.819671630859375,0.67462158203125,0.7867381510852973,0.16500253850059232,0.16071036858092733,5.871518870208088,2519,0.32512901945216355,550,444,706
frl_apartment_5,seq_0001,16,sequential,11,10,32768,0.88818359375,0.684417724609375,0.7314114898295767,0.3111353711790393,0.1618524237502591,6.136038010799421,2372,0.3503372681281619,567,380,594
frl_apartment_5,seq_0001,16,sequential,12,11,32768,0.7093505859375,0.685272216796875,0.877086559972466,0.21713565728685427,0.16185244613949223,6.18367099936219,3317,0.3153451914380464,799,764,708
frl_apartment_5,seq_0001,16,sequential,13,12,32768,0.836273193359375,0.680908203125,0.7561945772360691,0.29636533084808947,0.16455563711073787,6.781963118210689,3274,0.2843616371411118,1301,570,472
frl_apartment_5,seq_0001,16,sequential,14,13,32768,0.751922607421875,0.639678955078125,0.7793741629124559,0.21626276294747201,0.16362818495049758,7.449908471557961,4208,0.19700570342205323,2190,745,444
frl_apartment_5,seq_0001,16,sequential,15,14,32768,0.925048828125,0.691741943359375,0.7286883082607548,0.23574918566775244,0.15014995706823578,7.168198141839241,2120,0.20849056603773586,942,494,242
frl_apartment_5,seq_0001,16,sequential,16,15,32768,0.7227783203125,0.668853759765625,0.7821736193210607,0.3734037868780273,0.1566387269067811,6.946650273353545,4177,0.28417524539142924,1754,737,499
apartment_2,seq_0000,37,spread,1,0,32768,0.0,0.692108154296875,,0.692108154296875,,,9020,0.4088691796008869,2044,1809,1479
apartment_2,seq_0000,37,spread,2,36,32768,0.003387451171875,0.839996337890625,0.25225225225225223,0.8419940594665768,5.3999999999999995,73.65727843632486,6131,0.7597455553743272,980,485,8
apartment_2,seq_0000,37,spread,3,18,32768,0.20306396484375,0.747650146484375,0.9490532010820559,0.6963314697097343,2.6999999999999997,55.67992699059312,8862,0.4282329045362221,2127,1314,1626
apartment_2,seq_0000,37,spread,4,9,32768,0.674102783203125,0.764434814453125,0.9388836072253157,0.40359584230733214,1.3499999999999999,36.23810093165578,6522,0.3313400797301441,1913,1185,1263
apartment_2,seq_0000,37,spread,5,27,32768,0.491851806640625,0.78021240234375,0.9242414841471738,0.6408023542129602,1.3499999999999996,38.76375652016044,6949,0.3848035688588286,1221,1045,2009
apartment_2,seq_0000,37,spread,6,23,32768,0.697174072265625,0.755401611328125,0.9088203107901073,0.4021969162551648,0.6000000000000003,19.343343146916194,5542,0.27589317935763263,1379,820,1814
apartment_2,seq_0000,37,spread,7,13,32768,0.78851318359375,0.76300048828125,0.9014629615295302,0.24675324675324675,0.6000000000000002,17.804343803197952,4518,0.19256308100929614,1303,991,1354
apartment_2,seq_0000,37,spread,8,5,32768,0.70916748046875,0.758270263671875,0.8984422067303555,0.41647429171038824,0.5999999999999999,19.329167893051213,5398,0.2404594294183031,1285,1094,1721
apartment_2,seq_0000,37,spread,9,32,32768,0.70196533203125,0.76263427734375,0.9430484305712546,0.3377022322342822,0.5999999999999999,23.144422606389195,4310,0.2109048723897912,1922,882,597
apartment_2,seq_0000,37,spread,10,2,32768,0.7767333984375,0.71380615234375,0.8272434386295773,0.3191634773100055,0.3000000000000003,10.060085969371002,4033,0.23183734192908506,919,1170,1009
apartment_2,seq_0000,37,spread,11,15,32768,0.842620849609375,0.76513671875,0.8554923762268661,0.2813651347682761,0.3000000000000003,9.05185083841212,3836,0.23644421272158497,1131,573,1225
apartment_2,seq_0000,37,spread,12,20,32768,0.8712158203125,0.737945556640625,0.8220540843491663,0.16895734597156398,0.3000000000000003,9.414432200183997,3181,0.1392643822697265,813,744,1181
apartment_2,seq_0000,37,spread,13,11,32768,0.865692138671875,0.77117919921875,0.8527514365283604,0.24539877300613497,0.29999999999999993,9.12422050542821,3562,0.20157215047725996,982,791,1071
apartment_2,seq_0000,37,spread,14,25,32768,0.814788818359375,0.75640869140625,0.8734784074309899,0.24139067391662547,0.29999999999999993,10.046723455304004,4244,0.17530631479736097,1187,965,1348
apartment_2,seq_0000,37,spread,15,29,32768,0.791473388671875,0.75921630859375,0.8776171197223829,0.3098199912190839,0.2999999999999998,11.786493636658042,3904,0.18929303278688525,966,1022,1177
apartment_2,seq_0000,37,spread,16,7,32768,0.82952880859375,0.749176025390625,0.8448605694945184,0.28356605800214824,0.29999999999999954,9.628044217397774,3780,0.19867724867724867,1263,872,894
apartment_2,seq_0000,37,spread,17,34,32768,0.836822509765625,0.78204345703125,0.8569709346850953,0.39779315504020946,0.29999999999999954,12.123594847429482,2381,0.37883242335153294,962,377,140
apartment_2,seq_0000,37,spread,18,30,32768,0.82763671875,0.7431640625,0.8584070796460177,0.18980169971671387,0.15000000000000066,6.009908964878733,3415,0.17042459736456808,852,1039,942
apartment_2,seq_0000,37,spread,19,4,32768,0.863128662109375,0.73541259765625,0.8140579146483754,0.2394648829431438,0.15000000000000016,5.011475162183844,2737,0.12130069419071976,852,696,857
apartment_2,seq_0000,37,spread,20,6,32768,0.901641845703125,0.782440185546875,0.842003723134202,0.23642569035060504,0.15000000000000016,4.924248466601062,2391,0.191969887076537,711,605,616
apartment_2,seq_0000,37,spread,21,14,32768,0.8880615234375,0.762115478515625,0.8172164948453609,0.3249727371864776,0.15000000000000016,4.638840707784322,2665,0.28330206378986866,715,368,827
apartment_2,seq_0000,37,spread,22,17,32768,0.904083251953125,0.75372314453125,0.8152236286919832,0.17403754374801145,0.15000000000000016,4.510533883943606,2466,0.14193025141930252,525,619,972
apartment_2,seq_0000,37,spread,23,19,32768,0.929351806640625,0.7430419921875,0.7904968311824779,0.11879049676025918,0.15000000000000016,4.616314108869869,1801,0.09883398112159911,437,454,732
apartment_2,seq_0000,37,spread,24,24,32768,0.907440185546875,0.764373779296875,0.8212207835883639,0.20705572040883613,0.15000000000000016,5.0377595359272105,2561,0.1620460757516595,433,474,1239
apartment_2,seq_0000,37,spread,25,1,32768,0.91705322265625,0.717620849609375,0.7700831946755408,0.13760117733627666,0.15000000000000005,5.043907212310215,2211,0.11261872455902307,417,679,866
apartment_2,seq_0000,37,spread,26,10,32768,0.931060791015625,0.769927978515625,0.8048444721229802,0.29836210712704736,0.15000000000000005,4.470260412527444,1826,0.25136911281489593,528,318,521
apartment_2,seq_0000,37,spread,27,12,32768,0.933685302734375,0.7603759765625,0.802059159993463,0.17349286700414174,0.14999999999999977,4.5250978171021385,1697,0.13494401885680612,364,413,691
apartment_2,seq_0000,37,spread,28,21,32768,0.917572021484375,0.752166748046875,0.8065653374131108,0.14661236579044798,0.14999999999999977,4.885467237291263,2073,0.0974433188615533,343,421,1107
apartment_2,seq_0000,37,spread,29,22,32768,0.943023681640625,0.75994873046875,0.7980000647228245,0.13015532940546332,0.14999999999999977,4.913349549063959,1652,0.1053268765133172,258,237,983
apartment_2,seq_0000,37,spread,30,26,32768,0.92706298828125,0.7825927734375,0.8309961156099809,0.16736401673640167,0.14999999999999977,5.052402388255996,1999,0.13956978489244623,290,396,1034
apartment_2,seq_0000,37,spread,31,16,32768,0.916900634765625,0.75018310546875,0.800865368613746,0.1909658464928388,0.14999999999999966,4.655583514876591,1963,0.16046867040244522,476,288,884
apartment_2,seq_0000,37,spread,32,28,32768,0.884033203125,0.7850341796875,0.8627450980392157,0.19263157894736843,0.14999999999999966,5.152809508278487,2720,0.1610294117647059,577,577,1128
apartment_2,seq_0000,37,spread,33,3,32768,0.917510986328125,0.72802734375,0.782803924829536,0.11875693673695893,0.14999999999999927,5.082032678293517,2447,0.10829587249693502,456,602,1124
apartment_2,seq_0000,37,spread,34,8,32768,0.891143798828125,0.745849609375,0.8163761515016609,0.16848892626857304,0.14999999999999927,4.703386525699201,2842,0.14320900774102743,697,788,950
apartment_2,seq_0000,37,spread,35,31,32768,0.87030029296875,0.74981689453125,0.8431166280945368,0.12376470588235294,0.14999999999999927,5.82750788676937,2491,0.11922922521075874,880,795,519
apartment_2,seq_0000,37,spread,36,33,32768,0.932952880859375,0.747711181640625,0.7896045271662687,0.16477014110150204,0.14999999999999927,6.425121605419008,1178,0.200339558573854,463,382,97
apartment_2,seq_0000,37,spread,37,35,32768,0.946014404296875,0.7987060546875,0.8120907126036324,0.5641605426794799,0.14999999999999927,6.111335345441691,805,0.6173913043478261,199,109,0
apartment_2,seq_0000,37,random,1,4,32768,0.0,0.73541259765625,,0.73541259765625,,,9865,0.4491637100861632,2163,1559,1712
apartment_2,seq_0000,37,random,2,34,32768,0.017913818359375,0.78204345703125,0.41567291311754684,0.7887262670519872,4.499999999999999,72.75834290762626,6269,0.5895677141489871,1810,591,172
apartment_2,seq_0000,37,random,3,20,32768,0.33087158203125,0.737945556640625,0.9662423907028224,0.625057009942534,2.099999999999999,49.25236753609267,8469,0.3930806470657693,2173,1290,1677
apartment_2,seq_0000,37,random,4,18,32768,0.748321533203125,0.747650146484375,0.8726397781493413,0.37601552079544076,0.3000000000000003,9.244414961068683,5201,0.28936742934051146,1309,1001,1386
apartment_2,seq_0000,37,random,5,2,32768,0.713043212890625,0.71380615234375,0.8645409800984378,0.3392534297564607,0.29999999999999943,10.060085969370972,5584,0.25304441260744986,1321,1633,1217
apartment_2,seq_0000,37,random,6,3,32768,0.844390869140625,0.72802734375,0.8213162745310636,0.22180819768582075,0.14999999999999927,5.082032678293517,4200,0.1738095238095238,890,962,1618
apartment_2,seq_0000,37,random,7,35,32768,0.724761962890625,0.7987060546875,0.8974272600951619,0.5387515245592638,0.15000000000000105,6.111335345441764,3284,0.595006090133983,938,392,0
apartment_2,seq_0000,37,random,8,24,32768,0.588043212890625,0.764373779296875,0.9093362395557631,0.5574486999036966,0.5999999999999998,19.42321586554141,6628,0.37643331321665663,1601,987,1545
apartment_2,seq_0000,37,random,9,11,32768,0.757354736328125,0.77117919921875,0.9046621267679413,0.3545465979122123,1.0499999999999998,29.341506732221422,5390,0.2834879406307978,1543,1079,1240
apartment_2,seq_0000,37,random,10,36,32768,0.785919189453125,0.839996337890625,0.8626179474236011,0.7569493941553813,0.14999999999999927,5.411499379758776,2030,0.7137931034482758,315,263,3
apartment_2,seq_0000,37,random,11,1,32768,0.8741455078125,0.717620849609375,0.7983870967741935,0.15664403491755577,0.15000000000000024,5.043907212310221,3285,0.1308980213089802,636,1072,1147
apartment_2,seq_0000,37,random,12,0,32768,0.8262939453125,0.692108154296875,0.7878933372728616,0.2364722417427969,0.15000000000000005,5.069111148090532,3113,0.15226469643430773,929,844,866
apartment_2,seq_0000,37,random,13,22,32768,0.82611083984375,0.75994873046875,0.8544514222386406,0.31098631098631097,0.2999999999999998,9.755480472150799,3969,0.23784328546233308,921,654,1450
apartment_2,seq_0000,37,random,14,30,32768,0.74407958984375,0.7431640625,0.8757279960626692,0.3577390889577868,0.5999999999999989,22.83675620830049,4391,0.20359826918697335,1003,1342,1152
apartment_2,seq_0000,37,random,15,21,32768,0.874786376953125,0.752166748046875,0.8236525379382522,0.25274189617353154,0.14999999999999977,4.885467237291263,2788,0.1402439024390244,474,372,1551
apartment_2,seq_0000,37,random,16,10,32768,0.85693359375,0.769927978515625,0.8459757834757835,0.314419795221843,0.15000000000000016,4.470260412527447,3470,0.2576368876080692,1005,719,852
apartment_2,seq_0000,37,random,17,32,32768,0.813446044921875,0.76263427734375,0.8928531232414181,0.19483068869622117,0.2999999999999993,12.064114865099228,3136,0.12691326530612246,1382,767,589
apartment_2,seq_0000,37,random,18,9,32768,0.8709716796875,0.764434814453125,0.8389628591450595,0.26135288552507097,0.15000000000000005,4.655583514876603,3155,0.22472266244057051,1019,712,715
apartment_2,seq_0000,37,random,19,6,32768,0.88116455078125,0.782440185546875,0.85384775230311,0.2529532614278377,0.3000000000000003,9.776807908892156,2462,0.20064987814784727,835,583,550
apartment_2,seq_0000,37,random,20,26,32768,0.86639404296875,0.7825927734375,0.8663966185276506,0.23915029693924167,0.29999999999999993,10.02743075701942,3167,0.17840227344490053,544,682,1376
apartment_2,seq_0000,37,random,21,19,32768,0.920745849609375,0.7430419921875,0.7953664114547082,0.13515594917212168,0.15000000000000016,4.616314108869869,1989,0.10558069381598793,471,479,829
apartment_2,seq_0000,37,random,22,23,32768,0.891693115234375,0.755401611328125,0.8244293096957459,0.18709495632572556,0.14999999999999977,5.01549190891246,2693,0.13367991088005943,562,467,1304
apartment_2,seq_0000,37,random,23,8,32768,0.8502197265625,0.745849609375,0.8463029432878679,0.1756316218418908,0.15000000000000024,4.703386525699231,3762,0.14885699096225413,972,1012,1218
apartment_2,seq_0000,37,random,24,16,32768,0.859283447265625,0.75018310546875,0.828390808679902,0.27260897852960314,0.29999999999999993,9.250490128872217,3106,0.2244043786220219,907,499,1003
apartment_2,seq_0000,37,random,25,27,32768,0.895599365234375,0.78021240234375,0.8473438511602549,0.20432622040339082,0.15000000000000016,5.098427841037862,2705,0.15046210720887246,398,443,1457
apartment_2,seq_0000,37,random,26,12,32768,0.909881591796875,0.7603759765625,0.8126446419587456,0.2326447680325093,0.15000000000000016,4.52509781710215,2135,0.1864168618266979,504,489,744
apartment_2,seq_0000,37,random,27,28,32768,0.85223388671875,0.7850341796875,0.8820454057151043,0.2255266418835192,0.15000000000000016,5.152809508278503,3190,0.17711598746081506,753,626,1246
apartment_2,seq_0000,37,random,28,13,32768,0.9249267578125,0.76300048828125,0.8128876864194272,0.1483739837398374,0.14999999999999977,4.590267409576979,1890,0.1126984126984127,422,431,824
apartment_2,seq_0000,37,random,29,7,32768,0.886627197265625,0.749176025390625,0.8131690358999071,0.248721399730821,0.14999999999999927,4.848247613745938,2542,0.16561762391817467,933,616,572
apartment_2,seq_0000,37,random,30,5,32768,0.9010009765625,0.758270263671875,0.8223479203359978,0.17509247842170161,0.15000000000000016,5.011542126187056,2240,0.08839285714285715,411,446,1185
apartment_2,seq_0000,37,random,31,17,32768,0.923736572265625,0.75372314453125,0.8066008127126764,0.1132452981192477,0.14999999999999977,4.5105338839435944,2069,0.10729821169647173,418,574,855
apartment_2,seq_0000,37,random,32,25,32768,0.91705322265625,0.75640869140625,0.809883527454243,0.16519499632082413,0.14999999999999977,5.062273619494588,2160,0.12546296296296297,538,444,907
apartment_2,seq_0000,37,random,33,14,32768,0.922515869140625,0.762115478515625,0.8008865658804459,0.30051201260338717,0.15000000000000016,4.638840707784322,2016,0.26091269841269843,504,265,721
apartment_2,seq_0000,37,random,34,29,32768,0.90380859375,0.75921630859375,0.8254659643435981,0.13673857868020303,0.14999999999999966,5.95625898795997,2291,0.10257529463116544,558,643,855
apartment_2,seq_0000,37,random,35,33,32768,0.9312744140625,0.747711181640625,0.7926006029623804,0.13943161634103018,0.14999999999999927,6.425121605419008,1225,0.17142857142857143,516,402,97
apartment_2,seq_0000,37,random,36,15,32768,0.929962158203125,0.76513671875,0.8063203491615528,0.21830065359477124,0.14999999999999966,4.554343237623743,1902,0.20084121976866456,387,262,871
apartment_2,seq_0000,37,random,37,31,32768,0.87835693359375,0.74981689453125,0.8367382391772635,0.12217762167586553,0.14999999999999927,5.82750788676937,2342,0.11699402220324509,790,759,519
apartment_2,seq_0000,37,sequential,1,0,32768,0.0,0.692108154296875,,0.692108154296875,,,9020,0.4088691796008869,2044,1809,1479
apartment_2,seq_0000,37,sequential,2,1,32768,0.665985107421875,0.717620849609375,0.8651881042936351,0.4233896756509822,0.15000000000000005,5.043907212310215,6264,0.29996807151979565,1220,1630,1535
apartment_2,seq_0000,37,sequential,3,2,32768,0.763336181640625,0.71380615234375,0.8146563786830848,0.38852353320438426,0.15000000000000024,5.069111148090538,4520,0.275,947,1188,1142
apartment_2,seq_0000,37,sequential,4,3,32768,0.817596435546875,0.72802734375,0.8258743607928035,0.2894428643132006,0.14999999999999927,5.082032678293517,4569,0.18647406434668418,923,1055,1739
apartment_2,seq_0000,37,sequential,5,4,32768,0.833953857421875,0.73541259765625,0.8341932886888426,0.23929424738099614,0.15000000000000016,5.011475162183844,4015,0.2236612702366127,1178,840,1099
apartment_2,seq_0000,37,sequential,6,5,32768,0.7862548828125,0.758270263671875,0.8732339698804533,0.3353797829811536,0.15000000000000016,5.011542126187056,4119,0.20514688031075504,916,779,1579
apartment_2,seq_0000,37,sequential,7,6,32768,0.754608154296875,0.782440185546875,0.9157601002952238,0.37246611118020145,0.15000000000000016,4.924248466601062,5660,0.3351590106007067,1557,1062,1144
apartment_2,seq_0000,37,sequential,8,7,32768,0.588043212890625,0.749176025390625,0.8641859982355078,0.5850062967627232,0.15000000000000016,4.848247613745967,6077,0.3371729471778838,1961,1109,958
apartment_2,seq_0000,37,sequential,9,8,32768,0.773284912109375,0.745849609375,0.86948971940487,0.3241351460492664,0.14999999999999927,4.703386525699201,5042,0.2380007933359778,1358,1147,1337
apartment_2,seq_0000,37,sequential,10,9,32768,0.79803466796875,0.764434814453125,0.8777437858508604,0.3167119975823512,0.15000000000000024,4.655583514876609,4378,0.2944266788487894,1433,835,821
apartment_2,seq_0000,37,sequential,11,10,32768,0.849212646484375,0.769927978515625,0.8449347755776764,0.34750050597045135,0.15000000000000005,4.470260412527444,3307,0.320229815542788,1033,555,660
apartment_2,seq_0000,37,sequential,12,11,32768,0.8662109375,0.77117919921875,0.8420941375422774,0.31204379562043794,0.15000000000000016,4.591218061714624,3297,0.23051258720048529,845,672,1020
apartment_2,seq_0000,37,sequential,13,12,32768,0.84808349609375,0.7603759765625,0.8356962936308024,0.33989554037766173,0.15000000000000016,4.52509781710215,3252,0.2764452644526445,880,594,879
apartment_2,seq_0000,37,sequential,14,13,32768,0.89208984375,0.76300048828125,0.8320333880678709,0.19230769230769232,0.14999999999999977,4.590267409576979,2610,0.16130268199233716,672,565,952
apartment_2,seq_0000,37,sequential,15,14,32768,0.83648681640625,0.762115478515625,0.8394381612550165,0.3665546845837999,0.15000000000000016,4.638840707784322,3544,0.3275959367945824,1113,402,868
apartment_2,seq_0000,37,sequential,16,15,32768,0.8797607421875,0.76513671875,0.8357499653115027,0.2484771573604061,0.15000000000000016,4.554343237623758,2966,0.22690492245448415,819,463,1011
apartment_2,seq_0000,37,sequential,17,16,32768,0.841400146484375,0.75018310546875,0.8354430379746836,0.29786415239561287,0.14999999999999966,4.655583514876591,3606,0.25873544093178036,1098,499,1076
apartment_2,seq_0000,37,sequential,18,17,32768,0.89422607421875,0.75372314453125,0.8224353286465088,0.17282169648009232,0.14999999999999977,4.5105338839435944,2645,0.13988657844990549,602,697,976
apartment_2,seq_0000,37,sequential,19,18,32768,0.890411376953125,0.747650146484375,0.8212975974226274,0.1492620439988861,0.15000000000000016,4.652485936928557,2817,0.12034078807241747,610,780,1088
apartment_2,seq_0000,37,sequential,20,19,32768,0.89013671875,0.7430419921875,0.8137685134393856,0.17,0.15000000000000016,4.616314108869869,2771,0.14399133886683507,655,746,971
apartment_2,seq_0000,37,sequential,21,20,32768,0.9075927734375,0.737945556640625,0.7951580363147276,0.1760237780713342,0.15000000000000016,4.739203804378732,2423,0.14692529921584813,558,528,981
apartment_2,seq_0000,37,sequential,22,21,32768,0.872528076171875,0.752166748046875,0.8244902241964255,0.25712233660521905,0.14999999999999977,4.885467237291263,3005,0.18735440931780367,600,552,1290
apartment_2,seq_0000,37,sequential,23,22,32768,0.902862548828125,0.75994873046875,0.808382626330911,0.3097706566132579,0.15000000000000005,4.913349549063967,2561,0.24326434986333464,459,318,1161
apartment_2,seq_0000,37,sequential,24,23,32768,0.84808349609375,0.755401611328125,0.8250449802087082,0.3666130976295701,0.14999999999999977,5.01549190891246,3415,0.2726207906295754,697,536,1251
apartment_2,seq_0000,37,sequential,25,24,32768,0.863494873046875,0.764373779296875,0.8413500618483831,0.27744243237200983,0.15000000000000016,5.0377595359272105,3476,0.22410817031070196,662,733,1302
apartment_2,seq_0000,37,sequential,26,25,32768,0.894317626953125,0.75640869140625,0.8251492919297049,0.17470401386081433,0.15000000000000016,5.062273619494601,2817,0.13915512957046502,648,613,1164
apartment_2,seq_0000,37,sequential,27,26,32768,0.870758056640625,0.7825927734375,0.849542634843865,0.33152302243211335,0.14999999999999977,5.052402388255996,3117,0.25409047160731474,490,659,1176
apartment_2,seq_0000,37,sequential,28,27,32768,0.89617919921875,0.78021240234375,0.8434243683171014,0.2345679012345679,0.15000000000000016,5.098427841037862,2697,0.18131256952169078,407,441,1360
apartment_2,seq_0000,37,sequential,29,28,32768,0.8310546875,0.7850341796875,0.8758813160987075,0.33815028901734107,0.15000000000000016,5.152809508278503,3568,0.2589686098654709,784,667,1193
apartment_2,seq_0000,37,sequential,30,29,32768,0.884002685546875,0.75921630859375,0.8317050436703836,0.2067876874506709,0.14999999999999966,5.95625898795997,2702,0.16358253145817914,662,728,870
apartment_2,seq_0000,37,sequential,31,30,32768,0.85345458984375,0.7431640625,0.815883572909962,0.31965847563515204,0.15000000000000066,6.009908964878733,2746,0.24326292789512016,647,821,610
apartment_2,seq_0000,37,sequential,32,31,32768,0.815765380859375,0.74981689453125,0.8552242714451386,0.28308762630445583,0.14999999999999927,5.82750788676937,3055,0.22062193126022914,1020,842,519
apartment_2,seq_0000,37,sequential,33,32,32768,0.8116455078125,0.76263427734375,0.8844563092194315,0.23768632534024628,0.15000000000000005,6.099662153578668,3327,0.2022843402464683,1408,665,581
apartment_2,seq_0000,37,sequential,34,33,32768,0.86822509765625,0.747711181640625,0.8036203866432338,0.3793422880963409,0.15000000000000024,6.42512160541905,2226,0.4137466307277628,688,471,146
apartment_2,seq_0000,37,sequential,35,34,32768,0.829864501953125,0.78204345703125,0.8214246313389475,0.5899551569506727,0.14999999999999927,6.130414577915636,1759,0.4673109721432632,714,160,63
apartment_2,seq_0000,37,sequential,36,35,32768,0.8905029296875,0.7987060546875,0.8190541466758053,0.633221850613155,0.15000000000000105,6.111335345441764,1633,0.6766687078995713,400,128,0
apartment_2,seq_0000,37,sequential,37,36,32768,0.8829345703125,0.839996337890625,0.8513410756256049,0.7544316996871742,0.14999999999999927,5.411499379758776,1107,0.7037037037037037,178,149,1
apartment_2,seq_0004,42,spread,1,0,32768,0.0,0.62689208984375,,0.62689208984375,,,10538,0.37644714367052573,2145,1714,2712
apartment_2,seq_0004,42,spread,2,41,32768,0.01043701171875,0.546539306640625,0.6257309941520468,0.5457040646394868,6.149999999999999,78.17080165491667,7766,0.16263198557816122,783,1092,4628
apartment_2,seq_0004,42,spread,3,20,32768,0.095306396484375,0.6905517578125,0.6096701889209094,0.6990723562152134,3.0000000000000004,57.65417225479599,10252,0.39865392118611004,1720,1561,2884
apartment_2,seq_0004,42,spread,4,10,32768,0.652008056640625,0.619781494140625,0.7431312894921601,0.38866964833815665,1.5000000000000002,37.558900931784976,7759,0.27696868153112514,1675,1181,2754
apartment_2,seq_0004,42,spread,5,30,32768,0.560333251953125,0.65301513671875,0.8690158488099776,0.3777330464357604,1.4999999999999993,40.940508791664705,5539,0.17927423722693628,1049,1221,2276
apartment_2,seq_0004,42,spread,6,5,32768,0.703369140625,0.552154541015625,0.6479087122526901,0.32510288065843623,0.7500000000000001,21.7462698663479,6875,0.2642909090909091,1559,937,2562
apartment_2,seq_0004,42,spread,7,15,32768,0.759124755859375,0.674102783203125,0.784964824120603,0.3247181046496896,0.7500000000000001,21.70949993573705,5633,0.23184803834546422,1243,798,2286
apartment_2,seq_0004,42,spread,8,35,32768,0.579559326171875,0.634918212890625,0.8393976093939234,0.35305218842999203,0.75,27.858395087542284,4662,0.12977262977262977,643,881,2533
apartment_2,seq_0004,42,spread,9,25,32768,0.774383544921875,0.681976318359375,0.8318029556650246,0.16772622751251184,0.7499999999999994,21.488369169644724,4892,0.13695829926410466,1109,1149,1964
apartment_2,seq_0004,42,spread,10,38,32768,0.68255615234375,0.629791259765625,0.8109183582223017,0.2403383964622188,0.44999999999999896,18.771014534929847,4072,0.057465618860510805,474,767,2597
apartment_2,seq_0004,42,spread,11,23,32768,0.861968994140625,0.7015380859375,0.7866525048681182,0.1700198982975901,0.3000000000000009,8.94180768228876,3717,0.1409739036857681,703,638,1852
apartment_2,seq_0004,42,spread,12,13,32768,0.85516357421875,0.654632568359375,0.7317107986581971,0.19953645174884113,0.3000000000000001,8.919993797336438,3906,0.17997951868919612,720,649,1834
apartment_2,seq_0004,42,spread,13,18,32768,0.87811279296875,0.685943603515625,0.7642663515673872,0.12168252378567852,0.3000000000000001,8.969023345352648,3254,0.11155500921942225,625,735,1531
apartment_2,seq_0004,42,spread,14,2,32768,0.872406005859375,0.617523193359375,0.6763563857697554,0.21525950729490553,0.30000000000000004,9.5020107236505,3373,0.19241031722502225,490,550,1684
apartment_2,seq_0004,42,spread,15,7,32768,0.876556396484375,0.585968017578125,0.6384082442641785,0.21359703337453648,0.30000000000000004,8.642104922013269,3549,0.19244857706396168,668,435,1763
apartment_2,seq_0004,42,spread,16,32,32768,0.800018310546875,0.6314697265625,0.7370207896242609,0.20921715244925987,0.3,10.182734268516011,2764,0.1020260492040521,552,569,1361
apartment_2,seq_0004,42,spread,17,27,32768,0.8514404296875,0.65838623046875,0.7488888888888889,0.13968775677896467,0.2999999999999992,9.24441496106865,2813,0.11766797013864203,800,646,1036
apartment_2,seq_0004,42,spread,18,28,32768,0.830596923828125,0.6517333984375,0.7577249513171914,0.13204827958926318,0.150000000000001,4.828553323676029,2796,0.11623748211731044,724,780,967
apartment_2,seq_0004,42,spread,19,37,32768,0.8223876953125,0.63232421875,0.7501855425263471,0.0865979381443299,0.15000000000000022,6.426992194990451,3003,0.038295038295038296,306,638,1944
apartment_2,seq_0004,42,spread,20,9,32768,0.91326904296875,0.61004638671875,0.6551493684421573,0.13511611541168192,0.15000000000000005,4.356494322586863,2360,0.11864406779661017,537,330,1213
apartment_2,seq_0004,42,spread,21,12,32768,0.92120361328125,0.636077880859375,0.682269926455973,0.09604957397366383,0.15000000000000005,4.460425300453242,2121,0.08675153229608674,357,327,1253
apartment_2,seq_0004,42,spread,22,1,32768,0.918792724609375,0.63055419921875,0.6669213139801375,0.21909056745584365,0.15,4.92944770940531,2323,0.20619888075764098,389,467,988
apartment_2,seq_0004,42,spread,23,3,32768,0.917572021484375,0.60687255859375,0.642398643030565,0.21140318400592373,0.15,4.734462518839655,2341,0.1828278513455788,329,387,1197
apartment_2,seq_0004,42,spread,24,4,32768,0.908416748046875,0.57989501953125,0.6098028017603386,0.28323892035988,0.15,4.600008027660083,2372,0.21416526138279932,356,234,1274
apartment_2,seq_0004,42,spread,25,8,32768,0.9471435546875,0.602874755859375,0.6287537053744039,0.13914549653579678,0.15,4.306320782789295,1603,0.1260137242669994,230,150,1021
apartment_2,seq_0004,42,spread,26,14,32768,0.919708251953125,0.652374267578125,0.6985101370408467,0.12390725959711137,0.15,4.487185923330674,2076,0.11608863198458574,403,362,1070
apartment_2,seq_0004,42,spread,27,16,32768,0.950836181640625,0.672698974609375,0.7022178001733158,0.10180012414649287,0.15,4.460425300453241,1404,0.08547008547008547,157,170,957
apartment_2,seq_0004,42,spread,28,17,32768,0.955352783203125,0.672088623046875,0.6969174253314167,0.14080656185919344,0.15,4.477425200091927,1243,0.11906677393403058,125,180,790
apartment_2,seq_0004,42,spread,29,19,32768,0.950408935546875,0.689453125,0.717175609286196,0.15815384615384614,0.15,4.514268919946602,1402,0.10984308131241084,136,282,830
apartment_2,seq_0004,42,spread,30,24,32768,0.908447265625,0.692230224609375,0.7447930663800054,0.17066666666666666,0.15,4.514268919946602,2219,0.1149166291122127,384,283,1297
apartment_2,seq_0004,42,spread,31,33,32768,0.85498046875,0.6282958984375,0.705775271273558,0.171506734006734,0.15,5.484037667435749,2597,0.07431651906045438,296,476,1632
apartment_2,seq_0004,42,spread,32,34,32768,0.90484619140625,0.637054443359375,0.6911298482293423,0.12283515073765235,0.15,5.762100441142653,2079,0.027417027417027416,122,297,1603
apartment_2,seq_0004,42,spread,33,36,32768,0.912017822265625,0.629119873046875,0.6870670905136356,0.02844259451959764,0.15,6.259221156114577,2012,0.010934393638170975,131,258,1601
apartment_2,seq_0004,42,spread,34,6,32768,0.94232177734375,0.567169189453125,0.5921691819418357,0.15873015873015872,0.14999999999999997,4.460411910057938,1671,0.1436265709156194,276,299,856
apartment_2,seq_0004,42,spread,35,11,32768,0.940399169921875,0.638275146484375,0.6611390556547136,0.27752176139272916,0.14999999999999994,4.470976570657234,1618,0.2515451174289246,367,192,652
apartment_2,seq_0004,42,spread,36,21,32768,0.955718994140625,0.695648193359375,0.7263467126480825,0.03308063404548587,0.14999999999999988,4.454548514585704,1313,0.028941355674028942,126,178,971
apartment_2,seq_0004,42,spread,37,31,32768,0.8978271484375,0.635345458984375,0.6890210740992522,0.16367980884109917,0.14999999999999977,5.028380180457298,2073,0.0713941148094549,333,548,1044
apartment_2,seq_0004,42,spread,38,39,32768,0.8232421875,0.617156982421875,0.7442170818505338,0.025379834254143648,0.14999999999999977,6.624894038609871,3606,0.010815307820299502,293,546,2728
apartment_2,seq_0004,42,spread,39,22,32768,0.956146240234375,0.696014404296875,0.7265009096422074,0.031315240083507306,0.14999999999999922,4.487185923330651,1261,0.026169706582077717,79,177,972
apartment_2,seq_0004,42,spread,40,26,32768,0.893310546875,0.6619873046875,0.7317914730800765,0.07751716247139588,0.14999999999999922,4.63284402356071,2600,0.05153846153846154,524,858,1084
apartment_2,seq_0004,42,spread,41,29,32768,0.94091796875,0.6451416015625,0.6758886870783601,0.15547520661157024,0.149999999999999,4.954226540648163,1469,0.11844792375765827,249,311,735
apartment_2,seq_0004,42,spread,42,40,32768,0.900787353515625,0.583404541015625,0.646339397635261,0.011996308828052906,0.14999999999999822,7.1586671322065465,2783,0.007186489399928135,98,203,2462
apartment_2,seq_0004,42,random,1,32,32768,0.0,0.6314697265625,,0.6314697265625,,,8554,0.34603694178162264,1331,1363,2900
apartment_2,seq_0004,42,random,2,18,32768,0.182037353515625,0.685943603515625,0.8863369656328584,0.6413461179718688,2.099999999999999,47.850766235270754,10794,0.3850287196590699,2074,1685,2879
apartment_2,seq_0004,42,random,3,4,32768,0.331939697265625,0.57989501953125,0.6069688333180104,0.566442830386917,2.1,48.4022254904367,9447,0.35736212554250024,1974,1066,3031
apartment_2,seq_0004,42,random,4,26,32768,0.653717041015625,0.6619873046875,0.8874935810653097,0.23627390499691547,0.8999999999999995,25.929501928874632,6836,0.14716208308952605,1452,1723,2655
apartment_2,seq_0004,42,random,5,28,32768,0.71124267578125,0.6517333984375,0.8395263022397665,0.18917776368632425,0.3000000000000002,9.589478725593914,4673,0.14466081746201584,1068,1138,1791
apartment_2,seq_0004,42,random,6,27,32768,0.808685302734375,0.65838623046875,0.7831993660138118,0.1308023608230978,0.14999999999999922,4.652485936928528,3828,0.10867293625914315,901,857,1654
apartment_2,seq_0004,42,random,7,22,32768,0.790863037109375,0.696014404296875,0.809569747250627,0.2665985699693565,0.6,17.427423097030857,4810,0.18024948024948026,990,919,2034
apartment_2,seq_0004,42,random,8,2,32768,0.76873779296875,0.617523193359375,0.7040095275903137,0.3300343098442861,0.30000000000000004,9.5020107236505,5327,0.2568049558851136,989,921,2049
apartment_2,seq_0004,42,random,9,3,32768,0.85394287109375,0.60687255859375,0.6663212064898864,0.2592979523610531,0.15,4.734462518839655,3945,0.23422053231939163,723,671,1627
apartment_2,seq_0004,42,random,10,36,32768,0.661834716796875,0.629119873046875,0.8320652925715867,0.23192852630629004,0.6,23.68815385559018,4160,0.08533653846153846,573,840,2392
apartment_2,seq_0004,42,random,11,38,32768,0.645660400390625,0.629791259765625,0.8297962849175214,0.26535182154853154,0.3000000000000002,12.766277730086601,4154,0.05801636976408281,453,790,2670
apartment_2,seq_0004,42,random,12,1,32768,0.876190185546875,0.63055419921875,0.6878896590157083,0.22479664776928765,0.15000000000000005,4.929447709405312,3246,0.20117067159581023,488,649,1456
apartment_2,seq_0004,42,random,13,10,32768,0.801788330078125,0.619781494140625,0.7040307540060138,0.2789838337182448,0.9,24.767511126381105,4953,0.2087623662426812,1141,849,1929
apartment_2,seq_0004,42,random,14,11,32768,0.812774658203125,0.638275146484375,0.7166297450531296,0.29812550937245313,0.14999999999999994,4.470976570657234,4846,0.2668179942220388,1060,713,1780
apartment_2,seq_0004,42,random,15,24,32768,0.8648681640625,0.692230224609375,0.7743119266055046,0.16689250225835592,0.2999999999999992,8.973177305093152,3223,0.12783121315544524,741,553,1517
apartment_2,seq_0004,42,random,16,20,32768,0.9014892578125,0.6905517578125,0.7519972918077183,0.12825278810408922,0.2999999999999999,8.97317730509317,2588,0.10935085007727975,428,446,1431
apartment_2,seq_0004,42,random,17,21,32768,0.91766357421875,0.695648193359375,0.7457266378450282,0.1375092661230541,0.14999999999999988,4.454548514585704,2332,0.12993138936535162,456,355,1218
apartment_2,seq_0004,42,random,18,30,32768,0.8221435546875,0.65301513671875,0.7443949517446177,0.2306108442004118,0.2999999999999992,9.84245011230688,2670,0.13595505617977527,577,647,1083
apartment_2,seq_0004,42,random,19,39,32768,0.761932373046875,0.617156982421875,0.7933672447630873,0.053198307909242404,0.14999999999999977,6.624894038609871,4368,0.020604395604395604,388,735,3155
apartment_2,seq_0004,42,random,20,40,32768,0.812957763671875,0.583404541015625,0.7010773677690604,0.07195301027900147,0.150000000000001,7.158667132206678,3673,0.025319901987476176,270,412,2898
apartment_2,seq_0004,42,random,21,17,32768,0.8927001953125,0.672088623046875,0.7319499521400246,0.17406143344709898,0.15,4.477425200091927,2700,0.15518518518518518,433,471,1377
apartment_2,seq_0004,42,random,22,0,32768,0.896209716796875,0.62689208984375,0.6634657949398985,0.3110849750073508,0.15,4.982719931116058,2051,0.1750365675280351,348,313,1031
apartment_2,seq_0004,42,random,23,23,32768,0.941162109375,0.7015380859375,0.7404669260700389,0.07883817427385892,0.14999999999999922,4.498293641650841,1711,0.07481005260081823,300,164,1119
apartment_2,seq_0004,42,random,24,37,32768,0.835601806640625,0.63232421875,0.7453343559402505,0.05791720809355857,0.15,6.426992194990441,2808,0.03276353276353276,290,583,1843
apartment_2,seq_0004,42,random,25,9,32768,0.922027587890625,0.61004638671875,0.6500182040843345,0.13737769080234832,0.15000000000000005,4.356494322586863,2258,0.12577502214348982,443,289,1242
apartment_2,seq_0004,42,random,26,6,32768,0.902252197265625,0.567169189453125,0.608557415863352,0.1851389322510147,0.29999999999999993,8.867405690359014,2779,0.1615689096797409,425,489,1416
apartment_2,seq_0004,42,random,27,34,32768,0.816650390625,0.637054443359375,0.7151718983557549,0.2891145139813582,0.3,11.409949495121978,2920,0.0910958904109589,288,504,1862
apartment_2,seq_0004,42,random,28,25,32768,0.928619384765625,0.681976318359375,0.7255907193795392,0.1145788798631894,0.15,4.501907200179051,1864,0.10836909871244635,380,455,827
apartment_2,seq_0004,42,random,29,19,32768,0.94384765625,0.689453125,0.7215791515778582,0.14945652173913043,0.15,4.514268919946602,1576,0.11548223350253807,238,247,909
apartment_2,seq_0004,42,random,30,35,32768,0.906219482421875,0.634918212890625,0.6901498568782624,0.10120403514480963,0.15,6.034251485047903,2167,0.02168897092754961,151,309,1660
apartment_2,seq_0004,42,random,31,8,32768,0.93157958984375,0.602874755859375,0.6347048417742253,0.1694915254237288,0.15,4.306320782789295,2030,0.15172413793103448,267,244,1211
apartment_2,seq_0004,42,random,32,16,32768,0.938934326171875,0.672698974609375,0.7042610589267722,0.1874062968515742,0.15,4.460425300453241,1631,0.15205395462906193,190,211,982
apartment_2,seq_0004,42,random,33,13,32768,0.942657470703125,0.654632568359375,0.6849687591051831,0.15593400745077168,0.30000000000000004,8.919993797336437,1669,0.14080287597363692,200,195,1039
apartment_2,seq_0004,42,random,34,12,32768,0.946136474609375,0.636077880859375,0.6681934006386478,0.07195467422096317,0.15,4.460425300453241,1472,0.07540760869565218,268,260,833
apartment_2,seq_0004,42,random,35,7,32768,0.943572998046875,0.585968017578125,0.6114686762185064,0.159545700378583,0.15,4.345769516300258,1675,0.14388059701492537,246,155,1033
apartment_2,seq_0004,42,random,36,41,32768,0.78631591796875,0.546539306640625,0.6751921136381278,0.07312196515281348,0.14999999999999822,6.64234768347445,4099,0.0202488411807758,190,432,3394
apartment_2,seq_0004,42,random,37,5,32768,0.91748046875,0.552154541015625,0.5842535923363491,0.1952662721893491,0.14999999999999997,4.561214880781504,2298,0.17406440382941687,573,369,956
apartment_2,seq_0004,42,random,38,14,32768,0.9505615234375,0.652374267578125,0.6820983690766662,0.0808641975308642,0.1500000000000001,4.487185923330678,1377,0.07334785766158315,201,211,864
apartment_2,seq_0004,42,random,39,29,32768,0.928253173828125,0.6451416015625,0.6822500575336161,0.16503615482773287,0.149999999999999,4.954226540648163,1610,0.1248447204968944,285,365,759
apartment_2,seq_0004,42,random,40,33,32768,0.92626953125,0.6282958984375,0.6735964681075383,0.0591887417218543,0.15,5.484037667435749,1808,0.030420353982300884,134,262,1357
apartment_2,seq_0004,42,random,41,15,32768,0.965911865234375,0.674102783203125,0.6931534548671447,0.13428827215756492,0.15,4.552746786610486,1024,0.1220703125,176,150,573
apartment_2,seq_0004,42,random,42,31,32768,0.92034912109375,0.635345458984375,0.6755753034020824,0.17049808429118773,0.14999999999999977,5.028380180457298,1755,0.07065527065527065,258,432,941
apartment_2,seq_0004,42,sequential,1,0,32768,0.0,0.62689208984375,,0.62689208984375,,,10538,0.37644714367052573,2145,1714,2712
apartment_2,seq_0004,42,sequential,2,1,32768,0.67767333984375,0.63055419921875,0.7562370530487256,0.3663131982579057,0.15,4.92944770940531,6448,0.2954404466501241,1350,946,2247
apartment_2,seq_0004,42,sequential,3,2,32768,0.821075439453125,0.617523193359375,0.6939230626277644,0.2669281937574621,0.15000000000000005,4.7838982636436915,4795,0.23774765380604795,721,837,2097
apartment_2,seq_0004,42,sequential,4,3,32768,0.8077392578125,0.60687255859375,0.6757971890584857,0.3173015873015873,0.15,4.734462518839655,4782,0.2555416143872857,917,639,2004
apartment_2,seq_0004,42,sequential,5,4,32768,0.80511474609375,0.57989501953125,0.6516185277840952,0.28358910115878483,0.15000000000000005,4.600008027660084,4982,0.22541148133279806,1036,640,2183
apartment_2,seq_0004,42,sequential,6,5,32768,0.785980224609375,0.552154541015625,0.6248107163657542,0.28532724939398263,0.15,4.561214880781505,5225,0.23272727272727273,1066,760,2183
apartment_2,seq_0004,42,sequential,7,6,32768,0.84161376953125,0.567169189453125,0.6304663137283342,0.2308285163776493,0.14999999999999997,4.460411910057938,4376,0.20543875685557586,870,744,1863
apartment_2,seq_0004,42,sequential,8,7,32768,0.84051513671875,0.585968017578125,0.641311451601191,0.2942977420589361,0.15000000000000008,4.34576951630026,4284,0.2518674136321195,938,571,1696
apartment_2,seq_0004,42,sequential,9,8,32768,0.845367431640625,0.602874755859375,0.6566188946247428,0.30905861456483125,0.15,4.306320782789295,4025,0.25813664596273295,862,528,1596
apartment_2,seq_0004,42,sequential,10,9,32768,0.808868408203125,0.61004638671875,0.6845500848896434,0.29474692639310235,0.15,4.356494322586861,4553,0.2523610806061937,1122,797,1485
apartment_2,seq_0004,42,sequential,11,10,32768,0.844329833984375,0.619781494140625,0.6560523367188347,0.4230543030778279,0.15000000000000005,4.397172077726745,3281,0.26333434928375493,532,455,1430
apartment_2,seq_0004,42,sequential,12,11,32768,0.79278564453125,0.638275146484375,0.7031334205866503,0.39013254786450663,0.14999999999999994,4.470976570657234,4843,0.3157134007846376,1095,644,1575
apartment_2,seq_0004,42,sequential,13,12,32768,0.908599853515625,0.636077880859375,0.6770563933765492,0.2287145242070117,0.15,4.460425300453241,2489,0.20449979911611088,409,351,1220
apartment_2,seq_0004,42,sequential,14,13,32768,0.9044189453125,0.654632568359375,0.6933459306249157,0.2883141762452107,0.15000000000000005,4.487185923330676,2540,0.21968503937007874,368,319,1295
apartment_2,seq_0004,42,sequential,15,14,32768,0.88568115234375,0.652374267578125,0.7165598511474054,0.15509877202349173,0.1500000000000001,4.487185923330678,2854,0.1401541695865452,593,470,1391
apartment_2,seq_0004,42,sequential,16,15,32768,0.8701171875,0.674102783203125,0.7401445005611672,0.23167293233082706,0.15,4.552746786610486,3413,0.18517433343099912,597,566,1618
apartment_2,seq_0004,42,sequential,17,16,32768,0.926239013671875,0.672698974609375,0.7111792033211426,0.1894911046752172,0.15,4.460425300453241,2048,0.16455078125,278,268,1165
apartment_2,seq_0004,42,sequential,18,17,32768,0.92218017578125,0.672088623046875,0.7149050234959295,0.16470588235294117,0.15,4.477425200091927,2038,0.13591756624141316,310,436,1015
apartment_2,seq_0004,42,sequential,19,18,32768,0.8721923828125,0.685943603515625,0.7532890132960112,0.22636103151862463,0.15,4.512153358393343,3325,0.1924812030075188,554,690,1441
apartment_2,seq_0004,42,sequential,20,19,32768,0.91845703125,0.689453125,0.7331206804891015,0.19760479041916168,0.1500000000000001,4.514268919946605,2222,0.1413141314131413,256,431,1221
apartment_2,seq_0004,42,sequential,21,20,32768,0.8729248046875,0.6905517578125,0.765522304572787,0.17555235350624399,0.15,4.514268919946602,3161,0.15659601391964567,568,610,1488
apartment_2,seq_0004,42,sequential,22,21,32768,0.881988525390625,0.695648193359375,0.7646448219784783,0.1799844840961986,0.14999999999999988,4.454548514585704,3077,0.1468963275918102,513,553,1559
apartment_2,seq_0004,42,sequential,23,22,32768,0.898193359375,0.696014404296875,0.7597852677357978,0.13339328537170264,0.15,4.487185923330674,2625,0.09561904761904762,308,421,1645
apartment_2,seq_0004,42,sequential,24,23,32768,0.9151611328125,0.7015380859375,0.7571028411364545,0.10215827338129496,0.14999999999999922,4.498293641650841,2323,0.09169177787343952,340,375,1395
apartment_2,seq_0004,42,sequential,25,24,32768,0.86358642578125,0.692230224609375,0.7721747119937805,0.18612975391498882,0.15,4.514268919946602,3036,0.14525691699604742,634,510,1451
apartment_2,seq_0004,42,sequential,26,25,32768,0.869720458984375,0.681976318359375,0.763816274255237,0.13562895291637386,0.15000000000000088,4.501907200179078,3089,0.11557138232437682,577,853,1302
apartment_2,seq_0004,42,sequential,27,26,32768,0.83599853515625,0.6619873046875,0.769767102285172,0.11257908448083365,0.15,4.632844023560734,3731,0.0812114714553739,857,1185,1386
apartment_2,seq_0004,42,sequential,28,27,32768,0.896820068359375,0.65838623046875,0.7198421070541395,0.12422360248447205,0.14999999999999922,4.652485936928528,2241,0.10174029451137885,530,450,1033
apartment_2,seq_0004,42,sequential,29,28,32768,0.875,0.6517333984375,0.7282366071428571,0.1162109375,0.150000000000001,4.828553323676029,2247,0.10369381397418781,496,633,885
apartment_2,seq_0004,42,sequential,30,29,32768,0.836761474609375,0.6451416015625,0.7190998942339254,0.26603103383810056,0.149999999999999,4.954226540648163,2616,0.18960244648318042,527,657,936
apartment_2,seq_0004,42,sequential,31,30,32768,0.9326171875,0.65301513671875,0.6885798429319372,0.16077898550724637,0.15000000000000022,4.957800013705674,1528,0.0975130890052356,258,349,772
apartment_2,seq_0004,42,sequential,32,31,32768,0.88140869140625,0.635345458984375,0.6986358285437296,0.1649511065362841,0.14999999999999977,5.028380180457298,2158,0.08665430954587582,377,597,997
apartment_2,seq_0004,42,sequential,33,32,32768,0.894622802734375,0.6314697265625,0.6752515776906021,0.25977410947002605,0.15000000000000022,5.131889384905163,1690,0.12840236686390533,318,378,777
apartment_2,seq_0004,42,sequential,34,33,32768,0.874267578125,0.6282958984375,0.6887740854509914,0.20776699029126214,0.15,5.484037667435749,2594,0.07555898226676946,252,451,1695
apartment_2,seq_0004,42,sequential,35,34,32768,0.882965087890625,0.637054443359375,0.7023122386202606,0.14471968709256844,0.15,5.762100441142653,2434,0.03574363188167625,172,352,1823
apartment_2,seq_0004,42,sequential,36,35,32768,0.845855712890625,0.634918212890625,0.7187646570696684,0.1748168679469412,0.15,6.034251485047903,2773,0.03281644428416877,238,470,1974
apartment_2,seq_0004,42,sequential,37,36,32768,0.876190185546875,0.629119873046875,0.7029361568736721,0.10672911017993592,0.15,6.259221156114577,2501,0.025189924030387844,211,403,1824
apartment_2,seq_0004,42,sequential,38,37,32768,0.822357177734375,0.63232421875,0.7475414702935391,0.09895207009104964,0.15,6.426992194990441,3004,0.03062583222370173,287,575,2050
apartment_2,seq_0004,42,sequential,39,38,32768,0.827301025390625,0.629791259765625,0.7439595706223026,0.08287683336278494,0.15000000000000022,6.46335527625236,2859,0.024134312696747113,210,493,2087
apartment_2,seq_0004,42,sequential,40,39,32768,0.8072509765625,0.617156982421875,0.7571450173899894,0.030873970867637747,0.14999999999999977,6.624894038609871,3843,0.011969815248503773,288,595,2914
apartment_2,seq_0004,42,sequential,41,40,32768,0.8597412109375,0.583404541015625,0.6705594207014056,0.04917319408181027,0.150000000000001,7.158667132206678,3157,0.014887551472917327,174,263,2673
apartment_2,seq_0004,42,sequential,42,41,32768,0.804901123046875,0.546539306640625,0.6675260663507109,0.047395588925387144,0.14999999999999822,6.64234768347445,3961,0.01691492047462762,161,401,3332
frl_apartment_5,seq_0004,15,spread,1,0,32768,0.0,0.44464111328125,,0.44464111328125,,,10931,0.3935596011343884,3283,1842,1504
frl_apartment_5,seq_0004,15,spread,2,14,32768,0.23626708984375,0.55914306640625,0.8481012658227848,0.4697514584831775,2.1,51.78379639620273,7975,0.3993730407523511,2229,1685,876
frl_apartment_5,seq_0004,15,spread,3,7,32768,0.618988037109375,0.47064208984375,0.48833998915347826,0.44189026832198636,1.05,28.875790844352778,7910,0.4012642225031606,2519,1599,618
frl_apartment_5,seq_0004,15,spread,4,4,32768,0.75665283203125,0.472900390625,0.48535936113575867,0.43416102332580886,0.45,12.944610699842443,5775,0.3849350649350649,1956,1096,500
frl_apartment_5,seq_0004,15,spread,5,10,32768,0.7286376953125,0.522369384765625,0.5257162003685709,0.513382816014395,0.45,14.142224673537461,5634,0.4187078452254171,1642,1193,440
frl_apartment_5,seq_0004,15,spread,6,12,32768,0.7939453125,0.529510498046875,0.5399369618696187,0.48933649289099523,0.29999999999999993,9.93785826781746,4377,0.4190084532785013,1429,788,326
frl_apartment_5,seq_0004,15,spread,7,2,32768,0.823760986328125,0.45269775390625,0.4536731745267292,0.4481385281385281,0.2999999999999998,8.950632394555813,3944,0.33874239350912777,1397,774,437
frl_apartment_5,seq_0004,15,spread,8,6,32768,0.877655029296875,0.463226318359375,0.4835355888591397,0.3175355450236967,0.15000000000000016,4.454823748422019,3403,0.30061710255656776,1350,801,229
frl_apartment_5,seq_0004,15,spread,9,9,32768,0.8328857421875,0.50396728515625,0.5077678440568665,0.4850255661066472,0.15000000000000016,4.655583514876607,3884,0.40061791967044286,1345,734,249
frl_apartment_5,seq_0004,15,spread,10,3,32768,0.90899658203125,0.477569580078125,0.49627341704156314,0.29074446680080485,0.1500000000000001,4.44914449214228,2559,0.24267291910902697,832,754,352
frl_apartment_5,seq_0004,15,spread,11,13,32768,0.866851806640625,0.54248046875,0.5640204189403274,0.4022461608984644,0.14999999999999994,5.092508862827938,3164,0.34860935524652337,1031,657,373
frl_apartment_5,seq_0004,15,spread,12,11,32768,0.908843994140625,0.534088134765625,0.5458178032974044,0.4171409440910613,0.14999999999999988,4.986479519414742,2315,0.38660907127429806,704,473,243
frl_apartment_5,seq_0004,15,spread,13,5,32768,0.900482177734375,0.447601318359375,0.46988850103365304,0.24593682919349893,0.14999999999999974,4.545085680162203,2339,0.2552372808892689,989,527,226
frl_apartment_5,seq_0004,15,spread,14,8,32768,0.92822265625,0.48114013671875,0.49776433456075747,0.266156462585034,0.14999999999999974,4.574597020720593,2025,0.24592592592592594,769,547,211
frl_apartment_5,seq_0004,15,spread,15,1,32768,0.924224853515625,0.47979736328125,0.48538880633977216,0.4115988723318566,0.1499999999999997,4.544117067994667,1863,0.3177670424047236,608,466,197
frl_apartment_5,seq_0004,15,random,1,2,32768,0.0,0.45269775390625,,0.45269775390625,,,11067,0.3960422878828951,3301,1845,1538
frl_apartment_5,seq_0004,15,random,2,11,32768,0.37591552734375,0.534088134765625,0.6246955674622504,0.4795110024449878,1.3500000000000003,38.141057580393586,8564,0.48668846333489024,2070,1415,911
frl_apartment_5,seq_0004,15,random,3,3,32768,0.727325439453125,0.477569580078125,0.5014895313221164,0.4137660884163402,0.1500000000000001,4.44914449214228,6241,0.36901137638199005,2079,1311,548
frl_apartment_5,seq_0004,15,random,4,10,32768,0.754730224609375,0.522369384765625,0.5248069224859488,0.5148687321139729,0.15000000000000008,4.800933099059088,5309,0.41740440760971936,1506,1081,506
frl_apartment_5,seq_0004,15,random,5,0,32768,0.746124267578125,0.44464111328125,0.45870996768784,0.40329366510397885,0.2999999999999998,9.197630030104436,5096,0.3426216640502355,1886,1051,413
frl_apartment_5,seq_0004,15,random,6,4,32768,0.8353271484375,0.472900390625,0.4766184422037118,0.4540400296515938,0.1500000000000001,4.381255350155384,3970,0.3788413098236776,1326,778,362
frl_apartment_5,seq_0004,15,random,7,7,32768,0.82232666015625,0.47064208984375,0.4876419505678023,0.3919615252490553,0.45,13.297717878075215,4184,0.3515774378585086,1417,987,309
frl_apartment_5,seq_0004,15,random,8,5,32768,0.87396240234375,0.447601318359375,0.4733570780082408,0.26900726392251817,0.14999999999999974,4.545085680162203,3061,0.2773603397582489,1318,621,273
frl_apartment_5,seq_0004,15,random,9,14,32768,0.719696044921875,0.55914306640625,0.6602637493109443,0.2995100707675558,0.45,15.224337394300447,4929,0.3203489551633191,1606,1265,479
frl_apartment_5,seq_0004,15,random,10,12,32768,0.881866455078125,0.529510498046875,0.5516835657680728,0.36398863342805476,0.14999999999999988,5.006583486970676,2937,0.3193735103847463,1053,659,287
frl_apartment_5,seq_0004,15,random,11,6,32768,0.91229248046875,0.463226318359375,0.4784572154947481,0.3048016701461378,0.15000000000000008,4.454823748422016,2496,0.28886217948717946,958,643,174
frl_apartment_5,seq_0004,15,random,12,9,32768,0.858367919921875,0.50396728515625,0.5089060333487396,0.4740357681534152,0.15000000000000016,4.655583514876607,3332,0.3904561824729892,1201,635,195
frl_apartment_5,seq_0004,15,random,13,13,32768,0.872314453125,0.54248046875,0.5645465994962217,0.39173040152963673,0.14999999999999994,5.092508862827938,3024,0.3349867724867725,992,647,372
frl_apartment_5,seq_0004,15,random,14,8,32768,0.92822265625,0.48114013671875,0.49776433456075747,0.266156462585034,0.14999999999999974,4.574597020720593,2025,0.24592592592592594,769,547,211
frl_apartment_5,seq_0004,15,random,15,1,32768,0.924224853515625,0.47979736328125,0.48538880633977216,0.4115988723318566,0.1499999999999997,4.544117067994667,1863,0.3177670424047236,608,466,197
frl_apartment_5,seq_0004,15,sequential,1,0,32768,0.0,0.44464111328125,,0.44464111328125,,,10931,0.3935596011343884,3283,1842,1504
frl_apartment_5,seq_0004,15,sequential,2,1,32768,0.6610107421875,0.47979736328125,0.46768236380424744,0.5034209578682031,0.1500000000000001,4.544117067994679,6880,0.39563953488372094,2140,1372,646
frl_apartment_5,seq_0004,15,sequential,3,2,32768,0.7923583984375,0.45269775390625,0.46610691727006626,0.40152851263962375,0.1499999999999997,4.502787502467489,4744,0.33368465430016864,1679,907,575
frl_apartment_5,seq_0004,15,sequential,4,3,32768,0.7744140625,0.477569580078125,0.49452238335435056,0.4193722943722944,0.1500000000000001,4.44914449214228,5214,0.3757192174913694,1669,1101,485
frl_apartment_5,seq_0004,15,sequential,5,4,32768,0.82843017578125,0.472900390625,0.4770131879466588,0.45304162219850586,0.1500000000000001,4.381255350155384,3927,0.37738731856378915,1309,756,380
frl_apartment_5,seq_0004,15,sequential,6,5,32768,0.85400390625,0.447601318359375,0.47805889079473984,0.2694397993311037,0.14999999999999974,4.545085680162203,3480,0.28218390804597704,1442,715,341
frl_apartment_5,seq_0004,15,sequential,7,6,32768,0.8358154296875,0.463226318359375,0.47228713305097125,0.4171003717472119,0.15000000000000008,4.454823748422016,3885,0.3647361647361647,1351,848,269
frl_apartment_5,seq_0004,15,sequential,8,7,32768,0.861236572265625,0.47064208984375,0.47999716523156516,0.41257972289421596,0.15000000000000016,4.504608689784124,3544,0.34875846501128666,1125,853,330
frl_apartment_5,seq_0004,15,sequential,9,8,32768,0.880157470703125,0.48114013671875,0.49790229187614854,0.35803412274000507,0.15000000000000008,4.574597020720603,3005,0.30648918469217973,993,737,354
frl_apartment_5,seq_0004,15,sequential,10,9,32768,0.808807373046875,0.50396728515625,0.5125834811153455,0.4675179569034318,0.14999999999999974,4.655583514876594,4404,0.3935059037238874,1471,940,260
frl_apartment_5,seq_0004,15,sequential,11,10,32768,0.76513671875,0.522369384765625,0.5133615188257817,0.5517151767151767,0.15000000000000016,4.80093309905909,4338,0.4218533886583679,1274,939,295
frl_apartment_5,seq_0004,15,sequential,12,11,32768,0.82879638671875,0.534088134765625,0.5259592017085205,0.5734402852049911,0.15000000000000008,4.9864795194147495,3606,0.5094287298946201,1001,529,239
frl_apartment_5,seq_0004,15,sequential,13,12,32768,0.864349365234375,0.529510498046875,0.5582741941178547,0.34623172103487065,0.14999999999999988,5.006583486970676,3141,0.32601082457815983,1144,679,294
frl_apartment_5,seq_0004,15,sequential,14,13,32768,0.816375732421875,0.54248046875,0.578744719823558,0.3812531161708493,0.15000000000000016,5.092508862827946,3721,0.3265251276538565,1225,836,445
frl_apartment_5,seq_0004,15,sequential,15,14,32768,0.8502197265625,0.55914306640625,0.6072146446518306,0.28626731866340666,0.14999999999999994,5.183497067151421,3278,0.299267846247712,1059,897,341
frl_apartment_5,seq_0003,14,spread,1,0,32768,0.0,0.398834228515625,,0.398834228515625,,,12973,0.3425576196716257,3069,2776,2684
frl_apartment_5,seq_0003,14,spread,2,13,32768,0.27972412109375,0.5482177734375,0.7568186777220162,0.46720616896873146,1.9499999999999995,52.149333475903674,7316,0.3840896664844177,1722,1490,1294
frl_apartment_5,seq_0003,14,spread,3,6,32768,0.663360595703125,0.3897705078125,0.45171826839030227,0.26770011784969633,0.9000000000000002,25.629404802463675,7611,0.22966758638812246,2111,2245,1507
frl_apartment_5,seq_0003,14,spread,4,3,32768,0.72662353515625,0.40545654296875,0.44460310793784125,0.3014065639651708,0.45,12.889489062878566,6777,0.28227829423048545,2110,1749,1005
frl_apartment_5,seq_0003,14,spread,5,9,32768,0.75604248046875,0.46563720703125,0.5031484620973601,0.34938704028021017,0.44999999999999984,14.719636351405354,5043,0.3347213959944477,1278,1084,993
frl_apartment_5,seq_0003,14,spread,6,11,32768,0.856170654296875,0.49078369140625,0.5138834432364997,0.3532781667727562,0.2999999999999996,10.116799480153789,3802,0.2756443976854287,1248,840,666
frl_apartment_5,seq_0003,14,spread,7,2,32768,0.77569580078125,0.40509033203125,0.43083641513887794,0.31605442176870746,0.15000000000000022,4.491800154471158,5710,0.2555166374781086,1834,1628,789
frl_apartment_5,seq_0003,14,spread,8,4,32768,0.8470458984375,0.398681640625,0.4149733390978527,0.30845969672785317,0.15000000000000002,4.407608980681224,4059,0.273220004927322,1161,1080,709
frl_apartment_5,seq_0003,14,spread,9,7,32768,0.8675537109375,0.439605712890625,0.4454411143942592,0.40138248847926267,0.15000000000000002,4.837436265401618,3512,0.328872437357631,839,871,647
frl_apartment_5,seq_0003,14,spread,10,12,32768,0.9205322265625,0.517578125,0.5382906776289617,0.27764976958525345,0.15000000000000002,5.2744459929639484,2255,0.23237250554323724,724,533,474
frl_apartment_5,seq_0003,14,spread,11,1,32768,0.848236083984375,0.400299072265625,0.42701924806619895,0.25095515785240297,0.1499999999999998,4.574597020720595,3809,0.2488842215804673,910,1327,624
frl_apartment_5,seq_0003,14,spread,12,5,32768,0.92254638671875,0.3907470703125,0.4056235527621568,0.21355397951142632,0.1499999999999998,4.46159192452744,2209,0.19330013580805794,665,752,365
frl_apartment_5,seq_0003,14,spread,13,8,32768,0.9180908203125,0.423248291015625,0.4399680893498205,0.23584202682563338,0.1499999999999998,4.929447709405304,2365,0.21226215644820295,596,717,550
frl_apartment_5,seq_0003,14,spread,14,10,32768,0.930694580078125,0.485137939453125,0.500147555497262,0.28357551739321885,0.1499999999999996,5.033329972830755,2021,0.2513607125185552,505,487,521
frl_apartment_5,seq_0003,14,random,1,3,32768,0.0,0.40545654296875,,0.40545654296875,,,12512,0.3489450127877238,3067,2675,2404
frl_apartment_5,seq_0003,14,random,2,2,32768,0.595489501953125,0.40509033203125,0.43109721723978883,0.366804979253112,0.15000000000000022,4.491800154471158,9012,0.3057035064358633,2713,2221,1323
frl_apartment_5,seq_0003,14,random,3,0,32768,0.59515380859375,0.398834228515625,0.4711824428263768,0.29247700889491934,0.2999999999999998,9.394279185247155,8021,0.2734073058222167,2249,2010,1569
frl_apartment_5,seq_0003,14,random,4,5,32768,0.76495361328125,0.3907470703125,0.4198914864757041,0.29589716956634643,0.30000000000000043,8.869723649651082,5516,0.24945612762871647,1655,1535,950
frl_apartment_5,seq_0003,14,random,5,4,32768,0.8150634765625,0.398681640625,0.41766511906544856,0.31501650165016504,0.15000000000000002,4.407608980681224,4833,0.27539830333126425,1352,1308,842
frl_apartment_5,seq_0003,14,random,6,7,32768,0.7593994140625,0.439605712890625,0.4385548947114612,0.4429223744292237,0.2999999999999998,9.606874172295296,4885,0.365813715455476,1058,994,1046
frl_apartment_5,seq_0003,14,random,7,13,32768,0.55963134765625,0.5482177734375,0.6634856581960955,0.40173250173250175,0.8999999999999995,30.707201669367272,4592,0.34560104529616725,1274,1015,716
frl_apartment_5,seq_0003,14,random,8,10,32768,0.85089111328125,0.485137939453125,0.5097195323147551,0.3448628735161686,0.4499999999999996,14.800706665729932,3767,0.2819219538093974,988,881,836
frl_apartment_5,seq_0003,14,random,9,11,32768,0.891021728515625,0.49078369140625,0.5124841593314382,0.3133576029123495,0.1499999999999996,5.098135848029509,3021,0.2595167163190996,976,725,536
frl_apartment_5,seq_0003,14,random,10,6,32768,0.89739990234375,0.3897705078125,0.41637761001156226,0.1570493753718025,0.1499999999999998,4.571557627574412,2987,0.14630063608972213,697,1247,606
frl_apartment_5,seq_0003,14,random,11,9,32768,0.90753173828125,0.46563720703125,0.47827695204788484,0.3415841584158416,0.15000000000000002,5.004651877960651,2747,0.3090644339279214,766,613,519
frl_apartment_5,seq_0003,14,random,12,12,32768,0.930206298828125,0.517578125,0.5346937436435812,0.2894621775251421,0.15000000000000002,5.2744459929639484,1954,0.2389969293756397,634,465,388
frl_apartment_5,seq_0003,14,random,13,8,32768,0.931884765625,0.423248291015625,0.44016898087503276,0.1917562724014337,0.1499999999999998,4.929447709405304,2050,0.1795121951219512,492,663,527
frl_apartment_5,seq_0003,14,random,14,1,32768,0.856536865234375,0.400299072265625,0.4253393665158371,0.25079770261646456,0.1499999999999998,4.574597020720595,3565,0.2493688639551192,854,1253,569
frl_apartment_5,seq_0003,14,sequential,1,0,32768,0.0,0.398834228515625,,0.398834228515625,,,12973,0.3425576196716257,3069,2776,2684
frl_apartment_5,seq_0003,14,sequential,2,1,32768,0.616180419921875,0.400299072265625,0.43336139864295975,0.3472211179136519,0.15000000000000002,4.574597020720601,8382,0.2893104271057027,2033,2411,1513
frl_apartment_5,seq_0003,14,sequential,3,2,32768,0.76544189453125,0.40509033203125,0.45020333306753846,0.25787145459276606,0.1499999999999998,4.491800154471146,6411,0.2444236468569646,1955,1763,1126
frl_apartment_5,seq_0003,14,sequential,4,3,32768,0.704437255859375,0.40545654296875,0.42589784690031623,0.3567372225090346,0.15000000000000022,4.3620274035222355,6891,0.3115658104774343,2160,1711,873
frl_apartment_5,seq_0003,14,sequential,5,4,32768,0.78436279296875,0.398681640625,0.41798303633958445,0.3284743843758845,0.15000000000000002,4.407608980681224,5373,0.27954587753582727,1551,1376,944
frl_apartment_5,seq_0003,14,sequential,6,5,32768,0.82696533203125,0.3907470703125,0.41021477599822864,0.29770723104056435,0.1500000000000004,4.461591924527458,4323,0.24404348831829747,1290,1267,711
frl_apartment_5,seq_0003,14,sequential,7,6,32768,0.8511962890625,0.3897705078125,0.42040728524308046,0.21452009844134537,0.1499999999999998,4.571557627574412,3954,0.18285280728376327,935,1490,806
frl_apartment_5,seq_0003,14,sequential,8,7,32768,0.788055419921875,0.439605712890625,0.43364442551214033,0.46177105831533477,0.15000000000000002,4.837436265401618,4395,0.37360637087599546,949,899,905
frl_apartment_5,seq_0003,14,sequential,9,8,32768,0.8822021484375,0.423248291015625,0.4417462294174623,0.28471502590673575,0.1499999999999998,4.929447709405304,3055,0.2369885433715221,799,865,667
frl_apartment_5,seq_0003,14,sequential,10,9,32768,0.876373291015625,0.46563720703125,0.4747362189643765,0.40113552209331027,0.15000000000000002,5.004651877960651,3451,0.3497536945812808,934,733,577
frl_apartment_5,seq_0003,14,sequential,11,10,32768,0.882171630859375,0.485137939453125,0.5064171307987685,0.32582232582232584,0.15000000000000002,5.033329972830769,2718,0.2582781456953642,747,605,664
frl_apartment_5,seq_0003,14,sequential,12,11,32768,0.86846923828125,0.49078369140625,0.5184833790146883,0.30788863109048725,0.1499999999999996,5.098135848029509,2837,0.26859358477264716,927,608,540
frl_apartment_5,seq_0003,14,sequential,13,12,32768,0.905853271484375,0.517578125,0.5244079102516592,0.4518638573743922,0.15000000000000002,5.2744459929639484,2168,0.29981549815498154,655,451,412
frl_apartment_5,seq_0003,14,sequential,14,13,32768,0.8934326171875,0.5482177734375,0.5645579997267386,0.41122565864833904,0.15000000000000002,5.653164622631295,2531,0.28921374950612405,697,685,417
apartment_2,seq_0001,45,spread,1,0,32768,0.0,0.708831787109375,,0.708831787109375,,,9886,0.42575359093667814,1673,1418,2586
apartment_2,seq_0001,45,spread,2,44,32768,0.005584716796875,0.92431640625,0.8633879781420765,0.9246585852386067,6.6,76.24886669630999,6521,0.7935899401932219,1087,230,29
apartment_2,seq_0001,45,spread,3,22,32768,0.17333984375,0.808349609375,0.9426056338028169,0.7801978735971647,3.3,61.1882673594119,8393,0.5310377695698797,1618,833,1485
apartment_2,seq_0001,45,spread,4,11,32768,0.66680908203125,0.76556396484375,0.9356064073226544,0.4252610368199304,1.6499999999999997,41.381497106713496,6896,0.33120649651972156,1793,831,1988
apartment_2,seq_0001,45,spread,5,33,32768,0.699310302734375,0.843597412109375,0.9867772201614663,0.510605906830407,1.6499999999999992,44.53499682880818,5260,0.3826996197718631,1767,1199,281
apartment_2,seq_0001,45,spread,6,27,32768,0.677093505859375,0.792388916015625,0.9331590571055123,0.4972119837444476,0.7500000000000006,24.041641747289543,4578,0.42507645259938837,945,544,1143
apartment_2,seq_0001,45,spread,7,5,32768,0.751312255859375,0.7283935546875,0.8917502741784801,0.23487544483985764,0.7500000000000001,21.75838191457812,5600,0.18982142857142856,1266,707,2564
apartment_2,seq_0001,45,spread,8,38,32768,0.593902587890625,0.869659423828125,0.9619752325163147,0.7346509355978057,0.7500000000000001,26.005820830152345,4091,0.5876313859692007,1195,492,0
apartment_2,seq_0001,45,spread,9,17,32768,0.797271728515625,0.7603759765625,0.8822966507177034,0.2808971850067741,0.7499999999999997,21.758381914578106,4574,0.22562308701355488,1269,690,1583
apartment_2,seq_0001,45,spread,10,8,32768,0.837860107421875,0.784332275390625,0.8786377708978328,0.29700734048560135,0.4499999999999995,13.886357376733258,4097,0.22723944349524042,900,580,1686
apartment_2,seq_0001,45,spread,11,14,32768,0.813690185546875,0.7545166015625,0.8859093125304729,0.18067158067158068,0.4499999999999995,13.307042864772962,4912,0.16693811074918566,1468,1165,1459
apartment_2,seq_0001,45,spread,12,30,32768,0.72454833984375,0.71923828125,0.8535927891500295,0.3658320407711057,0.4499999999999995,15.896642695126683,4030,0.286848635235732,938,891,1045
apartment_2,seq_0001,45,spread,13,41,32768,0.85784912109375,0.881561279296875,0.9421913909640697,0.5156719622155431,0.4499999999999995,15.155603171596164,2566,0.4255650818394388,1031,443,0
apartment_2,seq_0001,45,spread,14,36,32768,0.84075927734375,0.844970703125,0.9433030852994555,0.32579532387888077,0.3000000000000006,11.04221896831342,3007,0.3352178250748254,1238,693,68
apartment_2,seq_0001,45,spread,15,19,32768,0.864044189453125,0.7635498046875,0.8520467629710734,0.2011223344556678,0.30000000000000016,9.042557647755277,3281,0.1706796708320634,862,716,1143
apartment_2,seq_0001,45,spread,16,24,32768,0.840850830078125,0.80322265625,0.9040031938445904,0.2707574304889741,0.30000000000000016,9.591968742578771,3345,0.18684603886397608,828,759,1133
apartment_2,seq_0001,45,spread,17,2,32768,0.8507080078125,0.6898193359375,0.7924738125986511,0.10486508585445625,0.2999999999999997,9.19033040574685,3885,0.07953667953667953,624,576,2376
apartment_2,seq_0001,45,spread,18,3,32768,0.894683837890625,0.7049560546875,0.7736125797318961,0.12170385395537525,0.15000000000000074,4.601234511163203,3029,0.11026741498844503,473,282,1940
apartment_2,seq_0001,45,spread,19,15,32768,0.908233642578125,0.766845703125,0.8260475118443601,0.1809112071832391,0.15000000000000074,4.554145053682447,2561,0.16829363529871144,430,418,1282
apartment_2,seq_0001,45,spread,20,32,32768,0.8125,0.811614990234375,0.9224384014423077,0.3313802083333333,0.15000000000000074,5.098135848029547,3909,0.2714249168585316,1574,835,439
apartment_2,seq_0001,45,spread,21,25,32768,0.915496826171875,0.7940673828125,0.8542284742824761,0.14228963524738172,0.1500000000000003,4.872207561305656,1914,0.10553814002089865,426,414,872
apartment_2,seq_0001,45,spread,22,1,32768,0.8935546875,0.689971923828125,0.7653005464480874,0.05762614678899083,0.14999999999999986,4.600891072725187,2771,0.058101768314687836,503,456,1651
apartment_2,seq_0001,45,spread,23,4,32768,0.91912841796875,0.705657958984375,0.7573544060030547,0.11811320754716981,0.14999999999999986,4.591218061714614,2230,0.11255605381165919,355,338,1286
apartment_2,seq_0001,45,spread,24,6,32768,0.943206787109375,0.731231689453125,0.7654253081826123,0.16335303600214937,0.14999999999999986,4.609646082716977,1749,0.1623785020011435,309,187,969
apartment_2,seq_0001,45,spread,25,9,32768,0.923858642578125,0.7713623046875,0.8215571631486803,0.1623246492985972,0.14999999999999986,4.707132523882659,2172,0.16298342541436464,372,378,1068
apartment_2,seq_0001,45,spread,26,10,32768,0.92340087890625,0.786468505859375,0.8368365390970983,0.17928286852589642,0.14999999999999986,4.617096732950664,2197,0.15885298133818843,348,494,1006
apartment_2,seq_0001,45,spread,27,12,32768,0.9146728515625,0.780303955078125,0.8375150140130789,0.16702432045779686,0.14999999999999986,4.633739346703618,2367,0.1630756231516688,340,477,1164
apartment_2,seq_0001,45,spread,28,13,32768,0.948944091796875,0.768524169921875,0.8040199388969288,0.1087866108786611,0.14999999999999986,4.601234511163176,1479,0.10141987829614604,250,207,872
apartment_2,seq_0001,45,spread,29,18,32768,0.9383544921875,0.752960205078125,0.7912384545336282,0.1702970297029703,0.14999999999999986,4.548558938498315,1627,0.1505838967424708,364,340,678
apartment_2,seq_0001,45,spread,30,21,32768,0.953521728515625,0.767486572265625,0.799615938550168,0.10833880499015101,0.14999999999999986,4.558670113496643,1321,0.10295230885692658,321,221,643
apartment_2,seq_0001,45,spread,31,23,32768,0.955047607421875,0.798919677734375,0.8316344463971881,0.10386965376782077,0.14999999999999986,4.816655147165036,1226,0.09216965742251224,182,260,671
apartment_2,seq_0001,45,spread,32,26,32768,0.934295654296875,0.80145263671875,0.8481463334966519,0.13748258244310266,0.14999999999999986,5.011542126187046,1660,0.13313253012048193,297,393,749
apartment_2,seq_0001,45,spread,33,28,32768,0.933685302734375,0.768463134765625,0.8152312469357739,0.10998619420156466,0.14999999999999986,5.3492648544398245,1738,0.09723820483314154,257,449,863
apartment_2,seq_0001,45,spread,34,29,32768,0.901885986328125,0.760772705078125,0.8295942882279295,0.128149300155521,0.14999999999999986,5.072911047754988,2144,0.09748134328358209,543,623,769
apartment_2,seq_0001,45,spread,35,31,32768,0.83966064453125,0.777130126953125,0.889292723704296,0.1897601827179292,0.14999999999999986,5.052402388256,2766,0.17606652205350687,659,899,721
apartment_2,seq_0001,45,spread,36,35,32768,0.9014892578125,0.859527587890625,0.9201760324983074,0.3045229244114003,0.14999999999999986,5.733976392842519,2095,0.3350835322195704,810,487,96
apartment_2,seq_0001,45,spread,37,37,32768,0.903289794921875,0.8623046875,0.915436332308524,0.3660460713158725,0.14999999999999986,5.669320265285573,1935,0.3612403100775194,661,562,13
apartment_2,seq_0001,45,spread,38,40,32768,0.952362060546875,0.886383056640625,0.9070400871599321,0.4734144778987828,0.14999999999999986,5.1408854398221875,1180,0.5127118644067796,545,30,0
apartment_2,seq_0001,45,spread,39,42,32768,0.964691162109375,0.8807373046875,0.8972825915029579,0.428694900605013,0.14999999999999986,5.098427841037851,861,0.3588850174216028,375,177,0
apartment_2,seq_0001,45,spread,40,7,32768,0.936767578125,0.725372314453125,0.7697094083919729,0.06853281853281853,0.14999999999999983,4.609646082716976,1823,0.06198573779484366,369,330,1011
apartment_2,seq_0001,45,spread,41,20,32768,0.941009521484375,0.763580322265625,0.806226690449165,0.08329022245214693,0.14999999999999983,4.624913063455468,1555,0.07845659163987138,361,342,730
apartment_2,seq_0001,45,spread,42,34,32768,0.87896728515625,0.84039306640625,0.9209777098812583,0.2551689359556228,0.14999999999999983,5.354028153378801,2533,0.2803000394788788,888,774,161
apartment_2,seq_0001,45,spread,43,16,32768,0.94024658203125,0.7598876953125,0.8046738072054528,0.05515832482124617,0.14999999999999897,4.508822041706774,1615,0.05386996904024768,292,443,793
apartment_2,seq_0001,45,spread,44,39,32768,0.959136962890625,0.86846923828125,0.8881287982436603,0.4070201643017177,0.14999999999999897,5.356720155281474,1129,0.40566873339238263,481,190,0
apartment_2,seq_0001,45,spread,45,43,32768,0.96710205078125,0.906005859375,0.9154307352477122,0.6289424860853432,0.14999999999999897,5.098427841037821,857,0.5904317386231038,210,141,0
apartment_2,seq_0001,45,random,1,2,32768,0.0,0.6898193359375,,0.6898193359375,,,11219,0.4069881451109725,2216,1188,3249
apartment_2,seq_0001,45,random,2,34,32768,0.02850341796875,0.84039306640625,0.9571734475374732,0.8369667650939248,4.800000000000001,71.55924884804375,7933,0.6327996974662801,1754,990,169
apartment_2,seq_0001,45,random,3,4,32768,0.670440673828125,0.705657958984375,0.8765988438253903,0.35790350958422074,0.3000000000000006,9.124220505428232,7081,0.26225109447818107,1775,833,2616
apartment_2,seq_0001,45,random,4,18,32768,0.5283203125,0.752960205078125,0.8938308687615527,0.5951733954451346,2.0999999999999996,48.08070366262733,7101,0.3929024081115336,1681,1005,1625
apartment_2,seq_0001,45,random,5,23,32768,0.6405029296875,0.798919677734375,0.9588336192109777,0.5140067911714771,0.7499999999999997,22.84693038272231,5737,0.39253965487188425,1467,638,1380
apartment_2,seq_0001,45,random,6,32,32768,0.68951416015625,0.811614990234375,0.963353102593609,0.47464124238254374,0.3000000000000006,10.116799480153823,5452,0.35840058694057225,2052,954,492
apartment_2,seq_0001,45,random,7,11,32768,0.812835693359375,0.76556396484375,0.8752018021400413,0.2894179031469102,1.0499999999999998,29.277818576186803,4867,0.25025683172385454,1245,707,1697
apartment_2,seq_0001,45,random,8,1,32768,0.837921142578125,0.689971923828125,0.7971009214407984,0.13613255507437394,0.14999999999999986,4.600891072725187,4158,0.1337181337181337,902,607,2093
apartment_2,seq_0001,45,random,9,22,32768,0.849517822265625,0.808349609375,0.8903976721629486,0.34516325288988037,0.14999999999999986,4.7242691904435326,3169,0.2414010728936573,775,536,1093
apartment_2,seq_0001,45,random,10,19,32768,0.881622314453125,0.7635498046875,0.8239122157222473,0.3139984532095901,0.1500000000000003,4.549608841815378,2803,0.24545130217623976,660,424,1031
apartment_2,seq_0001,45,random,11,21,32768,0.916015625,0.767486572265625,0.820295842217484,0.19149709302325582,0.14999999999999986,4.558670113496643,2233,0.17823555754590237,580,334,921
apartment_2,seq_0001,45,random,12,27,32768,0.8348388671875,0.792388916015625,0.8626261149290833,0.43736141906873616,0.6000000000000008,19.640458817789447,3236,0.3556860321384425,532,502,1051
apartment_2,seq_0001,45,random,13,42,32768,0.624176025390625,0.8807373046875,0.9572189898792354,0.753714981729598,1.1999999999999997,35.517716934303245,4296,0.5805400372439479,1352,450,0
apartment_2,seq_0001,45,random,14,10,32768,0.86517333984375,0.786468505859375,0.8574955908289241,0.33069262109551834,0.14999999999999986,4.617096732950664,3649,0.28144697177308853,644,607,1371
apartment_2,seq_0001,45,random,15,3,32768,0.900146484375,0.7049560546875,0.7685109845402767,0.13202933985330073,0.14999999999999986,4.601234511163176,2898,0.11835748792270531,468,237,1850
apartment_2,seq_0001,45,random,16,38,32768,0.755279541015625,0.869659423828125,0.9146228130429512,0.7308891382965457,0.5999999999999994,21.320039473820298,3032,0.5910290237467019,850,390,0
apartment_2,seq_0001,45,random,17,16,32768,0.893829345703125,0.7598876953125,0.8336576871863157,0.13883299798792756,0.3000000000000006,8.962482075384512,2787,0.12773591675636886,632,573,1226
apartment_2,seq_0001,45,random,18,30,32768,0.797607421875,0.71923828125,0.8265228037955311,0.29644149577804585,0.2999999999999997,10.750377734129694,3493,0.2367592327512167,775,880,1011
apartment_2,seq_0001,45,random,19,20,32768,0.919769287109375,0.763580322265625,0.819735226782574,0.1198174210726512,0.14999999999999983,4.624913063455468,2099,0.10052405907575036,492,442,954
apartment_2,seq_0001,45,random,20,28,32768,0.90130615234375,0.768463134765625,0.8267420599986456,0.23623995052566482,0.14999999999999986,5.3492648544398245,2283,0.17082785808147175,401,530,962
apartment_2,seq_0001,45,random,21,8,32768,0.88702392578125,0.784332275390625,0.8610403908346522,0.18206374932468936,0.3000000000000006,9.359058715773083,3124,0.14180537772087068,536,523,1622
apartment_2,seq_0001,45,random,22,35,32768,0.86956787109375,0.859527587890625,0.9344774338457219,0.3598502573701451,0.14999999999999986,5.733976392842519,2744,0.39212827988338195,1013,559,96
apartment_2,seq_0001,45,random,23,43,32768,0.930938720703125,0.906005859375,0.9257498770693329,0.6398585947856827,0.15000000000000074,5.09842784103788,1686,0.6073546856465006,494,168,0
apartment_2,seq_0001,45,random,24,17,32768,0.917083740234375,0.7603759765625,0.8158131176999102,0.1472211998527788,0.14999999999999986,4.5640051838935305,2107,0.13763644992880875,544,466,807
apartment_2,seq_0001,45,random,25,0,32768,0.793670654296875,0.708831787109375,0.837043872803476,0.21564857269634669,0.14999999999999986,4.728327077281042,3731,0.16081479496113643,692,845,1594
apartment_2,seq_0001,45,random,26,24,32768,0.90966796875,0.80322265625,0.86664653784219,0.16452702702702704,0.1500000000000003,4.829824803029551,2015,0.11910669975186104,446,558,771
apartment_2,seq_0001,45,random,27,25,32768,0.926055908203125,0.7940673828125,0.8498269896193772,0.09574907139909203,0.1500000000000003,4.872207561305656,1717,0.07396622015142691,363,421,806
apartment_2,seq_0001,45,random,28,40,32768,0.952178955078125,0.886383056640625,0.9017659690394538,0.580089342693044,0.2999999999999997,10.200303913198612,1238,0.531502423263328,552,28,0
apartment_2,seq_0001,45,random,29,26,32768,0.929779052734375,0.80145263671875,0.8501001083139134,0.15732290308561495,0.14999999999999986,5.011542126187046,1762,0.1503972758229285,298,424,775
apartment_2,seq_0001,45,random,30,39,32768,0.958465576171875,0.86846923828125,0.8872544337249658,0.43497428361498897,0.14999999999999897,5.356720155281474,1163,0.4342218400687876,463,195,0
apartment_2,seq_0001,45,random,31,9,32768,0.927581787109375,0.7713623046875,0.8175686790590557,0.179519595448799,0.14999999999999986,4.707132523882659,2040,0.17598039215686276,330,364,987
apartment_2,seq_0001,45,random,32,6,32768,0.946868896484375,0.731231689453125,0.7676539787926645,0.08213670304422746,0.2999999999999997,9.16037872123339,1648,0.08070388349514564,224,224,1067
apartment_2,seq_0001,45,random,33,36,32768,0.8858642578125,0.844970703125,0.9235910155711726,0.23475935828877006,0.14999999999999986,5.572855285478826,2249,0.26856380613606046,940,637,68
apartment_2,seq_0001,45,random,34,37,32768,0.905059814453125,0.8623046875,0.9115554506524598,0.3927997428479589,0.14999999999999986,5.669320265285573,1865,0.38552278820375335,579,554,13
apartment_2,seq_0001,45,random,35,13,32768,0.91009521484375,0.768524169921875,0.8312319763932667,0.13374066530889342,0.2999999999999997,9.143874783697632,2355,0.1337579617834395,414,516,1110
apartment_2,seq_0001,45,random,36,12,32768,0.9210205078125,0.780303955078125,0.8339297548045063,0.15494590417310664,0.14999999999999986,4.633739346703618,2184,0.15155677655677655,312,452,1089
apartment_2,seq_0001,45,random,37,7,32768,0.9324951171875,0.725372314453125,0.7721233145699699,0.07956600361663653,0.14999999999999983,4.609646082716976,1939,0.07220216606498195,421,355,1023
apartment_2,seq_0001,45,random,38,44,32768,0.95831298828125,0.92431640625,0.9393032290936884,0.5797950219619327,0.14999999999999897,5.305882062938891,1043,0.5695110258868649,244,176,29
apartment_2,seq_0001,45,random,39,5,32768,0.96197509765625,0.7283935546875,0.7554723685045365,0.04333868378812199,0.14999999999999986,4.5640051838935305,1170,0.040170940170940174,104,119,900
apartment_2,seq_0001,45,random,40,14,32768,0.905517578125,0.7545166015625,0.8217511458614182,0.1101421188630491,0.14999999999999986,4.507870517354047,2715,0.10681399631675875,601,757,1067
apartment_2,seq_0001,45,random,41,29,32768,0.902496337890625,0.760772705078125,0.828897981266696,0.13020344287949923,0.14999999999999986,5.072911047754988,2133,0.09845288326300984,543,617,763
apartment_2,seq_0001,45,random,42,41,32768,0.950347900390625,0.881561279296875,0.915673870460165,0.22864167178856792,0.14999999999999986,5.159096585086925,1089,0.27823691460055094,515,271,0
apartment_2,seq_0001,45,random,43,33,32768,0.89801025390625,0.843597412109375,0.9158227417929722,0.20766008378216635,0.14999999999999983,5.111238203193239,2461,0.20885818772856563,853,919,175
apartment_2,seq_0001,45,random,44,15,32768,0.959625244140625,0.766845703125,0.7948799491175068,0.10052910052910052,0.14999999999999897,4.554145053682394,1194,0.09547738693467336,148,165,767
apartment_2,seq_0001,45,random,45,31,32768,0.859344482421875,0.777130126953125,0.8753506871692887,0.17704491212844434,0.14999999999999986,5.052402388256,2467,0.16173490068909607,578,794,696
apartment_2,seq_0001,45,sequential,1,0,32768,0.0,0.708831787109375,,0.708831787109375,,,9886,0.42575359093667814,1673,1418,2586
apartment_2,seq_0001,45,sequential,2,1,32768,0.476318359375,0.689971923828125,0.9490005125576627,0.4543706293706294,0.14999999999999986,4.600891072725187,8938,0.31931080778697696,2182,952,2950
apartment_2,seq_0001,45,sequential,3,2,32768,0.749542236328125,0.6898193359375,0.8318065225357274,0.26489582064091627,0.14999999999999986,4.624913063455469,5980,0.23411371237458195,1269,800,2511
apartment_2,seq_0001,45,sequential,4,3,32768,0.79876708984375,0.7049560546875,0.8106517918545121,0.2854109796784956,0.15000000000000074,4.601234511163203,5293,0.24636312110334405,1201,395,2393
apartment_2,seq_0001,45,sequential,5,4,32768,0.844390869140625,0.705657958984375,0.8005710361776718,0.1906256128652677,0.14999999999999986,4.591218061714614,4209,0.1948206224756474,1020,524,1845
apartment_2,seq_0001,45,sequential,6,5,32768,0.8663330078125,0.7283935546875,0.7865999718190785,0.35114155251141554,0.14999999999999986,4.5640051838935305,3631,0.3288350316717158,709,315,1413
apartment_2,seq_0001,45,sequential,7,6,32768,0.9029541015625,0.731231689453125,0.7793024198999594,0.2839622641509434,0.14999999999999986,4.609646082716977,2875,0.2813913043478261,646,245,1175
apartment_2,seq_0001,45,sequential,8,7,32768,0.876434326171875,0.725372314453125,0.8043455552073541,0.16522598172388245,0.14999999999999983,4.609646082716976,3482,0.1582423894313613,842,647,1442
apartment_2,seq_0001,45,sequential,9,8,32768,0.84747314453125,0.784332275390625,0.8419517464890169,0.46418567426970786,0.14999999999999986,4.710953447445111,3159,0.3203545425767648,517,374,1256
apartment_2,seq_0001,45,sequential,10,9,32768,0.87774658203125,0.7713623046875,0.8418746957791531,0.2651023464802796,0.14999999999999986,4.707132523882659,3396,0.24322732626619553,660,511,1399
apartment_2,seq_0001,45,sequential,11,10,32768,0.8900146484375,0.786468505859375,0.8406254286106158,0.3482241953385128,0.15000000000000074,4.617096732950691,3004,0.3079227696404794,510,465,1104
apartment_2,seq_0001,45,sequential,12,11,32768,0.878936767578125,0.76556396484375,0.8318808374709211,0.28409377363246785,0.14999999999999986,4.579328754267689,3392,0.2800707547169811,903,531,1008
apartment_2,seq_0001,45,sequential,13,12,32768,0.892974853515625,0.780303955078125,0.8438535935203855,0.25007128599942974,0.14999999999999986,4.633739346703618,2985,0.24388609715242882,472,555,1230
apartment_2,seq_0001,45,sequential,14,13,32768,0.88067626953125,0.768524169921875,0.8443066047543142,0.2092071611253197,0.14999999999999986,4.601234511163176,3203,0.20605682172962847,807,536,1200
apartment_2,seq_0001,45,sequential,15,14,32768,0.839111328125,0.7545166015625,0.8528876927553098,0.24146433990895297,0.14999999999999986,4.507870517354047,4351,0.2183406113537118,1131,974,1296
apartment_2,seq_0001,45,sequential,16,15,32768,0.92755126953125,0.766845703125,0.8118707639665723,0.19039595619208088,0.15000000000000074,4.554145053682447,2091,0.1759923481587757,417,226,1080
apartment_2,seq_0001,45,sequential,17,16,32768,0.918243408203125,0.7598876953125,0.8162783741566686,0.1265397536394177,0.14999999999999897,4.508822041706774,2247,0.11659991099243436,427,469,1089
apartment_2,seq_0001,45,sequential,18,17,32768,0.862701416015625,0.7603759765625,0.8427606211751388,0.2427206045787953,0.15000000000000074,4.564005183893557,3326,0.19242333132892364,768,616,1302
apartment_2,seq_0001,45,sequential,19,18,32768,0.861358642578125,0.752960205078125,0.837378210806023,0.2284833810257539,0.14999999999999986,4.548558938498315,3302,0.20199878861296183,873,763,999
apartment_2,seq_0001,45,sequential,20,19,32768,0.91790771484375,0.7635498046875,0.8128532482212913,0.21226765799256506,0.1500000000000003,4.549608841815378,2022,0.1805143422354105,530,371,756
apartment_2,seq_0001,45,sequential,21,20,32768,0.900787353515625,0.763580322265625,0.8285056069383745,0.17410027683789603,0.14999999999999983,4.624913063455468,2328,0.13616838487972507,629,496,886
apartment_2,seq_0001,45,sequential,22,21,32768,0.953887939453125,0.767486572265625,0.796589563937678,0.1654533421575116,0.14999999999999986,4.558670113496643,1230,0.12764227642276424,317,146,610
apartment_2,seq_0001,45,sequential,23,22,32768,0.909576416015625,0.808349609375,0.8702902197617849,0.1852851839352008,0.14999999999999986,4.7242691904435326,2263,0.1303579319487406,418,535,1015
apartment_2,seq_0001,45,sequential,24,23,32768,0.898193359375,0.798919677734375,0.8597444957868986,0.2622901678657074,0.14999999999999986,4.816655147165036,2366,0.20540997464074387,447,464,969
apartment_2,seq_0001,45,sequential,25,24,32768,0.869415283203125,0.80322265625,0.8692126785776967,0.3638700630988549,0.1500000000000003,4.829824803029551,2421,0.20859149111937217,515,595,806
apartment_2,seq_0001,45,sequential,26,25,32768,0.87322998046875,0.7940673828125,0.8802684000838751,0.20028887818969668,0.1500000000000003,4.872207561305656,2758,0.14394488759970994,573,719,1069
apartment_2,seq_0001,45,sequential,27,26,32768,0.8763427734375,0.80145263671875,0.8562822120072433,0.41288252714708784,0.14999999999999986,5.011542126187046,2588,0.3176197836166924,396,521,849
apartment_2,seq_0001,45,sequential,28,27,32768,0.9503173828125,0.792388916015625,0.8186255619781632,0.2905405405405405,0.1500000000000003,5.098427841037866,1037,0.20443587270973965,149,109,567
apartment_2,seq_0001,45,sequential,29,28,32768,0.91180419921875,0.768463134765625,0.8199009304504987,0.2366782006920415,0.14999999999999986,5.3492648544398245,2035,0.16756756756756758,336,475,883
apartment_2,seq_0001,45,sequential,30,29,32768,0.859161376953125,0.760772705078125,0.8421482612865414,0.26435536294691225,0.14999999999999986,5.072911047754988,2773,0.1720158672917418,692,705,899
apartment_2,seq_0001,45,sequential,31,30,32768,0.89105224609375,0.71923828125,0.7843002945407219,0.18711484593837535,0.14999999999999986,5.4229160723745276,2249,0.14895509115162295,459,695,760
apartment_2,seq_0001,45,sequential,32,31,32768,0.787628173828125,0.777130126953125,0.8957727924367469,0.337117401925564,0.14999999999999986,5.052402388256,3708,0.3158036677454153,919,907,711
apartment_2,seq_0001,45,sequential,33,32,32768,0.770416259765625,0.811614990234375,0.9102792632204397,0.48052638575036555,0.14999999999999986,5.098135848029517,4586,0.39424334932402966,1566,798,414
apartment_2,seq_0001,45,sequential,34,33,32768,0.815643310546875,0.843597412109375,0.9261795188386276,0.4782320807813276,0.15000000000000074,5.11123820319327,4133,0.4420517783692233,1175,957,174
apartment_2,seq_0001,45,sequential,35,34,32768,0.799224853515625,0.84039306640625,0.9327962121501394,0.4725642194862441,0.14999999999999983,5.354028153378801,4160,0.47644230769230766,1185,832,161
apartment_2,seq_0001,45,sequential,36,35,32768,0.858673095703125,0.859527587890625,0.9346412197462416,0.40315266681062406,0.14999999999999986,5.733976392842519,3101,0.45888423089326025,993,589,96
apartment_2,seq_0001,45,sequential,37,36,32768,0.858367919921875,0.844970703125,0.9266185515696661,0.35014005602240894,0.14999999999999986,5.572855285478826,2730,0.3564102564102564,1026,663,68
apartment_2,seq_0001,45,sequential,38,37,32768,0.880767822265625,0.8623046875,0.9198225979695783,0.43742001535705144,0.14999999999999986,5.669320265285573,2440,0.42295081967213116,754,641,13
apartment_2,seq_0001,45,sequential,39,38,32768,0.78436279296875,0.869659423828125,0.9195004279822582,0.6883668270591565,0.15000000000000074,5.572804822034319,2486,0.5510860820595334,749,367,0
apartment_2,seq_0001,45,sequential,40,39,32768,0.91796875,0.86846923828125,0.9037566489361702,0.47358630952380953,0.14999999999999897,5.356720155281474,1825,0.48164383561643836,734,212,0
apartment_2,seq_0001,45,sequential,41,40,32768,0.949737548828125,0.886383056640625,0.9012885190064587,0.604735883424408,0.15000000000000074,5.140885439822218,1253,0.5411013567438149,539,36,0
apartment_2,seq_0001,45,sequential,42,41,32768,0.940399169921875,0.881561279296875,0.918448807398994,0.2995391705069124,0.14999999999999986,5.159096585086925,1301,0.3166794773251345,596,293,0
apartment_2,seq_0001,45,sequential,43,42,32768,0.966522216796875,0.8807373046875,0.896845694799659,0.41567912488605285,0.14999999999999986,5.098427841037851,810,0.3493827160493827,369,158,0
apartment_2,seq_0001,45,sequential,44,43,32768,0.959991455078125,0.906005859375,0.9177925422004641,0.6231884057971014,0.15000000000000074,5.09842784103788,1033,0.5827686350435625,267,164,0
apartment_2,seq_0001,45,sequential,45,44,32768,0.96234130859375,0.92431640625,0.9390816261812647,0.5470016207455429,0.14999999999999897,5.305882062938891,979,0.5546475995914198,231,176,29
frl_apartment_5,seq_0006,18,spread,1,0,32768,0.0,0.60089111328125,,0.60089111328125,,,9492,0.5781710914454278,2145,894,965
frl_apartment_5,seq_0006,18,spread,2,17,32768,0.25714111328125,0.674163818359375,0.8363399003085688,0.6180264563306219,2.5499999999999994,62.774730944026224,4530,0.555849889624724,1065,687,260
frl_apartment_5,seq_0006,18,spread,3,8,32768,0.657806396484375,0.583892822265625,0.5651125028995593,0.619994649068046,1.1999999999999997,35.39758627402992,5414,0.532508311784263,1415,597,519
frl_apartment_5,seq_0006,18,spread,4,4,32768,0.82366943359375,0.586700439453125,0.5895887365690997,0.573208722741433,0.5999999999999999,19.72174880151776,4050,0.5175308641975309,1300,373,281
frl_apartment_5,seq_0006,18,spread,5,12,32768,0.80010986328125,0.6212158203125,0.597871691204516,0.7146564885496183,0.5999999999999999,21.333982056969123,2909,0.5235476108628395,771,323,292
frl_apartment_5,seq_0006,18,spread,6,14,32768,0.887542724609375,0.6309814453125,0.6600763332531032,0.4013568521031208,0.3000000000000004,12.171932162267703,2321,0.4933218440327445,626,260,290
frl_apartment_5,seq_0006,18,spread,7,2,32768,0.887603759765625,0.5823974609375,0.596252363761389,0.47298398045071954,0.29999999999999993,10.124836216036654,2972,0.44313593539703905,1008,364,283
frl_apartment_5,seq_0006,18,spread,8,6,32768,0.92266845703125,0.588714599609375,0.5994244889859099,0.46093133385951063,0.29999999999999993,10.1173699513319,2212,0.4421338155515371,734,275,225
frl_apartment_5,seq_0006,18,spread,9,10,32768,0.93450927734375,0.593841552734375,0.5995036248448827,0.5130475302889096,0.2999999999999995,10.32509604419932,1731,0.42576545349508954,566,250,178
frl_apartment_5,seq_0006,18,spread,10,9,32768,0.957550048828125,0.5928955078125,0.6018421136501259,0.39108554996405465,0.1500000000000002,5.085241422624378,1286,0.380248833592535,497,148,152
frl_apartment_5,seq_0006,18,spread,11,1,32768,0.920745849609375,0.58074951171875,0.5967982499751416,0.3943011166730843,0.14999999999999974,5.111183606040119,2374,0.3938500421229992,745,479,215
frl_apartment_5,seq_0006,18,spread,12,3,32768,0.942108154296875,0.587127685546875,0.5975187068770043,0.4180284659989457,0.14999999999999974,5.172295308847551,1665,0.409009009009009,513,304,167
frl_apartment_5,seq_0006,18,spread,13,5,32768,0.945770263671875,0.58782958984375,0.5949146526410893,0.4642656162070906,0.14999999999999974,5.111183606040119,1495,0.442809364548495,471,216,146
frl_apartment_5,seq_0006,18,spread,14,7,32768,0.9697265625,0.587371826171875,0.5934982376636455,0.3911290322580645,0.14999999999999974,5.081623462149598,961,0.3839750260145682,304,171,117
frl_apartment_5,seq_0006,18,spread,15,11,32768,0.97052001953125,0.610198974609375,0.6160304383372115,0.41821946169772256,0.14999999999999974,5.399765155807707,923,0.41495124593716143,308,115,117
frl_apartment_5,seq_0006,18,spread,16,13,32768,0.91583251953125,0.614013671875,0.6150949683438853,0.6022480058013053,0.14999999999999974,5.936823300373348,1100,0.45454545454545453,331,127,142
frl_apartment_5,seq_0006,18,spread,17,15,32768,0.939208984375,0.647613525390625,0.6478424746555758,0.6440763052208835,0.14999999999999974,6.304530459597576,1585,0.5722397476340694,364,136,178
frl_apartment_5,seq_0006,18,spread,18,16,32768,0.9144287109375,0.67333984375,0.6762448271258844,0.6422967189728959,0.14999999999999974,6.1141027335706974,1844,0.4945770065075922,550,183,199
frl_apartment_5,seq_0006,18,random,1,2,32768,0.0,0.5823974609375,,0.5823974609375,,,9757,0.5589832940453008,2315,947,1041
frl_apartment_5,seq_0006,18,random,2,10,32768,0.61907958984375,0.593841552734375,0.6075618653258404,0.5715430219516103,1.2000000000000002,36.082067472324695,5308,0.5380557648831952,1331,619,502
frl_apartment_5,seq_0006,18,random,3,3,32768,0.750701904296875,0.587127685546875,0.5695353469653238,0.6401028277634961,0.1500000000000002,5.172295308847566,4307,0.5114929185047596,1232,517,355
frl_apartment_5,seq_0006,18,random,4,12,32768,0.7666015625,0.6212158203125,0.5769108280254777,0.7667364016736402,0.2999999999999995,11.049859844799741,3301,0.5867918812481067,772,317,275
frl_apartment_5,seq_0006,18,random,5,0,32768,0.8670654296875,0.60089111328125,0.6025974940166127,0.589761248852158,0.29999999999999993,10.175303129129095,3252,0.5092250922509225,1017,331,248
frl_apartment_5,seq_0006,18,random,6,4,32768,0.920440673828125,0.586700439453125,0.5982891813931899,0.45262754123513615,0.14999999999999974,5.121168464662318,2335,0.43383297644539615,836,292,194
frl_apartment_5,seq_0006,18,random,7,7,32768,0.905120849609375,0.587371826171875,0.596918304730436,0.4963010614345449,0.4500000000000001,14.937107009213687,2335,0.4817987152034261,680,294,236
frl_apartment_5,seq_0006,18,random,8,5,32768,0.92864990234375,0.58782958984375,0.5942490962865593,0.5042771599657827,0.1500000000000002,5.111183606040134,1947,0.47663071391884954,604,241,174
frl_apartment_5,seq_0006,18,random,9,16,32768,0.714569091796875,0.67333984375,0.68101644245142,0.6541216721907409,0.5999999999999999,23.19380216357157,3587,0.5765263451352105,935,279,305
frl_apartment_5,seq_0006,18,random,10,13,32768,0.900543212890625,0.614013671875,0.6161171168118201,0.5949677815280761,0.15000000000000063,5.936823300373382,1495,0.47224080267558527,460,164,165
frl_apartment_5,seq_0006,18,random,11,14,32768,0.934783935546875,0.6309814453125,0.646110149848193,0.41413196069255964,0.14999999999999974,6.155413493606352,1574,0.4701397712833545,422,208,204
frl_apartment_5,seq_0006,18,random,12,11,32768,0.957733154296875,0.610198974609375,0.614440939362075,0.5140794223826715,0.14999999999999974,5.399765155807707,1127,0.42147293700088734,361,150,141
frl_apartment_5,seq_0006,18,random,13,6,32768,0.959381103515625,0.588714599609375,0.5966536247097369,0.40120210368144255,0.14999999999999974,5.098427841037847,1226,0.3890701468189233,439,177,133
frl_apartment_5,seq_0006,18,random,14,9,32768,0.9674072265625,0.5928955078125,0.6002208201892745,0.37546816479400746,0.1500000000000002,5.085241422624378,1005,0.3711442786069652,401,103,128
frl_apartment_5,seq_0006,18,random,15,17,32768,0.899627685546875,0.674163818359375,0.7078598324230808,0.3721495895408939,0.14999999999999974,6.5225411638096595,1936,0.3584710743801653,585,473,184
frl_apartment_5,seq_0006,18,random,16,8,32768,0.960906982421875,0.583892822265625,0.5925620097182964,0.3708040593286495,0.14999999999999974,5.0759731842980855,1113,0.3423180592991914,406,209,117
frl_apartment_5,seq_0006,18,random,17,1,32768,0.937164306640625,0.58074951171875,0.5952652316910352,0.3642544924720738,0.14999999999999974,5.111183606040119,1894,0.36747624076029567,590,434,174
frl_apartment_5,seq_0006,18,random,18,15,32768,0.948272705078125,0.647613525390625,0.6478936697454382,0.6424778761061947,0.14999999999999974,6.304530459597576,1365,0.575091575091575,308,120,152
frl_apartment_5,seq_0006,18,sequential,1,0,32768,0.0,0.60089111328125,,0.60089111328125,,,9492,0.5781710914454278,2145,894,965
frl_apartment_5,seq_0006,18,sequential,2,1,32768,0.71246337890625,0.58074951171875,0.5542705388503384,0.6463595839524517,0.1500000000000002,5.111183606040134,5449,0.5208295100018352,1450,710,451
frl_apartment_5,seq_0006,18,sequential,3,2,32768,0.843719482421875,0.5823974609375,0.5899012551090534,0.5418863503222027,0.14999999999999974,5.102249484947632,3851,0.48428979485847834,1240,410,336
frl_apartment_5,seq_0006,18,sequential,4,3,32768,0.8458251953125,0.587127685546875,0.6006638764612499,0.5128661916072842,0.1500000000000002,5.172295308847566,3396,0.450530035335689,1026,492,348
frl_apartment_5,seq_0006,18,sequential,5,4,32768,0.91168212890625,0.586700439453125,0.6023297850974091,0.4253628196268141,0.14999999999999974,5.121168464662318,2523,0.41418945699564014,883,348,247
frl_apartment_5,seq_0006,18,sequential,6,5,32768,0.883819580078125,0.58782958984375,0.5903111080418494,0.5689519306540584,0.1500000000000002,5.111183606040134,2731,0.5302087147564994,712,322,249
frl_apartment_5,seq_0006,18,sequential,7,6,32768,0.88623046875,0.588714599609375,0.590805785123967,0.5724248927038627,0.14999999999999974,5.098427841037847,2612,0.5022970903522205,757,295,248
frl_apartment_5,seq_0006,18,sequential,8,7,32768,0.935882568359375,0.587371826171875,0.5965043858218932,0.4540694907187054,0.1500000000000002,5.081623462149613,1884,0.46443736730360935,540,272,197
frl_apartment_5,seq_0006,18,sequential,9,8,32768,0.879302978515625,0.583892822265625,0.5789400617776698,0.6199747155499368,0.14999999999999974,5.0759731842980855,2440,0.48155737704918034,775,305,185
frl_apartment_5,seq_0006,18,sequential,10,9,32768,0.947967529296875,0.5928955078125,0.5993947783536684,0.4744868035190616,0.1500000000000002,5.085241422624378,1452,0.4325068870523416,506,142,176
frl_apartment_5,seq_0006,18,sequential,11,10,32768,0.93463134765625,0.593841552734375,0.597727421145432,0.53828197945845,0.1500000000000002,5.204803161837156,1601,0.4372267332916927,549,216,136
frl_apartment_5,seq_0006,18,sequential,12,11,32768,0.95367431640625,0.610198974609375,0.613824,0.5355731225296443,0.14999999999999974,5.399765155807707,1289,0.4848719937936385,376,139,149
frl_apartment_5,seq_0006,18,sequential,13,12,32768,0.913818359375,0.6212158203125,0.6144469676729896,0.6929886685552408,0.14999999999999974,5.576783887012277,1394,0.47560975609756095,387,200,144
frl_apartment_5,seq_0006,18,sequential,14,13,32768,0.906707763671875,0.614013671875,0.6156978896704924,0.5976447497546614,0.15000000000000063,5.936823300373382,1260,0.4714285714285714,375,139,152
frl_apartment_5,seq_0006,18,sequential,15,14,32768,0.9071044921875,0.6309814453125,0.6637733817790338,0.3107752956636005,0.14999999999999974,6.155413493606352,1531,0.4774657086871326,394,217,189
frl_apartment_5,seq_0006,18,sequential,16,15,32768,0.9324951171875,0.647613525390625,0.647270585155125,0.6523508137432188,0.14999999999999974,6.304530459597576,1667,0.5788842231553689,378,140,184
frl_apartment_5,seq_0006,18,sequential,17,16,32768,0.81390380859375,0.67333984375,0.6543682039745032,0.7563135454247294,0.14999999999999974,6.1141027335706974,2447,0.5790764201062526,644,187,199
frl_apartment_5,seq_0006,18,sequential,18,17,32768,0.903961181640625,0.674163818359375,0.7069646534553189,0.36542739116619,0.14999999999999974,6.5225411638096595,1845,0.35501355013550134,559,454,177
frl_apartment_5,seq_0011,18,spread,1,0,32764,0.0,0.745208155292394,,0.745208155292394,,,7192,0.7451334816462737,942,614,277
frl_apartment_5,seq_0011,18,spread,2,17,32768,0.212493896484375,0.9810791015625,0.9824788166020394,0.980701414454563,2.55,67.90524454309445,2889,0.8345448251990308,290,133,55
frl_apartment_5,seq_0011,18,spread,3,8,32768,0.67236328125,0.87615966796875,0.9554284676833696,0.7134873323397913,1.2,39.943577900963724,2946,0.5627970128988459,981,215,92
frl_apartment_5,seq_0011,18,spread,4,4,32768,0.721771240234375,0.859039306640625,0.8989894719039364,0.755401996270703,0.6,22.54686919197902,2763,0.6518277234889612,671,150,141
frl_apartment_5,seq_0011,18,spread,5,12,32768,0.849517822265625,0.95281982421875,0.9755720803247476,0.8243763942405191,0.6,26.128165280617434,1588,0.6177581863979849,410,138,59
frl_apartment_5,seq_0011,18,spread,6,2,32768,0.88165283203125,0.779327392578125,0.8027345102111457,0.6049510056730273,0.3,11.376030152175552,1596,0.4799498746867168,498,160,172
frl_apartment_5,seq_0011,18,spread,7,6,32768,0.922393798828125,0.8912353515625,0.9186765922249793,0.5650806134486827,0.3,11.6219728033711,1225,0.5004081632653061,427,122,63
frl_apartment_5,seq_0011,18,spread,8,10,32768,0.946075439453125,0.944793701171875,0.9720009031966711,0.46745897000565934,0.3,12.51077939600177,956,0.36715481171548114,380,158,67
frl_apartment_5,seq_0011,18,spread,9,14,32768,0.942779541015625,0.97515869140625,0.9854012235781568,0.8064,0.3,14.358809455774772,808,0.573019801980198,173,113,59
frl_apartment_5,seq_0011,18,spread,10,15,32768,0.97802734375,0.97930908203125,0.9895469296055917,0.5236111111111111,0.15000000000000022,7.338617514543428,611,0.4533551554828151,174,99,61
frl_apartment_5,seq_0011,18,spread,11,1,32768,0.85546875,0.75054931640625,0.7457191780821918,0.7791385135135135,0.15,5.804429988174517,2072,0.652027027027027,450,132,139
frl_apartment_5,seq_0011,18,spread,12,3,32768,0.963623046875,0.853302001953125,0.8621421332657715,0.6191275167785235,0.15,5.676283296510883,933,0.5369774919614148,199,119,114
frl_apartment_5,seq_0011,18,spread,13,5,32768,0.9765625,0.90045166015625,0.91021875,0.4934895833333333,0.15,5.956258987959982,648,0.4382716049382716,187,121,56
frl_apartment_5,seq_0011,18,spread,14,7,32768,0.9742431640625,0.885406494140625,0.9001065029444931,0.3293838862559242,0.15,5.979992249668743,631,0.30427892234548337,313,84,42
frl_apartment_5,seq_0011,18,spread,15,9,32768,0.986236572265625,0.9427490234375,0.951016492867531,0.35033259423503327,0.15,6.413350711692356,429,0.337995337995338,122,103,59
frl_apartment_5,seq_0011,18,spread,16,11,32768,0.965118408203125,0.96417236328125,0.9727430830039526,0.7270341207349081,0.14999999999999977,6.793592210530637,531,0.4350282485875706,134,106,60
frl_apartment_5,seq_0011,18,spread,17,13,32768,0.988677978515625,0.97406005859375,0.9810476278667778,0.3638814016172507,0.14999999999999977,7.267001758188777,356,0.3707865168539326,111,67,46
frl_apartment_5,seq_0011,18,spread,18,16,32768,0.98760986328125,0.965087890625,0.9735801248377727,0.2881773399014778,0.14999999999999977,7.774566657296627,321,0.3052959501557632,101,85,37
frl_apartment_5,seq_0011,18,random,1,2,32768,0.0,0.779327392578125,,0.779327392578125,,,6708,0.714370900417412,1220,480,216
frl_apartment_5,seq_0011,18,random,2,10,32768,0.44287109375,0.944793701171875,0.9704382579933848,0.9244084136722174,1.2,41.59124127414323,3260,0.7487730061349693,535,211,73
frl_apartment_5,seq_0011,18,random,3,3,32768,0.796844482421875,0.853302001953125,0.8605185553981081,0.8249962445546042,0.15,5.676283296510883,2775,0.7376576576576577,404,177,147
frl_apartment_5,seq_0011,18,random,4,12,32768,0.780975341796875,0.95281982421875,0.980422804892345,0.8543959871812735,0.3,13.77993828224888,1959,0.6493108728943339,490,139,58
frl_apartment_5,seq_0011,18,random,5,0,32764,0.7930960810645831,0.745208155292394,0.7308832018472196,0.8001180115061218,0.3,10.940572373654284,2519,0.5915045653036919,513,287,229
frl_apartment_5,seq_0011,18,random,6,4,32768,0.89501953125,0.859039306640625,0.8817171303873431,0.6656976744186046,0.15,5.925686208179889,1278,0.5336463223787168,334,130,132
frl_apartment_5,seq_0011,18,random,7,7,32768,0.932861328125,0.885406494140625,0.9173318503009683,0.44181818181818183,0.45,17.445512162032802,1180,0.3864406779661017,527,148,49
frl_apartment_5,seq_0011,18,random,8,5,32768,0.949859619140625,0.90045166015625,0.9132530120481928,0.6579427875836884,0.15,5.956258987959982,985,0.5086294416243655,283,137,64
frl_apartment_5,seq_0011,18,random,9,16,32768,0.908782958984375,0.965087890625,0.9751502736827966,0.8648377383740381,0.6,28.639971234080534,672,0.5193452380952381,163,117,43
frl_apartment_5,seq_0011,18,random,10,13,32768,0.964202880859375,0.97406005859375,0.984048108877987,0.7050298380221653,0.14999999999999977,7.267001758188777,697,0.5294117647058824,173,97,58
frl_apartment_5,seq_0011,18,random,11,14,32768,0.959320068359375,0.97515869140625,0.983457929059965,0.7794448612153039,0.15000000000000022,7.293920019872497,647,0.5625965996908809,143,87,53
frl_apartment_5,seq_0011,18,random,12,11,32768,0.9615478515625,0.96417236328125,0.9729909864161482,0.7436507936507937,0.14999999999999977,6.793592210530637,584,0.4691780821917808,149,103,58
frl_apartment_5,seq_0011,18,random,13,6,32768,0.929473876953125,0.8912353515625,0.9148964113340119,0.579402855906534,0.15,5.871378780901362,1038,0.4749518304431599,372,118,55
frl_apartment_5,seq_0011,18,random,14,9,32768,0.96600341796875,0.9427490234375,0.950843495292854,0.7127468581687613,0.15,6.413350711692356,493,0.38742393509127787,136,104,62
frl_apartment_5,seq_0011,18,random,15,17,32768,0.9417724609375,0.9810791015625,0.9902786779001944,0.8322851153039832,0.14999999999999977,8.244940123535828,716,0.5614525139664804,184,88,42
frl_apartment_5,seq_0011,18,random,16,8,32768,0.94012451171875,0.87615966796875,0.9030059079400117,0.454638124362895,0.15,5.975836581783377,897,0.3612040133779264,394,102,77
frl_apartment_5,seq_0011,18,random,17,1,32768,0.89886474609375,0.75054931640625,0.7535818564541319,0.7235968617984309,0.15,5.804429988174517,1627,0.617701290719115,388,111,123
frl_apartment_5,seq_0011,18,random,18,15,32768,0.98370361328125,0.97930908203125,0.9874666501209902,0.4868913857677903,0.14999999999999977,7.338617514543405,460,0.4152173913043478,128,84,57
frl_apartment_5,seq_0011,18,sequential,1,0,32764,0.0,0.745208155292394,,0.745208155292394,,,7192,0.7451334816462737,942,614,277
frl_apartment_5,seq_0011,18,sequential,2,1,32768,0.670135498046875,0.75054931640625,0.7270822897217541,0.7982237024701637,0.15,5.804429988174517,3930,0.7015267175572519,828,176,169
frl_apartment_5,seq_0011,18,sequential,3,2,32768,0.782684326171875,0.779327392578125,0.8035637696416735,0.6920376351636006,0.15,5.744629467803826,2423,0.5848122162608337,651,179,176
frl_apartment_5,seq_0011,18,sequential,4,3,32768,0.887298583984375,0.853302001953125,0.8612553740326742,0.7906850798808557,0.15,5.676283296510883,1971,0.7123287671232876,310,132,125
frl_apartment_5,seq_0011,18,sequential,5,4,32768,0.876678466796875,0.859039306640625,0.8763184460611968,0.7362039099232863,0.15,5.925686208179889,1406,0.6109530583214794,307,122,118
frl_apartment_5,seq_0011,18,sequential,6,5,32768,0.853118896484375,0.90045166015625,0.9038454659273832,0.8807396634115936,0.15,5.956258987959982,1458,0.6618655692729767,297,137,59
frl_apartment_5,seq_0011,18,sequential,7,6,32768,0.821044921875,0.8912353515625,0.9175215581326197,0.7706343792633015,0.15,5.871378780901362,1425,0.5628070175438596,449,121,53
frl_apartment_5,seq_0011,18,sequential,8,7,32768,0.888031005859375,0.885406494140625,0.9351180452936527,0.49114200054510765,0.15,5.979992249668743,1394,0.4218077474892396,600,162,44
frl_apartment_5,seq_0011,18,sequential,9,8,32768,0.907745361328125,0.87615966796875,0.9051605311817112,0.5908038372477671,0.15,5.975836581783377,1285,0.4529182879377432,496,129,78
frl_apartment_5,seq_0011,18,sequential,10,9,32768,0.916259765625,0.9427490234375,0.9541699973354649,0.8177842565597667,0.15,6.413350711692356,797,0.5081555834378921,186,135,71
frl_apartment_5,seq_0011,18,sequential,11,10,32768,0.94586181640625,0.944793701171875,0.9664451184100148,0.5665163472378805,0.15,6.33084828690974,928,0.43103448275862066,335,134,59
frl_apartment_5,seq_0011,18,sequential,12,11,32768,0.91339111328125,0.96417236328125,0.9746074173070498,0.854122621564482,0.15000000000000022,6.793592210530656,988,0.6123481781376519,181,133,69
frl_apartment_5,seq_0011,18,sequential,13,12,32768,0.944854736328125,0.95281982421875,0.9689609508736798,0.6762589928057554,0.14999999999999977,6.99105900079919,829,0.4644149577804584,271,120,53
frl_apartment_5,seq_0011,18,sequential,14,13,32768,0.98382568359375,0.97406005859375,0.9834356970035362,0.4037735849056604,0.14999999999999977,7.267001758188777,493,0.3935091277890467,153,90,56
frl_apartment_5,seq_0011,18,sequential,15,14,32768,0.980743408203125,0.97515869140625,0.9828235367333603,0.5847860538827259,0.15000000000000022,7.293920019872497,460,0.4434782608695652,119,85,52
frl_apartment_5,seq_0011,18,sequential,16,15,32768,0.982696533203125,0.97930908203125,0.9876711903357038,0.5044091710758377,0.15000000000000022,7.338617514543428,471,0.416135881104034,132,86,57
frl_apartment_5,seq_0011,18,sequential,17,16,32768,0.98614501953125,0.965087890625,0.9738812898434115,0.3392070484581498,0.14999999999999977,7.774566657296627,357,0.3445378151260504,109,87,38
frl_apartment_5,seq_0011,18,sequential,18,17,32768,0.942718505859375,0.9810791015625,0.9899970865300572,0.8343100692594566,0.14999999999999977,8.244940123535828,688,0.5566860465116279,177,86,42
frl_apartment_5,seq_0008,24,spread,1,0,32754,0.0,0.6553398058252428,,0.6553398058252428,,,7188,0.5930717863105175,1672,809,444
frl_apartment_5,seq_0008,24,spread,2,23,32768,0.0535888671875,0.85821533203125,0.7853075170842825,0.8623436089255772,3.4499999999999997,74.11307263476833,2977,0.7665435001679544,537,158,0
frl_apartment_5,seq_0008,24,spread,3,11,32768,0.402679443359375,0.8275146484375,0.8134899583175446,0.8369692944362132,1.65,49.1888800280216,3823,0.657337169761967,983,277,50
frl_apartment_5,seq_0008,24,spread,4,17,32768,0.722991943359375,0.928863525390625,0.9672871554598793,0.8285777239175939,0.8999999999999998,36.95969059544274,2152,0.5822490706319703,574,286,39
frl_apartment_5,seq_0008,24,spread,5,5,32747,0.7027208599261001,0.7241274009832962,0.6905527550843038,0.803492552645095,0.7499999999999999,26.702401047345848,2972,0.5992597577388964,667,285,239
frl_apartment_5,seq_0008,24,spread,6,8,32768,0.893951416015625,0.841705322265625,0.8671013552725907,0.6276258992805755,0.4499999999999999,17.059535098421872,1756,0.4356492027334852,531,234,226
frl_apartment_5,seq_0008,24,spread,7,14,32768,0.904327392578125,0.90771484375,0.9284581378868154,0.7116427432216906,0.4499999999999998,18.361831909236756,1371,0.49963530269876005,481,163,42
frl_apartment_5,seq_0008,24,spread,8,20,32768,0.90093994140625,0.96563720703125,0.9839441772237654,0.7991373998767715,0.4499999999999998,22.697144906585134,1059,0.4636449480642115,375,165,28
frl_apartment_5,seq_0008,24,spread,9,3,32767,0.9041413617358928,0.6927701651051362,0.7122460001350165,0.5090735434574976,0.30000000000000004,11.531053807952242,2184,0.38782051282051283,675,369,293
frl_apartment_5,seq_0008,24,spread,10,1,32764,0.904224148455622,0.6743376877060188,0.6873692027273341,0.5513065646908859,0.15,5.821729898582227,2008,0.3929282868525896,553,377,289
frl_apartment_5,seq_0008,24,spread,11,2,32758,0.9403809756395385,0.6787654923988033,0.6923551371530595,0.4644137224782386,0.15,5.683745290561924,1435,0.335191637630662,398,312,244
frl_apartment_5,seq_0008,24,spread,12,4,32743,0.9567846562624073,0.7099227315762148,0.7277515321756894,0.3151943462897526,0.15,5.681469440101112,1235,0.28582995951417006,407,281,194
frl_apartment_5,seq_0008,24,spread,13,6,32745,0.9588334096808673,0.7511681172698121,0.7657738000445903,0.41097922848664686,0.14999999999999994,5.634646983341511,1116,0.3234767025089606,423,178,154
frl_apartment_5,seq_0008,24,spread,14,7,32759,0.9551573613358161,0.8130590066851857,0.8267178012144455,0.5221238938053098,0.14999999999999994,5.750258596960841,949,0.2792413066385669,314,197,173
frl_apartment_5,seq_0008,24,spread,15,12,32768,0.92694091796875,0.853973388671875,0.8892803055244617,0.40601503759398494,0.14999999999999994,6.474639664602189,976,0.3176229508196721,539,98,29
frl_apartment_5,seq_0008,24,spread,16,13,32768,0.971771240234375,0.845550537109375,0.8563263511603806,0.4745945945945946,0.14999999999999994,6.169349593843452,642,0.35202492211838005,290,95,31
frl_apartment_5,seq_0008,24,spread,17,16,32768,0.977447509765625,0.92767333984375,0.9390240094913984,0.435723951285521,0.14999999999999994,6.988756324403265,530,0.30943396226415093,172,165,29
frl_apartment_5,seq_0008,24,spread,18,19,32768,0.933013916015625,0.937530517578125,0.9744872927092533,0.42277904328018223,0.14999999999999994,7.671717242319971,1043,0.29913710450623204,383,261,87
frl_apartment_5,seq_0008,24,spread,19,21,32768,0.936798095703125,0.960174560546875,0.9710395152620778,0.7991308546595848,0.14999999999999994,8.641779609506239,576,0.3541666666666667,256,86,30
frl_apartment_5,seq_0008,24,spread,20,9,32768,0.96734619140625,0.850677490234375,0.8708435863461417,0.25327102803738316,0.1499999999999999,5.78677174624513,878,0.1970387243735763,362,246,97
frl_apartment_5,seq_0008,24,spread,21,10,32768,0.9736328125,0.805816650390625,0.821934553660983,0.21064814814814814,0.1499999999999999,5.986038823765137,609,0.20361247947454844,313,144,28
frl_apartment_5,seq_0008,24,spread,22,15,32768,0.98126220703125,0.924285888671875,0.932761087267525,0.4804560260586319,0.1499999999999999,6.798732131748715,455,0.31868131868131866,174,101,35
frl_apartment_5,seq_0008,24,spread,23,18,32768,0.9783935546875,0.943878173828125,0.9523393636930755,0.5607344632768362,0.1499999999999999,7.206945788044439,445,0.33707865168539325,134,142,19
frl_apartment_5,seq_0008,24,spread,24,22,32768,0.914703369140625,0.93389892578125,0.9466519867881092,0.7971377459749552,0.1499999999999999,8.296428883772935,789,0.5792141951837769,231,95,6
frl_apartment_5,seq_0008,24,random,1,18,32768,0.0,0.943878173828125,,0.943878173828125,,,4333,0.7489037618278329,750,305,33
frl_apartment_5,seq_0008,24,random,2,4,32743,0.27364627553981,0.7099227315762148,0.6407366071428572,0.7359878905100282,2.0999999999999996,54.32273034057327,6006,0.6451881451881452,1201,618,312
frl_apartment_5,seq_0008,24,random,3,21,32768,0.55419921875,0.960174560546875,0.9888215859030837,0.9245618838992333,0.45000000000000023,24.510386437117948,1998,0.6581581581581581,512,136,35
frl_apartment_5,seq_0008,24,random,4,10,32768,0.69085693359375,0.805816650390625,0.8887710928527255,0.6204343534057256,0.9,32.17593910475593,2917,0.4552622557422009,1269,264,56
frl_apartment_5,seq_0008,24,random,5,11,32768,0.884674072265625,0.8275146484375,0.8424574838731933,0.7128870071447473,0.1499999999999999,6.009840269116669,1703,0.5654726952436876,482,208,50
frl_apartment_5,seq_0008,24,random,6,2,32758,0.8335978997496795,0.6787654923988033,0.6863441608378804,0.640799853237938,0.3,11.257778655435098,2927,0.4642979159549026,764,468,336
frl_apartment_5,seq_0008,24,random,7,22,32768,0.774169921875,0.93389892578125,0.9639309366130558,0.830945945945946,0.1499999999999999,8.296428883772935,1808,0.668141592920354,459,135,6
frl_apartment_5,seq_0008,24,random,8,6,32745,0.8779661016949153,0.7511681172698121,0.7642700615673589,0.6569069069069069,0.3,11.162365490805636,1960,0.4596938775510204,646,222,191
frl_apartment_5,seq_0008,24,random,9,23,32768,0.5509033203125,0.85821533203125,0.9393972966984268,0.7586300625169883,0.14999999999999994,8.685577523433077,1221,0.5462735462735463,398,156,0
frl_apartment_5,seq_0008,24,random,10,3,32767,0.9436017944883572,0.6927701651051362,0.7113425401856464,0.38203463203463206,0.15,5.824503489374218,1571,0.31508593252705286,451,333,292
frl_apartment_5,seq_0008,24,random,11,20,32768,0.975311279296875,0.96563720703125,0.9798178916737069,0.4054388133498146,0.14999999999999994,7.936837321553583,598,0.25418060200668896,261,160,25
frl_apartment_5,seq_0008,24,random,12,8,32768,0.9390869140625,0.841705322265625,0.8671519563239308,0.44939879759519036,0.3,11.561929812397056,1381,0.3569876900796524,455,211,222
frl_apartment_5,seq_0008,24,random,13,0,32754,0.8982414361604689,0.6553398058252428,0.6701335780564902,0.5247524752475248,0.3,11.723042451641017,2156,0.387291280148423,680,354,287
frl_apartment_5,seq_0008,24,random,14,16,32768,0.973785400390625,0.92767333984375,0.9446551129775298,0.2968568102444703,0.2999999999999998,13.775528835283977,640,0.2703125,276,164,27
frl_apartment_5,seq_0008,24,random,15,12,32768,0.911590576171875,0.853973388671875,0.8870141608918349,0.5132896099413186,0.14999999999999994,6.474639664602189,1029,0.37317784256559766,525,91,29
frl_apartment_5,seq_0008,24,random,16,19,32768,0.95880126953125,0.937530517578125,0.9651473677509708,0.2948148148148148,0.14999999999999994,7.671717242319971,929,0.26157158234660927,335,264,87
frl_apartment_5,seq_0008,24,random,17,13,32768,0.979461669921875,0.845550537109375,0.8548995170587319,0.399702823179792,0.15000000000000016,6.169349593843461,549,0.33879781420765026,231,96,36
frl_apartment_5,seq_0008,24,random,18,7,32759,0.9610488720656919,0.8130590066851857,0.8287012038242861,0.427115987460815,0.14999999999999994,5.750258596960841,968,0.2840909090909091,317,194,182
frl_apartment_5,seq_0008,24,random,19,5,32747,0.9643326106208202,0.7241274009832962,0.736027106621489,0.4023972602739726,0.14999999999999994,5.744629467803823,940,0.32127659574468087,284,177,177
frl_apartment_5,seq_0008,24,random,20,17,32768,0.98431396484375,0.928863525390625,0.9387362807713772,0.3093385214007782,0.1499999999999999,7.148066134382444,469,0.26652452025586354,148,166,30
frl_apartment_5,seq_0008,24,random,21,14,32768,0.98223876953125,0.90771484375,0.9189399117628783,0.2869415807560137,0.14999999999999994,6.313451630443066,508,0.2283464566929134,232,130,30
frl_apartment_5,seq_0008,24,random,22,9,32768,0.97100830078125,0.850677490234375,0.8696335407630901,0.21578947368421053,0.1499999999999999,5.78677174624513,825,0.18787878787878787,339,235,96
frl_apartment_5,seq_0008,24,random,23,1,32764,0.9551947259186913,0.6743376877060188,0.6905035787321063,0.329700272479564,0.15,5.821729898582227,1288,0.2950310559006211,379,302,227
frl_apartment_5,seq_0008,24,random,24,15,32768,0.981689453125,0.924285888671875,0.932666003481721,0.475,0.1499999999999999,6.798732131748715,444,0.3108108108108108,173,98,35
frl_apartment_5,seq_0008,24,sequential,1,0,32754,0.0,0.6553398058252428,,0.6553398058252428,,,7188,0.5930717863105175,1672,809,444
frl_apartment_5,seq_0008,24,sequential,2,1,32764,0.7281772677328775,0.6743376877060188,0.6677424763182161,0.6920053896249719,0.15,5.821729898582227,3818,0.5971712938711368,739,463,336
frl_apartment_5,seq_0008,24,sequential,3,2,32758,0.8633921484828133,0.6787654923988033,0.6886468903581657,0.6163128491620111,0.15,5.683745290561924,2580,0.487984496124031,640,393,288
frl_apartment_5,seq_0008,24,sequential,4,3,32767,0.8806726279488509,0.6927701651051362,0.7017361472086495,0.6265984654731458,0.15,5.824503489374218,2373,0.4584913611462284,678,346,261
frl_apartment_5,seq_0008,24,sequential,5,4,32743,0.9214794001771371,0.7099227315762148,0.7252750894869415,0.5297549591598599,0.15,5.681469440101112,1780,0.41685393258426967,517,319,202
frl_apartment_5,seq_0008,24,sequential,6,5,32747,0.7537789721195834,0.7241274009832962,0.6931210500729217,0.8190499813965025,0.15000000000000002,5.7446294678038266,2897,0.649292371418709,598,221,197
frl_apartment_5,seq_0008,24,sequential,7,6,32745,0.9097266758283707,0.7511681172698121,0.7615562791634496,0.6464817320703654,0.14999999999999994,5.634646983341511,1688,0.4609004739336493,544,202,164
frl_apartment_5,seq_0008,24,sequential,8,7,32759,0.9287829298818645,0.8130590066851857,0.8292578715572207,0.6018002571795971,0.15000000000000005,5.750258596960846,1376,0.4055232558139535,416,221,181
frl_apartment_5,seq_0008,24,sequential,9,8,32768,0.952301025390625,0.841705322265625,0.8655023233456177,0.3666026871401152,0.14999999999999994,5.84041975866536,1157,0.29732065687121867,399,200,214
frl_apartment_5,seq_0008,24,sequential,10,9,32768,0.9234619140625,0.850677490234375,0.8702577660277594,0.6144338118022329,0.1499999999999999,5.78677174624513,1454,0.4594222833562586,426,258,102
frl_apartment_5,seq_0008,24,sequential,11,10,32768,0.88720703125,0.805816650390625,0.8492019812878371,0.46455627705627706,0.15000000000000016,5.986038823765147,1464,0.36885245901639346,705,183,36
frl_apartment_5,seq_0008,24,sequential,12,11,32768,0.937774658203125,0.8275146484375,0.8418432099970712,0.6115743011280039,0.1499999999999999,6.009840269116669,1011,0.47378832838773494,341,162,29
frl_apartment_5,seq_0008,24,sequential,13,12,32768,0.88690185546875,0.853973388671875,0.8990778335971371,0.5002698327037237,0.14999999999999994,6.474639664602189,1314,0.3873668188736682,679,100,26
frl_apartment_5,seq_0008,24,sequential,14,13,32768,0.956573486328125,0.845550537109375,0.8528313925665976,0.685172171468728,0.15000000000000016,6.169349593843461,748,0.4839572192513369,259,95,32
frl_apartment_5,seq_0008,24,sequential,15,14,32768,0.970367431640625,0.90771484375,0.9201182501493852,0.5015447991761071,0.14999999999999994,6.313451630443066,637,0.31240188383045525,266,142,30
frl_apartment_5,seq_0008,24,sequential,16,15,32768,0.955902099609375,0.924285888671875,0.9319988506848003,0.7570934256055364,0.1499999999999999,6.798732131748715,651,0.47619047619047616,198,108,35
frl_apartment_5,seq_0008,24,sequential,17,16,32768,0.914581298828125,0.92767333984375,0.9672995428609563,0.503394069310468,0.14999999999999994,6.988756324403265,1033,0.33688286544046464,451,204,30
frl_apartment_5,seq_0008,24,sequential,18,17,32768,0.94549560546875,0.928863525390625,0.9495190755922794,0.5705487122060471,0.14999999999999994,7.148066134382446,798,0.3634085213032581,257,217,34
frl_apartment_5,seq_0008,24,sequential,19,18,32768,0.96099853515625,0.943878173828125,0.9528739282311846,0.7222222222222222,0.1499999999999999,7.206945788044439,563,0.4103019538188277,162,147,23
frl_apartment_5,seq_0008,24,sequential,20,19,32768,0.84381103515625,0.937530517578125,0.9745388788426763,0.7375928096912857,0.15000000000000038,7.6717172423199935,1367,0.45501097293343085,404,256,85
frl_apartment_5,seq_0008,24,sequential,21,20,32768,0.97705078125,0.96563720703125,0.980072463768116,0.35106382978723405,0.14999999999999994,7.936837321553583,584,0.261986301369863,270,141,20
frl_apartment_5,seq_0008,24,sequential,22,21,32768,0.913726806640625,0.960174560546875,0.9725126081293209,0.8295012380615493,0.14999999999999994,8.641779609506239,631,0.4421553090332805,241,81,30
frl_apartment_5,seq_0008,24,sequential,23,22,32768,0.862335205078125,0.93389892578125,0.9439077042856637,0.8712037242296609,0.1499999999999999,8.296428883772935,1020,0.6705882352941176,235,95,6
frl_apartment_5,seq_0008,24,sequential,24,23,32768,0.573699951171875,0.85821533203125,0.9379222299058461,0.7509485288853891,0.14999999999999994,8.685577523433077,1036,0.4980694980694981,366,154,0
office_4,seq_0000,15,spread,1,0,32768,0.0,0.8026123046875,,0.8026123046875,,,10844,0.6540022132054593,3145,601,6
office_4,seq_0000,15,spread,2,14,32768,0.253448486328125,0.84796142578125,0.9611077664057797,0.8095491149899848,2.1,55.84433505880986,6418,0.5162044250545341,2062,1020,23
office_4,seq_0000,15,spread,3,7,32768,0.7149658203125,0.855926513671875,0.9486938705822093,0.6232334047109208,1.05,30.54857825338242,5631,0.584620848872314,1957,368,14
office_4,seq_0000,15,spread,4,10,32768,0.8056640625,0.878631591796875,0.9512121212121212,0.5777324120603015,0.4500000000000002,14.888245814284815,4063,0.48387890721142013,1254,590,253
office_4,seq_0000,15,spread,5,3,32768,0.828369140625,0.85076904296875,0.9047303271441203,0.5903271692745377,0.4500000000000001,13.410023904994793,3444,0.5859465737514518,1163,262,1
office_4,seq_0000,15,spread,6,5,32768,0.833526611328125,0.851287841796875,0.9205872661370044,0.504307974335472,0.29999999999999993,8.919993797336433,3356,0.4797377830750894,1148,546,52
office_4,seq_0000,15,spread,7,12,32768,0.813873291015625,0.826263427734375,0.9163073231092279,0.4325299229381866,0.2999999999999995,10.208602664142692,3523,0.35509508941243256,1437,775,60
office_4,seq_0000,15,spread,8,9,32768,0.928924560546875,0.854095458984375,0.8915207464108545,0.36496350364963503,0.15000000000000022,4.986670481577533,1809,0.3609729132117192,729,401,26
office_4,seq_0000,15,spread,9,1,32768,0.918304443359375,0.82550048828125,0.8592602439267555,0.44602166604407917,0.1500000000000002,4.510533883943607,1938,0.4308565531475748,862,240,1
office_4,seq_0000,15,spread,10,13,32768,0.913238525390625,0.841461181640625,0.8885547201336675,0.3457615195216321,0.1500000000000002,5.3517824200484325,2163,0.3102172907998151,824,653,15
office_4,seq_0000,15,spread,11,4,32768,0.95684814453125,0.876556396484375,0.8907635389423997,0.5615275813295615,0.14999999999999977,4.429400365038513,1096,0.551094890510949,392,100,0
office_4,seq_0000,15,spread,12,8,32768,0.93603515625,0.842193603515625,0.876141105894627,0.34541984732824427,0.14999999999999977,4.913349549063959,1636,0.2567237163814181,502,614,100
office_4,seq_0000,15,spread,13,2,32768,0.9530029296875,0.861663818359375,0.8774497246061227,0.5415584415584416,0.14999999999999974,4.4439886156085695,1052,0.5161596958174905,405,104,0
office_4,seq_0000,15,spread,14,6,32768,0.963348388671875,0.876739501953125,0.8857034244622549,0.6411323896752706,0.14999999999999974,4.527185427513836,922,0.5921908893709328,307,69,0
office_4,seq_0000,15,spread,15,11,32768,0.9373779296875,0.874847412109375,0.9108933454876937,0.33528265107212474,0.14999999999999974,5.102249484947632,1670,0.25389221556886227,643,387,216
office_4,seq_0000,15,random,1,2,32768,0.0,0.861663818359375,,0.861663818359375,,,10590,0.7314447592067989,2252,585,7
office_4,seq_0000,15,random,2,11,32768,0.571868896484375,0.874847412109375,0.9723037515342334,0.7446717513721577,1.35,38.78482841295902,5917,0.5583910765590671,1756,634,223
office_4,seq_0000,15,random,3,3,32768,0.760894775390625,0.85076904296875,0.938876188184334,0.5703892788768348,0.1500000000000002,4.543907494505165,4803,0.583593587341245,1702,298,0
office_4,seq_0000,15,random,4,10,32768,0.883270263671875,0.878631591796875,0.9306913588777943,0.48470588235294115,0.14999999999999974,5.06431762425424,2941,0.421285277116627,999,455,248
office_4,seq_0000,15,random,5,0,32768,0.774658203125,0.8026123046875,0.884691144027734,0.5204496208017335,0.29999999999999993,9.081453703049888,4373,0.5122341641893438,1829,303,1
office_4,seq_0000,15,random,6,4,32768,0.905975341796875,0.876556396484375,0.9039983831306633,0.6121389159363843,0.14999999999999977,4.429400365038513,2026,0.5651530108588352,642,226,13
office_4,seq_0000,15,random,7,7,32768,0.906768798828125,0.855926513671875,0.8936828997408541,0.48870703764320783,0.4500000000000001,14.194542400025666,2226,0.4743935309973046,1049,119,2
office_4,seq_0000,15,random,8,5,32768,0.89385986328125,0.851287841796875,0.9156025947422328,0.30966072455434157,0.15000000000000022,4.487185923330681,2336,0.3373287671232877,944,547,57
office_4,seq_0000,15,random,9,14,32768,0.744293212890625,0.84796142578125,0.9464512690147198,0.5612841627879221,0.4500000000000001,17.52805900634775,3767,0.34058932837801964,1527,939,18
office_4,seq_0000,15,random,10,12,32768,0.82769775390625,0.826263427734375,0.9114372096453064,0.4171094580233794,0.14999999999999974,5.145134844491102,3227,0.33746513789897736,1332,749,57
office_4,seq_0000,15,random,11,6,32768,0.94451904296875,0.876739501953125,0.8920193861066236,0.6166116611661167,0.14999999999999974,4.527185427513836,1386,0.5707070707070707,456,139,0
office_4,seq_0000,15,random,12,9,32768,0.9532470703125,0.854095458984375,0.8830836214624151,0.2630548302872063,0.15000000000000022,4.986670481577533,1252,0.2771565495207668,538,341,26
office_4,seq_0000,15,random,13,13,32768,0.9185791015625,0.841461181640625,0.8861129568106312,0.3377061469265367,0.1500000000000002,5.3517824200484325,2043,0.302496328928047,799,611,15
office_4,seq_0000,15,random,14,8,32768,0.944976806640625,0.842193603515625,0.8739867592443081,0.2961730449251248,0.14999999999999977,4.913349549063959,1475,0.22372881355932203,467,581,97
office_4,seq_0000,15,random,15,1,32768,0.95025634765625,0.82550048828125,0.8485130708459118,0.38588957055214723,0.14999999999999974,4.510533883943594,1203,0.372402327514547,567,187,1
office_4,seq_0000,15,sequential,1,0,32768,0.0,0.8026123046875,,0.8026123046875,,,10844,0.6540022132054593,3145,601,6
office_4,seq_0000,15,sequential,2,1,32768,0.699859619140625,0.82550048828125,0.9062050320498845,0.6373157092018302,0.1500000000000002,4.510533883943607,5639,0.5751019684341195,1873,521,2
office_4,seq_0000,15,sequential,3,2,32768,0.76953125,0.861663818359375,0.9142211294416244,0.6861758474576272,0.14999999999999974,4.4439886156085695,4543,0.6577151661897425,1288,266,1
office_4,seq_0000,15,sequential,4,3,32768,0.870941162109375,0.85076904296875,0.8909562353270962,0.5795696382123433,0.1500000000000002,4.543907494505165,2666,0.5930232558139535,926,159,0
office_4,seq_0000,15,sequential,5,4,32768,0.875396728515625,0.876556396484375,0.9082795886351752,0.6536860151849131,0.14999999999999977,4.429400365038513,2490,0.62570281124498,698,221,13
office_4,seq_0000,15,sequential,6,5,32768,0.85577392578125,0.851287841796875,0.9262891377219884,0.40626322471434617,0.15000000000000022,4.487185923330681,3008,0.4019281914893617,1146,596,57
office_4,seq_0000,15,sequential,7,6,32768,0.896026611328125,0.876739501953125,0.9001396410204012,0.6750807161725858,0.14999999999999974,4.527185427513836,2157,0.6096430227167362,671,171,0
office_4,seq_0000,15,sequential,8,7,32768,0.890228271484375,0.855926513671875,0.8873881594734496,0.6007784264664998,0.1500000000000002,4.819353339406345,2340,0.5623931623931624,922,100,2
office_4,seq_0000,15,sequential,9,8,32768,0.895721435546875,0.842193603515625,0.8966645088753364,0.3743049458589406,0.14999999999999977,4.913349549063959,2614,0.31178270849273143,849,845,105
office_4,seq_0000,15,sequential,10,9,32768,0.921844482421875,0.854095458984375,0.8955209057503227,0.36548223350253806,0.1500000000000002,4.986670481577533,1762,0.3337116912599319,701,414,59
office_4,seq_0000,15,sequential,11,10,32768,0.93994140625,0.878631591796875,0.9151948051948052,0.30640243902439024,0.15000000000000022,5.064317624254256,1721,0.2800697269029634,553,438,248
office_4,seq_0000,15,sequential,12,11,32768,0.9290771484375,0.874847412109375,0.9140060438838523,0.36187607573149744,0.14999999999999974,5.102249484947632,1878,0.2838125665601704,704,425,216
office_4,seq_0000,15,sequential,13,12,32768,0.79302978515625,0.826263427734375,0.9201108289078734,0.46667649660867,0.14999999999999974,5.145134844491102,3405,0.3679882525697504,1459,667,26
office_4,seq_0000,15,sequential,14,13,32768,0.8995361328125,0.841461181640625,0.892794137603474,0.38183475091130015,0.1500000000000002,5.3517824200484325,2315,0.31922246220302375,919,635,22
office_4,seq_0000,15,sequential,15,14,32768,0.8944091796875,0.84796142578125,0.9112529002320185,0.31184971098265896,0.15000000000000022,6.009908964878716,2183,0.255153458543289,951,666,9
office_4,seq_0001,14,spread,1,0,32768,0.0,0.921630859375,,0.921630859375,,,7415,0.7456507080242751,1189,689,8
office_4,seq_0001,14,spread,2,13,32768,0.393402099609375,0.884246826171875,0.9896827243813513,0.8158675856517583,1.9528330048520262,45.163070823527804,8246,0.680693669658016,2189,444,0
office_4,seq_0001,14,spread,3,6,32768,0.713104248046875,0.915771484375,0.9790302563444173,0.7585363259227742,0.9061218156734743,27.74242153271897,5178,0.671687910390112,1459,241,0
office_4,seq_0001,14,spread,4,3,32768,0.8258056640625,0.939208984375,0.9831116038433112,0.7310791871058164,0.4500000000000002,15.164342876277754,3657,0.6305715066994805,1065,278,8
office_4,seq_0001,14,spread,5,9,32768,0.8275146484375,0.908660888671875,0.9607611742144859,0.6587048832271762,0.4500000000000002,13.559768778330875,3862,0.5960642154324184,1437,123,0
office_4,seq_0001,14,spread,6,11,32768,0.86663818359375,0.863677978515625,0.9264384815832101,0.45583524027459954,0.29999999999999966,8.713370513731698,2924,0.478796169630643,1375,149,0
office_4,seq_0001,14,spread,7,1,32768,0.83685302734375,0.908203125,0.9762234702064037,0.5592966704077815,0.18279362873354693,7.778923224475161,3459,0.4336513443191674,1244,710,5
office_4,seq_0001,14,spread,8,4,32768,0.931884765625,0.933807373046875,0.9650248886560125,0.5067204301075269,0.15000000000000052,5.072911047755011,1900,0.4605263157894737,753,266,6
office_4,seq_0001,14,spread,9,7,32768,0.94891357421875,0.927154541015625,0.9442657747475397,0.6093189964157706,0.15000000000000008,4.858676123539945,1492,0.5985254691689008,523,76,0
office_4,seq_0001,14,spread,10,8,32768,0.956756591796875,0.916290283203125,0.927466428503078,0.6690190543401553,0.15000000000000008,4.740586918779259,1201,0.6519567027477102,359,59,0
office_4,seq_0001,14,spread,11,2,32768,0.94158935546875,0.9324951171875,0.9641213456926169,0.422675026123302,0.14999999999999963,5.7299105849353005,1719,0.3833624200116347,663,395,2
office_4,seq_0001,14,spread,12,10,32768,0.9561767578125,0.885406494140625,0.8972935018511426,0.6260445682451253,0.14999999999999963,4.4675240829256095,1182,0.5981387478849408,426,49,0
office_4,seq_0001,14,spread,13,5,32768,0.942474365234375,0.931793212890625,0.9514619693682609,0.6095490716180372,0.1499999999999996,5.0395031239068295,1495,0.5224080267558529,356,227,131
office_4,seq_0001,14,spread,14,12,32768,0.97308349609375,0.881988525390625,0.8943423446026469,0.43537414965986393,0.1499999999999996,4.382021235568056,759,0.4453227931488801,384,37,0
office_4,seq_0001,14,random,1,3,32768,0.0,0.939208984375,,0.939208984375,,,8643,0.7998380192062942,1392,330,8
office_4,seq_0001,14,random,2,2,32768,0.7939453125,0.9324951171875,0.986969557195572,0.722600710900474,0.14999999999999963,5.7299105849353005,4443,0.6090479405806887,1162,569,6
office_4,seq_0001,14,random,3,0,32768,0.7373046875,0.921630859375,0.9930049668874172,0.7213057620817844,0.31789423530380945,15.471817075877501,4396,0.6030482256596906,1063,674,8
office_4,seq_0001,14,random,4,5,32768,0.771087646484375,0.931793212890625,0.9889975066292002,0.7391014531395814,0.30000000000000016,10.002217382672583,4722,0.6630664972469292,1136,324,131
office_4,seq_0001,14,random,5,4,32768,0.91455078125,0.933807373046875,0.9679658302189001,0.5682142857142857,0.1499999999999996,5.07291104775498,2272,0.5026408450704225,893,235,2
office_4,seq_0001,14,random,6,7,32768,0.869537353515625,0.927154541015625,0.9639560593830063,0.6818713450292397,0.30000000000000016,9.648462741912452,3477,0.6649410411274087,987,178,0
office_4,seq_0001,14,random,7,13,32768,0.846832275390625,0.884246826171875,0.9401780244333129,0.5750149432157801,0.9,24.86771222031631,3775,0.5721854304635762,1322,293,0
office_4,seq_0001,14,random,8,10,32768,0.8638916015625,0.885406494140625,0.9248622297583722,0.6349775784753363,0.4499999999999998,13.191655087171062,2879,0.5842306356373741,1074,123,0
office_4,seq_0001,14,random,9,11,32768,0.8934326171875,0.863677978515625,0.9216423008607734,0.3777205040091638,0.15000000000000052,4.382021235568081,2224,0.4069244604316547,1205,114,0
office_4,seq_0001,14,random,10,6,32768,0.939697265625,0.915771484375,0.9402117433099506,0.534919028340081,0.15000000000000008,4.976034335649825,1637,0.5119120342089187,666,133,0
office_4,seq_0001,14,random,11,9,32768,0.94281005859375,0.908660888671875,0.9329643296432965,0.5080042689434365,0.14999999999999963,4.5963576719731085,1564,0.48721227621483376,746,56,0
office_4,seq_0001,14,random,12,12,32768,0.96697998046875,0.881988525390625,0.8963895726819415,0.4602587800369686,0.1499999999999996,4.382021235568056,914,0.4660831509846827,447,41,0
office_4,seq_0001,14,random,13,8,32768,0.967559814453125,0.916290283203125,0.9236082636808074,0.6980244590780809,0.15000000000000008,4.740586918779259,889,0.6850393700787402,248,32,0
office_4,seq_0001,14,random,14,1,32768,0.8802490234375,0.908203125,0.9667175149077798,0.4780835881753313,0.15000155635639728,6.396240366722197,2654,0.36209495101733236,1041,647,5
office_4,seq_0001,14,sequential,1,0,32768,0.0,0.921630859375,,0.921630859375,,,7415,0.7456507080242751,1189,689,8
office_4,seq_0001,14,sequential,2,1,32768,0.58172607421875,0.908203125,0.9818487042283076,0.8057784911717496,0.18279362873354693,7.778923224475161,5666,0.6104835863042711,1468,734,5
office_4,seq_0001,14,sequential,3,2,32768,0.781829833984375,0.9324951171875,0.989460946953433,0.7283536158903343,0.15000155635639728,5.729969641216027,4509,0.6056775338212464,1183,588,7
office_4,seq_0001,14,sequential,4,3,32768,0.835052490234375,0.939208984375,0.9805211416876805,0.7300647548566143,0.14999999999999963,5.162198381851415,3601,0.6334351569008608,1068,244,8
office_4,seq_0001,14,sequential,5,4,32768,0.885986328125,0.933807373046875,0.9654174703775145,0.688169164882227,0.15000000000000052,5.072911047755011,2661,0.5907553551296505,861,226,2
office_4,seq_0001,14,sequential,6,5,32768,0.82818603515625,0.931793212890625,0.9850025794089469,0.6753108348134991,0.1499999999999996,5.0395031239068295,3883,0.6124130826680402,1063,311,131
office_4,seq_0001,14,sequential,7,6,32768,0.8609619140625,0.915771484375,0.9625336736140649,0.6262071992976295,0.15000000000000008,4.976034335649825,3365,0.5946508172362556,1137,227,0
office_4,seq_0001,14,sequential,8,7,32768,0.904205322265625,0.927154541015625,0.9567990819804921,0.6473399171710736,0.15000000000000008,4.858676123539945,2734,0.6291148500365764,864,150,0
office_4,seq_0001,14,sequential,9,8,32768,0.876739501953125,0.916290283203125,0.9513035608618469,0.6672443674176777,0.15000000000000008,4.740586918779259,2620,0.5881679389312977,960,119,0
office_4,seq_0001,14,sequential,10,9,32768,0.928070068359375,0.908660888671875,0.9343987372990037,0.5765803988120493,0.15000000000000008,4.596357671973122,1863,0.5539452495974235,749,82,0
office_4,seq_0001,14,sequential,11,10,32768,0.923126220703125,0.885406494140625,0.9110714403781943,0.5772131798332671,0.14999999999999963,4.4675240829256095,2019,0.5636453689945518,796,85,0
office_4,seq_0001,14,sequential,12,11,32768,0.90765380859375,0.863677978515625,0.9139936789724968,0.3691341705221414,0.15000000000000052,4.382021235568081,2007,0.4120577977080219,1071,109,0
office_4,seq_0001,14,sequential,13,12,32768,0.95391845703125,0.881988525390625,0.9021690447245505,0.4642384105960265,0.1499999999999996,4.382021235568056,1186,0.47048903878583476,563,65,0
office_4,seq_0001,14,sequential,14,13,32768,0.964080810546875,0.884246826171875,0.8985153999556836,0.5012744265080714,0.15000000000000008,4.417323876100807,960,0.5114583333333333,370,99,0
frl_apartment_5,seq_0012,15,spread,1,0,32768,0.0,0.5679931640625,,0.5679931640625,,,8876,0.39826498422712936,1807,1824,1710
frl_apartment_5,seq_0012,15,spread,2,14,32768,0.154510498046875,0.587615966796875,0.720718941339127,0.5632918245804006,2.1000000000000005,52.45129595344051,6821,0.41093681278404925,1906,1134,978
frl_apartment_5,seq_0012,15,spread,3,7,32768,0.598541259765625,0.460906982421875,0.4698924182939887,0.44751045229950587,1.0500000000000003,31.65620886043854,7063,0.3053943083675492,1824,1516,1566
frl_apartment_5,seq_0012,15,spread,4,11,32768,0.649200439453125,0.457763671875,0.47092558642410565,0.43340582862113963,0.45000000000000034,14.58884885199006,6203,0.2963082379493793,2002,1473,890
frl_apartment_5,seq_0012,15,spread,5,4,32768,0.7469482421875,0.514984130859375,0.5235332570681483,0.4897491558128316,0.45000000000000007,15.02543084486742,5098,0.29129070223617104,1430,1151,1032
frl_apartment_5,seq_0012,15,spread,6,2,32768,0.849395751953125,0.55059814453125,0.5803542557395897,0.38277608915906786,0.2999999999999999,10.49636838670666,3893,0.308502440277421,1071,768,853
frl_apartment_5,seq_0012,15,spread,7,9,32768,0.778411865234375,0.434112548828125,0.4695965813306151,0.3094615066795207,0.2999999999999998,10.060085969370984,4538,0.21639488761568973,1136,1280,1140
frl_apartment_5,seq_0012,15,spread,8,6,32768,0.85687255859375,0.477081298828125,0.5165253935465489,0.24093816631130063,0.1500000000000002,5.082032678293547,4000,0.20275,1083,909,1197
frl_apartment_5,seq_0012,15,spread,9,13,32768,0.788360595703125,0.543548583984375,0.5822397708357527,0.3994232155731795,0.1500000000000002,5.044842996576815,4037,0.30047064651969285,1209,736,879
frl_apartment_5,seq_0012,15,spread,10,1,32768,0.897186279296875,0.55816650390625,0.5851899724480425,0.3223508459483526,0.14999999999999994,5.436517958233526,2905,0.28433734939759037,818,620,641
frl_apartment_5,seq_0012,15,spread,11,3,32768,0.90301513671875,0.528778076171875,0.5483947279486313,0.3461296412838263,0.14999999999999994,5.128084695631647,2740,0.30875912408759126,558,672,664
frl_apartment_5,seq_0012,15,spread,12,5,32768,0.88323974609375,0.50732421875,0.5456084582959021,0.2177208572922112,0.14999999999999994,5.091551184599042,3201,0.19743830053108405,766,1026,777
frl_apartment_5,seq_0012,15,spread,13,10,32768,0.788116455078125,0.448394775390625,0.4535914811229429,0.4290652455710788,0.14999999999999994,4.9872770553862225,4081,0.24601813281058565,1025,1062,990
frl_apartment_5,seq_0012,15,spread,14,12,32768,0.877716064453125,0.523345947265625,0.5490073363234936,0.33915647616670824,0.14999999999999994,4.986479519414744,3096,0.2751937984496124,1041,758,445
frl_apartment_5,seq_0012,15,spread,15,8,32768,0.89697265625,0.442230224609375,0.47138677191072403,0.18838862559241706,0.14999999999999988,5.091551184599039,2732,0.1500732064421669,602,820,900
frl_apartment_5,seq_0012,15,random,1,2,32768,0.0,0.55059814453125,,0.55059814453125,,,9302,0.4290475166630832,2148,1563,1600
frl_apartment_5,seq_0012,15,random,2,11,32768,0.2506103515625,0.457763671875,0.7881149537262543,0.34728783189444534,1.35,37.98335919388961,8389,0.3168434855167481,2608,1930,1193
frl_apartment_5,seq_0012,15,random,3,3,32768,0.76910400390625,0.528778076171875,0.5501944290135703,0.45744118424530794,0.14999999999999994,5.128084695631647,5034,0.34743742550655543,1121,1165,999
frl_apartment_5,seq_0012,15,random,4,10,32768,0.667572021484375,0.448394775390625,0.44169142857142857,0.4618562379509777,0.14999999999999994,4.9872770553862225,6082,0.29480434067740874,1541,1456,1292
frl_apartment_5,seq_0012,15,random,5,0,32768,0.711883544921875,0.5679931640625,0.617181806490333,0.44645694312043216,0.2999999999999999,12.047090547330223,5212,0.30429777436684574,1222,1248,1156
frl_apartment_5,seq_0012,15,random,6,4,32768,0.860809326171875,0.514984130859375,0.5463182897862233,0.32120149090111816,0.1500000000000003,5.112923967026582,3803,0.2526952405995267,1089,856,897
frl_apartment_5,seq_0012,15,random,7,7,32768,0.782958984375,0.460906982421875,0.4792251325226068,0.3948256467941507,0.44999999999999996,14.801468723384131,4438,0.2555205047318612,1159,1001,1144
frl_apartment_5,seq_0012,15,random,8,5,32768,0.843017578125,0.50732421875,0.5458659136982335,0.30034992223950235,0.14999999999999994,5.091551184599042,3902,0.22475653511019988,935,1176,914
frl_apartment_5,seq_0012,15,random,9,14,32768,0.65606689453125,0.587615966796875,0.537584891617825,0.6830523513753327,0.45000000000000034,15.576960513930043,3711,0.3834545944489356,1030,607,651
frl_apartment_5,seq_0012,15,random,10,12,32768,0.81683349609375,0.523345947265625,0.5398266457446014,0.4498500499833389,0.14999999999999994,4.986479519414744,3918,0.33052577845839715,1267,835,521
frl_apartment_5,seq_0012,15,random,11,6,32768,0.890594482421875,0.477081298828125,0.5139293424253847,0.17712691771269176,0.14999999999999994,5.082032678293539,3231,0.1655834107087589,911,812,973
frl_apartment_5,seq_0012,15,random,12,9,32768,0.815093994140625,0.434112548828125,0.4668463813695758,0.28981680145238486,0.15000000000000013,5.069111148090535,3866,0.1973616140713916,967,1106,1030
frl_apartment_5,seq_0012,15,random,13,13,32768,0.853271484375,0.543548583984375,0.5875894134477826,0.28743760399334445,0.1500000000000002,5.044842996576815,3183,0.23971096449890042,969,643,808
frl_apartment_5,seq_0012,15,random,14,8,32768,0.895050048828125,0.442230224609375,0.47158102901565,0.19191625472521082,0.14999999999999988,5.091551184599039,2773,0.15290299314821493,607,838,904
frl_apartment_5,seq_0012,15,random,15,1,32768,0.915191650390625,0.55816650390625,0.581346493714362,0.30802446923353727,0.14999999999999994,5.436517958233526,2440,0.27172131147540984,674,516,587
frl_apartment_5,seq_0012,15,sequential,1,0,32768,0.0,0.5679931640625,,0.5679931640625,,,8876,0.39826498422712936,1807,1824,1710
frl_apartment_5,seq_0012,15,sequential,2,1,32768,0.648956298828125,0.55816650390625,0.5997178462261933,0.48135269060245156,0.14999999999999994,5.436517958233526,6032,0.39389920424403185,1707,1019,930
frl_apartment_5,seq_0012,15,sequential,3,2,32768,0.8133544921875,0.55059814453125,0.5864475461503827,0.394375408763898,0.14999999999999994,5.292589290814342,4764,0.31717044500419816,1250,966,1037
frl_apartment_5,seq_0012,15,sequential,4,3,32768,0.812408447265625,0.528778076171875,0.5569287404680515,0.4068651374654303,0.14999999999999994,5.128084695631647,4493,0.33251724905408414,1026,1039,934
frl_apartment_5,seq_0012,15,sequential,5,4,32768,0.851837158203125,0.514984130859375,0.5532189302475549,0.2951596292481977,0.1500000000000003,5.112923967026582,4000,0.24425,1109,914,1000
frl_apartment_5,seq_0012,15,sequential,6,5,32768,0.77667236328125,0.50732421875,0.5344597249508841,0.41295435911451217,0.14999999999999994,5.091551184599042,4614,0.25249241439098397,1083,1358,1008
frl_apartment_5,seq_0012,15,sequential,7,6,32768,0.841705322265625,0.477081298828125,0.5118741162394402,0.29207634470792365,0.14999999999999994,5.082032678293539,4001,0.20644838790302425,1120,1003,1052
frl_apartment_5,seq_0012,15,sequential,8,7,32768,0.828399658203125,0.460906982421875,0.4909191379627924,0.31602347501333805,0.1500000000000002,5.0335996353291685,4069,0.22954042762349472,1065,918,1152
frl_apartment_5,seq_0012,15,sequential,9,8,32768,0.798431396484375,0.442230224609375,0.4821694759775255,0.2840272520817562,0.14999999999999988,5.091551184599039,4474,0.21479660259275815,1113,1226,1174
frl_apartment_5,seq_0012,15,sequential,10,9,32768,0.80816650390625,0.434112548828125,0.47175439921456086,0.275532930321349,0.14999999999999994,5.069111148090529,3966,0.1951588502269289,1002,1129,1061
frl_apartment_5,seq_0012,15,sequential,11,10,32768,0.649169921875,0.448394775390625,0.4444810078977059,0.45563674321503134,0.15000000000000013,4.98727705538623,5498,0.2984721716987996,1479,1309,1069
frl_apartment_5,seq_0012,15,sequential,12,11,32768,0.711212158203125,0.457763671875,0.4597296717442609,0.45292190637218643,0.14999999999999994,4.9584262337032,4703,0.28556240697427177,1514,1150,696
frl_apartment_5,seq_0012,15,sequential,13,12,32768,0.7579345703125,0.523345947265625,0.5108310516991464,0.5625315179021684,0.14999999999999994,4.986479519414744,4061,0.3627185422309776,1301,793,494
frl_apartment_5,seq_0012,15,sequential,14,13,32768,0.81561279296875,0.543548583984375,0.5821671780288857,0.37272426348891097,0.1500000000000002,5.044842996576815,3550,0.27774647887323944,1090,657,817
frl_apartment_5,seq_0012,15,sequential,15,14,32768,0.87908935546875,0.587615966796875,0.6025827952509893,0.4787985865724382,0.1500000000000002,5.308899959613152,2183,0.30187814933577645,559,424,541
frl_apartment_5,seq_0005,33,spread,1,0,32733,0.0,0.6650475055754131,,0.6650475055754131,,,7805,0.70416399743754,1168,691,450
frl_apartment_5,seq_0005,33,spread,2,32,32768,0.085906982421875,0.689117431640625,0.6898756660746004,0.6890461723366608,4.799999999999999,75.51489058503694,5861,0.5529773076266848,1110,844,666
frl_apartment_5,seq_0005,33,spread,3,16,32768,0.47021484375,0.578948974609375,0.6622533748701973,0.5050115207373271,2.3999999999999995,54.74360050583519,7553,0.5449490268767377,2019,719,699
frl_apartment_5,seq_0005,33,spread,4,8,32768,0.649444580078125,0.61962890625,0.5713547295709788,0.7090624183860016,1.1999999999999997,35.05093691039461,5694,0.6868633649455568,1113,356,314
frl_apartment_5,seq_0005,33,spread,5,24,32768,0.80987548828125,0.605865478515625,0.600158263621976,0.6301765650080257,1.1999999999999995,35.30231244485011,3887,0.5894005659891948,881,346,369
frl_apartment_5,seq_0005,33,spread,6,4,32768,0.807159423828125,0.627960205078125,0.6185489054406594,0.6673524291818326,0.5999999999999999,19.746030826456856,3906,0.5916538658474142,975,281,339
frl_apartment_5,seq_0005,33,spread,7,12,32768,0.85076904296875,0.594696044921875,0.5896764473778606,0.6233128834355828,0.5999999999999998,19.407333082247593,3676,0.5892274211099021,939,277,294
frl_apartment_5,seq_0005,33,spread,8,20,32768,0.895263671875,0.59808349609375,0.6016498500136351,0.5675990675990676,0.5999999999999995,19.321153791159983,2636,0.5326251896813353,637,293,302
frl_apartment_5,seq_0005,33,spread,9,28,32768,0.809051513671875,0.606475830078125,0.6053713552864849,0.6111555058334666,0.5999999999999992,22.313833200631077,2546,0.46975648075412413,820,278,252
frl_apartment_5,seq_0005,33,spread,10,26,32768,0.93255615234375,0.61053466796875,0.6184959748674651,0.5004524886877828,0.30000000000000043,10.555867701267678,1783,0.4890633763320247,491,197,223
frl_apartment_5,seq_0005,33,spread,11,18,32768,0.9482421875,0.592071533203125,0.597869464469619,0.4858490566037736,0.30000000000000004,10.027893932297276,1583,0.4750473783954517,480,195,156
frl_apartment_5,seq_0005,33,spread,12,2,32747,0.8812104925642044,0.6453415580053135,0.6524240219010985,0.59280205655527,0.2999999999999999,10.233896481099377,2376,0.46085858585858586,579,361,341
frl_apartment_5,seq_0005,33,spread,13,6,32768,0.89801025390625,0.58953857421875,0.596683205328621,0.5266307600239377,0.2999999999999999,9.900104694618387,2475,0.49333333333333335,789,228,237
frl_apartment_5,seq_0005,33,spread,14,10,32768,0.946502685546875,0.61480712890625,0.6168305658552313,0.5790074158585282,0.29999999999999977,9.900104694618383,1607,0.568139390168015,363,158,173
frl_apartment_5,seq_0005,33,spread,15,14,32768,0.927337646484375,0.580230712890625,0.5868957119820976,0.49517009659806804,0.2999999999999996,10.027893932297262,2041,0.5085742283194512,677,157,169
frl_apartment_5,seq_0005,33,spread,16,22,32768,0.940765380859375,0.602081298828125,0.6056703539105329,0.5450798557444616,0.2999999999999996,9.97109577414658,1595,0.4846394984326019,472,177,173
frl_apartment_5,seq_0005,33,spread,17,30,32768,0.9281005859375,0.64227294921875,0.6620084177298435,0.3875212224108659,0.2999999999999996,12.777928995970885,1821,0.34486545853926415,705,311,177
frl_apartment_5,seq_0005,33,spread,18,13,32768,0.96575927734375,0.601898193359375,0.6056689629021045,0.49554367201426025,0.15000000000000022,5.023514598610828,1077,0.4883936861652739,296,120,135
frl_apartment_5,seq_0005,33,spread,19,1,32756,0.8922945414580535,0.6470570277201123,0.6473929109073491,0.6442743764172335,0.15000000000000002,5.259621570152942,2008,0.4706175298804781,508,344,211
frl_apartment_5,seq_0005,33,spread,20,9,32768,0.960723876953125,0.621612548828125,0.6280296051586671,0.46464646464646464,0.15000000000000002,4.982719931116059,1197,0.43859649122807015,377,136,159
frl_apartment_5,seq_0005,33,spread,21,3,32768,0.911590576171875,0.613250732421875,0.635901041143584,0.3797031411805316,0.14999999999999988,5.128084695631645,2189,0.3353129282777524,944,332,179
frl_apartment_5,seq_0005,33,spread,22,5,32768,0.955169677734375,0.597198486328125,0.609891689830346,0.32675289312457456,0.14999999999999988,5.07291104775499,1255,0.30199203187250995,453,228,195
frl_apartment_5,seq_0005,33,spread,23,7,32768,0.9666748046875,0.624420166015625,0.6296565222881677,0.4725274725274725,0.1499999999999998,5.033599635329156,1033,0.4617618586640852,236,152,168
frl_apartment_5,seq_0005,33,spread,24,11,32768,0.970947265625,0.620849609375,0.6242456625597184,0.5073529411764706,0.1499999999999998,5.033599635329156,862,0.46983758700696054,236,101,120
frl_apartment_5,seq_0005,33,spread,25,15,32768,0.971893310546875,0.60723876953125,0.6123967720664427,0.42888165038002174,0.1499999999999998,5.043907212310206,883,0.4258210645526614,284,107,116
frl_apartment_5,seq_0005,33,spread,26,17,32768,0.967254638671875,0.58154296875,0.5862123363306515,0.44361602982292636,0.1499999999999998,5.068650372449297,952,0.39810924369747897,347,123,103
frl_apartment_5,seq_0005,33,spread,27,19,32768,0.978759765625,0.5914306640625,0.5960027438263906,0.3807471264367816,0.1499999999999998,5.039503123906836,681,0.37738619676945667,197,127,100
frl_apartment_5,seq_0005,33,spread,28,21,32768,0.97613525390625,0.591522216796875,0.5968236103295191,0.37468030690537085,0.1499999999999998,5.039179871064436,758,0.3812664907651715,225,127,117
frl_apartment_5,seq_0005,33,spread,29,23,32768,0.9713134765625,0.600006103515625,0.6050333040090486,0.4297872340425532,0.1499999999999998,5.019945010579539,898,0.4287305122494432,234,139,140
frl_apartment_5,seq_0005,33,spread,30,25,32768,0.968963623046875,0.606353759765625,0.6136499637806683,0.3785644051130777,0.1499999999999998,5.201163286811496,975,0.3723076923076923,358,157,97
frl_apartment_5,seq_0005,33,spread,31,27,32768,0.9783935546875,0.629547119140625,0.6346225826575171,0.3997175141242938,0.1499999999999998,5.455563365608157,690,0.39565217391304347,207,110,100
frl_apartment_5,seq_0005,33,spread,32,31,32768,0.91241455078125,0.65887451171875,0.6573349387918924,0.6749128919860627,0.1499999999999998,6.300965483058339,1414,0.38613861386138615,466,176,226
frl_apartment_5,seq_0005,33,spread,33,29,32768,0.936279296875,0.62152099609375,0.6223924380704041,0.6087164750957854,0.1499999999999989,6.204331453593141,1177,0.3772302463891249,443,197,93
frl_apartment_5,seq_0005,33,random,1,2,32747,0.0,0.6453415580053135,,0.6453415580053135,,,8525,0.6899706744868035,1251,737,655
frl_apartment_5,seq_0005,33,random,2,10,32768,0.3516845703125,0.61480712890625,0.788528288788615,0.5205705140274901,1.1999999999999997,34.91963621358819,8608,0.6462592936802974,1478,727,840
frl_apartment_5,seq_0005,33,random,3,23,32768,0.522796630859375,0.600006103515625,0.6579300682972389,0.5365479311888469,1.9499999999999997,48.79060115358797,5959,0.5858365497566705,1265,609,594
frl_apartment_5,seq_0005,33,random,4,26,32768,0.737762451171875,0.61053466796875,0.5698862461220269,0.7248923542418247,0.45000000000000023,15.616830834129738,3794,0.6091196626251977,832,315,336
frl_apartment_5,seq_0005,33,random,5,11,32768,0.8465576171875,0.620849609375,0.6007930785868781,0.7315035799522673,0.15000000000000002,5.033599635329163,3471,0.6606165370210314,661,266,251
frl_apartment_5,seq_0005,33,random,6,4,32768,0.831146240234375,0.627960205078125,0.628602900679273,0.6247966744984638,0.2999999999999999,10.175070232401378,3773,0.5815001325205407,996,276,307
frl_apartment_5,seq_0005,33,random,7,30,32768,0.737945556640625,0.64227294921875,0.7218890864728505,0.41807383253755676,0.6000000000000001,24.39803337877643,3093,0.42870999030067897,1089,418,260
frl_apartment_5,seq_0005,33,random,8,25,32768,0.886962890625,0.606353759765625,0.5991948802642444,0.6625269978401728,0.1499999999999998,5.201163286811496,2238,0.5259159964253798,599,244,218
frl_apartment_5,seq_0005,33,random,9,32,32768,0.86956787109375,0.689117431640625,0.7133431599635011,0.527608797379504,0.2999999999999996,13.6001878001946,2331,0.3715143715143715,644,511,310
frl_apartment_5,seq_0005,33,random,10,18,32768,0.9124755859375,0.592071533203125,0.5961204013377926,0.549860529986053,0.7499999999999999,23.848903771538257,2520,0.5257936507936508,761,234,200
frl_apartment_5,seq_0005,33,random,11,6,32768,0.874755859375,0.58953857421875,0.5960089310633547,0.5443469785575049,0.2999999999999999,9.900104694618387,2856,0.5136554621848739,909,235,245
frl_apartment_5,seq_0005,33,random,12,19,32768,0.947662353515625,0.5914306640625,0.5963997037323286,0.5014577259475219,0.15000000000000022,5.039503123906851,1615,0.49907120743034056,487,168,154
frl_apartment_5,seq_0005,33,random,13,27,32768,0.953338623046875,0.629547119140625,0.6351035564518711,0.5160235448005233,0.1499999999999998,5.455563365608157,1329,0.4642588412340105,390,161,161
frl_apartment_5,seq_0005,33,random,14,3,32768,0.896820068359375,0.613250732421875,0.637730969476299,0.4004732327713694,0.14999999999999988,5.128084695631645,2609,0.3648907627443465,1137,334,186
frl_apartment_5,seq_0005,33,random,15,0,32733,0.8785323679467204,0.6650475055754131,0.6640817887818619,0.6720321931589537,0.30000000000000004,10.597610473643464,2059,0.4900437105390966,516,332,202
frl_apartment_5,seq_0005,33,random,16,8,32768,0.944305419921875,0.61962890625,0.6238244514106583,0.5484931506849315,0.30000000000000004,9.947553801190788,1702,0.5440658049353702,441,148,187
frl_apartment_5,seq_0005,33,random,17,16,32768,0.936492919921875,0.578948974609375,0.587056408251051,0.4593945218644882,0.30000000000000004,10.027893932297276,1812,0.4392935982339956,637,210,169
frl_apartment_5,seq_0005,33,random,18,20,32768,0.943084716796875,0.59808349609375,0.601397922531793,0.5431635388739946,0.1499999999999998,5.00930936472809,1476,0.47899728997289975,375,194,200
frl_apartment_5,seq_0005,33,random,19,12,32768,0.95037841796875,0.594696044921875,0.6015991265814655,0.46248462484624847,0.1499999999999998,5.033329972830762,1451,0.43694004135079256,468,189,160
frl_apartment_5,seq_0005,33,random,20,21,32768,0.963104248046875,0.591522216796875,0.5978960043093887,0.4251447477253929,0.15000000000000022,5.03917987106445,1149,0.4255874673629243,379,149,132
frl_apartment_5,seq_0005,33,random,21,13,32768,0.96551513671875,0.601898193359375,0.606233010936216,0.48053097345132745,0.15000000000000022,5.023514598610828,1087,0.47470101195952163,289,140,142
frl_apartment_5,seq_0005,33,random,22,7,32768,0.96051025390625,0.624420166015625,0.630552201817373,0.4752704791344668,0.1499999999999998,5.033599635329156,1204,0.4659468438538206,304,155,184
frl_apartment_5,seq_0005,33,random,23,5,32768,0.955535888671875,0.597198486328125,0.6101370125514994,0.3191489361702128,0.14999999999999988,5.07291104775499,1288,0.30978260869565216,476,224,189
frl_apartment_5,seq_0005,33,random,24,17,32768,0.966583251953125,0.58154296875,0.5862090739746787,0.4465753424657534,0.1499999999999998,5.068650372449297,974,0.4004106776180698,325,134,125
frl_apartment_5,seq_0005,33,random,25,14,32768,0.95556640625,0.580230712890625,0.5862289218191109,0.45123626373626374,0.15000000000000022,5.052639364564795,1269,0.4657210401891253,446,113,119
frl_apartment_5,seq_0005,33,random,26,28,32768,0.91748046875,0.606475830078125,0.6103978179882916,0.5628698224852071,0.15000000000000066,5.8582185141773495,1249,0.3755004003202562,463,185,132
frl_apartment_5,seq_0005,33,random,27,22,32768,0.967529296875,0.602081298828125,0.6054756497602826,0.5009398496240601,0.1499999999999998,5.0235832372803415,911,0.44017563117453345,271,131,108
frl_apartment_5,seq_0005,33,random,28,9,32768,0.969635009765625,0.621612548828125,0.6279230793440972,0.4201005025125628,0.15000000000000002,4.982719931116059,940,0.4,320,120,124
frl_apartment_5,seq_0005,33,random,29,29,32768,0.93060302734375,0.62152099609375,0.6230733914868499,0.6007036059806509,0.1499999999999989,6.204331453593141,1308,0.38073394495412843,492,207,111
frl_apartment_5,seq_0005,33,random,30,24,32768,0.982421875,0.605865478515625,0.6095613817097415,0.3993055555555556,0.1499999999999998,5.058211153347107,556,0.39388489208633093,170,90,77
frl_apartment_5,seq_0005,33,random,31,1,32756,0.9094822322627916,0.6470570277201123,0.6496257258903696,0.621247892074199,0.15000000000000002,5.259621570152942,1676,0.4236276849642005,415,341,210
frl_apartment_5,seq_0005,33,random,32,15,32768,0.976043701171875,0.60723876953125,0.6113560328924741,0.4394904458598726,0.1499999999999998,5.043907212310206,751,0.4367509986684421,236,92,95
frl_apartment_5,seq_0005,33,random,33,31,32768,0.916351318359375,0.65887451171875,0.6567755686548773,0.6818679314118935,0.1499999999999998,6.300965483058339,1311,0.37986270022883295,435,166,212
frl_apartment_5,seq_0005,33,sequential,1,0,32733,0.0,0.6650475055754131,,0.6650475055754131,,,7805,0.70416399743754,1168,691,450
frl_apartment_5,seq_0005,33,sequential,2,1,32756,0.7405971425082427,0.6470570277201123,0.6070324415680778,0.7613275273625986,0.15000000000000002,5.259621570152942,4515,0.6363233665559247,873,425,344
frl_apartment_5,seq_0005,33,sequential,3,2,32747,0.8402907136531591,0.6453415580053135,0.6464004070211142,0.6397705544933079,0.15000000000000002,5.158087650591938,3516,0.5659840728100114,672,422,432
frl_apartment_5,seq_0005,33,sequential,4,3,32768,0.726165771484375,0.613250732421875,0.6129859214120613,0.6139529700211747,0.14999999999999988,5.128084695631645,4975,0.5097487437185929,1597,501,341
frl_apartment_5,seq_0005,33,sequential,5,4,32768,0.8099365234375,0.627960205078125,0.620723436322532,0.6587989723827874,0.15000000000000002,5.127965456332772,4173,0.6110711718188354,999,299,325
frl_apartment_5,seq_0005,33,sequential,6,5,32768,0.794464111328125,0.597198486328125,0.6219413820919603,0.5015590200445434,0.14999999999999988,5.07291104775499,4320,0.4986111111111111,1378,421,367
frl_apartment_5,seq_0005,33,sequential,7,6,32768,0.804229736328125,0.58953857421875,0.6227374492467651,0.45315666406858923,0.15000000000000002,4.987277055386225,3979,0.5292787132445338,1036,388,449
frl_apartment_5,seq_0005,33,sequential,8,7,32768,0.904388427734375,0.624420166015625,0.6218322928969124,0.6488988190233004,0.15000000000000022,5.033599635329169,2739,0.6359985396129975,478,217,302
frl_apartment_5,seq_0005,33,sequential,9,8,32768,0.8812255859375,0.61962890625,0.6151475273583599,0.6528776978417267,0.1499999999999998,5.011542126187044,3044,0.623850197109067,664,204,277
frl_apartment_5,seq_0005,33,sequential,10,9,32768,0.913177490234375,0.621612548828125,0.6284463456204258,0.5497363796133568,0.15000000000000002,4.982719931116059,2600,0.5453846153846154,642,243,297
frl_apartment_5,seq_0005,33,sequential,11,10,32768,0.912811279296875,0.61480712890625,0.6180669318979639,0.5806790339516976,0.15000000000000002,4.987277055386225,2356,0.5594227504244482,518,243,277
frl_apartment_5,seq_0005,33,sequential,12,11,32768,0.909820556640625,0.620849609375,0.6132559621641566,0.6974619289340102,0.15000000000000002,5.033599635329163,2076,0.605009633911368,463,172,185
frl_apartment_5,seq_0005,33,sequential,13,12,32768,0.91217041015625,0.594696044921875,0.6024088323854132,0.514593467685893,0.1499999999999998,5.033329972830762,2471,0.4941319303925536,726,275,249
frl_apartment_5,seq_0005,33,sequential,14,13,32768,0.931884765625,0.601898193359375,0.6026984542834687,0.5909498207885304,0.15000000000000022,5.023514598610828,1938,0.5531475748194015,471,202,193
frl_apartment_5,seq_0005,33,sequential,15,14,32768,0.905487060546875,0.580230712890625,0.5824205453136059,0.5592508879560866,0.15000000000000022,5.052639364564795,2331,0.5186615186615187,773,170,179
frl_apartment_5,seq_0005,33,sequential,16,15,32768,0.940765380859375,0.60723876953125,0.6117040256917637,0.5363214837712519,0.1499999999999998,5.043907212310206,1612,0.48759305210918114,435,195,196
frl_apartment_5,seq_0005,33,sequential,17,16,32768,0.93115234375,0.578948974609375,0.5876048767697954,0.46187943262411346,0.1499999999999998,5.052639364564782,2030,0.4576354679802956,705,217,179
frl_apartment_5,seq_0005,33,sequential,18,17,32768,0.921630859375,0.58154296875,0.5844701986754967,0.5471183800623053,0.1499999999999998,5.068650372449297,1944,0.4881687242798354,654,193,148
frl_apartment_5,seq_0005,33,sequential,19,18,32768,0.960174560546875,0.592071533203125,0.5995296062041128,0.41226053639846744,0.15000000000000022,5.052639364564795,1197,0.3893065998329156,373,186,172
frl_apartment_5,seq_0005,33,sequential,20,19,32768,0.96282958984375,0.5914306640625,0.5969889064976228,0.44745484400656815,0.15000000000000022,5.039503123906851,1150,0.44173913043478263,313,170,159
frl_apartment_5,seq_0005,33,sequential,21,20,32768,0.94122314453125,0.59808349609375,0.6057972894105441,0.4745586708203531,0.1499999999999998,5.00930936472809,1440,0.42083333333333334,353,227,254
frl_apartment_5,seq_0005,33,sequential,22,21,32768,0.95904541015625,0.591522216796875,0.5989626423980143,0.4172876304023845,0.15000000000000022,5.03917987106445,1244,0.4284565916398714,363,187,161
frl_apartment_5,seq_0005,33,sequential,23,22,32768,0.948272705078125,0.602081298828125,0.6048659608019824,0.5510324483775811,0.1499999999999998,5.0235832372803415,1323,0.47619047619047616,343,184,166
frl_apartment_5,seq_0005,33,sequential,24,23,32768,0.9595947265625,0.600006103515625,0.6068884365856761,0.43655589123867067,0.1499999999999998,5.019945010579539,1225,0.43020408163265306,331,180,187
frl_apartment_5,seq_0005,33,sequential,25,24,32768,0.972259521484375,0.605865478515625,0.6111930694623183,0.41914191419141916,0.1499999999999998,5.058211153347107,841,0.4126040428061831,254,120,120
frl_apartment_5,seq_0005,33,sequential,26,25,32768,0.958984375,0.606353759765625,0.614721232179226,0.4107142857142857,0.15000000000000066,5.201163286811526,1251,0.4044764188649081,442,179,124
frl_apartment_5,seq_0005,33,sequential,27,26,32768,0.9710693359375,0.61053466796875,0.6168761785040855,0.39767932489451474,0.1499999999999998,5.32310270105833,840,0.38095238095238093,272,125,123
frl_apartment_5,seq_0005,33,sequential,28,27,32768,0.962310791015625,0.629547119140625,0.6341293248343006,0.5125506072874494,0.1499999999999998,5.455563365608157,945,0.44232804232804235,262,140,125
frl_apartment_5,seq_0005,33,sequential,29,28,32768,0.90533447265625,0.606475830078125,0.6086765994741455,0.5854287556415216,0.15000000000000066,5.8582185141773495,1343,0.4028294862248697,455,203,144
frl_apartment_5,seq_0005,33,sequential,30,29,32768,0.910186767578125,0.62152099609375,0.6284325230511316,0.5514780835881753,0.1499999999999989,6.204331453593141,1484,0.3995956873315364,537,233,121
frl_apartment_5,seq_0005,33,sequential,31,30,32768,0.9429931640625,0.64227294921875,0.6655016181229774,0.2580299785867238,0.15000000000000066,6.469402573997574,1332,0.2897897897897898,541,278,127
frl_apartment_5,seq_0005,33,sequential,32,31,32768,0.908477783203125,0.65887451171875,0.6551782055158051,0.695565188396132,0.1499999999999998,6.300965483058339,1386,0.38672438672438675,441,177,232
frl_apartment_5,seq_0005,33,sequential,33,32,32768,0.940948486328125,0.689117431640625,0.7125806765478546,0.3152454780361757,0.1499999999999998,6.897242526062165,1469,0.2614023144996596,435,442,208
frl_apartment_5,seq_0013,16,spread,1,0,32768,0.0,0.550811767578125,,0.550811767578125,,,9627,0.4677469616703023,2272,1460,1392
frl_apartment_5,seq_0013,16,spread,2,15,32768,0.131744384765625,0.487274169921875,0.9094278434097753,0.42321886752662474,2.260215809937197,52.94754304114403,9509,0.3916289830686718,2579,1572,1634
frl_apartment_5,seq_0013,16,spread,3,7,32768,0.470733642578125,0.48046875,0.5953970826580227,0.37825059101654845,1.0678640472410603,29.634350550158373,7876,0.36363636363636365,1972,1773,1267
frl_apartment_5,seq_0013,16,spread,4,11,32768,0.70062255859375,0.495697021484375,0.48270755292272843,0.5260958205912334,0.6000000000000001,18.62692210994609,5846,0.39907629148135476,1820,1158,535
frl_apartment_5,seq_0013,16,spread,5,3,32768,0.61181640625,0.491668701171875,0.471817637669593,0.5229559748427673,0.46437661056490037,14.86816708829865,5816,0.37465612104539203,1521,977,1139
frl_apartment_5,seq_0013,16,spread,6,5,32768,0.7374267578125,0.429595947265625,0.4714865088561496,0.31194793119479314,0.30062993998065923,9.652519114851195,4560,0.2618421052631579,1457,1122,787
frl_apartment_5,seq_0013,16,spread,7,9,32768,0.79376220703125,0.442626953125,0.4853902345251826,0.2780408404853507,0.29999999999999993,9.09160313730416,5023,0.24387816046187538,1516,1255,1027
frl_apartment_5,seq_0013,16,spread,8,13,32768,0.830718994140625,0.497955322265625,0.50769626391389,0.45015323598341445,0.29999999999999977,9.71646444262082,3864,0.37318840579710144,1280,785,357
frl_apartment_5,seq_0013,16,spread,9,1,32768,0.864593505859375,0.54998779296875,0.580247785111715,0.3567725940951093,0.16109155148418836,5.424097896381377,3193,0.30347635452552457,928,598,698
frl_apartment_5,seq_0013,16,spread,10,6,32768,0.847930908203125,0.42999267578125,0.47370883570271727,0.1862331928557094,0.1526372894821833,4.857461783414597,3831,0.17645523362046464,844,1018,1293
frl_apartment_5,seq_0013,16,spread,11,2,32768,0.9122314453125,0.545379638671875,0.5669075337883046,0.3216272600834492,0.15031497384690912,4.976836031025544,2395,0.28058455114822545,695,515,513
frl_apartment_5,seq_0013,16,spread,12,4,32768,0.867889404296875,0.4464111328125,0.4853546186574774,0.19057519057519057,0.15031496613377365,4.877113764737973,2840,0.17676056338028168,823,936,579
frl_apartment_5,seq_0013,16,spread,13,8,32768,0.888214111328125,0.485076904296875,0.5056175914791273,0.32186732186732187,0.15000000000000005,4.655583514876603,2868,0.22698744769874477,879,810,528
frl_apartment_5,seq_0013,16,spread,14,10,32768,0.903717041015625,0.480255126953125,0.5032924729004153,0.2640253565768621,0.14999999999999988,4.682847859124823,2754,0.26143790849673204,770,631,633
frl_apartment_5,seq_0013,16,spread,15,12,32768,0.894439697265625,0.499176025390625,0.5125729298167798,0.3856605955478462,0.1499999999999997,4.871035734081734,2712,0.34328908554572274,945,544,292
frl_apartment_5,seq_0013,16,spread,16,14,32768,0.8770751953125,0.503021240234375,0.5200069589422408,0.38182720953326715,0.14999999999999947,5.010688330731629,2978,0.3327736736064473,1034,704,249
frl_apartment_5,seq_0013,16,random,1,2,32768,0.0,0.545379638671875,,0.545379638671875,,,9990,0.5052052052052052,2114,1368,1461
frl_apartment_5,seq_0013,16,random,2,11,32768,0.243865966796875,0.495697021484375,0.8181704417469653,0.3916939096742947,1.354451636348205,37.26701989071739,9334,0.40968502249839295,2443,1598,1469
frl_apartment_5,seq_0013,16,random,3,3,32768,0.67034912109375,0.491668701171875,0.49253391605208047,0.4899092760599889,0.15031497384690912,4.911658877495687,5651,0.38081755441514775,1754,936,809
frl_apartment_5,seq_0013,16,random,4,10,32768,0.73291015625,0.480255126953125,0.5217355096602265,0.3664305301645338,0.15000000000000005,4.682847859124827,5974,0.3210579176431202,1739,1183,1134
frl_apartment_5,seq_0013,16,random,5,0,32768,0.56689453125,0.550811767578125,0.6204242032730405,0.459695603156708,0.31782072582675414,10.833400252214268,5616,0.34455128205128205,1409,1090,1182
frl_apartment_5,seq_0013,16,random,6,4,32768,0.805267333984375,0.4464111328125,0.4906582786978436,0.26343833254975707,0.15031496613377365,4.877113764737973,4040,0.22277227722772278,1220,1196,724
frl_apartment_5,seq_0013,16,random,7,7,32768,0.77496337890625,0.48046875,0.5144916121918564,0.3633034987794955,0.45045061455023017,13.49378132592986,4803,0.2681657297522382,1315,1301,899
frl_apartment_5,seq_0013,16,random,8,5,32768,0.816009521484375,0.429595947265625,0.4700624555892143,0.2501243987394261,0.15031497384690912,4.860748102117167,3484,0.22388059701492538,1103,912,689
frl_apartment_5,seq_0013,16,random,9,14,32768,0.75091552734375,0.503021240234375,0.5247500609607413,0.43751531487380546,0.4500000000000006,14.736705271910706,5325,0.37408450704225354,1853,1018,462
frl_apartment_5,seq_0013,16,random,10,12,32768,0.85052490234375,0.499176025390625,0.5176533907427341,0.3940383830134749,0.1499999999999997,4.871035734081734,3597,0.33583541840422576,1310,679,400
frl_apartment_5,seq_0013,16,random,11,6,32768,0.847930908203125,0.42999267578125,0.4792513946373943,0.15532811559301626,0.1526372894821833,4.857461783414597,3688,0.16024945770065077,736,1073,1288
frl_apartment_5,seq_0013,16,random,12,9,32768,0.870452880859375,0.442626953125,0.4702170178452477,0.25724381625441695,0.14999999999999988,4.5745970207205975,3565,0.24319775596072932,1022,905,771
frl_apartment_5,seq_0013,16,random,13,13,32768,0.884979248046875,0.497955322265625,0.5055691575571571,0.4393738392146458,0.15000000000000024,4.893413951223396,2764,0.3578147612156295,879,616,280
frl_apartment_5,seq_0013,16,random,14,8,32768,0.894256591796875,0.485076904296875,0.5060915264648671,0.30735930735930733,0.15000000000000005,4.655583514876603,2707,0.2101957886959734,829,801,508
frl_apartment_5,seq_0013,16,random,15,1,32768,0.911590576171875,0.54998779296875,0.5741019718121255,0.30134622022782187,0.15695002080357298,5.285448920264363,2233,0.27138378862516793,606,448,573
frl_apartment_5,seq_0013,16,random,16,15,32768,0.856536865234375,0.487274169921875,0.49834325008016533,0.4211869814932993,0.14999999999999947,5.023514598610802,2921,0.33995207120849025,942,694,292
frl_apartment_5,seq_0013,16,sequential,1,0,32768,0.0,0.550811767578125,,0.550811767578125,,,9627,0.4677469616703023,2272,1460,1392
frl_apartment_5,seq_0013,16,sequential,2,1,32768,0.601226806640625,0.54998779296875,0.5511395360641592,0.5482513201193847,0.16109155148418836,5.424097896381377,6227,0.4555965954713345,1576,867,947
frl_apartment_5,seq_0013,16,sequential,3,2,32768,0.6962890625,0.545379638671875,0.6010255960729313,0.4178054662379421,0.15695002080357298,5.195341351346594,5249,0.3743570203848352,1284,923,1077
frl_apartment_5,seq_0013,16,sequential,4,3,32768,0.723052978515625,0.491668701171875,0.5058034018486472,0.4547658402203857,0.15031497384690912,4.911658877495687,4852,0.3551112943116241,1363,945,821
frl_apartment_5,seq_0013,16,sequential,5,4,32768,0.782684326171875,0.4464111328125,0.49791398604125237,0.260918410335627,0.15031496613377365,4.877113764737973,4271,0.22804963708733317,1292,1261,744
frl_apartment_5,seq_0013,16,sequential,6,5,32768,0.746124267578125,0.429595947265625,0.47871078571720727,0.285250631085467,0.15031497384690912,4.860748102117167,4574,0.25623087013554874,1447,1113,842
frl_apartment_5,seq_0013,16,sequential,7,6,32768,0.764617919921875,0.42999267578125,0.49642785871083617,0.2141838454557241,0.1526372894821833,4.857461783414597,4975,0.2050251256281407,1000,1246,1709
frl_apartment_5,seq_0013,16,sequential,8,7,32768,0.6490478515625,0.48046875,0.5877844649238292,0.282,0.1534070036089678,4.671997788695623,5396,0.28169014084507044,1338,1410,1128
frl_apartment_5,seq_0013,16,sequential,9,8,32768,0.78985595703125,0.485076904296875,0.513252453442547,0.37917513796108043,0.1513464771597946,4.697188255046429,4383,0.2749258498745152,1367,1032,779
frl_apartment_5,seq_0013,16,sequential,10,9,32768,0.7989501953125,0.442626953125,0.47983193277310926,0.2947783849423194,0.15000000000000005,4.574597020720602,4921,0.261938630359683,1471,1119,1042
frl_apartment_5,seq_0013,16,sequential,11,10,32768,0.864471435546875,0.480255126953125,0.5033360398206658,0.33303310065300606,0.14999999999999988,4.682847859124823,3609,0.3056248268218343,933,785,788
frl_apartment_5,seq_0013,16,sequential,12,11,32768,0.816375732421875,0.495697021484375,0.4957197861762177,0.4955958118663786,0.15000000000000005,4.816655147165042,4088,0.3801369863013699,1322,830,382
frl_apartment_5,seq_0013,16,sequential,13,12,32768,0.842681884765625,0.499176025390625,0.514902401042987,0.41493695441319106,0.1499999999999997,4.871035734081734,3743,0.3625434143734972,1309,689,388
frl_apartment_5,seq_0013,16,sequential,14,13,32768,0.868988037109375,0.497955322265625,0.5139947322212467,0.39156766829722806,0.15000000000000066,4.89341395122341,3224,0.34584367245657566,1094,699,316
frl_apartment_5,seq_0013,16,sequential,15,14,32768,0.83355712890625,0.503021240234375,0.5169144028703229,0.43344334433443343,0.15000000000000024,5.0106883307316545,3632,0.3639867841409692,1268,754,288
frl_apartment_5,seq_0013,16,sequential,16,15,32768,0.856536865234375,0.487274169921875,0.49834325008016533,0.4211869814932993,0.14999999999999947,5.023514598610802,2921,0.33995207120849025,942,694,292
office_4,seq_0002,16,spread,1,0,32768,0.0,0.88409423828125,,0.88409423828125,,,10266,0.7582310539645432,2103,379,0
office_4,seq_0002,16,spread,2,15,32768,0.350860595703125,0.846710205078125,0.9732104027137514,0.7783367025527714,2.2553886706804542,63.32323264780969,5747,0.5089611971463373,2024,788,10
office_4,seq_0002,16,spread,3,8,32768,0.568634033203125,0.900665283203125,0.9898030376214244,0.7831623629288998,1.061498024413492,31.989651255260476,5913,0.6201589717571453,1739,507,0
office_4,seq_0002,16,spread,4,4,32768,0.76751708984375,0.896942138671875,0.9644135188866799,0.6741927014964557,0.6000000000000001,17.908256033247156,4369,0.5186541542687114,1097,966,40
office_4,seq_0002,16,spread,5,12,32768,0.82794189453125,0.91302490234375,0.9831551787688906,0.5755587087619723,0.47621219622532474,17.49303632993904,3457,0.4984090251663292,1079,648,7
office_4,seq_0002,16,spread,6,6,32768,0.855072021484375,0.861419677734375,0.9496770048895392,0.34070330595914927,0.2999999999999999,9.588774686020713,3080,0.3246753246753247,861,917,302
office_4,seq_0002,16,spread,7,2,32768,0.9024658203125,0.891265869140625,0.9387934532666036,0.45150187734668334,0.2999999999999998,9.196745771233747,2654,0.4284099472494348,1238,279,0
office_4,seq_0002,16,spread,8,10,32768,0.900909423828125,0.902984619140625,0.9376037397107144,0.5882352941176471,0.2999999999999998,10.175303129129091,2073,0.4741919922817173,873,199,18
office_4,seq_0002,16,spread,9,14,32768,0.89990234375,0.90948486328125,0.9566603364080304,0.4853658536585366,0.168737689812405,7.99730347997838,2351,0.4768183751595066,740,484,6
office_4,seq_0002,16,spread,10,3,32768,0.9468994140625,0.901153564453125,0.9273237076189248,0.43448275862068964,0.1500000000000001,4.582724649391971,1451,0.4259131633356306,585,248,0
office_4,seq_0002,16,spread,11,7,32768,0.948516845703125,0.888275146484375,0.9208197934429394,0.2886781268524007,0.1500000000000001,4.9259748084815325,1360,0.2529411764705882,435,407,174
office_4,seq_0002,16,spread,12,1,32768,0.917572021484375,0.86767578125,0.8980609971064623,0.5294335431321733,0.14999999999999988,4.734696022610062,2055,0.4968369829683698,967,67,0
office_4,seq_0002,16,spread,13,5,32768,0.957244873046875,0.88055419921875,0.9013613032805178,0.4147037830121342,0.14999999999999972,4.635973411721456,1068,0.40823970037453183,426,206,0
office_4,seq_0002,16,spread,14,11,32768,0.937652587890625,0.919464111328125,0.9540439381611066,0.39941262848751835,0.14999999999999972,5.2946870257899,1725,0.40057971014492755,901,133,0
office_4,seq_0002,16,spread,15,13,32768,0.932464599609375,0.9271240234375,0.9561773850433645,0.5259828287392679,0.14999999999999972,6.151917401359287,1903,0.5023646873357857,562,384,1
office_4,seq_0002,16,spread,16,9,32768,0.95416259765625,0.8997802734375,0.9251903025650867,0.37083888149134486,0.14999999999999966,5.072911047754982,1198,0.32303839732888145,500,242,69
office_4,seq_0002,16,random,1,2,32768,0.0,0.891265869140625,,0.891265869140625,,,10172,0.7296500196618168,2168,582,0
office_4,seq_0002,16,random,2,11,32768,0.518463134765625,0.919464111328125,0.9801636352934252,0.8541098928956208,1.35,39.83023586187388,5615,0.661620658949243,1637,263,0
office_4,seq_0002,16,random,3,3,32768,0.841339111328125,0.901153564453125,0.9564003046900504,0.608193883439123,0.15000000000000016,4.582724649391973,3654,0.5467980295566502,1157,499,0
office_4,seq_0002,16,random,4,10,32768,0.83251953125,0.902984619140625,0.9650659824046921,0.5943877551020408,0.14999999999999972,5.12808469563164,2921,0.4762067785005135,1230,278,22
office_4,seq_0002,16,random,5,0,32768,0.84417724609375,0.88409423828125,0.9280601547248933,0.6459067763415589,0.2999999999999998,9.571461014109177,3474,0.6056419113413932,1157,213,0
office_4,seq_0002,16,random,6,4,32768,0.876983642578125,0.896942138671875,0.9505167554024428,0.5150086827090052,0.1500000000000001,4.618756692146349,2876,0.413769123783032,829,821,36
office_4,seq_0002,16,random,7,7,32768,0.92730712890625,0.888275146484375,0.931876522082538,0.3320738874895046,0.45,14.496951077583496,1818,0.2931793179317932,583,482,220
office_4,seq_0002,16,random,8,5,32768,0.92242431640625,0.88055419921875,0.913815920068815,0.485051140833989,0.15000000000000016,4.63597341172147,1628,0.4606879606879607,597,281,0
office_4,seq_0002,16,random,9,14,32768,0.826385498046875,0.90948486328125,0.9791351231581669,0.5779574617683249,0.45680127301553475,20.82369777174795,3272,0.4932762836185819,972,679,7
office_4,seq_0002,16,random,10,12,32768,0.892791748046875,0.91302490234375,0.971321141685182,0.42755479647025335,0.1500000000000001,5.669320265285582,2563,0.42333203277409287,1004,467,7
office_4,seq_0002,16,random,11,6,32768,0.906982421875,0.861419677734375,0.9261440107671601,0.23031496062992127,0.14999999999999972,4.828193821910342,2212,0.2513562386980108,616,786,254
office_4,seq_0002,16,random,12,9,32768,0.935882568359375,0.8997802734375,0.9341311507483614,0.39838172298905283,0.15000000000000016,5.072911047754998,1569,0.33779477374123645,714,256,69
office_4,seq_0002,16,random,13,13,32768,0.92059326171875,0.9271240234375,0.956706225551946,0.5841660261337432,0.14999999999999972,6.151917401359287,2083,0.5343254920787326,583,386,1
office_4,seq_0002,16,random,14,8,32768,0.94024658203125,0.900665283203125,0.9160986692632263,0.6578140960163432,0.14999999999999966,5.044119167715479,1270,0.5346456692913386,490,101,0
office_4,seq_0002,16,random,15,1,32768,0.91741943359375,0.86767578125,0.8962477546404098,0.5502586844050259,0.14999999999999988,4.734696022610062,1913,0.5284892838473602,851,51,0
office_4,seq_0002,16,random,16,15,32768,0.7347412109375,0.846710205078125,0.941020103007144,0.5854809019788311,0.168737689812405,8.469349771301996,3630,0.4002754820936639,1499,668,10
office_4,seq_0002,16,sequential,1,0,32768,0.0,0.88409423828125,,0.88409423828125,,,10266,0.7582310539645432,2103,379,0
office_4,seq_0002,16,sequential,2,1,32768,0.74200439453125,0.86767578125,0.9363329768857448,0.6702152827064112,0.14999999999999994,4.734696022610064,5429,0.6133726284766992,1948,151,0
office_4,seq_0002,16,sequential,3,2,32768,0.826751708984375,0.891265869140625,0.9484330589494666,0.6184604544653867,0.14999999999999988,4.628183355301642,3916,0.5194075587334014,1381,501,0
office_4,seq_0002,16,sequential,4,3,32768,0.8795166015625,0.901153564453125,0.9465995836224844,0.569402228976697,0.15000000000000016,4.582724649391973,2745,0.47832422586520945,945,487,0
office_4,seq_0002,16,sequential,5,4,32768,0.833099365234375,0.896942138671875,0.9572511813619546,0.5959041872371549,0.1500000000000001,4.618756692146349,3436,0.45547147846332947,960,871,40
office_4,seq_0002,16,sequential,6,5,32768,0.880828857421875,0.88055419921875,0.9371860166995808,0.4619718309859155,0.15000000000000016,4.63597341172147,2280,0.41228070175438597,948,392,0
office_4,seq_0002,16,sequential,7,6,32768,0.8934326171875,0.861419677734375,0.9353395272578221,0.24169530355097366,0.14999999999999972,4.828193821910342,2522,0.25614591593973035,707,867,302
office_4,seq_0002,16,sequential,8,7,32768,0.8787841796875,0.888275146484375,0.9175927212112793,0.675730110775428,0.1500000000000001,4.9259748084815325,1930,0.4606217616580311,489,378,174
office_4,seq_0002,16,sequential,9,8,32768,0.8536376953125,0.900665283203125,0.9243529243529244,0.762510425354462,0.15000000000000016,5.044119167715496,2258,0.6266607617360496,715,128,0
office_4,seq_0002,16,sequential,10,9,32768,0.9068603515625,0.8997802734375,0.929768474895679,0.6077981651376146,0.14999999999999966,5.072911047754982,1863,0.47396672034353193,660,251,69
office_4,seq_0002,16,sequential,11,10,32768,0.959930419921875,0.902984619140625,0.9187728501033222,0.5247524752475248,0.15000000000000016,5.128084695631655,1089,0.47107438016528924,425,133,18
office_4,seq_0002,16,sequential,12,11,32768,0.92333984375,0.919464111328125,0.9530671602326811,0.5147292993630573,0.14999999999999972,5.2946870257899,1847,0.44504602057390363,893,132,0
office_4,seq_0002,16,sequential,13,12,32768,0.878570556640625,0.91302490234375,0.9889541144187016,0.36365921085699926,0.1500000000000001,5.669320265285582,2883,0.37842525147415884,1171,614,7
office_4,seq_0002,16,sequential,14,13,32768,0.91339111328125,0.9271240234375,0.9631807550952222,0.5468639887244539,0.14999999999999972,6.151917401359287,2274,0.5101143359718557,653,460,1
office_4,seq_0002,16,sequential,15,14,32768,0.877105712890625,0.90948486328125,0.9502105006784732,0.618822945120437,0.1693145092087885,8.024286286260475,2302,0.5412684622067767,606,444,6
office_4,seq_0002,16,sequential,16,15,32768,0.7347412109375,0.846710205078125,0.941020103007144,0.5854809019788311,0.168737689812405,8.469349771301996,3630,0.4002754820936639,1499,668,10
office_4,seq_0003,16,spread,1,0,32768,0.0,0.798065185546875,,0.798065185546875,,,8985,0.5984418475236505,2371,1191,46
office_4,seq_0003,16,spread,2,15,32768,0.13519287109375,0.921112060546875,0.9767494356659142,0.9124144258592702,2.2500000000000004,70.85932605651475,3741,0.5028067361668003,1307,548,5
office_4,seq_0003,16,spread,3,7,32768,0.617706298828125,0.828643798828125,0.95222568054938,0.6289614432825098,1.05,36.68577571529373,3982,0.49020592667001506,1524,501,5
office_4,seq_0003,16,spread,4,11,32768,0.638641357421875,0.890533447265625,0.9705165575572228,0.7491765898150494,0.6000000000000001,27.774763499249453,3220,0.45217391304347826,975,786,3
office_4,seq_0003,16,spread,5,3,32768,0.815948486328125,0.8160400390625,0.896173841493062,0.46078593931354667,0.4500000000000001,14.750286380224228,3066,0.3972602739726027,1032,747,69
office_4,seq_0003,16,spread,6,5,32768,0.853179931640625,0.82275390625,0.8728762027399221,0.5314903346497609,0.2999999999999996,10.499183308849354,2863,0.4449877750611247,1069,520,0
office_4,seq_0003,16,spread,7,9,32768,0.875946044921875,0.791107177734375,0.8522105703236595,0.3596555965559656,0.29999999999999943,13.494477935939205,2736,0.31761695906432746,1062,699,106
office_4,seq_0003,16,spread,8,13,32768,0.876922607421875,0.8887939453125,0.9404906907951975,0.5204562360525663,0.29999999999999943,15.76833098534073,2161,0.2882924571957427,810,723,5
office_4,seq_0003,16,spread,9,10,32768,0.908294677734375,0.86505126953125,0.9011860363538622,0.5071547420965058,0.15000000000000033,7.125559376943941,1918,0.4030239833159541,662,483,0
office_4,seq_0003,16,spread,10,2,32768,0.87481689453125,0.805877685546875,0.8636363636363636,0.4022428083861531,0.1500000000000001,4.934653037168656,2792,0.3327363896848137,978,631,254
office_4,seq_0003,16,spread,11,6,32768,0.933502197265625,0.8250732421875,0.8558959102945504,0.39238182652592934,0.1500000000000001,5.647524806051433,1760,0.36761363636363636,708,402,3
office_4,seq_0003,16,spread,12,14,32768,0.947662353515625,0.919464111328125,0.9557852703442502,0.2618075801749271,0.14999999999999994,8.729965841626,1457,0.2560054907343857,584,498,2
office_4,seq_0003,16,spread,13,1,32768,0.915008544921875,0.798187255859375,0.8343728112597139,0.40861759425493716,0.14999999999999972,4.913698790776727,2024,0.38389328063241107,658,423,166
office_4,seq_0003,16,spread,14,4,32768,0.892852783203125,0.81903076171875,0.8813617253990498,0.29962973511819996,0.14999999999999972,5.098135848029512,2232,0.24551971326164876,813,700,171
office_4,seq_0003,16,spread,15,8,32768,0.943878173828125,0.78753662109375,0.8179055255585373,0.2767808591625884,0.1499999999999995,6.4456802212344675,1411,0.30191353649893693,539,446,0
office_4,seq_0003,16,spread,16,12,32768,0.935638427734375,0.884185791015625,0.9310805962360156,0.2024656235182551,0.1499999999999995,7.8274730994943065,1661,0.19686935580975315,565,755,14
office_4,seq_0003,16,random,1,2,32768,0.0,0.805877685546875,,0.805877685546875,,,8811,0.6057201225740552,2301,916,257
office_4,seq_0003,16,random,2,11,32768,0.442657470703125,0.890533447265625,0.9959324370906584,0.8068225373706401,1.3500000000000003,49.84016413112219,4136,0.5118471953578336,1159,852,8
office_4,seq_0003,16,random,3,3,32768,0.74725341796875,0.8160400390625,0.9042309891366496,0.5553006520164212,0.1500000000000001,5.01549190891247,3867,0.4753038531161107,1193,767,69
office_4,seq_0003,16,random,4,10,32768,0.773651123046875,0.86505126953125,0.9496272336396986,0.5759741135229878,0.15000000000000033,7.125559376943941,3584,0.4458705357142857,1280,706,0
office_4,seq_0003,16,random,5,0,32768,0.8555908203125,0.798065185546875,0.8707019546297617,0.36770921386306,0.30000000000000004,9.772193408410054,3411,0.3438874230430959,1291,908,39
office_4,seq_0003,16,random,6,4,32768,0.821014404296875,0.81903076171875,0.8938408355945434,0.47587382779198634,0.14999999999999994,5.09813584802952,3058,0.3436886854153041,1074,754,179
office_4,seq_0003,16,random,7,7,32768,0.8221435546875,0.828643798828125,0.8614699331848552,0.676904598490048,0.44999999999999973,17.707337289567054,2314,0.39325842696629215,954,445,5
office_4,seq_0003,16,random,8,5,32768,0.908203125,0.82275390625,0.8620295698924731,0.4341755319148936,0.14999999999999972,5.294032688012533,2262,0.39036251105216624,888,491,0
office_4,seq_0003,16,random,9,14,32768,0.73406982421875,0.919464111328125,0.964953853828885,0.7938948817994033,0.4500000000000001,24.73412421315171,2327,0.37730984099699183,896,551,2
office_4,seq_0003,16,random,10,12,32768,0.91693115234375,0.884185791015625,0.9418891033748252,0.24724467303453343,0.1499999999999995,7.8274730994943065,2110,0.22227488151658767,749,878,14
office_4,seq_0003,16,random,11,6,32768,0.931671142578125,0.8250732421875,0.8583969340626945,0.37070120589548905,0.1500000000000001,5.647524806051433,1835,0.353133514986376,765,419,3
office_4,seq_0003,16,random,12,9,32768,0.933837890625,0.791107177734375,0.8261111111111111,0.29704797047970477,0.15000000000000033,6.842119012217484,1814,0.2965821389195149,695,475,106
office_4,seq_0003,16,random,13,13,32768,0.919342041015625,0.8887939453125,0.9476514522821576,0.21793416572077184,0.14999999999999994,8.036318597634537,1706,0.2104337631887456,660,682,5
office_4,seq_0003,16,random,14,8,32768,0.944244384765625,0.78753662109375,0.8166833651142497,0.2939244663382594,0.1499999999999995,6.4456802212344675,1423,0.31763879128601546,548,423,0
office_4,seq_0003,16,random,15,1,32768,0.919219970703125,0.798187255859375,0.8332060688556157,0.39969777106157917,0.14999999999999972,4.913698790776727,1901,0.36717517096265123,623,422,158
office_4,seq_0003,16,random,16,15,32768,0.7607421875,0.921112060546875,0.9402278562259306,0.8603316326530612,0.14999999999999994,10.872987120140845,1450,0.35586206896551725,556,373,5
office_4,seq_0003,16,sequential,1,0,32768,0.0,0.798065185546875,,0.798065185546875,,,8985,0.5984418475236505,2371,1191,46
office_4,seq_0003,16,sequential,2,1,32768,0.783599853515625,0.798187255859375,0.8705845698485025,0.5360315893385982,0.14999999999999972,4.913698790776727,4284,0.5081699346405228,1304,624,179
office_4,seq_0003,16,sequential,3,2,32768,0.843780517578125,0.805877685546875,0.8731599696191544,0.44246923227192814,0.15000000000000033,4.934653037168664,3535,0.3835926449787836,1215,723,241
office_4,seq_0003,16,sequential,4,3,32768,0.822235107421875,0.8160400390625,0.8830494005864232,0.5060944206008584,0.1500000000000001,5.01549190891247,2896,0.42714088397790057,920,670,69
office_4,seq_0003,16,sequential,5,4,32768,0.7830810546875,0.81903076171875,0.9038971161340608,0.5126617895329206,0.14999999999999994,5.09813584802952,3340,0.3718562874251497,1150,777,171
office_4,seq_0003,16,sequential,6,5,32768,0.796295166015625,0.82275390625,0.8911585482696509,0.5553558052434457,0.14999999999999972,5.294032688012533,2855,0.4711033274956217,1037,473,0
office_4,seq_0003,16,sequential,7,6,32768,0.883758544921875,0.8250732421875,0.8787250940985531,0.41716986085586766,0.1500000000000001,5.647524806051433,2330,0.38540772532188844,986,443,3
office_4,seq_0003,16,sequential,8,7,32768,0.882080078125,0.828643798828125,0.8615416551342375,0.5825569358178054,0.15000000000000033,6.074965851282886,2025,0.37037037037037035,845,425,5
office_4,seq_0003,16,sequential,9,8,32768,0.79241943359375,0.78753662109375,0.8836555495648155,0.42061158482799177,0.14999999999999994,6.445680221234487,2615,0.32581261950286805,1059,704,0
office_4,seq_0003,16,sequential,10,9,32768,0.854888916015625,0.791107177734375,0.8381108770927783,0.5141955835962145,0.1499999999999995,6.842119012217446,2294,0.3077593722755013,853,629,106
office_4,seq_0003,16,sequential,11,10,32768,0.847015380859375,0.86505126953125,0.894973878580436,0.6993816078196688,0.15000000000000033,7.125559376943941,2043,0.4645129711209006,662,432,0
office_4,seq_0003,16,sequential,12,11,32768,0.86676025390625,0.890533447265625,0.9161326667136117,0.7240036646816308,0.15000000000000033,7.500949391569475,1639,0.35326418547895055,518,539,3
office_4,seq_0003,16,sequential,13,12,32768,0.89556884765625,0.884185791015625,0.9409459551557282,0.39742840444184685,0.1499999999999995,7.8274730994943065,2168,0.2523062730627306,734,873,14
office_4,seq_0003,16,sequential,14,13,32768,0.83111572265625,0.8887939453125,0.9533671146361166,0.5710155402963498,0.14999999999999994,8.036318597634537,2078,0.2921077959576516,778,688,5
office_4,seq_0003,16,sequential,15,14,32768,0.936126708984375,0.919464111328125,0.9542624286878566,0.40946010511227904,0.15000000000000072,8.729965841626045,1472,0.27377717391304346,599,468,2
office_4,seq_0003,16,sequential,16,15,32768,0.7607421875,0.921112060546875,0.9402278562259306,0.8603316326530612,0.14999999999999994,10.872987120140845,1450,0.35586206896551725,556,373,5
office_4,seq_0004,18,spread,1,0,32768,0.0,0.87738037109375,,0.87738037109375,,,9190,0.7218715995647443,1628,816,112
office_4,seq_0004,18,spread,2,17,32768,0.318939208984375,0.777862548828125,0.9756961056358243,0.6852175471613569,2.55,64.70642480394973,5044,0.4688739095955591,1287,1184,208
office_4,seq_0004,18,spread,3,8,32768,0.7384033203125,0.914947509765625,0.9831790378574972,0.7223518432104526,1.2,37.318296722157754,4532,0.5635481023830539,1500,378,100
office_4,seq_0004,18,spread,4,12,32768,0.7318115234375,0.93292236328125,0.9823603002502085,0.7980200273099681,0.6000000000000001,23.29055003676899,3548,0.5673618940248027,1094,408,33
office_4,seq_0004,18,spread,5,4,32768,0.861785888671875,0.894622802734375,0.9526187187931584,0.533009494369618,0.6,19.68606578274373,3513,0.502419584400797,1157,493,98
office_4,seq_0004,18,spread,6,10,32768,0.896331787109375,0.930511474609375,0.9681999250961834,0.6046511627906976,0.30000000000000004,11.626538922475682,2520,0.5285714285714286,887,292,9
office_4,seq_0004,18,spread,7,14,32768,0.887786865234375,0.912322998046875,0.96851259839813,0.46777264073973346,0.30000000000000004,13.312932007195284,2407,0.37806398005816366,1021,404,72
office_4,seq_0004,18,spread,8,2,32768,0.90472412109375,0.892852783203125,0.9247453282061661,0.590006406149904,0.29999999999999993,10.067511719832792,2121,0.5030645921735031,573,418,63
office_4,seq_0004,18,spread,9,6,32768,0.923370361328125,0.905303955078125,0.9434180520210199,0.4460374352847471,0.29999999999999993,10.161794014307176,1776,0.36204954954954954,750,314,69
office_4,seq_0004,18,spread,10,1,32768,0.94561767578125,0.892669677734375,0.918285677402698,0.44725028058361394,0.15000000000000002,5.072911047754993,1496,0.3890374331550802,544,214,156
office_4,seq_0004,18,spread,11,5,32768,0.951385498046875,0.91131591796875,0.9403688853247795,0.3427495291902072,0.15000000000000002,5.112449324439609,1345,0.3033457249070632,447,392,98
office_4,seq_0004,18,spread,12,3,32768,0.962127685546875,0.896636962890625,0.9160719383385669,0.40290088638195004,0.1499999999999999,5.098427841037853,1064,0.38533834586466165,318,256,80
office_4,seq_0004,18,spread,13,7,32768,0.96746826171875,0.9129638671875,0.9328433537316257,0.32176360225140715,0.1499999999999999,5.277393449924603,928,0.2941810344827586,320,315,20
office_4,seq_0004,18,spread,14,9,32768,0.95391845703125,0.923858642578125,0.9535798835498113,0.3086092715231788,0.1499999999999999,5.570810043738234,1308,0.2882262996941896,666,263,2
office_4,seq_0004,18,spread,15,11,32768,0.969970703125,0.932403564453125,0.9484646362949912,0.4136178861788618,0.1499999999999999,6.0022092133934475,929,0.4025834230355221,434,118,3
office_4,seq_0004,18,spread,16,13,32768,0.941070556640625,0.926361083984375,0.9522975646139378,0.5121698601760746,0.1499999999999999,6.547157362257348,1516,0.4393139841688654,517,293,40
office_4,seq_0004,18,spread,17,15,32768,0.9312744140625,0.929962158203125,0.9480272643858959,0.6851687388987566,0.1499999999999999,7.10000313894983,1171,0.46199829205807,442,188,0
office_4,seq_0004,18,spread,18,16,32768,0.96258544921875,0.94757080078125,0.9634772684040327,0.5383360522022839,0.1499999999999999,7.228596531633784,1002,0.46706586826347307,316,218,0
office_4,seq_0004,18,random,1,2,32768,0.0,0.892852783203125,,0.892852783203125,,,9052,0.7250331418471057,1537,815,137
office_4,seq_0004,18,random,2,10,32768,0.5030517578125,0.930511474609375,0.9862290706139286,0.8741095553917956,1.2,39.45482785739628,5265,0.6776828110161444,1295,392,10
office_4,seq_0004,18,random,3,3,32768,0.849761962890625,0.896636962890625,0.9547135931046866,0.568149502335974,0.1499999999999999,5.098427841037853,3692,0.5257313109425785,1084,528,139
office_4,seq_0004,18,random,4,12,32768,0.869354248046875,0.93292236328125,0.9725839856776776,0.6690025694931091,0.30000000000000004,12.146818418872884,3001,0.554481839386871,946,367,24
office_4,seq_0004,18,random,5,0,32768,0.871337890625,0.87738037109375,0.922072008966097,0.5747153700189753,0.30000000000000004,10.027893932297276,2839,0.5096865093342726,744,556,92
office_4,seq_0004,18,random,6,4,32768,0.90277099609375,0.894622802734375,0.9425664255290379,0.4494664155681105,0.15000000000000002,5.111183606040129,2597,0.4366576819407008,1049,360,54
office_4,seq_0004,18,random,7,7,32768,0.926055908203125,0.9129638671875,0.9476684791563684,0.4783326454808089,0.4499999999999999,15.488465946346308,1875,0.4144,621,427,50
office_4,seq_0004,18,random,8,5,32768,0.938079833984375,0.91131591796875,0.9451511109665246,0.3987185805815673,0.15000000000000002,5.112449324439609,1537,0.3266102797657775,593,371,71
office_4,seq_0004,18,random,9,16,32768,0.773773193359375,0.94757080078125,0.9740090711891146,0.8571428571428571,0.5999999999999999,26.900772899832088,2110,0.6066350710900474,519,311,0
office_4,seq_0004,18,random,10,13,32768,0.90625,0.926361083984375,0.9639008620689655,0.5634765625,0.15000000000000013,6.547157362257358,2164,0.47597042513863214,713,350,71
office_4,seq_0004,18,random,11,14,32768,0.9310302734375,0.912322998046875,0.9529631572046676,0.363716814159292,0.1499999999999999,6.7475340026462725,1649,0.32140691328077625,767,308,44
office_4,seq_0004,18,random,12,11,32768,0.964202880859375,0.932403564453125,0.9503718942870707,0.4484228473998295,0.1499999999999999,6.0022092133934475,1109,0.43733092876465285,513,110,1
office_4,seq_0004,18,random,13,6,32768,0.95928955078125,0.905303955078125,0.9270216962524654,0.39355322338830584,0.15000000000000002,5.121168464662328,968,0.3243801652892562,422,186,46
office_4,seq_0004,18,random,14,9,32768,0.956512451171875,0.923858642578125,0.9522062342468813,0.3003508771929825,0.15000000000000013,5.570810043738242,1243,0.28962188254223653,629,252,2
office_4,seq_0004,18,random,15,17,32768,0.792205810546875,0.777862548828125,0.9187565006356178,0.2407108239095315,0.1499999999999999,7.095581062727335,3282,0.2638634978671542,1071,1139,206
office_4,seq_0004,18,random,16,8,32768,0.968841552734375,0.914947509765625,0.9339780136705831,0.3232125367286974,0.1499999999999999,5.443141785955638,951,0.3207150368033649,443,138,65
office_4,seq_0004,18,random,17,1,32768,0.95831298828125,0.892669677734375,0.9142411311381441,0.3967789165446559,0.15000000000000002,5.072911047754993,1153,0.3304423243712056,439,178,155
office_4,seq_0004,18,random,18,15,32768,0.95147705078125,0.929962158203125,0.9463082943100904,0.6094339622641509,0.1499999999999999,7.10000313894983,923,0.38028169014084506,394,178,0
office_4,seq_0004,18,sequential,1,0,32768,0.0,0.87738037109375,,0.87738037109375,,,9190,0.7218715995647443,1628,816,112
office_4,seq_0004,18,sequential,2,1,32768,0.809234619140625,0.892669677734375,0.942715993513595,0.6803711406175011,0.15000000000000002,5.072911047754993,4191,0.5993796230016702,1034,479,166
office_4,seq_0004,18,sequential,3,2,32768,0.880096435546875,0.892852783203125,0.9300599882104095,0.6197505726648002,0.15000000000000002,5.072911047754993,2983,0.5692256118002011,672,495,118
office_4,seq_0004,18,sequential,4,3,32768,0.887603759765625,0.896636962890625,0.9440261303077188,0.5224002172142276,0.1499999999999999,5.098427841037853,2922,0.4938398357289528,844,499,136
office_4,seq_0004,18,sequential,5,4,32768,0.87744140625,0.894622802734375,0.9440386755703951,0.5408366533864541,0.15000000000000002,5.111183606040129,3119,0.5072138505931388,1133,346,58
office_4,seq_0004,18,sequential,6,5,32768,0.899322509765625,0.91131591796875,0.9487257796328346,0.5771445892694756,0.15000000000000002,5.112449324439609,2226,0.46810422282120395,701,400,83
office_4,seq_0004,18,sequential,7,6,32768,0.9317626953125,0.905303955078125,0.9328245774924669,0.5295169946332737,0.15000000000000002,5.121168464662328,1522,0.44415243101182655,557,228,61
office_4,seq_0004,18,sequential,8,7,32768,0.942596435546875,0.9129638671875,0.9430504743095801,0.4189261031366295,0.15000000000000002,5.277393449924607,1516,0.37994722955145116,538,379,23
office_4,seq_0004,18,sequential,9,8,32768,0.923980712890625,0.914947509765625,0.9439508537833999,0.5624247290244881,0.1499999999999999,5.443141785955638,1839,0.478520935290919,722,174,63
office_4,seq_0004,18,sequential,10,9,32768,0.928741455078125,0.923858642578125,0.961784904544409,0.4295503211991435,0.1499999999999999,5.570810043738234,1842,0.3713355048859935,857,299,2
office_4,seq_0004,18,sequential,11,10,32768,0.903045654296875,0.930511474609375,0.9589740123686256,0.665407617248977,0.15000000000000013,5.873733541626452,2089,0.5476304451890857,685,250,10
office_4,seq_0004,18,sequential,12,11,32768,0.955413818359375,0.932403564453125,0.9515124413070559,0.5229295003422314,0.15000000000000013,6.002209213393456,1187,0.44566133108677336,520,135,3
office_4,seq_0004,18,sequential,13,12,32768,0.941619873046875,0.93292236328125,0.962826122184411,0.45060115002613693,0.1499999999999999,6.142424419507954,1751,0.4157624214734437,723,290,10
office_4,seq_0004,18,sequential,14,13,32768,0.904266357421875,0.926361083984375,0.9623029934865512,0.5868664328976729,0.15000000000000013,6.547157362257358,2045,0.47090464547677263,676,336,70
office_4,seq_0004,18,sequential,15,14,32768,0.938232421875,0.912322998046875,0.9497137652875358,0.34436758893280633,0.1499999999999999,6.7475340026462725,1505,0.3215946843853821,692,285,44
office_4,seq_0004,18,sequential,16,15,32768,0.927001953125,0.929962158203125,0.9486765867790361,0.6923076923076923,0.1499999999999999,7.10000313894983,1239,0.46973365617433416,451,206,0
office_4,seq_0004,18,sequential,17,16,32768,0.960601806640625,0.94757080078125,0.9640690027639228,0.5453137103020914,0.1499999999999999,7.228596531633784,1050,0.4714285714285714,320,235,0
office_4,seq_0004,18,sequential,18,17,32768,0.7962646484375,0.777862548828125,0.9166411160508968,0.23547034152186938,0.1499999999999999,7.095581062727335,3194,0.2579837194740138,1045,1119,206
office_4,seq_0006,16,spread,1,0,32768,0.0,0.8050537109375,,0.8050537109375,,,10409,0.6323374003266404,3184,641,2
office_4,seq_0006,16,spread,2,15,32768,0.15362548828125,0.83770751953125,0.9427890345649583,0.8186341674478979,2.25,58.22284951820468,6707,0.5017146265096168,2099,1177,66
office_4,seq_0006,16,spread,3,7,32768,0.68951416015625,0.835601806640625,0.9537045233247765,0.5733241596225673,1.0500000000000003,29.594707816767578,6095,0.5220672682526661,2093,820,0
office_4,seq_0006,16,spread,4,11,32768,0.7366943359375,0.82989501953125,0.9398094449047224,0.5223690310616597,0.5999999999999998,19.304434213388834,4717,0.4097943608225567,1774,959,51
office_4,seq_0006,16,spread,5,4,32768,0.806915283203125,0.85107421875,0.9100639158882039,0.604551920341394,0.45000000000000034,13.123527861158431,4229,0.5559233861432963,1135,558,185
office_4,seq_0006,16,spread,6,2,32768,0.850830078125,0.808746337890625,0.8671090387374462,0.4758592471358429,0.29999999999999993,8.988370506649634,3114,0.46852922286448295,1416,237,2
office_4,seq_0006,16,spread,7,13,32768,0.90557861328125,0.8524169921875,0.9014625598166746,0.3820297349709114,0.29999999999999993,10.161794014307176,2345,0.31897654584221746,916,630,51
office_4,seq_0006,16,spread,8,9,32768,0.86065673828125,0.871307373046875,0.9280547478902206,0.5208059570740254,0.2999999999999999,9.629296398279891,3163,0.4644325007903889,1157,532,5
office_4,seq_0006,16,spread,9,5,32768,0.92962646484375,0.845123291015625,0.8772569102488346,0.4206418039895924,0.1500000000000004,4.4818287309839,1549,0.44351194318915427,645,214,3
office_4,seq_0006,16,spread,10,1,32768,0.938812255859375,0.80517578125,0.8295679875174723,0.4309226932668329,0.14999999999999997,4.51726523970813,1251,0.4556354916067146,578,102,1
office_4,seq_0006,16,spread,11,3,32768,0.949554443359375,0.85137939453125,0.8681343403503133,0.5359951603145795,0.14999999999999997,4.434011194722245,1300,0.5338461538461539,442,161,3
office_4,seq_0006,16,spread,12,10,32768,0.9229736328125,0.811370849609375,0.8572940087290041,0.2610935023771791,0.14999999999999997,4.957800013705666,1789,0.24930128563443266,753,558,32
office_4,seq_0006,16,spread,13,6,32768,0.945709228515625,0.83685302734375,0.8569815095679112,0.48622821810005623,0.14999999999999952,4.447617330168746,1213,0.47238252267106345,507,133,0
office_4,seq_0006,16,spread,14,8,32768,0.936737060546875,0.827423095703125,0.863169897377423,0.2981186685962373,0.14999999999999952,4.816655147165026,1808,0.3075221238938053,873,370,9
office_4,seq_0006,16,spread,15,12,32768,0.879547119140625,0.798370361328125,0.8660698796016794,0.3040283759817583,0.14999999999999952,5.050426803386025,2393,0.24947764312578355,1027,710,59
office_4,seq_0006,16,spread,16,14,32768,0.929595947265625,0.848419189453125,0.8916975805127868,0.27698309492847856,0.14999999999999952,5.572855285478814,1776,0.22972972972972974,574,716,78
office_4,seq_0006,16,random,1,2,32768,0.0,0.808746337890625,,0.808746337890625,,,10384,0.6291409861325116,3268,580,3
office_4,seq_0006,16,random,2,11,32768,0.52935791015625,0.82989501953125,0.9838579499596449,0.6567241602904941,1.35,38.24285623154487,6785,0.5012527634487841,2198,1131,55
office_4,seq_0006,16,random,3,3,32768,0.80120849609375,0.85137939453125,0.9153652776719738,0.5934909425852011,0.14999999999999997,4.434011194722245,4606,0.5948762483716891,1426,435,5
office_4,seq_0006,16,random,4,10,32768,0.865020751953125,0.811370849609375,0.8813194566943023,0.3631019669907303,0.14999999999999997,4.957800013705666,3048,0.34776902887139105,1179,759,50
office_4,seq_0006,16,random,5,0,32768,0.786468505859375,0.8050537109375,0.862093050327888,0.5949692725453766,0.29999999999999993,8.842271281118999,4058,0.5584031542631839,1536,255,1
office_4,seq_0006,16,random,6,4,32768,0.85137939453125,0.85107421875,0.8998852964370205,0.5714579055441479,0.14999999999999997,4.443718564936327,3410,0.5234604105571847,918,522,185
office_4,seq_0006,16,random,7,7,32768,0.828216552734375,0.835601806640625,0.9161354508272228,0.4473263457097175,0.44999999999999984,13.680332866819555,3642,0.4233937397034596,1444,656,0
office_4,seq_0006,16,random,8,5,32768,0.923583984375,0.845123291015625,0.8713322759714512,0.5283546325878594,0.1500000000000004,4.4818287309839,1496,0.5006684491978609,602,144,1
office_4,seq_0006,16,random,9,14,32768,0.822998046875,0.848419189453125,0.9230198754078909,0.501551724137931,0.45000000000000034,16.31568651435863,3374,0.34291641967990516,1238,900,79
office_4,seq_0006,16,random,10,12,32768,0.839813232421875,0.798370361328125,0.8914931501871435,0.3101543151076396,0.14999999999999952,5.050426803386025,2929,0.24786616592693753,1271,870,62
office_4,seq_0006,16,random,11,6,32768,0.9326171875,0.83685302734375,0.8604712041884817,0.509963768115942,0.14999999999999952,4.447617330168746,1458,0.49382716049382713,598,140,0
office_4,seq_0006,16,random,12,9,32768,0.90765380859375,0.871307373046875,0.9156411808217336,0.4355584930601454,0.14999999999999997,4.848887122657176,2339,0.404018811457888,913,478,3
office_4,seq_0006,16,random,13,13,32768,0.9534912109375,0.8524169921875,0.8799769555754705,0.2874015748031496,0.1500000000000004,5.1211684646623405,1284,0.2523364485981308,410,501,49
office_4,seq_0006,16,random,14,8,32768,0.935028076171875,0.827423095703125,0.8635072946244982,0.30812588069516206,0.14999999999999952,4.816655147165026,1871,0.32068412613575625,889,373,9
office_4,seq_0006,16,random,15,1,32768,0.948822021484375,0.80517578125,0.8252870605641504,0.43231961836613,0.14999999999999997,4.51726523970813,1020,0.44607843137254904,472,92,1
office_4,seq_0006,16,random,16,15,32768,0.899139404296875,0.83770751953125,0.8945796422631775,0.33071104387291983,0.14999999999999952,6.142424419507938,2154,0.27808727948003714,839,673,43
office_4,seq_0006,16,sequential,1,0,32768,0.0,0.8050537109375,,0.8050537109375,,,10409,0.6323374003266404,3184,641,2
office_4,seq_0006,16,sequential,2,1,32768,0.75634765625,0.80517578125,0.8894851517107811,0.5434619238476954,0.14999999999999997,4.51726523970813,4640,0.5480603448275863,1791,305,1
office_4,seq_0006,16,sequential,3,2,32768,0.835540771484375,0.808746337890625,0.8533182366046971,0.5822972722211913,0.14999999999999997,4.522006941749289,3534,0.5616864742501415,1377,170,2
office_4,seq_0006,16,sequential,4,3,32768,0.85546875,0.85137939453125,0.8898758561643836,0.6235219594594594,0.14999999999999997,4.434011194722245,3366,0.6111111111111112,986,318,5
office_4,seq_0006,16,sequential,5,4,32768,0.80535888671875,0.85107421875,0.9050397877984084,0.627783004076513,0.14999999999999997,4.443718564936327,3961,0.5647563746528654,968,571,185
office_4,seq_0006,16,sequential,6,5,32768,0.88018798828125,0.845123291015625,0.8824630746827543,0.5708099847172695,0.1500000000000004,4.4818287309839,2258,0.5425155004428698,794,238,1
office_4,seq_0006,16,sequential,7,6,32768,0.8206787109375,0.83685302734375,0.9101219693589172,0.5015316541865215,0.14999999999999952,4.447617330168746,3422,0.4906487434248977,1403,340,0
office_4,seq_0006,16,sequential,8,7,32768,0.89892578125,0.835601806640625,0.8870518739815317,0.3780193236714976,0.1500000000000004,4.6386293093798185,2417,0.3665701282581713,967,564,0
office_4,seq_0006,16,sequential,9,8,32768,0.90771484375,0.827423095703125,0.8756724045185583,0.35284391534391535,0.14999999999999952,4.816655147165026,2502,0.3457234212629896,1119,509,9
office_4,seq_0006,16,sequential,10,9,32768,0.892486572265625,0.871307373046875,0.9216276286544709,0.4535906897530514,0.15000000000000036,4.848887122657188,2582,0.4078233927188226,996,528,5
office_4,seq_0006,16,sequential,11,10,32768,0.799652099609375,0.811370849609375,0.907071709346258,0.4293983244478294,0.14999999999999997,4.957800013705666,3656,0.3339715536105033,1440,927,68
office_4,seq_0006,16,sequential,12,11,32768,0.911712646484375,0.82989501953125,0.8798661087866109,0.3138610438990667,0.14999999999999997,5.004651877960649,2095,0.3031026252983294,827,601,32
office_4,seq_0006,16,sequential,13,12,32768,0.7938232421875,0.798370361328125,0.896047977856374,0.422291296625222,0.14999999999999952,5.050426803386025,3304,0.3069007263922518,1400,829,61
office_4,seq_0006,16,sequential,14,13,32768,0.94390869140625,0.8524169921875,0.8841254445522146,0.3188248095756257,0.1500000000000004,5.1211684646623405,1480,0.2722972972972973,526,501,50
office_4,seq_0006,16,sequential,15,14,32768,0.905029296875,0.848419189453125,0.8959063933099541,0.39588688946015427,0.1500000000000004,5.5728552854788465,2078,0.2699711260827719,625,814,78
office_4,seq_0006,16,sequential,16,15,32768,0.899139404296875,0.83770751953125,0.8945796422631775,0.33071104387291983,0.14999999999999952,6.142424419507938,2154,0.27808727948003714,839,673,43
office_4,seq_0005,21,spread,1,0,32768,0.0,0.83099365234375,,0.83099365234375,,,9173,0.6341436825466041,2541,665,150
office_4,seq_0005,21,spread,2,20,32768,0.224609375,0.935394287109375,0.9698369565217392,0.9254171914357683,2.9999999999999996,67.63958066613131,5724,0.709643605870021,939,604,119
office_4,seq_0005,21,spread,3,10,32768,0.660858154296875,0.90765380859375,0.9857307781112907,0.7555115630342841,1.4999999999999998,40.76527233193454,5448,0.5976505139500734,1203,669,320
office_4,seq_0005,21,spread,4,5,32768,0.772216796875,0.867462158203125,0.9389424596901675,0.62513397642015,0.7500000000000001,23.793508075163754,4444,0.5324032403240324,1664,412,2
office_4,seq_0005,21,spread,5,15,32768,0.759857177734375,0.850250244140625,0.9206795453632676,0.627398652941924,0.7499999999999997,26.1475675991824,3392,0.5374410377358491,1369,200,0
office_4,seq_0005,21,spread,6,3,32768,0.8544921875,0.86419677734375,0.9199285714285714,0.5369127516778524,0.30000000000000016,10.02789393229728,3415,0.5027818448023426,1088,602,8
office_4,seq_0005,21,spread,7,8,32768,0.92193603515625,0.896514892578125,0.9327375041377027,0.4687255668491009,0.30000000000000016,9.834924482770612,2102,0.41531874405328256,927,302,0
office_4,seq_0005,21,spread,8,13,32768,0.895751953125,0.800933837890625,0.8531275551921504,0.3524590163934426,0.29999999999999993,10.661989577082629,1934,0.36970010341261633,990,229,0
office_4,seq_0005,21,spread,9,17,32768,0.9173583984375,0.891632080078125,0.9310379241516966,0.45420974889217136,0.29999999999999993,11.493400054081231,2086,0.3408437200383509,769,482,124
office_4,seq_0005,21,spread,10,12,32768,0.935821533203125,0.86846923828125,0.8983857818359694,0.4322396576319544,0.15000000000000022,5.095984910042414,1674,0.4175627240143369,709,266,0
office_4,seq_0005,21,spread,11,18,32768,0.949371337890625,0.9146728515625,0.9443247934681281,0.35864978902953587,0.1500000000000002,6.009908964878715,1539,0.31319038336582194,384,443,230
office_4,seq_0005,21,spread,12,1,32768,0.931640625,0.855224609375,0.8838115828092243,0.465625,0.14999999999999997,5.068650372449302,1843,0.45143787303309824,674,249,88
office_4,seq_0005,21,spread,13,2,32768,0.94830322265625,0.8551025390625,0.8806719443908091,0.3860684769775679,0.14999999999999997,5.043907212310211,1402,0.35805991440798857,419,474,7
office_4,seq_0005,21,spread,14,4,32768,0.938720703125,0.873199462890625,0.8997724317295188,0.46613545816733065,0.14999999999999997,5.106108636409023,1537,0.3929733246584255,495,244,194
office_4,seq_0005,21,spread,15,7,32768,0.963226318359375,0.87139892578125,0.8900928302125907,0.3817427385892116,0.14999999999999997,5.004651877960649,1076,0.3513011152416357,376,322,0
office_4,seq_0005,21,spread,16,9,32768,0.95867919921875,0.890106201171875,0.9164703635321831,0.27843426883308714,0.14999999999999997,4.950699062243412,1229,0.26525630593978844,669,234,0
office_4,seq_0005,21,spread,17,6,32768,0.951171875,0.858978271484375,0.8808714065708418,0.4325,0.14999999999999974,5.040698835497348,1296,0.4251543209876543,616,126,3
office_4,seq_0005,21,spread,18,11,32768,0.970672607421875,0.836151123046875,0.8549690319740938,0.2133194588969823,0.14999999999999974,5.040698835497348,808,0.19801980198019803,252,280,116
office_4,seq_0005,21,spread,19,14,32768,0.949981689453125,0.819610595703125,0.8489832631950914,0.26174496644295303,0.14999999999999974,5.385235559976058,1439,0.21890201528839473,553,285,286
office_4,seq_0005,21,spread,20,16,32768,0.958099365234375,0.86468505859375,0.8798216276477147,0.5185724690458849,0.14999999999999974,5.767180560978036,1301,0.5034588777863183,468,178,0
office_4,seq_0005,21,spread,21,19,32768,0.96734619140625,0.92584228515625,0.944318253517572,0.37850467289719625,0.14999999999999974,6.396174551878963,1027,0.35540408958130476,361,301,0
office_4,seq_0005,21,random,1,10,32768,0.0,0.90765380859375,,0.90765380859375,,,8916,0.7316061013907582,1359,710,324
office_4,seq_0005,21,random,2,18,32768,0.65130615234375,0.9146728515625,0.9798987911161091,0.79284088920007,1.1999999999999997,40.105180836850245,4857,0.6149886761375335,1014,614,242
office_4,seq_0005,21,random,3,16,32768,0.731353759765625,0.86468505859375,0.9577717504694346,0.6112688856071794,0.29999999999999993,11.419811258972047,3948,0.5557244174265451,1411,343,0
office_4,seq_0005,21,random,4,4,32768,0.69427490234375,0.873199462890625,0.9484835164835165,0.7022359752445598,0.9000000000000002,28.197117791517552,5369,0.6103557459489662,1385,489,218
office_4,seq_0005,21,random,5,2,32768,0.7608642578125,0.8551025390625,0.9313733354724851,0.6124298111281266,0.29999999999999993,10.010826102932352,4652,0.5156921754084265,1394,846,13
office_4,seq_0005,21,random,6,12,32768,0.89898681640625,0.86846923828125,0.9141489578382782,0.4619335347432024,0.2999999999999995,10.112597113447784,2652,0.4475867269984917,1100,365,0
office_4,seq_0005,21,random,7,6,32768,0.888580322265625,0.858978271484375,0.9109798399560394,0.44426184606957,0.29999999999999993,10.004554686920704,2752,0.42078488372093026,1271,313,10
office_4,seq_0005,21,random,8,19,32768,0.937408447265625,0.92584228515625,0.961942898069473,0.38517796196977083,0.15000000000000022,6.396174551878984,1908,0.3548218029350105,689,535,7
office_4,seq_0005,21,random,9,3,32768,0.92401123046875,0.86419677734375,0.8933549111566154,0.5096385542168674,0.14999999999999997,5.052639364564787,2075,0.4790361445783132,706,371,4
office_4,seq_0005,21,random,10,11,32768,0.94207763671875,0.836151123046875,0.8729186912860383,0.23814541622760801,0.14999999999999974,5.040698835497348,1578,0.2217997465145754,681,431,116
office_4,seq_0005,21,random,11,8,32768,0.957733154296875,0.896514892578125,0.9178217506293216,0.41371841155234657,0.30000000000000016,9.834924482770612,1224,0.3839869281045752,596,158,0
office_4,seq_0005,21,random,12,0,32768,0.869903564453125,0.83099365234375,0.8931415541133134,0.4154351395730706,0.29999999999999993,10.084536528991217,2779,0.3897085282475711,1277,299,120
office_4,seq_0005,21,random,13,17,32768,0.94927978515625,0.891632080078125,0.9249340963158234,0.2683513838748496,0.14999999999999974,5.805096873238564,1571,0.2495225970719287,555,478,146
office_4,seq_0005,21,random,14,13,32768,0.92901611328125,0.800933837890625,0.8366401681886867,0.3336199484092863,0.15000000000000022,5.377547689263422,1249,0.31064851881505207,699,162,0
office_4,seq_0005,21,random,15,7,32768,0.96746826171875,0.87139892578125,0.8895337833575169,0.3320825515947467,0.14999999999999997,5.004651877960649,987,0.3262411347517731,359,306,0
office_4,seq_0005,21,random,16,20,32768,0.915802001953125,0.935394287109375,0.9521810123629578,0.7528089887640449,0.14999999999999974,6.930155528232959,1434,0.5411436541143654,294,284,80
office_4,seq_0005,21,random,17,5,32768,0.954803466796875,0.867462158203125,0.8832742033432416,0.5334233625928426,0.14999999999999974,5.039503123906835,1299,0.5388760585065435,506,93,0
office_4,seq_0005,21,random,18,14,32768,0.94598388671875,0.819610595703125,0.8516678495386799,0.25819209039548024,0.1500000000000002,5.385235559976073,1549,0.210458360232408,633,304,286
office_4,seq_0005,21,random,19,9,32768,0.9639892578125,0.890106201171875,0.9137014055970621,0.2584745762711864,0.14999999999999997,4.950699062243412,1105,0.25429864253393664,619,205,0
office_4,seq_0005,21,random,20,1,32768,0.96221923828125,0.855224609375,0.8732635585156994,0.39579967689822293,0.14999999999999997,5.068650372449302,1106,0.40325497287522605,406,168,86
office_4,seq_0005,21,random,21,15,32768,0.972381591796875,0.850250244140625,0.8631014028810846,0.39779005524861877,0.14999999999999974,5.607610522724915,879,0.3845278725824801,463,78,0
office_4,seq_0005,21,sequential,1,0,32768,0.0,0.83099365234375,,0.83099365234375,,,9173,0.6341436825466041,2541,665,150
office_4,seq_0005,21,sequential,2,1,32768,0.6968994140625,0.855224609375,0.9438167805219828,0.6515304067660088,0.14999999999999997,5.068650372449302,5739,0.5574141836556892,1808,623,109
office_4,seq_0005,21,sequential,3,2,32768,0.850616455078125,0.8551025390625,0.9175187457396047,0.4996935648621042,0.14999999999999997,5.043907212310211,3560,0.4721910112359551,1108,755,16
office_4,seq_0005,21,sequential,4,3,32768,0.85205078125,0.86419677734375,0.8830945558739255,0.7553630363036303,0.14999999999999997,5.052639364564787,3095,0.6562197092084007,743,317,4
office_4,seq_0005,21,sequential,5,4,32768,0.761962890625,0.873199462890625,0.9144905479013137,0.7410256410256411,0.14999999999999997,5.106108636409023,3973,0.5894789831361691,992,421,218
office_4,seq_0005,21,sequential,6,5,32768,0.890289306640625,0.867462158203125,0.9114592259966408,0.5104311543810849,0.1500000000000002,5.039503123906849,2691,0.5024154589371981,1128,210,1
office_4,seq_0005,21,sequential,7,6,32768,0.87237548828125,0.858978271484375,0.8987266494088015,0.5872788139646102,0.14999999999999974,5.040698835497348,2888,0.5432825484764543,1120,192,7
office_4,seq_0005,21,sequential,8,7,32768,0.913330078125,0.87139892578125,0.915062817428495,0.4112676056338028,0.1500000000000002,5.004651877960656,2406,0.372402327514547,964,546,0
office_4,seq_0005,21,sequential,9,8,32768,0.92291259765625,0.896514892578125,0.9313868130414655,0.47901821060965954,0.14999999999999997,4.953952953488127,1809,0.3957987838584853,806,287,0
office_4,seq_0005,21,sequential,10,9,32768,0.9285888671875,0.890106201171875,0.9314447219666097,0.3525641025641026,0.14999999999999997,4.950699062243412,2023,0.31290163124073156,981,409,0
office_4,seq_0005,21,sequential,11,10,32768,0.859161376953125,0.90765380859375,0.9419600042624232,0.6983748645720477,0.1500000000000002,4.927398419089831,2612,0.5436447166921899,517,358,317
office_4,seq_0005,21,sequential,12,11,32768,0.95361328125,0.836151123046875,0.8607590885816693,0.33026315789473687,0.14999999999999974,5.040698835497348,1183,0.30177514792899407,373,337,116
office_4,seq_0005,21,sequential,13,12,32768,0.948516845703125,0.86846923828125,0.882597085035874,0.6081802015411973,0.14999999999999974,5.095984910042399,1365,0.5758241758241758,451,128,0
office_4,seq_0005,21,sequential,14,13,32768,0.94085693359375,0.800933837890625,0.8258514433992864,0.40454076367389064,0.15000000000000022,5.377547689263422,1192,0.34731543624161076,616,162,0
office_4,seq_0005,21,sequential,15,14,32768,0.935028076171875,0.819610595703125,0.8585789353438428,0.2588069516204791,0.1500000000000002,5.385235559976073,1804,0.2211751662971175,815,304,286
office_4,seq_0005,21,sequential,16,15,32768,0.955902099609375,0.850250244140625,0.8633911183475401,0.5653979238754325,0.14999999999999974,5.607610522724915,1183,0.4775993237531699,517,101,0
office_4,seq_0005,21,sequential,17,16,32768,0.936676025390625,0.86468505859375,0.8868471638484345,0.5368674698795181,0.1500000000000002,5.767180560978053,1836,0.4929193899782135,651,280,0
office_4,seq_0005,21,sequential,18,17,32768,0.945037841796875,0.891632080078125,0.9252430006135564,0.31371460299833426,0.14999999999999974,5.805096873238564,1667,0.2705458908218356,579,508,129
office_4,seq_0005,21,sequential,19,18,32768,0.96160888671875,0.9146728515625,0.9359251031418597,0.38235294117647056,0.1500000000000002,6.009908964878715,1133,0.3159752868490733,241,321,213
office_4,seq_0005,21,sequential,20,19,32768,0.96026611328125,0.92584228515625,0.9493739274137164,0.35714285714285715,0.15000000000000022,6.396174551878984,1249,0.33386709367493994,436,389,7
office_4,seq_0005,21,sequential,21,20,32768,0.92181396484375,0.935394287109375,0.9506058398993578,0.7560499609679937,0.14999999999999974,6.930155528232959,1308,0.5359327217125383,266,264,77
frl_apartment_5,seq_0007,29,spread,1,0,32768,0.0,0.557037353515625,,0.557037353515625,,,11096,0.5536229271809661,2398,1149,1406
frl_apartment_5,seq_0007,29,spread,2,28,32768,0.11297607421875,0.737152099609375,0.8838465694219341,0.7184683134934288,4.199999999999999,74.12651429507252,7490,0.4102803738317757,1795,1401,1221
frl_apartment_5,seq_0007,29,spread,3,14,32768,0.479827880859375,0.500823974609375,0.6523564205304331,0.3610442945145204,2.0999999999999996,46.69615573990829,7986,0.4764588029050839,2500,990,691
frl_apartment_5,seq_0007,29,spread,4,7,32768,0.7652587890625,0.563446044921875,0.5467379167331313,0.6179147165886636,1.0499999999999998,30.68087131202688,5631,0.5919019712306872,1337,588,373
frl_apartment_5,seq_0007,29,spread,5,21,32768,0.78497314453125,0.54345703125,0.5573439079387295,0.49276185069543005,1.0499999999999998,31.41885432218653,5051,0.4300138586418531,1786,768,325
frl_apartment_5,seq_0007,29,spread,6,18,32768,0.850372314453125,0.533660888671875,0.5408935941144806,0.4925555782174179,0.45000000000000046,13.78807952450994,3886,0.43360782295419453,1274,672,255
frl_apartment_5,seq_0007,29,spread,7,3,32768,0.84661865234375,0.55194091796875,0.5619998558142888,0.49641862315957025,0.45000000000000007,14.22066449518773,4010,0.4723192019950125,1333,517,266
frl_apartment_5,seq_0007,29,spread,8,10,32768,0.84185791015625,0.569732666015625,0.5587254404408033,0.6283288305673486,0.45000000000000007,13.79790107705641,3977,0.5702791048529042,1125,417,167
frl_apartment_5,seq_0007,29,spread,9,25,32768,0.865570068359375,0.603973388671875,0.6402707753058562,0.370261066969353,0.4499999999999996,16.365504568097524,3373,0.2798695523273051,1196,951,282
frl_apartment_5,seq_0007,29,spread,10,5,32768,0.90545654296875,0.550750732421875,0.5596899224806201,0.46513879922530665,0.29999999999999977,9.566176468835495,2724,0.4456681350954479,1040,333,137
frl_apartment_5,seq_0007,29,spread,11,23,32768,0.912109375,0.5548095703125,0.5796975374732334,0.2965277777777778,0.29999999999999977,10.161794014307171,2516,0.2802066772655008,1008,647,156
frl_apartment_5,seq_0007,29,spread,12,12,32768,0.911468505859375,0.5518798828125,0.560317407171795,0.4650120648052396,0.2999999999999997,9.1433619949756,2424,0.4546204620462046,864,323,135
frl_apartment_5,seq_0007,29,spread,13,16,32768,0.900115966796875,0.524688720703125,0.5274792337684353,0.4995417048579285,0.2999999999999993,8.733959379514706,2838,0.4630021141649049,915,483,126
frl_apartment_5,seq_0007,29,spread,14,19,32768,0.932952880859375,0.5517578125,0.5617742304798665,0.41238051888939464,0.15000000000000077,4.755851645617951,1972,0.3975659229208925,721,353,114
frl_apartment_5,seq_0007,29,spread,15,9,32768,0.929107666015625,0.550567626953125,0.554935128921005,0.4933275936289281,0.15000000000000033,4.701118562251087,1884,0.4840764331210191,671,203,98
frl_apartment_5,seq_0007,29,spread,16,1,32768,0.950103759765625,0.55340576171875,0.5631644878424823,0.3675840978593272,0.1500000000000001,4.91334954906397,1417,0.35920959774170785,516,262,130
frl_apartment_5,seq_0007,29,spread,17,13,32768,0.915313720703125,0.56781005859375,0.5582635948387957,0.670990990990991,0.14999999999999988,4.484264390657448,2103,0.651925820256776,438,213,81
frl_apartment_5,seq_0007,29,spread,18,15,32768,0.959197998046875,0.533233642578125,0.5391492475581432,0.39416604338070305,0.14999999999999988,4.2638096671158845,1199,0.3703085904920767,457,244,54
frl_apartment_5,seq_0007,29,spread,19,22,32768,0.956878662109375,0.56671142578125,0.5772922978791262,0.3319179051663128,0.14999999999999988,5.0504268033860376,1284,0.3309968847352025,529,238,92
frl_apartment_5,seq_0007,29,spread,20,26,32768,0.90814208984375,0.627960205078125,0.6585792055917736,0.3252491694352159,0.14999999999999988,6.222537889074851,2509,0.23794340374651254,816,684,412
frl_apartment_5,seq_0007,29,spread,21,27,32768,0.908477783203125,0.662811279296875,0.7049279451778696,0.24474824941647216,0.14999999999999988,7.015419480719355,2604,0.21582181259600614,762,747,533
frl_apartment_5,seq_0007,29,spread,22,2,32768,0.939788818359375,0.559539794921875,0.5595388861828219,0.5595539787126204,0.14999999999999986,4.907320864311152,1604,0.5236907730673317,492,228,44
frl_apartment_5,seq_0007,29,spread,23,4,32768,0.9720458984375,0.5582275390625,0.5644857465779229,0.3406113537117904,0.14999999999999986,4.8446890403511595,877,0.3363740022805017,359,165,58
frl_apartment_5,seq_0007,29,spread,24,6,32768,0.96160888671875,0.560333251953125,0.5650587115201523,0.4419713831478537,0.14999999999999986,4.8446890403511595,1216,0.4399671052631579,495,148,38
frl_apartment_5,seq_0007,29,spread,25,8,32768,0.960906982421875,0.549652099609375,0.5515609616667196,0.5027322404371585,0.14999999999999986,4.801712661995462,1215,0.5135802469135803,319,235,37
frl_apartment_5,seq_0007,29,spread,26,11,32768,0.9429931640625,0.577667236328125,0.5770873786407767,0.5872591006423983,0.14999999999999983,4.624913063455468,1302,0.6451612903225806,308,106,48
frl_apartment_5,seq_0007,29,spread,27,20,32768,0.9735107421875,0.571685791015625,0.577398119122257,0.3617511520737327,0.14999999999999983,4.87510661164468,830,0.3469879518072289,328,147,67
frl_apartment_5,seq_0007,29,spread,28,24,32768,0.963836669921875,0.58251953125,0.5986448405787924,0.15274261603375527,0.14999999999999983,5.208445835664654,1118,0.1475849731663685,415,430,108
frl_apartment_5,seq_0007,29,spread,29,17,32768,0.958160400390625,0.530975341796875,0.5401789979934388,0.3202042304886944,0.14999999999999944,4.499170684278911,1293,0.3008507347254447,496,290,118
frl_apartment_5,seq_0007,29,random,1,20,32768,0.0,0.571685791015625,,0.571685791015625,,,11208,0.5774446823697359,2133,1084,1519
frl_apartment_5,seq_0007,29,random,2,4,32768,0.224517822265625,0.5582275390625,0.812423542204703,0.48463263940813034,2.4000000000000004,53.59513473617449,9138,0.525935653315824,2188,1039,1105
frl_apartment_5,seq_0007,29,random,3,11,32768,0.6907958984375,0.577667236328125,0.5412617070153738,0.659001184366364,1.0499999999999998,29.521582346009012,7283,0.6765069339557874,1296,571,489
frl_apartment_5,seq_0007,29,random,4,16,32768,0.779022216796875,0.524688720703125,0.5331217926117444,0.4949592597707499,0.6,17.079904230955265,5634,0.4627263045793397,1883,768,376
frl_apartment_5,seq_0007,29,random,5,10,32768,0.841400146484375,0.569732666015625,0.559936164810852,0.6217048297094477,0.14999999999999983,4.679887384999395,3999,0.5676419104776194,1127,403,199
frl_apartment_5,seq_0007,29,random,6,2,32768,0.8182373046875,0.559539794921875,0.5587423541697747,0.5631296171927468,0.29999999999999993,9.743682427903282,4391,0.5192439079936233,1343,564,204
frl_apartment_5,seq_0007,29,random,7,28,32768,0.6588134765625,0.737152099609375,0.8559848063739114,0.5076923076923077,1.1999999999999997,45.136390652994,4534,0.32377591530657257,1355,1098,613
frl_apartment_5,seq_0007,29,random,8,27,32768,0.84161376953125,0.662811279296875,0.7182899412575241,0.36801541425818884,0.14999999999999988,7.015419480719355,3846,0.27743109724388976,1213,950,616
frl_apartment_5,seq_0007,29,random,9,6,32768,0.882232666015625,0.560333251953125,0.566225051022173,0.5161959056750454,0.30000000000000016,9.621076279601645,3200,0.47375,1216,335,133
frl_apartment_5,seq_0007,29,random,10,21,32768,0.87847900390625,0.54345703125,0.565448481900924,0.38448016072325464,0.14999999999999983,4.987277055386219,3254,0.34511370620774434,1368,604,159
frl_apartment_5,seq_0007,29,random,11,25,32768,0.89459228515625,0.603973388671875,0.6409224261445043,0.29038795599305156,0.29999999999999977,11.07695870370889,2933,0.2321854756222298,1084,921,247
frl_apartment_5,seq_0007,29,random,12,3,32768,0.9241943359375,0.55194091796875,0.5616827367586844,0.4331723027375201,0.14999999999999986,4.828553323675993,2172,0.39917127071823205,811,356,138
frl_apartment_5,seq_0007,29,random,13,23,32768,0.91766357421875,0.5548095703125,0.5829730628533422,0.24091919940696813,0.29999999999999977,10.161794014307171,2416,0.23137417218543047,1033,673,151
frl_apartment_5,seq_0007,29,random,14,8,32768,0.920196533203125,0.549652099609375,0.5578549398069844,0.45506692160611856,0.29999999999999977,9.536908646515771,2212,0.46835443037974683,682,404,90
frl_apartment_5,seq_0007,29,random,15,0,32768,0.93548583984375,0.557037353515625,0.5650812292033666,0.44039735099337746,0.29999999999999993,9.828559012809947,1755,0.3943019943019943,571,297,195
frl_apartment_5,seq_0007,29,random,16,18,32768,0.921112060546875,0.533660888671875,0.5435178743001027,0.418568665377176,0.2999999999999993,9.291389787673287,2160,0.375,794,450,106
frl_apartment_5,seq_0007,29,random,17,12,32768,0.947601318359375,0.5518798828125,0.5610447328588452,0.38613861386138615,0.14999999999999988,4.600973167148986,1432,0.3854748603351955,568,228,84
frl_apartment_5,seq_0007,29,random,18,19,32768,0.947509765625,0.5517578125,0.5602293223396032,0.3988372093023256,0.14999999999999988,4.7558516456179225,1567,0.396936821952776,596,269,80
frl_apartment_5,seq_0007,29,random,19,13,32768,0.935516357421875,0.56781005859375,0.5662045343337139,0.5911026975863701,0.15000000000000033,4.4842643906574615,1701,0.5967078189300411,446,183,57
frl_apartment_5,seq_0007,29,random,20,7,32768,0.958648681640625,0.563446044921875,0.565784866138223,0.5092250922509225,0.14999999999999986,4.8446890403511595,1265,0.4964426877470356,399,195,43
frl_apartment_5,seq_0007,29,random,21,5,32768,0.955352783203125,0.550750732421875,0.5585050311451845,0.3848257006151743,0.14999999999999986,4.816655147165036,1321,0.38304314912944737,583,183,49
frl_apartment_5,seq_0007,29,random,22,17,32768,0.946319580078125,0.530975341796875,0.5427134057854172,0.32404775440591244,0.14999999999999944,4.499170684278911,1647,0.30783242258652094,666,333,141
frl_apartment_5,seq_0007,29,random,23,14,32768,0.943206787109375,0.500823974609375,0.5087520626395315,0.369156367544331,0.14999999999999988,4.334045515327333,1515,0.31287128712871287,679,315,47
frl_apartment_5,seq_0007,29,random,24,22,32768,0.96533203125,0.56671142578125,0.5769790085988872,0.28080985915492956,0.14999999999999988,5.0504268033860376,1031,0.28419010669253153,453,208,77
frl_apartment_5,seq_0007,29,random,25,9,32768,0.965423583984375,0.550567626953125,0.5556819977872609,0.4077669902912621,0.14999999999999988,4.7011185622510725,965,0.41347150259067356,395,108,63
frl_apartment_5,seq_0007,29,random,26,26,32768,0.92950439453125,0.627960205078125,0.6591371724998358,0.21688311688311687,0.14999999999999988,6.222537889074851,2138,0.19457436856875585,706,625,391
frl_apartment_5,seq_0007,29,random,27,24,32768,0.963653564453125,0.58251953125,0.5986952528739272,0.15365239294710328,0.14999999999999983,5.208445835664654,1123,0.1460373998219056,416,440,103
frl_apartment_5,seq_0007,29,random,28,1,32768,0.971710205078125,0.55340576171875,0.5600326622907572,0.325782092772384,0.14999999999999986,4.913349549063961,836,0.31698564593301437,313,181,77
frl_apartment_5,seq_0007,29,random,29,15,32768,0.9744873046875,0.533233642578125,0.5365777276713015,0.4055023923444976,0.14999999999999988,4.2638096671158845,753,0.38247011952191234,271,162,32
frl_apartment_5,seq_0007,29,sequential,1,0,32768,0.0,0.557037353515625,,0.557037353515625,,,11096,0.5536229271809661,2398,1149,1406
frl_apartment_5,seq_0007,29,sequential,2,1,32768,0.737945556640625,0.55340576171875,0.5880236549356933,0.4559217421683941,0.1500000000000001,4.91334954906397,5865,0.48917306052855924,1634,651,711
frl_apartment_5,seq_0007,29,sequential,3,2,32768,0.824432373046875,0.559539794921875,0.5555802332037757,0.5781331479228229,0.14999999999999986,4.907320864311152,4650,0.5455913978494623,1298,474,341
frl_apartment_5,seq_0007,29,sequential,4,3,32768,0.8438720703125,0.55194091796875,0.5536308404455373,0.5428068803752932,0.1500000000000001,4.828553323676001,4334,0.5191508998615597,1291,524,269
frl_apartment_5,seq_0007,29,sequential,5,4,32768,0.863616943359375,0.5582275390625,0.5558853669740981,0.5730588498545536,0.14999999999999986,4.8446890403511595,3720,0.532258064516129,1072,443,225
frl_apartment_5,seq_0007,29,sequential,6,5,32768,0.866363525390625,0.550750732421875,0.5517630067984078,0.5441881708152546,0.15000000000000033,4.816655147165051,3599,0.5104195609891636,1148,367,247
frl_apartment_5,seq_0007,29,sequential,7,6,32768,0.8839111328125,0.560333251953125,0.5604888827510013,0.5591482649842271,0.14999999999999986,4.8446890403511595,3363,0.5411834671424324,1022,314,207
frl_apartment_5,seq_0007,29,sequential,8,7,32768,0.907257080078125,0.563446044921875,0.565676612062296,0.5416255347153669,0.14999999999999988,4.84468904035116,2683,0.5333581811405144,727,340,185
frl_apartment_5,seq_0007,29,sequential,9,8,32768,0.89697265625,0.549652099609375,0.5465432770821992,0.576718009478673,0.14999999999999986,4.801712661995462,3034,0.567237969676994,719,427,167
frl_apartment_5,seq_0007,29,sequential,10,9,32768,0.89691162109375,0.550567626953125,0.5515141204491324,0.5423327412670219,0.14999999999999988,4.7011185622510725,2586,0.4934261407579273,795,318,197
frl_apartment_5,seq_0007,29,sequential,11,10,32768,0.898406982421875,0.569732666015625,0.577091613166208,0.5046560528687294,0.15000000000000033,4.679887384999411,2750,0.48,903,351,176
frl_apartment_5,seq_0007,29,sequential,12,11,32768,0.8480224609375,0.577667236328125,0.5592342018137325,0.6805220883534137,0.14999999999999983,4.624913063455468,3339,0.6696615753219527,623,280,200
frl_apartment_5,seq_0007,29,sequential,13,12,32768,0.91851806640625,0.5518798828125,0.5639577380556847,0.4157303370786517,0.14999999999999988,4.600973167148986,2190,0.40273972602739727,797,370,141
frl_apartment_5,seq_0007,29,sequential,14,13,32768,0.8836669921875,0.56781005859375,0.562992125984252,0.6044071353620147,0.15000000000000033,4.4842643906574615,2895,0.5955094991364421,711,312,148
frl_apartment_5,seq_0007,29,sequential,15,14,32768,0.85101318359375,0.500823974609375,0.517930144158359,0.403113478082753,0.14999999999999988,4.334045515327333,3583,0.36170806586659227,1582,564,141
frl_apartment_5,seq_0007,29,sequential,16,15,32768,0.916839599609375,0.533233642578125,0.5463502313350864,0.3886238532110092,0.14999999999999988,4.2638096671158845,2109,0.38738738738738737,821,361,110
frl_apartment_5,seq_0007,29,sequential,17,16,32768,0.90618896484375,0.524688720703125,0.533070654004176,0.44372153545868576,0.15000000000000027,4.39249639259397,2670,0.42921348314606744,946,440,138
frl_apartment_5,seq_0007,29,sequential,18,17,32768,0.92486572265625,0.530975341796875,0.5431267735761895,0.3813972380178717,0.14999999999999944,4.499170684278911,2127,0.3554301833568406,778,389,204
frl_apartment_5,seq_0007,29,sequential,19,18,32768,0.929473876953125,0.533660888671875,0.545326197590045,0.3799221116399827,0.14999999999999988,4.67643931773022,1884,0.3322717622080679,668,492,98
frl_apartment_5,seq_0007,29,sequential,20,19,32768,0.9493408203125,0.5517578125,0.5628455702713129,0.34397590361445785,0.15000000000000077,4.755851645617951,1517,0.34739617666446937,579,319,92
frl_apartment_5,seq_0007,29,sequential,21,20,32768,0.959442138671875,0.571685791015625,0.5776583224657272,0.43039879608728365,0.14999999999999988,4.875106611644682,1162,0.3855421686746988,423,199,92
frl_apartment_5,seq_0007,29,sequential,22,21,32768,0.92718505859375,0.54345703125,0.5612862879336449,0.31642917015926236,0.14999999999999983,4.987277055386219,1914,0.2946708463949843,859,423,68
frl_apartment_5,seq_0007,29,sequential,23,22,32768,0.94342041015625,0.56671142578125,0.585915766319467,0.2464940668824164,0.14999999999999988,5.0504268033860376,1418,0.28067700987306066,542,319,159
frl_apartment_5,seq_0007,29,sequential,24,23,32768,0.92315673828125,0.5548095703125,0.5868760330578512,0.16957903097696583,0.14999999999999988,5.121168464662324,1996,0.16933867735470942,857,673,128
frl_apartment_5,seq_0007,29,sequential,25,24,32768,0.945404052734375,0.58251953125,0.6058943155040512,0.1777529346003354,0.14999999999999983,5.208445835664654,1482,0.15654520917678813,523,559,168
frl_apartment_5,seq_0007,29,sequential,26,25,32768,0.9327392578125,0.603973388671875,0.6285172097892946,0.2636116152450091,0.15000000000000077,5.59071815092594,1841,0.198261814231396,685,665,126
frl_apartment_5,seq_0007,29,sequential,27,26,32768,0.898529052734375,0.627960205078125,0.6600210576367898,0.34406015037593984,0.14999999999999988,6.222537889074851,2606,0.227168073676132,822,763,429
frl_apartment_5,seq_0007,29,sequential,28,27,32768,0.897918701171875,0.662811279296875,0.7060462903170989,0.2825112107623318,0.14999999999999988,7.015419480719355,2756,0.2169811320754717,807,776,575
frl_apartment_5,seq_0007,29,sequential,29,28,32768,0.9068603515625,0.737152099609375,0.7683066361556065,0.4338138925294889,0.14999999999999988,7.1586671322066255,2260,0.2517699115044248,575,675,441
office_4,seq_0008,15,spread,1,0,32768,0.0,0.830474853515625,,0.830474853515625,,,7022,0.606664767872401,1468,1074,220
office_4,seq_0008,15,spread,2,14,32768,0.104888916015625,0.8929443359375,0.9732324701774804,0.8835361903787802,2.1,61.26165613698492,6578,0.5697780480389176,1570,1075,185
office_4,seq_0008,15,spread,3,7,32768,0.65234375,0.79205322265625,0.9197698353293413,0.5524051966292135,1.05,34.333385526823776,4335,0.47797001153402535,1402,848,13
office_4,seq_0008,15,spread,4,11,32768,0.820404052734375,0.863433837890625,0.9322248260982777,0.5491928632115548,0.4500000000000001,17.52805900634775,3557,0.40258644925499015,894,797,434
office_4,seq_0008,15,spread,5,4,32768,0.766357421875,0.68304443359375,0.7953966231283849,0.31452455590386624,0.45,18.60137310023391,3071,0.31650928036470205,1120,766,213
office_4,seq_0008,15,spread,6,2,32768,0.823394775390625,0.7725830078125,0.8547867017530855,0.3893208916537066,0.29999999999999993,11.626538922475676,2767,0.28767618359233826,957,904,110
office_4,seq_0008,15,spread,7,9,32768,0.845458984375,0.84564208984375,0.9261478486861103,0.4052132701421801,0.2999999999999999,11.036744325778685,2812,0.3815789473684211,878,776,85
office_4,seq_0008,15,spread,8,13,32768,0.914215087890625,0.87603759765625,0.9232566678906432,0.3728210601209534,0.15000000000000022,6.9526672967318275,2351,0.32113994045087196,656,743,197
office_4,seq_0008,15,spread,9,6,32768,0.897308349609375,0.693603515625,0.7556031697445839,0.15185735512630014,0.15000000000000013,6.094276016526384,2082,0.17915465898174832,803,823,83
office_4,seq_0008,15,spread,10,3,32768,0.913055419921875,0.737884521484375,0.7723854406898626,0.3755703755703756,0.15000000000000002,5.873733541626448,1813,0.26309983452840596,537,617,182
office_4,seq_0008,15,spread,11,1,32768,0.925628662109375,0.800323486328125,0.8222280834789489,0.5276979893311449,0.14999999999999997,5.818837575001183,1314,0.3949771689497717,353,346,96
office_4,seq_0008,15,spread,12,5,32768,0.895538330078125,0.71337890625,0.7715113307207361,0.21501606777680396,0.14999999999999988,6.062552057448055,2092,0.24952198852772467,1045,498,27
office_4,seq_0008,15,spread,13,8,32768,0.940643310546875,0.78497314453125,0.8151056029588295,0.30745501285347043,0.14999999999999988,5.520607500259904,1526,0.2712975098296199,540,535,37
office_4,seq_0008,15,spread,14,10,32768,0.9381103515625,0.877655029296875,0.912914769030579,0.3431952662721893,0.14999999999999988,5.51790419260691,1756,0.27107061503416857,408,509,363
office_4,seq_0008,15,spread,15,12,32768,0.906585693359375,0.8621826171875,0.9230147776618306,0.2718065991506044,0.14999999999999988,6.396174551878969,2239,0.28182224207235373,670,636,302
office_4,seq_0008,15,random,1,2,32768,0.0,0.7725830078125,,0.7725830078125,,,6962,0.5772766446423442,1693,1122,128
office_4,seq_0008,15,random,2,11,32768,0.38519287109375,0.863433837890625,0.9698146094121375,0.7967834805916807,1.3499999999999999,43.45617247881055,5985,0.5393483709273182,1363,955,439
office_4,seq_0008,15,random,3,3,32768,0.815887451171875,0.737884521484375,0.8064709182719282,0.43394662688546326,0.15000000000000005,5.873733541626449,3035,0.3624382207578254,966,775,194
office_4,seq_0008,15,random,4,10,32768,0.8143310546875,0.877655029296875,0.9370783990406236,0.6170282708744247,0.14999999999999988,5.51790419260691,3368,0.4251781472684085,841,726,369
office_4,seq_0008,15,random,5,0,32768,0.6392822265625,0.830474853515625,0.9510693144930303,0.616751269035533,0.29999999999999993,11.12552500940875,3915,0.44035759897828863,1147,845,199
office_4,seq_0008,15,random,6,4,32768,0.833526611328125,0.68304443359375,0.7657159594332369,0.2691109074243813,0.15000000000000002,6.401130631757716,2392,0.2834448160535117,818,683,213
office_4,seq_0008,15,random,7,7,32768,0.8507080078125,0.79205322265625,0.8420863825512986,0.5069501226492232,0.44999999999999996,16.315686514358617,2787,0.3986365267312522,948,715,13
office_4,seq_0008,15,random,8,5,32768,0.853240966796875,0.71337890625,0.7965592474695089,0.2297775005198586,0.15000000000000002,6.062552057448061,2588,0.25772797527047914,1262,632,27
office_4,seq_0008,15,random,9,14,32768,0.841156005859375,0.8929443359375,0.9459057432064725,0.6124879923150817,0.4500000000000001,21.344553213754775,3182,0.4035197988686361,870,853,175
office_4,seq_0008,15,random,10,12,32768,0.869293212890625,0.8621826171875,0.9446375285237845,0.31379873920149426,0.14999999999999988,6.396174551878969,2947,0.3162538174414659,906,793,316
office_4,seq_0008,15,random,11,6,32768,0.924713134765625,0.693603515625,0.7394805451965282,0.1301175516822051,0.14999999999999988,6.094276016526374,1732,0.1564665127020785,634,751,76
office_4,seq_0008,15,random,12,9,32768,0.915008544921875,0.84564208984375,0.8916719474368809,0.3500897666068223,0.15000000000000013,5.570040559277458,1828,0.337527352297593,524,604,83
office_4,seq_0008,15,random,13,13,32768,0.930328369140625,0.87603759765625,0.91671313760866,0.33289531318440646,0.15000000000000005,6.9526672967318195,1938,0.28792569659442724,521,674,185
office_4,seq_0008,15,random,14,8,32768,0.942962646484375,0.78497314453125,0.8138774717628402,0.30711610486891383,0.14999999999999988,5.520607500259904,1457,0.26835964310226496,519,510,37
office_4,seq_0008,15,random,15,1,32768,0.935302734375,0.800323486328125,0.8207713390759592,0.5047169811320755,0.14999999999999997,5.818837575001183,1199,0.37531276063386154,324,329,96
office_4,seq_0008,15,sequential,1,0,32768,0.0,0.830474853515625,,0.830474853515625,,,7022,0.606664767872401,1468,1074,220
office_4,seq_0008,15,sequential,2,1,32768,0.65899658203125,0.800323486328125,0.9024265999814763,0.6030069804904242,0.14999999999999997,5.818837575001183,4118,0.4533754249635745,1136,955,160
office_4,seq_0008,15,sequential,3,2,32768,0.735137939453125,0.7725830078125,0.8729295529079663,0.49406613665168797,0.14999999999999997,5.873733541626446,3166,0.41819330385344283,1122,653,67
office_4,seq_0008,15,sequential,4,3,32768,0.791961669921875,0.737884521484375,0.8073677314939695,0.4733753850667449,0.15000000000000005,5.873733541626449,2464,0.4025974025974026,800,510,162
office_4,seq_0008,15,sequential,5,4,32768,0.76666259765625,0.68304443359375,0.7819839184778282,0.35796494899293746,0.15000000000000002,6.401130631757716,2710,0.3546125461254613,873,663,213
office_4,seq_0008,15,sequential,6,5,32768,0.76995849609375,0.71337890625,0.8263178755449861,0.33536747147784557,0.15000000000000002,6.062552057448061,3645,0.3522633744855967,1571,763,27
office_4,seq_0008,15,sequential,7,6,32768,0.87347412109375,0.693603515625,0.750296974355391,0.3022190062711047,0.14999999999999988,6.094276016526374,2262,0.2453580901856764,816,816,75
office_4,seq_0008,15,sequential,8,7,32768,0.861785888671875,0.79205322265625,0.8381316618860442,0.5047471848090086,0.15000000000000013,5.572855285478836,2654,0.4125847776940467,847,699,13
office_4,seq_0008,15,sequential,9,8,32768,0.922027587890625,0.78497314453125,0.8199450567636448,0.37142857142857144,0.14999999999999988,5.520607500259904,1817,0.3230599889928453,615,578,37
office_4,seq_0008,15,sequential,10,9,32768,0.830291748046875,0.84564208984375,0.9204616458999522,0.47959000179823774,0.14999999999999997,5.570040559277452,3296,0.44690533980582525,919,815,89
office_4,seq_0008,15,sequential,11,10,32768,0.869384765625,0.877655029296875,0.919194046616119,0.6011682242990655,0.15000000000000013,5.5179041926069194,2623,0.38696149447197864,573,643,392
office_4,seq_0008,15,sequential,12,11,32768,0.88861083984375,0.863433837890625,0.9006799917576757,0.5663013698630137,0.14999999999999988,6.0099089648787025,2308,0.33882149046793764,473,638,415
office_4,seq_0008,15,sequential,13,12,32768,0.8726806640625,0.8621826171875,0.9298153587914394,0.3986097794822627,0.14999999999999988,6.396174551878969,2860,0.3576923076923077,809,704,324
office_4,seq_0008,15,sequential,14,13,32768,0.909881591796875,0.87603759765625,0.926111017943988,0.3704707077548256,0.15000000000000005,6.9526672967318195,2462,0.3139723801787165,726,766,197
office_4,seq_0008,15,sequential,15,14,32768,0.910919189453125,0.8929443359375,0.9283728098093739,0.5306611853374443,0.15000000000000022,7.421556886475673,1908,0.30345911949685533,500,678,151
office_4,seq_0010,14,spread,1,0,32768,0.0,0.79052734375,,0.79052734375,,,8577,0.5984610003497727,2232,1108,104
office_4,seq_0010,14,spread,2,13,32768,0.02972412109375,0.83599853515625,0.7659137577002053,0.8381455620557338,1.952094584414785,61.02695108070614,5304,0.4666289592760181,1528,1284,17
office_4,seq_0010,14,spread,3,7,32768,0.450958251953125,0.781463623046875,0.9477566488461798,0.644877994552832,0.9045293066017996,29.1801455744802,5459,0.43597728521707274,2065,993,21
office_4,seq_0010,14,spread,4,4,32768,0.675872802734375,0.72698974609375,0.8844087235291461,0.39873834855475004,0.4500000000000001,14.995316789652962,4984,0.38824237560192615,1983,1050,16
office_4,seq_0010,14,spread,5,10,32768,0.806304931640625,0.870513916015625,0.9313803413951024,0.6171419568299984,0.4499999999999997,17.18769397972123,3019,0.5293143424975157,921,495,5
office_4,seq_0010,14,spread,6,2,32768,0.809234619140625,0.815093994140625,0.8981031036693442,0.4629659254519277,0.29999999999999977,9.957178428606365,3120,0.42403846153846153,1109,634,54
office_4,seq_0010,14,spread,7,12,32768,0.889068603515625,0.84869384765625,0.9068753647066901,0.38239339752407153,0.17255757059376656,8.073276199744619,1903,0.3089858118759853,816,499,0
office_4,seq_0010,14,spread,8,6,32768,0.85565185546875,0.75189208984375,0.8109708253085098,0.40169133192389006,0.15000000000000036,5.361587858948528,2630,0.40722433460076046,950,606,3
office_4,seq_0010,14,spread,9,3,32768,0.844207763671875,0.799560546875,0.8841774211040018,0.34103819784524975,0.15000000000000005,5.037657730291975,2906,0.32174810736407433,1233,734,4
office_4,seq_0010,14,spread,10,1,32768,0.869049072265625,0.777008056640625,0.8323208203111283,0.40992775576788626,0.14999999999999988,4.955013276520796,2331,0.3504933504933505,1012,445,57
office_4,seq_0010,14,spread,11,5,32768,0.86712646484375,0.75433349609375,0.8240304075455761,0.29949471750114837,0.14999999999999988,5.093234616806191,2263,0.30534688466637205,1120,450,2
office_4,seq_0010,14,spread,12,8,32768,0.959808349609375,0.820709228515625,0.8370481065784872,0.4305239179954442,0.14999999999999988,5.51127993588428,859,0.4121071012805588,311,194,0
office_4,seq_0010,14,spread,13,9,32768,0.947662353515625,0.870147705078125,0.8888030142015264,0.5323615160349854,0.14999999999999988,5.527058832857169,1157,0.4727744165946413,392,211,7
office_4,seq_0010,14,spread,14,11,32768,0.923614501953125,0.84234619140625,0.8872294729886007,0.29964043148222136,0.14999999999999988,7.059018478295316,1197,0.21052631578947367,440,502,3
office_4,seq_0010,14,random,1,3,32768,0.0,0.799560546875,,0.799560546875,,,8794,0.6085967705253582,2405,1033,4
office_4,seq_0010,14,random,2,2,32768,0.67279052734375,0.815093994140625,0.9392633584323686,0.5597836224584966,0.15000000000000022,5.016464718252526,5165,0.4919651500484027,1456,1057,111
office_4,seq_0010,14,random,3,0,32768,0.755828857421875,0.79052734375,0.9114143820406185,0.41632295963004623,0.29999999999999977,9.875886117174604,3827,0.3935197282466684,1596,677,48
office_4,seq_0010,14,random,4,5,32768,0.623870849609375,0.75433349609375,0.9305385706598835,0.46206896551724136,0.29999999999999993,10.107223645157116,5543,0.41854591376510913,2236,970,17
office_4,seq_0010,14,random,5,4,32768,0.727020263671875,0.72698974609375,0.8660957897829829,0.35651201788708775,0.14999999999999988,5.102249484947636,4098,0.3845778428501708,1627,891,4
office_4,seq_0010,14,random,6,7,32768,0.7991943359375,0.781463623046875,0.8742553841454102,0.4121580547112462,0.30000000000000027,10.492855198010455,3179,0.3491664045297263,1334,717,18
office_4,seq_0010,14,random,7,13,32768,0.53521728515625,0.83599853515625,0.9171513285437336,0.7425476034143138,0.9045293066017996,39.924545051875796,3767,0.37350676931245025,1151,1192,17
office_4,seq_0010,14,random,8,10,32768,0.843963623046875,0.870513916015625,0.9210269390706924,0.5973009974574613,0.4499999999999997,17.18769397972123,2346,0.5085251491901108,711,439,3
office_4,seq_0010,14,random,9,11,32768,0.883056640625,0.84234619140625,0.9020597179983412,0.3914405010438413,0.14999999999999988,7.059018478295316,1883,0.2942113648433351,672,653,4
office_4,seq_0010,14,random,10,6,32768,0.89483642578125,0.75189208984375,0.8025714480594776,0.3206616366802089,0.14999999999999988,5.3615878589485115,1918,0.3467153284671533,783,467,3
office_4,seq_0010,14,random,11,9,32768,0.933349609375,0.870147705078125,0.8963510332199843,0.5032051282051282,0.14999999999999988,5.527058832857169,1455,0.4639175257731959,528,243,9
office_4,seq_0010,14,random,12,12,32768,0.923309326171875,0.84869384765625,0.8904974384399272,0.34540389972144847,0.15008687801745565,7.0332657053727745,1150,0.25217391304347825,538,322,0
office_4,seq_0010,14,random,13,8,32768,0.975250244140625,0.820709228515625,0.8318052382889508,0.3834771886559803,0.14999999999999988,5.51127993588428,571,0.3502626970227671,213,158,0
office_4,seq_0010,14,random,14,1,32768,0.886566162109375,0.777008056640625,0.823482840521841,0.4137745493677697,0.14999999999999988,4.955013276520796,2013,0.3482364629905613,849,409,54
office_4,seq_0010,14,sequential,1,0,32768,0.0,0.79052734375,,0.79052734375,,,8577,0.5984610003497727,2232,1108,104
office_4,seq_0010,14,sequential,2,1,32768,0.650543212890625,0.777008056640625,0.9190786696064174,0.5125316566238757,0.14999999999999988,4.955013276520796,5424,0.41648230088495575,2207,881,77
office_4,seq_0010,14,sequential,3,2,32768,0.7982177734375,0.815093994140625,0.8705841871845847,0.5955837870538415,0.14999999999999988,5.016464718252514,2776,0.5327809798270894,881,382,34
office_4,seq_0010,14,sequential,4,3,32768,0.746307373046875,0.799560546875,0.9111020241259457,0.471430289907374,0.15000000000000022,5.03765773029198,4224,0.41240530303030304,1584,894,4
office_4,seq_0010,14,sequential,5,4,32768,0.678466796875,0.72698974609375,0.900638718963656,0.3605732725892179,0.15000000000000005,5.102249484947642,4530,0.3759381898454746,1718,1091,18
office_4,seq_0010,14,sequential,6,5,32768,0.713470458984375,0.75433349609375,0.8762136960520125,0.4508467355415912,0.14999999999999988,5.093234616806191,4593,0.4278249510124102,1895,728,5
office_4,seq_0010,14,sequential,7,6,32768,0.8084716796875,0.75189208984375,0.8357617393930243,0.3978648820905035,0.14999999999999988,5.3615878589485115,3177,0.3978596159899276,1203,691,19
office_4,seq_0010,14,sequential,8,7,32768,0.87249755859375,0.781463623046875,0.8380902413431269,0.39396840593585447,0.15000000000000036,5.290787873473366,2106,0.34615384615384615,847,527,3
office_4,seq_0010,14,sequential,9,8,32768,0.920166015625,0.820709228515625,0.8530445741576015,0.44801223241590216,0.14999999999999988,5.51127993588428,1506,0.41434262948207173,590,291,1
office_4,seq_0010,14,sequential,10,9,32768,0.887786865234375,0.870147705078125,0.9158158880753497,0.5088387272232798,0.14999999999999988,5.527058832857169,2120,0.44481132075471697,693,477,7
office_4,seq_0010,14,sequential,11,10,32768,0.916168212890625,0.870513916015625,0.9011691815728989,0.535493265380415,0.14999999999999988,5.886706197719392,1325,0.4633962264150943,393,318,0
office_4,seq_0010,14,sequential,12,11,32768,0.8702392578125,0.84234619140625,0.9066839668957778,0.41086547507055504,0.14999999999999988,7.059018478295316,1737,0.24237190558434082,664,649,3
office_4,seq_0010,14,sequential,13,12,32768,0.910797119140625,0.84869384765625,0.8994471435751382,0.3304823811152925,0.15008687801745565,7.0332657053727745,1298,0.25192604006163327,613,358,0
office_4,seq_0010,14,sequential,14,13,32768,0.737640380859375,0.83599853515625,0.8675685739108849,0.7472374083982785,0.17255757059376656,9.070603518513279,2316,0.3873056994818653,590,812,17
office_4,seq_0009,19,spread,1,0,32768,0.0,0.86236572265625,,0.86236572265625,,,9096,0.6843667546174143,2319,509,43
office_4,seq_0009,19,spread,2,18,32768,0.358642578125,0.825164794921875,0.9124404356705241,0.7763608679101637,2.6999999999999997,58.00488564856419,7088,0.5558690744920993,1693,1261,194
office_4,seq_0009,19,spread,3,9,32768,0.65435791015625,0.83160400390625,0.9463669433821472,0.6143386897404203,1.3499999999999999,37.7445413012909,5538,0.5489346334416757,1761,722,15
office_4,seq_0009,19,spread,4,4,32768,0.72723388671875,0.78759765625,0.9127989928661351,0.453792794808682,0.6,19.343343146916183,4852,0.35469909315746084,1730,1397,4
office_4,seq_0009,19,spread,5,13,32768,0.78338623046875,0.797576904296875,0.8731203739774055,0.5243730628346013,0.6,18.881199351469846,3714,0.41922455573505657,1447,694,16
office_4,seq_0009,19,spread,6,15,32768,0.8465576171875,0.80596923828125,0.8819033886085076,0.38703261734287986,0.3,10.027430757019422,3097,0.35292218275750725,835,739,430
office_4,seq_0009,19,spread,7,2,32768,0.82666015625,0.790740966796875,0.8721943295924395,0.4022887323943662,0.29999999999999993,10.117373003050028,3817,0.34739324076499867,1617,733,141
office_4,seq_0009,19,spread,8,6,32768,0.90423583984375,0.788848876953125,0.837158285521431,0.3326959847036329,0.29999999999999993,9.990677235727235,2590,0.30386100386100384,921,746,136
office_4,seq_0009,19,spread,9,11,32768,0.839752197265625,0.80548095703125,0.8426790711196714,0.6105503713578366,0.29999999999999993,9.644042477927465,2836,0.5,1066,312,40
office_4,seq_0009,19,spread,10,16,32768,0.9161376953125,0.81903076171875,0.8522318454363758,0.45633187772925765,0.15000000000000016,5.062883341363676,1990,0.3100502512562814,413,436,524
office_4,seq_0009,19,spread,11,7,32768,0.923858642578125,0.800140380859375,0.8224820797410234,0.5290581162324649,0.15000000000000008,5.005901309173145,1736,0.3859447004608295,550,415,101
office_4,seq_0009,19,spread,12,1,32768,0.86761474609375,0.783935546875,0.860745691171298,0.2805440295066851,0.15000000000000002,5.141088740008551,2341,0.2776591200341734,922,685,84
office_4,seq_0009,19,spread,13,3,32768,0.942779541015625,0.778564453125,0.8114459586314051,0.2368,0.1499999999999999,5.091551184599041,1493,0.2290689886135298,550,527,74
office_4,seq_0009,19,spread,14,5,32768,0.9400634765625,0.81097412109375,0.8352486690040255,0.430244399185336,0.1499999999999999,4.9872770553862225,1734,0.41234140715109574,546,417,56
office_4,seq_0009,19,spread,15,8,32768,0.935699462890625,0.790008544921875,0.8224454518769773,0.3179876601803512,0.1499999999999999,4.952042888269413,1609,0.24362958359229334,623,457,137
office_4,seq_0009,19,spread,16,10,32768,0.960601806640625,0.82366943359375,0.8481430886043778,0.22695584817970565,0.1499999999999999,4.8691773259768105,1084,0.21955719557195572,371,469,6
office_4,seq_0009,19,spread,17,12,32768,0.909912109375,0.80267333984375,0.849577408103032,0.328929539295393,0.1499999999999999,4.837205174379047,2080,0.325,972,399,33
office_4,seq_0009,19,spread,18,14,32768,0.921630859375,0.791015625,0.8420198675496688,0.1911993769470405,0.14999999999999986,5.002693101197702,1634,0.22827417380660955,497,662,102
office_4,seq_0009,19,spread,19,17,32768,0.953643798828125,0.819305419921875,0.8453710518736599,0.28308097432521395,0.14999999999999986,5.072911047754988,1351,0.23538119911176905,200,358,475
office_4,seq_0009,19,random,1,2,32768,0.0,0.790740966796875,,0.790740966796875,,,8902,0.5839137272523028,2631,932,141
office_4,seq_0009,19,random,2,10,32768,0.556549072265625,0.82366943359375,0.9866206064593958,0.6191590392952997,1.2,34.27469792068152,7260,0.515564738292011,2193,1306,18
office_4,seq_0009,19,random,3,3,32768,0.819061279296875,0.778564453125,0.8640411341704236,0.39163433968628775,0.1499999999999999,5.091551184599041,4201,0.3787193525351107,1558,961,91
office_4,seq_0009,19,random,4,14,32768,0.608062744140625,0.791015625,0.9373149309912171,0.5640426691582964,0.6,19.297401590931386,5341,0.46994944766897584,1645,1076,110
office_4,seq_0009,19,random,5,0,32768,0.773406982421875,0.86236572265625,0.8959870575701377,0.7476094276094276,0.30000000000000004,10.103934522788533,3754,0.5689930740543421,1167,410,41
office_4,seq_0009,19,random,6,12,32768,0.79730224609375,0.80267333984375,0.8800428691724719,0.4983438723276122,0.2999999999999998,9.606421644072531,4135,0.4062877871825877,1678,702,75
office_4,seq_0009,19,random,7,4,32768,0.812103271484375,0.78759765625,0.8586298898951561,0.4805911970115316,0.15000000000000005,5.015491908912469,3436,0.33352735739231665,1141,1141,8
office_4,seq_0009,19,random,8,18,32768,0.76611328125,0.825164794921875,0.8959130019120459,0.5934237995824635,0.5999999999999998,19.58033963600479,4097,0.459116426653649,1123,902,191
office_4,seq_0009,19,random,9,7,32768,0.89288330078125,0.800140380859375,0.8359423063777428,0.5017094017094017,0.45,14.723169487676687,2223,0.4093567251461988,764,442,107
office_4,seq_0009,19,random,10,5,32768,0.919342041015625,0.81097412109375,0.8460414937759336,0.41127506621263715,0.15000000000000002,4.987277055386225,2200,0.4068181818181818,698,562,45
office_4,seq_0009,19,random,11,17,32768,0.90997314453125,0.819305419921875,0.8598832919712925,0.40915254237288134,0.14999999999999997,5.0729110477549915,2359,0.3353115727002967,502,544,522
office_4,seq_0009,19,random,12,16,32768,0.940826416015625,0.81903076171875,0.8537416069285413,0.26714801444043323,0.14999999999999986,5.062883341363666,1744,0.2345183486238532,378,429,528
office_4,seq_0009,19,random,13,8,32768,0.9339599609375,0.790008544921875,0.8230296693242714,0.3230129390018484,0.15,4.952042888269415,1751,0.2792689891490577,669,440,153
office_4,seq_0009,19,random,14,11,32768,0.902496337890625,0.80548095703125,0.823081865214892,0.642566510172144,0.1499999999999999,4.856418448446009,1903,0.5249605885444035,670,220,14
office_4,seq_0009,19,random,15,6,32768,0.9649658203125,0.788848876953125,0.8094560404807084,0.22125435540069685,0.1499999999999999,5.0335996353291605,1070,0.21214953271028036,349,382,112
office_4,seq_0009,19,random,16,13,32768,0.931365966796875,0.797576904296875,0.8387234181984993,0.23921742996887504,0.15000000000000002,4.887045874128055,1552,0.24806701030927836,672,483,12
office_4,seq_0009,19,random,17,9,32768,0.96551513671875,0.83160400390625,0.8451861685315127,0.45132743362831856,0.1499999999999999,4.916166626256942,1002,0.4341317365269461,370,195,2
office_4,seq_0009,19,random,18,1,32768,0.908721923828125,0.783935546875,0.8364509520771065,0.26111668338348376,0.15000000000000002,5.141088740008551,1623,0.24584103512014788,638,518,68
office_4,seq_0009,19,random,19,15,32768,0.963348388671875,0.80596923828125,0.8273830265783888,0.24313072439633637,0.14999999999999986,5.052402388256,1127,0.21650399290150843,194,315,374
office_4,seq_0009,19,sequential,1,0,32768,0.0,0.86236572265625,,0.86236572265625,,,9096,0.6843667546174143,2319,509,43
office_4,seq_0009,19,sequential,2,1,32768,0.710357666015625,0.783935546875,0.9360742363706663,0.4108102412812138,0.15000000000000002,5.141088740008551,5443,0.40345397758589013,2009,1146,92
office_4,seq_0009,19,sequential,3,2,32768,0.789215087890625,0.790740966796875,0.867754533854066,0.502388880845519,0.15000000000000002,5.098429403047605,4268,0.42361761949390814,1559,767,134
office_4,seq_0009,19,sequential,4,3,32768,0.876068115234375,0.778564453125,0.8410143867349427,0.33710908643191334,0.1499999999999999,5.091551184599041,2950,0.3254237288135593,1135,781,74
office_4,seq_0009,19,sequential,5,4,32768,0.770660400390625,0.78759765625,0.8681344790717934,0.5169660678642715,0.15000000000000005,5.015491908912469,4125,0.36072727272727273,1310,1319,8
office_4,seq_0009,19,sequential,6,5,32768,0.835235595703125,0.81097412109375,0.884650517008294,0.4374884237821819,0.15000000000000002,4.987277055386225,3898,0.4202154951257055,1353,835,72
office_4,seq_0009,19,sequential,7,6,32768,0.907440185546875,0.788848876953125,0.8227677820749958,0.45631388064622486,0.1499999999999999,5.0335996353291605,2305,0.3891540130151844,734,539,135
office_4,seq_0009,19,sequential,8,7,32768,0.86273193359375,0.800140380859375,0.8293243721259286,0.6167185415740329,0.15000000000000008,5.005901309173145,2881,0.5060742797639708,857,465,101
office_4,seq_0009,19,sequential,9,8,32768,0.887420654296875,0.790008544921875,0.8373396609236906,0.4169151531580374,0.15,4.952042888269415,2457,0.31583231583231586,1025,519,137
office_4,seq_0009,19,sequential,10,9,32768,0.827972412109375,0.83160400390625,0.8705539788433895,0.6441369522795813,0.1499999999999999,4.916166626256942,3133,0.5339929779763805,926,519,15
office_4,seq_0009,19,sequential,11,10,32768,0.92120361328125,0.82366943359375,0.8582455442920559,0.419442292796282,0.15000000000000016,4.8691773259768185,1814,0.3291069459757442,632,573,12
office_4,seq_0009,19,sequential,12,11,32768,0.853424072265625,0.80548095703125,0.8360808153048453,0.6273162606704143,0.1499999999999999,4.856418448446009,2709,0.5278700627537837,901,349,29
office_4,seq_0009,19,sequential,13,12,32768,0.83306884765625,0.80267333984375,0.8533225877353652,0.549908592321755,0.1499999999999999,4.837205174379047,3088,0.4329663212435233,1196,512,43
office_4,seq_0009,19,sequential,14,13,32768,0.8792724609375,0.797576904296875,0.8532555879494655,0.3920626895854398,0.15000000000000002,4.887045874128055,2196,0.30965391621129323,981,524,11
office_4,seq_0009,19,sequential,15,14,32768,0.90118408203125,0.791015625,0.8463934981374873,0.2859789993823348,0.15000000000000016,5.002693101197711,1993,0.2940291018564977,586,719,102
office_4,seq_0009,19,sequential,16,15,32768,0.93988037109375,0.80596923828125,0.8414507435547763,0.2512690355329949,0.14999999999999986,5.052402388256,1744,0.22993119266055045,380,530,433
office_4,seq_0009,19,sequential,17,16,32768,0.92340087890625,0.81903076171875,0.848172384162866,0.46772908366533866,0.15000000000000016,5.062883341363676,1900,0.3357894736842105,307,425,530
office_4,seq_0009,19,sequential,18,17,32768,0.9365234375,0.819305419921875,0.8508863399374348,0.35336538461538464,0.14999999999999986,5.072911047754988,1665,0.2816816816816817,257,451,488
office_4,seq_0009,19,sequential,19,18,32768,0.895751953125,0.825164794921875,0.8509130553284273,0.6039227166276346,0.14999999999999997,5.081623462149606,2015,0.45062034739454093,458,496,153
office_4,seq_0007,23,spread,1,0,32768,0.0,0.80426025390625,,0.80426025390625,,,9948,0.5992159227985525,2704,1253,30
office_4,seq_0007,23,spread,2,22,32768,0.040740966796875,0.890411376953125,0.899625468164794,0.8900200426303566,3.3000000000000003,68.65461071189821,5470,0.6475319926873857,1078,785,65
office_4,seq_0007,23,spread,3,11,32768,0.39947509765625,0.808197021484375,0.9070282658517953,0.7424535013720907,1.6500000000000001,44.36767655383307,6196,0.5054874112330536,1991,1005,68
office_4,seq_0007,23,spread,4,17,32768,0.67535400390625,0.87554931640625,0.9675101671938545,0.6842451588644483,0.7500000000000004,24.361549662023283,4298,0.4848766868310842,1523,674,17
office_4,seq_0007,23,spread,5,6,32768,0.694732666015625,0.78887939453125,0.8966395783000219,0.5436369089273217,0.7500000000000002,23.448070397494305,5149,0.43969702854923287,2153,712,20
office_4,seq_0007,23,spread,6,3,32768,0.806915283203125,0.824432373046875,0.8936500132370183,0.5351667456930614,0.4499999999999998,13.545102564268202,3761,0.48657272002127094,1512,409,10
office_4,seq_0007,23,spread,7,14,32768,0.88055419921875,0.828125,0.8771400845636653,0.4667858967807869,0.44999999999999934,14.965128035728235,2232,0.3875448028673835,842,519,6
office_4,seq_0007,23,spread,8,19,32768,0.875274658203125,0.909820556640625,0.9600781004846414,0.5571323709322241,0.3000000000000007,10.986820153654065,2557,0.4720375439968713,766,565,19
office_4,seq_0007,23,spread,9,8,32768,0.850830078125,0.766326904296875,0.8280846484935438,0.41407528641571195,0.30000000000000027,10.046891987300558,2466,0.4002433090024331,1018,457,4
office_4,seq_0007,23,spread,10,13,32768,0.927825927734375,0.84820556640625,0.8776107620958458,0.4701902748414376,0.15000000000000036,5.0524023882560165,1848,0.43506493506493504,750,289,5
office_4,seq_0007,23,spread,11,18,32768,0.92333984375,0.883819580078125,0.9310219460602855,0.31528662420382164,0.15000000000000036,5.495104599935564,1946,0.28365878725590954,723,568,103
office_4,seq_0007,23,spread,12,2,32768,0.919158935546875,0.803314208984375,0.8342242438327966,0.45186862967157415,0.15000000000000016,4.5762444759078456,1873,0.41217298451681794,891,208,2
office_4,seq_0007,23,spread,13,10,32768,0.934326171875,0.79150390625,0.8315259994773975,0.22211895910780668,0.15000000000000016,5.069111148090536,1661,0.19145093317278747,602,649,92
office_4,seq_0007,23,spread,14,15,32768,0.927276611328125,0.831329345703125,0.8633207174592726,0.4234158623583718,0.15000000000000016,5.095221039720415,1786,0.3258678611422172,734,460,10
office_4,seq_0007,23,spread,15,21,32768,0.930023193359375,0.8922119140625,0.9246267432321575,0.461404273877017,0.14999999999999994,6.279946638137314,1399,0.2944960686204432,480,483,24
office_4,seq_0007,23,spread,16,4,32768,0.848480224609375,0.768157958984375,0.8541883969355825,0.286404833836858,0.1499999999999999,4.750875689350478,2483,0.29359645590012085,1052,698,4
office_4,seq_0007,23,spread,17,7,32768,0.93377685546875,0.7955322265625,0.8188443689130008,0.46682027649769586,0.1499999999999999,4.989551886242274,1152,0.4652777777777778,490,123,3
office_4,seq_0007,23,spread,18,9,32768,0.978271484375,0.780914306640625,0.7916146743199401,0.2991573033707865,0.1499999999999999,5.068650372449301,545,0.25504587155963304,192,214,0
office_4,seq_0007,23,spread,19,12,32768,0.96966552734375,0.82513427734375,0.8348964562220683,0.5130784708249497,0.1499999999999999,5.069111148090528,737,0.5617367706919946,220,103,0
office_4,seq_0007,23,spread,20,1,32768,0.91546630859375,0.7987060546875,0.8395559703980265,0.35631768953068593,0.14999999999999972,4.652485936928543,1470,0.40068027210884355,692,189,0
office_4,seq_0007,23,spread,21,5,32768,0.975677490234375,0.81793212890625,0.8295642926402051,0.35131744040150564,0.14999999999999972,4.87305037782875,589,0.3531409168081494,345,36,0
office_4,seq_0007,23,spread,22,16,32768,0.965576171875,0.82794189453125,0.8442477876106195,0.37056737588652483,0.1499999999999995,5.192193796288886,856,0.33761682242990654,283,283,1
office_4,seq_0007,23,spread,23,20,32768,0.9403076171875,0.887176513671875,0.9246072958587563,0.29754601226993865,0.1499999999999995,5.889942246911179,1136,0.2323943661971831,467,366,39
office_4,seq_0007,23,random,1,18,32768,0.0,0.883819580078125,,0.883819580078125,,,7860,0.693384223918575,1521,784,105
office_4,seq_0007,23,random,2,4,32768,0.09466552734375,0.768157958984375,0.90715667311412,0.7536236769365604,2.1,49.32236780150053,8649,0.543299803445485,2688,1249,13
office_4,seq_0007,23,random,3,20,32768,0.672882080078125,0.887176513671875,0.9787291940677582,0.6988525048978449,0.2999999999999998,11.657966223457818,3822,0.49502878074306644,1298,589,43
office_4,seq_0007,23,random,4,10,32768,0.616607666015625,0.79150390625,0.9456570155902004,0.5435803550107459,0.8999999999999999,28.023044502591564,5823,0.3975613944702044,2096,1309,103
office_4,seq_0007,23,random,5,11,32768,0.85870361328125,0.808197021484375,0.8738360935389864,0.40928725701943847,0.15000000000000016,5.081623462149612,2886,0.3607068607068607,1048,725,72
office_4,seq_0007,23,random,6,2,32768,0.768218994140625,0.803314208984375,0.8889286139911811,0.5195523370638578,0.3000000000000001,9.094836324880303,4505,0.4486126526082131,1771,694,19
office_4,seq_0007,23,random,7,21,32768,0.882781982421875,0.8922119140625,0.9362187575621391,0.5607914605571466,0.15000000000000036,6.279946638137331,2208,0.43342391304347827,633,593,25
office_4,seq_0007,23,random,8,6,32768,0.7586669921875,0.78887939453125,0.8812952534191473,0.49835609509357615,0.2999999999999998,9.842503004162866,4073,0.3974957034127179,1899,548,7
office_4,seq_0007,23,random,9,19,32768,0.8984375,0.909820556640625,0.9477921195652174,0.5739182692307693,0.1499999999999995,5.544376195928941,2210,0.4828054298642534,613,512,18
office_4,seq_0007,23,random,10,3,32768,0.90264892578125,0.824432373046875,0.8665224153086754,0.4341692789968652,0.1499999999999999,4.591218061714616,2187,0.42203932327389115,967,289,8
office_4,seq_0007,23,random,11,22,32768,0.900543212890625,0.890411376953125,0.9332407062252194,0.5026081620128874,0.14999999999999994,6.634406714394948,1608,0.26990049751243783,548,569,57
office_4,seq_0007,23,random,12,8,32768,0.8780517578125,0.766326904296875,0.8226748227443348,0.3606106106106106,0.2999999999999998,10.046891987300544,2128,0.36607142857142855,938,410,1
office_4,seq_0007,23,random,13,0,32768,0.874847412109375,0.80426025390625,0.8382460669061987,0.5666910509631797,0.2999999999999998,8.94584373023403,2494,0.48195669607056935,846,439,7
office_4,seq_0007,23,random,14,12,32768,0.945068359375,0.82513427734375,0.8449044174631878,0.485,0.1499999999999999,5.069111148090528,1190,0.5739495798319327,354,153,0
office_4,seq_0007,23,random,15,16,32768,0.9031982421875,0.82794189453125,0.8560278416002163,0.5658890290037831,0.2999999999999998,10.300483486296995,1690,0.45798816568047335,522,393,1
office_4,seq_0007,23,random,16,13,32768,0.94287109375,0.84820556640625,0.8769419989642672,0.37393162393162394,0.1499999999999999,5.052402388256001,1324,0.3731117824773414,532,293,5
office_4,seq_0007,23,random,17,7,32768,0.9351806640625,0.7955322265625,0.8194099986946873,0.4510357815442561,0.1499999999999999,4.989551886242274,1137,0.4476693051890941,490,135,3
office_4,seq_0007,23,random,18,5,32768,0.968536376953125,0.81793212890625,0.8318681664933674,0.3889427740058196,0.14999999999999972,4.87305037782875,740,0.3675675675675676,425,43,0
office_4,seq_0007,23,random,19,17,32768,0.951995849609375,0.87554931640625,0.9076133995832666,0.2396694214876033,0.1499999999999995,5.174717971756084,1134,0.2275132275132275,544,322,10
office_4,seq_0007,23,random,20,14,32768,0.975067138671875,0.828125,0.8416637976902132,0.29865361077111385,0.15000000000000036,5.091551184599056,693,0.240981240981241,283,238,5
office_4,seq_0007,23,random,21,9,32768,0.980316162109375,0.780914306640625,0.7911465305233011,0.2713178294573643,0.1499999999999999,5.068650372449301,497,0.22937625754527163,188,195,0
office_4,seq_0007,23,random,22,1,32768,0.928466796875,0.7987060546875,0.8355574546410728,0.3203924914675768,0.14999999999999972,4.652485936928543,1246,0.3780096308186196,601,174,0
office_4,seq_0007,23,random,23,15,32768,0.952606201171875,0.831329345703125,0.859426557744674,0.26658081133290407,0.1499999999999997,5.095221039720399,1454,0.265474552957359,617,441,10
office_4,seq_0007,23,sequential,1,0,32768,0.0,0.80426025390625,,0.80426025390625,,,9948,0.5992159227985525,2704,1253,30
office_4,seq_0007,23,sequential,2,1,32768,0.580352783203125,0.7987060546875,0.9487300836094021,0.5912297287470002,0.1500000000000001,4.652485936928556,6705,0.5130499627143923,2356,891,18
office_4,seq_0007,23,sequential,3,2,32768,0.804443359375,0.803314208984375,0.879855842185129,0.4884519350811486,0.14999999999999972,4.576244475907832,3682,0.4364475828354155,1676,393,6
office_4,seq_0007,23,sequential,4,3,32768,0.83660888671875,0.824432373046875,0.8803166265411834,0.538289129622712,0.15000000000000016,4.591218061714624,3523,0.5163213170593245,1379,318,7
office_4,seq_0007,23,sequential,5,4,32768,0.766876220703125,0.768157958984375,0.8843567193282661,0.3859143866998298,0.1499999999999999,4.750875689350478,3755,0.3619174434087883,1491,895,10
office_4,seq_0007,23,sequential,6,5,32768,0.890380859375,0.81793212890625,0.8481285988483686,0.5726614699331849,0.1500000000000001,4.873050377828762,2380,0.5369747899159664,927,175,0
office_4,seq_0007,23,sequential,7,6,32768,0.7933349609375,0.78887939453125,0.864440683182028,0.4988186650915535,0.14999999999999972,4.957827052191804,3756,0.4440894568690096,1700,384,4
office_4,seq_0007,23,sequential,8,7,32768,0.861846923828125,0.7955322265625,0.835522821429836,0.5460569913850232,0.15000000000000036,4.989551886242289,2225,0.4907865168539326,862,269,2
office_4,seq_0007,23,sequential,9,8,32768,0.829376220703125,0.766326904296875,0.833535710343305,0.4396351278840994,0.1499999999999999,5.0623598538169,2623,0.4338543652306519,1064,421,0
office_4,seq_0007,23,sequential,10,9,32768,0.857635498046875,0.780914306640625,0.828310144824396,0.49539121114683815,0.1499999999999999,5.068650372449301,1886,0.38812301166489926,700,454,0
office_4,seq_0007,23,sequential,11,10,32768,0.8643798828125,0.79150390625,0.8429247281457422,0.46377137713771377,0.1499999999999999,5.069111148090528,2563,0.33008193523214985,839,773,105
office_4,seq_0007,23,sequential,12,11,32768,0.9373779296875,0.808197021484375,0.8360463602031515,0.3913255360623782,0.15000000000000016,5.081623462149612,1161,0.2997416020671835,375,380,58
office_4,seq_0007,23,sequential,13,12,32768,0.94891357421875,0.82513427734375,0.8414806715121889,0.521505376344086,0.1499999999999999,5.069111148090528,1034,0.5822050290135397,307,125,0
office_4,seq_0007,23,sequential,14,13,32768,0.9117431640625,0.84820556640625,0.8748828491096532,0.5726141078838174,0.1499999999999999,5.052402388256001,1661,0.5033112582781457,537,283,5
office_4,seq_0007,23,sequential,15,14,32768,0.9176025390625,0.828125,0.8383663695623254,0.7140740740740741,0.15000000000000036,5.091551184599056,1529,0.5951602354480052,366,247,6
office_4,seq_0007,23,sequential,16,15,32768,0.91192626953125,0.831329345703125,0.8604845726524329,0.5294525294525294,0.15000000000000016,5.095221039720415,2145,0.4256410256410256,725,496,11
office_4,seq_0007,23,sequential,17,16,32768,0.91357421875,0.82794189453125,0.8548236237306254,0.5437853107344632,0.1499999999999997,5.192193796288893,1728,0.4357638888888889,490,482,3
office_4,seq_0007,23,sequential,18,17,32768,0.88214111328125,0.87554931640625,0.9054521552618834,0.6517348524080787,0.1499999999999995,5.174717971756084,1611,0.40099317194289263,579,377,9
office_4,seq_0007,23,sequential,19,18,32768,0.923004150390625,0.883819580078125,0.9289469333774177,0.3428458184700753,0.15000000000000036,5.495104599935564,1839,0.3066884176182708,592,578,105
office_4,seq_0007,23,sequential,20,19,32768,0.907073974609375,0.909820556640625,0.9470107324294318,0.5467980295566502,0.15000000000000036,5.544376195928973,1746,0.43012600229095077,503,474,18
office_4,seq_0007,23,sequential,21,20,32768,0.88836669921875,0.887176513671875,0.9293026451391274,0.5519409513395298,0.1499999999999995,5.889942246911179,1488,0.30913978494623656,558,430,40
office_4,seq_0007,23,sequential,22,21,32768,0.944976806640625,0.8922119140625,0.9255288228645244,0.32002218524681086,0.15000000000000036,6.279946638137331,1289,0.2591155934833204,442,488,25
office_4,seq_0007,23,sequential,23,22,32768,0.91546630859375,0.890411376953125,0.9260617374491633,0.5043321299638989,0.14999999999999994,6.634406714394948,1281,0.2576112412177986,430,468,53
office_4,seq_0011,24,spread,1,0,32768,0.0,0.850616455078125,,0.850616455078125,,,8027,0.6863087081101283,1811,693,14
office_4,seq_0011,24,spread,2,23,32768,0.1904296875,0.841583251953125,0.9612179487179487,0.813442400482509,3.4499999999999993,68.48161122428536,5694,0.565331928345627,2004,470,1
office_4,seq_0011,24,spread,3,11,32768,0.614837646484375,0.903350830078125,0.9722042984067106,0.7934395055859282,1.6500000000000001,44.423872313500596,5440,0.6341911764705882,1249,672,69
office_4,seq_0011,24,spread,4,17,32768,0.74505615234375,0.917022705078125,0.9798885885147866,0.7333014124970074,0.8999999999999996,31.667027527620792,4391,0.5953085857435664,1191,493,93
office_4,seq_0011,24,spread,5,5,32768,0.838134765625,0.8623046875,0.9286702592484707,0.5186651583710408,0.7499999999999999,23.472197987672054,3425,0.38306569343065694,1413,700,0
office_4,seq_0011,24,spread,6,8,32768,0.89068603515625,0.881622314453125,0.9316110463921058,0.47431602456728084,0.45,14.750932668852286,2794,0.4051539012168933,1021,641,0
office_4,seq_0011,24,spread,7,14,32768,0.8997802734375,0.8961181640625,0.9420363587030254,0.4838611449451888,0.44999999999999996,15.317314691740766,2670,0.44307116104868915,991,407,89
office_4,seq_0011,24,spread,8,20,32768,0.85028076171875,0.91351318359375,0.9708204723279018,0.588055442315532,0.4499999999999995,19.541935037764343,2784,0.49173850574712646,937,451,27
office_4,seq_0011,24,spread,9,3,32768,0.9051513671875,0.859375,0.9054619015509103,0.4195624195624196,0.30000000000000004,10.027893932297276,2267,0.37318041464490515,1123,296,2
office_4,seq_0011,24,spread,10,4,32768,0.9239501953125,0.848419189453125,0.9002510239133307,0.21869983948635635,0.15000000000000002,5.0406988354973565,2114,0.16319772942289498,686,650,433
office_4,seq_0011,24,spread,11,13,32768,0.942840576171875,0.905059814453125,0.9253277229325133,0.5707421249332622,0.15000000000000002,5.100575740124826,1596,0.5344611528822055,440,257,46
office_4,seq_0011,24,spread,12,15,32768,0.899169921875,0.881988525390625,0.9386030409991855,0.3771186440677966,0.15000000000000002,5.32461601712808,2499,0.3625450180072029,828,744,21
office_4,seq_0011,24,spread,13,19,32768,0.947357177734375,0.919769287109375,0.9464291466675256,0.44,0.15000000000000002,6.485920507247675,1347,0.38752783964365256,560,248,17
office_4,seq_0011,24,spread,14,1,32768,0.91619873046875,0.854827880859375,0.8834854440077277,0.5415149308084487,0.15,5.189514837412932,1735,0.3798270893371758,497,396,183
office_4,seq_0011,24,spread,15,2,32768,0.875244140625,0.8223876953125,0.87778940027894,0.43370841487279843,0.15,5.089012143073621,1840,0.30543478260869567,639,627,12
office_4,seq_0011,24,spread,16,6,32768,0.966888427734375,0.875457763671875,0.8922766152195184,0.38433179723502303,0.15,5.0106883307316465,836,0.2631578947368421,279,317,20
office_4,seq_0011,24,spread,17,7,32768,0.938690185546875,0.88427734375,0.896713157124744,0.6938775510204082,0.15,4.957800013705666,1253,0.5363128491620112,306,275,0
office_4,seq_0011,24,spread,18,10,32768,0.964996337890625,0.880950927734375,0.9019006356535214,0.30340017436791633,0.15,5.0915511845990435,1095,0.29863013698630136,471,245,52
office_4,seq_0011,24,spread,19,16,32768,0.95233154296875,0.92193603515625,0.9435364993911427,0.49039692701664533,0.15,5.722957054969542,1181,0.42506350550381033,432,182,65
office_4,seq_0011,24,spread,20,21,32768,0.940704345703125,0.920989990234375,0.9541281427412814,0.3952650540401441,0.15,7.107744013667671,1434,0.40446304044630405,585,260,9
office_4,seq_0011,24,spread,21,9,32768,0.965301513671875,0.8692626953125,0.8894122854162057,0.3087071240105541,0.14999999999999977,5.072911047754985,1059,0.307837582625118,373,279,81
office_4,seq_0011,24,spread,22,12,32768,0.9853515625,0.9100341796875,0.9177713082259663,0.38958333333333334,0.14999999999999977,5.081623462149599,449,0.39198218262806234,145,123,5
office_4,seq_0011,24,spread,23,18,32768,0.957427978515625,0.892913818359375,0.9199949000733114,0.2838709677419355,0.14999999999999958,5.956258987959966,1095,0.28949771689497716,459,254,65
office_4,seq_0011,24,spread,24,22,32768,0.95086669921875,0.921478271484375,0.9490018614801977,0.38881987577639754,0.14999999999999958,7.118903056996967,1238,0.3578352180936995,466,329,0
office_4,seq_0011,24,random,1,18,32768,0.0,0.892913818359375,,0.892913818359375,,,8400,0.6861904761904762,1872,635,129
office_4,seq_0011,24,random,2,4,32768,0.352691650390625,0.848419189453125,0.9858094661244268,0.7735608882183772,2.099999999999999,50.999216613104906,7176,0.5487736900780379,1792,1013,433
office_4,seq_0011,24,random,3,21,32768,0.641632080078125,0.920989990234375,0.9839239001189061,0.8083113344119901,0.4500000000000004,20.509894601146637,4281,0.5996262555477692,1186,510,18
office_4,seq_0011,24,random,4,10,32768,0.705169677734375,0.880950927734375,0.9532609166053577,0.7080012421074423,0.9,28.128689973205013,4682,0.5309696710807348,1514,597,85
office_4,seq_0011,24,random,5,11,32768,0.88739013671875,0.903350830078125,0.9443909484833896,0.5799457994579946,0.15,5.0915511845990435,2781,0.5127651923768428,775,518,62
office_4,seq_0011,24,random,6,2,32768,0.75311279296875,0.8223876953125,0.9299781181619255,0.4941903584672435,0.3,10.098973599693979,3875,0.3891612903225806,1453,896,18
office_4,seq_0011,24,random,7,22,32768,0.87274169921875,0.921478271484375,0.9751381215469613,0.5534772182254196,0.15,7.118903056996987,2720,0.4904411764705882,1019,367,0
office_4,seq_0011,24,random,8,6,32768,0.920440673828125,0.875457763671875,0.9200291767514339,0.3598005370157269,0.3,9.945884421616476,1938,0.29876160990712075,817,522,20
office_4,seq_0011,24,random,9,23,32768,0.78424072265625,0.841583251953125,0.9413183905362285,0.4790664780763791,0.14999999999999958,6.2927072273868125,2890,0.3629757785467128,1422,418,1
office_4,seq_0011,24,random,10,3,32768,0.944427490234375,0.859375,0.8880990079813875,0.371224601867106,0.15,5.052639364564788,1484,0.30997304582210244,767,255,2
office_4,seq_0011,24,random,11,20,32768,0.90606689453125,0.91351318359375,0.9608622431795217,0.4567901234567901,0.15,6.747534002646277,2127,0.4236013164080865,802,408,16
office_4,seq_0011,24,random,12,8,32768,0.945831298828125,0.881622314453125,0.9106249798341561,0.3752112676056338,0.30000000000000004,9.955723386441905,1486,0.33580080753701214,605,382,0
office_4,seq_0011,24,random,13,0,32768,0.9185791015625,0.850616455078125,0.8707641196013289,0.6233133433283359,0.3,10.715161485628347,1745,0.4796561604584527,536,365,7
office_4,seq_0011,24,random,14,16,32768,0.93353271484375,0.92193603515625,0.9485779666557699,0.5477502295684114,0.29999999999999954,11.333945510246078,1542,0.43320363164721143,501,278,95
office_4,seq_0011,24,random,15,12,32768,0.966033935546875,0.9100341796875,0.9268993839835729,0.4303683737646002,0.14999999999999977,5.081623462149599,985,0.42538071065989846,291,254,21
office_4,seq_0011,24,random,16,19,32768,0.952545166015625,0.919769287109375,0.945279210585333,0.4077170418006431,0.15000000000000002,6.485920507247675,1202,0.3843594009983361,536,194,10
office_4,seq_0011,24,random,17,13,32768,0.959197998046875,0.905059814453125,0.9200789029938595,0.5519820493642483,0.15000000000000022,5.100575740124833,1111,0.5085508550855086,324,192,30
office_4,seq_0011,24,random,18,7,32768,0.930877685546875,0.88427734375,0.9009933449168934,0.6591611479028697,0.15,4.957800013705666,1391,0.4802300503235083,387,336,0
office_4,seq_0011,24,random,19,5,32768,0.977325439453125,0.8623046875,0.8785636221701796,0.16150740242261102,0.15,4.96351854583405,694,0.15129682997118155,348,241,0
office_4,seq_0011,24,random,20,17,32768,0.958892822265625,0.917022705078125,0.9380987237834569,0.42538975501113585,0.14999999999999958,5.869557435418166,1118,0.39087656529516995,457,178,46
office_4,seq_0011,24,random,21,14,32768,0.97076416015625,0.8961181640625,0.9104684061615844,0.4196242171189979,0.15000000000000002,5.2165261541014,867,0.4002306805074971,324,157,39
office_4,seq_0011,24,random,22,9,32768,0.969879150390625,0.8692626953125,0.8872596834586702,0.28976697061803447,0.14999999999999977,5.072911047754985,934,0.2890792291220557,309,274,81
office_4,seq_0011,24,random,23,1,32768,0.94927978515625,0.854827880859375,0.8761653700250756,0.4554753309265945,0.15,5.189514837412932,1208,0.31788079470198677,315,328,181
office_4,seq_0011,24,random,24,15,32768,0.940032958984375,0.881988525390625,0.9218582605590364,0.25699745547073793,0.15,5.324616017128079,1626,0.24538745387453875,538,679,10
office_4,seq_0011,24,sequential,1,0,32768,0.0,0.850616455078125,,0.850616455078125,,,8027,0.6863087081101283,1811,693,14
office_4,seq_0011,24,sequential,2,1,32768,0.730926513671875,0.854827880859375,0.9376226462360653,0.6299194737439038,0.15,5.189514837412932,5115,0.5149560117302053,1620,667,194
office_4,seq_0011,24,sequential,3,2,32768,0.721923828125,0.8223876953125,0.9253889076766993,0.554982440737489,0.15,5.089012143073621,4482,0.4714413208389112,1440,908,21
office_4,seq_0011,24,sequential,4,3,32768,0.810028076171875,0.859375,0.9129337301736804,0.631004016064257,0.15,5.052639364564788,3353,0.5460781389800179,1282,237,3
office_4,seq_0011,24,sequential,5,4,32768,0.89385986328125,0.848419189453125,0.9081939228405599,0.3450258769407706,0.15000000000000002,5.0406988354973565,2932,0.28956343792633016,816,841,426
office_4,seq_0011,24,sequential,6,5,32768,0.893798828125,0.8623046875,0.8958617863971593,0.5798850574712644,0.15000000000000002,4.96351854583405,2369,0.4554664415365133,845,445,0
office_4,seq_0011,24,sequential,7,6,32768,0.86724853515625,0.875457763671875,0.9009430642550497,0.7089655172413794,0.15,5.0106883307316465,2425,0.5736082474226805,558,456,20
office_4,seq_0011,24,sequential,8,7,32768,0.87554931640625,0.88427734375,0.9071104914604392,0.7236390387444825,0.15000000000000002,4.957800013705667,2604,0.6201996927803379,644,345,0
office_4,seq_0011,24,sequential,9,8,32768,0.926239013671875,0.881622314453125,0.9133142235840664,0.48365742656185357,0.15,5.0157205115318755,1913,0.4605331939362258,692,340,0
office_4,seq_0011,24,sequential,10,9,32768,0.91552734375,0.8692626953125,0.9103666666666667,0.42377167630057805,0.14999999999999977,5.072911047754985,2440,0.4163934426229508,848,473,103
office_4,seq_0011,24,sequential,11,10,32768,0.937103271484375,0.880950927734375,0.9145797375191325,0.3799126637554585,0.15000000000000022,5.0915511845990515,1820,0.3686813186813187,644,440,65
office_4,seq_0011,24,sequential,12,11,32768,0.93414306640625,0.903350830078125,0.9293041489709245,0.5352177942539388,0.15,5.0915511845990435,1787,0.4801343033016228,448,421,60
office_4,seq_0011,24,sequential,13,12,32768,0.946075439453125,0.9100341796875,0.9349698396825908,0.4725523486134692,0.14999999999999977,5.081623462149599,1472,0.4578804347826087,392,360,46
office_4,seq_0011,24,sequential,14,13,32768,0.936920166015625,0.905059814453125,0.9272987850558614,0.5747460087082729,0.15000000000000022,5.100575740124833,1633,0.5345988977342315,507,217,36
office_4,seq_0011,24,sequential,15,14,32768,0.95428466796875,0.8961181640625,0.9167252958106812,0.465954606141522,0.15000000000000002,5.2165261541014,1299,0.4295612009237875,435,243,63
office_4,seq_0011,24,sequential,16,15,32768,0.87542724609375,0.881988525390625,0.9563201561737433,0.3596276335129838,0.15000000000000002,5.32461601712808,2773,0.3415073927154706,1041,766,19
office_4,seq_0011,24,sequential,17,16,32768,0.920562744140625,0.92193603515625,0.9436764462124979,0.6699961582789089,0.15,5.722957054969542,1440,0.49930555555555556,484,176,61
office_4,seq_0011,24,sequential,18,17,32768,0.931884765625,0.917022705078125,0.9496987162693215,0.4699820788530466,0.15,5.869557435418182,1688,0.42713270142180093,619,268,80
office_4,seq_0011,24,sequential,19,18,32768,0.9456787109375,0.892913818359375,0.9235833225764812,0.35898876404494384,0.14999999999999958,5.956258987959966,1296,0.33564814814814814,523,272,66
office_4,seq_0011,24,sequential,20,19,32768,0.943450927734375,0.919769287109375,0.9435549086204108,0.5229357798165137,0.15000000000000044,6.485920507247694,1321,0.441332323996972,542,181,15
office_4,seq_0011,24,sequential,21,20,32768,0.933441162109375,0.91351318359375,0.9472651780168045,0.4401650618982118,0.15000000000000002,6.747534002646278,1426,0.42566619915848525,526,290,3
office_4,seq_0011,24,sequential,22,21,32768,0.941986083984375,0.920989990234375,0.9532834418634788,0.39663335086796425,0.15,7.107744013667671,1403,0.4091233071988596,576,245,8
office_4,seq_0011,24,sequential,23,22,32768,0.94842529296875,0.921478271484375,0.9501898449063646,0.39349112426035504,0.15,7.118903056996987,1292,0.3606811145510836,494,332,0
office_4,seq_0011,24,sequential,24,23,32768,0.886566162109375,0.841583251953125,0.9074042201645383,0.3271455474845305,0.14999999999999958,6.2927072273868125,1953,0.28776241679467485,1001,389,1
frl_apartment_5,seq_0009,34,spread,1,0,32768,0.0,0.533660888671875,,0.533660888671875,,,10792,0.4440326167531505,2176,1984,1840
frl_apartment_5,seq_0009,34,spread,2,33,32768,0.022003173828125,0.587921142578125,0.8876560332871013,0.5811776453334165,4.994758012281308,76.89788683591968,7658,0.3239749281796814,2443,1727,1007
frl_apartment_5,seq_0009,34,spread,3,17,32768,0.1458740234375,0.482818603515625,0.5550209205020921,0.47048735172216666,2.4910053394660387,52.4821877288392,9736,0.4302588331963845,2385,1902,1260
frl_apartment_5,seq_0009,34,spread,4,25,32768,0.343597412109375,0.593231201171875,0.6663113953281818,0.5549769863777954,1.206783635731782,35.51090646466358,7238,0.5084277424702957,1562,980,1016
frl_apartment_5,seq_0009,34,spread,5,8,32768,0.627197265625,0.49932861328125,0.502092253795251,0.4946791093647675,1.2,34.740134198143686,6572,0.40368228849665244,2053,1274,592
frl_apartment_5,seq_0009,34,spread,6,29,32768,0.477813720703125,0.607452392578125,0.9273168550807945,0.31476827771608906,0.6522916026544827,23.11804719749765,5655,0.3204244031830239,1697,1130,1016
frl_apartment_5,seq_0009,34,spread,7,21,32768,0.7344970703125,0.517791748046875,0.5477812863553265,0.43482758620689654,0.6024633331362598,18.442967690972985,4498,0.3948421520675856,1304,784,634
frl_apartment_5,seq_0009,34,spread,8,12,32768,0.727996826171875,0.477996826171875,0.4864808216306854,0.45529002580500394,0.5999999999999999,18.306844718786728,5756,0.3941973592772759,2095,1062,330
frl_apartment_5,seq_0009,34,spread,9,4,32768,0.856048583984375,0.524566650390625,0.5439021781754662,0.40958236167055334,0.5999999999999998,19.328973131563444,3936,0.3699186991869919,1276,868,336
frl_apartment_5,seq_0009,34,spread,10,27,32768,0.7510986328125,0.580841064453125,0.7174955306354623,0.16846493379107405,0.3238355368123859,11.339843257852774,3521,0.24282874183470604,936,776,954
frl_apartment_5,seq_0009,34,spread,11,31,32768,0.783477783203125,0.58038330078125,0.6654461886028122,0.2725863284002819,0.3207049672838866,12.323938031174599,4336,0.23477859778597787,1361,1132,825
frl_apartment_5,seq_0009,34,spread,12,23,32768,0.87176513671875,0.539642333984375,0.5681229433592383,0.34602570204664446,0.3006425359730072,9.75257242737216,3148,0.29764930114358323,981,608,622
frl_apartment_5,seq_0009,34,spread,13,19,32768,0.90728759765625,0.504913330078125,0.5264715775311134,0.29394338380513496,0.3000000000000004,9.084022117787784,2667,0.275965504311961,805,781,345
frl_apartment_5,seq_0009,34,spread,14,2,32768,0.862457275390625,0.51641845703125,0.5396836629984785,0.37053472376303526,0.3,10.027893932297275,3360,0.30297619047619045,1058,973,311
frl_apartment_5,seq_0009,34,spread,15,14,32768,0.82110595703125,0.465118408203125,0.4724225079907827,0.43159331286250424,0.3,9.143874783697639,4289,0.3429703893681511,1553,966,299
frl_apartment_5,seq_0009,34,spread,16,6,32768,0.928009033203125,0.512725830078125,0.524285573349995,0.36371343789741417,0.29999999999999977,9.891192330533743,2129,0.3231564114607797,772,551,118
frl_apartment_5,seq_0009,34,spread,17,10,32768,0.8868408203125,0.49542236328125,0.5112525808671714,0.3713592233009709,0.29999999999999977,9.71646444262082,2815,0.3122557726465364,1082,715,139
frl_apartment_5,seq_0009,34,spread,18,30,32768,0.874786376953125,0.6058349609375,0.6698412698412698,0.15866439190835974,0.16787927674222217,6.362683296470105,2747,0.1809246450673462,893,674,683
frl_apartment_5,seq_0009,34,spread,19,28,32768,0.9244384765625,0.602569580078125,0.6396738412782252,0.14862681744749595,0.16193739178266608,5.843605061713582,1834,0.16521264994547438,479,435,617
frl_apartment_5,seq_0009,34,spread,20,26,32768,0.909942626953125,0.57666015625,0.606097192876547,0.27922738054896645,0.16191776840619276,5.643730377011991,1933,0.26073460941541643,513,409,507
frl_apartment_5,seq_0009,34,spread,21,20,32768,0.8880615234375,0.46624755859375,0.48185567010309277,0.34242093784078514,0.151277281254115,4.768404888783229,2185,0.28924485125858124,854,442,257
frl_apartment_5,seq_0009,34,spread,22,22,32768,0.93048095703125,0.521209716796875,0.5408986552968186,0.25768217734855137,0.15118576252926974,4.875492991622709,2059,0.24963574550752793,555,590,400
frl_apartment_5,seq_0009,34,spread,23,32,32768,0.855682373046875,0.554412841796875,0.6229180783908128,0.1482342990061324,0.1511525577089406,6.407683156308161,3624,0.12858719646799116,1048,1259,851
frl_apartment_5,seq_0009,34,spread,24,24,32768,0.952484130859375,0.56182861328125,0.5783858255102368,0.22992935131663456,0.15017582389383624,4.972682903626936,1498,0.23097463284379172,427,348,377
frl_apartment_5,seq_0009,34,spread,25,9,32768,0.943145751953125,0.505859375,0.5205953729170038,0.261406333870102,0.15000000000000008,4.927398419089826,1779,0.26082068577852724,726,469,120
frl_apartment_5,seq_0009,34,spread,26,15,32768,0.933990478515625,0.477783203125,0.4874366933507597,0.34119278779472956,0.15000000000000008,4.524359347021863,1907,0.3036182485579444,547,611,170
frl_apartment_5,seq_0009,34,spread,27,7,32768,0.96124267578125,0.5152587890625,0.5257159184710141,0.2559055118110236,0.14999999999999988,4.958426233703198,1224,0.25245098039215685,528,313,74
frl_apartment_5,seq_0009,34,spread,28,18,32768,0.934234619140625,0.491729736328125,0.5018782870022539,0.3475638051044084,0.14999999999999988,4.466716715190091,2002,0.34715284715284717,685,444,178
frl_apartment_5,seq_0009,34,spread,29,1,32768,0.935394287109375,0.523162841796875,0.5414505236370755,0.2583845063769485,0.14999999999999966,5.039503123906831,2036,0.2539292730844794,598,714,207
frl_apartment_5,seq_0009,34,spread,30,5,32768,0.966644287109375,0.517333984375,0.5234411996842936,0.3403476669716377,0.14999999999999966,4.989887356174396,1014,0.32938856015779094,331,296,53
frl_apartment_5,seq_0009,34,spread,31,11,32768,0.955963134765625,0.479400634765625,0.49107741420590584,0.2259182259182259,0.14999999999999966,4.856492424944802,1332,0.21921921921921922,566,391,83
frl_apartment_5,seq_0009,34,spread,32,16,32768,0.963836669921875,0.4688720703125,0.4797201025868347,0.17974683544303796,0.14999999999999966,4.376942238682937,1144,0.17657342657342656,374,436,132
frl_apartment_5,seq_0009,34,spread,33,3,32768,0.959503173828125,0.51629638671875,0.52339302185045,0.34815373021853807,0.14999999999999944,5.010688330731627,1214,0.31795716639209226,337,414,77
frl_apartment_5,seq_0009,34,spread,34,13,32768,0.9278564453125,0.4927978515625,0.5017760820944612,0.377326565143824,0.14999999999999944,4.7086523282862265,1811,0.2887907233572612,744,446,98
frl_apartment_5,seq_0009,34,random,1,2,32768,0.0,0.51641845703125,,0.51641845703125,,,10669,0.4444652732214828,2139,1985,1803
frl_apartment_5,seq_0009,34,random,2,11,32768,0.376007080078125,0.479400634765625,0.5209804398993588,0.45434538074045094,1.3499999999999999,37.40471879028512,8717,0.44763106573362393,2443,1445,927
frl_apartment_5,seq_0009,34,random,3,25,32768,0.282470703125,0.593231201171875,0.4338807260155575,0.6559629125552909,2.1038837286005174,51.20659567202281,8116,0.5568013799901429,1615,962,1020
frl_apartment_5,seq_0009,34,random,4,23,32768,0.62432861328125,0.539642333984375,0.4970671619904194,0.6103980503655565,0.3006425359730072,9.75257242737216,6295,0.44416203335980936,1753,957,789
frl_apartment_5,seq_0009,34,random,5,19,32768,0.6446533203125,0.504913330078125,0.6100643817458815,0.31415321195465473,0.609665726791057,18.00040586636972,5587,0.3624485412564883,1511,1351,700
frl_apartment_5,seq_0009,34,random,6,4,32768,0.776458740234375,0.524566650390625,0.5363754274260111,0.4835494880546075,0.3,9.947447702604014,4914,0.3838013838013838,1678,989,361
frl_apartment_5,seq_0009,34,random,7,33,32768,0.3695068359375,0.587921142578125,0.9427651139742319,0.3799612778315586,1.3156515853693693,48.5361595996142,6148,0.2142160052049447,2166,1678,987
frl_apartment_5,seq_0009,34,random,8,32,32768,0.7801513671875,0.554412841796875,0.6364027538726333,0.2634647418101055,0.1511525577089406,6.407683156308161,4953,0.18534221683827984,1524,1536,975
frl_apartment_5,seq_0009,34,random,9,26,32768,0.770233154296875,0.57666015625,0.6346923412179564,0.38212245982202153,0.16191776840619315,5.6437303770120035,3851,0.3679563749675409,1018,645,771
frl_apartment_5,seq_0009,34,random,10,10,32768,0.878265380859375,0.49542236328125,0.5110670975363981,0.3825520180496365,0.15000000000000008,4.8934139512233905,3322,0.3344370860927152,1131,832,248
frl_apartment_5,seq_0009,34,random,11,18,32768,0.812225341796875,0.491729736328125,0.5166259628029307,0.384040305542012,0.15000000000000052,4.466716715190111,4614,0.3530559167750325,1625,960,400
frl_apartment_5,seq_0009,34,random,12,6,32768,0.895751953125,0.512725830078125,0.5248705369310439,0.40837236533957844,0.29999999999999977,9.891192330533743,2846,0.33801827125790584,1035,701,148
frl_apartment_5,seq_0009,34,random,13,20,32768,0.827972412109375,0.46624755859375,0.4796726991264605,0.40163207379811955,0.151277281254115,4.768404888783229,3315,0.347209653092006,1256,579,329
frl_apartment_5,seq_0009,34,random,14,28,32768,0.6806640625,0.602569580078125,0.8346484935437589,0.10789373088685016,0.32385515659349257,11.567426244104997,3500,0.19657142857142856,928,914,970
frl_apartment_5,seq_0009,34,random,15,3,32768,0.901519775390625,0.51629638671875,0.5312954876273653,0.3789897737837,0.14999999999999944,5.010688330731627,2643,0.3318199016269391,766,790,210
frl_apartment_5,seq_0009,34,random,16,0,32768,0.90277099609375,0.533660888671875,0.5581434656209857,0.30634023854362835,0.30000000000000016,10.002217382672583,2740,0.2813868613138686,810,803,356
frl_apartment_5,seq_0009,34,random,17,8,32768,0.922576904296875,0.49932861328125,0.5175812907280606,0.28182893180922347,0.3,9.835459683137238,2302,0.26585577758470896,837,623,230
frl_apartment_5,seq_0009,34,random,18,16,32768,0.913970947265625,0.4688720703125,0.48903135330061104,0.2547002483150053,0.29999999999999954,8.703387163224445,2503,0.23611666000799042,837,792,283
frl_apartment_5,seq_0009,34,random,19,21,32768,0.935821533203125,0.517791748046875,0.531061470732105,0.32429862101759394,0.15398573935346463,4.871978288702765,1864,0.2966738197424893,530,388,393
frl_apartment_5,seq_0009,34,random,20,12,32768,0.84698486328125,0.477996826171875,0.4955321755422642,0.38093338651775027,0.14999999999999966,4.728327077281035,3454,0.3485813549507817,1397,690,163
frl_apartment_5,seq_0009,34,random,21,27,32768,0.930633544921875,0.580841064453125,0.6096081324807345,0.1948966124065112,0.16191776840619276,5.7259939440449585,1816,0.18997797356828194,527,402,542
frl_apartment_5,seq_0009,34,random,22,13,32768,0.8997802734375,0.4927978515625,0.5043752543752543,0.38885505481120586,0.15000000000000052,4.708652328286261,2470,0.305668016194332,1001,589,125
frl_apartment_5,seq_0009,34,random,23,7,32768,0.960968017578125,0.5152587890625,0.525389818666836,0.2658326817826427,0.14999999999999988,4.958426233703198,1241,0.2634971796937953,538,309,67
frl_apartment_5,seq_0009,34,random,24,5,32768,0.965728759765625,0.517333984375,0.5246958445252015,0.3098842386464826,0.14999999999999966,4.989887356174396,1076,0.3104089219330855,360,325,57
frl_apartment_5,seq_0009,34,random,25,17,32768,0.93804931640625,0.482818603515625,0.4932005986075867,0.32561576354679805,0.14999999999999966,4.484264390657441,1782,0.2878787878787879,581,513,175
frl_apartment_5,seq_0009,34,random,26,14,32768,0.873046875,0.465118408203125,0.47186101789709173,0.41875,0.14999999999999944,4.601234511163163,3064,0.32506527415143605,1070,746,252
frl_apartment_5,seq_0009,34,random,27,29,32768,0.811309814453125,0.607452392578125,0.7192401730299041,0.12679928837134077,0.16679244806382187,6.229824424666262,2755,0.14591651542649728,837,734,782
frl_apartment_5,seq_0009,34,random,28,22,32768,0.937530517578125,0.521209716796875,0.5396308713909053,0.24474841231069858,0.15118576252926974,4.875492991622709,1848,0.24025974025974026,484,533,387
frl_apartment_5,seq_0009,34,random,29,9,32768,0.962371826171875,0.505859375,0.5165371809100999,0.23276561232765614,0.15000000000000008,4.927398419089826,1186,0.23355817875210794,511,331,67
frl_apartment_5,seq_0009,34,random,30,30,32768,0.87054443359375,0.6058349609375,0.670686391362266,0.16973125884016974,0.16787927674222217,6.362683296470105,2712,0.1913716814159292,801,685,707
frl_apartment_5,seq_0009,34,random,31,24,32768,0.955230712890625,0.56182861328125,0.5769783712980416,0.23858214042263123,0.15017582389383624,4.972682903626936,1408,0.23792613636363635,385,321,367
frl_apartment_5,seq_0009,34,random,32,1,32768,0.949188232421875,0.523162841796875,0.5378902356685851,0.24804804804804806,0.14999999999999966,5.039503123906831,1617,0.24366110080395795,465,583,175
frl_apartment_5,seq_0009,34,random,33,15,32768,0.95391845703125,0.477783203125,0.48256446349734466,0.37880794701986753,0.15000000000000008,4.524359347021863,1352,0.32988165680473375,367,418,121
frl_apartment_5,seq_0009,34,random,34,31,32768,0.8714599609375,0.58038330078125,0.6380095251435776,0.18969610636277304,0.1774110164362938,6.891186194129248,2769,0.17515348501263994,824,829,631
frl_apartment_5,seq_0009,34,sequential,1,0,32768,0.0,0.533660888671875,,0.533660888671875,,,10792,0.4440326167531505,2176,1984,1840
frl_apartment_5,seq_0009,34,sequential,2,1,32768,0.79150390625,0.523162841796875,0.5607649599012955,0.38041569086651056,0.14999999999999966,5.039503123906831,5685,0.3503957783641161,1476,1468,749
frl_apartment_5,seq_0009,34,sequential,3,2,32768,0.827301025390625,0.51641845703125,0.5312257921723413,0.4454850680332214,0.15000000000000052,5.052639364564806,4422,0.3815015829941203,1198,1054,483
frl_apartment_5,seq_0009,34,sequential,4,3,32768,0.863372802734375,0.51629638671875,0.5251139938496342,0.4605762787580969,0.14999999999999944,5.010688330731627,3696,0.39285714285714285,1049,935,260
frl_apartment_5,seq_0009,34,sequential,5,4,32768,0.822113037109375,0.524566650390625,0.5519135825383273,0.3981815062617945,0.15000000000000052,5.01148786242632,4433,0.3460410557184751,1466,968,465
frl_apartment_5,seq_0009,34,sequential,6,5,32768,0.890838623046875,0.517333984375,0.5251618649583776,0.45345261392228126,0.14999999999999966,4.989887356174396,2947,0.3898880217170003,804,724,270
frl_apartment_5,seq_0009,34,sequential,7,6,32768,0.893218994140625,0.512725830078125,0.5134784242714134,0.5064304086881967,0.15000000000000008,4.98271993111606,2740,0.4142335766423358,858,582,165
frl_apartment_5,seq_0009,34,sequential,8,7,32768,0.892974853515625,0.5152587890625,0.5249307952564848,0.4345594525235244,0.15000000000000008,4.958426233703205,2859,0.38789786638684853,966,572,212
frl_apartment_5,seq_0009,34,sequential,9,8,32768,0.8690185546875,0.49932861328125,0.5136957437842393,0.4040074557315937,0.14999999999999988,4.954226540648192,3656,0.3665207877461707,1167,795,354
frl_apartment_5,seq_0009,34,sequential,10,9,32768,0.86199951171875,0.505859375,0.5195779933441903,0.42016806722689076,0.15000000000000008,4.927398419089826,3335,0.3583208395802099,1169,663,308
frl_apartment_5,seq_0009,34,sequential,11,10,32768,0.904541015625,0.49542236328125,0.5073211875843455,0.38267263427109977,0.15000000000000008,4.8934139512233905,2527,0.3371586861891571,843,668,164
frl_apartment_5,seq_0009,34,sequential,12,11,32768,0.899444580078125,0.479400634765625,0.48831133579886676,0.3996965098634294,0.15000000000000008,4.856492424944815,2638,0.34685367702805153,897,582,244
frl_apartment_5,seq_0009,34,sequential,13,12,32768,0.759490966796875,0.477996826171875,0.47607184473821673,0.48407562492069534,0.14999999999999966,4.728327077281035,4969,0.4129603541960153,1704,892,321
frl_apartment_5,seq_0009,34,sequential,14,13,32768,0.852813720703125,0.4927978515625,0.496833064949007,0.46941737507775244,0.15000000000000052,4.708652328286261,3336,0.36330935251798563,1165,722,237
frl_apartment_5,seq_0009,34,sequential,15,14,32768,0.742431640625,0.465118408203125,0.45897731009536336,0.4828199052132701,0.14999999999999944,4.601234511163163,5586,0.3852488363766559,1972,1093,369
frl_apartment_5,seq_0009,34,sequential,16,15,32768,0.8480224609375,0.477783203125,0.47718439614221964,0.4811244979919679,0.15000000000000008,4.524359347021863,3498,0.36792452830188677,1009,954,248
frl_apartment_5,seq_0009,34,sequential,17,16,32768,0.8121337890625,0.4688720703125,0.47715316398617164,0.4330734243014945,0.15000000000000008,4.376942238682949,4015,0.3344956413449564,1371,999,302
frl_apartment_5,seq_0009,34,sequential,18,17,32768,0.880828857421875,0.482818603515625,0.49426601531372344,0.39820742637644047,0.14999999999999966,4.484264390657441,2955,0.3225042301184433,928,777,297
frl_apartment_5,seq_0009,34,sequential,19,18,32768,0.89630126953125,0.491729736328125,0.49948927477017363,0.4246615656268393,0.14999999999999988,4.466716715190091,2828,0.39568599717114566,871,589,249
frl_apartment_5,seq_0009,34,sequential,20,19,32768,0.865692138671875,0.504913330078125,0.5037191102337223,0.512610770279482,0.15000000000000052,4.570734235600957,2887,0.4302043643921025,950,473,222
frl_apartment_5,seq_0009,34,sequential,21,20,32768,0.806488037109375,0.46624755859375,0.46732508419419533,0.4617568206907428,0.151277281254115,4.768404888783229,3227,0.4140068174775333,1327,348,216
frl_apartment_5,seq_0009,34,sequential,22,21,32768,0.8695068359375,0.517791748046875,0.514144321212972,0.5420954162768943,0.15398573935346463,4.871978288702765,2903,0.4526352049603858,759,379,451
frl_apartment_5,seq_0009,34,sequential,23,22,32768,0.89678955078125,0.521209716796875,0.5456680051725311,0.3086930810171496,0.15398571240649472,4.965339451230899,2738,0.30314097881665447,703,626,579
frl_apartment_5,seq_0009,34,sequential,24,23,32768,0.926361083984375,0.539642333984375,0.5569428430242135,0.32200580190634065,0.15118576252926974,4.93997217747919,2043,0.2736172295643661,504,459,521
frl_apartment_5,seq_0009,34,sequential,25,24,32768,0.899627685546875,0.56182861328125,0.5713219580040029,0.47674065065369414,0.15017582389383624,4.972682903626936,2550,0.3996078431372549,732,366,433
frl_apartment_5,seq_0009,34,sequential,26,25,32768,0.903076171875,0.593231201171875,0.611786969451203,0.42034005037783373,0.1505100440245844,5.085795036312756,2195,0.34031890660592257,542,417,489
frl_apartment_5,seq_0009,34,sequential,27,26,32768,0.8477783203125,0.57666015625,0.6221742260619151,0.3231756214915798,0.16191776840619315,5.6437303770120035,2566,0.29111457521434136,674,459,686
frl_apartment_5,seq_0009,34,sequential,28,27,32768,0.8709716796875,0.580841064453125,0.6435178696566223,0.1577578051087985,0.16191776840619276,5.7259939440449585,2552,0.18612852664576804,817,574,686
frl_apartment_5,seq_0009,34,sequential,29,28,32768,0.79132080078125,0.602569580078125,0.74473582722715,0.06346885054109389,0.16193739178266608,5.843605061713582,2116,0.14083175803402648,481,579,758
frl_apartment_5,seq_0009,34,sequential,30,29,32768,0.8021240234375,0.607452392578125,0.7226069091462487,0.1406539173349784,0.16679244806382187,6.229824424666262,2857,0.14035701785089255,897,751,808
frl_apartment_5,seq_0009,34,sequential,31,30,32768,0.8480224609375,0.6058349609375,0.6783863538217936,0.20100401606425702,0.16787927674222217,6.362683296470105,3156,0.20215462610899873,992,745,781
frl_apartment_5,seq_0009,34,sequential,32,31,32768,0.654998779296875,0.58038330078125,0.8195033313143549,0.12640424590888988,0.1774110164362938,6.891186194129248,4273,0.15773461268429675,1314,1362,923
frl_apartment_5,seq_0009,34,sequential,33,32,32768,0.647979736328125,0.554412841796875,0.8148165591296567,0.07507585609016038,0.17741101643629464,7.509058512483681,4457,0.12138209557998654,1316,1618,982
frl_apartment_5,seq_0009,34,sequential,34,33,32768,0.920196533203125,0.587921142578125,0.6290916326733659,0.11319311663479924,0.1511525577089406,7.408179774224245,2012,0.10884691848906561,621,723,449
frl_apartment_5,seq_0010,32,spread,1,0,32768,0.0,0.527740478515625,,0.527740478515625,,,11138,0.44693840905009874,2355,2066,1739
frl_apartment_5,seq_0010,32,spread,2,31,32768,0.046844482421875,0.602294921875,0.850814332247557,0.590081004066212,4.6500496086879215,72.28699002620422,8581,0.4346812725789535,1813,1597,1441
frl_apartment_5,seq_0010,32,spread,3,15,32768,0.363067626953125,0.431976318359375,0.5324031268386988,0.37473048727899955,2.2501025228328357,50.6956973646669,9091,0.3151468485315147,2350,2240,1636
frl_apartment_5,seq_0010,32,spread,4,23,32768,0.59710693359375,0.492218017578125,0.5010221813349688,0.47916982275412817,1.1999999999999997,35.11593989366615,7104,0.30757319819819817,1636,1829,1454
frl_apartment_5,seq_0010,32,spread,5,7,32768,0.63836669921875,0.439971923828125,0.4895305478535233,0.3524894514767932,1.0502196738105292,27.428330568217515,7635,0.34472822527832353,1938,1875,1190
frl_apartment_5,seq_0010,32,spread,6,11,32768,0.7205810546875,0.419677734375,0.4559122480094867,0.3262341633901267,0.5999999999999998,16.72352832819391,6506,0.2980325853058715,1909,1616,1042
frl_apartment_5,seq_0010,32,spread,7,19,32768,0.722869873046875,0.439727783203125,0.46671169839996623,0.36934258341592335,0.5999999999999995,19.02664495789214,5653,0.27312931186980366,1459,1525,1125
frl_apartment_5,seq_0010,32,spread,8,27,32768,0.72161865234375,0.528594970703125,0.5172967943838281,0.5578820434115326,0.5999999999999995,19.789290592982862,4675,0.28898395721925135,1245,1381,698
frl_apartment_5,seq_0010,32,spread,9,3,32768,0.763763427734375,0.490570068359375,0.5108083270068327,0.4251388709469061,0.4505123341915222,13.813008940221964,5454,0.3513017968463513,1676,1156,706
frl_apartment_5,seq_0010,32,spread,10,25,32768,0.822052001953125,0.49481201171875,0.5551100716486617,0.21625793174412622,0.3,10.105805659154834,4319,0.19101643899050705,1179,1321,994
frl_apartment_5,seq_0010,32,spread,11,5,32768,0.80596923828125,0.424591064453125,0.46773949261643316,0.2453601761560239,0.29999999999999993,8.863254162790351,4484,0.2288135593220339,1301,1143,1014
frl_apartment_5,seq_0010,32,spread,12,17,32768,0.878631591796875,0.4461669921875,0.4670904101976312,0.29469449333668596,0.29999999999999993,9.733999962586877,3316,0.24879372738238842,881,1028,582
frl_apartment_5,seq_0010,32,spread,13,13,32768,0.813934326171875,0.411468505859375,0.4462149900641146,0.25947187141216993,0.2999999999999996,9.039920783920698,4328,0.21742144177449169,1188,1496,703
frl_apartment_5,seq_0010,32,spread,14,9,32768,0.847320556640625,0.42010498046875,0.44185125157572486,0.2994203477913252,0.29999999999999954,8.595797043406463,4010,0.26683291770573564,1222,1000,718
frl_apartment_5,seq_0010,32,spread,15,21,32768,0.8958740234375,0.4500732421875,0.4713857473770268,0.26670574443141853,0.29999999999999954,9.900104694618378,2838,0.19556025369978858,662,795,826
frl_apartment_5,seq_0010,32,spread,16,29,32768,0.825531005859375,0.5369873046875,0.5774278215223098,0.3456358229840826,0.2999999999999992,10.723500456140982,3637,0.2562551553478141,1286,1062,357
frl_apartment_5,seq_0010,32,spread,17,1,32768,0.897064208984375,0.51220703125,0.5285932981799626,0.3694040913133709,0.1515300737764416,4.88654276120909,2677,0.3283526335450131,766,644,388
frl_apartment_5,seq_0010,32,spread,18,26,32768,0.91082763671875,0.522216796875,0.5472090062319909,0.2669404517453799,0.15000000000000036,5.121168464662339,2385,0.21257861635220127,683,722,473
frl_apartment_5,seq_0010,32,spread,19,6,32768,0.885711669921875,0.4293212890625,0.44657685284085036,0.29559412550066755,0.1500000000000002,4.331262531296127,2982,0.2528504359490275,890,770,568
frl_apartment_5,seq_0010,32,spread,20,10,32768,0.8721923828125,0.403717041015625,0.4371238628411477,0.17574021012416427,0.15,4.356494322586861,3476,0.1786536248561565,810,1035,1010
frl_apartment_5,seq_0010,32,spread,21,18,32768,0.88922119140625,0.438995361328125,0.4634497906513831,0.24269972451790633,0.15,4.869222936931815,2619,0.191676212294769,735,868,514
frl_apartment_5,seq_0010,32,spread,22,24,32768,0.919097900390625,0.478668212890625,0.507454261712654,0.15164089023010185,0.15,5.052639364564788,2213,0.14234071396294623,523,749,626
frl_apartment_5,seq_0010,32,spread,23,30,32768,0.935333251953125,0.581878662109375,0.6012267936963686,0.3020292590844738,0.15,5.630928946678584,1897,0.26515550869794413,536,599,259
frl_apartment_5,seq_0010,32,spread,24,2,32768,0.891876220703125,0.4495849609375,0.47654405474764755,0.22720858029918148,0.14999999999999997,4.728077000837811,2498,0.23698959167333866,860,643,403
frl_apartment_5,seq_0010,32,spread,25,4,32768,0.918853759765625,0.46240234375,0.4736125411006676,0.33546446032342986,0.14999999999999997,4.674220700000912,1868,0.278372591006424,578,430,340
frl_apartment_5,seq_0010,32,spread,26,8,32768,0.891448974609375,0.42047119140625,0.42569579952757525,0.37756536407084623,0.14999999999999977,4.239253478198184,2427,0.2933662958384837,717,606,392
frl_apartment_5,seq_0010,32,spread,27,12,32768,0.9036865234375,0.40966796875,0.4204038903147373,0.30893536121673004,0.14999999999999977,4.396104764149794,2189,0.2745545911375057,641,513,434
frl_apartment_5,seq_0010,32,spread,28,14,32768,0.927459716796875,0.414520263671875,0.4316738508110954,0.19520403870424904,0.1499999999999996,4.5750483714532075,2054,0.188412852969815,583,736,348
frl_apartment_5,seq_0010,32,spread,29,16,32768,0.925811767578125,0.439422607421875,0.44605597125622176,0.35664335664335667,0.1499999999999996,4.8240157228240825,1760,0.23977272727272728,488,533,317
frl_apartment_5,seq_0010,32,spread,30,20,32768,0.941986083984375,0.445404052734375,0.46457381669744385,0.13413992635455024,0.1499999999999996,4.982200351497782,1743,0.13941480206540446,331,583,586
frl_apartment_5,seq_0010,32,spread,31,22,32768,0.95477294921875,0.455535888671875,0.4688359010419996,0.1747638326585695,0.14999999999999955,4.98727705538621,1410,0.17163120567375886,283,413,472
frl_apartment_5,seq_0010,32,spread,32,28,32768,0.922637939453125,0.533599853515625,0.5645817484206,0.1641025641025641,0.1499999999999992,5.294032688012514,2251,0.1301643713904931,584,736,638
frl_apartment_5,seq_0010,32,random,1,2,32768,0.0,0.4495849609375,,0.4495849609375,,,11799,0.38935503008729555,2932,2310,1963
frl_apartment_5,seq_0010,32,random,2,11,32768,0.37432861328125,0.419677734375,0.6436491113647481,0.2856794459077163,1.35,34.060250364106736,10016,0.3319688498402556,2436,2238,2017
frl_apartment_5,seq_0010,32,random,3,25,32768,0.243682861328125,0.49481201171875,0.7799624295554164,0.40293749747811,2.099999999999999,51.28695336290547,8308,0.3407558979297063,1739,1897,1841
frl_apartment_5,seq_0010,32,random,4,21,32768,0.617919921875,0.4500732421875,0.49520940339786645,0.3770766773162939,0.5999999999999995,19.242033532953375,6762,0.2792073351079562,1739,1583,1552
frl_apartment_5,seq_0010,32,random,5,10,32768,0.761566162109375,0.403717041015625,0.45021037868162694,0.25521566619736336,0.1500000000000002,4.356494322586867,6119,0.23909135479653537,1539,1621,1496
frl_apartment_5,seq_0010,32,random,6,4,32768,0.770721435546875,0.46240234375,0.47669768362700454,0.4143484626647145,0.3,9.287039263962916,5021,0.33100975901214896,1521,1113,725
frl_apartment_5,seq_0010,32,random,7,29,32768,0.592193603515625,0.5369873046875,0.5307395001288328,0.546060016463369,0.5999999999999999,20.74436254223416,5837,0.33784478327908174,1759,1492,614
frl_apartment_5,seq_0010,32,random,8,16,32768,0.701202392578125,0.439422607421875,0.4632893763328546,0.3834133387805127,0.7499999999999999,22.87840006015962,5904,0.28895663956639567,1643,1704,851
frl_apartment_5,seq_0010,32,random,9,23,32768,0.808746337890625,0.492218017578125,0.5076034866608807,0.42715812988670815,0.29999999999999954,9.971095774146578,4233,0.2593905031892275,944,1229,962
frl_apartment_5,seq_0010,32,random,10,6,32768,0.7740478515625,0.4293212890625,0.45170320138779374,0.3526472177201513,0.30000000000000016,8.613580666426145,5221,0.31315839877418117,1482,1281,823
frl_apartment_5,seq_0010,32,random,11,18,32768,0.86480712890625,0.438995361328125,0.466440821511751,0.263431151241535,0.29999999999999993,9.669111025621113,3640,0.21318681318681318,886,1091,887
frl_apartment_5,seq_0010,32,random,12,26,32768,0.8677978515625,0.522216796875,0.5513785342523562,0.33079409048938135,0.15000000000000036,5.121168464662339,3348,0.2482078853046595,968,956,593
frl_apartment_5,seq_0010,32,random,13,3,32768,0.861572265625,0.490570068359375,0.5009563615755172,0.42592592592592593,0.14999999999999997,4.679887384999399,3444,0.35423925667828104,886,763,575
frl_apartment_5,seq_0010,32,random,14,30,32768,0.8297119140625,0.581878662109375,0.5851478593497131,0.5659498207885305,0.15000000000000036,5.630928946678598,3399,0.36216534274786705,954,821,393
frl_apartment_5,seq_0010,32,random,15,8,32768,0.8310546875,0.42047119140625,0.43559048178613397,0.34609826589595377,0.29999999999999977,8.432594227039472,3895,0.29679075738125804,1121,982,636
frl_apartment_5,seq_0010,32,random,16,0,32768,0.83477783203125,0.527740478515625,0.5495357168969803,0.4176209826376062,0.30076795583754234,9.81415845161672,4021,0.32902263118627206,1266,1008,424
frl_apartment_5,seq_0010,32,random,17,19,32768,0.89019775390625,0.439727783203125,0.46595817620843333,0.22707059477487493,0.15,4.927398419089824,3146,0.23045136681500317,835,926,660
frl_apartment_5,seq_0010,32,random,18,12,32768,0.865509033203125,0.40966796875,0.42780578964070376,0.2929430451554345,0.14999999999999977,4.396104764149794,3191,0.2691946098401755,906,819,607
frl_apartment_5,seq_0010,32,random,19,20,32768,0.916015625,0.445404052734375,0.472714552238806,0.14752906976744187,0.1499999999999996,4.982200351497782,2471,0.15135572642654796,578,802,717
frl_apartment_5,seq_0010,32,random,20,13,32768,0.800506591796875,0.411468505859375,0.4335328428195646,0.32293100810769465,0.15000000000000036,4.548265530442168,4005,0.23795255930087392,1155,1367,530
frl_apartment_5,seq_0010,32,random,21,7,32768,0.88311767578125,0.439971923828125,0.4414264980302716,0.4289817232375979,0.14999999999999977,4.239253478198184,2672,0.3532934131736527,674,629,425
frl_apartment_5,seq_0010,32,random,22,5,32768,0.89617919921875,0.424591064453125,0.446979500102159,0.2313345091122869,0.14999999999999997,4.458298500089582,2489,0.206910405785456,685,642,647
frl_apartment_5,seq_0010,32,random,23,17,32768,0.935760498046875,0.4461669921875,0.4624465968757134,0.20902612826603326,0.1499999999999996,4.902373456770226,1905,0.1952755905511811,514,664,355
frl_apartment_5,seq_0010,32,random,24,14,32768,0.899322509765625,0.414520263671875,0.43510129288404764,0.23067596241285238,0.15,4.575048371453219,2557,0.20101681658193196,757,911,375
frl_apartment_5,seq_0010,32,random,25,27,32768,0.90069580078125,0.528594970703125,0.5581418987599106,0.2606023355869699,0.15000000000000036,5.140079439872044,2572,0.2118973561430793,712,907,408
frl_apartment_5,seq_0010,32,random,26,22,32768,0.9466552734375,0.455535888671875,0.4715022566086396,0.17219679633867277,0.14999999999999955,4.98727705538621,1655,0.17099697885196374,355,480,537
frl_apartment_5,seq_0010,32,random,27,9,32768,0.92950439453125,0.42010498046875,0.431545078468711,0.26926406926406926,0.14999999999999977,4.322218888097069,2123,0.2538860103626943,604,581,399
frl_apartment_5,seq_0010,32,random,28,28,32768,0.90960693359375,0.533599853515625,0.5659598738509025,0.20796758946657665,0.1499999999999992,5.294032688012514,2511,0.14376742333731582,646,800,704
frl_apartment_5,seq_0010,32,random,29,24,32768,0.933319091796875,0.478668212890625,0.5029264624137593,0.1391304347826087,0.15,5.052639364564788,1828,0.13074398249452954,430,634,525
frl_apartment_5,seq_0010,32,random,30,1,32768,0.936309814453125,0.51220703125,0.5230598741892376,0.3526593195975084,0.14999999999999997,4.837436265401617,1718,0.32072176949941794,483,432,252
frl_apartment_5,seq_0010,32,random,31,15,32768,0.918914794921875,0.431976318359375,0.4421972036797184,0.316146029356417,0.1499999999999996,4.655583514876589,1571,0.2380649267982177,529,445,223
frl_apartment_5,seq_0010,32,random,32,31,32768,0.924102783203125,0.602294921875,0.6157986856444635,0.4378769601930036,0.15,5.767180560978046,1837,0.3004899292324442,515,507,263
frl_apartment_5,seq_0010,32,sequential,1,0,32768,0.0,0.527740478515625,,0.527740478515625,,,11138,0.44693840905009874,2355,2066,1739
frl_apartment_5,seq_0010,32,sequential,2,1,32768,0.735321044921875,0.51220703125,0.5312720481427682,0.45924132364810333,0.1515300737764416,4.88654276120909,6037,0.3919165148252443,1484,1230,957
frl_apartment_5,seq_0010,32,sequential,3,2,32768,0.7320556640625,0.4495849609375,0.4929131232282808,0.3312072892938497,0.14999999999999997,4.728077000837811,6152,0.29843953185955785,1978,1406,932
frl_apartment_5,seq_0010,32,sequential,4,3,32768,0.84027099609375,0.490570068359375,0.5165250236071766,0.354031333588078,0.15,4.6798873849994,4241,0.31525583588776235,1126,1062,716
frl_apartment_5,seq_0010,32,sequential,5,4,32768,0.827789306640625,0.46240234375,0.4920184331797235,0.32004253056884635,0.14999999999999997,4.674220700000912,4096,0.292724609375,1217,948,732
frl_apartment_5,seq_0010,32,sequential,6,5,32768,0.766754150390625,0.424591064453125,0.4784477611940299,0.24754677482663875,0.14999999999999997,4.458298500089582,5424,0.2334070796460177,1374,1434,1350
frl_apartment_5,seq_0010,32,sequential,7,6,32768,0.7921142578125,0.4293212890625,0.4613576822314686,0.30725190839694655,0.1500000000000002,4.331262531296127,4999,0.27965593118623727,1346,1249,1006
frl_apartment_5,seq_0010,32,sequential,8,7,32768,0.797210693359375,0.439971923828125,0.45350840255713354,0.3867569601203913,0.1500000000000002,4.239253478198195,4914,0.3384208384208384,1272,1132,847
frl_apartment_5,seq_0010,32,sequential,9,8,32768,0.78656005859375,0.42047119140625,0.44059905330953675,0.3462968258507292,0.14999999999999977,4.239253478198184,4887,0.29261305504399426,1329,1128,1000
frl_apartment_5,seq_0010,32,sequential,10,9,32768,0.775543212890625,0.42010498046875,0.44158501554322593,0.3458871515975527,0.14999999999999977,4.322218888097069,5272,0.30500758725341426,1598,1208,858
frl_apartment_5,seq_0010,32,sequential,11,10,32768,0.818328857421875,0.403717041015625,0.4387469699794891,0.2459264236519402,0.15,4.356494322586861,4835,0.2419855222337125,1133,1333,1199
frl_apartment_5,seq_0010,32,sequential,12,11,32768,0.878662109375,0.419677734375,0.4394276187829953,0.2766599597585513,0.1500000000000002,4.295734510215357,3276,0.2945665445665446,834,819,658
frl_apartment_5,seq_0010,32,sequential,13,12,32768,0.860809326171875,0.40966796875,0.42695075690431455,0.3027844770883578,0.14999999999999977,4.396104764149794,3356,0.285160905840286,921,811,667
frl_apartment_5,seq_0010,32,sequential,14,13,32768,0.76788330078125,0.411468505859375,0.4346236388204435,0.3348672100972916,0.15000000000000036,4.548265530442168,4905,0.2654434250764526,1368,1562,673
frl_apartment_5,seq_0010,32,sequential,15,14,32768,0.849609375,0.414520263671875,0.4415229885057471,0.2619724025974026,0.15,4.575048371453219,3866,0.23202276254526644,1094,1267,608
frl_apartment_5,seq_0010,32,sequential,16,15,32768,0.827301025390625,0.431976318359375,0.4539820723744882,0.32655946280261533,0.1499999999999996,4.655583514876589,3874,0.2774909654104285,1243,1004,552
frl_apartment_5,seq_0010,32,sequential,17,16,32768,0.74664306640625,0.439422607421875,0.45038011934930106,0.40713081185256567,0.15000000000000036,4.8240157228241065,4591,0.3123502504900893,1288,1249,620
frl_apartment_5,seq_0010,32,sequential,18,17,32768,0.77838134765625,0.4461669921875,0.46036226770171723,0.39630955659597905,0.1499999999999996,4.902373456770226,4068,0.2895771878072763,1096,1194,600
frl_apartment_5,seq_0010,32,sequential,19,18,32768,0.909759521484375,0.438995361328125,0.46164167589144944,0.21068650659452148,0.15000000000000036,4.869222936931827,2593,0.1986116467412264,601,744,733
frl_apartment_5,seq_0010,32,sequential,20,19,32768,0.896575927734375,0.439727783203125,0.45263623676775927,0.3278253172027147,0.15,4.927398419089824,2898,0.28433402346445824,640,762,672
frl_apartment_5,seq_0010,32,sequential,21,20,32768,0.88360595703125,0.445404052734375,0.4701595634454652,0.2574724698479287,0.1499999999999996,4.982200351497782,3034,0.19578114700065918,635,889,916
frl_apartment_5,seq_0010,32,sequential,22,21,32768,0.896759033203125,0.4500732421875,0.4736770461119619,0.2450487732781555,0.15000000000000036,4.987277055386237,2905,0.2044750430292599,791,778,742
frl_apartment_5,seq_0010,32,sequential,23,22,32768,0.932525634765625,0.455535888671875,0.47331217069738524,0.20985979194934418,0.15,4.987277055386224,2037,0.20127638684339716,437,585,605
frl_apartment_5,seq_0010,32,sequential,24,23,32768,0.83355712890625,0.492218017578125,0.5012081716335945,0.4471947194719472,0.14999999999999955,5.023583237280333,3532,0.2610419026047565,756,1066,788
frl_apartment_5,seq_0010,32,sequential,25,24,32768,0.886749267578125,0.478668212890625,0.508173589840658,0.24764214497440043,0.15,5.052639364564788,2838,0.20754052149400987,722,865,662
frl_apartment_5,seq_0010,32,sequential,26,25,32768,0.815338134765625,0.49481201171875,0.5125201182767526,0.41662535118162286,0.15,5.09250886282794,3090,0.20550161812297735,796,985,674
frl_apartment_5,seq_0010,32,sequential,27,26,32768,0.871612548828125,0.522216796875,0.5379013339869052,0.41573567863085337,0.15000000000000036,5.121168464662339,2869,0.26664342976646915,867,810,427
frl_apartment_5,seq_0010,32,sequential,28,27,32768,0.873138427734375,0.528594970703125,0.5619516968997937,0.29901371181140246,0.15000000000000036,5.140079439872044,2996,0.23965287049399198,871,975,432
frl_apartment_5,seq_0010,32,sequential,29,28,32768,0.797882080078125,0.533599853515625,0.5438898450946644,0.49297901253208515,0.15,5.294032688012542,3524,0.22587968217934165,936,1001,791
frl_apartment_5,seq_0010,32,sequential,30,29,32768,0.86737060546875,0.5369873046875,0.5671662796425304,0.33962264150943394,0.1499999999999992,5.40911826538557,2842,0.23680506685432795,931,959,279
frl_apartment_5,seq_0010,32,sequential,31,30,32768,0.901885986328125,0.581878662109375,0.5945250905153453,0.4656298600311042,0.15000000000000036,5.630928946678598,2292,0.31544502617801046,648,641,280
frl_apartment_5,seq_0010,32,sequential,32,31,32768,0.924102783203125,0.602294921875,0.6157986856444635,0.4378769601930036,0.15,5.767180560978046,1837,0.3004899292324442,515,507,263
frl_apartment_5,seq_0014,44,spread,1,0,32768,0.0,0.5648193359375,,0.5648193359375,,,8926,0.463141384718799,2109,1404,1279
frl_apartment_5,seq_0014,44,spread,2,43,32768,0.052947998046875,0.649749755859375,0.8582132564841498,0.6380949312022686,6.45,78.69323821159199,6974,0.4516776598795526,1715,1272,837
frl_apartment_5,seq_0014,44,spread,3,21,32768,0.16357421875,0.43048095703125,0.7832089552238806,0.36150029188558086,3.1500000000000004,59.52463268490257,10855,0.371349608475357,2640,1991,2193
frl_apartment_5,seq_0014,44,spread,4,32,32768,0.40631103515625,0.44708251953125,0.6104852035451405,0.33525239025393233,1.6499999999999997,41.16130608612215,8104,0.32181638696939785,2192,1910,1394
frl_apartment_5,seq_0014,44,spread,5,10,32768,0.44427490234375,0.444732666015625,0.5771397169940926,0.3388797364085667,1.5000000000000002,37.074519653079946,7579,0.3799973611294366,2438,1339,922
frl_apartment_5,seq_0014,44,spread,6,37,32768,0.680328369140625,0.516632080078125,0.49360785896918313,0.5656324582338902,0.7502628190575955,23.411567839531777,5517,0.4148994018488309,1435,914,879
frl_apartment_5,seq_0014,44,spread,7,27,32768,0.732574462890625,0.430877685546875,0.487398458654447,0.2760470158621477,0.7500000000000003,21.444331053662886,6080,0.2582236842105263,1671,1954,885
frl_apartment_5,seq_0014,44,spread,8,5,32768,0.770721435546875,0.50555419921875,0.4974064541674916,0.5329428989751098,0.7500000000000001,23.209736727608732,4365,0.43757159221076747,1162,803,490
frl_apartment_5,seq_0014,44,spread,9,15,32768,0.71075439453125,0.431243896484375,0.4794761700300558,0.3127242034184427,0.75,21.4081246563253,5340,0.3245318352059925,1720,1166,721
frl_apartment_5,seq_0014,44,spread,10,40,32768,0.787994384765625,0.545989990234375,0.5699237055110181,0.45703181229307616,0.4499999999999999,15.914391882997972,3180,0.3141509433962264,882,746,553
frl_apartment_5,seq_0014,44,spread,11,18,32768,0.79583740234375,0.43280029296875,0.44972773985735104,0.3668161434977579,0.4499999999999995,13.720429158431452,4228,0.32142857142857145,1327,876,666
frl_apartment_5,seq_0014,44,spread,12,24,32768,0.84771728515625,0.4637451171875,0.4730722154222766,0.4118236472945892,0.4499999999999995,13.705984841519566,3445,0.31552975326560234,837,991,530
frl_apartment_5,seq_0014,44,spread,13,34,32768,0.823883056640625,0.460113525390625,0.4775715820276327,0.37844394385721714,0.30017255363305334,8.886509809813708,3770,0.3416445623342175,1285,758,439
frl_apartment_5,seq_0014,44,spread,14,2,32768,0.8851318359375,0.542510986328125,0.5529926906633568,0.46174282678002126,0.30000000000000016,10.117369951331906,2488,0.37138263665594856,813,450,301
frl_apartment_5,seq_0014,44,spread,15,8,32768,0.8826904296875,0.481292724609375,0.4963352233439358,0.36810613943808534,0.30000000000000004,8.981477590052858,2553,0.33490011750881316,698,648,352
frl_apartment_5,seq_0014,44,spread,16,13,32768,0.8665771484375,0.43634033203125,0.4667206648823778,0.23902104300091492,0.30000000000000004,8.623985360308472,2705,0.26173752310536047,801,670,526
frl_apartment_5,seq_0014,44,spread,17,30,32768,0.9014892578125,0.456939697265625,0.4824644549763033,0.22335811648079307,0.30000000000000004,9.14536550542587,2561,0.20421710269426005,733,702,603
frl_apartment_5,seq_0014,44,spread,18,35,32768,0.90728759765625,0.51226806640625,0.525967036663303,0.37820934825543123,0.15127953915608108,4.722804735111808,2299,0.3005654632448891,621,550,437
frl_apartment_5,seq_0014,44,spread,19,38,32768,0.933441162109375,0.539398193359375,0.5588321836074149,0.2668500687757909,0.15056071702255897,5.08749831302428,1953,0.2196620583717358,452,616,456
frl_apartment_5,seq_0014,44,spread,20,36,32768,0.916168212890625,0.5240478515625,0.5391226141700809,0.3593010556971241,0.15003056261611317,4.800042927225378,2007,0.25311410064773293,522,493,484
frl_apartment_5,seq_0014,44,spread,21,19,32768,0.896636962890625,0.416900634765625,0.4442326673700691,0.17980513728963685,0.15000000000000044,4.6263304238586285,3102,0.16279819471308832,702,1059,836
frl_apartment_5,seq_0014,44,spread,22,25,32768,0.94427490234375,0.470733642578125,0.4828711783336565,0.26506024096385544,0.15000000000000044,4.661516267512138,1665,0.24204204204204205,449,396,417
frl_apartment_5,seq_0014,44,spread,23,28,32768,0.933929443359375,0.44171142578125,0.4628631179949678,0.14272517321016168,0.15000000000000044,4.517807470815293,1832,0.13864628820960698,409,823,346
frl_apartment_5,seq_0014,44,spread,24,12,32768,0.927825927734375,0.435638427734375,0.44472584942275434,0.31881606765327697,0.15000000000000024,4.3288510755464795,1954,0.29733879222108495,668,400,305
frl_apartment_5,seq_0014,44,spread,25,1,32768,0.907867431640625,0.537811279296875,0.5520857843961141,0.39715137462736005,0.15000000000000008,5.222223039764581,2194,0.30127620783956244,786,502,245
frl_apartment_5,seq_0014,44,spread,26,4,32768,0.9130859375,0.535308837890625,0.5369652406417113,0.5179073033707865,0.15000000000000002,4.976034335649823,1920,0.4328125,613,308,168
frl_apartment_5,seq_0014,44,spread,27,7,32768,0.910980224609375,0.4775390625,0.49284781079360823,0.3208776139869729,0.15000000000000002,4.687239768174757,2169,0.26786537574919317,654,663,271
frl_apartment_5,seq_0014,44,spread,28,14,32768,0.948455810546875,0.427703857421875,0.4364040027027897,0.2676139727649497,0.15000000000000002,4.367542163015791,1399,0.2437455325232309,394,373,291
frl_apartment_5,seq_0014,44,spread,29,16,32768,0.9251708984375,0.439239501953125,0.4420108193693099,0.4049755301794454,0.15000000000000002,4.491800154471153,1731,0.3379549393414211,540,355,251
frl_apartment_5,seq_0014,44,spread,30,20,32768,0.959136962890625,0.443634033203125,0.45477107130357314,0.18222554144884243,0.15000000000000002,4.608249467516281,1274,0.17189952904238617,256,339,460
frl_apartment_5,seq_0014,44,spread,31,33,32768,0.8807373046875,0.44403076171875,0.4672210672210672,0.2727737973387922,0.15000000000000002,4.579432233948481,2367,0.23996620194338825,599,686,514
frl_apartment_5,seq_0014,44,spread,32,39,32768,0.939849853515625,0.557403564453125,0.5726856511997922,0.31861998985286655,0.15000000000000002,5.2381457103956555,1667,0.27294541091781643,295,397,520
frl_apartment_5,seq_0014,44,spread,33,42,32768,0.94342041015625,0.5975341796875,0.6184900045286925,0.2481121898597627,0.15000000000000002,6.157549540097056,1403,0.25160370634354956,465,343,242
frl_apartment_5,seq_0014,44,spread,34,26,32768,0.931610107421875,0.422821044921875,0.4453434664395453,0.11601963409192324,0.14999999999999994,4.544117067994675,1903,0.13242249080399368,478,902,271
frl_apartment_5,seq_0014,44,spread,35,11,32768,0.956085205078125,0.435455322265625,0.4424654473491015,0.2828353022932592,0.14999999999999983,4.350188822436481,1212,0.23844884488448845,373,250,300
frl_apartment_5,seq_0014,44,spread,36,22,32768,0.971099853515625,0.461761474609375,0.46959555010841897,0.19852164730728616,0.14999999999999983,4.637567106743777,912,0.19078947368421054,194,243,301
frl_apartment_5,seq_0014,44,spread,37,3,32768,0.9576416015625,0.5374755859375,0.5463989802421925,0.3357348703170029,0.1499999999999998,5.069111148090523,959,0.2273201251303441,268,324,149
frl_apartment_5,seq_0014,44,spread,38,6,32768,0.9637451171875,0.495391845703125,0.502691576947435,0.30134680134680136,0.14999999999999974,4.83743626540161,949,0.24446786090621708,270,299,148
frl_apartment_5,seq_0014,44,spread,39,9,32768,0.958526611328125,0.449371337890625,0.4588175363749244,0.23105224429727741,0.14999999999999963,4.43263098975059,1218,0.18719211822660098,282,289,419
frl_apartment_5,seq_0014,44,spread,40,23,32768,0.97332763671875,0.481536865234375,0.48915156455759706,0.2036613272311213,0.14999999999999963,4.628634121359763,819,0.1916971916971917,206,292,164
frl_apartment_5,seq_0014,44,spread,41,29,32768,0.961883544921875,0.4462890625,0.45667692502934737,0.18414731785428343,0.14999999999999952,4.517807470815265,997,0.14543630892678033,243,431,178
frl_apartment_5,seq_0014,44,spread,42,17,32768,0.96649169921875,0.42388916015625,0.4241869276918219,0.41530054644808745,0.14999999999999944,4.574597020720584,775,0.28,207,214,137
frl_apartment_5,seq_0014,44,spread,43,31,32768,0.925323486328125,0.432769775390625,0.45710893440189965,0.13118103800572128,0.14999999999999925,4.592693155692753,2038,0.11579980372914622,405,654,743
frl_apartment_5,seq_0014,44,spread,44,41,32768,0.962615966796875,0.5810546875,0.5958215768950321,0.20081632653061224,0.14999999999999905,5.5212702580959885,987,0.1661600810536981,286,363,174
frl_apartment_5,seq_0014,44,random,1,2,32768,0.0,0.542510986328125,,0.542510986328125,,,9408,0.4809736394557823,2207,1365,1311
frl_apartment_5,seq_0014,44,random,2,34,32768,0.042144775390625,0.460113525390625,0.7704561911658219,0.44645872494982,4.8000107876914795,68.20049702924173,10130,0.4285291214215202,2625,1664,1500
frl_apartment_5,seq_0014,44,random,3,4,32768,0.688568115234375,0.535308837890625,0.5070690954217081,0.5977462028417443,0.29999999999999993,9.878116665954089,5806,0.48070961074750257,1550,815,650
frl_apartment_5,seq_0014,44,random,4,18,32768,0.438232421875,0.43280029296875,0.5944289693593314,0.30671447196870927,2.0999999999999996,48.72737807370459,8874,0.34572909623619563,2560,1713,1533
frl_apartment_5,seq_0014,44,random,5,23,32768,0.685821533203125,0.481536865234375,0.4718551150269212,0.5026711996114619,0.7500000000000003,22.03837428858267,6630,0.4117647058823529,1531,1524,845
frl_apartment_5,seq_0014,44,random,6,32,32768,0.666839599609375,0.44708251953125,0.4715116012997117,0.39818631492168177,0.30017255363305334,9.036886528566654,6732,0.2999108734402852,1946,1656,1111
frl_apartment_5,seq_0014,44,random,7,11,32768,0.737152099609375,0.435455322265625,0.4753467191057752,0.3235806339254615,1.0499999999999996,28.035276177778307,5043,0.32540154669839383,1654,1041,707
frl_apartment_5,seq_0014,44,random,8,1,32768,0.84600830078125,0.537811279296875,0.5441887309717913,0.5027744748315497,0.15000000000000008,5.222223039764581,3378,0.3756660746003552,1080,647,382
frl_apartment_5,seq_0014,44,random,9,22,32768,0.860198974609375,0.461761474609375,0.47748962287579383,0.36498581095830607,0.15000000000000002,4.6375671067437825,3677,0.30976339407125375,920,837,781
frl_apartment_5,seq_0014,44,random,10,19,32768,0.801025390625,0.416900634765625,0.4587016153611704,0.2486196319018405,0.15000000000000044,4.6263304238586285,5021,0.2401911969727146,1400,1376,1039
frl_apartment_5,seq_0014,44,random,11,21,32768,0.877227783203125,0.43048095703125,0.4430335710558358,0.3407904548844146,0.14999999999999983,4.626330423858611,3429,0.29250510352872555,758,907,761
frl_apartment_5,seq_0014,44,random,12,27,32768,0.8099365234375,0.430877685546875,0.4778824415975885,0.23057161207450225,0.5999999999999999,17.44432647223155,4329,0.23377223377223377,1149,1526,642
frl_apartment_5,seq_0014,44,random,13,41,32768,0.743072509765625,0.5810546875,0.5558749845989568,0.6538781327948687,1.0500493140584344,34.085345713821795,2842,0.35819845179451093,892,614,318
frl_apartment_5,seq_0014,44,random,14,10,32768,0.83087158203125,0.444732666015625,0.4539043561301697,0.3996752075063154,0.14999999999999983,4.321030869294113,3650,0.3356164383561644,1342,672,411
frl_apartment_5,seq_0014,44,random,15,3,32768,0.906646728515625,0.5374755859375,0.5494631256521593,0.42105263157894735,0.1499999999999998,5.069111148090523,2045,0.3080684596577017,641,471,303
frl_apartment_5,seq_0014,44,random,16,38,32768,0.839813232421875,0.539398193359375,0.5705875940259457,0.375881120213374,0.4500525148796764,14.90214222470546,2831,0.30907806428823736,710,748,498
frl_apartment_5,seq_0014,44,random,17,16,32768,0.872406005859375,0.439239501953125,0.4538076748172246,0.3396316670652954,0.2999999999999995,8.929055688208585,2539,0.3387160299330445,828,472,379
frl_apartment_5,seq_0014,44,random,18,30,32768,0.907012939453125,0.456939697265625,0.48013189327411593,0.2307187397440105,0.30000000000000004,9.14536550542587,2475,0.20363636363636364,683,715,573
frl_apartment_5,seq_0014,44,random,19,20,32768,0.947998046875,0.443634033203125,0.4560584599536441,0.21713615023474178,0.15000000000000002,4.608249467516281,1608,0.20087064676616914,325,426,534
frl_apartment_5,seq_0014,44,random,20,28,32768,0.91680908203125,0.44171142578125,0.4630517275813861,0.206529713866471,0.15000000000000044,4.517807470815293,2239,0.18311746315319338,516,925,388
frl_apartment_5,seq_0014,44,random,21,8,32768,0.893951416015625,0.481292724609375,0.4973201788823268,0.34618705035971226,0.30000000000000004,8.981477590052858,2334,0.32947729220222793,654,584,327
frl_apartment_5,seq_0014,44,random,22,35,32768,0.897705078125,0.51226806640625,0.5221988033723144,0.4251193317422434,0.15127953915608108,4.722804735111808,2434,0.3389482333607231,642,541,426
frl_apartment_5,seq_0014,44,random,23,42,32768,0.91064453125,0.5975341796875,0.6247654155495979,0.3200136612021858,0.15000000000000083,6.157549540097089,1853,0.29357798165137616,571,444,294
frl_apartment_5,seq_0014,44,random,24,17,32768,0.931854248046875,0.42388916015625,0.42741116751269037,0.3757277205553068,0.14999999999999944,4.574597020720584,1633,0.262094304960196,458,500,247
frl_apartment_5,seq_0014,44,random,25,0,32768,0.926788330078125,0.5648193359375,0.5783199973657348,0.39391413088787,0.15000000000000008,5.62992524839029,1856,0.29094827586206895,439,445,432
frl_apartment_5,seq_0014,44,random,26,24,32768,0.94598388671875,0.4637451171875,0.47667591457513386,0.23728813559322035,0.14999999999999963,4.647628212076414,1594,0.21957340025094102,401,516,327
frl_apartment_5,seq_0014,44,random,27,25,32768,0.961181640625,0.470733642578125,0.48012446024892047,0.23820754716981132,0.15000000000000044,4.661516267512138,1188,0.22306397306397308,315,308,300
frl_apartment_5,seq_0014,44,random,28,40,32768,0.924346923828125,0.545989990234375,0.5757205586186405,0.1827349737797499,0.14999999999999905,5.429255698463886,1682,0.1724137931034483,477,474,441
frl_apartment_5,seq_0014,44,random,29,26,32768,0.924713134765625,0.422821044921875,0.4487640671925019,0.10417511147142278,0.14999999999999994,4.544117067994675,2026,0.12438302073050346,520,982,272
frl_apartment_5,seq_0014,44,random,30,39,32768,0.929962158203125,0.557403564453125,0.5711613559544515,0.3747276688453159,0.15000000000000002,5.2381457103956555,1821,0.2954420647995607,307,435,541
frl_apartment_5,seq_0014,44,random,31,9,32768,0.915435791015625,0.449371337890625,0.457979131246458,0.35618910140743415,0.14999999999999963,4.43263098975059,2074,0.289778206364513,565,428,480
frl_apartment_5,seq_0014,44,random,32,6,32768,0.938018798828125,0.495391845703125,0.5014152324559976,0.40423436730674545,0.29999999999999977,9.606874172295294,1420,0.3105633802816901,410,376,193
frl_apartment_5,seq_0014,44,random,33,36,32768,0.92999267578125,0.5240478515625,0.5346524906477653,0.3831734960767219,0.15003056261611317,4.800042927225378,1634,0.2576499388004896,415,394,404
frl_apartment_5,seq_0014,44,random,34,37,32768,0.92340087890625,0.516632080078125,0.5370480534073634,0.2705179282868526,0.15056071702255897,4.9658970441974555,1939,0.20732336255801959,473,493,571
frl_apartment_5,seq_0014,44,random,35,13,32768,0.93597412109375,0.43634033203125,0.447114444082165,0.278836987607245,0.30000000000000004,8.623985360308472,1525,0.27081967213114755,458,346,308
frl_apartment_5,seq_0014,44,random,36,12,32768,0.949310302734375,0.435638427734375,0.44472305268910534,0.26550270921131847,0.14999999999999983,4.328851075546467,1359,0.2560706401766004,459,321,231
frl_apartment_5,seq_0014,44,random,37,7,32768,0.937103271484375,0.4775390625,0.4920050802748559,0.26200873362445415,0.15000000000000002,4.687239768174757,1616,0.22400990099009901,462,583,209
frl_apartment_5,seq_0014,44,random,38,43,32768,0.90606689453125,0.649749755859375,0.6913775682047828,0.24821312540610785,0.15000000000000002,6.634406714394952,1765,0.24305949008498584,739,443,154
frl_apartment_5,seq_0014,44,random,39,5,32768,0.964569091796875,0.50555419921875,0.5120068339291929,0.3298880275624462,0.14999999999999974,4.901712112570045,929,0.2874058127018299,232,269,161
frl_apartment_5,seq_0014,44,random,40,14,32768,0.962860107421875,0.427703857421875,0.4321574593515261,0.3122432210353328,0.15000000000000005,4.367542163015792,984,0.2865853658536585,298,222,182
frl_apartment_5,seq_0014,44,random,41,29,32768,0.956024169921875,0.4462890625,0.4593800874644875,0.16169326856349758,0.14999999999999952,4.517807470815265,1112,0.1303956834532374,286,511,170
frl_apartment_5,seq_0014,44,random,42,33,32768,0.90130615234375,0.44403076171875,0.46268707252657953,0.27365491651205937,0.15000000000000002,4.579432233948481,1974,0.23404255319148937,499,524,489
frl_apartment_5,seq_0014,44,random,43,15,32768,0.966888427734375,0.431243896484375,0.4377426380077644,0.24147465437788018,0.15000000000000002,4.4834949021318184,916,0.2052401746724891,240,267,221
frl_apartment_5,seq_0014,44,random,44,31,32768,0.926055908203125,0.432769775390625,0.4569451309935739,0.1300041271151465,0.14999999999999925,4.592693155692753,2021,0.11429985155863434,396,653,741
frl_apartment_5,seq_0014,44,sequential,1,0,32768,0.0,0.5648193359375,,0.5648193359375,,,8926,0.463141384718799,2109,1404,1279
frl_apartment_5,seq_0014,44,sequential,2,1,32768,0.67596435546875,0.537811279296875,0.5417155756207674,0.5296666038802035,0.15000000000000008,5.222223039764581,5830,0.40668953687821613,1680,1016,763
frl_apartment_5,seq_0014,44,sequential,3,2,32768,0.77508544921875,0.542510986328125,0.5379951177258052,0.5580732700135685,0.15000000000000008,5.098427841037858,4742,0.4552931252636019,1317,704,562
frl_apartment_5,seq_0014,44,sequential,4,3,32768,0.8145751953125,0.5374755859375,0.5462685448823618,0.4988479262672811,0.1499999999999998,5.069111148090523,3873,0.39297702039762455,1042,737,572
frl_apartment_5,seq_0014,44,sequential,5,4,32768,0.805999755859375,0.535308837890625,0.5204270947711181,0.5971370143149284,0.15000000000000013,4.976034335649827,4082,0.4759921607055365,1080,582,477
frl_apartment_5,seq_0014,44,sequential,6,5,32768,0.86041259765625,0.50555419921875,0.526956089948216,0.3736335811106253,0.15000000000000002,4.901712112570054,3238,0.3455836936380482,893,849,377
frl_apartment_5,seq_0014,44,sequential,7,6,32768,0.8214111328125,0.495391845703125,0.4866993609748848,0.5353725222146275,0.14999999999999974,4.83743626540161,3544,0.39813769751693,935,787,411
frl_apartment_5,seq_0014,44,sequential,8,7,32768,0.8314208984375,0.4775390625,0.49610923506093085,0.38595220854453294,0.15000000000000024,4.687239768174764,4119,0.3369749939305657,1191,1066,474
frl_apartment_5,seq_0014,44,sequential,9,8,32768,0.851837158203125,0.481292724609375,0.5025257048686992,0.3592173017507724,0.15000000000000002,4.518496263047289,3482,0.35496840896036763,987,792,467
frl_apartment_5,seq_0014,44,sequential,10,9,32768,0.81317138671875,0.449371337890625,0.4718156571342791,0.3516824567134923,0.14999999999999963,4.43263098975059,4257,0.32511158092553444,1308,774,791
frl_apartment_5,seq_0014,44,sequential,11,10,32768,0.859039306640625,0.444732666015625,0.4719528224803723,0.2788482355488201,0.15000000000000044,4.32103086929413,3374,0.27504445761707175,1213,688,545
frl_apartment_5,seq_0014,44,sequential,12,11,32768,0.8299560546875,0.435455322265625,0.463376967201059,0.29917444364680545,0.14999999999999983,4.350188822436481,3626,0.28130170987313846,1201,689,716
frl_apartment_5,seq_0014,44,sequential,13,12,32768,0.872711181640625,0.435638427734375,0.46116725530650066,0.2606089666746584,0.14999999999999983,4.328851075546467,3177,0.2751022977651873,1082,680,541
frl_apartment_5,seq_0014,44,sequential,14,13,32768,0.881683349609375,0.43634033203125,0.45737426880343357,0.2795976270312097,0.15000000000000024,4.336554004632763,3035,0.28171334431630973,768,788,624
frl_apartment_5,seq_0014,44,sequential,15,14,32768,0.88677978515625,0.427703857421875,0.44452474361621586,0.29595687331536386,0.15000000000000005,4.367542163015792,3037,0.2703325650312809,790,774,652
frl_apartment_5,seq_0014,44,sequential,16,15,32768,0.87420654296875,0.431243896484375,0.4392585352230678,0.37554585152838427,0.15000000000000002,4.4834949021318184,3158,0.3138062064597847,807,753,607
frl_apartment_5,seq_0014,44,sequential,17,16,32768,0.808258056640625,0.439239501953125,0.4502548612422126,0.3928059844023556,0.15000000000000002,4.491800154471153,4747,0.35475036865388665,1427,974,662
frl_apartment_5,seq_0014,44,sequential,18,17,32768,0.854278564453125,0.42388916015625,0.42967884828349945,0.38994764397905757,0.14999999999999944,4.574597020720584,3394,0.319387153800825,992,829,489
frl_apartment_5,seq_0014,44,sequential,19,18,32768,0.855224609375,0.43280029296875,0.4308449900085641,0.44435075885328834,0.15000000000000002,4.652696148950383,3242,0.3500925354719309,930,698,479
frl_apartment_5,seq_0014,44,sequential,20,19,32768,0.784637451171875,0.416900634765625,0.4424565361129478,0.32379197959472866,0.15000000000000044,4.6263304238586285,4633,0.25879559680552555,1271,1258,905
frl_apartment_5,seq_0014,44,sequential,21,20,32768,0.878448486328125,0.443634033203125,0.45350008685079035,0.37233241275420537,0.15000000000000002,4.608249467516281,3065,0.3102773246329527,727,624,763
frl_apartment_5,seq_0014,44,sequential,22,21,32768,0.902130126953125,0.43048095703125,0.43753594262711004,0.36545057686311194,0.15000000000000002,4.626330423858616,2582,0.30170410534469405,461,698,644
frl_apartment_5,seq_0014,44,sequential,23,22,32768,0.916351318359375,0.461761474609375,0.4566556765577647,0.517694272163444,0.14999999999999983,4.637567106743777,1872,0.3472222222222222,406,397,419
frl_apartment_5,seq_0014,44,sequential,24,23,32768,0.933685302734375,0.481536865234375,0.4858963882987416,0.42015646571560056,0.15000000000000002,4.628634121359775,1760,0.3534090909090909,322,509,307
frl_apartment_5,seq_0014,44,sequential,25,24,32768,0.905792236328125,0.4637451171875,0.4858663791651225,0.25105280207321024,0.14999999999999963,4.647628212076414,2100,0.25476190476190474,514,650,401
frl_apartment_5,seq_0014,44,sequential,26,25,32768,0.92315673828125,0.470733642578125,0.4824132231404959,0.33042096902303414,0.15000000000000044,4.661516267512138,2016,0.3134920634920635,491,464,429
frl_apartment_5,seq_0014,44,sequential,27,26,32768,0.863616943359375,0.422821044921875,0.47196013993427327,0.1116580890579548,0.14999999999999994,4.544117067994675,3021,0.13604766633565044,770,1345,495
frl_apartment_5,seq_0014,44,sequential,28,27,32768,0.911468505859375,0.430877685546875,0.4512338031941608,0.22130299896587383,0.14999999999999994,4.491800154471149,2368,0.1891891891891892,596,959,365
frl_apartment_5,seq_0014,44,sequential,29,28,32768,0.903411865234375,0.44171142578125,0.45721717393507416,0.2966824644549763,0.15000000000000044,4.517807470815293,2286,0.23140857392825898,602,799,356
frl_apartment_5,seq_0014,44,sequential,30,29,32768,0.8795166015625,0.4462890625,0.46082581540596806,0.3401722391084093,0.14999999999999952,4.517807470815265,2439,0.2697826978269783,733,719,329
frl_apartment_5,seq_0014,44,sequential,31,30,32768,0.885986328125,0.456939697265625,0.46021631303389365,0.43147751605995716,0.15000000000000033,4.601994264289228,2084,0.27111324376199614,595,519,405
frl_apartment_5,seq_0014,44,sequential,32,31,32768,0.8743896484375,0.432769775390625,0.4567569454139327,0.2657920310981535,0.14999999999999925,4.592693155692753,3015,0.21028192371475954,662,869,850
frl_apartment_5,seq_0014,44,sequential,33,32,32768,0.892364501953125,0.44708251953125,0.4644506001846722,0.30309044513751066,0.15000000000000083,4.5441170679947005,2550,0.2396078431372549,608,685,646
frl_apartment_5,seq_0014,44,sequential,34,33,32768,0.84283447265625,0.44403076171875,0.4633934390614816,0.34019417475728153,0.15000000000000002,4.579432233948481,2832,0.294138418079096,797,636,566
frl_apartment_5,seq_0014,44,sequential,35,34,32768,0.8739013671875,0.460113525390625,0.4771266936723006,0.34220716360116166,0.15034481020171112,4.477806480320069,2590,0.3054054054054054,899,602,298
frl_apartment_5,seq_0014,44,sequential,36,35,32768,0.91229248046875,0.51226806640625,0.5190339198501371,0.441892832289492,0.15127953915608108,4.722804735111808,2025,0.3397530864197531,538,458,341
frl_apartment_5,seq_0014,44,sequential,37,36,32768,0.936004638671875,0.5240478515625,0.5343158032017215,0.37386742966142106,0.15003056261611317,4.800042927225378,1552,0.2712628865979381,411,365,355
frl_apartment_5,seq_0014,44,sequential,38,37,32768,0.91845703125,0.516632080078125,0.5309343434343434,0.3555389221556886,0.15056071702255996,4.965897044197489,1943,0.2501286670097787,446,470,541
frl_apartment_5,seq_0014,44,sequential,39,38,32768,0.948699951171875,0.539398193359375,0.5553125100524335,0.24509220701963116,0.15056071702255897,5.08749831302428,1487,0.1862811028917283,335,505,370
frl_apartment_5,seq_0014,44,sequential,40,39,32768,0.933837890625,0.557403564453125,0.5724183006535948,0.345479704797048,0.15015747117450493,5.243614118875047,1722,0.2781649245063879,320,404,519
frl_apartment_5,seq_0014,44,sequential,41,40,32768,0.934173583984375,0.545989990234375,0.5723106072980301,0.17246175243393602,0.15000000000000002,5.429255698463922,1483,0.16587997302764665,375,437,425
frl_apartment_5,seq_0014,44,sequential,42,41,32768,0.954193115234375,0.5810546875,0.5956759522819586,0.27648234510326447,0.14999999999999905,5.5212702580959885,1104,0.19927536231884058,330,377,177
frl_apartment_5,seq_0014,44,sequential,43,42,32768,0.940093994140625,0.5975341796875,0.6216198669047233,0.2195618950585838,0.15000000000000083,6.157549540097089,1384,0.23771676300578035,444,372,239
frl_apartment_5,seq_0014,44,sequential,44,43,32768,0.919891357421875,0.649749755859375,0.6858972232359088,0.23466666666666666,0.15000000000000002,6.634406714394952,1579,0.24255858138062064,630,422,144
frl_apartment_5,seq_0002,60,spread,1,0,32768,0.0,0.6456298828125,,0.6456298828125,,,8620,0.6916473317865429,1132,712,814
frl_apartment_5,seq_0002,60,spread,2,59,32766,0.024415552707074406,0.6023622047244095,0.62,0.6019207908402678,8.871791002396128,79.59783355307431,8952,0.6095844504021448,1620,1004,871
frl_apartment_5,seq_0002,60,spread,3,30,32768,0.143035888671875,0.5289306640625,0.9027096223597184,0.466543214272996,4.394163810123254,65.7061886943673,10575,0.5273758865248227,2286,1068,1644
frl_apartment_5,seq_0002,60,spread,4,15,32768,0.41497802734375,0.552459716796875,0.7578320341226651,0.4067814293166406,2.25,48.64529906995804,6959,0.5388705273746228,1594,634,981
frl_apartment_5,seq_0002,60,spread,5,45,32768,0.418792724609375,0.58123779296875,0.8486482547547912,0.38855342609608823,2.1900172579678245,49.082140531421054,7086,0.5728196443691786,1422,752,853
frl_apartment_5,seq_0002,60,spread,6,52,32768,0.54248046875,0.58966064453125,0.7569194419441945,0.39134204909284953,1.0553139548768913,31.61024567676585,5459,0.450448800146547,1394,769,837
frl_apartment_5,seq_0002,60,spread,7,7,32768,0.75079345703125,0.588623046875,0.6094626453133891,0.5258388439872642,1.0499999999999998,29.111161082282866,3570,0.5624649859943978,798,366,398
frl_apartment_5,seq_0002,60,spread,8,22,32768,0.824798583984375,0.54632568359375,0.5392385392385393,0.5796899494861523,1.0499999999999998,27.794129104162394,4310,0.5262180974477958,1351,460,231
frl_apartment_5,seq_0002,60,spread,9,37,32768,0.84088134765625,0.559478759765625,0.5542208027872542,0.587265055619486,1.0499999999999998,28.286558035902534,4255,0.5661574618096358,1107,460,279
frl_apartment_5,seq_0002,60,spread,10,11,32768,0.912017822265625,0.556182861328125,0.5535887569014556,0.5830731876517516,0.5999999999999996,16.762578829013783,2003,0.5067398901647528,572,238,178
frl_apartment_5,seq_0002,60,spread,11,26,32768,0.88092041015625,0.532958984375,0.5373449733250191,0.5005125576627371,0.5999999999999996,16.87488869307992,3385,0.49512555391432794,1326,255,128
frl_apartment_5,seq_0002,60,spread,12,41,32768,0.893402099609375,0.555023193359375,0.5595900939368061,0.5167477812768394,0.5999999999999996,17.286363848339857,3015,0.4898839137645108,1085,321,132
frl_apartment_5,seq_0002,60,spread,13,56,32768,0.59735107421875,0.6263427734375,0.9426790640645755,0.1570410792784599,0.5107333142040454,17.222730198929295,3795,0.3227931488801054,910,826,834
frl_apartment_5,seq_0002,60,spread,14,48,32768,0.8759765625,0.593170166015625,0.5931925863991081,0.593011811023622,0.45242083336417865,13.869270080822915,2787,0.5285252960172229,734,348,232
frl_apartment_5,seq_0002,60,spread,15,3,32768,0.93255615234375,0.586334228515625,0.5928071208848746,0.4968325791855204,0.4500000000000002,14.144439243118896,1399,0.38313080771979985,459,220,184
frl_apartment_5,seq_0002,60,spread,16,33,32768,0.87274169921875,0.51654052734375,0.532100146863417,0.40983213429256593,0.4500000000000002,13.279662474120101,3170,0.34574132492113563,1235,665,174
frl_apartment_5,seq_0002,60,spread,17,18,32768,0.912445068359375,0.5550537109375,0.5635305528612997,0.4667131404670617,0.4499999999999993,12.6075906853178,2257,0.4448382809038547,832,310,111
frl_apartment_5,seq_0002,60,spread,18,54,32768,0.75946044921875,0.6163330078125,0.7798360523989392,0.1001014970819589,0.3247983936500646,10.844580581521114,2619,0.21000381825124093,794,535,740
frl_apartment_5,seq_0002,60,spread,19,50,32768,0.9384765625,0.609527587890625,0.6204799687825182,0.44246031746031744,0.30042752168306464,9.639525527898035,1748,0.40331807780320367,439,324,280
frl_apartment_5,seq_0002,60,spread,20,5,32768,0.949066162109375,0.6005859375,0.5969645326216277,0.6680647094068305,0.2999999999999998,9.222610849395823,1113,0.5363881401617251,272,161,83
frl_apartment_5,seq_0002,60,spread,21,9,32755,0.9311860784613036,0.5887040146542513,0.5807350578669552,0.6965394853593612,0.2999999999999998,8.953004069073689,1490,0.6006711409395973,338,137,120
frl_apartment_5,seq_0002,60,spread,22,13,32768,0.95330810546875,0.5728759765625,0.5748127280875857,0.5333333333333333,0.2999999999999998,8.791372200360057,1141,0.43821209465381245,313,165,163
frl_apartment_5,seq_0002,60,spread,23,20,32768,0.959808349609375,0.562103271484375,0.5660551333820865,0.4677296886864085,0.2999999999999998,8.529778447650157,1180,0.44322033898305085,381,220,56
frl_apartment_5,seq_0002,60,spread,24,24,32768,0.957855224609375,0.560943603515625,0.563226813648963,0.5090514120202752,0.2999999999999998,8.47730096439239,1269,0.5327029156816391,425,140,28
frl_apartment_5,seq_0002,60,spread,25,28,32768,0.949859619140625,0.550506591796875,0.5595180722891566,0.3797930614729154,0.2999999999999998,8.480909969938862,1432,0.3931564245810056,548,242,79
frl_apartment_5,seq_0002,60,spread,26,35,32768,0.949737548828125,0.5531005859375,0.555637672311301,0.5051608986035215,0.2999999999999998,8.856152478218387,1430,0.4979020979020979,478,169,71
frl_apartment_5,seq_0002,60,spread,27,39,32768,0.955780029296875,0.55908203125,0.5657907340591973,0.4140786749482402,0.2999999999999998,8.80152786154788,1296,0.4104938271604938,470,227,67
frl_apartment_5,seq_0002,60,spread,28,43,32768,0.964111328125,0.570556640625,0.5766966320587491,0.40561224489795916,0.2999999999999998,8.815481143617506,1094,0.39945155393053017,472,126,59
frl_apartment_5,seq_0002,60,spread,29,58,32768,0.780609130859375,0.62451171875,0.7778646545994762,0.07887049659201557,0.17592646916373236,6.18027801508758,2155,0.16751740139211138,485,625,684
frl_apartment_5,seq_0002,60,spread,30,55,32768,0.8408203125,0.621917724609375,0.7290214866434379,0.056173312883435585,0.16762240782416402,5.74125297836717,1358,0.18924889543446244,383,290,428
frl_apartment_5,seq_0002,60,spread,31,57,32768,0.913238525390625,0.60833740234375,0.639298245614035,0.2824481181850158,0.16762240782416243,5.828788329136808,1861,0.3320795271359484,448,344,451
frl_apartment_5,seq_0002,60,spread,32,53,32768,0.95440673828125,0.62176513671875,0.6409477521263669,0.22021419009370816,0.161574853571782,5.400029685795615,1251,0.22382094324540366,353,280,338
frl_apartment_5,seq_0002,60,spread,33,47,32768,0.96649169921875,0.594024658203125,0.5998105462582886,0.42714025500910746,0.15448344424401744,4.791698642281918,1032,0.4331395348837209,261,235,89
frl_apartment_5,seq_0002,60,spread,34,49,32768,0.963470458984375,0.600189208984375,0.6103386018814735,0.33249791144527985,0.15012243926888336,4.7875844002155405,1146,0.32111692844677137,358,236,184
frl_apartment_5,seq_0002,60,spread,35,51,32768,0.9715576171875,0.60675048828125,0.6167860283955271,0.26394849785407726,0.15001215643886429,4.902107425957852,907,0.26350606394707826,322,182,164
frl_apartment_5,seq_0002,60,spread,36,12,32768,0.97332763671875,0.572784423828125,0.5786354800275914,0.35926773455377575,0.15000000000000036,4.441198928758596,752,0.30851063829787234,292,141,87
frl_apartment_5,seq_0002,60,spread,37,16,32768,0.977264404296875,0.56591796875,0.5700277925241233,0.38926174496644295,0.15000000000000036,4.296299087397907,681,0.38472834067547723,232,145,42
frl_apartment_5,seq_0002,60,spread,38,25,32768,0.957000732421875,0.566680908203125,0.5682579163876399,0.531582682753726,0.15000000000000036,4.263809667115898,1366,0.527818448023426,509,123,13
frl_apartment_5,seq_0002,60,spread,39,32,32768,0.931884765625,0.520263671875,0.5201074141996332,0.5224014336917563,0.15000000000000036,4.473935839838673,1460,0.36095890410958903,649,228,56
frl_apartment_5,seq_0002,60,spread,40,42,32768,0.980010986328125,0.569915771484375,0.5747827982437019,0.33129770992366414,0.15000000000000036,4.447617330168771,623,0.32423756019261635,273,127,21
frl_apartment_5,seq_0002,60,spread,41,4,32768,0.986907958984375,0.57318115234375,0.5778781038374717,0.2191142191142191,0.1499999999999995,4.691935092325422,390,0.19743589743589743,139,126,48
frl_apartment_5,seq_0002,60,spread,42,6,32752,0.9834513922813874,0.5979482169027845,0.6045948463210183,0.2029520295202952,0.1499999999999995,4.570734235600926,472,0.21822033898305085,191,112,66
frl_apartment_5,seq_0002,60,spread,43,8,32761,0.9778700283874119,0.5975092335398797,0.60088650268448,0.4482758620689655,0.1499999999999995,4.510533883943586,575,0.3234782608695652,187,143,59
frl_apartment_5,seq_0002,60,spread,44,14,32768,0.97998046875,0.5606689453125,0.565146985550573,0.34146341463414637,0.1499999999999995,4.423474358545282,598,0.31270903010033446,217,115,79
frl_apartment_5,seq_0002,60,spread,45,23,32768,0.97991943359375,0.546875,0.5514481469947057,0.32370820668693007,0.1499999999999995,4.288651466044989,632,0.3259493670886076,248,160,18
frl_apartment_5,seq_0002,60,spread,46,27,32768,0.971893310546875,0.5560302734375,0.5605237541997676,0.4006514657980456,0.1499999999999995,4.263809667115873,867,0.4013840830449827,331,166,22
frl_apartment_5,seq_0002,60,spread,47,29,32768,0.98236083984375,0.53619384765625,0.5415035725380553,0.24048442906574394,0.1499999999999995,4.307208232487882,560,0.24821428571428572,261,134,26
frl_apartment_5,seq_0002,60,spread,48,34,32768,0.979278564453125,0.542266845703125,0.5485057184705039,0.24742268041237114,0.1499999999999995,4.431373863178947,660,0.24545454545454545,263,171,64
frl_apartment_5,seq_0002,60,spread,49,38,32768,0.97503662109375,0.553192138671875,0.5596557120500782,0.30073349633251834,0.1499999999999995,4.4444708758391664,730,0.3150684931506849,310,157,33
frl_apartment_5,seq_0002,60,spread,50,44,32768,0.960296630859375,0.530853271484375,0.5388502240442368,0.3374327440430438,0.1499999999999995,4.379706011795707,1152,0.3324652777777778,551,179,39
frl_apartment_5,seq_0002,60,spread,51,1,32768,0.952117919921875,0.6070556640625,0.6197634539568576,0.3543658381134481,0.14999999999999947,4.958426233703185,1057,0.3074739829706717,462,200,70
frl_apartment_5,seq_0002,60,spread,52,2,32767,0.9848017822809534,0.6114688558610798,0.6164740153088103,0.28714859437751006,0.14999999999999947,4.856492424944796,444,0.25,174,107,52
frl_apartment_5,seq_0002,60,spread,53,10,32768,0.981689453125,0.5631103515625,0.5673650833126088,0.335,0.14999999999999947,4.370792507594038,561,0.3048128342245989,183,139,68
frl_apartment_5,seq_0002,60,spread,54,17,32768,0.98199462890625,0.57489013671875,0.5776306793461371,0.42542372881355933,0.14999999999999947,4.329986659533013,565,0.4230088495575221,192,109,25
frl_apartment_5,seq_0002,60,spread,55,19,32768,0.98260498046875,0.566436767578125,0.569786943288403,0.37719298245614036,0.14999999999999947,4.293268628789549,523,0.372848948374761,147,155,26
frl_apartment_5,seq_0002,60,spread,56,21,32768,0.935211181640625,0.468475341796875,0.4813509544787078,0.2826189354686764,0.14999999999999947,4.433209506502287,1436,0.30571030640668523,790,186,21
frl_apartment_5,seq_0002,60,spread,57,31,32768,0.972320556640625,0.523590087890625,0.528232007783811,0.360529217199559,0.14999999999999947,4.395923858953122,753,0.3147410358565737,389,96,31
frl_apartment_5,seq_0002,60,spread,58,36,32768,0.981842041015625,0.552825927734375,0.5562738942591614,0.3663865546218487,0.14999999999999947,4.4216535362914415,368,0.35597826086956524,109,87,41
frl_apartment_5,seq_0002,60,spread,59,40,32768,0.98468017578125,0.57196044921875,0.5748775801152917,0.3844621513944223,0.14999999999999947,4.394447684822688,493,0.3772819472616633,200,88,19
frl_apartment_5,seq_0002,60,spread,60,46,32768,0.978424072265625,0.578460693359375,0.5829200586382209,0.37623762376237624,0.14999999999999947,4.582226147324083,553,0.3670886075949367,226,86,38
frl_apartment_5,seq_0002,60,random,1,16,32768,0.0,0.56591796875,,0.56591796875,,,11316,0.6319370802403677,1843,882,1440
frl_apartment_5,seq_0002,60,random,2,27,32768,0.404022216796875,0.5560302734375,0.7335146159075459,0.43571099390649803,1.6499999999999997,39.35542366135432,9365,0.5765082754938601,1668,865,1433
frl_apartment_5,seq_0002,60,random,3,20,32768,0.817291259765625,0.562103271484375,0.5490086255180912,0.6206781359612493,0.5999999999999996,16.697392159444746,4732,0.5929839391377852,1047,453,426
frl_apartment_5,seq_0002,60,random,4,8,32761,0.6401513995299288,0.5975092335398797,0.6180144955178333,0.5610314700144202,1.2000000000000002,32.255760860418725,5021,0.6205935072694683,747,532,626
frl_apartment_5,seq_0002,60,random,5,42,32768,0.39208984375,0.569915771484375,0.8145236612702366,0.41214859437751006,2.25,49.40019117730029,7730,0.6111254851228978,1467,782,757
frl_apartment_5,seq_0002,60,random,6,34,32768,0.791717529296875,0.542266845703125,0.5355587248968894,0.5677655677655677,1.0499999999999998,28.478792740361182,5204,0.5299769408147579,1527,501,418
frl_apartment_5,seq_0002,60,random,7,51,32768,0.4334716796875,0.60675048828125,0.6391157420444945,0.5819866408101703,1.3531080543675804,37.726255725757234,6283,0.5837975489415884,1291,648,676
frl_apartment_5,seq_0002,60,random,8,4,32768,0.861846923828125,0.57318115234375,0.5731383449594561,0.5734481996907445,0.6000000000000005,18.17464756351233,2349,0.48020434227330777,709,302,210
frl_apartment_5,seq_0002,60,random,9,52,32768,0.77935791015625,0.58966064453125,0.5726368548829196,0.649792531120332,0.15066236564767213,5.021402715044727,3900,0.5215384615384615,1083,423,360
frl_apartment_5,seq_0002,60,random,10,57,32768,0.5135498046875,0.60833740234375,0.9374257190396957,0.2609159347553325,0.8271909744639906,26.73753660514164,4758,0.38524590163934425,1162,917,846
frl_apartment_5,seq_0002,60,random,11,10,32768,0.9066162109375,0.5631103515625,0.5603877743368789,0.5895424836601307,0.2999999999999998,8.69129863042893,2157,0.5132127955493742,596,255,199
frl_apartment_5,seq_0002,60,random,12,2,32767,0.8839075899533066,0.6114688558610798,0.6092946172703104,0.6280231335436383,0.29999999999999893,9.6441873166344,2101,0.5059495478343646,578,241,219
frl_apartment_5,seq_0002,60,random,13,44,32768,0.861907958984375,0.530853271484375,0.5503664624862797,0.409060773480663,0.2999999999999998,8.708819725328103,3698,0.39778258518117904,1568,446,213
frl_apartment_5,seq_0002,60,random,14,23,32768,0.921875,0.546875,0.5523371292372882,0.482421875,0.4500000000000002,12.678942383118036,2196,0.46948998178506374,828,248,89
frl_apartment_5,seq_0002,60,random,15,24,32768,0.933135986328125,0.560943603515625,0.5631356902246787,0.5303514376996805,0.1499999999999995,4.261975252663206,1999,0.544272136068034,656,174,81
frl_apartment_5,seq_0002,60,random,16,43,32768,0.935394287109375,0.570556640625,0.575805030830968,0.49456778460085027,0.1499999999999995,4.433981340930107,1867,0.45902517407605786,717,205,88
frl_apartment_5,seq_0002,60,random,17,11,32768,0.9642333984375,0.556182861328125,0.5636472971262185,0.35494880546075086,0.14999999999999947,4.30632078278928,978,0.33537832310838445,368,174,108
frl_apartment_5,seq_0002,60,random,18,35,32768,0.915069580078125,0.5531005859375,0.5514090378522595,0.5713259072942868,0.15000000000000036,4.454683342033734,2332,0.5291595197255574,753,232,113
frl_apartment_5,seq_0002,60,random,19,30,32768,0.9139404296875,0.5289306640625,0.5373313743822626,0.4397163120567376,0.4500000000000002,12.782604082222996,2373,0.3919089759797724,931,419,93
frl_apartment_5,seq_0002,60,random,20,18,32768,0.930999755859375,0.5550537109375,0.5642639394237389,0.4307828394515701,0.29999999999999893,8.480909969938837,1828,0.4190371991247265,716,253,93
frl_apartment_5,seq_0002,60,random,21,54,32768,0.8082275390625,0.6163330078125,0.730214469113427,0.13637810311903245,0.3247983936500646,10.844580581521114,2504,0.2356230031948882,746,492,676
frl_apartment_5,seq_0002,60,random,22,3,32768,0.963714599609375,0.586334228515625,0.5881440197599671,0.5382674516400336,0.14999999999999947,4.801712661995451,896,0.43638392857142855,234,158,113
frl_apartment_5,seq_0002,60,random,23,1,32768,0.932464599609375,0.6070556640625,0.6122074946817215,0.5359240849525531,0.15000000000000127,4.9584262337032445,1456,0.4326923076923077,442,255,129
frl_apartment_5,seq_0002,60,random,24,55,32768,0.740478515625,0.621917724609375,0.8074101549620838,0.09266227657572906,0.16762240782416402,5.74125297836717,2234,0.25111906893464636,554,507,612
frl_apartment_5,seq_0002,60,random,25,17,32768,0.963165283203125,0.57489013671875,0.57792845600583,0.49544324772162385,0.14999999999999947,4.329986659533013,1131,0.4854111405835544,381,147,54
frl_apartment_5,seq_0002,60,random,26,21,32768,0.890045166015625,0.468475341796875,0.4868163895079719,0.3200111018595615,0.14999999999999947,4.433209506502287,2501,0.34146341463414637,1268,335,44
frl_apartment_5,seq_0002,60,random,27,36,32768,0.9456787109375,0.552825927734375,0.5550212985671873,0.5146067415730337,0.14999999999999947,4.4216535362914415,1284,0.4742990654205608,419,157,99
frl_apartment_5,seq_0002,60,random,28,0,32768,0.956939697265625,0.6456298828125,0.649807060624422,0.5527994330262226,0.14999999999999947,5.016464718252501,971,0.47167868177136973,260,141,112
frl_apartment_5,seq_0002,60,random,29,28,32768,0.955902099609375,0.550506591796875,0.5575136481179963,0.3986159169550173,0.15000000000000036,4.263809667115898,1247,0.4234161988773055,481,190,48
frl_apartment_5,seq_0002,60,random,30,6,32752,0.9701697606253054,0.5979482169027845,0.6065145554681354,0.3193449334698055,0.2999999999999998,9.084022117787768,700,0.30428571428571427,262,126,99
frl_apartment_5,seq_0002,60,random,31,19,32768,0.974945068359375,0.566436767578125,0.5700065733871725,0.42752740560292324,0.14999999999999947,4.293268628789549,740,0.41081081081081083,214,174,48
frl_apartment_5,seq_0002,60,random,32,48,32768,0.935333251953125,0.593170166015625,0.5977030245685014,0.5276073619631901,0.4522363872416515,13.863833934756197,1765,0.4838526912181303,492,271,148
frl_apartment_5,seq_0002,60,random,33,22,32768,0.973358154296875,0.54632568359375,0.5536290954695093,0.27949599083619703,0.15000000000000036,4.306320782789305,845,0.2816568047337278,407,181,19
frl_apartment_5,seq_0002,60,random,34,26,32768,0.9654541015625,0.532958984375,0.5356871918068024,0.45671378091872794,0.1499999999999995,4.336789700100125,1061,0.46277097078228085,444,109,17
frl_apartment_5,seq_0002,60,random,35,37,32768,0.965911865234375,0.559478759765625,0.5651006287321095,0.40017905102954343,0.15000000000000038,4.396104764149813,1076,0.39684014869888473,383,222,44
frl_apartment_5,seq_0002,60,random,36,46,32768,0.9576416015625,0.578460693359375,0.585755258126195,0.41354466858789624,0.2999999999999998,9.106575195097466,1117,0.39480752014324083,428,165,83
frl_apartment_5,seq_0002,60,random,37,58,32768,0.821319580078125,0.62451171875,0.7302047337717832,0.13868488471391974,0.16762240782416568,5.890658796305275,2189,0.22932846048423938,507,582,598
frl_apartment_5,seq_0002,60,random,38,32,32768,0.928375244140625,0.520263671875,0.5232569606521811,0.48146570089475926,0.2999999999999998,8.893970088516312,1555,0.3729903536977492,705,222,48
frl_apartment_5,seq_0002,60,random,39,25,32768,0.964874267578125,0.566680908203125,0.5665306638833539,0.5708079930495221,0.15000000000000036,4.263809667115898,1128,0.5664893617021277,377,104,8
frl_apartment_5,seq_0002,60,random,40,53,32768,0.960052490234375,0.62176513671875,0.6381639594392702,0.22765469824293355,0.161574853571782,5.400029685795615,1122,0.22459893048128343,305,264,301
frl_apartment_5,seq_0002,60,random,41,9,32755,0.965226682949168,0.5887040146542513,0.5881515688259109,0.6040386303775241,0.1499999999999995,4.503995272116268,806,0.4851116625310174,221,110,84
frl_apartment_5,seq_0002,60,random,42,38,32768,0.96795654296875,0.553192138671875,0.5611324799798222,0.31333333333333335,0.15000000000000036,4.444470875839192,941,0.31562167906482463,412,190,42
frl_apartment_5,seq_0002,60,random,43,47,32768,0.9737548828125,0.594024658203125,0.5986899837031465,0.42093023255813955,0.15031927692760302,4.663113796101521,819,0.4249084249084249,212,212,47
frl_apartment_5,seq_0002,60,random,44,50,32768,0.97174072265625,0.609527587890625,0.6193078324225865,0.2732181425485961,0.15001215643886429,4.847627718046628,875,0.25485714285714284,235,253,164
frl_apartment_5,seq_0002,60,random,45,40,32768,0.978057861328125,0.57196044921875,0.5759306062591657,0.3949930458970793,0.2999999999999998,8.737794446937079,705,0.38865248226950355,290,113,28
frl_apartment_5,seq_0002,60,random,46,13,32768,0.980560302734375,0.5728759765625,0.5781643895303601,0.30612244897959184,0.3000000000000007,8.791372200360081,574,0.28222996515679444,175,127,110
frl_apartment_5,seq_0002,60,random,47,12,32768,0.980438232421875,0.572784423828125,0.5791390419273508,0.2542901716068643,0.15000000000000036,4.441198928758596,600,0.23666666666666666,258,126,74
frl_apartment_5,seq_0002,60,random,48,7,32768,0.982025146484375,0.588623046875,0.5942074023431431,0.2835314091680815,0.1499999999999995,4.548285204283688,544,0.24448529411764705,210,132,69
frl_apartment_5,seq_0002,60,random,49,45,32768,0.9822998046875,0.58123779296875,0.5842860693426122,0.41206896551724137,0.14999999999999947,4.518138274181942,527,0.3776091081593928,215,82,31
frl_apartment_5,seq_0002,60,random,50,39,32768,0.9805908203125,0.55908203125,0.5645773683555334,0.28144654088050314,0.1499999999999995,4.426879803884657,568,0.301056338028169,228,146,23
frl_apartment_5,seq_0002,60,random,51,59,32766,0.7815418421534518,0.6023622047244095,0.7532802249297095,0.06244761106454317,0.17592646916373236,6.165268088985381,2350,0.12382978723404256,628,708,723
frl_apartment_5,seq_0002,60,random,52,5,32768,0.9688720703125,0.6005859375,0.5961635378606527,0.7382352941176471,0.15000000000000036,4.641369214761539,627,0.594896331738437,111,107,36
frl_apartment_5,seq_0002,60,random,53,49,32768,0.97540283203125,0.600189208984375,0.6088480070083224,0.25682382133995035,0.15012243926888336,4.7875844002155405,791,0.2528445006321112,251,207,133
frl_apartment_5,seq_0002,60,random,54,14,32768,0.981597900390625,0.5606689453125,0.5651173635939686,0.32338308457711445,0.1499999999999995,4.423474358545282,549,0.29326047358834245,209,103,76
frl_apartment_5,seq_0002,60,random,55,29,32768,0.9857177734375,0.53619384765625,0.5410216718266254,0.202991452991453,0.1499999999999995,4.307208232487882,448,0.20089285714285715,191,144,23
frl_apartment_5,seq_0002,60,random,56,41,32768,0.9844970703125,0.555023193359375,0.557625542467452,0.38976377952755903,0.14999999999999947,4.448710962426588,455,0.35824175824175825,186,86,20
frl_apartment_5,seq_0002,60,random,57,56,32768,0.946502685546875,0.6263427734375,0.6557149766242141,0.10667427267541357,0.16762240782416243,5.8091365131601735,1028,0.1566147859922179,233,234,400
frl_apartment_5,seq_0002,60,random,58,33,32768,0.955841064453125,0.51654052734375,0.529357300213914,0.23911541119557705,0.1499999999999995,4.498293641650849,1170,0.19829059829059828,502,384,52
frl_apartment_5,seq_0002,60,random,59,15,32768,0.980712890625,0.552459716796875,0.5585013691809808,0.24525316455696203,0.15000000000000036,4.331262531296132,580,0.23275862068965517,230,157,58
frl_apartment_5,seq_0002,60,random,60,31,32768,0.97381591796875,0.523590087890625,0.5279849576935131,0.36013986013986016,0.14999999999999947,4.395923858953122,724,0.30939226519337015,374,95,31
frl_apartment_5,seq_0002,60,sequential,1,0,32768,0.0,0.6456298828125,,0.6456298828125,,,8620,0.6916473317865429,1132,712,814
frl_apartment_5,seq_0002,60,sequential,2,1,32768,0.719635009765625,0.6070556640625,0.5959882956617616,0.6354631544573854,0.14999999999999947,4.958426233703185,4514,0.5890562693841382,1060,393,402
frl_apartment_5,seq_0002,60,sequential,3,2,32767,0.8678548539689321,0.6114688558610798,0.6139184864788831,0.5953810623556582,0.15000000000000127,4.856492424944854,2740,0.5660583941605839,645,283,261
frl_apartment_5,seq_0002,60,sequential,4,3,32768,0.905670166015625,0.586334228515625,0.5969269130976851,0.48463280491750244,0.14999999999999947,4.801712661995451,2096,0.4761450381679389,562,275,261
frl_apartment_5,seq_0002,60,sequential,5,4,32768,0.844482421875,0.57318115234375,0.5644694998554496,0.6204866562009419,0.1499999999999995,4.691935092325422,2902,0.580289455547898,629,318,271
frl_apartment_5,seq_0002,60,sequential,6,5,32768,0.818145751953125,0.6005859375,0.6663806930508411,0.3045813055881859,0.15000000000000036,4.641369214761539,2424,0.46782178217821785,441,345,504
frl_apartment_5,seq_0002,60,sequential,7,6,32752,0.8767098192476795,0.5979482169027845,0.6225534582433656,0.42298167409608717,0.15000000000000036,4.570734235600952,2597,0.4724682325760493,538,367,465
frl_apartment_5,seq_0002,60,sequential,8,7,32768,0.945404052734375,0.588623046875,0.596533135349753,0.45164896590273895,0.1499999999999995,4.548285204283688,1582,0.42351453855878635,397,263,252
frl_apartment_5,seq_0002,60,sequential,9,8,32761,0.9227129818992095,0.5975092335398797,0.597869595421615,0.5932069510268563,0.15000000000000036,4.510533883943611,1958,0.5127681307456589,410,272,272
frl_apartment_5,seq_0002,60,sequential,10,9,32755,0.8991909632117234,0.5887040146542513,0.5769191593386073,0.6938219261053906,0.1499999999999995,4.503995272116268,2346,0.618073316283035,476,202,218
frl_apartment_5,seq_0002,60,sequential,11,10,32768,0.883056640625,0.5631103515625,0.554706939452585,0.6265657620041754,0.15000000000000036,4.3707925075940635,2427,0.53811289658014,598,268,255
frl_apartment_5,seq_0002,60,sequential,12,11,32768,0.87030029296875,0.556182861328125,0.5507749491549196,0.5924705882352941,0.14999999999999947,4.30632078278928,2573,0.5277885736494364,735,221,259
frl_apartment_5,seq_0002,60,sequential,13,12,32768,0.93414306640625,0.572784423828125,0.5821953609931395,0.4392956441149212,0.15000000000000038,4.441198928758596,1813,0.42801985659128516,607,215,215
frl_apartment_5,seq_0002,60,sequential,14,13,32768,0.9412841796875,0.5728759765625,0.5804370379976657,0.4516632016632017,0.15000000000000036,4.421711320924175,1775,0.4512676056338028,416,231,327
frl_apartment_5,seq_0002,60,sequential,15,14,32768,0.950286865234375,0.5606689453125,0.5685795947204471,0.4094536525475752,0.1499999999999995,4.423474358545282,1459,0.4043865661411926,411,197,261
frl_apartment_5,seq_0002,60,sequential,16,15,32768,0.91290283203125,0.552459716796875,0.558434177976867,0.4898388227049755,0.15000000000000036,4.331262531296132,2295,0.4549019607843137,655,302,294
frl_apartment_5,seq_0002,60,sequential,17,16,32768,0.915008544921875,0.56591796875,0.5668879031451156,0.555475763016158,0.15000000000000036,4.296299087397907,2393,0.5361470956957793,545,319,246
frl_apartment_5,seq_0002,60,sequential,18,17,32768,0.904815673828125,0.57489013671875,0.5678775000843199,0.6415517794164797,0.1499999999999995,4.329986659533014,2449,0.5961616986525112,551,233,205
frl_apartment_5,seq_0002,60,sequential,19,18,32768,0.89422607421875,0.5550537109375,0.5684936181830592,0.44143104443162146,0.14999999999999947,4.263809667115872,2863,0.44254278728606355,1017,369,210
frl_apartment_5,seq_0002,60,sequential,20,19,32768,0.921478271484375,0.566436767578125,0.5615499254843517,0.6237854644383988,0.15000000000000127,4.2932686287896,2187,0.5994513031550068,388,275,213
frl_apartment_5,seq_0002,60,sequential,21,20,32768,0.93536376953125,0.562103271484375,0.5630995106035889,0.5476864966949953,0.14999999999999947,4.288651466044988,1940,0.540721649484536,452,269,170
frl_apartment_5,seq_0002,60,sequential,22,21,32768,0.76324462890625,0.468475341796875,0.4871651339464214,0.40822376901263213,0.14999999999999947,4.433209506502287,5056,0.4363132911392405,2143,477,230
frl_apartment_5,seq_0002,60,sequential,23,22,32768,0.89605712890625,0.54632568359375,0.544377086029562,0.5631238990017616,0.15000000000000038,4.306320782789306,2643,0.501324252743095,834,330,154
frl_apartment_5,seq_0002,60,sequential,24,23,32768,0.938995361328125,0.546875,0.5533816503623777,0.4467233616808404,0.15000000000000036,4.288651466045013,1809,0.46379215035931454,566,259,145
frl_apartment_5,seq_0002,60,sequential,25,24,32768,0.930450439453125,0.560943603515625,0.563744301223392,0.5234752084247477,0.1499999999999995,4.261975252663206,2063,0.5492001938923897,619,191,120
frl_apartment_5,seq_0002,60,sequential,26,25,32768,0.911376953125,0.566680908203125,0.5645928207875703,0.5881542699724518,0.15000000000000036,4.263809667115898,2727,0.5936927026035937,751,231,126
frl_apartment_5,seq_0002,60,sequential,27,26,32768,0.928375244140625,0.532958984375,0.5406791361230728,0.43289305496378355,0.15000000000000036,4.33678970010015,2099,0.44020962363030014,836,203,136
frl_apartment_5,seq_0002,60,sequential,28,27,32768,0.936798095703125,0.5560302734375,0.5636707170081767,0.4427812650893288,0.1499999999999995,4.263809667115873,1867,0.4724156400642742,621,239,125
frl_apartment_5,seq_0002,60,sequential,29,28,32768,0.920501708984375,0.550506591796875,0.5540894473361403,0.509021113243762,0.15000000000000036,4.263809667115898,2316,0.5397236614853195,683,243,140
frl_apartment_5,seq_0002,60,sequential,30,29,32768,0.94183349609375,0.53619384765625,0.5475989890480202,0.3515215110178384,0.1499999999999995,4.307208232487882,1787,0.3609401231113598,711,283,148
frl_apartment_5,seq_0002,60,sequential,31,30,32768,0.909942626953125,0.5289306640625,0.5338565248012879,0.4791596069129109,0.15000000000000036,4.324764259906538,2437,0.4398851046368486,837,383,145
frl_apartment_5,seq_0002,60,sequential,32,31,32768,0.914764404296875,0.523590087890625,0.5249374478732277,0.5091299677765844,0.14999999999999947,4.395923858953122,2096,0.43940839694656486,844,219,112
frl_apartment_5,seq_0002,60,sequential,33,32,32768,0.892730712890625,0.520263671875,0.5116398318121218,0.5920341394025604,0.15000000000000038,4.473935839838674,2205,0.4707482993197279,809,262,96
frl_apartment_5,seq_0002,60,sequential,34,33,32768,0.922027587890625,0.51654052734375,0.5272895773342601,0.38943248532289626,0.15000000000000036,4.498293641650875,2063,0.33688802714493454,705,509,154
frl_apartment_5,seq_0002,60,sequential,35,34,32768,0.92950439453125,0.542266845703125,0.5439950095213081,0.5194805194805194,0.1499999999999995,4.431373863178947,1981,0.49570923775870773,578,275,146
frl_apartment_5,seq_0002,60,sequential,36,35,32768,0.947113037109375,0.5531005859375,0.5527630095053971,0.5591459896133872,0.15000000000000036,4.454683342033734,1456,0.5460164835164835,404,159,98
frl_apartment_5,seq_0002,60,sequential,37,36,32768,0.95306396484375,0.552825927734375,0.5558757604867115,0.4908972691807542,0.14999999999999947,4.4216535362914415,1229,0.5215622457282343,339,145,104
frl_apartment_5,seq_0002,60,sequential,38,37,32768,0.95526123046875,0.559478759765625,0.5647562456073094,0.44679399727148705,0.15000000000000038,4.396104764149813,1346,0.45468053491827637,413,221,100
frl_apartment_5,seq_0002,60,sequential,39,38,32768,0.948455810546875,0.553192138671875,0.5566459667299463,0.4896388395500296,0.15000000000000036,4.444470875839192,1360,0.45808823529411763,433,224,80
frl_apartment_5,seq_0002,60,sequential,40,39,32768,0.95831298828125,0.55908203125,0.5673205528310299,0.369692532942899,0.1499999999999995,4.426879803884657,1182,0.40186125211505924,386,238,83
frl_apartment_5,seq_0002,60,sequential,41,40,32768,0.954986572265625,0.57196044921875,0.5743776563448695,0.5206779661016949,0.15000000000000036,4.394447684822713,1301,0.49116064565718676,430,166,66
frl_apartment_5,seq_0002,60,sequential,42,41,32768,0.94561767578125,0.555023193359375,0.5556057574388433,0.5448933782267116,0.14999999999999947,4.448710962426588,1438,0.5292072322670376,440,179,58
frl_apartment_5,seq_0002,60,sequential,43,42,32768,0.968109130859375,0.569915771484375,0.57475648583047,0.4229665071770335,0.15000000000000038,4.447617330168772,863,0.406720741599073,307,158,47
frl_apartment_5,seq_0002,60,sequential,44,43,32768,0.967620849609375,0.570556640625,0.5760242217806794,0.4071630537229029,0.15000000000000036,4.433981340930131,939,0.4036208732694356,362,157,41
frl_apartment_5,seq_0002,60,sequential,45,44,32768,0.945556640625,0.530853271484375,0.5378259746966176,0.40975336322869954,0.1499999999999995,4.379706011795707,1555,0.402572347266881,648,226,55
frl_apartment_5,seq_0002,60,sequential,46,45,32768,0.96539306640625,0.58123779296875,0.5837074034266928,0.5123456790123457,0.15000000000000036,4.518138274181967,1000,0.494,321,139,46
frl_apartment_5,seq_0002,60,sequential,47,46,32768,0.95330810546875,0.578460693359375,0.5825597029259235,0.4947712418300654,0.14999999999999947,4.582226147324083,1135,0.4440528634361233,415,150,66
frl_apartment_5,seq_0002,60,sequential,48,47,32768,0.960968017578125,0.594024658203125,0.5959541427165042,0.5465207193119624,0.15031927692760302,4.663113796101521,1104,0.5135869565217391,270,228,39
frl_apartment_5,seq_0002,60,sequential,49,48,32768,0.947906494140625,0.593170166015625,0.5933485721644506,0.5899238429994141,0.15448344424401744,4.819118189642628,1260,0.46825396825396826,349,216,105
frl_apartment_5,seq_0002,60,sequential,50,49,32768,0.937835693359375,0.600189208984375,0.6057726725456379,0.5159548355424645,0.15448344424401822,4.925987327943693,1589,0.43989930774071745,432,275,183
frl_apartment_5,seq_0002,60,sequential,51,50,32768,0.95367431640625,0.609527587890625,0.619936,0.3952569169960474,0.15012243926888336,4.851174495096631,1307,0.3496557000765111,358,298,194
frl_apartment_5,seq_0002,60,sequential,52,51,32768,0.954071044921875,0.60675048828125,0.6172472251543358,0.38870431893687707,0.15001215643886429,4.902107425957852,1252,0.3258785942492013,422,225,197
frl_apartment_5,seq_0002,60,sequential,53,52,32768,0.8834228515625,0.58966064453125,0.5855326792869974,0.6209424083769634,0.15066236564767213,5.021402715044727,1843,0.43678784590341835,614,253,171
frl_apartment_5,seq_0002,60,sequential,54,53,32768,0.93341064453125,0.62176513671875,0.6443470869025044,0.30522456461961506,0.161574853571782,5.400029685795615,1334,0.2631184407796102,362,296,325
frl_apartment_5,seq_0002,60,sequential,55,54,32768,0.91448974609375,0.6163330078125,0.6602816525395448,0.14632405424696646,0.16324859384919946,5.499732315934299,1654,0.18561064087061668,499,326,522
frl_apartment_5,seq_0002,60,sequential,56,55,32768,0.755828857421875,0.621917724609375,0.8043767916986312,0.05711786026746657,0.16762240782416402,5.74125297836717,1890,0.15502645502645504,490,491,616
frl_apartment_5,seq_0002,60,sequential,57,56,32768,0.870147705078125,0.6263427734375,0.7058885420685301,0.09330199764982373,0.1676224078241656,5.809136513160282,1693,0.16125221500295334,398,475,547
frl_apartment_5,seq_0002,60,sequential,58,57,32768,0.80462646484375,0.60833740234375,0.7208526132139877,0.14495470165573257,0.16762240782416243,5.828788329136808,2310,0.24805194805194805,582,539,616
frl_apartment_5,seq_0002,60,sequential,59,58,32768,0.831512451171875,0.62451171875,0.7300620251770837,0.10360441948922297,0.16762240782416568,5.890658796305275,1952,0.1716188524590164,464,571,582
frl_apartment_5,seq_0002,60,sequential,60,59,32766,0.7835256058109016,0.6023622047244095,0.7528142406419195,0.057803468208092484,0.17592646916373236,6.165268088985381,2296,0.11454703832752614,605,707,721
