scene,seq,n_steps,selection,n,span_m,frac,ref,delta,n_pred,n_ref,acc,comp,chamfer,precision@0.1,recall@0.1,f1@0.1,precision@0.2,recall@0.2,f1@0.2,precision@0.5,recall@0.5,f1@0.5,iou,sid
apartment_2,seq_0011,15,all,15,2.1,1.0,fixed,0.0,63316,51469,0.987954811208863,0.580574179994626,0.7842644956017445,0.19408996146313728,0.5234801531018671,0.2831841535202467,0.3022300840229958,0.5904719345625522,0.39981624031459334,0.5349990523722282,0.6792632458373001,0.5985612719263259,0.09259333681630029,apartment_2/seq_0011
apartment_2,seq_0011,15,all,15,2.1,1.0,subset,0.0,63316,51469,0.987954811208863,0.580574179994626,0.7842644956017445,0.19408996146313728,0.5234801531018671,0.2831841535202467,0.3022300840229958,0.5904719345625522,0.39981624031459334,0.5349990523722282,0.6792632458373001,0.5985612719263259,0.09259333681630029,apartment_2/seq_0011
apartment_2,seq_0011,15,all,15,2.1,0.25,fixed,0.0,15829,51469,0.37209654434313516,0.7611047666723695,0.5666006555077523,0.41461873775980795,0.4082651693252249,0.41141742527582814,0.5346515888558974,0.49921311857623035,0.5163249796724706,0.7712426558847685,0.6356253278672599,0.6968974653962665,0.1215193206503851,apartment_2/seq_0011
apartment_2,seq_0011,15,all,15,2.1,0.25,subset,0.0,15829,51469,0.37209654434313516,0.7611047666723695,0.5666006555077523,0.41461873775980795,0.4082651693252249,0.41141742527582814,0.5346515888558974,0.49921311857623035,0.5163249796724706,0.7712426558847685,0.6356253278672599,0.6968974653962665,0.1215193206503851,apartment_2/seq_0011
apartment_2,seq_0011,15,spaced0.3,6,2.1,1.0,fixed,0.3,40110,51469,0.8466636264931846,0.6192314232352454,0.732947524864215,0.23659935178259786,0.47607297596611553,0.3161019535320342,0.3575916230366492,0.5717227845887816,0.43998732138571955,0.5869359262029419,0.6690046435718587,0.6252889182158122,0.10089233497462599,apartment_2/seq_0011
apartment_2,seq_0011,15,spaced0.3,6,2.1,1.0,subset,0.3,40110,36443,0.8513042771136426,0.4890050683015522,0.6701546727075974,0.2337820992271254,0.5518480915402135,0.32842985621198056,0.3543006731488407,0.6520319402903164,0.4591232605885748,0.5853652455746696,0.7435447136624317,0.6550409693048305,0.10010937655364423,apartment_2/seq_0011
apartment_2,seq_0011,15,spaced0.3,6,2.1,0.25,fixed,0.3,10027,51469,0.31140790216718034,0.79671801098577,0.5540629565764752,0.4878827166650045,0.33373486953311704,0.39634856295394677,0.6020743991223696,0.4451611649730906,0.5118621828801,0.8029320833748878,0.6043637917970041,0.6896390261992968,0.10493610036346582,apartment_2/seq_0011
apartment_2,seq_0011,15,spaced0.3,6,2.1,0.25,subset,0.3,10027,36443,0.3125364739430337,0.6402142847625714,0.4763753793528025,0.4864864864864865,0.41772082430096313,0.44948881461584206,0.5997805924005186,0.5364267486211344,0.5663373953880072,0.8024334297397028,0.6905029772521472,0.7422723026740967,0.11540331491712708,apartment_2/seq_0011
apartment_2,seq_0011,15,random_n0.3,6,1.2,1.0,fixed,0.3,36884,51469,0.9223397816624631,0.8191755464703868,0.870757664066425,0.23622709033727363,0.45571120480289107,0.3111587628572389,0.36086107797418937,0.5332724552643339,0.4304441471144215,0.5793840147489426,0.6075696050049545,0.5931421601126872,0.09766247212488054,apartment_2/seq_0011
apartment_2,seq_0011,15,random_n0.3,6,1.2,1.0,subset,0.3,36884,34085,0.9374466997440325,0.6683440445075894,0.802895372125811,0.2279036980804685,0.563180284582661,0.3244936627595841,0.3409608502331634,0.6462080093882939,0.44639096981442816,0.5618696453746882,0.7038873404723486,0.6249113136203936,0.09746308379120878,apartment_2/seq_0011
apartment_2,seq_0011,15,random_n0.3,6,1.2,0.25,fixed,0.3,9221,51469,0.35418062064575817,0.930895355717382,0.64253798818157,0.4536384340093265,0.3086129514853601,0.36732946293291036,0.5730398004554821,0.4294623948396122,0.4909695882901955,0.7862487799587897,0.5643979871378888,0.6571033072581263,0.09091631250744728,apartment_2/seq_0011
apartment_2,seq_0011,15,random_n0.3,6,1.2,0.25,subset,0.3,9221,34085,0.3580761056522671,0.7539385120811422,0.5560073088667046,0.44973430213642773,0.4131142731406777,0.4306471950164673,0.5636048150959766,0.5466627548775121,0.5550045218198246,0.7838629215920182,0.6798885140090949,0.7281829195667566,0.10379532521281098,apartment_2/seq_0011
apartment_2,seq_0011,15,consec_n0.3,6,0.7500000000000001,1.0,fixed,0.3,34981,51469,0.8758936120614017,0.8282211422832357,0.8520573771723188,0.2435322031960207,0.4431211020225767,0.31431948972808643,0.3610817300820445,0.516835376634479,0.42514221567171645,0.5802864412109431,0.6014688453243701,0.5906878009842597,0.09932461738645518,apartment_2/seq_0011
apartment_2,seq_0011,15,consec_n0.3,6,0.7500000000000001,1.0,subset,0.3,34981,34451,0.8913760452696379,0.6885946027329265,0.7899853240012822,0.23461307566964923,0.5351949145162694,0.32622089294524387,0.3417569537749064,0.6106353951989782,0.4382414301315672,0.5642777507789943,0.6795738875504339,0.6165822561766587,0.09620095310203536,apartment_2/seq_0011
apartment_2,seq_0011,15,consec_n0.3,6,0.7500000000000001,0.25,fixed,0.3,8745,51469,0.26116714593741347,0.9308436161333712,0.5960053810353924,0.49125214408233275,0.30754434708271,0.3782736193155529,0.6205831903945112,0.42415823116827606,0.5039054887605638,0.8601486563750714,0.555868581087645,0.6753160914910746,0.09666409329161757,apartment_2/seq_0011
apartment_2,seq_0011,15,consec_n0.3,6,0.7500000000000001,0.25,subset,0.3,8745,34451,0.26563270058081806,0.7689179656881201,0.517275333134469,0.4850771869639794,0.4031232765376912,0.4403193040716935,0.6090337335620355,0.5320890540187513,0.5679672453891638,0.856718124642653,0.6507793677977417,0.7396821319195092,0.10566055884191795,apartment_2/seq_0011
apartment_2,seq_0011,15,spaced0.5,4,1.7999999999999996,1.0,fixed,0.5,29946,51469,0.8228353430269633,0.7652639164962279,0.7940496297615955,0.272690843518333,0.44506401911830423,0.3381792004785643,0.4015561343752087,0.5426567448366978,0.46156359343697156,0.6214853402791691,0.6300102974606073,0.6257187836528433,0.1058815430158111,apartment_2/seq_0011
apartment_2,seq_0011,15,spaced0.5,4,1.7999999999999996,1.0,subset,0.5,29946,29953,0.8314227568776869,0.5603185962943721,0.6958706765860294,0.2597341882054365,0.5575401462290922,0.3543785266986245,0.3858612168570093,0.6584315427503088,0.4865746582370381,0.6192145862552595,0.7384569158348079,0.6735993101454241,0.10360577533050826,apartment_2/seq_0011
apartment_2,seq_0011,15,spaced0.5,4,1.7999999999999996,0.25,fixed,0.5,7486,51469,0.26286420913821634,0.9549399727477239,0.6089020909429701,0.5575741383916645,0.29248673959082166,0.383697323432639,0.6717873363612076,0.38813654821348775,0.4920074387669807,0.8291477424525782,0.530105500398298,0.6467312566348088,0.09961538461538462,apartment_2/seq_0011
apartment_2,seq_0011,15,spaced0.5,4,1.7999999999999996,0.25,subset,0.5,7486,29953,0.2658882669452647,0.6997141921627553,0.48280122955401,0.5492920117552765,0.42109304577170903,0.4767242538494395,0.6643067058509218,0.5255900911427903,0.5868626976004842,0.8291477424525782,0.6608019230127199,0.7354643386603453,0.11789093228446901,apartment_2/seq_0011
apartment_2,seq_0011,15,random_n0.5,4,1.2000000000000002,1.0,fixed,0.5,29090,51469,0.7052531114999729,0.725841326601901,0.715547219050937,0.27459608112753525,0.44040101808855814,0.33827380229733056,0.3959436232382262,0.5489129378849404,0.46004565435868644,0.6216225507047095,0.6469913928772659,0.6340533177315979,0.10546719914056844,apartment_2/seq_0011
apartment_2,seq_0011,15,random_n0.5,4,1.2000000000000002,1.0,subset,0.5,29090,30427,0.7142575873004997,0.5354162656864403,0.62483692649347,0.2683396356136129,0.5420186018996286,0.3589648809540722,0.392059126847714,0.6478127978440201,0.4884850025329664,0.6195599862495703,0.7395734051993296,0.674268017604028,0.10268537902871469,apartment_2/seq_0011
apartment_2,seq_0011,15,random_n0.5,4,1.2000000000000002,0.25,fixed,0.5,7272,51469,0.2176624977592171,0.896899605899301,0.557281051829259,0.56504400440044,0.2831801667022868,0.3772805840989548,0.6828932893289329,0.38813654821348775,0.4949551073693378,0.863998899889989,0.5504478423905652,0.6724697594558626,0.10072470019842981,apartment_2/seq_0011
apartment_2,seq_0011,15,random_n0.5,4,1.2000000000000002,0.25,subset,0.5,7272,30427,0.21893873367389766,0.6570452682879421,0.43799200098091984,0.5609185918591859,0.39918493443323366,0.46642939054364924,0.6813806380638063,0.5132283826864298,0.585470018714097,0.863998899889989,0.6703914286653301,0.7549805888152022,0.11327102803738318,apartment_2/seq_0011
apartment_2,seq_0011,15,consec_n0.5,4,0.4499999999999999,1.0,fixed,0.5,27699,51469,0.7911710876114902,0.8411243017435793,0.8161476946775348,0.266182894689339,0.42505197303231074,0.32736069853674044,0.39012238708978664,0.5063630534885076,0.4407066846140431,0.6136683634788259,0.5961258233111193,0.6047699061763134,0.099533325355989,apartment_2/seq_0011
apartment_2,seq_0011,15,consec_n0.5,4,0.4499999999999999,1.0,subset,0.5,27699,28494,0.8101896015996154,0.6233373203898203,0.7167634609947178,0.2564713527564172,0.5625745771039518,0.3523227637327187,0.3718906819740785,0.6476451182705131,0.4724761693567249,0.5964114227950468,0.7173440022460869,0.6513117264572841,0.09981193273188149,apartment_2/seq_0011
apartment_2,seq_0011,15,consec_n0.5,4,0.4499999999999999,0.25,fixed,0.5,6924,51469,0.2632586458958955,0.9704898772702659,0.6168742615830807,0.5218082033506644,0.2715615224698362,0.3572181431364991,0.6296938186019642,0.3782665293671919,0.47262195542999247,0.8490756787983824,0.5491072295945132,0.66691359321072,0.08744869302225103,apartment_2/seq_0011
apartment_2,seq_0011,15,consec_n0.5,4,0.4499999999999999,0.25,subset,0.5,6924,28494,0.26760577185043666,0.7129689046114905,0.4902873382309636,0.518053148469093,0.4109637116585948,0.45833623450497457,0.6210283073367996,0.5330595914929459,0.5736913040162581,0.8461871750433275,0.6926370463957324,0.7617511830842593,0.10511459862255843,apartment_2/seq_0011
apartment_2,seq_0011,15,spaced1.0,3,2.1,1.0,fixed,1.0,25078,51469,0.7839164160738386,0.7438824285085852,0.7638994222912119,0.29563761065475713,0.4554586255804465,0.3585444669344272,0.41239333280165885,0.5334084594610348,0.46515896700825354,0.6111332642156472,0.6400163205036041,0.6252414065875637,0.10811847759361572,apartment_2/seq_0011
apartment_2,seq_0011,15,spaced1.0,3,2.1,1.0,subset,1.0,25078,26223,0.7931555383304845,0.48008146031738086,0.6366184993239327,0.2873833639046176,0.6032109217099493,0.38929686979831823,0.4072095063402185,0.6792129047019791,0.5091609834489251,0.6081027195151129,0.7794302711360256,0.6831890423416795,0.11276810647020379,apartment_2/seq_0011
apartment_2,seq_0011,15,spaced1.0,3,2.1,0.25,fixed,1.0,6269,51469,0.2696800835425317,0.8897556885855438,0.5797178860640377,0.5500079757537087,0.2761662359867105,0.3677036399056621,0.6417291434040517,0.3677747770502633,0.46757974458557294,0.8408039559738395,0.5431424741106297,0.6599624536937645,0.08936586232946718,apartment_2/seq_0011
apartment_2,seq_0011,15,spaced1.0,3,2.1,0.25,subset,1.0,6269,26223,0.27120575032171745,0.5767032590836386,0.42395450470267804,0.545701068750997,0.44293177744727913,0.48897494204493175,0.6407720529590046,0.5426533958738512,0.5876451801204653,0.840006380602967,0.7110170461045647,0.770148077921882,0.11463749925288387,apartment_2/seq_0011
apartment_2,seq_0011,15,random_n1.0,3,1.3499999999999999,1.0,fixed,1.0,24895,51469,0.688774430803649,0.7251664883401091,0.7069704595718791,0.29973890339425585,0.44077017233674637,0.35682471001369886,0.4147419160473991,0.5270939788999204,0.46421668131097915,0.6441052420164691,0.6399968913326468,0.6420444945550579,0.10822822205667018,apartment_2/seq_0011
apartment_2,seq_0011,15,random_n1.0,3,1.3499999999999999,1.0,subset,1.0,24895,26363,0.6999684252327234,0.48487946136393867,0.592423943298331,0.28262703354087165,0.5698137541250996,0.3778438885828393,0.3991564571199036,0.6556158252095741,0.49620812834490247,0.6399678650331392,0.7684633767021962,0.6983541006067462,0.10605700712589074,apartment_2/seq_0011
apartment_2,seq_0011,15,random_n1.0,3,1.3499999999999999,0.25,fixed,1.0,6223,51469,0.17709834735621183,0.9022680455293756,0.5396831964427937,0.596978949059939,0.2793914783656181,0.3806400259784607,0.7146071026835932,0.3801317297790903,0.496273313781071,0.9157962397557449,0.5606287279721774,0.6954930893184144,0.09501006936674872,apartment_2/seq_0011
apartment_2,seq_0011,15,random_n1.0,3,1.3499999999999999,0.25,subset,1.0,6223,26363,0.18010294545169425,0.6001550810084301,0.39012901323006216,0.5868552145267556,0.43390357698289267,0.4989201736438147,0.704965450747228,0.541819974964913,0.6127186843827929,0.9146713803631689,0.7130447976330463,0.8013702611405898,0.115179160914711,apartment_2/seq_0011
apartment_2,seq_0011,15,consec_n1.0,3,0.30000000000000016,1.0,fixed,1.0,23152,51469,0.7294704116912992,0.8465534848513551,0.7880119482713271,0.28891672425708365,0.40474848938195807,0.3371615165384059,0.41616275051831375,0.503215527793429,0.4555677746369996,0.63463199723566,0.5936583185995453,0.6134617517556669,0.0992299522039299,apartment_2/seq_0011
apartment_2,seq_0011,15,consec_n1.0,3,0.30000000000000016,1.0,subset,1.0,23152,25108,0.752261664720196,0.58176922261394,0.667015443667068,0.2753541810642709,0.5620121076947586,0.3696169424060215,0.3960348997926745,0.6661621793850565,0.4967505129324245,0.6121717346233587,0.7355822845308269,0.6682268079779828,0.10086054163502911,apartment_2/seq_0011
apartment_2,seq_0011,15,consec_n1.0,3,0.30000000000000016,0.25,fixed,1.0,5788,51469,0.21829687356398514,1.0439705814132016,0.6311337274885934,0.5737733241188666,0.251219180477569,0.34944042148732757,0.6852107809260539,0.34597524723620043,0.4597928266392295,0.8776779543883898,0.4935980881695778,0.631849674127712,0.08501128668171558,apartment_2/seq_0011
apartment_2,seq_0011,15,consec_n1.0,3,0.30000000000000016,0.25,subset,1.0,5788,25108,0.2234651247702055,0.712251760715138,0.46785844274267174,0.5689357290946786,0.41628166321491156,0.48078223835394585,0.6746717346233587,0.5307073442727418,0.5940923495465938,0.8737042156185211,0.6721363708778079,0.7597787065967543,0.10939985998854451,apartment_2/seq_0011
apartment_2,seq_0005,18,all,18,2.55,1.0,fixed,0.0,51627,53901,0.34967562690759574,0.19948653489745746,0.2745810809025266,0.2358068452553896,0.6393016827146064,0.3445326108684934,0.425668739225599,0.7857739188512273,0.5522001245766736,0.7678152904487962,0.9110777165544238,0.8333341060325463,0.1198319772441622,apartment_2/seq_0005
apartment_2,seq_0005,18,all,18,2.55,1.0,subset,0.0,51627,53901,0.34967562690759574,0.19948653489745746,0.2745810809025266,0.2358068452553896,0.6393016827146064,0.3445326108684934,0.425668739225599,0.7857739188512273,0.5522001245766736,0.7678152904487962,0.9110777165544238,0.8333341060325463,0.1198319772441622,apartment_2/seq_0005
apartment_2,seq_0005,18,all,18,2.55,0.25,fixed,0.0,12906,53901,0.17621609166099472,0.711210950160487,0.44371352091074084,0.42181930884859753,0.34077289846199516,0.3769893978080661,0.6694560669456067,0.46859984044822917,0.5513033307409366,0.9580040291337363,0.6155915474666518,0.7495435187328152,0.12743039352932026,apartment_2/seq_0005
apartment_2,seq_0005,18,all,18,2.55,0.25,subset,0.0,12906,53901,0.17621609166099472,0.711210950160487,0.44371352091074084,0.42181930884859753,0.34077289846199516,0.3769893978080661,0.6694560669456067,0.46859984044822917,0.5513033307409366,0.9580040291337363,0.6155915474666518,0.7495435187328152,0.12743039352932026,apartment_2/seq_0005
apartment_2,seq_0005,18,spaced0.3,9,2.55,1.0,fixed,0.3,37565,53901,0.31600766176191997,0.21847036823338603,0.267239014997653,0.2759483561826168,0.5750357136231239,0.372933326370779,0.47762544922134964,0.7373147065917144,0.5797162374927051,0.8003460668175163,0.9019498710599061,0.8481157896310998,0.13044394344830493,apartment_2/seq_0005
apartment_2,seq_0005,18,spaced0.3,9,2.55,1.0,subset,0.3,37565,45841,0.3168196953435911,0.18213753954225542,0.24947861744292327,0.27397843737521627,0.6199035797648393,0.3800058863487852,0.4766138692932251,0.7770336598241748,0.5908279808769025,0.8,0.9268558713815144,0.8587684813695667,0.1308397078525433,apartment_2/seq_0005
apartment_2,seq_0005,18,spaced0.3,9,2.55,0.25,fixed,0.3,9391,53901,0.16253547657535924,0.7391666405658558,0.45085105857060753,0.4617186668086466,0.29335262796608597,0.35876449078817935,0.7061015866254925,0.4403999925789874,0.5424626344180844,0.9661377915025023,0.6042188456614905,0.7434727211849542,0.11204225044738335,apartment_2/seq_0005
apartment_2,seq_0005,18,spaced0.3,9,2.55,0.25,subset,0.3,9391,45841,0.16252880788146173,0.616919495028681,0.3897241514550714,0.4619316366734107,0.3311882376038917,0.38578361129268274,0.7057821318283463,0.4934883619467289,0.5808452220497374,0.9663507613672665,0.6681136973451713,0.7900229052615897,0.11728252323914351,apartment_2/seq_0005
apartment_2,seq_0005,18,random_n0.3,9,2.55,1.0,fixed,0.3,37801,53901,0.34411979034096357,0.25634413475405554,0.30023196254750956,0.26538980450252636,0.5545166137919519,0.3589752499651584,0.4505436364117351,0.7158123225914176,0.5530124561361212,0.7707468056400625,0.866941244132762,0.8160188928357115,0.12432973773706942,apartment_2/seq_0005
apartment_2,seq_0005,18,random_n0.3,9,2.55,1.0,subset,0.3,37801,46972,0.34486827301490247,0.2320365715032011,0.28845242225905177,0.2636438189465887,0.5908626415737035,0.3646017683763582,0.4498558239200021,0.7484671719322149,0.5619558624378834,0.7705351710272215,0.8842289023247892,0.823476264021001,0.12437990248039008,apartment_2/seq_0005
apartment_2,seq_0005,18,random_n0.3,9,2.55,0.25,fixed,0.3,9450,53901,0.168949659151599,0.6427457431747449,0.4058477011631719,0.4596825396825397,0.2991410177918777,0.3624291877270193,0.6902645502645502,0.44882284187677407,0.5439556248869301,0.9591534391534392,0.6340142112391236,0.763406049617337,0.11695752963303153,apartment_2/seq_0005
apartment_2,seq_0005,18,random_n0.3,9,2.55,0.25,subset,0.3,9450,46972,0.16901524876749682,0.5627930594087718,0.3659041540881343,0.46010582010582013,0.33019671293536573,0.38447410466152476,0.6902645502645502,0.4925913310057055,0.5749108390038651,0.959047619047619,0.6846419143319424,0.7989394402119491,0.1207663670207936,apartment_2/seq_0005
apartment_2,seq_0005,18,consec_n0.3,9,1.2000000000000002,1.0,fixed,0.3,31208,53901,0.2842976423976182,0.5331162694049149,0.4087069559012665,0.2737439118174827,0.47025101575109923,0.3460463178385965,0.4939759036144578,0.6196359993321089,0.5497162016178856,0.8453601640604973,0.7531029108921913,0.7965691673235608,0.11824372251383175,apartment_2/seq_0005
apartment_2,seq_0005,18,consec_n0.3,9,1.2000000000000002,1.0,subset,0.3,31208,40148,0.2946404861480002,0.397833868792851,0.3462371774704256,0.25842732632658294,0.5297150542990934,0.3473810026274221,0.474525762624968,0.6884527249178041,0.5618135809426884,0.8402973596513714,0.816927368735678,0.8284475837427975,0.11542816880142932,apartment_2/seq_0005
apartment_2,seq_0005,18,consec_n0.3,9,1.2000000000000002,0.25,fixed,0.3,7802,53901,0.16214420938144336,1.0054971501962595,0.5838206797888514,0.4536016406049731,0.2308862544294169,0.3060109157870758,0.7082799282235325,0.35607873694365594,0.4739068332849301,0.9751345808766982,0.5076343667093375,0.6676857189727404,0.09251806457513949,apartment_2/seq_0005
apartment_2,seq_0005,18,consec_n0.3,9,1.2000000000000002,0.25,subset,0.3,7802,40148,0.16505565594842905,0.8107864630153889,0.487921059481909,0.4411689310433222,0.27540599780811,0.3391147659901291,0.694693668290182,0.416085483710272,0.5204490028110744,0.9753909254037426,0.5845123044734483,0.7309786743824056,0.10076295711654827,apartment_2/seq_0005
apartment_2,seq_0005,18,spaced0.5,5,2.4,1.0,fixed,0.5,26217,53901,0.3012281420863517,0.2744505403726013,0.2878393412294765,0.32600984094289964,0.5139236748854381,0.3989462793158361,0.5139413357744974,0.6751080684959463,0.5836022309398202,0.81595911050082,0.8481104246674459,0.8317241714879978,0.1394096099978453,apartment_2/seq_0005
apartment_2,seq_0005,18,spaced0.5,5,2.4,1.0,subset,0.5,26217,38923,0.3030426886554283,0.19497104900353585,0.2490068688294821,0.320860510355876,0.5931454409988952,0.41644575427998537,0.5103558759583476,0.7542070241245536,0.6087700128254455,0.8149673875729488,0.9058397348611361,0.8580041686895452,0.14336349489942943,apartment_2/seq_0005
apartment_2,seq_0005,18,spaced0.5,5,2.4,0.25,fixed,0.5,6554,53901,0.1545653075502709,0.7983455184579835,0.4764554130041272,0.5265486725663717,0.26177621936513235,0.34969825823571793,0.7348184314922185,0.3985454815309549,0.516795289230105,0.9606347268843455,0.5868536761841153,0.7286025792818318,0.112361206642429,apartment_2/seq_0005
apartment_2,seq_0005,18,spaced0.5,5,2.4,0.25,subset,0.5,6554,38923,0.15474457915283238,0.5614107040643529,0.3580776416085926,0.5256332010985658,0.33347891991881407,0.4080668585335265,0.7342081171803478,0.4993705521157156,0.5944362073858054,0.9606347268843455,0.7124065462579966,0.8181058996946156,0.1259000900090009,apartment_2/seq_0005
apartment_2,seq_0005,18,random_n0.5,5,1.9499999999999997,1.0,fixed,0.5,23562,53901,0.24603286474455066,0.5436460294493947,0.39483944709697266,0.3181818181818182,0.43143911986790595,0.36625466719614996,0.5536032594856124,0.5919741748761619,0.5721461036378188,0.8722094898565487,0.7480937273891023,0.8053979543904214,0.12687224669603525,apartment_2/seq_0005
apartment_2,seq_0005,18,random_n0.5,5,1.9499999999999997,1.0,subset,0.5,23562,35394,0.2532901069839837,0.29765540816851666,0.27547275757625017,0.3085901027077498,0.5499519692603266,0.39534401450901485,0.5429505135387488,0.7204045883483077,0.6192147253217057,0.870384517443341,0.8691021077018704,0.8697428398541837,0.13452986022871666,apartment_2/seq_0005
apartment_2,seq_0005,18,random_n0.5,5,1.9499999999999997,0.25,fixed,0.5,5890,53901,0.15871492437810145,0.9919410464302137,0.5753279854041576,0.49303904923599323,0.2014248344186564,0.28600568349693417,0.7215619694397284,0.3352256915456114,0.45777618177887075,0.967062818336163,0.5144988033617187,0.6716597615958324,0.08357163987772409,apartment_2/seq_0005
apartment_2,seq_0005,18,random_n0.5,5,1.9499999999999997,0.25,subset,0.5,5890,35394,0.1608878470966072,0.6455245002509222,0.4032061736737647,0.48505942275042446,0.27408600327739163,0.3502569968163943,0.7127334465195246,0.44436910210770186,0.5474306871897536,0.967062818336163,0.662315646719783,0.7861903783329794,0.10004877453969029,apartment_2/seq_0005
apartment_2,seq_0005,18,consec_n0.5,5,0.6000000000000001,1.0,fixed,0.5,21064,53901,0.22448033254616145,0.7279593982349241,0.47621986539054273,0.3256266616027345,0.3918851227249958,0.3556965809677407,0.5875902012913027,0.5521418897608579,0.5693147831723111,0.9085643752373718,0.7077234188605035,0.7956655841192501,0.12343887024101122,apartment_2/seq_0005
apartment_2,seq_0005,18,consec_n0.5,5,0.6000000000000001,1.0,subset,0.5,21064,31696,0.23834243378327988,0.46630126021732216,0.352321847000301,0.30089251804025824,0.4971920747097426,0.3749010485056115,0.5549753133308014,0.6727978293791015,0.6082331876780159,0.8947493353589062,0.809439676930843,0.8499592565426798,0.12347982310668879,apartment_2/seq_0005
apartment_2,seq_0005,18,consec_n0.5,5,0.6000000000000001,0.25,fixed,0.5,5266,53901,0.13883023035311792,1.1731565795654717,0.6559934049592948,0.4832890239270794,0.17914324409565685,0.26139416137001636,0.7776300797569312,0.2918313203836663,0.42439458388247875,0.9952525636156475,0.4561139867534925,0.6255464748059817,0.07355455002513826,apartment_2/seq_0005
apartment_2,seq_0005,18,consec_n0.5,5,0.6000000000000001,0.25,subset,0.5,5266,31696,0.14266901425287362,0.826743120776329,0.4847060675146013,0.4696164071401443,0.26265143866733975,0.33688608796179215,0.7637675655146221,0.4033947501261989,0.5279468367278574,0.994303076338777,0.5961951034830894,0.7454250913481005,0.0875504097827501,apartment_2/seq_0005
apartment_2,seq_0005,18,spaced1.0,3,2.1,1.0,fixed,1.0,19208,53901,0.2810930328750535,0.3006963615031199,0.29089469718908667,0.3618804664723032,0.4253909946012133,0.39107397936028804,0.5743440233236151,0.6448117845680043,0.6075413695903757,0.8377238650562265,0.842841505723456,0.8402748932960452,0.13605639242950945,apartment_2/seq_0005
apartment_2,seq_0005,18,spaced1.0,3,2.1,1.0,subset,1.0,19208,32764,0.2851298314835594,0.210807689452671,0.24796876046811522,0.3546438983756768,0.531620070809425,0.4254619863198589,0.566274468971262,0.7526248321328287,0.6462847114921122,0.8356934610578926,0.9104810157489928,0.8714856864362811,0.14110186286167262,apartment_2/seq_0005
apartment_2,seq_0005,18,spaced1.0,3,2.1,0.25,fixed,1.0,4802,53901,0.1378729960578898,0.7860044535075968,0.46193872478274334,0.5589337775926697,0.22491233928869594,0.3207545479104831,0.7788421491045397,0.37338824882655236,0.5047783962107278,0.9729279466888796,0.5698224522736127,0.7187114504596758,0.09001252348152787,apartment_2/seq_0005
apartment_2,seq_0005,18,spaced1.0,3,2.1,0.25,subset,1.0,4802,32764,0.138320553959031,0.501405088931399,0.319862821445215,0.5572678050812162,0.3211146380173361,0.4074463257169013,0.7740524781341108,0.5117507019899891,0.616147020299001,0.973344439816743,0.7311073129044072,0.8350124745845898,0.10412535976974736,apartment_2/seq_0005
apartment_2,seq_0005,18,random_n1.0,3,1.9499999999999997,1.0,fixed,1.0,18082,53901,0.2624423764274816,0.3096203312384431,0.28603135383296235,0.4206946134277182,0.4649635442756164,0.44172270489611204,0.6139254507244774,0.627465167622122,0.6206214710392914,0.8617962614755005,0.8220070128569044,0.8414315156473271,0.1547092021222669,apartment_2/seq_0005
apartment_2,seq_0005,18,random_n1.0,3,1.9499999999999997,1.0,subset,1.0,18082,32271,0.26686421928879894,0.21295566251994585,0.2399099409043724,0.4113483021789625,0.5721235784450436,0.4785943904783495,0.6058511226634222,0.7350872300207617,0.6642414584863661,0.8594735095675257,0.8953859502339562,0.8770622636095183,0.1623722194571002,apartment_2/seq_0005
apartment_2,seq_0005,18,random_n1.0,3,1.9499999999999997,0.25,fixed,1.0,4520,53901,0.12258540564196142,0.826482626245313,0.4745340159436372,0.6311946902654867,0.24088606890410197,0.3486970812106354,0.804424778761062,0.3696962950594609,0.5065795461694452,0.9798672566371681,0.5621602567670358,0.7144391702489317,0.10233229913341178,apartment_2/seq_0005
apartment_2,seq_0005,18,random_n1.0,3,1.9499999999999997,0.25,subset,1.0,4520,32271,0.12309346689111801,0.5171058153803362,0.3200996411357271,0.6252212389380531,0.34888909547271546,0.44786070903431,0.8037610619469027,0.5144557032629915,0.6273618623162677,0.9800884955752213,0.7306869945151994,0.8372085306797693,0.12031479258370015,apartment_2/seq_0005
apartment_2,seq_0005,18,consec_n1.0,3,0.2999999999999996,1.0,fixed,1.0,14600,53901,0.18565007249842452,0.8034820500933324,0.49456606129587843,0.39794520547945206,0.3504573199013005,0.37269465414737574,0.6588356164383562,0.5099348806144598,0.5749003114986487,0.942054794520548,0.6879464202890484,0.7951935467511291,0.12542633953130158,apartment_2/seq_0005
apartment_2,seq_0005,18,consec_n1.0,3,0.2999999999999996,1.0,subset,1.0,14600,25676,0.1966037042171943,0.43051875819468194,0.31356123120593815,0.3698630136986301,0.4980137093005141,0.4244769942638576,0.6284931506849315,0.6795061536064808,0.6530048785022738,0.9348630136986301,0.8418756815703381,0.88593605680805,0.13706332380864597,apartment_2/seq_0005
apartment_2,seq_0005,18,consec_n1.0,3,0.2999999999999996,0.25,fixed,1.0,3650,53901,0.12370905587207087,1.312712434186118,0.7182107450290944,0.5512328767123288,0.13804938683883416,0.22080173728391672,0.8284931506849315,0.2304038886106009,0.36054127364838334,0.996986301369863,0.3998627112669524,0.570795614923653,0.06215692605747498,apartment_2/seq_0005
apartment_2,seq_0005,18,consec_n1.0,3,0.2999999999999996,0.25,subset,1.0,3650,25676,0.12780788300156412,0.801272075730028,0.46453997936579605,0.5350684931506849,0.24528742794827854,0.3363736236569115,0.8112328767123288,0.3824193799657267,0.5198015954554766,0.9967123287671232,0.6114659604299735,0.7579453913486954,0.08354390397978521,apartment_2/seq_0005
apartment_2,seq_0006,18,all,18,2.5499999999999994,1.0,fixed,0.0,70173,54151,1.2552215686904373,0.7851048360181909,1.0201632023543141,0.16822709589158225,0.5352994404535466,0.2560013464956562,0.2775711455973095,0.5669886059352551,0.37269044991662015,0.48762344491471077,0.615113294306661,0.5439986769542777,0.08930656934306569,apartment_2/seq_0006
apartment_2,seq_0006,18,all,18,2.5499999999999994,1.0,subset,0.0,70173,54151,1.2552215686904373,0.7851048360181909,1.0201632023543141,0.16822709589158225,0.5352994404535466,0.2560013464956562,0.2775711455973095,0.5669886059352551,0.37269044991662015,0.48762344491471077,0.615113294306661,0.5439986769542777,0.08930656934306569,apartment_2/seq_0006
apartment_2,seq_0006,18,all,18,2.5499999999999994,0.25,fixed,0.0,17543,54151,0.29401971926689624,0.88991244691017,0.5919660830885332,0.4136692697942199,0.4199183763919411,0.4167703994414415,0.5737901157156701,0.509759745895736,0.5398830528199589,0.8466054836686998,0.5813558383040017,0.689345058717761,0.1403194414408848,apartment_2/seq_0006
apartment_2,seq_0006,18,all,18,2.5499999999999994,0.25,subset,0.0,17543,54151,0.29401971926689624,0.88991244691017,0.5919660830885332,0.4136692697942199,0.4199183763919411,0.4167703994414415,0.5737901157156701,0.509759745895736,0.5398830528199589,0.8466054836686998,0.5813558383040017,0.689345058717761,0.1403194414408848,apartment_2/seq_0006
apartment_2,seq_0006,18,spaced0.3,7,2.25,1.0,fixed,0.3,41308,54151,0.9848226817453383,0.8366118904800676,0.9107172861127029,0.23073012491527065,0.47736883898727633,0.31109598365504915,0.3563716471385688,0.5432586655832764,0.43040342847156265,0.5787256705722862,0.5949659286070432,0.5867334421436285,0.10927073621089965,apartment_2/seq_0006
apartment_2,seq_0006,18,spaced0.3,7,2.25,1.0,subset,0.3,41308,40079,0.9889396257016982,0.6746181837263856,0.8317789047140419,0.2286724121235596,0.5580478554854164,0.3244104784082057,0.3550886026919725,0.6317273385064498,0.4546322541975827,0.5776605015977535,0.6810798672621572,0.6251216652519636,0.10808995663353417,apartment_2/seq_0006
apartment_2,seq_0006,18,spaced0.3,7,2.25,0.25,fixed,0.3,10327,54151,0.22051055845331718,0.9566672358382753,0.5885888971457962,0.521835963977922,0.35654004542852397,0.42363501805713266,0.6701849520673961,0.47240124836106445,0.5541747447513669,0.8923211000290501,0.5685952244649222,0.6945907957343759,0.133310434317991,apartment_2/seq_0006
apartment_2,seq_0006,18,spaced0.3,7,2.25,0.25,subset,0.3,10327,40079,0.22188610092230865,0.7714394168392052,0.49666275888075695,0.5194151253994383,0.4305995658574316,0.4708557237170287,0.6695071172654208,0.5622395768357494,0.6112026118722669,0.89086859688196,0.6591980837845256,0.7577207861998453,0.14160197901561034,apartment_2/seq_0006
apartment_2,seq_0006,18,random_n0.3,7,2.25,1.0,fixed,0.3,41168,54151,0.9213358937505687,0.8203297041641334,0.870832798957351,0.23013019821220365,0.4792893944710162,0.3109555035925665,0.3558346288379324,0.5434064006204872,0.4300578121739025,0.5909930042751652,0.59917637716755,0.5950565570821714,0.11132324864150389,apartment_2/seq_0006
apartment_2,seq_0006,18,random_n0.3,7,2.25,1.0,subset,0.3,41168,39908,0.926852766489249,0.6478633529875216,0.7873580597383854,0.22731247570928878,0.563972135912599,0.32402475812737586,0.35406140691799454,0.6336574120477098,0.4542864436835592,0.5885153517294986,0.6879573017941265,0.634362878550698,0.1099591884102822,apartment_2/seq_0006
apartment_2,seq_0006,18,random_n0.3,7,2.25,0.25,fixed,0.3,10292,54151,0.2204727357867411,0.9407992788264902,0.5806360073066157,0.5081616789739604,0.34688186737087034,0.4123113328726659,0.6590555771472989,0.4630016066185297,0.5439006059316576,0.8955499417022931,0.5673210097689794,0.6946125995790856,0.13068008539188777,apartment_2/seq_0006
apartment_2,seq_0006,18,random_n0.3,7,2.25,0.25,subset,0.3,10292,39908,0.22206331725152864,0.7422847555544275,0.48217403640297807,0.5039836766420521,0.42357422070762757,0.46029362413491376,0.657209483093665,0.558309110955197,0.6037357947690906,0.8943839875631558,0.6632254184624636,0.7616520446306863,0.13913716053626676,apartment_2/seq_0006
apartment_2,seq_0006,18,consec_n0.3,7,0.8999999999999999,1.0,fixed,0.3,34678,54151,0.9996660219740684,0.8524284469328056,0.926047234453437,0.23865274814003115,0.4409706191944747,0.30969756243821067,0.34863602283868733,0.509759745895736,0.4140761566762423,0.5816079358671203,0.5914941552325903,0.586509387908085,0.10743192016884208,apartment_2/seq_0006
apartment_2,seq_0006,18,consec_n0.3,7,0.8999999999999999,1.0,subset,0.3,34678,37034,1.0067903303691692,0.6265671985432061,0.8166787644561877,0.23256819885806562,0.5447156666846682,0.32596467547198515,0.34162869831016784,0.6260463357995356,0.44203970804686266,0.5732741219216795,0.7056218609926014,0.6325999270831831,0.10493757732538522,apartment_2/seq_0006
apartment_2,seq_0006,18,consec_n0.3,7,0.8999999999999999,0.25,fixed,0.3,8669,54151,0.21998384660975806,0.972114717915697,0.5960492822627276,0.5427384934825239,0.3476020756772728,0.42378620815294216,0.6719344791786827,0.4334915329356799,0.5269966586988013,0.8808397739070251,0.5489833982751935,0.676400301552541,0.12589350252991727,apartment_2/seq_0006
apartment_2,seq_0006,18,consec_n0.3,7,0.8999999999999999,0.25,subset,0.3,8669,37034,0.22249018574177448,0.7243102490367224,0.4734002173892484,0.5359326335217441,0.4456445428525139,0.4866361183085981,0.667204983273734,0.5479559323864557,0.6017292425900989,0.8798015918791094,0.6685478209213156,0.7597631803664437,0.13998914812805208,apartment_2/seq_0006
apartment_2,seq_0006,18,spaced0.5,5,2.4,1.0,fixed,0.5,37506,54151,0.8924529228011956,0.8310015102378744,0.861727216519535,0.24740041593345063,0.49107126368857457,0.3290342425905944,0.3812989921612542,0.55071928496242,0.45061070898306604,0.6030501786380845,0.6020572103931598,0.6025532854292849,0.11153673265972208,apartment_2/seq_0006
apartment_2,seq_0006,18,spaced0.5,5,2.4,1.0,subset,0.5,37506,35010,0.896067775411645,0.592512340036332,0.7442900577239885,0.24425425265290887,0.6175949728648957,0.35006169077584737,0.37895270090118915,0.6824335904027421,0.48730618510459195,0.6014504345971311,0.7277920594115966,0.6586169978802555,0.1118857409251764,apartment_2/seq_0006
apartment_2,seq_0006,18,spaced0.5,5,2.4,0.25,fixed,0.5,9376,54151,0.23130119113888295,0.9352510457439519,0.5832761184414175,0.5316766211604096,0.35535816513083784,0.42599372980281736,0.6801407849829352,0.4794001957489243,0.5623943109830397,0.8797994880546075,0.5685028900666654,0.6906963065089101,0.1274367523043734,apartment_2/seq_0006
apartment_2,seq_0006,18,spaced0.5,5,2.4,0.25,subset,0.5,9376,35010,0.23272582465942335,0.6698030643568608,0.45126444450814207,0.5277303754266212,0.4707226506712368,0.4975990550730206,0.6772610921501706,0.6156526706655241,0.6449890350181686,0.8785196245733788,0.7028563267637817,0.7809314107697494,0.14454318897822918,apartment_2/seq_0006
apartment_2,seq_0006,18,random_n0.5,5,0.9000000000000001,1.0,fixed,0.5,32927,54151,0.9901718287022196,0.8333566884020274,0.9117642585521235,0.24709205211528532,0.4366863031153626,0.3156043590499899,0.35247669086160294,0.499436760170634,0.4132809883592826,0.568742976888268,0.5930269062436521,0.580631143790041,0.11183161475496971,apartment_2/seq_0006
apartment_2,seq_0006,18,random_n0.5,5,0.9000000000000001,1.0,subset,0.5,32927,31918,1.0039177427715056,0.5549838798126285,0.7794508112920671,0.23983357123333435,0.5804874992167429,0.33942902360675475,0.34212044826434235,0.655178895920797,0.44951417821076717,0.5540134236340997,0.7462247007957892,0.6359119818448288,0.11003642152488,apartment_2/seq_0006
apartment_2,seq_0006,18,random_n0.5,5,0.9000000000000001,0.25,fixed,0.5,8231,54151,0.2772794141252261,0.9372462047504445,0.6072628094378353,0.5393026363746811,0.34268988569001496,0.4190819177897898,0.6610375410035233,0.4330667947036989,0.5233018455706338,0.8358644150164014,0.5558900112647965,0.6677164739771838,0.11886325860461346,apartment_2/seq_0006
apartment_2,seq_0006,18,random_n0.5,5,0.9000000000000001,0.25,subset,0.5,8231,31918,0.28163423487744227,0.6342922118941817,0.45796322338581197,0.5275179200583161,0.4757503602982643,0.5002985650903595,0.6488883489247965,0.5870355285418886,0.6164142012637979,0.8340420362045924,0.714424462685632,0.7696130771957227,0.1406793260230008,apartment_2/seq_0006
apartment_2,seq_0006,18,consec_n0.5,5,0.6000000000000001,1.0,fixed,0.5,28877,54151,0.8937810381600932,0.866255868659227,0.8800184534096601,0.2658517158984659,0.4238518217576776,0.3267541137570547,0.38026803338296916,0.4929733522926631,0.42934750977589115,0.6088928905357205,0.586397296448819,0.597433407761544,0.11389453269301811,apartment_2/seq_0006
apartment_2,seq_0006,18,consec_n0.5,5,0.6000000000000001,1.0,subset,0.5,28877,32319,0.9037172648117505,0.5633702531477832,0.7335437589797669,0.25947986286664126,0.5667873387171632,0.35598629751482747,0.3716106243723378,0.6507008261394226,0.47306002522072926,0.5975689995498147,0.739162721618862,0.6608666811260105,0.1142263759086189,apartment_2/seq_0006
apartment_2,seq_0006,18,consec_n0.5,5,0.6000000000000001,0.25,fixed,0.5,7219,54151,0.23447912146988245,0.9758469858627308,0.6051630536663066,0.5618506718382047,0.31441709294380527,0.4031997113390084,0.6840282587616013,0.416815940610515,0.5179913419946416,0.85773652860507,0.545807094975162,0.6671095576463947,0.11405824429080243,apartment_2/seq_0006
apartment_2,seq_0006,18,consec_n0.5,5,0.6000000000000001,0.25,subset,0.5,7219,32319,0.23723076087874956,0.6461745298083376,0.44170264534354353,0.5552015514614212,0.4397103870788081,0.49075275839598337,0.6782102784319157,0.570438441783471,0.6196734248260013,0.857043911899155,0.7064884433305486,0.7745175431238238,0.13555318071882558,apartment_2/seq_0006
apartment_2,seq_0006,18,spaced1.0,3,2.1,1.0,fixed,1.0,24854,54151,0.7823760639626329,0.8774841265959985,0.8299300952793157,0.30469944475738314,0.4350427508263929,0.3583877881074971,0.4369920334754969,0.5131945855108863,0.4720376839872774,0.641788042166251,0.5838673339365847,0.6114591106734548,0.1296972793460212,apartment_2/seq_0006
apartment_2,seq_0006,18,spaced1.0,3,2.1,1.0,subset,1.0,24854,28243,0.7901355503864728,0.5325756904970437,0.6613556204417582,0.29818137925484833,0.5991573133165741,0.39819425051961715,0.429588798583729,0.6994299472435648,0.532262678259917,0.639293473887503,0.7589845271394682,0.6940162895010678,0.13490775794723875,apartment_2/seq_0006
apartment_2,seq_0006,18,spaced1.0,3,2.1,0.25,fixed,1.0,6213,54151,0.18440792828799024,1.0070668096202926,0.5957373689541414,0.5943988411395461,0.31231186866355193,0.4094752842349345,0.7469821342346692,0.431201639858913,0.5467736499343707,0.9077740222114921,0.5385496112721834,0.6760331304376814,0.1133307220263742,apartment_2/seq_0006
apartment_2,seq_0006,18,spaced1.0,3,2.1,0.25,subset,1.0,6213,28243,0.18646164554428615,0.6129801591567358,0.39972090235051094,0.5868340576211171,0.46808058633997807,0.5207731854856898,0.7416706904876871,0.6251460538894593,0.6784413599719733,0.9071302108482214,0.7292072371915165,0.8084957239327636,0.1413996778235189,apartment_2/seq_0006
apartment_2,seq_0006,18,random_n1.0,3,1.5,1.0,fixed,1.0,22874,54151,0.7314181593678561,0.8962979731765304,0.8138580662721933,0.30060330506251637,0.4151723883215453,0.34871872083309274,0.43875142082713997,0.5031855367398571,0.46876463952435243,0.654148815248754,0.5849384129563627,0.6176107074933872,0.11970524306844087,apartment_2/seq_0006
apartment_2,seq_0006,18,random_n1.0,3,1.5,1.0,subset,1.0,22874,27991,0.7424990312116728,0.5435521075557842,0.6430255693837286,0.29129142257585033,0.5737915758636705,0.38641509472932395,0.42987671592200755,0.6832553320710228,0.5277281501623444,0.6477223048002099,0.7558500946732879,0.6976212493048287,0.12273400800781865,apartment_2/seq_0006
apartment_2,seq_0006,18,random_n1.0,3,1.5,0.25,fixed,1.0,5718,54151,0.16190529882664326,1.0186163424991357,0.5902608206628894,0.6171738370059461,0.2982585732488781,0.4021648917164479,0.7840153899965022,0.4088751823604366,0.5374582430051913,0.9300454704442113,0.5295931746412809,0.6748872193972976,0.11108158384267872,apartment_2/seq_0006
apartment_2,seq_0006,18,random_n1.0,3,1.5,0.25,subset,1.0,5718,27991,0.1651062655170123,0.622079007925194,0.3935926367211031,0.6072053165442463,0.45443178164409986,0.5198262085826579,0.7759706190975866,0.6039441248972884,0.6792345665358579,0.9286463798530955,0.7169447322353614,0.8091780822760383,0.1383457719114291,apartment_2/seq_0006
apartment_2,seq_0006,18,consec_n1.0,3,0.29999999999999977,1.0,fixed,1.0,22347,54151,0.7987050463304308,0.8905430994073583,0.8446240728688945,0.3084082874658791,0.4078779708592639,0.35123652038752995,0.4246655031995346,0.4777381765803032,0.4496411699132246,0.6352978028370698,0.5835533969825119,0.6083272363287247,0.12149155823206796,apartment_2/seq_0006
apartment_2,seq_0006,18,consec_n1.0,3,0.29999999999999977,1.0,subset,1.0,22347,26009,0.8100479396994718,0.4895049563194296,0.6497764480094507,0.30142748467355795,0.6004075512322657,0.4013579662386314,0.41719246431288315,0.6866469299088777,0.5190318923225705,0.6251398397995257,0.7852281902418393,0.6960983439754485,0.1284449978126998,apartment_2/seq_0006
apartment_2,seq_0006,18,consec_n1.0,3,0.29999999999999977,0.25,fixed,1.0,5586,54151,0.20642612279774653,0.9692481952127311,0.5878371590052388,0.6086645184389545,0.2931617144651068,0.39572398151479615,0.7305764411027569,0.40723163007146684,0.5229596142608671,0.8865019692087361,0.5457701612158593,0.6756066984418652,0.10665661448401259,apartment_2/seq_0006
apartment_2,seq_0006,18,consec_n1.0,3,0.29999999999999977,0.25,subset,1.0,5586,26009,0.20974490049136554,0.5465040079618305,0.378124454226598,0.5997135696383816,0.46668460917374754,0.5249016707336069,0.7255639097744361,0.6175939098004537,0.6672393151677778,0.8839957035445757,0.756007535852974,0.8150074310668453,0.1421859039836568,apartment_2/seq_0006
apartment_2,seq_0010,21,all,21,3.0,1.0,fixed,0.0,71188,64652,0.7338548430972003,0.43084085219783863,0.5823478476475195,0.19629712872956115,0.5623182577491802,0.29100770006980764,0.34514243973703435,0.6631040029697457,0.45398688989162284,0.6139096476934315,0.7680659531027656,0.6823899038492143,0.10367344971747329,apartment_2/seq_0010
apartment_2,seq_0010,21,all,21,3.0,1.0,subset,0.0,71188,64652,0.7338548430972003,0.43084085219783863,0.5823478476475195,0.19629712872956115,0.5623182577491802,0.29100770006980764,0.34514243973703435,0.6631040029697457,0.45398688989162284,0.6139096476934315,0.7680659531027656,0.6823899038492143,0.10367344971747329,apartment_2/seq_0010
apartment_2,seq_0010,21,all,21,3.0,0.25,fixed,0.0,17797,64652,0.1824149119169137,0.6372317396511148,0.40982332578401426,0.42951059167275385,0.4102734640846378,0.41967169321331105,0.6646063943361241,0.5288776835983419,0.5890241802797407,0.9461707029274596,0.6667852502629462,0.7822813359472792,0.14687434350709763,apartment_2/seq_0010
apartment_2,seq_0010,21,all,21,3.0,0.25,subset,0.0,17797,64652,0.1824149119169137,0.6372317396511148,0.40982332578401426,0.42951059167275385,0.4102734640846378,0.41967169321331105,0.6646063943361241,0.5288776835983419,0.5890241802797407,0.9461707029274596,0.6667852502629462,0.7822813359472792,0.14687434350709763,apartment_2/seq_0010
apartment_2,seq_0010,21,spaced0.3,8,2.85,1.0,fixed,0.3,40831,64652,0.5845831228071163,0.4974952439313582,0.5410391833692373,0.2500551051896843,0.4696374435438965,0.3263483568171725,0.4105459087458059,0.6174286951679763,0.4931694300197596,0.6856310156498738,0.7459784693435625,0.7145328121255217,0.11654149044771767,apartment_2/seq_0010
apartment_2,seq_0010,21,spaced0.3,8,2.85,1.0,subset,0.3,40831,48978,0.586197107889781,0.3608832250407482,0.4735401664652646,0.2463814258773971,0.5404263138552003,0.33845881036849573,0.40846415713550976,0.6952509289885255,0.5145985377517328,0.6852391565232299,0.8184490995957369,0.7459436733405045,0.11631821572715621,apartment_2/seq_0010
apartment_2,seq_0010,21,spaced0.3,8,2.85,0.25,fixed,0.3,10207,64652,0.1605919074744486,0.7043466364452154,0.43246927195983204,0.48427549720779856,0.31239559487718865,0.37979420500559025,0.6988341334378367,0.4529944935964858,0.5496790181360524,0.9609091799745273,0.628611643877993,0.7600261540169492,0.12171269504065636,apartment_2/seq_0010
apartment_2,seq_0010,21,spaced0.3,8,2.85,0.25,subset,0.3,10207,48978,0.16098080346668045,0.5237487701469166,0.3423647868067985,0.48300186146762025,0.3790681530483074,0.42476972974923594,0.6977564416576859,0.536832863734738,0.6068067933658204,0.9607132360144999,0.716811629711299,0.8210315500686395,0.1322202718700249,apartment_2/seq_0010
apartment_2,seq_0010,21,random_n0.3,8,3.0,1.0,fixed,0.3,40286,64652,0.7430290386147009,0.6123103901732785,0.6776697143939897,0.24030680633470686,0.4189042875703768,0.3054121887106687,0.38884475996624135,0.5288931510239435,0.4481831422563818,0.6202899270217942,0.6488275691393924,0.6342378963784872,0.11338542239829794,apartment_2/seq_0010
apartment_2,seq_0010,21,random_n0.3,8,3.0,1.0,subset,0.3,40286,50495,0.7454509325886637,0.5074738089211103,0.626462370754887,0.238246537258601,0.4790177245271809,0.31822110827035643,0.3874795214218339,0.5955441132785424,0.46949257342952005,0.6193218487812143,0.704564808396871,0.6591989991841656,0.11199513890207546,apartment_2/seq_0010
apartment_2,seq_0010,21,random_n0.3,8,3.0,0.25,fixed,0.3,10071,64652,0.1639349188769176,0.7216132210595488,0.4427740699682332,0.51295799821269,0.3034863577306193,0.3813505560130747,0.7297189951345447,0.44003279094227554,0.5490058486844817,0.9437990269089465,0.6002443853245066,0.7338006979445912,0.13291468489892985,apartment_2/seq_0010
apartment_2,seq_0010,21,random_n0.3,8,3.0,0.25,subset,0.3,10071,50495,0.16415541880344467,0.6004536276379357,0.3823045232206902,0.5126601131963062,0.35542132884444005,0.4198001013578161,0.7288253400853937,0.507812654718289,0.5985692374484715,0.9436997319034852,0.6648975146054065,0.7801376107514646,0.13761688806838704,apartment_2/seq_0010
apartment_2,seq_0010,21,consec_n0.3,8,1.0499999999999998,1.0,fixed,0.3,39428,64652,0.8130818115981155,0.8074719868474375,0.8102768992227765,0.19947752865983565,0.3406081791746582,0.25160331716797907,0.3302475398194177,0.4275351110561158,0.3726462157706346,0.5722329309120422,0.5524191053641032,0.5621514807388679,0.08783218817028393,apartment_2/seq_0010
apartment_2,seq_0010,21,consec_n0.3,8,1.0499999999999998,1.0,subset,0.3,39428,42708,0.8197544773824742,0.6243273111310503,0.7220408942567622,0.1965354570356092,0.42317598576379134,0.26841229651298487,0.3270011159582023,0.5174674534045144,0.4007548436362112,0.5690879577964898,0.6397864568699073,0.6023698801937565,0.08602150537634409,apartment_2/seq_0010
apartment_2,seq_0010,21,consec_n0.3,8,1.0499999999999998,0.25,fixed,0.3,9857,64652,0.19409280619709718,0.8871796246213481,0.5406362154092227,0.47864461803794256,0.26078079564437295,0.33761707945964514,0.6692705691386832,0.3665470519086803,0.4736724864730053,0.9148828243887592,0.5149105982800223,0.6589523423360456,0.1060572848166009,apartment_2/seq_0010
apartment_2,seq_0010,21,consec_n0.3,8,1.0499999999999998,0.25,subset,0.3,9857,42708,0.1957971060322487,0.6940945231168172,0.44494581457453297,0.47610834939636804,0.33480846679778964,0.39314786253700773,0.6677488079537385,0.4573147887983516,0.542851810264383,0.9136654154408035,0.6092301208204551,0.7310186131414067,0.11530242902620906,apartment_2/seq_0010
apartment_2,seq_0010,21,spaced0.5,6,3.0,1.0,fixed,0.5,32758,64652,0.5409633873627079,0.5909961712925774,0.5659797793276427,0.29357714146162767,0.44656004454618575,0.35425816685681927,0.46736675010684414,0.5788684031429809,0.517175978031531,0.7096587093229135,0.6948740951556023,0.7021885881734776,0.13330917925875407,apartment_2/seq_0010
apartment_2,seq_0010,21,spaced0.5,6,3.0,1.0,subset,0.5,32758,45108,0.5444509975341578,0.38960667237273927,0.46702883495344855,0.2887538921790097,0.5425866808548373,0.3769189692488295,0.4637645765919775,0.6845127250155183,0.5529200196576808,0.7088039562854875,0.7928083710206615,0.7484564421015544,0.1352296787259505,apartment_2/seq_0010
apartment_2,seq_0010,21,spaced0.5,6,3.0,0.25,fixed,0.5,8189,64652,0.1434084039419238,0.7588768602089638,0.4511426320754438,0.5380388325802906,0.2909422755676545,0.3776641970633117,0.7655391378678715,0.4263905215615913,0.5477145898484286,0.9695933569422396,0.5782651735445152,0.7244616478529154,0.12688095800835106,apartment_2/seq_0010
apartment_2,seq_0010,21,spaced0.5,6,3.0,0.25,subset,0.5,8189,45108,0.14384907019861579,0.5187429926029222,0.331296031400769,0.535840761997802,0.373747450563093,0.4403511741662021,0.7641958725119062,0.5376208211403742,0.6311911876614397,0.9693491268775186,0.693690697880642,0.8086739262680513,0.14354995150339475,apartment_2/seq_0010
apartment_2,seq_0010,21,random_n0.5,6,2.1,1.0,fixed,0.5,32118,64652,0.6720247643189837,0.5511342452239134,0.6115795047714485,0.26240737281275295,0.392656066324321,0.3145828041292794,0.4084314091786537,0.525412980263565,0.4595951238899252,0.6642692571143907,0.6948895625812039,0.6792344894848146,0.11394766973410797,apartment_2/seq_0010
apartment_2,seq_0010,21,random_n0.5,6,2.1,1.0,subset,0.5,32118,41074,0.6821692467326426,0.34994649066392847,0.5160578686982855,0.25281773460364904,0.4987339923065686,0.33554256770364205,0.3976586337879071,0.6485124409602181,0.49301032592358673,0.6590385453639703,0.8111700832643521,0.7272333209145618,0.11459879816189467,apartment_2/seq_0010
apartment_2,seq_0010,21,random_n0.5,6,2.1,0.25,fixed,0.5,8029,64652,0.16367471286436,0.8264596897602361,0.49506720131229803,0.4899738448125545,0.2550423807461486,0.3354667766883189,0.7101756134014199,0.3857885293571738,0.4999754915153482,0.9522979200398555,0.571985398750232,0.7146971941612191,0.10123103127903375,apartment_2/seq_0010
apartment_2,seq_0010,21,random_n0.5,6,2.1,0.25,subset,0.5,8029,41074,0.16582374411646938,0.5244679688034001,0.34514585645993473,0.4839955162535808,0.35260748892243265,0.40798429501215144,0.7053182214472538,0.5139504309295418,0.5946164582327828,0.9506787893884668,0.71005989190242,0.8129381052320558,0.11667628945342572,apartment_2/seq_0010
apartment_2,seq_0010,21,consec_n0.5,6,0.7499999999999997,1.0,fixed,0.5,30856,64652,0.8450875058875521,1.0041882829329338,0.9246378944102429,0.21921182266009853,0.30091876508073995,0.2536476512657736,0.3315076484314234,0.3734919260038359,0.3512496591131628,0.5632940108892922,0.49263750541359896,0.5256018066598203,0.09056491407180535,apartment_2/seq_0010
apartment_2,seq_0010,21,consec_n0.5,6,0.7499999999999997,1.0,subset,0.5,30856,37156,0.8539587739881703,0.7267188326803711,0.7903388033342706,0.2150635208711434,0.40483367423834643,0.28090127213278443,0.3280723360124449,0.4889385294434277,0.392668475544671,0.5586271713767177,0.6071966842501884,0.5819001979670528,0.09105024381959775,apartment_2/seq_0010
apartment_2,seq_0010,21,consec_n0.5,6,0.7499999999999997,0.25,fixed,0.5,7714,64652,0.20077934051152502,1.0737533576628417,0.6372663490871834,0.5202229712211563,0.23119161046835365,0.32011938402586937,0.6715063520871143,0.3275846068180412,0.4403505854268408,0.8990147783251231,0.4683381797933552,0.6158511485834404,0.09907798093452101,apartment_2/seq_0010
apartment_2,seq_0010,21,consec_n0.5,6,0.7499999999999997,0.25,subset,0.5,7714,37156,0.20459886066338132,0.7829622915870315,0.49378057612520637,0.513741249675914,0.32086338680159326,0.39501519667184154,0.6687840290381125,0.4444504252341479,0.5340139176524272,0.8961628208452165,0.5867423834643126,0.7091710352714758,0.11360506044993113,apartment_2/seq_0010
apartment_2,seq_0010,21,spaced1.0,3,2.1,1.0,fixed,1.0,20709,64652,0.5185197346800958,0.6084158950214817,0.5634678148507888,0.30624366217586557,0.33456041576440015,0.319776388664995,0.4472934472934473,0.4419198168656809,0.4445903953087364,0.7152445796513593,0.657968817669987,0.6854122328489698,0.11295429329147837,apartment_2/seq_0010
apartment_2,seq_0010,21,spaced1.0,3,2.1,1.0,subset,1.0,20709,32866,0.5225328535859486,0.3834069620795393,0.45296990783274393,0.2986141291226037,0.4748372177934644,0.3666503467393465,0.4415471534115602,0.5918578470151524,0.5057710142024198,0.71389251050268,0.7955942311203067,0.752532297680535,0.11898262628857703,apartment_2/seq_0010
apartment_2,seq_0010,21,spaced1.0,3,2.1,0.25,fixed,1.0,5177,64652,0.15630898790472644,0.8389592545213347,0.4976341212130306,0.5510913656557852,0.20901132215554044,0.3030757207184337,0.7031099092138304,0.28945740270989295,0.4100887984033552,0.9524821325091752,0.49112169770463404,0.6480789703667574,0.08993740152450709,apartment_2/seq_0010
apartment_2,seq_0010,21,spaced1.0,3,2.1,0.25,subset,1.0,5177,32866,0.15720413271279166,0.5410914176825931,0.34914777519769236,0.547807610585281,0.3387695490780746,0.4186449768003958,0.7015646127100638,0.44815310655388546,0.5469313995361804,0.9524821325091752,0.6656423051177509,0.7836386220044914,0.11340443931968867,apartment_2/seq_0010
apartment_2,seq_0010,21,random_n1.0,3,2.4,1.0,fixed,1.0,19592,64652,0.49610467847108314,0.6648762191479398,0.5804904488095115,0.34692731727235604,0.37609045350491865,0.36092073351375004,0.5158227848101266,0.5153591536224711,0.5155908649893578,0.7378521845651286,0.6694920497432407,0.7020118595146728,0.12258354142700822,apartment_2/seq_0010
apartment_2,seq_0010,21,random_n1.0,3,2.4,1.0,subset,1.0,19592,33431,0.5016543882574314,0.3313520285178163,0.41650320838762384,0.3360555328705594,0.5249020370314977,0.40976754238778335,0.50939158840343,0.6844844605306452,0.5840985366922685,0.7362699060841159,0.8337172085788639,0.78196933608954,0.1309208290859667,apartment_2/seq_0010
apartment_2,seq_0010,21,random_n1.0,3,2.4,0.25,fixed,1.0,4898,64652,0.12304504897433331,0.9616636047510908,0.542354326862712,0.6239281339322172,0.24627235042999443,0.35315137328498597,0.8013474887709269,0.3615974757161418,0.4983300808888081,0.9850959575336872,0.5089556394233744,0.6711550578053405,0.1032378960212664,apartment_2/seq_0010
apartment_2,seq_0010,21,random_n1.0,3,2.4,0.25,subset,1.0,4898,33431,0.12444552341749222,0.5179639934281168,0.32120475842280455,0.6186198448346264,0.38233974454847297,0.4725924122320629,0.7988975091874234,0.5406658490622476,0.6448916319761379,0.9848917925683952,0.7143968173252371,0.8281154336280186,0.1300303951367781,apartment_2/seq_0010
apartment_2,seq_0010,21,consec_n1.0,3,0.2999999999999999,1.0,fixed,1.0,18980,64652,0.8123326024703741,1.1168857478070113,0.9646091751386927,0.26417281348788196,0.24576192538513889,0.2546350123965872,0.3656480505795574,0.32062426529728394,0.34165923602692394,0.5840358271865121,0.44960712738971725,0.5080800278112663,0.08558359969139204,apartment_2/seq_0010
apartment_2,seq_0010,21,consec_n1.0,3,0.2999999999999999,1.0,subset,1.0,18980,26308,0.8290287795870996,0.6407820133608951,0.7349053964739973,0.2542149631190727,0.39067964117378745,0.3080088123276193,0.361854583772392,0.4908392884293751,0.41659135172422435,0.5770284510010537,0.6380568648319903,0.6060100629430709,0.09061395281725705,apartment_2/seq_0010
apartment_2,seq_0010,21,consec_n1.0,3,0.2999999999999999,0.25,fixed,1.0,4745,64652,0.17270145917354895,1.2377368264846793,0.7052191428291141,0.5723919915700738,0.18084514013487596,0.27485185095234604,0.7043203371970496,0.2569139392439522,0.3764945066022705,0.9216016859852476,0.39839448122254534,0.55630619952265,0.07103941431854942,apartment_2/seq_0010
apartment_2,seq_0010,21,consec_n1.0,3,0.2999999999999999,0.25,subset,1.0,4745,26308,0.1779495970709302,0.720188427019564,0.4490690120452471,0.5580611169652265,0.3159875323095636,0.4035023802715619,0.7003161222339305,0.42610612741371445,0.5298350434818464,0.9171759747102213,0.5948000608180021,0.7216203335496143,0.09499692012867018,apartment_2/seq_0010
apartment_2,seq_0009,25,all,25,3.604598861776625,1.0,fixed,0.0,71755,60306,0.6146209774209246,0.3389999942929951,0.47681048585695984,0.17393909832067453,0.5701422744005572,0.2665569566969534,0.30402062574036653,0.698272145391835,0.42360703517653747,0.5931572712702947,0.825539747288827,0.6903163923250367,0.09096140704240549,apartment_2/seq_0009
apartment_2,seq_0009,25,all,25,3.604598861776625,1.0,subset,0.0,71755,60306,0.6146209774209246,0.3389999942929951,0.47681048585695984,0.17393909832067453,0.5701422744005572,0.2665569566969534,0.30402062574036653,0.698272145391835,0.42360703517653747,0.5931572712702947,0.825539747288827,0.6903163923250367,0.09096140704240549,apartment_2/seq_0009
apartment_2,seq_0009,25,all,25,3.604598861776625,0.25,fixed,0.0,17938,60306,0.19069770733445807,0.7591382255855597,0.47491796646000883,0.4077377634072918,0.40641063907405567,0.40707311958345344,0.6335154420782696,0.5006467018207144,0.5592981891259924,0.9372839781469506,0.6603986336351275,0.7748485887393147,0.13934175042902672,apartment_2/seq_0009
apartment_2,seq_0009,25,all,25,3.604598861776625,0.25,subset,0.0,17938,60306,0.19069770733445807,0.7591382255855597,0.47491796646000883,0.4077377634072918,0.40641063907405567,0.40707311958345344,0.6335154420782696,0.5006467018207144,0.5592981891259924,0.9372839781469506,0.6603986336351275,0.7748485887393147,0.13934175042902672,apartment_2/seq_0009
apartment_2,seq_0009,25,spaced0.3,10,3.454798540337967,1.0,fixed,0.3,45533,60306,0.5138290706589095,0.3695511506926209,0.4416901106757652,0.21243932971690863,0.5067820780685173,0.29938053515097124,0.355105088617047,0.6633668291712267,0.46258504047910065,0.6531526585114094,0.8113454714290452,0.7237051940197701,0.09944835780361538,apartment_2/seq_0009
apartment_2,seq_0009,25,spaced0.3,10,3.454798540337967,1.0,subset,0.3,45533,47703,0.515877901444992,0.28320112794257424,0.3995395146937831,0.21041881712164803,0.5739471312076808,0.30794115092914914,0.35337008323633406,0.7334339559356854,0.4769463651511602,0.6517910087189511,0.8659413454080456,0.7437579906367711,0.09873716469697237,apartment_2/seq_0009
apartment_2,seq_0009,25,spaced0.3,10,3.454798540337967,0.25,fixed,0.3,11383,60306,0.17645543106748676,0.8050090489915993,0.490732240029543,0.45980848633927784,0.33459357277882795,0.38733274284076535,0.6810155495036457,0.44897688455543394,0.5411721893599292,0.9409645963278573,0.603439127118363,0.7353191992963201,0.11501911523757509,apartment_2/seq_0009
apartment_2,seq_0009,25,spaced0.3,10,3.454798540337967,0.25,subset,0.3,11383,47703,0.17671704527196466,0.6175547765144097,0.39713591089318717,0.45831503118685757,0.3936859317024087,0.4235492397899253,0.679609944654309,0.5215185627738297,0.5901603357026675,0.9407010454186067,0.6863300002096304,0.7936312591380917,0.1218707780338552,apartment_2/seq_0009
apartment_2,seq_0009,25,random_n0.3,10,3.3050163319295933,1.0,fixed,0.3,48220,60306,0.5959135488097036,0.4499195680602236,0.5229165584349635,0.19087515553712153,0.4531389911451597,0.2686058244538446,0.32389050186644547,0.5799091301031406,0.41563871579969985,0.5996059726254667,0.7430438099028289,0.663663022387193,0.09022592843983322,apartment_2/seq_0009
apartment_2,seq_0009,25,random_n0.3,10,3.3050163319295933,1.0,subset,0.3,48220,49867,0.596935813357303,0.38549598371319116,0.49121589853524705,0.189651596847781,0.5037800549461567,0.2755648422838167,0.32206553297386975,0.636252431467704,0.4276555090271602,0.5985897967648278,0.7847073214751238,0.6791278459096564,0.08922358087285018,apartment_2/seq_0009
apartment_2,seq_0009,25,random_n0.3,10,3.3050163319295933,0.25,fixed,0.3,12055,60306,0.19658948383792982,0.7411417491537757,0.4688656164958528,0.4428038158440481,0.33462673697476203,0.3811890219097192,0.6606387391124015,0.459489934666534,0.5420035361631097,0.9198672749896308,0.5802407720624814,0.711608072343675,0.11915319696752968,apartment_2/seq_0009
apartment_2,seq_0009,25,random_n0.3,10,3.3050163319295933,0.25,subset,0.3,12055,49867,0.19687084482441736,0.6352767615516466,0.416073803188032,0.44238905018664454,0.37888784165881245,0.4081834861372205,0.6593114890087101,0.5162532336013796,0.5790777514921759,0.9196184155951888,0.642228327350753,0.756290589350212,0.1223529411764706,apartment_2/seq_0009
apartment_2,seq_0009,25,consec_n0.3,10,1.3622161922108196,1.0,fixed,0.3,41280,60306,0.5349778864757035,0.4409058574680593,0.48794187197188144,0.23888081395348837,0.4705667761085133,0.31689268120974695,0.3891472868217054,0.613919013033529,0.476349206996061,0.6694040697674418,0.7776174841640965,0.7194644851107634,0.1095609130076084,apartment_2/seq_0009
apartment_2,seq_0009,25,consec_n0.3,10,1.3622161922108196,1.0,subset,0.3,41280,40373,0.5422338121447786,0.2804482756440849,0.41134104389443177,0.22873062015503876,0.5784558987442102,0.327831482201992,0.37688953488372096,0.7229584128006341,0.4954784168382187,0.6647529069767442,0.8648354098035816,0.7517079549005474,0.10710712713593981,apartment_2/seq_0009
apartment_2,seq_0009,25,consec_n0.3,10,1.3622161922108196,0.25,fixed,0.3,10320,60306,0.15825803633769794,1.1528669944454528,0.6555625153915754,0.48972868217054266,0.2942493284250323,0.3676183104413506,0.7177325581395348,0.3972904851921865,0.5114662301676807,0.9555232558139535,0.5444234404536862,0.6936369934454228,0.11723799085377376,apartment_2/seq_0009
apartment_2,seq_0009,25,consec_n0.3,10,1.3622161922108196,0.25,subset,0.3,10320,40373,0.1619166666891506,0.7673538218912758,0.4646352442902132,0.4816860465116279,0.382111807396032,0.4261597201182283,0.7083333333333334,0.5084586233373789,0.5919799018331435,0.9545542635658915,0.6783989299779556,0.7931257228550905,0.13032790686888363,apartment_2/seq_0009
apartment_2,seq_0009,25,spaced0.5,7,3.599999999999999,1.0,fixed,0.5,34649,60306,0.4637604361761902,0.37557839379777297,0.4196694149869816,0.25645761782446824,0.4707325970881836,0.33202581114505697,0.4267944240815031,0.6383610254369383,0.5115665067115047,0.7093711218216976,0.8090073956156933,0.7559201835369987,0.11239550005160491,apartment_2/seq_0009
apartment_2,seq_0009,25,spaced0.5,7,3.599999999999999,1.0,subset,0.5,34649,42961,0.46663329429653433,0.2587034487267529,0.3626683715116436,0.25305203613379895,0.5625567375061102,0.3490794421727455,0.42353314669976044,0.7330834943320687,0.5368851668451358,0.7077260526999336,0.8820558180675496,0.7853327476688268,0.11299821337980016,apartment_2/seq_0009
apartment_2,seq_0009,25,spaced0.5,7,3.599999999999999,0.25,fixed,0.5,8662,60306,0.14430690094354448,0.8729052650178891,0.5086060829807169,0.5522973909027938,0.3159718767618479,0.4019730966721955,0.7908104363888248,0.429940636089278,0.5570366468846983,0.9616716693604248,0.6077836367857261,0.7448294988825257,0.11402563181219308,apartment_2/seq_0009
apartment_2,seq_0009,25,spaced0.5,7,3.599999999999999,0.25,subset,0.5,8662,42961,0.1444541405831942,0.5879551557562146,0.3662046481697044,0.5507965827753406,0.4042736435371616,0.46629564032403537,0.7903486492726853,0.5358813807872256,0.6387023606401563,0.9617871161394597,0.7210027699541445,0.8241684604517359,0.12643836877473993,apartment_2/seq_0009
apartment_2,seq_0009,25,random_n0.5,7,3.1505673779741734,1.0,fixed,0.5,33147,60306,0.4881671150894124,0.4676646391891037,0.4779158771392581,0.24578393218089117,0.4277849633535635,0.3121957415728647,0.3997043473014149,0.5730607236427553,0.4709356233060102,0.6999125109361329,0.7415348389878288,0.7201227448646955,0.10667962313574718,apartment_2/seq_0009
apartment_2,seq_0009,25,random_n0.5,7,3.1505673779741734,1.0,subset,0.5,33147,42359,0.49194896668487303,0.31309151443088107,0.40252024055787705,0.24183183998551905,0.5177884274888453,0.3296850637205038,0.39469635261109604,0.6725607308954413,0.4974570260460727,0.6980420550879416,0.8362803654477207,0.7609337608753967,0.10796036897847626,apartment_2/seq_0009
apartment_2,seq_0009,25,random_n0.5,7,3.1505673779741734,0.25,fixed,0.5,8286,60306,0.14987179839864684,0.8953667584662374,0.5226192784324422,0.503982621288921,0.27458296023612905,0.35548717627616677,0.7319575187062515,0.37891752064471196,0.4993388425893029,0.9723630219647599,0.5813186084303386,0.727630046927864,0.10821691694512661,apartment_2/seq_0009
apartment_2,seq_0009,25,random_n0.5,7,3.1505673779741734,0.25,subset,0.5,8286,42359,0.1505671270990589,0.5943713060877076,0.3724692165933833,0.5012068549360367,0.35442290894497036,0.4152244323615986,0.7294231233405745,0.4806770698080691,0.5794841973627036,0.9720009654839489,0.7023772988030879,0.8154805005920371,0.12199264081517125,apartment_2/seq_0009
apartment_2,seq_0009,25,consec_n0.5,7,0.9182227149887687,1.0,fixed,0.5,30918,60306,0.4670024822214964,0.46205377407788717,0.4645281281496918,0.24383854065592858,0.41160083573773754,0.3062499774464889,0.41011708389934665,0.5701422744005572,0.4770677984455628,0.7128533540332492,0.7608861473153583,0.7360869972676227,0.10618824982357092,apartment_2/seq_0009
apartment_2,seq_0009,25,consec_n0.5,7,0.9182227149887687,1.0,subset,0.5,30918,34150,0.4780143766525548,0.2669998800841013,0.37250712836832806,0.22614658127951356,0.537276720351391,0.31831172365047883,0.3880263923927809,0.7045095168374818,0.5004289267113033,0.7062229122194191,0.8722693997071742,0.7805126842198172,0.10533037059739994,apartment_2/seq_0009
apartment_2,seq_0009,25,consec_n0.5,7,0.9182227149887687,0.25,fixed,0.5,7729,60306,0.1676520286176137,1.3889993740349098,0.7783257013262618,0.458791564238582,0.22949623586376147,0.3059503220110706,0.6938801914866088,0.3281763008655855,0.44560165937972485,0.9485056281537069,0.45731767983285243,0.6171022926016285,0.09057824504650222,apartment_2/seq_0009
apartment_2,seq_0009,25,consec_n0.5,7,0.9182227149887687,0.25,subset,0.5,7729,34150,0.173766235090251,0.818584847956183,0.496175541523217,0.44119549747703457,0.3249194729136164,0.374233669964709,0.6774485703195756,0.45493411420204977,0.5443291732882295,0.946823651183853,0.628316251830161,0.7553674267506554,0.10763123070136744,apartment_2/seq_0009
apartment_2,seq_0009,25,spaced1.0,4,3.1499999999999995,1.0,fixed,1.0,24081,60306,0.4786383700484073,0.5245381394450906,0.501588254746749,0.3018147086914995,0.4121977912645508,0.34847388890656,0.45139321456750137,0.5645541073856665,0.5016714702100461,0.7121797267555334,0.7357642688953007,0.7237799218094891,0.11161859796777174,apartment_2/seq_0009
apartment_2,seq_0009,25,spaced1.0,4,3.1499999999999995,1.0,subset,1.0,24081,36252,0.4840942830695129,0.3221134053684398,0.4031038442189764,0.2956687845189153,0.5313637868255544,0.3799310702664994,0.4445413396453636,0.6912997903563941,0.5411167579415175,0.7085253934637266,0.8466291514950899,0.7714451976820155,0.1153443157343268,apartment_2/seq_0009
apartment_2,seq_0009,25,spaced1.0,4,3.1499999999999995,0.25,fixed,1.0,6020,60306,0.12620418348096518,0.9758650539573479,0.5510346187191566,0.6003322259136212,0.25635923457035786,0.35929086963512036,0.806312292358804,0.3680230822803701,0.5053778358769354,0.9789036544850498,0.522866713096541,0.6816436751019886,0.09029306400794164,apartment_2/seq_0009
apartment_2,seq_0009,25,spaced1.0,4,3.1499999999999995,0.25,subset,1.0,6020,36252,0.12657723069152335,0.5898888855688265,0.3582330581301749,0.5980066445182725,0.3699933796756041,0.4571456486440506,0.8041528239202658,0.5153646695354739,0.6281568170351614,0.9790697674418605,0.6869414101290964,0.8073938227015683,0.1065596154896499,apartment_2/seq_0009
apartment_2,seq_0009,25,random_n1.0,4,2.85,1.0,fixed,1.0,23456,60306,0.49296006470319037,0.5606196636593511,0.5267898641812707,0.2555422919508868,0.3600636752561934,0.2989298405948565,0.40531207366984995,0.5162670381056611,0.4541102572927419,0.6906548431105047,0.6979902497263953,0.69430317206913,0.09001557274514309,apartment_2/seq_0009
apartment_2,seq_0009,25,random_n1.0,4,2.85,1.0,subset,1.0,23456,36760,0.49838470943160956,0.40074616119289724,0.4495654353122534,0.25051159618008184,0.4712459194776931,0.32712528770585736,0.3988318553888131,0.6437976060935799,0.49253738402540775,0.6860078444747613,0.7980685527747552,0.7378074183334034,0.09164829501531767,apartment_2/seq_0009
apartment_2,seq_0009,25,random_n1.0,4,2.85,0.25,fixed,1.0,5864,60306,0.1371345333745944,0.9695770487488924,0.5533557910617434,0.5784447476125512,0.26000729612310547,0.35875600973731775,0.7585266030013642,0.3753026232878984,0.5021515010188022,0.9764665757162346,0.5202467416177495,0.678825461672102,0.09147428372679449,apartment_2/seq_0009
apartment_2,seq_0009,25,random_n1.0,4,2.85,0.25,subset,1.0,5864,36760,0.13782785263495737,0.6683961755866178,0.40311201411078756,0.5791268758526603,0.36349292709466813,0.44664566266201544,0.7566507503410641,0.5062568008705114,0.6066312421308263,0.9764665757162346,0.6623503808487486,0.7893047551416102,0.10569105691056911,apartment_2/seq_0009
apartment_2,seq_0009,25,consec_n1.0,4,0.48542038927237685,1.0,fixed,1.0,20036,60306,0.44269902788002113,0.6380591529680529,0.5403790904240371,0.2622279896186864,0.28968925148409774,0.27527543759652195,0.41879616689958077,0.4064272211720227,0.41251899742745135,0.7105709722499501,0.599144363744901,0.6501177490464474,0.08878971004047236,apartment_2/seq_0009
apartment_2,seq_0009,25,consec_n1.0,4,0.48542038927237685,1.0,subset,1.0,20036,26786,0.4690042768281134,0.41072691287088114,0.4398655948494973,0.22544420043920943,0.39718509669230195,0.28762885705088453,0.3778199241365542,0.5221384305234078,0.4384076245031828,0.6891096027151128,0.7349361606809527,0.7112855200664836,0.0826898326898327,apartment_2/seq_0009
apartment_2,seq_0009,25,consec_n1.0,4,0.48542038927237685,0.25,fixed,1.0,5009,60306,0.17226312055422555,1.5756894920777984,0.873976306316012,0.48273108404871234,0.1726859682287003,0.2543750863770891,0.6851666999401078,0.2572878320565118,0.3740977391268721,0.9343182271910561,0.3829967167446025,0.5432881712245876,0.06336329752247315,apartment_2/seq_0009
apartment_2,seq_0009,25,consec_n1.0,4,0.48542038927237685,0.25,subset,1.0,5009,26786,0.18613017276995883,0.8605130886169915,0.5233216306934751,0.43302056298662406,0.2573732546852834,0.32285315652836294,0.6488321022160112,0.3801986112148137,0.4794513146291985,0.9303254142543422,0.5720898977077578,0.7084988642462932,0.07344871253693541,apartment_2/seq_0009
apartment_2,seq_0008,23,all,23,3.2999999999999994,1.0,fixed,0.0,98423,63172,1.132325900376967,0.5318081654856277,0.8320670329312974,0.10955772532842933,0.4735009181282847,0.1779432793363913,0.200877843593469,0.5811910340024061,0.2985629654133615,0.41725003302073704,0.6973659216108402,0.5221097950564297,0.05601616019673283,apartment_2/seq_0008
apartment_2,seq_0008,23,all,23,3.2999999999999994,1.0,subset,0.0,98423,63172,1.132325900376967,0.5318081654856277,0.8320670329312974,0.10955772532842933,0.4735009181282847,0.1779432793363913,0.200877843593469,0.5811910340024061,0.2985629654133615,0.41725003302073704,0.6973659216108402,0.5221097950564297,0.05601616019673283,apartment_2/seq_0008
apartment_2,seq_0008,23,all,23,3.2999999999999994,0.25,fixed,0.0,24605,63172,0.4616467014921948,0.8391942280081581,0.6504204647501765,0.2607600081284292,0.3257614132843665,0.28965881099907875,0.41861410282462913,0.4222282023681378,0.42041338555407975,0.7010363747205852,0.5455898182739188,0.613621485633099,0.0940630229324283,apartment_2/seq_0008
apartment_2,seq_0008,23,all,23,3.2999999999999994,0.25,subset,0.0,24605,63172,0.4616467014921948,0.8391942280081581,0.6504204647501765,0.2607600081284292,0.3257614132843665,0.28965881099907875,0.41861410282462913,0.4222282023681378,0.42041338555407975,0.7010363747205852,0.5455898182739188,0.613621485633099,0.0940630229324283,apartment_2/seq_0008
apartment_2,seq_0008,23,spaced0.3,9,3.2999999999999994,1.0,fixed,0.3,58243,63172,0.9710262901803363,0.613134992489331,0.7920806413348336,0.14776024586645606,0.40935857658456276,0.21714191474475053,0.2526827258211287,0.5249319318685494,0.34114899996658515,0.47876998094191575,0.649464952827202,0.5512049197922698,0.06890796694126601,apartment_2/seq_0008
apartment_2,seq_0008,23,spaced0.3,9,3.2999999999999994,1.0,subset,0.3,58243,45468,0.97263148672244,0.48722552891993887,0.7299285078211895,0.14609480967669936,0.4939297967801531,0.22549314175192417,0.2511546451934138,0.6140362452713997,0.35649486608483033,0.4780145253506859,0.7241356558458696,0.5758803970301524,0.06844736585569652,apartment_2/seq_0008
apartment_2,seq_0008,23,spaced0.3,9,3.2999999999999994,0.25,fixed,0.3,14560,63172,0.3578070904295437,0.9277080082710727,0.6427575493503082,0.3587225274725275,0.296713733932755,0.32478490080473016,0.5220467032967033,0.38887481795732287,0.44572624967790825,0.7819368131868132,0.5183783954916735,0.6234475270155453,0.09917505212582721,apartment_2/seq_0008
apartment_2,seq_0008,23,spaced0.3,9,3.2999999999999994,0.25,subset,0.3,14560,45468,0.35844470930780375,0.7438520839881997,0.5511483966480017,0.35858516483516484,0.37758423506642036,0.36783953581486106,0.5220467032967033,0.4840987067827923,0.5023570776438497,0.78125,0.6175112166798628,0.6897969893335377,0.10664880254563724,apartment_2/seq_0008
apartment_2,seq_0008,23,random_n0.3,9,3.2999999999999994,1.0,fixed,0.3,55902,63172,0.9513081109861166,0.6248944511700302,0.7881012810780734,0.14868877678795034,0.39183499018552526,0.21557411145720543,0.2582197416908161,0.507107579307288,0.34219394642127854,0.49279095560087294,0.6298676628886215,0.552960770772147,0.06952453037913714,apartment_2/seq_0008
apartment_2,seq_0008,23,random_n0.3,9,3.2999999999999994,1.0,subset,0.3,55902,46987,0.9524959441500617,0.5187423483356287,0.7356191462428452,0.1466673822045723,0.46070189626918084,0.2225003585043959,0.2559479088404708,0.5823100006384745,0.35559706690499,0.4919680870094093,0.6961925639006534,0.5765289796292137,0.06901547863260124,apartment_2/seq_0008
apartment_2,seq_0008,23,random_n0.3,9,3.2999999999999994,0.25,fixed,0.3,13975,63172,0.3477676236876302,0.886057884154554,0.6169127539210921,0.36064400715563505,0.288466409168619,0.32054232720985704,0.5300894454382826,0.3983093775723422,0.4548467573138534,0.7889803220035778,0.541664028366998,0.6423388178813243,0.10072274334922343,apartment_2/seq_0008
apartment_2,seq_0008,23,random_n0.3,9,3.2999999999999994,0.25,subset,0.3,13975,46987,0.3487475720585212,0.7298501359336657,0.5392988539960935,0.3600715563506261,0.35324664268840317,0.35662644968206514,0.5292307692307693,0.4813459041862643,0.5041538555945912,0.7887656529516994,0.622959542000979,0.6961256931103573,0.10766355140186916,apartment_2/seq_0008
apartment_2,seq_0008,23,consec_n0.3,9,1.2,1.0,fixed,0.3,50436,63172,0.8963679516632164,0.6939882954536868,0.7951781235584516,0.15839876278848442,0.3934971189767619,0.2258739695878525,0.26437465302561663,0.49764136009624516,0.34530445460757275,0.5000991355381077,0.6015481542455519,0.5461525021893754,0.07116277001082268,apartment_2/seq_0008
apartment_2,seq_0008,23,consec_n0.3,9,1.2,1.0,subset,0.3,50436,40069,0.9075331387821303,0.515185465960944,0.7113593023715371,0.15205408834959155,0.49292470488407497,0.2324145147481949,0.2514870330716155,0.6064289101300258,0.355533682724925,0.4886985486557221,0.7004916519004717,0.5757350732777644,0.0651033283976051,apartment_2/seq_0008
apartment_2,seq_0008,23,consec_n0.3,9,1.2,0.25,fixed,0.3,12609,63172,0.4041667619288866,0.9789412496352964,0.6915540057820915,0.3641050043619637,0.2649433293231178,0.30670836218178765,0.5239908002220636,0.34793896029886656,0.4181915160838451,0.7515266872868586,0.46686823276135,0.5759445161716935,0.09279070505698232,apartment_2/seq_0008
apartment_2,seq_0008,23,consec_n0.3,9,1.2,0.25,subset,0.3,12609,40069,0.4136517860356756,0.7623426928927781,0.5879972394642269,0.3586327226584186,0.3515186303626245,0.3550400430438121,0.5055119359187882,0.451820609448701,0.4771606524308517,0.739868348005393,0.5731363398138212,0.6459161050280966,0.09425660027790644,apartment_2/seq_0008
apartment_2,seq_0008,23,spaced0.5,6,2.9999999999999996,1.0,fixed,0.5,43350,63172,0.846509435784701,0.6482014075286503,0.7473554216566756,0.17423298731257209,0.38099157854745774,0.23911514350390073,0.28385236447520185,0.49477616665611346,0.36074553956366295,0.5200692041522491,0.6200056987272843,0.5656573432018251,0.07324022530386376,apartment_2/seq_0008
apartment_2,seq_0008,23,spaced0.5,6,2.9999999999999996,1.0,subset,0.5,43350,39050,0.8504752960797798,0.46226970041389515,0.6563724982468375,0.1713033448673587,0.5056338028169014,0.2559078401793895,0.28126874279123415,0.629449423815621,0.38880183700939425,0.5186159169550173,0.7398463508322664,0.6097856144981455,0.07394987960403103,apartment_2/seq_0008
apartment_2,seq_0008,23,spaced0.5,6,2.9999999999999996,0.25,fixed,0.5,10837,63172,0.2880671075611566,0.9798828323234501,0.6339749699423034,0.4417274153363477,0.2843031722915216,0.3459482495870468,0.5890929223954969,0.37489710631292344,0.4581981667411956,0.8303035895543047,0.5009814474767302,0.6249100419061399,0.09876501665713228,apartment_2/seq_0008
apartment_2,seq_0008,23,spaced0.5,6,2.9999999999999996,0.25,subset,0.5,10837,39050,0.28937533212395944,0.7037691819875135,0.4965722570557365,0.44080465073359787,0.4013828425096031,0.4201711023315121,0.5878010519516471,0.5118565941101152,0.5472063883588267,0.8295653778721048,0.6438156209987196,0.7249817247854865,0.11152132910630443,apartment_2/seq_0008
apartment_2,seq_0008,23,random_n0.5,6,1.9499999999999995,1.0,fixed,0.5,41745,63172,1.007801923392836,0.8177161676020093,0.9127590454974226,0.1555635405437777,0.32650541379092,0.21072644367287702,0.24937118217750628,0.43163110238713354,0.3161115923000785,0.4706911007306264,0.5539637814221491,0.5089436972079238,0.06663981607343637,apartment_2/seq_0008
apartment_2,seq_0008,23,random_n0.5,6,1.9499999999999995,1.0,subset,0.5,41745,34165,1.0168757717680952,0.539051234809059,0.7779635032885771,0.15089232243382442,0.471330308795551,0.2286002512865678,0.24172954844891603,0.5999414605590516,0.3446087053126713,0.46503772906934965,0.7136543246012,0.5631261963963721,0.06586882774217867,apartment_2/seq_0008
apartment_2,seq_0008,23,random_n0.5,6,1.9499999999999995,0.25,fixed,0.5,10436,63172,0.36525627441928116,1.0845469029644443,0.7249015886918627,0.38779225756995017,0.2365130120939657,0.29382393313438687,0.5380413951705635,0.3101690622427658,0.39349619785817214,0.7656190111153699,0.43239093269169887,0.5526610526297664,0.08713678959077732,apartment_2/seq_0008
apartment_2,seq_0008,23,random_n0.5,6,1.9499999999999995,0.25,subset,0.5,10436,34165,0.3687031460758854,0.7282103614029937,0.5484567537394396,0.3847259486393254,0.3764086052978194,0.3805218328352699,0.5345917976236105,0.47943802136689595,0.5055149836654567,0.7633192794174013,0.6066149568271623,0.6760045547857444,0.10028328611898017,apartment_2/seq_0008
apartment_2,seq_0008,23,consec_n0.5,6,0.7500000000000003,1.0,fixed,0.5,37906,63172,0.832107658693577,0.7818985496375942,0.8070031041655856,0.17451063156228566,0.3456911289811942,0.23193607488356616,0.28794913733973515,0.45433103273602227,0.35249285705599975,0.529388487310716,0.5555625910213385,0.5421598181539298,0.07207482138369296,apartment_2/seq_0008
apartment_2,seq_0008,23,consec_n0.5,6,0.7500000000000003,1.0,subset,0.5,37906,33917,0.8442338509984775,0.5294098300483696,0.6868218405234235,0.16688650873212685,0.4715334493027096,0.2465229042863116,0.2718566981480504,0.5970162455405844,0.3735940137907461,0.5150371972774759,0.6950201963617065,0.5916434309100415,0.06670359883458492,apartment_2/seq_0008
apartment_2,seq_0008,23,consec_n0.5,6,0.7500000000000003,0.25,fixed,0.5,9476,63172,0.3424214701231902,1.0296797755981346,0.6860506228606624,0.3953144786829886,0.237272842398531,0.2965515965070024,0.5684888138455044,0.32878490470461597,0.41661877891142934,0.7988602785985648,0.45763946052048377,0.5819181262789779,0.08528718091009989,apartment_2/seq_0008
apartment_2,seq_0008,23,consec_n0.5,6,0.7500000000000003,0.25,subset,0.5,9476,33917,0.3518709528519016,0.7274844239140502,0.5396776883829759,0.3918319966230477,0.35174101483032105,0.3707057195790247,0.5474883917264669,0.4702361647551375,0.5059302930911751,0.7878851836217814,0.6011439691010407,0.6819618228312481,0.09160411453989435,apartment_2/seq_0008
apartment_2,seq_0008,23,spaced1.0,4,3.1500000000000004,1.0,fixed,1.0,33127,63172,0.8769856325208213,0.6432322089168804,0.7601089207188508,0.1982069007154285,0.34518457544481734,0.251818322058154,0.3210372203942404,0.4727410878237194,0.38239262330510365,0.5391976333504392,0.6223168492370037,0.5777831913988778,0.0791773879908075,apartment_2/seq_0008
apartment_2,seq_0008,23,spaced1.0,4,3.1500000000000004,1.0,subset,1.0,33127,32290,0.8836761602768126,0.393170962117655,0.6384235611972338,0.19204878196033448,0.5014865283369464,0.27773604460123164,0.31409424336643826,0.654629916382781,0.4245078151545503,0.5342168020044072,0.7905233818519666,0.6375753949477125,0.08109271298162955,apartment_2/seq_0008
apartment_2,seq_0008,23,spaced1.0,4,3.1500000000000004,0.25,fixed,1.0,8281,63172,0.2533718003410981,1.0192190358596818,0.6362954181003899,0.46854244656442456,0.23966314189830937,0.3171179575131511,0.6435213138509842,0.3548565820300133,0.45745759163691063,0.8572636155053738,0.49645412524536187,0.6287751804218428,0.09201741654571843,apartment_2/seq_0008
apartment_2,seq_0008,23,spaced1.0,4,3.1500000000000004,0.25,subset,1.0,8281,32290,0.256481847746289,0.6171439689347608,0.4368129083405249,0.4651612124139597,0.38696190771136574,0.42247338652791006,0.638087187537737,0.5508206875193559,0.5912512326826842,0.8532785895423258,0.6994735212139982,0.7687586131349313,0.11272674220687642,apartment_2/seq_0008
apartment_2,seq_0008,23,random_n1.0,4,2.4,1.0,fixed,1.0,31320,63172,1.0496624914664763,0.899960214586529,0.9748113530265026,0.16954022988505746,0.2874216424998417,0.21327613653648136,0.2545338441890166,0.3805958335971633,0.305054303069184,0.45351213282247765,0.5168429050845311,0.483110859556363,0.06263624182549048,apartment_2/seq_0008
apartment_2,seq_0008,23,random_n1.0,4,2.4,1.0,subset,1.0,31320,28026,1.0598269938939449,0.4987877861793929,0.7793073900366689,0.16289910600255428,0.4854064083351174,0.24393520714221914,0.2466794380587484,0.6142867337472347,0.3520043208430708,0.4496168582375479,0.7410261899664597,0.5596603749663392,0.06621048573631458,apartment_2/seq_0008
apartment_2,seq_0008,23,random_n1.0,4,2.4,0.25,fixed,1.0,7830,63172,0.3225843919867626,1.2201446995145864,0.7713645457506745,0.441507024265645,0.21123282466915722,0.28575174627103705,0.5693486590038315,0.2749635914645729,0.3708347284748779,0.7890166028097063,0.37950357753435066,0.5125022717401737,0.07157057654075547,apartment_2/seq_0008
apartment_2,seq_0008,23,random_n1.0,4,2.4,0.25,subset,1.0,7830,28026,0.3246652666020255,0.7002822178072236,0.5124737422046245,0.4379310344827586,0.4067651466495397,0.4217731426818514,0.5674329501915709,0.51669877970456,0.5408787601046109,0.7876117496807152,0.630057803468208,0.7000798287405338,0.09377304815087978,apartment_2/seq_0008
apartment_2,seq_0008,23,consec_n1.0,4,0.4500000000000005,1.0,fixed,1.0,28697,63172,0.8200744936285096,0.8311816543821007,0.8256280740053051,0.18012335784228317,0.29557398847590705,0.22383887447421252,0.30128584869498554,0.42105679731526624,0.3512417693420307,0.5468864341220336,0.5401760273538909,0.5435105191594699,0.06948973110311243,apartment_2/seq_0008
apartment_2,seq_0008,23,consec_n1.0,4,0.4500000000000005,1.0,subset,1.0,28697,28061,0.8334717188173906,0.5199055352524921,0.6766886270349413,0.16928598808237794,0.44310609030326786,0.2449791725590235,0.28271247865630555,0.6057517551049499,0.38550472518434853,0.5314144335644841,0.7193970279034959,0.6112799184661073,0.06589197442998007,apartment_2/seq_0008
apartment_2,seq_0008,23,consec_n1.0,4,0.4500000000000005,0.25,fixed,1.0,7174,63172,0.2893415351034929,1.0723466567781723,0.6808440959408326,0.41901310287148036,0.20232064838852656,0.2728807262902763,0.6122107610816838,0.2975052238333439,0.4004236542590831,0.8335656537496515,0.4369182549230672,0.5733249328290748,0.07862033040631046,apartment_2/seq_0008
apartment_2,seq_0008,23,consec_n1.0,4,0.4500000000000005,0.25,subset,1.0,7174,28061,0.2982569251320462,0.6715123566781115,0.4848846409050789,0.4117647058823529,0.3451409429457254,0.3755206717773741,0.5893504321159744,0.48754499126902107,0.5336355695099892,0.8270142180094787,0.6345818039271587,0.7181302719235436,0.09360921074587018,apartment_2/seq_0008
apartment_2,seq_0002,24,all,24,3.4499999999999993,1.0,fixed,0.0,96801,62100,1.0931215585460639,0.6423297041116199,0.867725631328842,0.11980248137932459,0.4930756843800322,0.19276813499579198,0.21884071445542919,0.5831884057971014,0.318256193357607,0.4339727895372982,0.6614975845410628,0.5241071941849429,0.06311803449327902,apartment_2/seq_0002
apartment_2,seq_0002,24,all,24,3.4499999999999993,1.0,subset,0.0,96801,62100,1.0931215585460639,0.6423297041116199,0.867725631328842,0.11980248137932459,0.4930756843800322,0.19276813499579198,0.21884071445542919,0.5831884057971014,0.318256193357607,0.4339727895372982,0.6614975845410628,0.5241071941849429,0.06311803449327902,apartment_2/seq_0002
apartment_2,seq_0002,24,all,24,3.4499999999999993,0.25,fixed,0.0,24200,62100,0.3738480134269865,0.87858082795546,0.6262144206912232,0.31322314049586775,0.39312399355877614,0.3486544389581433,0.5161157024793388,0.48764895330112723,0.5014786696202848,0.7888842975206611,0.5718357487922705,0.6630493086444131,0.11832963604007703,apartment_2/seq_0002
apartment_2,seq_0002,24,all,24,3.4499999999999993,0.25,subset,0.0,24200,62100,0.3738480134269865,0.87858082795546,0.6262144206912232,0.31322314049586775,0.39312399355877614,0.3486544389581433,0.5161157024793388,0.48764895330112723,0.5014786696202848,0.7888842975206611,0.5718357487922705,0.6630493086444131,0.11832963604007703,apartment_2/seq_0002
apartment_2,seq_0002,24,spaced0.3,9,3.1500000000000004,1.0,fixed,0.3,54572,62100,0.8987890954507428,0.839146042855735,0.8689675691532389,0.15856116689877592,0.4194363929146538,0.2301266597797692,0.2810415597742432,0.5230434782608696,0.3656253953422305,0.5179579271421242,0.5928019323671497,0.5528584013296729,0.07641810430019483,apartment_2/seq_0002
apartment_2,seq_0002,24,spaced0.3,9,3.1500000000000004,1.0,subset,0.3,54572,45351,0.9022622969037333,0.6396837892703965,0.7709730430870649,0.15603239756651763,0.5079050076073295,0.23872622766979384,0.2789892252437147,0.6251019823157152,0.38579452224815003,0.5166019203987393,0.6968975325792155,0.5933560213283525,0.07608180903332741,apartment_2/seq_0002
apartment_2,seq_0002,24,spaced0.3,9,3.1500000000000004,0.25,fixed,0.3,13643,62100,0.2904693041109114,0.9225902447247091,0.6065297744178102,0.39573407608297295,0.3369243156199678,0.36396889535885113,0.6174595030418529,0.45296296296296296,0.5225717786947458,0.8451220406069047,0.5543156199677939,0.6695037029303357,0.11501183898973955,apartment_2/seq_0002
apartment_2,seq_0002,24,spaced0.3,9,3.1500000000000004,0.25,subset,0.3,13643,45351,0.2916841896712239,0.710057183492027,0.5008706865816255,0.3928021696107894,0.4223060130978369,0.4070201273977647,0.6157736568203475,0.5578267292893211,0.5853696181973153,0.8440958733416404,0.6611761592908646,0.741521871808465,0.1250575200877845,apartment_2/seq_0002
apartment_2,seq_0002,24,random_n0.3,9,3.3,1.0,fixed,0.3,53042,62100,0.8099921556171578,0.6647135091959088,0.7373528324065333,0.17767052524414614,0.44829307568438004,0.25448274021687717,0.298405037517439,0.5593558776167472,0.3891867971618028,0.5417405075223408,0.6536553945249597,0.5924591251621268,0.08442670537010159,apartment_2/seq_0002
apartment_2,seq_0002,24,random_n0.3,9,3.3,1.0,subset,0.3,53042,44844,0.8132605432503192,0.5248049424989971,0.6690327428746581,0.17361713359224765,0.5331816965480332,0.26194009919385,0.2948229704762264,0.6478012666131479,0.4052233884646908,0.539930621017307,0.731045401837481,0.6211191882587621,0.08277278090188928,apartment_2/seq_0002
apartment_2,seq_0002,24,random_n0.3,9,3.3,0.25,fixed,0.3,13260,62100,0.24303023091295683,0.9461563410803796,0.5945932859966683,0.4264705882352941,0.3355394524959742,0.3755795856568554,0.632579185520362,0.4425442834138486,0.520766796461319,0.8683257918552036,0.5276972624798711,0.6564549802809727,0.12291472469544534,apartment_2/seq_0002
apartment_2,seq_0002,24,random_n0.3,9,3.3,0.25,subset,0.3,13260,44844,0.24401737980255012,0.7413228046626806,0.4926700922326154,0.4237556561085973,0.4183391312104183,0.4210299735647546,0.6303921568627451,0.5416555169030417,0.5826646769069009,0.8671191553544495,0.6316564088841317,0.7308917823518032,0.13444513830217095,apartment_2/seq_0002
apartment_2,seq_0002,24,consec_n0.3,9,1.2,1.0,fixed,0.3,47022,62100,0.8208922566765045,0.8855918924471902,0.8532420745618473,0.1663689336906129,0.3844122383252818,0.23223108354892447,0.27268087278295267,0.4671175523349436,0.3443479129943547,0.5029135298370976,0.5620772946859903,0.5308520407927511,0.07453231558530939,apartment_2/seq_0002
apartment_2,seq_0002,24,consec_n0.3,9,1.2,1.0,subset,0.3,47022,42044,0.8295549016803104,0.7266646475479599,0.7781097746141352,0.15888307600697546,0.4642755208828846,0.23674718840684192,0.2611543532814427,0.5563219484349728,0.3554498114618312,0.4940240738377781,0.6510322519265531,0.5617638155605169,0.06830453563714903,apartment_2/seq_0002
apartment_2,seq_0002,24,consec_n0.3,9,1.2,0.25,fixed,0.3,11755,62100,0.27728891195672284,0.9712167887058066,0.6242528503312648,0.4230540195661421,0.3068760064412238,0.35571937968764955,0.5897915780518929,0.4005475040257649,0.47708819889949167,0.8433857932794555,0.5331239935587762,0.6532887837385503,0.10333674378692366,apartment_2/seq_0002
apartment_2,seq_0002,24,consec_n0.3,9,1.2,0.25,subset,0.3,11755,42044,0.2845285992221413,0.8022066189316013,0.5433676090768713,0.4084219481071884,0.3757016458947769,0.3913791124184366,0.5703955763504892,0.48332699077157265,0.5232640660242469,0.8377711612079966,0.6242745694986205,0.7154348458699882,0.105352356928898,apartment_2/seq_0002
apartment_2,seq_0002,24,spaced0.5,6,3.0,1.0,fixed,0.5,41843,62100,0.792318986703603,0.8458802388883424,0.8190996127959727,0.19506249551896374,0.41483091787439613,0.26535113277838523,0.32509619291159814,0.5222866344605475,0.4007477871561049,0.5576798986688335,0.590450885668277,0.5735977025971369,0.08869958692559518,apartment_2/seq_0002
apartment_2,seq_0002,24,spaced0.5,6,3.0,1.0,subset,0.5,41843,38893,0.7988182700281595,0.5701033343832815,0.6844608022057206,0.18982864517362522,0.5471678708250842,0.2818687289464603,0.32072270152713717,0.6733859563417581,0.43450011501025676,0.5549076309060058,0.7365335664515466,0.6329488284540495,0.08894631387749752,apartment_2/seq_0002
apartment_2,seq_0002,24,spaced0.5,6,3.0,0.25,fixed,0.5,10460,62100,0.25376276783742724,0.948944138112363,0.6013534529748952,0.4650095602294455,0.32059581320450886,0.3795292729681495,0.6687380497131931,0.44438003220611916,0.5339484478710456,0.8576481835564054,0.5413526570048309,0.6637453094844004,0.11638005905853743,apartment_2/seq_0002
apartment_2,seq_0002,24,spaced0.5,6,3.0,0.25,subset,0.5,10460,38893,0.25521945521146566,0.6466053464183364,0.450912400814901,0.45879541108986616,0.4408505386573419,0.44964400533191373,0.6652963671128107,0.5982824672820302,0.6300123762054823,0.857074569789675,0.6973491373769058,0.7690055281001473,0.13331357690190931,apartment_2/seq_0002
apartment_2,seq_0002,24,random_n0.5,6,1.9500000000000002,1.0,fixed,0.5,42314,62100,0.9116029607052281,0.8109822662248339,0.8612926134650309,0.1660916008885948,0.37666666666666665,0.23053050835993993,0.29276362433237224,0.5059259259259259,0.3708993254510067,0.5206314694900033,0.6027536231884058,0.558690882808142,0.07441610557952885,apartment_2/seq_0002
apartment_2,seq_0002,24,random_n0.5,6,1.9500000000000002,1.0,subset,0.5,42314,36010,0.9196092482153865,0.5627319626612056,0.741170605438296,0.15770194261946402,0.4898639266870314,0.23859346676339313,0.28361771517700995,0.6487642321577339,0.39469024414108195,0.5141797041168408,0.7485420716467648,0.6096119482624571,0.07092026825633382,apartment_2/seq_0002
apartment_2,seq_0002,24,random_n0.5,6,1.9500000000000002,0.25,fixed,0.5,10578,62100,0.30706130434322376,0.9700999726765444,0.638580638509884,0.3983739837398374,0.28531400966183573,0.3324957575465119,0.605218377765173,0.40650563607085344,0.48634741935674913,0.819909245604084,0.5416747181964573,0.6523638958255562,0.09797446808510639,apartment_2/seq_0002
apartment_2,seq_0002,24,random_n0.5,6,1.9500000000000002,0.25,subset,0.5,10578,36010,0.3106879999647196,0.6880350627330094,0.4993615313488645,0.3929854414823218,0.3934740349902805,0.39322958646521616,0.5983172622423899,0.5467925576228825,0.5713957219053954,0.8175458498771034,0.6931130241599556,0.7502046770935518,0.11302731673582296,apartment_2/seq_0002
apartment_2,seq_0002,24,consec_n0.5,6,0.7500000000000003,1.0,fixed,0.5,37781,62100,0.7701314935630839,0.897870330220059,0.8340009118915714,0.18848098250443346,0.37115942028985505,0.2500051527828033,0.3022683359360525,0.46119162640901773,0.3651890926515606,0.5396098568063312,0.5614975845410628,0.5503361794023368,0.07903667810021597,apartment_2/seq_0002
apartment_2,seq_0002,24,consec_n0.5,6,0.7500000000000003,1.0,subset,0.5,37781,34878,0.787082453074511,0.6520712058564051,0.7195768294654581,0.17625261374765094,0.4928034864384426,0.2596431077291474,0.28239061962362033,0.5978553816159183,0.38359447568542215,0.524522908340171,0.6979758013647571,0.5989442677960286,0.07213520197856554,apartment_2/seq_0002
apartment_2,seq_0002,24,consec_n0.5,6,0.7500000000000003,0.25,fixed,0.5,9445,62100,0.3101009314585196,0.9919410842182458,0.6510210078383827,0.45442032821598727,0.2778582930756844,0.34485359278758587,0.6009528851244045,0.3773107890499195,0.46356828583969095,0.8215987294865008,0.5289855072463768,0.6435938001494008,0.09504204933319259,apartment_2/seq_0002
apartment_2,seq_0002,24,consec_n0.5,6,0.7500000000000003,0.25,subset,0.5,9445,34878,0.3177166088691125,0.7282985105821187,0.5230075597256156,0.4379036527263102,0.3845690693273697,0.4095070770578618,0.5813658020116463,0.5019496530764379,0.5387467911763953,0.8160931709899417,0.6735191238029703,0.7379831106229516,0.10435512449874103,apartment_2/seq_0002
apartment_2,seq_0002,24,spaced1.0,4,3.1500000000000004,1.0,fixed,1.0,32473,62100,0.8050276696713679,0.8801661687756164,0.8425969192234921,0.20958950512733657,0.3789049919484702,0.2698904072930611,0.34219197487143166,0.49107890499194845,0.4033340522938873,0.570350752933206,0.5799033816425121,0.5750874009599951,0.09061612519889625,apartment_2/seq_0002
apartment_2,seq_0002,24,spaced1.0,4,3.1500000000000004,1.0,subset,1.0,32473,32564,0.8101404420192221,0.4907611253678183,0.6504507836935202,0.20450836079204263,0.5534332391598084,0.29865552848819193,0.3370184460936778,0.6924210784915859,0.4533703444303974,0.567332861146183,0.7790504851983786,0.6565454659624229,0.09464683143961579,apartment_2/seq_0002
apartment_2,seq_0002,24,spaced1.0,4,3.1500000000000004,0.25,fixed,1.0,8118,62100,0.21878075135539937,0.9886827253989477,0.6037317383771735,0.5092387287509239,0.28932367149758453,0.369000139814071,0.7170485341217049,0.4075040257648953,0.5196736457616121,0.8835920177383592,0.5246859903381642,0.6584045908877902,0.11392357735736185,apartment_2/seq_0002
apartment_2,seq_0002,24,spaced1.0,4,3.1500000000000004,0.25,subset,1.0,8118,32564,0.22021569510023856,0.5626634004110816,0.3914395477556601,0.505789603350579,0.45412111534209554,0.47856479634860416,0.7143385070214339,0.6174917086353028,0.6623938998517874,0.8818674550381868,0.741954305367891,0.8058832206630635,0.1463564620272625,apartment_2/seq_0002
apartment_2,seq_0002,24,random_n1.0,4,2.5500000000000003,1.0,fixed,1.0,33566,62100,0.9704965532601209,0.8974800096652411,0.933988281462681,0.16975510933682894,0.33774557165861513,0.2259466384655066,0.3020914020139427,0.4736714975845411,0.3689067545597216,0.5216886134779241,0.5815942028985507,0.5500150438551015,0.07214113811039516,apartment_2/seq_0002
apartment_2,seq_0002,24,random_n1.0,4,2.5500000000000003,1.0,subset,1.0,33566,30589,0.9809384185260906,0.49255456024567495,0.7367464893858828,0.16180063159149138,0.495537611559711,0.24394837623727783,0.29523923017338977,0.6742946810945111,0.4106679307297497,0.5161174998510397,0.7927032593415934,0.625185719987404,0.07457263003930889,apartment_2/seq_0002
apartment_2,seq_0002,24,random_n1.0,4,2.5500000000000003,0.25,fixed,1.0,8391,62100,0.2982560229278653,0.9839175071326429,0.6410867650302541,0.4005482064116315,0.2543961352657005,0.3111651150012642,0.6340126325825289,0.3798228663446055,0.47505240378940966,0.8223096174472649,0.5253140096618357,0.6410851719057039,0.0842408943382618,apartment_2/seq_0002
apartment_2,seq_0002,24,random_n1.0,4,2.5500000000000003,0.25,subset,1.0,8391,30589,0.30177136675997057,0.5542267567895324,0.42799906177475144,0.39208675962340606,0.41145509823792864,0.40153750453776443,0.6294839709212251,0.5883814443100461,0.6082391097547003,0.8188535335478488,0.7455294386871097,0.7804731016225799,0.11018499695059972,apartment_2/seq_0002
apartment_2,seq_0002,24,consec_n1.0,4,0.44999999999999973,1.0,fixed,1.0,28918,62100,0.7200279933952131,0.9302186188293834,0.8251233061122982,0.21771906770869354,0.34798711755233497,0.26785434835990385,0.32692440694377206,0.43729468599033816,0.37413958169553435,0.5632823846739056,0.5527375201288245,0.5579601351141483,0.08336188436830835,apartment_2/seq_0002
apartment_2,seq_0002,24,consec_n1.0,4,0.44999999999999973,1.0,subset,1.0,28918,29217,0.7413408577358405,0.5964313604736746,0.6688861091047575,0.2037485303271319,0.5064517233117706,0.2905906996729468,0.3047928625769417,0.6135469076222747,0.40726694926618806,0.5411854208451483,0.7325187390902557,0.6224812237586196,0.07947123266283275,apartment_2/seq_0002
apartment_2,seq_0002,24,consec_n1.0,4,0.44999999999999973,0.25,fixed,1.0,7229,62100,0.22780040309683283,1.015364211547806,0.6215823073223194,0.5489002628302669,0.26181964573268923,0.35453149932271716,0.6821137086733988,0.3590499194847021,0.47045990765517853,0.8775764282750035,0.5151690821256039,0.6492216125248294,0.09426819111077459,apartment_2/seq_0002
apartment_2,seq_0002,24,consec_n1.0,4,0.44999999999999973,0.25,subset,1.0,7229,29217,0.237626453816986,0.6638387108994973,0.45073258235824165,0.5288421635080924,0.40729712153883013,0.4601791515125167,0.6523723889887951,0.5236677276927816,0.5809774032457978,0.8714898326186195,0.6978129171372831,0.7750408421187998,0.11446427566015427,apartment_2/seq_0002
apartment_2,seq_0003,31,all,31,4.500000000000001,1.0,fixed,0.0,122317,60016,1.3501592447228656,0.6134208488449258,0.9817900467838957,0.11089218996541772,0.542821914156225,0.1841621909103028,0.18828126916127766,0.5925086643561717,0.2857574836075684,0.37101138844150855,0.6739702745934417,0.4785742299419745,0.059878909892972926,apartment_2/seq_0003
apartment_2,seq_0003,31,all,31,4.500000000000001,1.0,subset,0.0,122317,60016,1.3501592447228656,0.6134208488449258,0.9817900467838957,0.11089218996541772,0.542821914156225,0.1841621909103028,0.18828126916127766,0.5925086643561717,0.2857574836075684,0.37101138844150855,0.6739702745934417,0.4785742299419745,0.059878909892972926,apartment_2/seq_0003
apartment_2,seq_0003,31,all,31,4.500000000000001,0.25,fixed,0.0,30579,60016,0.45215538917576775,0.8731907128538828,0.6626730510148253,0.31632819909087934,0.4498800319914689,0.37146492181578716,0.4479871807449557,0.51437949880032,0.47889318364480543,0.7005134242453972,0.5926752865902426,0.6420980804985091,0.1376710663040835,apartment_2/seq_0003
apartment_2,seq_0003,31,all,31,4.500000000000001,0.25,subset,0.0,30579,60016,0.45215538917576775,0.8731907128538828,0.6626730510148253,0.31632819909087934,0.4498800319914689,0.37146492181578716,0.4479871807449557,0.51437949880032,0.47889318364480543,0.7005134242453972,0.5926752865902426,0.6420980804985091,0.1376710663040835,apartment_2/seq_0003
apartment_2,seq_0003,31,spaced0.3,14,4.35,1.0,fixed,0.3,77888,60016,1.160194188033667,0.6454304241263941,0.9028123060800306,0.1543241577649959,0.5221440949080245,0.23823571131458868,0.24662335661462614,0.5795121300986403,0.34599948561082317,0.4421348603122432,0.6566415622500666,0.5284498637559408,0.08183271994391868,apartment_2/seq_0003
apartment_2,seq_0003,31,spaced0.3,14,4.35,1.0,subset,0.3,77888,47864,1.1637629579385937,0.538857390154241,0.8513101740464173,0.15310445768282663,0.592198729734247,0.243305722790858,0.24553204601479048,0.6517424369045629,0.3566882978488215,0.4404786359901397,0.7203535015878322,0.5466773662420533,0.0799304659900185,apartment_2/seq_0003
apartment_2,seq_0003,31,spaced0.3,14,4.35,0.25,fixed,0.3,19472,60016,0.31812185096712753,0.9033695677423811,0.6107457093547544,0.41731717337715696,0.41167355371900827,0.41447615317467024,0.5487880032867708,0.4850206611570248,0.5149376849775164,0.7860004108463434,0.5836610237270061,0.6698849699120389,0.1514710498530377,apartment_2/seq_0003
apartment_2,seq_0003,31,spaced0.3,14,4.35,0.25,subset,0.3,19472,47864,0.31941182561344045,0.760721458827312,0.5400666422203763,0.415930566967954,0.4775196389771018,0.4446023132715979,0.5467851273623665,0.5568276784221963,0.5517607107658125,0.7840488907148726,0.6585742938325255,0.7158549093950973,0.15655439860759107,apartment_2/seq_0003
apartment_2,seq_0003,31,random_n0.3,14,4.500000000000001,1.0,fixed,0.3,80750,60016,1.2224554185369998,0.7837590622891643,1.003107240413082,0.14937461300309599,0.5142462010130632,0.2315036708983277,0.2328049535603715,0.5673986936816848,0.33014902390921685,0.4214860681114551,0.614786057051453,0.5001075521077551,0.07910468363435585,apartment_2/seq_0003
apartment_2,seq_0003,31,random_n0.3,14,4.500000000000001,1.0,subset,0.3,80750,47277,1.2246598929281736,0.6356972741354877,0.9301785835318306,0.14824767801857586,0.5941789876684223,0.23729119472766327,0.23173993808049537,0.6520083761660004,0.3419443710045468,0.42073065015479877,0.6985214797893268,0.5251531598220446,0.07776217381364513,apartment_2/seq_0003
apartment_2,seq_0003,31,random_n0.3,14,4.500000000000001,0.25,fixed,0.3,20187,60016,0.36906488822549965,0.8709553922266136,0.6200101402260566,0.40288304354287413,0.42670287923220473,0.4144509928483623,0.5274186357556844,0.5055318581711543,0.5162433718465328,0.7563778669440729,0.5920921087709944,0.6642274197156508,0.15108195986097095,apartment_2/seq_0003
apartment_2,seq_0003,31,random_n0.3,14,4.500000000000001,0.25,subset,0.3,20187,47277,0.3704771637558595,0.7099654292468834,0.5402212965013715,0.40179323326893546,0.5010047168813588,0.44594763434107726,0.5257343835141428,0.5864585316327178,0.5544387316004863,0.7551394461782335,0.6766080758085327,0.713720037645713,0.15777583662158498,apartment_2/seq_0003
apartment_2,seq_0003,31,consec_n0.3,14,1.9499999999999995,1.0,fixed,0.3,68808,60016,0.9358054418198287,0.6712001963774772,0.803502819098653,0.15043308917567724,0.4746900826446281,0.22846408116772168,0.2329089640739449,0.5565182617968542,0.3283851572267704,0.44746250435995816,0.6547420687816582,0.5316118857532961,0.07837054671812815,apartment_2/seq_0003
apartment_2,seq_0003,31,consec_n0.3,14,1.9499999999999995,1.0,subset,0.3,68808,44634,0.9475066024938872,0.5899790904699228,0.768742846481905,0.1479043134519242,0.5305820674821885,0.23132483901243198,0.22790954540169747,0.6115069229735179,0.3320598774876271,0.4372020695267992,0.6921853295693866,0.5359097486407353,0.07265220065009224,apartment_2/seq_0003
apartment_2,seq_0003,31,consec_n0.3,14,1.9499999999999995,0.25,fixed,0.3,17202,60016,0.39855253487180115,1.00849330378058,0.7035229193261906,0.3767585164515754,0.3524560117302053,0.3642022997676994,0.4848854784327404,0.4236870167955212,0.4522251838429777,0.7293337983955354,0.520777792588643,0.6076591055198437,0.12609042789129726,apartment_2/seq_0003
apartment_2,seq_0003,31,consec_n0.3,14,1.9499999999999995,0.25,subset,0.3,17202,44634,0.402938857446541,0.8448992165122985,0.6239190369794197,0.3724566910824323,0.4069095308509208,0.3889215959467104,0.47936286478316475,0.4828830039879912,0.48111649560500047,0.7243925124985466,0.5827396155397231,0.6458906566190654,0.1260599208592425,apartment_2/seq_0003
apartment_2,seq_0003,31,spaced0.5,8,4.2,1.0,fixed,0.5,54250,60016,1.0510532358494138,0.7288139766344186,0.8899336062419162,0.1976405529953917,0.4988003199146894,0.2831056444182758,0.2894193548387097,0.561766862170088,0.38202263986460383,0.4817142857142857,0.6182018128499067,0.5414897465234064,0.10098478853424778,apartment_2/seq_0003
apartment_2,seq_0003,31,spaced0.5,8,4.2,1.0,subset,0.5,54250,39071,1.0580699235276683,0.5051302968290042,0.7816001101783363,0.19498617511520738,0.6303908269560544,0.29784570170338015,0.28597235023041473,0.6973970464027027,0.40561822055143254,0.4787465437788018,0.7489186353049576,0.5841042237450693,0.10042738387839129,apartment_2/seq_0003
apartment_2,seq_0003,31,spaced0.5,8,4.2,0.25,fixed,0.5,13562,60016,0.3097331902137555,0.9211032993678222,0.6154182447907889,0.487612446541808,0.3828645694481472,0.4289361487401784,0.5983630732930246,0.45857771260997066,0.5192267591917323,0.7924347441380327,0.5661656891495601,0.6604581480005948,0.15052613996993486,apartment_2/seq_0003
apartment_2,seq_0003,31,spaced0.5,8,4.2,0.25,subset,0.5,13562,39071,0.3119158653175587,0.6458148925034527,0.47886537891050573,0.48525291254977143,0.5106344859358604,0.4976202569196511,0.5951924494912255,0.5953520513936168,0.5952722397444727,0.7909600353930099,0.707353279926288,0.7468240048399073,0.16785672018620063,apartment_2/seq_0003
apartment_2,seq_0003,31,random_n0.5,8,4.500000000000001,1.0,fixed,0.5,55711,60016,1.1271524222085598,0.6811210547142927,0.9041367384614263,0.1822261312846655,0.4561783524393495,0.2604230341739634,0.2837859668647125,0.5460377232737936,0.3734717267905326,0.4605015167561164,0.6478605705145295,0.5383453273886176,0.09111889905120096,apartment_2/seq_0003
apartment_2,seq_0003,31,random_n0.5,8,4.500000000000001,1.0,subset,0.5,55711,37682,1.1333606056772723,0.3957896970757849,0.7645751513765285,0.17940801637019618,0.6034446154662704,0.27658539307994523,0.27974726714652404,0.7054827238469296,0.40063105228102175,0.45847319200875947,0.8043362878828088,0.5840415854112406,0.09118779849021723,apartment_2/seq_0003
apartment_2,seq_0003,31,random_n0.5,8,4.500000000000001,0.25,fixed,0.5,13927,60016,0.2813800994828587,0.9287138522496051,0.6050469758662319,0.4650678538091477,0.35888762996534257,0.4051362072670288,0.5977597472535363,0.4394328179152226,0.5065120190659551,0.8198463416385439,0.569414822713943,0.6720588918130014,0.1393126022913257,apartment_2/seq_0003
apartment_2,seq_0003,31,random_n0.5,8,4.500000000000001,0.25,subset,0.5,13927,37682,0.2833483963085254,0.5735888019409343,0.42846859912472984,0.461118690313779,0.4992304017833448,0.47941830929929424,0.5922309183600201,0.5919802558250624,0.5921055605636131,0.8186256911036117,0.7385223714240221,0.7765136806850559,0.16128903282555676,apartment_2/seq_0003
apartment_2,seq_0003,31,consec_n0.5,8,1.0499999999999996,1.0,fixed,0.5,47020,60016,0.9006714292307028,0.7398910174803421,0.8202812233555224,0.1591237771161208,0.3997267395361237,0.22763163570225306,0.23651637601020842,0.4850206611570248,0.3179748873801659,0.44576775840068056,0.6307984537456678,0.522382384950043,0.07379058403049041,apartment_2/seq_0003
apartment_2,seq_0003,31,consec_n0.5,8,1.0499999999999996,1.0,subset,0.5,47020,35561,0.9217273428490139,0.5820265206074119,0.7518769317282129,0.15397703105061675,0.4963583701245747,0.23504114348010577,0.2282007656316461,0.5808891763448721,0.3276752012642948,0.43124202467035305,0.7077135063693372,0.5359222499137806,0.06603478260869565,apartment_2/seq_0003
apartment_2,seq_0003,31,consec_n0.5,8,1.0499999999999996,0.25,fixed,0.5,11755,60016,0.4281054670115354,1.119852246407596,0.7739788567095657,0.3901318587834964,0.295921087709944,0.3365578257234943,0.4830284985112718,0.35327246067715273,0.40808434899288654,0.7133985538068907,0.47577312716608905,0.5708441704275364,0.09649889120354815,apartment_2/seq_0003
apartment_2,seq_0003,31,consec_n0.5,8,1.0499999999999996,0.25,subset,0.5,11755,35561,0.4362907691549082,0.8193011694360918,0.6277959692955,0.3814547001276053,0.3962205787238829,0.38869745805657285,0.47145895363675033,0.45490846714096905,0.4630358648379998,0.7037856231390898,0.5868226427828239,0.6400041751290396,0.09886027859856479,apartment_2/seq_0003
apartment_2,seq_0003,31,spaced1.0,5,4.2,1.0,fixed,1.0,39019,60016,0.9602612015952638,0.8315675065218837,0.8959143540585738,0.23557753914759477,0.44816382298053853,0.30882241853593856,0.3235090596888695,0.5413056518261797,0.4049822004525663,0.5121351136625747,0.6072547320714476,0.5556535507566912,0.10926330604837216,apartment_2/seq_0003
apartment_2,seq_0003,31,spaced1.0,5,4.2,1.0,subset,1.0,39019,32661,0.9677947852790661,0.48410163162990033,0.7259482084544833,0.23124631589738331,0.6218731820826061,0.33712951738294084,0.3193316076783106,0.7324331771837972,0.44475545740523925,0.5092134601091776,0.7923517344845534,0.6199861059842313,0.11019698967949926,apartment_2/seq_0003
apartment_2,seq_0003,31,spaced1.0,5,4.2,0.25,fixed,1.0,9754,60016,0.25784806238285546,0.969103671174505,0.6134758667786803,0.5374205454172647,0.33094508131165024,0.4096354821681377,0.6485544392044289,0.4317848573713676,0.5184222899547268,0.8355546442485134,0.549920021327646,0.6632935833503311,0.13120384047267356,apartment_2/seq_0003
apartment_2,seq_0003,31,spaced1.0,5,4.2,0.25,subset,1.0,9754,32661,0.2598744402631126,0.5728357990794303,0.4163551196712715,0.5339347959811359,0.5028627414959738,0.5179331655059901,0.6459913881484519,0.6267719910596736,0.6362365780968924,0.8351445560795571,0.7506812406233735,0.7906635807805559,0.15873634945397816,apartment_2/seq_0003
apartment_2,seq_0003,31,random_n1.0,5,4.2,1.0,fixed,1.0,38437,60016,0.9560912124793806,0.7781546179474519,0.8671229152134162,0.23068917969664646,0.4357504665422554,0.3016714814203264,0.32484324999349584,0.5195281258331111,0.39974165323509,0.516689647995421,0.6065882431351639,0.5580415466171279,0.10680698611733094,apartment_2/seq_0003
apartment_2,seq_0003,31,random_n1.0,5,4.2,1.0,subset,1.0,38437,33081,0.965942074571869,0.4246546635782733,0.6952983690750711,0.2264744907250826,0.6099271485142529,0.330302892435247,0.31909358170512786,0.7114657960762976,0.44058435452678235,0.5129952909956552,0.7977691121791965,0.624447531315999,0.10878271003284246,apartment_2/seq_0003
apartment_2,seq_0003,31,random_n1.0,5,4.2,0.25,fixed,1.0,9609,60016,0.2747732782433182,0.9486340652085594,0.6117036717259388,0.5248204807992507,0.3403092508664356,0.41288897635337024,0.6328442085544802,0.43645027992535324,0.516611719125962,0.8225621812883754,0.5625833111170354,0.6681749434786779,0.12129459360058845,apartment_2/seq_0003
apartment_2,seq_0003,31,random_n1.0,5,4.2,0.25,subset,1.0,9609,33081,0.2772740905502972,0.5373007892793158,0.40728743991480654,0.5204495785201374,0.5123182491460355,0.5163519034839941,0.6290977208866687,0.6324476285481092,0.6307682270448003,0.8206889374544698,0.764124421873583,0.7913972407909666,0.14672587098663023,apartment_2/seq_0003
apartment_2,seq_0003,31,consec_n1.0,5,0.6000000000000001,1.0,fixed,1.0,32928,60016,0.8452255113902362,0.8179303135721328,0.8315779124811844,0.1852223032069971,0.33404425486536926,0.23830707099225956,0.2512147716229349,0.40960743801652894,0.3114285128295503,0.45429421768707484,0.5724473473740336,0.5065724982641564,0.0759248150369926,apartment_2/seq_0003
apartment_2,seq_0003,31,consec_n1.0,5,0.6000000000000001,1.0,subset,1.0,32928,28596,0.8684736797698974,0.5650626701402135,0.7167681749550554,0.17814625850340135,0.4692264652398937,0.2582467135467696,0.24219509232264333,0.5411596027416422,0.334627980844721,0.4357385811467444,0.6891173590711988,0.5338906246556281,0.06953430501244223,apartment_2/seq_0003
apartment_2,seq_0003,31,consec_n1.0,5,0.6000000000000001,0.25,fixed,1.0,8232,60016,0.3615056165063836,1.2438273027159592,0.8026664596111714,0.44740038872691934,0.2394694748067182,0.3119622560395245,0.5359572400388727,0.28768994934684083,0.3744066955509249,0.7636054421768708,0.40180951746201016,0.5265488171655643,0.08163037824180724,apartment_2/seq_0003
apartment_2,seq_0003,31,consec_n1.0,5,0.6000000000000001,0.25,subset,1.0,8232,28596,0.3690854358403978,0.7930784753420334,0.5810819555912156,0.4367103984450923,0.39096377115680514,0.41257284702169067,0.5257531584062196,0.4491187578682333,0.48442385406089816,0.7509718172983479,0.5687508742481466,0.6472812513720535,0.09249852964765011,apartment_2/seq_0003
apartment_2,seq_0007,30,all,30,4.35,1.0,fixed,0.0,111417,75972,0.9288549516709826,0.5096176881540924,0.7192363199125376,0.16150138668246317,0.6278892223450745,0.25691965151859436,0.2780724664997263,0.6905965355657347,0.396494326940282,0.5101914429575379,0.7592007581740642,0.6102727430686744,0.08775282432573489,apartment_2/seq_0007
apartment_2,seq_0007,30,all,30,4.35,1.0,subset,0.0,111417,75972,0.9288549516709826,0.5096176881540924,0.7192363199125376,0.16150138668246317,0.6278892223450745,0.25691965151859436,0.2780724664997263,0.6905965355657347,0.396494326940282,0.5101914429575379,0.7592007581740642,0.6102727430686744,0.08775282432573489,apartment_2/seq_0007
apartment_2,seq_0007,30,all,30,4.35,0.25,fixed,0.0,27854,75972,0.24770121863195826,0.5923017345823604,0.4200014766071593,0.4129029941839592,0.4930895593113252,0.4494477458010472,0.6123716521864006,0.6077107355341441,0.6100322911237613,0.8841100021540892,0.7269257094719107,0.7978498377524132,0.1649498417828048,apartment_2/seq_0007
apartment_2,seq_0007,30,all,30,4.35,0.25,subset,0.0,27854,75972,0.24770121863195826,0.5923017345823604,0.4200014766071593,0.4129029941839592,0.4930895593113252,0.4494477458010472,0.6123716521864006,0.6077107355341441,0.6100322911237613,0.8841100021540892,0.7269257094719107,0.7978498377524132,0.1649498417828048,apartment_2/seq_0007
apartment_2,seq_0007,30,spaced0.3,11,4.2,1.0,fixed,0.3,66169,75972,0.781971865186277,0.5319742805422426,0.6569730728642598,0.21455666550801736,0.5468198810087928,0.30818876898553654,0.3454941135577083,0.6560443321223609,0.45262257471757167,0.5789418005410388,0.7459853630284842,0.6519333607523383,0.10810346098106163,apartment_2/seq_0007
apartment_2,seq_0007,30,spaced0.3,11,4.2,1.0,subset,0.3,66169,58442,0.7839631444519288,0.39634766812015093,0.5901554062860399,0.21115628164246097,0.6259881592005749,0.3157909808632085,0.3417763605313667,0.7361486602101228,0.4668195005318396,0.5767504420499026,0.8176311556757127,0.676384615572838,0.10664091290314383,apartment_2/seq_0007
apartment_2,seq_0007,30,spaced0.3,11,4.2,0.25,fixed,0.3,16542,75972,0.1942306034254349,0.6299964152513728,0.41211350933840385,0.4975819127070487,0.40021323645553625,0.44361760669339795,0.6796638858662798,0.5476622966356026,0.6065645628369604,0.9200217627856365,0.6967172116042752,0.7929480359377652,0.15542463570127504,apartment_2/seq_0007
apartment_2,seq_0007,30,spaced0.3,11,4.2,0.25,subset,0.3,16542,58442,0.19635745889154252,0.4757963161196889,0.3360768875056157,0.49413613831459313,0.47630129016802986,0.48505482845173087,0.6742836416394632,0.6355703090243319,0.6543548802057919,0.9180268407689518,0.7773176824886212,0.8418330156960732,0.16321460733472037,apartment_2/seq_0007
apartment_2,seq_0007,30,random_n0.3,11,3.7500000000000004,1.0,fixed,0.3,66242,75972,0.8220913037228967,0.6016113389669354,0.711851321344916,0.1890341475197005,0.4928131416837782,0.2732533034883058,0.3137133540653966,0.5928105091349445,0.4102982407752438,0.5528667612692854,0.7108145106091718,0.6219696771473604,0.09336933620710532,apartment_2/seq_0007
apartment_2,seq_0007,30,random_n0.3,11,3.7500000000000004,1.0,subset,0.3,66242,56779,0.8244934022956676,0.48181065009493573,0.6531520261953017,0.18589414570816098,0.5717782983145177,0.280570420999663,0.3102110443525256,0.6707937793902675,0.42423367105560833,0.5514628181516259,0.7779812959016538,0.6454242842884721,0.09115959818632731,apartment_2/seq_0007
apartment_2,seq_0007,30,random_n0.3,11,3.7500000000000004,0.25,fixed,0.3,16560,75972,0.24557850563870678,0.6885739016386037,0.4670762036386552,0.4514492753623188,0.3703996209129679,0.4069279431133433,0.6361714975845411,0.4845074501131996,0.5500769524806216,0.883816425120773,0.6520428578950139,0.7504413901236027,0.13459228426963155,apartment_2/seq_0007
apartment_2,seq_0007,30,random_n0.3,11,3.7500000000000004,0.25,subset,0.3,16560,56779,0.24735100837679874,0.5555854719052493,0.401468240141024,0.4486111111111111,0.4508180841508304,0.44971188995257666,0.6331521739130435,0.5722538262385741,0.601164676577745,0.8821256038647343,0.7301819334613149,0.7989941919566006,0.13881536917039336,apartment_2/seq_0007
apartment_2,seq_0007,30,consec_n0.3,11,1.5000000000000004,1.0,fixed,0.3,55174,75972,1.0014294797158045,0.8471013756448361,0.9242654276803204,0.18345597564070032,0.3887748117727584,0.24928075862778554,0.28332185449668323,0.4693439688306218,0.35334513544957236,0.49688258962554827,0.5599431369451904,0.5265314591293803,0.0880264766063802,apartment_2/seq_0007
apartment_2,seq_0007,30,consec_n0.3,11,1.5000000000000004,1.0,subset,0.3,55174,46892,1.0110357169604842,0.676934644578146,0.8439851807693151,0.16931888208214013,0.4773735391964514,0.24997464430626887,0.2651973755754522,0.554870766868549,0.3588732778194125,0.48850908036393953,0.6454619124797407,0.5561235821115827,0.07914600920094689,apartment_2/seq_0007
apartment_2,seq_0007,30,consec_n0.3,11,1.5000000000000004,0.25,fixed,0.3,13793,75972,0.27000361705105513,1.0347213263334434,0.6523624716922493,0.4494308707315305,0.29050176380771864,0.3528982357656045,0.5973319799898499,0.35947454325277733,0.44883816207569527,0.8431088233161749,0.47087084715421473,0.6042640914466517,0.12321937321937322,apartment_2/seq_0007
apartment_2,seq_0007,30,consec_n0.3,11,1.5000000000000004,0.25,subset,0.3,13793,46892,0.28073222410428145,0.8393566666793189,0.5600444453918001,0.427680707605307,0.38140834257442635,0.40322135073404297,0.57137678532589,0.45939605902925873,0.5093037614193906,0.8331762488218661,0.5704384543205664,0.677216860852909,0.12979040284790586,apartment_2/seq_0007
apartment_2,seq_0007,30,spaced0.5,8,4.2,1.0,fixed,0.5,52912,75972,0.7334741275325223,0.5630515773080744,0.6482628524202984,0.24041805261566374,0.5102669404517454,0.32684117911105076,0.37093664953129724,0.6455009740430685,0.4711355877180525,0.6043619594798911,0.7396014321065656,0.6651773010192192,0.11462376180269941,apartment_2/seq_0007
apartment_2,seq_0007,30,spaced0.5,8,4.2,1.0,subset,0.5,52912,52732,0.7399988744145087,0.3717490391827671,0.5558739567986379,0.23584442092530994,0.6113365698247744,0.34037666301538144,0.36515346235258545,0.755897747098536,0.4924283158709424,0.6006576957967947,0.8386179170143366,0.6999664292287843,0.11387659783677483,apartment_2/seq_0007
apartment_2,seq_0007,30,spaced0.5,8,4.2,0.25,fixed,0.5,13228,75972,0.19068318043607319,0.6484291992070856,0.4195561898215794,0.523661929241004,0.3773627125783183,0.4386350315422482,0.6933020864832175,0.5246143315958511,0.5972761435765278,0.9188085878439674,0.6878586847786027,0.7867347241921511,0.1425988354275207,apartment_2/seq_0007
apartment_2,seq_0007,30,spaced0.5,8,4.2,0.25,subset,0.5,13228,52732,0.19327433148726306,0.4410812838876834,0.3171778076874732,0.520260054429997,0.4730524159902905,0.4955344526928503,0.6887662534018748,0.6395168019418949,0.663228503727421,0.91570910190505,0.7970871577031025,0.85229047089038,0.15504558093696102,apartment_2/seq_0007
apartment_2,seq_0007,30,random_n0.5,8,4.2,1.0,fixed,0.5,52751,75972,0.7601356162692386,0.5400529742718793,0.650094295270559,0.2363367519099164,0.5061470015268783,0.32221887085368767,0.36186991715796857,0.6461064602748381,0.46391264019571715,0.5925385300752593,0.742168167219502,0.6589661020870327,0.11304977900152163,apartment_2/seq_0007
apartment_2,seq_0007,30,random_n0.5,8,4.2,1.0,subset,0.5,52751,51742,0.7637134882237694,0.32749537817444835,0.5456044331991089,0.23186290307292753,0.6169069614626416,0.337047402334187,0.3563723910447195,0.771945421514437,0.48762863186067196,0.5891641864609202,0.8575625217424916,0.698466576440299,0.11327071514926067,apartment_2/seq_0007
apartment_2,seq_0007,30,random_n0.5,8,4.2,0.25,fixed,0.5,13187,75972,0.19523064600664447,0.6528651099785241,0.42404787799258425,0.512626071130659,0.35767124730163746,0.42135394968450496,0.6816561765374991,0.5162033380719212,0.5875032747237197,0.9168120118298324,0.6762228189332912,0.7783498403164012,0.1419372642811149,apartment_2/seq_0007
apartment_2,seq_0007,30,random_n0.5,8,4.2,0.25,subset,0.5,13187,51742,0.19846729950279027,0.4088053087729446,0.3036363041378674,0.5067111549253053,0.4610761083839048,0.48281769402255004,0.6732387957837264,0.6488539291098141,0.660821483468349,0.9137787214681126,0.8078543542963164,0.8575580120910079,0.15704909801671268,apartment_2/seq_0007
apartment_2,seq_0007,30,consec_n0.5,8,1.05,1.0,fixed,0.5,44163,75972,0.9789308217136318,0.9184755512340246,0.9487031864738282,0.19647668863075426,0.34744379508239875,0.25100950740841266,0.29766999524488824,0.429829410835571,0.35174549315133585,0.5024794511242443,0.5342757858158269,0.5178900362212094,0.08911807905996552,apartment_2/seq_0007
apartment_2,seq_0007,30,consec_n0.5,8,1.05,1.0,subset,0.5,44163,40633,0.9926935987516202,0.6679000242065812,0.8302968114791007,0.1783619772207504,0.4591095907267492,0.2569140287360283,0.2739397232977832,0.54586173799621,0.36480348114896544,0.4898444399157666,0.6531882952280167,0.5598451291865303,0.07982693347755543,apartment_2/seq_0007
apartment_2,seq_0007,30,consec_n0.5,8,1.05,0.25,fixed,0.5,11040,75972,0.2739772265496038,1.1040757070331282,0.689026466791366,0.466213768115942,0.2654925498868004,0.33832229965512206,0.6152173913043478,0.33936187016269154,0.4374310922045207,0.846195652173913,0.44701995472016004,0.5850012018145441,0.11225556999334453,apartment_2/seq_0007
apartment_2,seq_0007,30,consec_n0.5,8,1.05,0.25,subset,0.5,11040,40633,0.2884012299645668,0.8204988813267874,0.5544500556456771,0.4438405797101449,0.38318608027957574,0.41128911614592667,0.5855072463768116,0.47431890335441634,0.5240805863828563,0.8306159420289855,0.5847217778652819,0.6863086082136168,0.12363086994838222,apartment_2/seq_0007
apartment_2,seq_0007,30,spaced1.0,5,4.2,1.0,fixed,1.0,38247,75972,0.6452084883818064,0.5699690702726403,0.6075887793272234,0.2885977985201454,0.47058126678249884,0.357777825615122,0.42902711323763953,0.6215579423998315,0.5076508718771378,0.6478939524668601,0.7327699678829043,0.6877230928441999,0.1257634346427668,apartment_2/seq_0007
apartment_2,seq_0007,30,spaced1.0,5,4.2,1.0,subset,1.0,38247,45139,0.6508944173312614,0.31771908803715715,0.4843067526842093,0.28208748398567207,0.5983296041117437,0.38341212341246567,0.4231965905822679,0.7643722723144066,0.544776390970807,0.6435014510942034,0.8668335585635482,0.7386555290394776,0.12694958287994196,apartment_2/seq_0007
apartment_2,seq_0007,30,spaced1.0,5,4.2,0.25,fixed,1.0,9561,75972,0.15567650475343894,0.6682671902418638,0.41197184749765137,0.5758811839765715,0.32794977096825145,0.41791023278589,0.7456333019558623,0.4870215342494603,0.5891989615259129,0.9489593138793013,0.6742220818196177,0.7883398933245236,0.13025351354986214,apartment_2/seq_0007
apartment_2,seq_0007,30,spaced1.0,5,4.2,0.25,subset,1.0,9561,45139,0.1585888588339516,0.38892419104734977,0.27375652494065067,0.5727434368789875,0.4538425751567381,0.5064073604155722,0.7402991318899697,0.6422827266886728,0.6878165542897601,0.9454032005020395,0.8243425862336339,0.8807322782476062,0.15131022823330514,apartment_2/seq_0007
apartment_2,seq_0007,30,random_n1.0,5,4.05,1.0,fixed,1.0,34689,75972,0.6916801589022975,0.6314627683466565,0.6615714636244769,0.2972412003805241,0.4580898225662086,0.36053906063721575,0.4269364928363458,0.584623282261886,0.49348940102946354,0.6523970134624809,0.7170141631127257,0.6831810731893095,0.13280752839539503,apartment_2/seq_0007
apartment_2,seq_0007,30,random_n1.0,5,4.05,1.0,subset,1.0,34689,44197,0.6999151142553826,0.366219015799287,0.5330670650273348,0.2883334774712445,0.580627644410254,0.3853207781408114,0.4204214592522125,0.7178541529968098,0.5302780579421819,0.6468909452564213,0.8410073081883386,0.7312865799821453,0.13134133042529988,apartment_2/seq_0007
apartment_2,seq_0007,30,random_n1.0,5,4.05,0.25,fixed,1.0,8672,75972,0.15190985971058735,0.7256232815179954,0.43876657061429136,0.6277675276752768,0.32663349655136104,0.42969338334927554,0.7555350553505535,0.4571157794977097,0.5696066597894665,0.9430350553505535,0.6611383141157269,0.7773182356891152,0.13781594409484407,apartment_2/seq_0007
apartment_2,seq_0007,30,random_n1.0,5,4.05,0.25,subset,1.0,8672,44197,0.15484359948743934,0.43397659552896706,0.2944100975082032,0.6232702952029521,0.4492160101364346,0.5221194785494769,0.7523062730627307,0.6013077810711134,0.6683849275348911,0.939460332103321,0.8000769282983008,0.8641844631644038,0.15817057874932808,apartment_2/seq_0007
apartment_2,seq_0007,30,consec_n1.0,5,0.6000000000000003,1.0,fixed,1.0,29867,75972,0.9356151766886093,1.0498067382215084,0.9927109574550588,0.2274751397863863,0.29301584794397934,0.2561190204707731,0.3281213379314963,0.3572368767440636,0.34206066096755045,0.5234874610774434,0.4768204075185595,0.4990653624911413,0.09142799311810546,apartment_2/seq_0007
apartment_2,seq_0007,30,consec_n1.0,5,0.6000000000000003,1.0,subset,1.0,29867,32996,0.9561126262848841,0.6829500174604126,0.8195313218726483,0.2106338098905146,0.4598133107043278,0.28891832479224633,0.2996953159004922,0.536640804946054,0.38460310766109185,0.49784042588810395,0.6602618499212025,0.567661505254763,0.08832601880877743,apartment_2/seq_0007
apartment_2,seq_0007,30,consec_n1.0,5,0.6000000000000003,0.25,fixed,1.0,7466,75972,0.2190476140717126,1.2402563783667087,0.7296519962192106,0.5278596303241361,0.22317432738377296,0.31371342598187163,0.6631395660326815,0.28295951139893644,0.39666384223373824,0.8706134476292526,0.4070447006791976,0.5547314681422592,0.09871379274286311,apartment_2/seq_0007
apartment_2,seq_0007,30,consec_n1.0,5,0.6000000000000003,0.25,subset,1.0,7466,32996,0.2383436742126586,0.813918577452806,0.5261311258327324,0.50267881060809,0.37795490362468176,0.4314845510612182,0.6221537637289044,0.46148017941568675,0.5299051996776549,0.8463702116260381,0.6101951751727482,0.7091353731523077,0.12206070970500214,apartment_2/seq_0007
apartment_2,seq_0000,37,all,37,5.3999999999999995,1.0,fixed,0.0,130113,90479,0.8137808745076156,0.4203208475155664,0.617050861011591,0.15455027552973186,0.5876722775450657,0.24473767885256395,0.26817458670540223,0.6709070613070436,0.38318334569640716,0.5206397516005319,0.761723714895169,0.6185198753283178,0.08563516977614498,apartment_2/seq_0000
apartment_2,seq_0000,37,all,37,5.3999999999999995,1.0,subset,0.0,130113,90479,0.8137808745076156,0.4203208475155664,0.617050861011591,0.15455027552973186,0.5876722775450657,0.24473767885256395,0.26817458670540223,0.6709070613070436,0.38318334569640716,0.5206397516005319,0.761723714895169,0.6185198753283178,0.08563516977614498,apartment_2/seq_0000
apartment_2,seq_0000,37,all,37,5.3999999999999995,0.25,fixed,0.0,32528,90479,0.2660098100366024,0.5912531672903222,0.4286314886634623,0.3963662075750123,0.45252489527956763,0.4225879526174471,0.57439744220364,0.567678687872324,0.5710183020560862,0.855908755533694,0.6933211021341968,0.766083352674631,0.15889079473985135,apartment_2/seq_0000
apartment_2,seq_0000,37,all,37,5.3999999999999995,0.25,subset,0.0,32528,90479,0.2660098100366024,0.5912531672903222,0.4286314886634623,0.3963662075750123,0.45252489527956763,0.4225879526174471,0.57439744220364,0.567678687872324,0.5710183020560862,0.855908755533694,0.6933211021341968,0.766083352674631,0.15889079473985135,apartment_2/seq_0000
apartment_2,seq_0000,37,spaced0.3,15,5.25,1.0,fixed,0.3,80243,90479,0.6904096782907314,0.4556446018110907,0.573027140050911,0.20862879005022245,0.5291393583041368,0.2992639471822785,0.3328639258253056,0.6375512549873451,0.4373752963596911,0.5886993257978889,0.7482178184993202,0.6589418456924138,0.10806836978496599,apartment_2/seq_0000
apartment_2,seq_0000,37,spaced0.3,15,5.25,1.0,subset,0.3,80243,71374,0.6929309486081912,0.3646049095500644,0.5287679290791278,0.20629836870505838,0.5975004903746463,0.3067020438568181,0.3310444524756053,0.7072323254966795,0.45098829702102217,0.5873035654200366,0.8083335668450696,0.6803160719668024,0.10562346675612773,apartment_2/seq_0000
apartment_2,seq_0000,37,spaced0.3,15,5.25,0.25,fixed,0.3,20060,90479,0.21717837795561468,0.6542297634935282,0.43570407072457146,0.48295114656031907,0.37822036052564684,0.42421737195279563,0.6458125623130608,0.5070789907050255,0.5680985022833208,0.8926719840478564,0.6591032173211463,0.75830954919157,0.15329007014362742,apartment_2/seq_0000
apartment_2,seq_0000,37,spaced0.3,15,5.25,0.25,subset,0.3,20060,71374,0.21813292625029523,0.5281272367753724,0.37313008151283383,0.48205383848454636,0.4426822092078348,0.4615298791692468,0.6439182452642074,0.5806316025443439,0.6106395477887506,0.8921734795613161,0.7294953344355087,0.802674855962727,0.15862739578801915,apartment_2/seq_0000
apartment_2,seq_0000,37,random_n0.3,15,5.3999999999999995,1.0,fixed,0.3,77420,90479,0.6785550828714327,0.4463546052310633,0.562454844051248,0.21122448979591837,0.5196896517423932,0.3003668291612928,0.33652802893309225,0.6254158423501586,0.43759301758190444,0.5845001291655902,0.7496877728533693,0.6568678960490696,0.10931645729038758,apartment_2/seq_0000
apartment_2,seq_0000,37,random_n0.3,15,5.3999999999999995,1.0,subset,0.3,77420,72952,0.6806330910588313,0.36516199140655514,0.5228975412326933,0.20909325755618705,0.5742954271301678,0.3065688948681855,0.33446137948850424,0.6808038162079175,0.44855784379320807,0.5835701369155257,0.8011158021712907,0.6752538538328868,0.10639052872673312,apartment_2/seq_0000
apartment_2,seq_0000,37,random_n0.3,15,5.3999999999999995,0.25,fixed,0.3,19355,90479,0.21120430162483173,0.631260884750948,0.42123259318788986,0.4816843192973392,0.3988107737707092,0.43634745407341596,0.6576595195040041,0.5212701289802053,0.5815754366644106,0.8962541978816844,0.6700007736601863,0.7667857620726668,0.15241689650166934,apartment_2/seq_0000
apartment_2,seq_0000,37,random_n0.3,15,5.3999999999999995,0.25,subset,0.3,19355,72952,0.21209538640878228,0.5195301341819704,0.36581276029537635,0.4801859984500129,0.4500904704463209,0.46465142174457585,0.6563678636011366,0.5766531417918631,0.613933727100084,0.8958408679927667,0.7256689329970392,0.8018254177860987,0.15572629299231683,apartment_2/seq_0000
apartment_2,seq_0000,37,consec_n0.3,15,2.1,1.0,fixed,0.3,67980,90479,0.8406233227358686,0.7508473279454498,0.7957353253406592,0.18180347160929686,0.41132196421269024,0.25215496259872244,0.29423359811709326,0.4956730291006753,0.3692680978145101,0.533951162106502,0.5897390554714353,0.5604602568976682,0.08946963351970483,apartment_2/seq_0000
apartment_2,seq_0000,37,consec_n0.3,15,2.1,1.0,subset,0.3,67980,54376,0.8562556232764185,0.6118156411116072,0.7340356321940129,0.16154751397469844,0.5149330587023687,0.2459380471712847,0.26434245366284204,0.594839635133147,0.36602571384455945,0.5155928214180642,0.6800058849492423,0.5864947008300889,0.07954982566291521,apartment_2/seq_0000
apartment_2,seq_0000,37,consec_n0.3,15,2.1,0.25,fixed,0.3,16995,90479,0.2454837144095249,1.0304645285175318,0.6379741214635284,0.4470138275963519,0.28776843245393957,0.3501349323371889,0.6038246543100912,0.355032659512152,0.4471519793579207,0.872609591056193,0.45811735319797964,0.6008108544820744,0.12854899419198842,apartment_2/seq_0000
apartment_2,seq_0000,37,consec_n0.3,15,2.1,0.25,subset,0.3,16995,54376,0.26144006110962387,0.8358418013453349,0.5486409312274794,0.41718152397764047,0.39460423716345444,0.405578922193664,0.5648131803471609,0.4669155509783728,0.5112197601840983,0.8580170638423066,0.5623988524348977,0.6794457968891148,0.1387334408296184,apartment_2/seq_0000
apartment_2,seq_0000,37,spaced0.5,10,5.3999999999999995,1.0,fixed,0.5,63103,90479,0.6328309518207011,0.5216877799915771,0.5772593659061391,0.2373262760883001,0.4916721007084517,0.3201288574341539,0.3691900543555774,0.5970004089346699,0.4562384370351247,0.625643788726368,0.7186529470926956,0.6689308106137679,0.1164432933012425,apartment_2/seq_0000
apartment_2,seq_0000,37,spaced0.5,10,5.3999999999999995,1.0,subset,0.5,63103,63192,0.6372357143354709,0.35739282123125415,0.4973142677833625,0.2335863588101992,0.5925750094948727,0.3350857207806742,0.36581462054102026,0.7027471831877453,0.48116111441945125,0.6237738300873176,0.8214172680086087,0.7090807520758486,0.11423421103457156,apartment_2/seq_0000
apartment_2,seq_0000,37,spaced0.5,10,5.3999999999999995,0.25,fixed,0.5,15775,90479,0.17494646982793574,0.6236330238557095,0.3992897468418226,0.5393343898573693,0.3637308104643066,0.4344592941112462,0.7055467511885896,0.5028128073917705,0.5871728165548088,0.9297622820919176,0.6708628521535384,0.7793742120424749,0.14990472710187674,apartment_2/seq_0000
apartment_2,seq_0000,37,spaced0.5,10,5.3999999999999995,0.25,subset,0.5,15775,63192,0.1762312757771757,0.43703701902841746,0.3066341474027966,0.5367353407290015,0.4577478161792632,0.4941047585939087,0.7040253565768622,0.6102829472085074,0.6538110857000439,0.928621236133122,0.77815229775921,0.8467541056803978,0.16106011252591057,apartment_2/seq_0000
apartment_2,seq_0000,37,random_n0.5,10,5.1,1.0,fixed,0.5,60802,90479,0.6836162616423439,0.5898577856248816,0.6367370236336127,0.2292029867438571,0.47008698150952155,0.3081564017298945,0.3554817275747508,0.5784436167508482,0.4403481229769264,0.6009012861419032,0.7030250113285956,0.647963975136926,0.11349858126773416,apartment_2/seq_0000
apartment_2,seq_0000,37,random_n0.5,10,5.1,1.0,subset,0.5,60802,62418,0.6878604364614234,0.436429027891777,0.5621447321766002,0.22581494029801652,0.5674965554807908,0.323074105132987,0.352603532778527,0.67772117017527,0.4638671249122007,0.5987631985789941,0.7878176167131277,0.6804020232757254,0.11100303631751206,apartment_2/seq_0000
apartment_2,seq_0000,37,random_n0.5,10,5.1,0.25,fixed,0.5,15200,90479,0.19380143506340472,0.6775901671226515,0.43569580109302813,0.5171052631578947,0.33375700438775846,0.4056767121253552,0.6751315789473684,0.4421246919174615,0.534331019891796,0.91625,0.643530542998928,0.7560484872943732,0.14037296404123062,apartment_2/seq_0000
apartment_2,seq_0000,37,random_n0.5,10,5.1,0.25,subset,0.5,15200,62418,0.19506286513642698,0.5126880602223468,0.3538754626793869,0.5142105263157895,0.43043673299368773,0.46860898994218364,0.6726315789473685,0.547694575282771,0.6037675512834797,0.9151973684210526,0.7370790477105963,0.8165374730244713,0.14807385994926553,apartment_2/seq_0000
apartment_2,seq_0000,37,consec_n0.5,10,1.35,1.0,fixed,0.5,49064,90479,0.78810958936875,0.9128144900156939,0.850462039692222,0.20136963965432905,0.34873285513765623,0.2553131826869814,0.3163011576716126,0.4300224361454039,0.36449764017753106,0.557883580629382,0.5307529924070779,0.5439802173978645,0.09189089985035435,apartment_2/seq_0000
apartment_2,seq_0000,37,consec_n0.5,10,1.35,1.0,subset,0.5,49064,45076,0.8108506903309747,0.6340988162393263,0.7224747532851505,0.1748940159791293,0.49188037980299937,0.258039107528045,0.27769851622370784,0.5760937084035851,0.374752459474143,0.5330996249796185,0.6796299582926613,0.5975123900467862,0.0834337001534375,apartment_2/seq_0000
apartment_2,seq_0000,37,consec_n0.5,10,1.35,0.25,fixed,0.5,12266,90479,0.22628785736080012,1.1081763393565007,0.6672320983586504,0.46331322354475785,0.24656550138706218,0.3218495025993097,0.6232675688896135,0.3123487218028493,0.4161467268590568,0.8916517202021849,0.43222184153228926,0.5822177580256245,0.10805935885873576,apartment_2/seq_0000
apartment_2,seq_0000,37,consec_n0.5,10,1.35,0.25,subset,0.5,12266,45076,0.24429094942831972,0.7906363249558467,0.5174636371920832,0.43192564813305073,0.3934466234803443,0.41178918579447493,0.5838089026577531,0.4744209779039844,0.5234612924762989,0.8739605413337681,0.599298961753483,0.7110270036436619,0.1265901818465621,apartment_2/seq_0000
apartment_2,seq_0000,37,spaced1.0,6,5.25,1.0,fixed,1.0,43828,90479,0.5705802516761129,0.5055165791699819,0.5380484154230474,0.2854339691521402,0.4466450778633716,0.34828937639054586,0.42194487542210457,0.5761226361918235,0.48712535199692214,0.6654193666149494,0.7316946473767394,0.696985047658215,0.12537066516839904,apartment_2/seq_0000
apartment_2,seq_0000,37,spaced1.0,6,5.25,1.0,subset,1.0,43828,52224,0.5788004277694756,0.29285857276263194,0.43582950026605377,0.2772428584466551,0.5804419424019608,0.3752506354656781,0.4153509172218673,0.7218520220588235,0.5272970885042502,0.660194396276353,0.8666896446078431,0.7494788488973908,0.12564513879202122,apartment_2/seq_0000
apartment_2,seq_0000,37,spaced1.0,6,5.25,0.25,fixed,1.0,10957,90479,0.15350911125646668,0.6899592720124139,0.4217341916344403,0.6087432691430136,0.30844726400601247,0.4094355296158076,0.7540385141918409,0.4395716133025343,0.5553805527292921,0.9448754221045906,0.6400601244487671,0.7631566868141858,0.1333988098676989,apartment_2/seq_0000
apartment_2,seq_0000,37,spaced1.0,6,5.25,0.25,subset,1.0,10957,52224,0.15516663390803045,0.405927144452357,0.2805468891801937,0.603176051839007,0.44062117034313725,0.5092409372936201,0.7510267408962307,0.5965647977941176,0.6649434980218966,0.9435064342429497,0.7942133884803921,0.8624467907821604,0.15641764899091273,apartment_2/seq_0000
apartment_2,seq_0000,37,random_n1.0,6,4.2,1.0,fixed,1.0,42063,90479,0.6111333317822808,0.5426383068217276,0.5768858193020042,0.26866842593252976,0.4181301738524962,0.3271362978288193,0.4124527494472577,0.5574663734126151,0.47411899202577784,0.6509283693507358,0.704616540854784,0.676709259137157,0.11904421005743013,apartment_2/seq_0000
apartment_2,seq_0000,37,random_n1.0,6,4.2,1.0,subset,1.0,42063,49453,0.6281110866773998,0.3256018117246775,0.47685644920103865,0.254784489931769,0.5671647827229895,0.3516148615999457,0.3925777999667166,0.7152447778698967,0.5069209220887698,0.6313862539524048,0.8482195215659313,0.7239146468770694,0.12010754261467554,apartment_2/seq_0000
apartment_2,seq_0000,37,random_n1.0,6,4.2,0.25,fixed,1.0,10515,90479,0.15769321043353882,0.7881281431485005,0.47291067679101967,0.5616737993342844,0.2856574453740647,0.37870975171369314,0.7402757964812173,0.4177543960477017,0.5341025998508574,0.946077032810271,0.6055327755611799,0.7384339135798281,0.1235518999073216,apartment_2/seq_0000
apartment_2,seq_0000,37,random_n1.0,6,4.2,0.25,subset,1.0,10515,49453,0.16449989640492507,0.4619921237559957,0.3132460100804604,0.5474084640989063,0.42236062524012696,0.4768223357503249,0.7242035187826914,0.5818453885507452,0.6452660010048986,0.9382786495482643,0.7818332558186561,0.8529415431084648,0.1492762597724282,apartment_2/seq_0000
apartment_2,seq_0000,37,consec_n1.0,6,0.7499999999999999,1.0,fixed,1.0,34014,90479,0.7245711986179921,0.9996104093119085,0.8620908039649503,0.22290821426471452,0.2967870997690072,0.25459641693833074,0.33868407126477335,0.3746173145149703,0.3557456070480251,0.5857588051978597,0.4949988395097205,0.5365678979471712,0.09077378346670402,apartment_2/seq_0000
apartment_2,seq_0000,37,consec_n1.0,6,0.7499999999999999,1.0,subset,1.0,34014,35911,0.7561910410816473,0.6179492600261354,0.6870701505538913,0.19224436996530841,0.4828604048898666,0.27500085253925105,0.2881754571646969,0.5609701762691097,0.380754091258512,0.5511554065972835,0.6982818634958647,0.6160562576557043,0.08580525100334073,apartment_2/seq_0000
apartment_2,seq_0000,37,consec_n1.0,6,0.7499999999999999,0.25,fixed,1.0,8503,90479,0.19266522479534492,1.2239282606934956,0.7082967427444202,0.5074679524873574,0.2057604527017319,0.2928005527422507,0.6635305186404798,0.26087821483438145,0.37451108134898864,0.9208514641891097,0.37652936040407164,0.5345039887528806,0.0938234157076159,apartment_2/seq_0000
apartment_2,seq_0000,37,consec_n1.0,6,0.7499999999999999,0.25,subset,1.0,8503,35911,0.2172530787710123,0.7613942213575046,0.48932365006425843,0.4721862871927555,0.389824844755089,0.4270709258347138,0.6044925320475126,0.4662638188855782,0.526455894909557,0.8999176761143126,0.6173595834145527,0.7323286474429032,0.12233703903227386,apartment_2/seq_0000
apartment_2,seq_0004,42,all,42,6.149999999999999,1.0,fixed,0.0,143709,67653,1.5127869765786992,0.7573206615422575,1.1350538190604784,0.09803143853203349,0.49980045230810166,0.1639128258944826,0.17881273963356506,0.5350390965663016,0.2680438763802562,0.34741039183349687,0.6004168329564099,0.4401457180068855,0.0541839826429082,apartment_2/seq_0004
apartment_2,seq_0004,42,all,42,6.149999999999999,1.0,subset,0.0,143709,67653,1.5127869765786992,0.7573206615422575,1.1350538190604784,0.09803143853203349,0.49980045230810166,0.1639128258944826,0.17881273963356506,0.5350390965663016,0.2680438763802562,0.34741039183349687,0.6004168329564099,0.4401457180068855,0.0541839826429082,apartment_2/seq_0004
apartment_2,seq_0004,42,all,42,6.149999999999999,0.25,fixed,0.0,35927,67653,0.5141787419599917,0.967424965136113,0.7408018535480523,0.2748629164695076,0.4021107711409694,0.3265277257369701,0.41016505692097865,0.4543035785552747,0.4311074931130852,0.6677985915884989,0.5509733492971487,0.6037868354535021,0.11925402075966693,apartment_2/seq_0004
apartment_2,seq_0004,42,all,42,6.149999999999999,0.25,subset,0.0,35927,67653,0.5141787419599917,0.967424965136113,0.7408018535480523,0.2748629164695076,0.4021107711409694,0.3265277257369701,0.41016505692097865,0.4543035785552747,0.4311074931130852,0.6677985915884989,0.5509733492971487,0.6037868354535021,0.11925402075966693,apartment_2/seq_0004
apartment_2,seq_0004,42,spaced0.3,18,5.85,1.0,fixed,0.3,94100,67653,1.2903675274299409,0.7891974604770732,1.039782493953507,0.13261424017003187,0.46926226479239647,0.20678945987365518,0.22606801275239108,0.5188239989357456,0.3149168163096322,0.40944739638682254,0.5851329578880463,0.48177337329783737,0.0707405205141106,apartment_2/seq_0004
apartment_2,seq_0004,42,spaced0.3,18,5.85,1.0,subset,0.3,94100,52958,1.2953042555891734,0.6278605424064511,0.9615823989978123,0.13104144527098832,0.553042033309415,0.21187889960699854,0.2243251859723698,0.6079534725631632,0.32772503390931795,0.4082252922422954,0.6753653838891197,0.5088660086902217,0.06908851966582183,apartment_2/seq_0004
apartment_2,seq_0004,42,spaced0.3,18,5.85,0.25,fixed,0.3,23525,67653,0.39943905292563125,0.9856872834352369,0.6925631681804341,0.3579596174282678,0.36286639173429114,0.3603963039948799,0.4960680127523911,0.43832498189289465,0.4654123135627322,0.7433793836344315,0.5389709251622249,0.6248836552625763,0.1308675021292128,apartment_2/seq_0004
apartment_2,seq_0004,42,spaced0.3,18,5.85,0.25,subset,0.3,23525,52958,0.40074539923919444,0.7949154750816761,0.5978304371604353,0.3563443145589798,0.43432531440009065,0.39148931686998045,0.4941126461211477,0.5210544204841573,0.5072260260362601,0.7424017003188098,0.6313304883114921,0.6823758398685854,0.1357140984294292,apartment_2/seq_0004
apartment_2,seq_0004,42,random_n0.3,18,6.149999999999999,1.0,fixed,0.3,92370,67653,1.243923819493476,0.7890380297933629,1.0164809246434194,0.13541193028039405,0.4720854950999956,0.21045688583400365,0.23019378586121034,0.5261407476386857,0.3202665625602123,0.4164988632672946,0.5927453328012061,0.48923294933061007,0.07106169949938236,apartment_2/seq_0004
apartment_2,seq_0004,42,random_n0.3,18,6.149999999999999,1.0,subset,0.3,92370,53550,1.2472268091870717,0.6329407798177651,0.9400837945024184,0.13359315795171592,0.5493744164332399,0.21492283365075154,0.22803940673378803,0.6106629318394025,0.33207302826381874,0.41403052939265994,0.6796265172735761,0.5145783636539625,0.06977739726027397,apartment_2/seq_0004
apartment_2,seq_0004,42,random_n0.3,18,6.149999999999999,0.25,fixed,0.3,23092,67653,0.4151673129706372,1.0203114888087048,0.717739400889671,0.36012471851723543,0.36212732620874166,0.3611232460208547,0.48774467347999306,0.4316142669209052,0.45796598137577166,0.7276112939546163,0.5277075665528506,0.6117425578612622,0.13003779883167246,apartment_2/seq_0004
apartment_2,seq_0004,42,random_n0.3,18,6.149999999999999,0.25,subset,0.3,23092,53550,0.4165219648005135,0.8290393422323453,0.6227806535164294,0.3586523471332063,0.42985994397759103,0.3910408996388071,0.4864455222587909,0.5084033613445378,0.49718212022636676,0.7260956175298805,0.6158169934640523,0.6664249467384983,0.1344158062058275,apartment_2/seq_0004
apartment_2,seq_0004,42,consec_n0.3,18,2.5499999999999994,1.0,fixed,0.3,79707,67653,1.157730009363306,0.8541841713475997,1.0059570903554529,0.13478113591027138,0.42726856163067417,0.2049204628248546,0.2238699235951673,0.4815307525165181,0.30564261256117203,0.4266877438618942,0.5662572243655123,0.4866634612013737,0.07006973617003534,apartment_2/seq_0004
apartment_2,seq_0004,42,consec_n0.3,18,2.5499999999999994,1.0,subset,0.3,79707,49875,1.1683326638435647,0.7290681682416403,0.9487004160426025,0.12624989022294153,0.49096741854636594,0.20085173184178212,0.20868932465153625,0.5474085213032581,0.30217865380905506,0.4132635778538899,0.6330025062656641,0.50005803399422,0.06422538281292572,apartment_2/seq_0004
apartment_2,seq_0004,42,consec_n0.3,18,2.5499999999999994,0.25,fixed,0.3,19926,67653,0.4982130658510354,1.0340570655387957,0.7661350656949155,0.33102479172939875,0.3519430032666696,0.3411635518118071,0.4506172839506173,0.42145950659985515,0.43555095197365495,0.6910569105691057,0.5200951916396908,0.5935098914180976,0.10788392464921574,apartment_2/seq_0004
apartment_2,seq_0004,42,consec_n0.3,18,2.5499999999999994,0.25,subset,0.3,19926,49875,0.5040161522736767,0.8753849233346767,0.6897005378041767,0.3240991669175951,0.4151578947368421,0.36402040589872414,0.443139616581351,0.4899047619047619,0.4653502306162502,0.6845327712536384,0.5917393483709273,0.6347627120763695,0.11082753967555517,apartment_2/seq_0004
apartment_2,seq_0004,42,spaced0.5,11,6.000000000000001,1.0,fixed,0.5,69716,67653,1.1988101248615872,0.8005753208625188,0.999692722862053,0.16182798783636468,0.4420498721416641,0.23692221912096764,0.25559412473463766,0.5011898954961347,0.33854095551889724,0.4435136840897355,0.5790726205785405,0.5023079815089053,0.08261189583260313,apartment_2/seq_0004
apartment_2,seq_0004,42,spaced0.5,11,6.000000000000001,1.0,subset,0.5,69716,44842,1.2062821684261817,0.5270080439269065,0.8666451061765441,0.15920305238395777,0.5778734222380804,0.24963274742703428,0.2526679671811349,0.6481869675750412,0.36360145708657793,0.44121865855757647,0.7317470228803354,0.5505027895496049,0.08117200351254747,apartment_2/seq_0004
apartment_2,seq_0004,42,spaced0.5,11,6.000000000000001,0.25,fixed,0.5,17429,67653,0.3440702687110707,1.0514422213010586,0.6977562450060646,0.4097194331286936,0.3383441975965589,0.370626741223192,0.5284870044179242,0.418739745465833,0.46725562541201393,0.7656778931665614,0.5158972994545696,0.6164463226364427,0.13119852075979155,apartment_2/seq_0004
apartment_2,seq_0004,42,spaced0.5,11,6.000000000000001,0.25,subset,0.5,17429,44842,0.3454109960424452,0.7051153543733698,0.5252631752079076,0.4082850421710941,0.46010436644217473,0.43264859933271527,0.5276837454816685,0.5585388698095536,0.5426730739521273,0.7650467611452177,0.6746576869898756,0.7170147719997827,0.1443789295370883,apartment_2/seq_0004
apartment_2,seq_0004,42,random_n0.5,11,6.000000000000001,1.0,fixed,0.5,65065,67653,1.1946674222405556,0.7893828143322758,0.9920251182864157,0.16646430492584338,0.4227454806143113,0.23886919164619702,0.2684238838084992,0.5012490207381787,0.3496217889624022,0.4576193037731499,0.5859015860346178,0.5138754355557517,0.082850428770039,apartment_2/seq_0004
apartment_2,seq_0004,42,random_n0.5,11,6.000000000000001,1.0,subset,0.5,65065,45212,1.2011917846474327,0.5390730249303812,0.870132404788907,0.16303696303696305,0.5450544103335397,0.250995899943511,0.26310612464458616,0.6387905865699371,0.372702801999422,0.4528702067163606,0.7277492701052818,0.5583102241841957,0.08130583289542827,apartment_2/seq_0004
apartment_2,seq_0004,42,random_n0.5,11,6.000000000000001,0.25,fixed,0.5,16266,67653,0.36253460452063324,1.0076764212036136,0.6851055128621234,0.4106725685478913,0.3297562561896738,0.36579302209675113,0.5283413254641584,0.4165521115102065,0.46583389429588606,0.7599286856018689,0.5346843451140378,0.6277118520423284,0.11644459628743879,apartment_2/seq_0004
apartment_2,seq_0004,42,random_n0.5,11,6.000000000000001,0.25,subset,0.5,16266,45212,0.3649752410627398,0.7016675866530359,0.5333214138578879,0.4081519734415345,0.43833495532159605,0.4227053507000562,0.5243452600516415,0.5475979828364151,0.5357194210031502,0.7585761711545556,0.6828939219676192,0.7187482544419436,0.1271822126543106,apartment_2/seq_0004
apartment_2,seq_0004,42,consec_n0.5,11,1.5,1.0,fixed,0.5,55817,67653,1.133120430124156,0.9114831492151201,1.022301789669638,0.15792679649569127,0.3888519356126114,0.22462519807842407,0.25501191393303113,0.46300977044624775,0.32888423929219834,0.4535894082448,0.5568119669489897,0.4999280816370127,0.07686313112669702,apartment_2/seq_0004
apartment_2,seq_0004,42,consec_n0.5,11,1.5,1.0,subset,0.5,55817,40786,1.1508832532881774,0.6806875676517665,0.915785410469972,0.14638909292867763,0.48994753101554456,0.2254246320240011,0.23440887184907824,0.5797087235816212,0.3338310550184007,0.4341867173083469,0.6797675673025058,0.529906931832237,0.06897794327412501,apartment_2/seq_0004
apartment_2,seq_0004,42,consec_n0.5,11,1.5,0.25,fixed,0.5,13954,67653,0.4311796485702287,1.0706576661753602,0.7509186573727944,0.3724380106062778,0.31003798796801324,0.33838532546902583,0.5072380679375089,0.3964938731467932,0.4450806196420107,0.7272466676221871,0.4976571622840081,0.5909353927272399,0.09987779797919585,apartment_2/seq_0004
apartment_2,seq_0004,42,consec_n0.5,11,1.5,0.25,subset,0.5,13954,40786,0.4382705624461764,0.7961758923173362,0.6172232273817563,0.3654149347857245,0.41264159270337863,0.3875949763552221,0.49878171133725097,0.5165252782817633,0.507498450979841,0.7217285366203239,0.6266611092041386,0.6708434860848095,0.1080805409693627,apartment_2/seq_0004
apartment_2,seq_0004,42,spaced1.0,6,5.25,1.0,fixed,1.0,46457,67653,1.020947316941972,0.8251072262154729,0.9230272715787224,0.20263899950491854,0.3960652151419745,0.26810654400488954,0.2987063305852724,0.4723663399997044,0.36598059170288527,0.49480164453150227,0.5693169556412871,0.5294503185363653,0.09471608832807571,apartment_2/seq_0004
apartment_2,seq_0004,42,spaced1.0,6,5.25,1.0,subset,1.0,46457,36922,1.0318014052427955,0.4436335489872186,0.737717477115007,0.1987859741266117,0.5740750771897514,0.2953132991929268,0.2952622855543836,0.6726612859541736,0.41038675891575643,0.49152980175215794,0.7802394236498564,0.6031140266106089,0.09539812937871191,apartment_2/seq_0004
apartment_2,seq_0004,42,spaced1.0,6,5.25,0.25,fixed,1.0,11614,67653,0.3170714261219896,1.0799171596466834,0.6984942928843365,0.4747718271052178,0.29881897329017193,0.3667852044004884,0.5749095918718787,0.3805004951739021,0.45792563288479016,0.7917168934045118,0.4996969831345247,0.6126905561695256,0.11847513025468431,apartment_2/seq_0004
apartment_2,seq_0004,42,spaced1.0,6,5.25,0.25,subset,1.0,11614,36922,0.3196323218979546,0.5957807571412556,0.45770653951960505,0.47115550198036854,0.4635447700557933,0.46731915109052674,0.5712932667470294,0.5729917122582742,0.5721412290136969,0.7895643189254348,0.7200585017062998,0.7532113223464505,0.1414434396860604,apartment_2/seq_0004
apartment_2,seq_0004,42,random_n1.0,6,3.749999999999999,1.0,fixed,1.0,42818,67653,1.2419408530906497,0.971879432830845,1.1069101429607473,0.165981596524826,0.33546184204691587,0.22208084833934805,0.2419776729412864,0.4101370227484369,0.3043759111938633,0.41260684758746324,0.515320828344641,0.4582790404777197,0.0740813326800588,apartment_2/seq_0004
apartment_2,seq_0004,42,random_n1.0,6,3.749999999999999,1.0,subset,1.0,42818,28099,1.2507549918407763,0.4559260524002517,0.853340522120514,0.16124059974776964,0.5626890636677462,0.25065507516086616,0.23490120977159137,0.6552546353962775,0.34582732315598463,0.40492316315568216,0.7573223246378875,0.5276980714340347,0.07620944903419855,apartment_2/seq_0004
apartment_2,seq_0004,42,random_n1.0,6,3.749999999999999,0.25,fixed,1.0,10704,67653,0.36208248848600455,1.2859301624722732,0.8240063254791389,0.4048953662182362,0.22531151611901912,0.28951632039897596,0.5140134529147982,0.2860922649402096,0.3675896064044407,0.7348654708520179,0.4095162077069753,0.5259422209154245,0.08983742470367252,apartment_2/seq_0004
apartment_2,seq_0004,42,random_n1.0,6,3.749999999999999,0.25,subset,1.0,10704,28099,0.3636104115138348,0.6241425135686453,0.49387646254124,0.40274663677130046,0.446030107833019,0.4232847494242591,0.5133594917787743,0.5399480408555465,0.5263181801183985,0.7334641255605381,0.6746147549734866,0.7028096624234662,0.1211958642216153,apartment_2/seq_0004
apartment_2,seq_0004,42,consec_n1.0,6,0.7499999999999992,1.0,fixed,1.0,36769,67653,1.0671213079497965,1.0256694512177125,1.0463953795837546,0.1832249993200794,0.3281155307229539,0.23514258839822938,0.2827925698278441,0.404135810680975,0.33274678323023443,0.47812015556582993,0.5235687996097734,0.49981342935932693,0.0781577236946631,apartment_2/seq_0004
apartment_2,seq_0004,42,consec_n1.0,6,0.7499999999999992,1.0,subset,1.0,36769,31260,1.0867258735306013,0.637287463640718,0.8620066685856597,0.16962658761456662,0.46877799104286627,0.24911228279921885,0.2618510158013544,0.5785668586052464,0.36053093169097983,0.45674345236476377,0.7131158029430582,0.5568378799317693,0.07224614319406279,apartment_2/seq_0004
apartment_2,seq_0004,42,consec_n1.0,6,0.7499999999999992,0.25,fixed,1.0,9192,67653,0.44695890296180096,1.1467153985039054,0.7968371507328531,0.4039382071366406,0.2429160569376081,0.30338542071608426,0.543733681462141,0.3431924674441636,0.42079107489073286,0.718124456048738,0.4711099286062702,0.5689636384297474,0.08452842922220348,apartment_2/seq_0004
apartment_2,seq_0004,42,consec_n1.0,6,0.7499999999999992,0.25,subset,1.0,9192,31260,0.4548641341286901,0.7162028539774166,0.5855334940530533,0.39055700609225413,0.38349328214971207,0.386992913530352,0.5333986074847694,0.522040946896993,0.5276586668916264,0.7135552654482158,0.6579014715291107,0.6845991513963265,0.10065601682608043,apartment_2/seq_0004
frl_apartment_5,seq_0000,15,all,15,2.1,1.0,fixed,0.0,68391,48021,0.6265573106258837,0.29201283070059086,0.4592850706632373,0.1721132897603486,0.5865975302471835,0.2661388978086171,0.3079937418666199,0.7280564752920597,0.43286866679181446,0.5578511792487315,0.8273255450740301,0.6663763877028689,0.08269284784107449,frl_apartment_5/seq_0000
frl_apartment_5,seq_0000,15,all,15,2.1,1.0,subset,0.0,68391,48021,0.6265573106258837,0.29201283070059086,0.4592850706632373,0.1721132897603486,0.5865975302471835,0.2661388978086171,0.3079937418666199,0.7280564752920597,0.43286866679181446,0.5578511792487315,0.8273255450740301,0.6663763877028689,0.08269284784107449,frl_apartment_5/seq_0000
frl_apartment_5,seq_0000,15,all,15,2.1,0.25,fixed,0.0,17097,48021,0.33705545647460916,0.600079199251424,0.4685673278630166,0.34386149616891853,0.3579683888298869,0.3507731671028275,0.533368427209452,0.48668290956040067,0.5089573213912045,0.7819500497163245,0.6552966410528727,0.7130428538694341,0.11518237486687966,frl_apartment_5/seq_0000
frl_apartment_5,seq_0000,15,all,15,2.1,0.25,subset,0.0,17097,48021,0.33705545647460916,0.600079199251424,0.4685673278630166,0.34386149616891853,0.3579683888298869,0.3507731671028275,0.533368427209452,0.48668290956040067,0.5089573213912045,0.7819500497163245,0.6552966410528727,0.7130428538694341,0.11518237486687966,frl_apartment_5/seq_0000
frl_apartment_5,seq_0000,15,spaced0.3,7,1.95,1.0,fixed,0.3,42567,48021,0.5923432440440165,0.3861197722352788,0.48923150813964766,0.19529212770455986,0.4624851627413007,0.2746209477749435,0.33634035755397373,0.6316819724703775,0.43895710644555397,0.5802382126999789,0.756585660440224,0.6567804782496243,0.08550972705354021,frl_apartment_5/seq_0000
frl_apartment_5,seq_0000,15,spaced0.3,7,1.95,1.0,subset,0.3,42567,37708,0.5961380852842626,0.3234670240336622,0.45980255465896236,0.19165080931237813,0.5060995014320568,0.2780203105565392,0.33342730284022837,0.6827463668187123,0.44804601104992925,0.578123898794841,0.8040203670308688,0.6726119708215175,0.08462312702964468,frl_apartment_5/seq_0000
frl_apartment_5,seq_0000,15,spaced0.3,7,1.95,0.25,fixed,0.3,10641,48021,0.34495082706758634,0.9070830469322,0.6260169369998931,0.3520345832158632,0.2690073093021803,0.3049709758813492,0.5323747768066911,0.4078215780595989,0.4618480394498197,0.7592331547786862,0.5849315924283126,0.6607812906443945,0.09989429175475686,frl_apartment_5/seq_0000
frl_apartment_5,seq_0000,15,spaced0.3,7,1.95,0.25,subset,0.3,10641,37708,0.3456850493872496,0.7606762173909724,0.5531806333891109,0.34977915609435206,0.31627240903786996,0.3321829783771559,0.5301193496851799,0.46992680598281533,0.49821159028573503,0.7587632741283714,0.6507107245146918,0.7005952579736044,0.10566286215978929,frl_apartment_5/seq_0000
frl_apartment_5,seq_0000,15,random_n0.3,7,1.05,1.0,fixed,0.3,38455,48021,0.6179238867019387,0.4593772013670828,0.5386505440345107,0.1852034845923807,0.3863934528643718,0.25039117323674553,0.3136393186841763,0.5352033485350159,0.3955051273327813,0.5590430373163437,0.7155202932050562,0.6276763631842448,0.07976148305585075,frl_apartment_5/seq_0000
frl_apartment_5,seq_0000,15,random_n0.3,7,1.05,1.0,subset,0.3,38455,35505,0.6427806380900617,0.37769492864423204,0.5102377833671469,0.17878039266675336,0.43782565835797776,0.25388866356642226,0.30534390846443893,0.5881706801858894,0.4019953039679583,0.5500455077363152,0.768426982115195,0.641150744955534,0.07816215545584251,frl_apartment_5/seq_0000
frl_apartment_5,seq_0000,15,random_n0.3,7,1.05,0.25,fixed,0.3,9613,48021,0.37438609429703396,0.7706759848827046,0.5725310395898693,0.3426609799230209,0.2145311426251015,0.26386392980483586,0.5059814834078852,0.31927698298661,0.39150944352101863,0.730573182149173,0.5360571416671873,0.6183792767910499,0.08918556959906253,frl_apartment_5/seq_0000
frl_apartment_5,seq_0000,15,random_n0.3,7,1.05,0.25,subset,0.3,9613,35505,0.3758915342068329,0.6560222739857137,0.5159569040962733,0.33829189639030477,0.2635403464300803,0.29627380265100667,0.5021325288671591,0.37755245740036614,0.43102104315510437,0.730157078955581,0.6034924658498803,0.6608097273424643,0.09621718264797215,frl_apartment_5/seq_0000
frl_apartment_5,seq_0000,15,consec_n0.3,7,0.8999999999999999,1.0,fixed,0.3,41135,48021,0.6373262809623376,0.3937925329748168,0.5155594069685772,0.1792147806004619,0.40534349555402843,0.248541671846387,0.303391272638872,0.5592553257949647,0.3933782045418102,0.5483165187796281,0.7367193519501885,0.6287067926741853,0.07974182411768017,frl_apartment_5/seq_0000
frl_apartment_5,seq_0000,15,consec_n0.3,7,0.8999999999999999,1.0,subset,0.3,41135,36353,0.6650298946918564,0.3399108595887466,0.5024703771403015,0.17189741096389935,0.4459054273374962,0.2481373789243519,0.2946396013127507,0.6039391522020191,0.3960574191765346,0.5368177950650298,0.7803757599097736,0.6360790229724063,0.07764005561103605,frl_apartment_5/seq_0000
frl_apartment_5,seq_0000,15,consec_n0.3,7,0.8999999999999999,0.25,fixed,0.3,10283,48021,0.371587710353303,0.8461558619309834,0.6088717861421432,0.3345327239132549,0.2566168967743279,0.2904400052908152,0.5013128464455898,0.3902251098477749,0.43884808087286803,0.741806865700671,0.5640240728014827,0.6408133201446657,0.09374359814807227,frl_apartment_5/seq_0000
frl_apartment_5,seq_0000,15,consec_n0.3,7,0.8999999999999999,0.25,subset,0.3,10283,36353,0.37474284809146996,0.7143948455996819,0.5445688468455759,0.3259749100457065,0.30434902208896103,0.3147909829854017,0.49294952834775846,0.4530300112782989,0.4721474852940164,0.739667412233784,0.6348306879762331,0.6832509584556368,0.09963166750034105,frl_apartment_5/seq_0000
frl_apartment_5,seq_0000,15,spaced0.5,4,1.7999999999999998,1.0,fixed,0.5,29780,48021,0.5547186437460153,0.37572526860365113,0.4652219561748332,0.22847548690396238,0.4143812082214031,0.2945475998932367,0.36507723304231027,0.5994044272297536,0.4537751598192575,0.6049026192075219,0.7662064513442036,0.6760662579313372,0.09262938783233986,frl_apartment_5/seq_0000
frl_apartment_5,seq_0000,15,spaced0.5,4,1.7999999999999998,1.0,subset,0.5,29780,29958,0.5621391108777545,0.2803465379495462,0.42124282441365035,0.21867024848891875,0.48668135389545364,0.3017579664708794,0.3571188717259906,0.6791508111355898,0.46809739861304056,0.5991269308260577,0.8384071032779224,0.6988527056095201,0.09039042112265261,frl_apartment_5/seq_0000
frl_apartment_5,seq_0000,15,spaced0.5,4,1.7999999999999998,0.25,fixed,0.5,7445,48021,0.33234598178092334,0.9816491194481537,0.6569975506145385,0.39395567494963063,0.2251098477749318,0.28650699728093004,0.5593015446608463,0.3425792882280669,0.42490120221541844,0.7708529214237744,0.5323296057974636,0.6297626360358304,0.09020701000776858,frl_apartment_5/seq_0000
frl_apartment_5,seq_0000,15,spaced0.5,4,1.7999999999999998,0.25,subset,0.5,7445,29958,0.33403941184542973,0.7214658312410284,0.5277526215432291,0.38697112155809266,0.3141397957139996,0.34677260353171613,0.5556749496306246,0.4568395754055678,0.5014334150785457,0.7689724647414372,0.6529474597770212,0.706226291415721,0.10245122017500952,frl_apartment_5/seq_0000
frl_apartment_5,seq_0000,15,random_n0.5,4,0.7499999999999998,1.0,fixed,0.5,28726,48021,0.5601212700552836,0.44530632301921746,0.5027137965372506,0.21694632040660028,0.37800129110180963,0.2756746564813214,0.35598412587899464,0.5364528018991691,0.4279712679188528,0.6109796003620414,0.7026509235542784,0.6536166336746293,0.08797724643270344,frl_apartment_5/seq_0000
frl_apartment_5,seq_0000,15,random_n0.5,4,0.7499999999999998,1.0,subset,0.5,28726,29349,0.5747509098232002,0.33241745061614464,0.4535841802196724,0.20542365801016502,0.45609731166308903,0.28326593552041757,0.3446703334957878,0.6237691233091417,0.4440023797969705,0.601858943117733,0.7802310129817029,0.6795346580567451,0.08647807040692458,frl_apartment_5/seq_0000
frl_apartment_5,seq_0000,15,random_n0.5,4,0.7499999999999998,0.25,fixed,0.5,7181,48021,0.30689017227256593,1.0689087386433045,0.6878994554579352,0.3872719676925219,0.22760875450323817,0.28671085964685666,0.5696978136749756,0.3399346119406093,0.4257983769300195,0.8096365408717449,0.4942421024135274,0.6137940339954134,0.08598388952819333,frl_apartment_5/seq_0000
frl_apartment_5,seq_0000,15,random_n0.5,4,0.7499999999999998,0.25,subset,0.5,7181,29349,0.31019515081304255,0.7667356019880254,0.5384653764005339,0.3793343545467205,0.3176598861971447,0.3457684464289863,0.5612031750452583,0.4589594194010017,0.504957709265116,0.8079654644199972,0.6170227264983474,0.6997013125444173,0.0991879025483058,frl_apartment_5/seq_0000
frl_apartment_5,seq_0000,15,consec_n0.5,4,0.45000000000000007,1.0,fixed,0.5,26236,48021,0.648564674679778,0.54946567824402,0.599015176461899,0.18059155359048634,0.2671956019241582,0.2155187716743286,0.29833053819179756,0.4028862372711938,0.3428134414377741,0.5330080805000762,0.6249765727494221,0.5753402041450242,0.06938140969383917,frl_apartment_5/seq_0000
frl_apartment_5,seq_0000,15,consec_n0.5,4,0.45000000000000007,1.0,subset,0.5,26236,28690,0.6912296170479665,0.4514455076776629,0.5713375623628147,0.16778472328098795,0.3186476124085047,0.21982174107042343,0.28327488946485746,0.4588706866504008,0.3502993138353441,0.5185622808354932,0.6879400487974904,0.5913619095804429,0.06774660431975062,frl_apartment_5/seq_0000
frl_apartment_5,seq_0000,15,consec_n0.5,4,0.45000000000000007,0.25,fixed,0.5,6559,48021,0.39996975819927494,1.1286492475478,0.7643095028735375,0.32245769172129896,0.1574935965515087,0.21162573305155283,0.471108400670834,0.25224380999979173,0.32856518900508364,0.6871474310108249,0.43243580933341663,0.5308174412635535,0.06866713189113748,frl_apartment_5/seq_0000
frl_apartment_5,seq_0000,15,consec_n0.5,4,0.45000000000000007,0.25,subset,0.5,6559,28690,0.40418464561412343,0.8538248082072141,0.6290047269106688,0.3122427199268181,0.21913558731265248,0.25753212309597595,0.4598261930172282,0.33558731265249214,0.38800406405458415,0.6847080347613965,0.5414430115022656,0.6047058907965723,0.08012023816405572,frl_apartment_5/seq_0000
frl_apartment_5,seq_0000,15,spaced1.0,3,2.1,1.0,fixed,1.0,22120,48021,0.5395787402166777,0.4526580848581645,0.4961184125374211,0.23141952983725136,0.32531600758001705,0.2704496927641757,0.3732368896925859,0.4993023885383478,0.4271625935097649,0.6264466546112116,0.7288061473105516,0.6737608986240449,0.08312016865776528,frl_apartment_5/seq_0000
frl_apartment_5,seq_0000,15,spaced1.0,3,2.1,1.0,subset,1.0,22120,26228,0.5454885149878618,0.31836267070700747,0.4319255928474346,0.22377938517179025,0.4249275583346042,0.29316790485604055,0.36735985533453885,0.6208250724416654,0.46158609059836886,0.6212929475587703,0.8269406740887602,0.7095159250292334,0.08580542264752791,frl_apartment_5/seq_0000
frl_apartment_5,seq_0000,15,spaced1.0,3,2.1,0.25,fixed,1.0,5530,48021,0.3291119466164889,1.1841848486389754,0.7566483976277322,0.3887884267631103,0.17481934986776618,0.2411880844126559,0.5580470162748644,0.28445888257220797,0.37683161836500484,0.7658227848101266,0.47427167280981236,0.585774819000252,0.06836108676599474,frl_apartment_5/seq_0000
frl_apartment_5,seq_0000,15,spaced1.0,3,2.1,0.25,subset,1.0,5530,26228,0.33061965820521577,0.7874184630346629,0.5590190606199393,0.38571428571428573,0.2738676223882873,0.32030791946264386,0.5540687160940325,0.4256138477962483,0.48141985351638605,0.7641952983725135,0.6374104010980631,0.6950685657697749,0.08358171882762047,frl_apartment_5/seq_0000
frl_apartment_5,seq_0000,15,random_n1.0,3,1.1999999999999997,1.0,fixed,1.0,23572,48021,0.5347623909250411,0.4183316805831658,0.4765470357541034,0.22887323943661972,0.3711709460444389,0.28314947086051595,0.3745969794671644,0.5580891693217551,0.4482933886661189,0.6215849312743933,0.7366985277274526,0.6742638301197085,0.09536202503903789,frl_apartment_5/seq_0000
frl_apartment_5,seq_0000,15,random_n1.0,3,1.1999999999999997,1.0,subset,1.0,23572,25925,0.5493290905376592,0.2932982855982483,0.4213136880679538,0.21550992703207195,0.4688138862102218,0.29528139881642423,0.3634820974036993,0.6605978784956605,0.46893896583646083,0.6142881384693705,0.8285438765670202,0.7055078765544494,0.09769077555085273,frl_apartment_5/seq_0000
frl_apartment_5,seq_0000,15,random_n1.0,3,1.1999999999999997,0.25,fixed,1.0,5893,48021,0.3217571016375605,1.219195105630165,0.7704761036338628,0.38469370439504497,0.19587263905374733,0.25957746933659714,0.5621924316986255,0.3025343079069574,0.39337860261393265,0.7865263872390972,0.45825784552591575,0.5791074118361076,0.08056389884701094,frl_apartment_5/seq_0000
frl_apartment_5,seq_0000,15,random_n1.0,3,1.1999999999999997,0.25,subset,1.0,5893,25925,0.3241034226502103,0.8132540783036405,0.5686787504769254,0.37603936874257593,0.308351012536162,0.33884789522781905,0.5562531817410487,0.4477145612343298,0.4961168343124767,0.7868657729509587,0.6178977820636451,0.692219860278392,0.09970619491154592,frl_apartment_5/seq_0000
frl_apartment_5,seq_0000,15,consec_n1.0,3,0.30000000000000004,1.0,fixed,1.0,21692,48021,0.6282058486874793,0.5664979742260526,0.597351911456766,0.19205236953715654,0.2480581412298786,0.21649177940855088,0.3119583256500092,0.38599779263239,0.3450509908575048,0.5449474460630648,0.6160013327502551,0.5783000235321739,0.0704272831980223,frl_apartment_5/seq_0000
frl_apartment_5,seq_0000,15,consec_n1.0,3,0.30000000000000004,1.0,subset,1.0,21692,25438,0.6701337764455088,0.4507456794787608,0.5604397279621348,0.17656278812465426,0.3053306077521818,0.2237425283923123,0.29490134611838464,0.45097885053856435,0.356610272509788,0.5290429651484418,0.6888906360562937,0.5984771984313666,0.06920213626800453,frl_apartment_5/seq_0000
frl_apartment_5,seq_0000,15,consec_n1.0,3,0.30000000000000004,0.25,fixed,1.0,5423,48021,0.40065119114733627,1.1963264902667397,0.798488840707038,0.3215932140881431,0.13754399117052957,0.1926797205385318,0.46800663839203394,0.22492242977030882,0.30382674098211887,0.6819103817075419,0.40746756627308883,0.5101193101361833,0.058307483520744476,frl_apartment_5/seq_0000
frl_apartment_5,seq_0000,15,consec_n1.0,3,0.30000000000000004,0.25,subset,1.0,5423,25438,0.40525056834701,0.8485436972828313,0.6268971328149207,0.3103448275862069,0.20646277223052126,0.24796327868852455,0.4567582518900977,0.3212516707288309,0.3772043190527403,0.6796975843628987,0.5397043792751003,0.6016650354882732,0.07097680955727337,frl_apartment_5/seq_0000
frl_apartment_5,seq_0001,16,all,16,2.3124462045054095,1.0,fixed,0.0,66161,48964,0.42209625907794596,0.09222111653280468,0.2571586878053753,0.26893487099650853,0.7884568254227596,0.4010690368563453,0.47118393010988346,0.9083203986602402,0.62049239906521,0.7391363492087484,0.9795768319581734,0.8425383028149558,0.13468702665083718,frl_apartment_5/seq_0001
frl_apartment_5,seq_0001,16,all,16,2.3124462045054095,1.0,subset,0.0,66161,48964,0.42209625907794596,0.09222111653280468,0.2571586878053753,0.26893487099650853,0.7884568254227596,0.4010690368563453,0.47118393010988346,0.9083203986602402,0.62049239906521,0.7391363492087484,0.9795768319581734,0.8425383028149558,0.13468702665083718,frl_apartment_5/seq_0001
frl_apartment_5,seq_0001,16,all,16,2.3124462045054095,0.25,fixed,0.0,16540,48964,0.37287073048008607,0.4686479964341568,0.4207593634571214,0.45048367593712213,0.4350339024589494,0.442624011805497,0.6250906892382104,0.5335144187566375,0.5756834549370773,0.74546553808948,0.6837063965362307,0.713251561188237,0.15784384819917816,frl_apartment_5/seq_0001
frl_apartment_5,seq_0001,16,all,16,2.3124462045054095,0.25,subset,0.0,16540,48964,0.37287073048008607,0.4686479964341568,0.4207593634571214,0.45048367593712213,0.4350339024589494,0.442624011805497,0.6250906892382104,0.5335144187566375,0.5756834549370773,0.74546553808948,0.6837063965362307,0.713251561188237,0.15784384819917816,frl_apartment_5/seq_0001
frl_apartment_5,seq_0001,16,spaced0.3,8,2.1561023741596697,1.0,fixed,0.3,46955,48964,0.4041626615579583,0.10402243789073036,0.25409254972434436,0.3104674688531573,0.7255330446858916,0.43485385385277253,0.5122990096901289,0.8854668736214362,0.6490697875597848,0.7511021190501544,0.97361326688996,0.8480042491158993,0.1480457458841272,frl_apartment_5/seq_0001
frl_apartment_5,seq_0001,16,spaced0.3,8,2.1561023741596697,1.0,subset,0.3,46955,38859,0.4067438147306986,0.09760924531946542,0.252176530025082,0.3017570013843041,0.7546771661648524,0.4311278935694092,0.5068043871792142,0.8969865410844334,0.647670112563829,0.7492492812267064,0.9762217246969814,0.8478072631021166,0.14356699854611038,frl_apartment_5/seq_0001
frl_apartment_5,seq_0001,16,spaced0.3,8,2.1561023741596697,0.25,fixed,0.3,11738,48964,0.3610297355196156,1.011169181341693,0.6860994584306543,0.5007667405009372,0.3859774528224818,0.43594234371551716,0.6528369398534674,0.48617351523568336,0.5573118815655196,0.7508093371954336,0.5960501593007107,0.6645385449692752,0.14953383217958466,frl_apartment_5/seq_0001
frl_apartment_5,seq_0001,16,spaced0.3,8,2.1561023741596697,0.25,subset,0.3,11738,38859,0.3611815538982315,0.8376792953059469,0.5994304246020892,0.500255580166979,0.45181296482153427,0.47480185756265364,0.6518146191855512,0.5567564785506575,0.6005472292450849,0.7510649173624127,0.6623948120126611,0.7039486083774572,0.15799208534067447,frl_apartment_5/seq_0001
frl_apartment_5,seq_0001,16,random_n0.3,8,2.3124462045054095,1.0,fixed,0.3,46136,48964,0.3705012497599643,0.10466137516521523,0.23758131246258976,0.32670799375758625,0.7234498815456254,0.45013586041182896,0.5381264088780995,0.8915325545298587,0.6711491680833408,0.7780258366568407,0.9721836451270321,0.8643353858569252,0.15554009775027916,frl_apartment_5/seq_0001
frl_apartment_5,seq_0001,16,random_n0.3,8,2.3124462045054095,1.0,subset,0.3,46136,40148,0.37263421800727603,0.09770189946052925,0.23516805873390265,0.3199670539275186,0.7550313838796453,0.44946142994511706,0.5341165250563551,0.9054996512902261,0.6719045466886198,0.7771154846540662,0.975540500149447,0.8650957576917727,0.1515452704223239,frl_apartment_5/seq_0001
frl_apartment_5,seq_0001,16,random_n0.3,8,2.3124462045054095,0.25,fixed,0.3,11534,48964,0.3523171543115172,0.5618730079187002,0.4570950811151087,0.5057222125888677,0.3799730414181848,0.43392082403231613,0.6706259753771459,0.5101094681807042,0.5794569164740097,0.7689439916767817,0.6627113797892329,0.7118863154656313,0.1448524984948826,frl_apartment_5/seq_0001
frl_apartment_5,seq_0001,16,random_n0.3,8,2.3124462045054095,0.25,subset,0.3,11534,40148,0.3529381860932047,0.4795803579261194,0.41625927200966206,0.5043350095370209,0.42978479625386073,0.4640850519897483,0.6681116698456736,0.5621450632659161,0.6105647167874946,0.7689439916767817,0.7088522466872571,0.7376763614991457,0.15326362893162945,frl_apartment_5/seq_0001
frl_apartment_5,seq_0001,16,consec_n0.3,8,1.0925769068842548,1.0,fixed,0.3,37555,48964,0.41816963339274027,0.12603796650770158,0.27210379995022094,0.3431234189854879,0.6487010865125398,0.44883854647655924,0.5454666489149248,0.8297320480352912,0.658219296953729,0.7340434030089202,0.9614206355689895,0.8324853361655428,0.15090836199438737,frl_apartment_5/seq_0001
frl_apartment_5,seq_0001,16,consec_n0.3,8,1.0925769068842548,1.0,subset,0.3,37555,36356,0.42384387235244675,0.11458698754097775,0.26921542994671227,0.32749301025163097,0.69196281219056,0.4445763697804977,0.5308747170816136,0.8524590163934426,0.6542874336111166,0.7313007588869658,0.9678182418307845,0.8330978753301251,0.14541064941968637,frl_apartment_5/seq_0001
frl_apartment_5,seq_0001,16,consec_n0.3,8,1.0925769068842548,0.25,fixed,0.3,9388,48964,0.32119802831916155,0.6203820806216592,0.4707900544704104,0.5266297400937366,0.34684666285434196,0.4182362964697507,0.6810822326374094,0.4664038885711952,0.5536614271277813,0.7735406902428632,0.6195163793807695,0.6880136329984425,0.12447779009293204,frl_apartment_5/seq_0001
frl_apartment_5,seq_0001,16,consec_n0.3,8,1.0925769068842548,0.25,subset,0.3,9388,36356,0.3228343386712067,0.5158714545156119,0.4193528965934093,0.5205581593523647,0.4204257894157773,0.46516431097267946,0.6747976139752876,0.5453570249752449,0.6032114413538303,0.7733276523221133,0.686131587633403,0.7271248354489934,0.13551311728395063,frl_apartment_5/seq_0001
frl_apartment_5,seq_0001,16,spaced0.5,4,1.8475725330178,1.0,fixed,0.5,32308,48964,0.37915003959956856,0.12323093967319668,0.25119048963638263,0.3526680698279064,0.6490891267053346,0.45702293979747965,0.5542590070570756,0.8417204476758435,0.6683925583098322,0.7660022285502043,0.9612980965607385,0.8526096748338188,0.1582088149609999,frl_apartment_5/seq_0001
frl_apartment_5,seq_0001,16,spaced0.5,4,1.8475725330178,1.0,subset,0.5,32308,29546,0.3845253014603871,0.1066467604921088,0.24558603097624795,0.33366348891915315,0.7285927029039464,0.45771403381464437,0.543023399777145,0.8755499898463412,0.6703130562563225,0.7626594032437787,0.966831381574494,0.8526938113595562,0.15293519695044472,frl_apartment_5/seq_0001
frl_apartment_5,seq_0001,16,spaced0.5,4,1.8475725330178,0.25,fixed,0.5,8077,48964,0.3531639666212085,1.095453785354668,0.7243088759879382,0.5223474062151789,0.3228698635732375,0.39906954533654426,0.6639841525318807,0.4519647087656237,0.5378336132269362,0.7536213940819612,0.5721958990278572,0.6504954692541284,0.12939851317864384,frl_apartment_5/seq_0001
frl_apartment_5,seq_0001,16,spaced0.5,4,1.8475725330178,0.25,subset,0.5,8077,29546,0.3539162136956671,0.7347761360171311,0.5443461748563991,0.52036647270026,0.45474852771948826,0.48534970179550957,0.6624984523956915,0.5946997901577201,0.6267709853289802,0.7534975857372787,0.7059838895281934,0.7289673289373502,0.15075130662020905,frl_apartment_5/seq_0001
frl_apartment_5,seq_0001,16,random_n0.5,4,1.111352894876433,1.0,fixed,0.5,26957,48964,0.39244559770211945,0.22150563011905886,0.30697561391058914,0.28972066624624404,0.49995915366391636,0.36685374361446166,0.4978669733278926,0.7226329548239523,0.5895536308469697,0.7558333642467634,0.8999060534270076,0.8216015305396056,0.11272312951006457,frl_apartment_5/seq_0001
frl_apartment_5,seq_0001,16,random_n0.5,4,1.111352894876433,1.0,subset,0.5,26957,23343,0.40455694235454315,0.11491438179624822,0.25973566207539567,0.2662017286790073,0.6711219637578717,0.38119985304612664,0.47746410950773455,0.8628282568650131,0.6147457609373443,0.7499721779129725,0.9730540204772309,0.8470717899078839,0.11539501757970971,frl_apartment_5/seq_0001
frl_apartment_5,seq_0001,16,random_n0.5,4,1.111352894876433,0.25,fixed,0.5,6739,48964,0.2873736900391604,1.41299321400439,0.8501834520217751,0.46995103131028343,0.2522669716526428,0.32830287532936847,0.6468318741653064,0.37137488767257576,0.4718434872256907,0.8024929514764801,0.5155828772159138,0.6278115657096898,0.09078790107566424,frl_apartment_5/seq_0001
frl_apartment_5,seq_0001,16,random_n0.5,4,1.111352894876433,0.25,subset,0.5,6739,23343,0.2906549445730925,0.7586210461170512,0.5246379953450718,0.46178958302418754,0.4324636936126462,0.44664578585063935,0.6380768660038582,0.6070770680717988,0.6221910760063948,0.8013058317257753,0.752645332647903,0.776213703620513,0.12203704933271363,frl_apartment_5/seq_0001
frl_apartment_5,seq_0001,16,consec_n0.5,4,0.46248484416444813,1.0,fixed,0.5,22155,48964,0.38435581416785636,0.19236818764461908,0.2883620009062377,0.3786052809749492,0.503655747079487,0.43226827338884016,0.5899345520198601,0.7184666285434197,0.6478873528201964,0.7629880388174227,0.9127522261253166,0.8311777731991049,0.13625148762009812,frl_apartment_5/seq_0001
frl_apartment_5,seq_0001,16,consec_n0.5,4,0.46248484416444813,1.0,subset,0.5,22155,26125,0.3950620010802555,0.14063155442522843,0.26784677775274196,0.34881516587677724,0.6077320574162679,0.4432319769566611,0.5675468291582035,0.8009952153110048,0.6643599974993413,0.758023019634394,0.9515789473684211,0.8438440771910283,0.13544590618553215,frl_apartment_5/seq_0001
frl_apartment_5,seq_0001,16,consec_n0.5,4,0.46248484416444813,0.25,fixed,0.5,5538,48964,0.30858681130607374,1.2857991738756445,0.7971929925908591,0.5388226796677501,0.24297443019361165,0.334920996550839,0.699349945828819,0.38446613838738664,0.4961660506241336,0.7773564463705309,0.5373948206845846,0.635477353889152,0.08417151932239281,frl_apartment_5/seq_0001
frl_apartment_5,seq_0001,16,consec_n0.5,4,0.46248484416444813,0.25,subset,0.5,5538,26125,0.31231536890980666,0.8451937913675527,0.5787545801386796,0.5270855904658721,0.37133014354066984,0.4357064565044357,0.69068255687974,0.5485933014354067,0.6114923026704354,0.7757313109425785,0.6956555023923445,0.7335144639663099,0.10613176777560339,frl_apartment_5/seq_0001
frl_apartment_5,seq_0001,16,spaced1.0,3,2.1561023741596697,1.0,fixed,1.0,27177,48964,0.3825334869732548,0.1342306362378173,0.25838206160553606,0.3356514699930088,0.5794665468507475,0.4250791584959781,0.5291974831659123,0.8138224001307083,0.6413497986881167,0.7687382713323766,0.9645249571113471,0.8555737363129386,0.14368947123103215,frl_apartment_5/seq_0001
frl_apartment_5,seq_0001,16,spaced1.0,3,2.1561023741596697,1.0,subset,1.0,27177,25651,0.38902581128752134,0.10865398112022176,0.24883989620387154,0.3137579570960739,0.6933452886827024,0.4320164834163556,0.5170180667476175,0.8717009083466531,0.6490659759076667,0.7646907311329433,0.9745039179759074,0.8569415895003425,0.14171130821697256,frl_apartment_5/seq_0001
frl_apartment_5,seq_0001,16,spaced1.0,3,2.1561023741596697,0.25,fixed,1.0,6794,48964,0.32442167075475764,1.1457333054918037,0.7350774881232807,0.5247277009125699,0.2883751327505923,0.37219995834195047,0.6792758316161319,0.4222898456008496,0.520806506568491,0.7881954665881661,0.5578179887264112,0.6532915524127962,0.11405686449014005,frl_apartment_5/seq_0001
frl_apartment_5,seq_0001,16,spaced1.0,3,2.1561023741596697,0.25,subset,1.0,6794,25651,0.3254247317255633,0.6684131286136081,0.4969189301695857,0.5209007948189579,0.4448949358699466,0.4799071239221143,0.6778039446570503,0.6077735760789053,0.6408813481567003,0.7874595231086252,0.731004639195353,0.7581826148567736,0.14017146356399265,frl_apartment_5/seq_0001
frl_apartment_5,seq_0001,16,random_n1.0,3,1.3690023071228536,1.0,fixed,1.0,26110,48964,0.38322982674444883,0.1342424734466736,0.2587361500955612,0.37449253159708923,0.6028714974266808,0.46199955511879165,0.5724626579854462,0.8238501756392451,0.6755269306004023,0.7662581386441977,0.9558451106935708,0.8506157753710354,0.15738875909664599,frl_apartment_5/seq_0001
frl_apartment_5,seq_0001,16,random_n1.0,3,1.3690023071228536,1.0,subset,1.0,26110,25894,0.389890824099066,0.1157039349450681,0.25279737952206704,0.3481041746457296,0.694330732988337,0.46372089992004567,0.5568364611260054,0.8613964625009655,0.6764149242549367,0.7628111834546151,0.9624237275044412,0.8510697040721867,0.1552296457239423,frl_apartment_5/seq_0001
frl_apartment_5,seq_0001,16,random_n1.0,3,1.3690023071228536,0.25,fixed,1.0,6527,48964,0.35175710377489866,1.1727227546119146,0.7622399291934066,0.542668913742914,0.27740789151213135,0.3671379026596955,0.6702926306113068,0.4183073278326934,0.5151356418894923,0.7487360196108472,0.5639449391389593,0.6433336085147934,0.11144193960017014,frl_apartment_5/seq_0001
frl_apartment_5,seq_0001,16,random_n1.0,3,1.3690023071228536,0.25,subset,1.0,6527,25894,0.35260623007580105,0.7443916824684567,0.5484989562721289,0.5382258311628619,0.42106279446976136,0.47248943950688604,0.6687605331699096,0.581833629412219,0.622276002661808,0.7487360196108472,0.713717463505059,0.7308074806084965,0.13775479160328566,frl_apartment_5/seq_0001
frl_apartment_5,seq_0001,16,consec_n1.0,3,0.3039829259039807,1.0,fixed,1.0,18711,48964,0.3563268990892317,0.19805709893137952,0.2771919990103056,0.4033456255678478,0.47583939220651905,0.43660374878821934,0.6167495056383945,0.7117678294257005,0.6608607134304875,0.7830153385708941,0.9062576586880157,0.8401408755145123,0.13261000602772754,frl_apartment_5/seq_0001
frl_apartment_5,seq_0001,16,consec_n1.0,3,0.3039829259039807,1.0,subset,1.0,18711,23196,0.36887402276712455,0.14287803902199667,0.2558760308945606,0.36604136604136606,0.5958354888773927,0.45348931137973375,0.5902944791833681,0.8017761683048802,0.6799713025271027,0.7777777777777778,0.9483100534574926,0.8546198781723071,0.13448914974129275,frl_apartment_5/seq_0001
frl_apartment_5,seq_0001,16,consec_n1.0,3,0.3039829259039807,0.25,fixed,1.0,4677,48964,0.3026400820151727,1.321073418885417,0.8118567504502948,0.5757964507162712,0.22492034964463686,0.3234810084186349,0.7243959803292709,0.3491749040111102,0.47121415192424504,0.7887534744494334,0.4932603545461972,0.6069526079313431,0.07774572224432949,frl_apartment_5/seq_0001
frl_apartment_5,seq_0001,16,consec_n1.0,3,0.3039829259039807,0.25,subset,1.0,4677,23196,0.3068396412997131,0.789470224504772,0.5481549329022426,0.5633953388924524,0.37519399896533884,0.45042606318103906,0.716057301689117,0.5450939817209863,0.6189876359047115,0.7872567885396622,0.6849456802897051,0.7325461653623754,0.10441853770869315,frl_apartment_5/seq_0001
apartment_2,seq_0001,45,all,45,6.6,1.0,fixed,0.0,139365,91546,0.8809609146592136,0.3429987038786057,0.6119798092689096,0.1747282316219998,0.6869879623358749,0.2785979714579123,0.2942058623040218,0.742883359185546,0.42148859471622696,0.5340436982025616,0.8004937408515937,0.6406693813781275,0.09745032507376172,apartment_2/seq_0001
apartment_2,seq_0001,45,all,45,6.6,1.0,subset,0.0,139365,91546,0.8809609146592136,0.3429987038786057,0.6119798092689096,0.1747282316219998,0.6869879623358749,0.2785979714579123,0.2942058623040218,0.742883359185546,0.42148859471622696,0.5340436982025616,0.8004937408515937,0.6406693813781275,0.09745032507376172,apartment_2/seq_0001
apartment_2,seq_0001,45,all,45,6.6,0.25,fixed,0.0,34841,91546,0.252556875185383,0.5501120912967894,0.4013344832410862,0.43801842656640166,0.5282043999737837,0.4789024929382469,0.6237765850578342,0.5999606755073952,0.6116368821917489,0.8837002382250796,0.6926353964127324,0.7765885023003868,0.1870952087649551,apartment_2/seq_0001
apartment_2,seq_0001,45,all,45,6.6,0.25,subset,0.0,34841,91546,0.252556875185383,0.5501120912967894,0.4013344832410862,0.43801842656640166,0.5282043999737837,0.4789024929382469,0.6237765850578342,0.5999606755073952,0.6116368821917489,0.8837002382250796,0.6926353964127324,0.7765885023003868,0.1870952087649551,apartment_2/seq_0001
apartment_2,seq_0001,45,spaced0.3,18,6.45,1.0,fixed,0.3,87632,91546,0.7341467258492496,0.38832330224987643,0.561235014049563,0.2276223297425598,0.6275096672710987,0.33406588199025045,0.3633718276428702,0.7186987962335875,0.48269473239474253,0.607517801716268,0.7880737552705743,0.6861159814207407,0.1215587268855334,apartment_2/seq_0001
apartment_2,seq_0001,45,spaced0.3,18,6.45,1.0,subset,0.3,87632,71968,0.7370079538286716,0.3010018670364386,0.5190049104325551,0.22423315683768485,0.6969903290351267,0.3393060297780142,0.35930938469965307,0.7811388394842153,0.4922108866115845,0.6056006938104802,0.8430969319697643,0.704881512697153,0.11894390876512166,apartment_2/seq_0001
apartment_2,seq_0001,45,spaced0.3,18,6.45,0.25,fixed,0.3,21908,91546,0.1908569658106166,0.6654360090118293,0.42814648741122296,0.5371553770312215,0.46308959430231794,0.49738028734112777,0.7093299251415008,0.5547593559521989,0.6225943346163887,0.9185229140040168,0.654392327354554,0.7642806574935477,0.1851332070264075,apartment_2/seq_0001
apartment_2,seq_0001,45,spaced0.3,18,6.45,0.25,subset,0.3,21908,71968,0.1917499139851742,0.5314159917160552,0.3615829528506147,0.5343710060251963,0.5409348599377501,0.5376328995288766,0.7069107175461019,0.6400900400177857,0.6718429918353253,0.9182946868723754,0.7364245220097821,0.817364930816213,0.1926131350056725,apartment_2/seq_0001
apartment_2,seq_0001,45,random_n0.3,18,6.6,1.0,fixed,0.3,85949,91546,0.7717520087170607,0.40799480260590365,0.5898734056614822,0.23408067574957242,0.6340419024315644,0.3419262687204464,0.3582822371406299,0.7139033928298342,0.47711683039886477,0.5955973891493793,0.7814650558189326,0.675987568549138,0.12637594634668448,apartment_2/seq_0001
apartment_2,seq_0001,45,random_n0.3,18,6.6,1.0,subset,0.3,85949,72181,0.7732637036687426,0.3132595607031444,0.5432616321859436,0.23239362877985784,0.7082750308252864,0.34996085583790154,0.3566184597842907,0.7779886673778418,0.48905936451124116,0.5947480482611781,0.8390158074839639,0.6960741993346273,0.12448279342012313,apartment_2/seq_0001
apartment_2,seq_0001,45,random_n0.3,18,6.6,0.25,fixed,0.3,21487,91546,0.19155082399383344,0.6544844842310418,0.42301765411243764,0.5559640712989249,0.4709654162934481,0.5099470868197185,0.7072183180527761,0.555119830467743,0.6220059391871542,0.9216270302973891,0.6520437812684333,0.763744449395185,0.19360049409696653,apartment_2/seq_0001
apartment_2,seq_0001,45,random_n0.3,18,6.6,0.25,subset,0.3,21487,72181,0.19220682602035896,0.5089498397946657,0.35057833290751234,0.5544747987155024,0.5495351962427786,0.5519939470028314,0.705310187555266,0.6422742827059753,0.672317921131069,0.9212081723833015,0.7383660520081462,0.8197148778563583,0.20263764404609474,apartment_2/seq_0001
apartment_2,seq_0001,45,consec_n0.3,18,2.5500000000000003,1.0,fixed,0.3,67649,91546,0.8991411557136024,0.8498079410575087,0.8744745483855556,0.19293707224053572,0.4073362025648308,0.26184825358389796,0.30560688258510843,0.4617023135909816,0.36777717624666934,0.538174991500244,0.5497782535555895,0.5439147468494641,0.0964788572208448,apartment_2/seq_0001
apartment_2,seq_0001,45,consec_n0.3,18,2.5500000000000003,1.0,subset,0.3,67649,59641,0.9121778283620504,0.608789820265118,0.7604838243135842,0.17935224467471803,0.5080062373199644,0.2651078334195867,0.2865822111191592,0.5681158934290169,0.38098109272605085,0.5230232523762361,0.6516154994047719,0.5802806305865645,0.09069115084710157,apartment_2/seq_0001
apartment_2,seq_0001,45,consec_n0.3,18,2.5500000000000003,0.25,fixed,0.3,16912,91546,0.20458015061608956,1.0564858337942737,0.6305329922051817,0.4843306527909177,0.30975684355406025,0.37785441764421496,0.6549195837275308,0.36682105171170776,0.4702529823260873,0.9116012298959318,0.47547680947283333,0.624976002791713,0.1386970505372859,apartment_2/seq_0001
apartment_2,seq_0001,45,consec_n0.3,18,2.5500000000000003,0.25,subset,0.3,16912,59641,0.21104344650787363,0.7760170767819132,0.49353026164489344,0.464581362346263,0.4056605355376335,0.4331262944440125,0.6362937559129612,0.47071645344645463,0.5411222725882363,0.9091769157994324,0.5873476299860834,0.7136573980516422,0.15082650964516822,apartment_2/seq_0001
apartment_2,seq_0001,45,spaced0.5,12,6.6,1.0,fixed,0.5,68955,91546,0.6817806509123234,0.4239495058958362,0.5528650784040798,0.26340366905953155,0.6114849365346383,0.3682008768384213,0.40765716771807703,0.7089004434928888,0.5176416229431755,0.6552099195127257,0.7747034277849387,0.709963819170557,0.13677609995579237,apartment_2/seq_0001
apartment_2,seq_0001,45,spaced0.5,12,6.6,1.0,subset,0.5,68955,64150,0.6845851900679212,0.2809258816836922,0.48275553587580666,0.25954608077731856,0.7201714731098987,0.38157463361082083,0.4035530418388804,0.8062665627435698,0.5378840327859339,0.6540642447973316,0.8618862042088854,0.7437300468846808,0.13501944093512738,apartment_2/seq_0001
apartment_2,seq_0001,45,spaced0.5,12,6.6,0.25,fixed,0.5,17238,91546,0.17115843505554043,0.7012718979523599,0.43621516650395015,0.583710407239819,0.43622878115919866,0.4993067869072791,0.7330896855783734,0.536746553645162,0.6197387507031772,0.9314305603898364,0.6387499180739737,0.7578124964624137,0.18128354605922084,apartment_2/seq_0001
apartment_2,seq_0001,45,spaced0.5,12,6.6,0.25,subset,0.5,17238,64150,0.17203873388177188,0.4873348734611993,0.3296868036714856,0.581447963800905,0.5516134060795012,0.5661378991396749,0.7315233785822021,0.6672642244738893,0.6979177951359051,0.9312565262791507,0.7646297739672642,0.8397573199228064,0.1976996655125873,apartment_2/seq_0001
apartment_2,seq_0001,45,random_n0.5,12,6.3,1.0,fixed,0.5,67510,91546,0.8157330029882565,0.45910803543482503,0.6374205192115407,0.2331062064879277,0.5422847530203395,0.3260547213317525,0.3491038364686713,0.6279029121971468,0.4487242608655777,0.5754999259368982,0.7321237410700632,0.6444318337046788,0.12327168776617467,apartment_2/seq_0001
apartment_2,seq_0001,45,random_n0.5,12,6.3,1.0,subset,0.5,67510,61451,0.8194721657868859,0.3550413091232228,0.5872567374550544,0.22962524070508072,0.6542773917430148,0.3399437857782474,0.3459487483335802,0.7358383101983694,0.4706329963578583,0.5740038512812916,0.8114107174822216,0.6723660733861015,0.12088483093939056,apartment_2/seq_0001
apartment_2,seq_0001,45,random_n0.5,12,6.3,0.25,fixed,0.5,16877,91546,0.22109510454785586,0.7996339174748981,0.510364511011377,0.5303075191088463,0.3835230375985843,0.445126613675076,0.6720981217040943,0.4988858060428637,0.5726811534149391,0.8971381169639154,0.5976667467721145,0.7174041679673993,0.15639173951602686,apartment_2/seq_0001
apartment_2,seq_0001,45,random_n0.5,12,6.3,0.25,subset,0.5,16877,61451,0.22238493934866227,0.5475127575159547,0.3849488484323085,0.525922853587723,0.498999202616719,0.512107399756914,0.6698465367067606,0.6330409594636377,0.6509238833539077,0.896545594596196,0.7348293762509968,0.8076721193234621,0.16900172570124894,apartment_2/seq_0001
apartment_2,seq_0001,45,consec_n0.5,12,1.650000000000001,1.0,fixed,0.5,50060,91546,0.8645098244539433,0.9485027775060939,0.9065063009800186,0.22447063523771474,0.3737793022087257,0.2804930586825643,0.34266879744306833,0.4327660411159417,0.3824832507112383,0.5794646424290851,0.5203067310423175,0.5482946021866473,0.10407620114862025,apartment_2/seq_0001
apartment_2,seq_0001,45,consec_n0.5,12,1.650000000000001,1.0,subset,0.5,50060,49228,0.8775846499970387,0.5949567967342512,0.7362707233656449,0.20519376747902518,0.517733810026814,0.29390427018206755,0.31586096683979226,0.5870439587226781,0.410728233128406,0.5699360767079504,0.6687251157877631,0.615391151667919,0.0979348072378856,apartment_2/seq_0001
apartment_2,seq_0001,45,consec_n0.5,12,1.650000000000001,0.25,fixed,0.5,12515,91546,0.18022703333544163,1.142007503331258,0.6611172683333498,0.5228925289652417,0.2782863260000437,0.36324932910246016,0.6899720335597284,0.33828894763288403,0.4539896337568398,0.9357570914902118,0.43549690865794244,0.5943746680844031,0.12450619806565863,apartment_2/seq_0001
apartment_2,seq_0001,45,consec_n0.5,12,1.650000000000001,0.25,subset,0.5,12515,49228,0.19131378809639718,0.7471043419671717,0.46920906503178444,0.49380743108270075,0.4141139189079386,0.450463094570091,0.6557730723132241,0.48435849516535306,0.5571800089318405,0.9319216939672393,0.5934427561550337,0.7251279240764457,0.1470766434413814,apartment_2/seq_0001
apartment_2,seq_0001,45,spaced1.0,7,6.3,1.0,fixed,1.0,48056,91546,0.600562403564998,0.42664355648636404,0.513602980025681,0.3029590477775928,0.5469709217224128,0.38993751380372604,0.43320292991509907,0.6537150722041378,0.5210904301085013,0.6765232229066089,0.7661066567627204,0.7185334947341058,0.14719235364396654,apartment_2/seq_0001
apartment_2,seq_0001,45,spaced1.0,7,6.3,1.0,subset,1.0,48056,53168,0.6084707300627281,0.23967588677737486,0.4240733084200515,0.29442733477609456,0.6984464339452302,0.4142353811909,0.42517063426003,0.8027384893168823,0.5559056873094717,0.6720700849009489,0.8861157086969605,0.764391335132026,0.14827983374230055,apartment_2/seq_0001
apartment_2,seq_0001,45,spaced1.0,7,6.3,0.25,fixed,1.0,12014,91546,0.14766468510870215,0.8457100351656237,0.4966873601371629,0.6455801564841018,0.36946453149236447,0.46996742681677095,0.7776760446146163,0.4776396565660979,0.5918015978291875,0.9444814383219577,0.5743669849037643,0.7143292875459417,0.1589449150133591,apartment_2/seq_0001
apartment_2,seq_0001,45,spaced1.0,7,6.3,0.25,subset,1.0,12014,53168,0.1493475406595731,0.47392304759688947,0.31163529412823127,0.640669219244215,0.5337044839000903,0.5823155509901468,0.7753454303312802,0.6715505567258502,0.7197250666965269,0.9434826036290994,0.7740370147457117,0.8504012998333156,0.1878559251333019,apartment_2/seq_0001
apartment_2,seq_0001,45,random_n1.0,7,3.2999999999999994,1.0,fixed,1.0,42345,91546,0.501133196179138,0.44587079325910384,0.4735019947191209,0.3341598771991971,0.5053525003823215,0.4023014644680834,0.48740110993033414,0.6209446617001289,0.5461276166060312,0.7328846380918644,0.7471435125510673,0.739945388958725,0.14967339283404477,apartment_2/seq_0001
apartment_2,seq_0001,45,random_n1.0,7,3.2999999999999994,1.0,subset,1.0,42345,46179,0.5173855633993915,0.1764107319837261,0.3468981476915588,0.3199197071673161,0.7051690162194937,0.4401520766457154,0.4640217262959027,0.810195110331536,0.5900850199524716,0.7167552249380092,0.918664327941272,0.8052459148562909,0.157206928549335,apartment_2/seq_0001
apartment_2,seq_0001,45,random_n1.0,7,3.2999999999999994,0.25,fixed,1.0,10586,91546,0.14446623521269725,0.9180921806101443,0.5312792079114208,0.6162856603060646,0.3059773228759312,0.4089276917884574,0.7610995654638202,0.3871168592838573,0.5132037254203344,0.9459663706782543,0.5121250518864833,0.6645030197274343,0.14122458450561243,apartment_2/seq_0001
apartment_2,seq_0001,45,random_n1.0,7,3.2999999999999994,0.25,subset,1.0,10586,46179,0.14605478520493329,0.45769674375972064,0.30187576448232695,0.6122236916682411,0.5093224192814916,0.5560524863625338,0.7564708105044399,0.6235301760540506,0.6835971600714386,0.9455885131305498,0.7627276467658459,0.8443712216275232,0.1934004331762008,apartment_2/seq_0001
apartment_2,seq_0001,45,consec_n1.0,7,0.9,1.0,fixed,1.0,35028,91546,0.7987277504959014,1.0967339784213854,0.9477308644586434,0.24597464885234668,0.3109038079217006,0.2746540256680361,0.36810551558752996,0.3617744084940904,0.3649125034714578,0.6047733241977846,0.4537063334280034,0.518459633116254,0.10072302462425152,apartment_2/seq_0001
apartment_2,seq_0001,45,consec_n1.0,7,0.9,1.0,subset,1.0,35028,38588,0.813481402359983,0.579865637067872,0.6966735197139275,0.22570515016558182,0.5083186482844407,0.3126060410718874,0.34055612652734957,0.5739089872499222,0.42745910966412476,0.5938963115222108,0.6763242458795481,0.6324357965714469,0.09895160760795815,apartment_2/seq_0001
apartment_2,seq_0001,45,consec_n1.0,7,0.9,0.25,fixed,1.0,8757,91546,0.14382430407854402,1.2313206776976462,0.6875724908880951,0.574397624757337,0.24691411967753915,0.34536674977030757,0.7447756080849606,0.3043497258208988,0.43211663047894866,0.9692817174831563,0.400749350053525,0.5670514012482264,0.10767640980218482,apartment_2/seq_0001
apartment_2,seq_0001,45,consec_n1.0,7,0.9,0.25,subset,1.0,8757,38588,0.15617869358981457,0.6883538419863919,0.4222662677881033,0.5416238437821171,0.43249196641442933,0.48094478870434415,0.7084618019869818,0.511791230434332,0.5942776255760254,0.9639145826196186,0.6248056390587747,0.7581690703923564,0.14076721467715034,apartment_2/seq_0001
frl_apartment_5,seq_0003,14,all,14,1.9499999999999997,1.0,fixed,0.0,69462,53836,0.5631207686199992,0.2682988913426895,0.4157098299813443,0.16575969594886414,0.5125938034029274,0.25051066465650335,0.29312429817742075,0.6532803328627684,0.40467329259165274,0.5622210705133742,0.8171855264135522,0.666139951036643,0.07871346883039296,frl_apartment_5/seq_0003
frl_apartment_5,seq_0003,14,all,14,1.9499999999999997,1.0,subset,0.0,69462,53836,0.5631207686199992,0.2682988913426895,0.4157098299813443,0.16575969594886414,0.5125938034029274,0.25051066465650335,0.29312429817742075,0.6532803328627684,0.40467329259165274,0.5622210705133742,0.8171855264135522,0.666139951036643,0.07871346883039296,frl_apartment_5/seq_0003
frl_apartment_5,seq_0003,14,all,14,1.9499999999999997,0.25,fixed,0.0,17365,53836,0.5285705899850075,0.47634937663270965,0.5024599833088585,0.29300316729052694,0.27741659855858536,0.28499693349732697,0.417967175352721,0.38639572033583475,0.4015618538915819,0.6456089835876764,0.6376216657998366,0.6415904666351236,0.09631728045325778,frl_apartment_5/seq_0003
frl_apartment_5,seq_0003,14,all,14,1.9499999999999997,0.25,subset,0.0,17365,53836,0.5285705899850075,0.47634937663270965,0.5024599833088585,0.29300316729052694,0.27741659855858536,0.28499693349732697,0.417967175352721,0.38639572033583475,0.4015618538915819,0.6456089835876764,0.6376216657998366,0.6415904666351236,0.09631728045325778,frl_apartment_5/seq_0003
frl_apartment_5,seq_0003,14,spaced0.3,6,1.9499999999999997,1.0,fixed,0.3,43497,53836,0.5611582257289542,0.31536869058827605,0.4382634581586151,0.18507023472883188,0.4082026896500483,0.2546759323950848,0.31002138078488173,0.5857047328924883,0.40543864302023214,0.5737407177506495,0.783713500260049,0.6624876775719453,0.08163759689922481,frl_apartment_5/seq_0003
frl_apartment_5,seq_0003,14,spaced0.3,6,1.9499999999999997,1.0,subset,0.3,43497,39477,0.5639444295863709,0.2858284206125152,0.4248864250994431,0.18001241464928616,0.4438787141880082,0.2561462263498282,0.3062510058164931,0.6163842237252071,0.40919375814216347,0.5716256293537485,0.8090027104389897,0.6699075633533628,0.07984558757518628,frl_apartment_5/seq_0003
frl_apartment_5,seq_0003,14,spaced0.3,6,1.9499999999999997,0.25,fixed,0.3,10874,53836,0.5350425427346375,0.6514457489469162,0.5932441458407769,0.32122494022438847,0.22670703618396612,0.2658138501935855,0.4473054993562626,0.32134631101864924,0.3740054213789733,0.6613021887070075,0.5341407236793224,0.5909582565370188,0.08826421002803772,frl_apartment_5/seq_0003
frl_apartment_5,seq_0003,14,spaced0.3,6,1.9499999999999997,0.25,subset,0.3,10874,39477,0.5362346881883276,0.5834284104094075,0.5598315492988676,0.3187419532830605,0.2773513691516579,0.29660965430060554,0.44509839985286004,0.38009473870861515,0.41003627414212196,0.6602906014346147,0.5917116295564506,0.6241228938488574,0.09423833949660027,frl_apartment_5/seq_0003
frl_apartment_5,seq_0003,14,random_n0.3,6,1.0500000000000003,1.0,fixed,0.3,43283,53836,0.561775312420938,0.3384939084824136,0.4501346104516758,0.17974724487674146,0.3921353740991158,0.246502519133221,0.30205854492525935,0.5556133442306264,0.3913565558608551,0.5621375597809763,0.761720781633108,0.6468847127016906,0.0801588264872644,frl_apartment_5/seq_0003
frl_apartment_5,seq_0003,14,random_n0.3,6,1.0500000000000003,1.0,subset,0.3,43283,38755,0.5673279064305476,0.2990627642155048,0.43319533532302623,0.17022849617632788,0.43168623403431816,0.24417178962863195,0.2936949841739251,0.5981421752031996,0.39395388459200986,0.55723956287688,0.7985550251580441,0.6564216395009564,0.07675917733518715,frl_apartment_5/seq_0003
frl_apartment_5,seq_0003,14,random_n0.3,6,1.0500000000000003,0.25,fixed,0.3,10820,53836,0.5453071029802885,0.6025616108331966,0.5739343569067425,0.2987985212569316,0.21439185675013003,0.24965382248684828,0.41645101663585954,0.31373058919681995,0.3578655550266545,0.6456561922365989,0.535905342150234,0.5856835933501047,0.08369355951905263,frl_apartment_5/seq_0003
frl_apartment_5,seq_0003,14,random_n0.3,6,1.0500000000000003,0.25,subset,0.3,10820,38755,0.549545260969149,0.5323720561983979,0.5409586585837735,0.2902033271719039,0.26037930589601344,0.27448356108396516,0.4099815157116451,0.3676170816668817,0.3876452680120067,0.6424214417744917,0.596310153528577,0.6185075605193905,0.0880656788145775,frl_apartment_5/seq_0003
frl_apartment_5,seq_0003,14,consec_n0.3,6,0.75,1.0,fixed,0.3,39585,53836,0.566528037964627,0.3716604311892938,0.4690942345769604,0.18024504231400784,0.3609109146296159,0.2404201681393646,0.2980674497915877,0.48865071699234713,0.3702745893059858,0.5593532903877731,0.7155435024890408,0.6278808053625871,0.07800139813826852,frl_apartment_5/seq_0003
frl_apartment_5,seq_0003,14,consec_n0.3,6,0.75,1.0,subset,0.3,39585,36917,0.57477813614814,0.3341080806541669,0.45444310840115343,0.16670455980800808,0.40084513909580954,0.23547792411205604,0.28331438676266263,0.5283744616301433,0.36885091343611176,0.5523809523809524,0.7494379283257036,0.6359951337842714,0.0740596526750253,frl_apartment_5/seq_0003
frl_apartment_5,seq_0003,14,consec_n0.3,6,0.75,0.25,fixed,0.3,9896,53836,0.5255914967873272,0.6242039913028767,0.574897744045102,0.3137631366208569,0.20731480793521065,0.24966608195677767,0.4352263540824576,0.2855152685935062,0.3448219597016189,0.6656224737267583,0.4893194145181663,0.5640145230667057,0.08545789058686591,frl_apartment_5/seq_0003
frl_apartment_5,seq_0003,14,consec_n0.3,6,0.75,0.25,subset,0.3,9896,36917,0.5316930675556255,0.5486146056013124,0.5401538365784689,0.3001212611156023,0.2580112143456944,0.2774776757700688,0.422696038803557,0.3455589565782702,0.3802550012606929,0.6609741309620049,0.5568979061137146,0.604488974739777,0.09272204829094652,frl_apartment_5/seq_0003
frl_apartment_5,seq_0003,14,spaced0.5,4,1.7999999999999996,1.0,fixed,0.5,34774,53836,0.5614663262999264,0.3345884375391652,0.44802738191954583,0.19534709840685568,0.3670034920870793,0.25497640972128605,0.3178524184735722,0.5419793446764247,0.4007050049814712,0.5775004313567608,0.7715469202763949,0.6605678870088486,0.08232050869285254,frl_apartment_5/seq_0003
frl_apartment_5,seq_0003,14,spaced0.5,4,1.7999999999999996,1.0,subset,0.5,34774,32744,0.565032292686481,0.2867909795722015,0.42591163612934124,0.18651866336918388,0.4252076716344979,0.25929623110671557,0.31244608040490024,0.5933606156853164,0.40934384662365236,0.5752861333179962,0.8137063278768629,0.6740338484169717,0.08033378731867609,frl_apartment_5/seq_0003
frl_apartment_5,seq_0003,14,spaced0.5,4,1.7999999999999996,0.25,fixed,0.5,8693,53836,0.5647000798531685,0.64862698268347,0.6066635312683193,0.3301506959622685,0.2006649825395646,0.24961464524814306,0.4530081674910848,0.293465339178245,0.35618731096421,0.6393650063269297,0.512928152165837,0.5692098557345194,0.08066151805913098,frl_apartment_5/seq_0003
frl_apartment_5,seq_0003,14,spaced0.5,4,1.7999999999999996,0.25,subset,0.5,8693,32744,0.5661044049034127,0.5375084228478686,0.5518064138756407,0.32646957321983205,0.2773332518934767,0.2999021025393207,0.45116760611986656,0.38144392865868554,0.41338640403935334,0.6382146554699183,0.6048741754214513,0.6210973083756834,0.09066009312517119,frl_apartment_5/seq_0003
frl_apartment_5,seq_0003,14,random_n0.5,4,1.0499999999999994,1.0,fixed,0.5,30299,53836,0.5625730737358826,0.3965781230271995,0.47957559838154107,0.2079606587676161,0.3511033509176016,0.26120688467659925,0.329416812436054,0.4877776952225277,0.3932531901076899,0.5728901943958546,0.6964484731406494,0.628655710833403,0.08645456948973297,frl_apartment_5/seq_0003
frl_apartment_5,seq_0003,14,random_n0.5,4,1.0499999999999994,1.0,subset,0.5,30299,29862,0.573212895681014,0.3296624072195916,0.4514376514503028,0.192481600052807,0.42616033755274263,0.26518740054605827,0.3149278854087594,0.5566941263143795,0.4022810384815117,0.5632529126373808,0.7554082111044136,0.6453301268598988,0.08534550451511583,frl_apartment_5/seq_0003
frl_apartment_5,seq_0003,14,random_n0.5,4,1.0499999999999994,0.25,fixed,0.5,7574,53836,0.49569984678544277,0.8365380114447091,0.666118929115076,0.3613678373382625,0.19730291997919608,0.25524489535038086,0.49788750990229735,0.27542908091240065,0.35466121089082714,0.6961975178241352,0.4354335388959061,0.5357713490744286,0.08611462886555823,frl_apartment_5/seq_0003
frl_apartment_5,seq_0003,14,random_n0.5,4,1.0499999999999994,0.25,subset,0.5,7574,29862,0.49938185700016763,0.6828763144781458,0.5911290857391567,0.3560866120940058,0.2923447860156721,0.32108273818677713,0.4912859783469765,0.38028263344719043,0.4287155895549609,0.6943490889886453,0.5489250552541691,0.6131320494417608,0.10486025482942869,frl_apartment_5/seq_0003
frl_apartment_5,seq_0003,14,consec_n0.5,4,0.4499999999999996,1.0,fixed,0.5,30026,53836,0.58000250392404,0.4540837037359673,0.5170431038300036,0.18240857923133286,0.2995393417044357,0.2267404562638492,0.29287950442949445,0.41407236793223867,0.3430878809693235,0.5508892293345767,0.6318448621740099,0.5885964253183533,0.07695179532227957,frl_apartment_5/seq_0003
frl_apartment_5,seq_0003,14,consec_n0.5,4,0.4499999999999996,1.0,subset,0.5,30026,30005,0.5925675953618835,0.38189892165708134,0.4872332585094824,0.1655232132152135,0.3689718380269955,0.22852748243117368,0.2747618730433624,0.48805199133477756,0.35158794443518837,0.539765536535003,0.6978170304949175,0.608698916585895,0.07493577981651377,frl_apartment_5/seq_0003
frl_apartment_5,seq_0003,14,consec_n0.5,4,0.4499999999999996,0.25,fixed,0.5,7506,53836,0.5432624428841789,0.7673045220254763,0.6552834824548276,0.32081001865174524,0.18121702949699087,0.23160600141894913,0.4440447641886491,0.25393788542982393,0.3231019811621003,0.6665334399147349,0.42443717958243554,0.5186236334488613,0.0789291671752309,frl_apartment_5/seq_0003
frl_apartment_5,seq_0003,14,consec_n0.5,4,0.4499999999999996,0.25,subset,0.5,7506,30005,0.5508726656874697,0.6217089030615568,0.5862907843745133,0.305888622435385,0.2600233294450925,0.28109736074922254,0.4316546762589928,0.3513081153141143,0.38735886919579515,0.6606714628297362,0.5352107982002999,0.5913600569084482,0.09258786920369332,frl_apartment_5/seq_0003
frl_apartment_5,seq_0003,14,spaced1.0,2,1.0500000000000003,1.0,fixed,1.0,22010,53836,0.5700709852408481,0.37820410202736676,0.47413754363410743,0.22580645161290322,0.32117913663719444,0.2651781792209869,0.3481599273057701,0.48742477152834535,0.40618688508567435,0.5776010904134484,0.7301248235381529,0.6449683220534109,0.0879412310711539,frl_apartment_5/seq_0003
frl_apartment_5,seq_0003,14,spaced1.0,2,1.0500000000000003,1.0,subset,1.0,22010,22874,0.5790201545891294,0.293728572446385,0.43637436351775716,0.20472512494320763,0.4206085511934948,0.27540220999211207,0.33498409813721036,0.5889656378420914,0.4270667880373952,0.5717855520218083,0.8031389350354113,0.6679977608113087,0.08896335873035946,frl_apartment_5/seq_0003
frl_apartment_5,seq_0003,14,spaced1.0,2,1.0500000000000003,0.25,fixed,1.0,5502,53836,0.6006005357818448,0.7970171082002013,0.6988088219910231,0.33351508542348235,0.15935433538895907,0.21566391638679386,0.44838240639767357,0.27849394457240506,0.34358466847326435,0.6025081788440567,0.4834497362359759,0.5364525016988537,0.0631884812212681,frl_apartment_5/seq_0003
frl_apartment_5,seq_0003,14,spaced1.0,2,1.0500000000000003,0.25,subset,1.0,5502,22874,0.6048269688728588,0.586072628512689,0.5954497986927739,0.3233369683751363,0.2726239398443648,0.29582275280141607,0.44220283533260635,0.41995278482119436,0.4307907013831867,0.6001454016721193,0.6330768558188337,0.6161714348194101,0.08243316637499246,frl_apartment_5/seq_0003
frl_apartment_5,seq_0003,14,random_n1.0,2,0.8999999999999995,1.0,fixed,1.0,18212,53836,0.5572761714382556,0.43444496669992116,0.4958605690690884,0.24780364594772678,0.2951556579240657,0.2694148442954171,0.3725016472655392,0.43073408128389923,0.3995070167045877,0.5890621568196793,0.6717809644104317,0.6277081377418909,0.09097037015327804,frl_apartment_5/seq_0003
frl_apartment_5,seq_0003,14,random_n1.0,2,0.8999999999999995,1.0,subset,1.0,18212,20411,0.5723930559779622,0.3245936031334938,0.44849332955572796,0.22512629035800572,0.42849443927294106,0.2951722893091782,0.3540522732264441,0.5571505560727059,0.43296709484241047,0.5746760377772897,0.7683112047425408,0.6575342265990584,0.0998502994011976,frl_apartment_5/seq_0003
frl_apartment_5,seq_0003,14,random_n1.0,2,0.8999999999999995,0.25,fixed,1.0,4553,53836,0.4781507092908698,1.1979339231072512,0.8380423161990604,0.40500768723918296,0.14278549669366222,0.21113524404234835,0.5501866900944432,0.19836169106174306,0.2915936096962194,0.7050296507797057,0.3216806597815588,0.44178849846048124,0.0692377495462795,frl_apartment_5/seq_0003
frl_apartment_5,seq_0003,14,random_n1.0,2,0.8999999999999995,0.25,subset,1.0,4553,20411,0.4805823856875594,0.8267471014384868,0.6536647435630232,0.4012738853503185,0.30111214541178777,0.34405137694568416,0.5442565341533055,0.387977071187105,0.4530174730573848,0.7043707445640237,0.536818382244868,0.6092853303825181,0.10355714586402863,frl_apartment_5/seq_0003
frl_apartment_5,seq_0003,14,consec_n1.0,2,0.15000000000000002,1.0,fixed,1.0,19737,53836,0.5802064133766057,0.48522981284324623,0.532718113109926,0.21143030855753153,0.2702838249498477,0.23726184694300953,0.31960277651112123,0.3903150308343859,0.35143721224612584,0.5540355677154583,0.6075302771379746,0.5795511007659475,0.08237200078210107,frl_apartment_5/seq_0003
frl_apartment_5,seq_0003,14,consec_n1.0,2,0.15000000000000002,1.0,subset,1.0,19737,20940,0.5981613542722944,0.3625576303333419,0.48035949230281816,0.18341186603840504,0.3845272206303725,0.24836063139112458,0.2955869686375842,0.5144699140401147,0.37545660211830106,0.5380250291331002,0.7209646609360076,0.6162036683282752,0.08478855459709657,frl_apartment_5/seq_0003
frl_apartment_5,seq_0003,14,consec_n1.0,2,0.15000000000000002,0.25,fixed,1.0,4934,53836,0.5516683166359282,1.0823219692993868,0.8169951429676575,0.3550871503850831,0.1477635782747604,0.20868597756683688,0.4714227807053101,0.20878222750575823,0.28939715839925695,0.6621402513173895,0.3510290511925106,0.4588186073157157,0.0663490225764795,frl_apartment_5/seq_0003
frl_apartment_5,seq_0003,14,consec_n1.0,2,0.15000000000000002,0.25,subset,1.0,4934,20940,0.5586106569187415,0.74538754297845,0.6519990999485957,0.33968382650993106,0.2784622731614136,0.3060413405064392,0.45966761248479937,0.3699617956064947,0.40996486777940516,0.6591001216051885,0.5410219675262655,0.5942522811920038,0.09391103878491999,frl_apartment_5/seq_0003
frl_apartment_5,seq_0004,15,all,15,2.1,1.0,fixed,0.0,68098,50987,0.4283212374820557,0.19287877232038989,0.3106000049012228,0.20148903051484626,0.5996038205817169,0.3016219464114159,0.3716261857910658,0.7360111400945339,0.4938818985255387,0.6958060442303738,0.8770274775923275,0.7759766197730494,0.09495843185111738,frl_apartment_5/seq_0004
frl_apartment_5,seq_0004,15,all,15,2.1,1.0,subset,0.0,68098,50987,0.4283212374820557,0.19287877232038989,0.3106000049012228,0.20148903051484626,0.5996038205817169,0.3016219464114159,0.3716261857910658,0.7360111400945339,0.4938818985255387,0.6958060442303738,0.8770274775923275,0.7759766197730494,0.09495843185111738,frl_apartment_5/seq_0004
frl_apartment_5,seq_0004,15,all,15,2.1,0.25,fixed,0.0,17024,50987,0.3631651309465248,0.47534227433918125,0.419253702642853,0.34239896616541354,0.3655245454723753,0.35358403675073874,0.5330122180451128,0.49128209151352303,0.5112971044353436,0.778312969924812,0.6945103653872555,0.7340275132367973,0.11911905521864027,frl_apartment_5/seq_0004
frl_apartment_5,seq_0004,15,all,15,2.1,0.25,subset,0.0,17024,50987,0.3631651309465248,0.47534227433918125,0.419253702642853,0.34239896616541354,0.3655245454723753,0.35358403675073874,0.5330122180451128,0.49128209151352303,0.5112971044353436,0.778312969924812,0.6945103653872555,0.7340275132367973,0.11911905521864027,frl_apartment_5/seq_0004
frl_apartment_5,seq_0004,15,spaced0.3,6,1.95,1.0,fixed,0.3,42508,50987,0.4172644890946616,0.22779678963812827,0.3225306393663949,0.22892161475486966,0.5079922333143743,0.31561464786676624,0.4019713936200245,0.6846843313001353,0.5065514468489669,0.7125717511997741,0.8521780061584325,0.7761470756927372,0.10288170789464098,frl_apartment_5/seq_0004
frl_apartment_5,seq_0004,15,spaced0.3,6,1.95,1.0,subset,0.3,42508,37706,0.42412201118928433,0.18730716835297992,0.30571458977113214,0.22179354474451868,0.5678671829417069,0.31899592073615607,0.3937846993507105,0.7429321593380364,0.5147373592054899,0.705067281452903,0.895746035113775,0.7890504349431801,0.10085216465038424,frl_apartment_5/seq_0004
frl_apartment_5,seq_0004,15,spaced0.3,6,1.95,0.25,fixed,0.3,10627,50987,0.3842427659024153,0.638365270296601,0.5113040180995081,0.36717794297543993,0.2951928923058819,0.32727382669802985,0.5412628211160252,0.4442897209092514,0.48800545374885823,0.759198268561212,0.5967599584207739,0.6682493872810602,0.10428384313121196,frl_apartment_5/seq_0004
frl_apartment_5,seq_0004,15,spaced0.3,6,1.95,0.25,subset,0.3,10627,37706,0.38603977308515425,0.515516972930472,0.45077837300781315,0.3640726451491484,0.35843101893597834,0.36122980589383136,0.5359932248047427,0.5250092823423328,0.5304443983864836,0.7585395690223017,0.6769479658409803,0.7154249769343302,0.11276167644162849,frl_apartment_5/seq_0004
frl_apartment_5,seq_0004,15,random_n0.3,6,1.2000000000000002,1.0,fixed,0.3,37555,50987,0.43354906746035865,0.2806541111002502,0.35710158928030444,0.2153641326055119,0.409594602545747,0.28229699445936773,0.37864465450672347,0.5649087022182124,0.45339176392037883,0.6952469711090401,0.800184360719399,0.7440338332871165,0.09394124244869045,frl_apartment_5/seq_0004
frl_apartment_5,seq_0004,15,random_n0.3,6,1.2000000000000002,1.0,subset,0.3,37555,36671,0.4448108241649954,0.24522128390462752,0.34501605403481145,0.2059379576620956,0.46720842082299363,0.28586931776518937,0.36612967647450406,0.6164271495186933,0.4593979032108266,0.6811875915324191,0.839818930490033,0.7522311394472679,0.09183419172620036,frl_apartment_5/seq_0004
frl_apartment_5,seq_0004,15,random_n0.3,6,1.2000000000000002,0.25,fixed,0.3,9388,50987,0.39816520823525237,0.8697356059511396,0.6339504070931961,0.3489561141883255,0.23806068213466178,0.28303357280095803,0.5317426501917342,0.35395296840371077,0.42500354638920024,0.7599062633148701,0.5484143016847431,0.6370662877133789,0.09114780186990253,frl_apartment_5/seq_0004
frl_apartment_5,seq_0004,15,random_n0.3,6,1.2000000000000002,0.25,subset,0.3,9388,36671,0.40073156107268704,0.6960550875910186,0.5483933243318528,0.3424584576054538,0.3003735922118295,0.3200384209950667,0.5235406902428632,0.4338578168034687,0.47449879899500924,0.7585215168299957,0.6359793842545881,0.6918662395158058,0.09901837175792508,frl_apartment_5/seq_0004
frl_apartment_5,seq_0004,15,consec_n0.3,6,0.7499999999999998,1.0,fixed,0.3,37169,50987,0.4254762049371576,0.2772946696678158,0.3513854373024867,0.21639000242137266,0.39543413026849983,0.27971434219208097,0.3852403884957895,0.5638299958813031,0.457732303598231,0.7038392208560897,0.8065977602133877,0.7517230393695504,0.09329451837769329,frl_apartment_5/seq_0004
frl_apartment_5,seq_0004,15,consec_n0.3,6,0.7499999999999998,1.0,subset,0.3,37169,35539,0.44820577856262284,0.24083580640308194,0.3445207924828524,0.20159272512039603,0.45147584343960157,0.27872799269976517,0.3648739541015362,0.6164776724162188,0.4584221187832263,0.6731146923511528,0.8428487014266017,0.7484796093203141,0.08936422049374367,frl_apartment_5/seq_0004
frl_apartment_5,seq_0004,15,consec_n0.3,6,0.7499999999999998,0.25,fixed,0.3,9292,50987,0.38587791774527525,0.7166642049320351,0.5512710613386551,0.3709642703400775,0.25131896365740286,0.29963962029602226,0.5538097287989668,0.368270343420872,0.4423730761768163,0.7657124408092983,0.5815600054915959,0.6610507511003987,0.09692956050571945,frl_apartment_5/seq_0004
frl_apartment_5,seq_0004,15,consec_n0.3,6,0.7499999999999998,0.25,subset,0.3,9292,35539,0.39074057672062207,0.5740380729218049,0.48238932482121344,0.3572965992251399,0.31407749233236726,0.33429595009596097,0.5410030133448127,0.4448352514139396,0.48822858689874593,0.7614076625053809,0.6647345170094825,0.7097945240705342,0.10621289327287177,frl_apartment_5/seq_0004
frl_apartment_5,seq_0004,15,spaced0.5,4,1.8,1.0,fixed,0.5,32941,50987,0.41406664882595656,0.24787599982587946,0.330971324325918,0.23863877842202727,0.45095808735560045,0.3121130400287434,0.41070398591421026,0.6445564555671054,0.5017186185365651,0.7185270635378403,0.839939592445133,0.7745039992891133,0.10360877189184509,frl_apartment_5/seq_0004
frl_apartment_5,seq_0004,15,spaced0.5,4,1.8,1.0,subset,0.5,32941,31836,0.42313324079584425,0.19193040439166711,0.30753182259375567,0.22795300689110834,0.5396720693554466,0.3205207196884429,0.3995932121064934,0.729488629224777,0.5163464575843201,0.7089341550044018,0.8998303807010931,0.7930563813801005,0.10270575236841487,frl_apartment_5/seq_0004
frl_apartment_5,seq_0004,15,spaced0.5,4,1.8,0.25,fixed,0.5,8235,50987,0.4085939038445483,0.946742164090912,0.6776680339677301,0.3691560412871888,0.24276776433208466,0.2929096270156641,0.5324833029751063,0.39410045697923,0.4529583230481852,0.7453551912568306,0.5602604585482573,0.6396875547519936,0.09320517621603629,frl_apartment_5/seq_0004
frl_apartment_5,seq_0004,15,spaced0.5,4,1.8,0.25,subset,0.5,8235,31836,0.41102705752760793,0.6601316803908557,0.5355793689592319,0.3647844565877353,0.337699459731122,0.3507198130699247,0.5282331511839709,0.5206998366628973,0.5244394422297937,0.7423193685488767,0.6927691921095614,0.7166888557747787,0.10733167082294265,frl_apartment_5/seq_0004
frl_apartment_5,seq_0004,15,random_n0.5,4,1.2000000000000002,1.0,fixed,0.5,31694,50987,0.42009874179775397,0.2752142726256216,0.3476565072116878,0.238404745377674,0.42961931472728343,0.3066454921422933,0.4086262384047454,0.6170004118696922,0.4916458778231395,0.7086199280620937,0.8159530860807657,0.7585082666384064,0.09890401272759414,frl_apartment_5/seq_0004
frl_apartment_5,seq_0004,15,random_n0.5,4,1.2000000000000002,1.0,subset,0.5,31694,29932,0.4381150639934619,0.20895534289539602,0.323535203444429,0.22142992364485392,0.5185420285981558,0.3103380376812707,0.3882122799268,0.7055659494855004,0.500849913671546,0.6873540733261816,0.8812641988507283,0.7723237036069236,0.09786127734719906,frl_apartment_5/seq_0004
frl_apartment_5,seq_0004,15,random_n0.5,4,1.2000000000000002,0.25,fixed,0.5,7923,50987,0.40161150623406827,0.9308447676201197,0.6662281369270939,0.3888678530859523,0.2358836566183537,0.29364497629035813,0.5620345828600277,0.3673681526663659,0.44431460882877166,0.744162564685094,0.5466883715456882,0.6303206810863304,0.09327886801987703,frl_apartment_5/seq_0004
frl_apartment_5,seq_0004,15,random_n0.5,4,1.2000000000000002,0.25,subset,0.5,7923,29932,0.4061951245178951,0.6296223066544452,0.5179087155861701,0.3754890824182759,0.3313176533475879,0.35202313546053376,0.549413101098069,0.4885072831751971,0.5171731963742118,0.742016912785561,0.6767673393024188,0.7078917193283577,0.11139937523164081,frl_apartment_5/seq_0004
frl_apartment_5,seq_0004,15,consec_n0.5,4,0.45000000000000034,1.0,fixed,0.5,28027,50987,0.4328035013812284,0.3498084883706063,0.39130599487591733,0.22396260748563884,0.33392825622217426,0.26810778896647947,0.3869482998537125,0.4761017514268343,0.4269202301735402,0.7000392478681272,0.746798203463628,0.7226631466869228,0.09027005277981587,frl_apartment_5/seq_0004
frl_apartment_5,seq_0004,15,consec_n0.5,4,0.45000000000000034,1.0,subset,0.5,28027,29897,0.4612542257795547,0.28285429625831254,0.37205426101893363,0.20487387162379134,0.42204903502023616,0.2758451442859067,0.36250758197452454,0.5647723851891494,0.44158027558200386,0.6626110536268598,0.8145298859417333,0.7307583067761224,0.08897608568853067,frl_apartment_5/seq_0004
frl_apartment_5,seq_0004,15,consec_n0.5,4,0.45000000000000034,0.25,fixed,0.5,7006,50987,0.4033905348920796,0.7980017840201944,0.600696159456137,0.3681130459606052,0.2082883872359621,0.26604261630107506,0.5395375392520697,0.328142467687842,0.4080886458702528,0.7510705109905795,0.541961676505776,0.629607580146417,0.08111374919058925,frl_apartment_5/seq_0004
frl_apartment_5,seq_0004,15,consec_n0.5,4,0.45000000000000034,0.25,subset,0.5,7006,29897,0.40991534875358093,0.5832689710298248,0.49659215989170286,0.351270339708821,0.2924039201257651,0.3191453527477206,0.5238367113902369,0.4372679533063518,0.47665361551158436,0.7446474450471025,0.6670234471686123,0.7037012783355155,0.09651137357830271,frl_apartment_5/seq_0004
frl_apartment_5,seq_0004,15,spaced1.0,3,2.1,1.0,fixed,1.0,26816,50987,0.43244388545912466,0.26135933256744703,0.3469016090132858,0.2365378878281623,0.39082511228352323,0.29470959094907273,0.3979340692124105,0.6041147743542472,0.4798126398199493,0.6970092482100239,0.8393512071704552,0.7615863215500052,0.09496142954789571,frl_apartment_5/seq_0004
frl_apartment_5,seq_0004,15,spaced1.0,3,2.1,1.0,subset,1.0,26816,27728,0.4413265675404151,0.18958579610204493,0.31545618182123003,0.22400805489260142,0.4949509521061743,0.3084264859866594,0.3864483890214797,0.7148730525100981,0.501691021493608,0.6871270883054893,0.9161858049624928,0.7852941084101619,0.09716700492090412,frl_apartment_5/seq_0004
frl_apartment_5,seq_0004,15,spaced1.0,3,2.1,0.25,fixed,1.0,6704,50987,0.42774559640553583,1.102250532137128,0.764998064271332,0.3787291169451074,0.20165924647459157,0.2631831826921346,0.5337112171837709,0.33714476239041324,0.41324385598294583,0.7200178997613366,0.5368034989311001,0.6150565677621661,0.08446197676966907,frl_apartment_5/seq_0004
frl_apartment_5,seq_0004,15,spaced1.0,3,2.1,0.25,subset,1.0,6704,27728,0.42999471448169535,0.6898886353720903,0.5599416749268928,0.37306085918854415,0.309867282169648,0.3385403163815347,0.5298329355608592,0.48359059434506635,0.5056567499182731,0.7185262529832935,0.7116993652625505,0.7150965157509683,0.10557586837294333,frl_apartment_5/seq_0004
frl_apartment_5,seq_0004,15,random_n1.0,3,1.35,1.0,fixed,1.0,26105,50987,0.42126815372772075,0.29299589786224994,0.3571320257949854,0.2578433250335185,0.40496597171828114,0.3150763671692205,0.4207623060716338,0.5855806382018947,0.48967454111499853,0.7064547021643364,0.8074018867554474,0.7535626077259381,0.10340948857671349,frl_apartment_5/seq_0004
frl_apartment_5,seq_0004,15,random_n1.0,3,1.35,1.0,subset,1.0,26105,26832,0.43759942518758566,0.21017929040872863,0.32388935779815714,0.23918789503926452,0.5124850924269528,0.3261530813015013,0.4012641256464279,0.6924940369707812,0.5081068626642925,0.6886803294388049,0.8892740011926058,0.7762271698416378,0.10469241773962804,frl_apartment_5/seq_0004
frl_apartment_5,seq_0004,15,random_n1.0,3,1.35,0.25,fixed,1.0,6526,50987,0.3999184292380729,0.9874034494611071,0.6936609393495901,0.40836653386454186,0.22276266499303743,0.28827320156411534,0.558841556849525,0.3662109949594995,0.4424698297591004,0.7387373582592706,0.5464334045933277,0.6281978729081822,0.08738379814077026,frl_apartment_5/seq_0004
frl_apartment_5,seq_0004,15,random_n1.0,3,1.35,0.25,subset,1.0,6526,26832,0.40451848244324456,0.6523361112609382,0.5284272968520913,0.39457554397793443,0.3337805605247466,0.361640811202474,0.5465828991725407,0.5097644603458557,0.5275320359734588,0.736438859944836,0.7003205128205128,0.7179257011768977,0.10800582241630277,frl_apartment_5/seq_0004
frl_apartment_5,seq_0004,15,consec_n1.0,3,0.3000000000000002,1.0,fixed,1.0,22966,50987,0.4350167939752495,0.367343654974296,0.40118022447477275,0.23691544021597144,0.3049404750230451,0.26665799836432286,0.3978489941652878,0.45372349814658636,0.42395319011940363,0.698423756857964,0.7351481750250064,0.7163155734694672,0.08931512672015302,frl_apartment_5/seq_0004
frl_apartment_5,seq_0004,15,consec_n1.0,3,0.3000000000000002,1.0,subset,1.0,22966,26087,0.46803172829805717,0.2824136335454215,0.3752226809217393,0.2143168161630236,0.403840993598344,0.2800253094513863,0.3699381694679091,0.558860735232108,0.4451855322676761,0.655142384394322,0.8217502970828382,0.7290488412050795,0.09015040637747952,frl_apartment_5/seq_0004
frl_apartment_5,seq_0004,15,consec_n1.0,3,0.3000000000000002,0.25,fixed,1.0,5741,50987,0.41368577083387525,0.9559290062627633,0.6848073885483192,0.3793764152586657,0.17798654559005236,0.24229775702140632,0.5413690994600244,0.3005079726204719,0.38648333803904167,0.7409858909597631,0.5249965677525644,0.6145662553691805,0.07432005060088552,frl_apartment_5/seq_0004
frl_apartment_5,seq_0004,15,consec_n1.0,3,0.3000000000000002,0.25,subset,1.0,5741,26087,0.4201074332413094,0.6345327547762912,0.5273200940088003,0.36352551820240375,0.27419787633687276,0.31260551498937134,0.5249956453579516,0.42316096139839765,0.4686096377678494,0.7354119491377809,0.6784222026296622,0.7057684860003185,0.0940691522086871,frl_apartment_5/seq_0004
frl_apartment_5,seq_0006,18,all,18,2.5499999999999994,1.0,fixed,0.0,48864,45500,0.3592256265212635,0.11195947113287195,0.23559254882706773,0.29154387688277666,0.6861758241758241,0.4092182243783263,0.5039906679764243,0.8768131868131868,0.6400701478050945,0.7831737066142763,0.9795604395604396,0.8704273210660554,0.13622010153701217,frl_apartment_5/seq_0006
frl_apartment_5,seq_0006,18,all,18,2.5499999999999994,1.0,subset,0.0,48864,45500,0.3592256265212635,0.11195947113287195,0.23559254882706773,0.29154387688277666,0.6861758241758241,0.4092182243783263,0.5039906679764243,0.8768131868131868,0.6400701478050945,0.7831737066142763,0.9795604395604396,0.8704273210660554,0.13622010153701217,frl_apartment_5/seq_0006
frl_apartment_5,seq_0006,18,all,18,2.5499999999999994,0.25,fixed,0.0,12216,45500,0.2848035371093432,0.35975794833205554,0.3222807427206994,0.47134905042567127,0.3802637362637363,0.42093532131193717,0.6737884741322855,0.5419560439560439,0.6007244622054414,0.8356254092992796,0.7844395604395604,0.8092238780627706,0.15057369101486748,frl_apartment_5/seq_0006
frl_apartment_5,seq_0006,18,all,18,2.5499999999999994,0.25,subset,0.0,12216,45500,0.2848035371093432,0.35975794833205554,0.3222807427206994,0.47134905042567127,0.3802637362637363,0.42093532131193717,0.6737884741322855,0.5419560439560439,0.6007244622054414,0.8356254092992796,0.7844395604395604,0.8092238780627706,0.15057369101486748,frl_apartment_5/seq_0006
frl_apartment_5,seq_0006,18,spaced0.3,7,2.5499999999999994,1.0,fixed,0.3,31111,45500,0.341017513077466,0.13141282572433113,0.23621516940089854,0.3241618720066857,0.5844175824175825,0.41701558763542507,0.5392626402237151,0.8271868131868132,0.6528905166949441,0.7980778502780367,0.9754945054945054,0.8779123731481248,0.13781343068498414,frl_apartment_5/seq_0006
frl_apartment_5,seq_0006,18,spaced0.3,7,2.5499999999999994,1.0,subset,0.3,31111,33829,0.34498983643829984,0.11489986483385223,0.22994485063607603,0.31387612098614637,0.6329776227497118,0.4196562821113717,0.5324804731445469,0.8579029826480239,0.657108777020272,0.7960849860178072,0.9853380235892282,0.8806586672582367,0.1360654492034143,frl_apartment_5/seq_0006
frl_apartment_5,seq_0006,18,spaced0.3,7,2.5499999999999994,0.25,fixed,0.3,7777,45500,0.2943723211206432,0.7004136698512575,0.4973929954859504,0.5251382281085252,0.3078241758241758,0.3881333455101181,0.6877973511636878,0.4276043956043956,0.5273528959315927,0.8167673910248168,0.5996483516483516,0.6915670377735542,0.13514023987156484,frl_apartment_5/seq_0006
frl_apartment_5,seq_0006,18,spaced0.3,7,2.5499999999999994,0.25,subset,0.3,7777,33829,0.2949780617268219,0.5274506553779191,0.41121435855237054,0.5228237109425228,0.38313281504035,0.44220868087667575,0.685997171145686,0.5160660971355937,0.5890203820392794,0.8168959753118169,0.6990156374708091,0.7533725002366742,0.15019509327061842,frl_apartment_5/seq_0006
frl_apartment_5,seq_0006,18,random_n0.3,7,2.25,1.0,fixed,0.3,31357,45500,0.3423938205968256,0.13743268505154183,0.23991325282418371,0.32924067991198136,0.574,0.41845801340102035,0.536180119271614,0.7891208791208791,0.6385129530573974,0.7964728768695984,0.9758901098901099,0.8771002431660962,0.1435295247700694,frl_apartment_5/seq_0006
frl_apartment_5,seq_0006,18,random_n0.3,7,2.25,1.0,subset,0.3,31357,34044,0.34713260922801703,0.12373713708316815,0.23543487315559258,0.3165162483655962,0.6145282575490542,0.41782788547361716,0.5278885097426412,0.8141816472799907,0.6404987611019433,0.7939853940109066,0.9840794266243684,0.8788708737932444,0.13939975747776878,frl_apartment_5/seq_0006
frl_apartment_5,seq_0006,18,random_n0.3,7,2.25,0.25,fixed,0.3,7839,45500,0.3032319990547285,1.0136999495238161,0.6584659742892723,0.5001913509376196,0.2987692307692308,0.37409050853997505,0.6730450312539865,0.41017582417582416,0.5097147068729707,0.8097971680061232,0.5954945054945054,0.6863055879515841,0.1302227432590856,frl_apartment_5/seq_0006
frl_apartment_5,seq_0006,18,random_n0.3,7,2.25,0.25,subset,0.3,7839,34044,0.3047107407664832,0.8174009931241265,0.5610558669453048,0.4934302844750606,0.36684878392668313,0.42082693037869195,0.6683250414593698,0.48751615556338856,0.5637785808608775,0.8099247352978697,0.6793561273645871,0.7389168093452595,0.14237324018206837,frl_apartment_5/seq_0006
frl_apartment_5,seq_0006,18,consec_n0.3,7,0.8999999999999998,1.0,fixed,0.3,26752,45500,0.35219877746035116,0.20117581332626247,0.27668729539330683,0.3123130980861244,0.4696703296703297,0.37515934617518853,0.5313621411483254,0.6952307692307692,0.6023503103674144,0.7933612440191388,0.9283076923076923,0.8555458370214298,0.12802559462932367,frl_apartment_5/seq_0006
frl_apartment_5,seq_0006,18,consec_n0.3,7,0.8999999999999998,1.0,subset,0.3,26752,30724,0.36253512173935337,0.16541031048710284,0.2639727161132281,0.29014653110047844,0.5249967452154667,0.3737403935949749,0.5072891746411483,0.7396172373388882,0.601809108165879,0.7883522727272727,0.9500716052597318,0.8616898545220706,0.1263890480009165,frl_apartment_5/seq_0006
frl_apartment_5,seq_0006,18,consec_n0.3,7,0.8999999999999998,0.25,fixed,0.3,6688,45500,0.3162318712985257,0.703578165818304,0.5099050185584149,0.48998205741626794,0.2513846153846154,0.3322888809759949,0.6712021531100478,0.3892307692307692,0.49272806390748286,0.8044258373205742,0.6154285714285714,0.6973484616899194,0.11309956835928027,frl_apartment_5/seq_0006
frl_apartment_5,seq_0006,18,consec_n0.3,7,0.8999999999999998,0.25,subset,0.3,6688,30724,0.3221743114479481,0.5448163976261424,0.43349535453704524,0.46396531100478466,0.32459966150240854,0.3819672142478761,0.6478767942583732,0.48118734539773467,0.5522274666679862,0.8044258373205742,0.7068415570889207,0.7524831323928696,0.12779534012410726,frl_apartment_5/seq_0006
frl_apartment_5,seq_0006,18,spaced0.5,5,2.3999999999999995,1.0,fixed,0.5,27117,45500,0.3294370703680863,0.13310509799668344,0.23127108418238485,0.34524468045875284,0.5725054945054945,0.4307369955426698,0.5624884758638492,0.825032967032967,0.6689216062779275,0.8115204484271858,0.9783956043956044,0.8871790812380816,0.14525582132108347,frl_apartment_5/seq_0006
frl_apartment_5,seq_0006,18,spaced0.5,5,2.3999999999999995,1.0,subset,0.5,27117,30158,0.3340390771874259,0.11070915922843572,0.22237411820793082,0.33027252277169306,0.6452350951654618,0.4369077570337524,0.5525684994652801,0.8719742688507195,0.6764633874499383,0.8097872183501125,0.9890907885138271,0.8905029415781973,0.14407923065882014,frl_apartment_5/seq_0006
frl_apartment_5,seq_0006,18,spaced0.5,5,2.3999999999999995,0.25,fixed,0.5,6779,45500,0.2890164235816139,1.1435187743698028,0.7162675989757084,0.5344446083493141,0.2961978021978022,0.38115395115754863,0.6931700840831981,0.4148791208791209,0.519077661562734,0.8189998524856174,0.5648131868131868,0.6685612919449402,0.12663798161548992,frl_apartment_5/seq_0006
frl_apartment_5,seq_0006,18,spaced0.5,5,2.3999999999999995,0.25,subset,0.5,6779,30158,0.2901208187970498,0.819418705149953,0.5547697619735014,0.5304617200177018,0.4005239074209165,0.4564250930989119,0.6913999114913704,0.5427084024139531,0.6080966105920204,0.8189998524856174,0.6988527090655879,0.7541710968935658,0.1473925568816509,frl_apartment_5/seq_0006
frl_apartment_5,seq_0006,18,random_n0.5,5,0.9000000000000002,1.0,fixed,0.5,21991,45500,0.34340721704259763,0.20804118359796941,0.27572420032028355,0.3435951070892638,0.4545934065934066,0.39137639177461886,0.552407803192215,0.6692747252747253,0.6052514824535103,0.7984630075940158,0.9318901098901099,0.8600322932602816,0.133619795525263,frl_apartment_5/seq_0006
frl_apartment_5,seq_0006,18,random_n0.5,5,0.9000000000000002,1.0,subset,0.5,21991,26557,0.3547304768590724,0.15195546775799287,0.25334297230853264,0.317629939520713,0.5463719546635538,0.4017215519636033,0.5284434541403301,0.7396543284256505,0.6164595405130121,0.7942794779682597,0.9644161614640208,0.8711182857302936,0.13700685375251476,frl_apartment_5/seq_0006
frl_apartment_5,seq_0006,18,random_n0.5,5,0.9000000000000002,0.25,fixed,0.5,5497,45500,0.28515143697940437,1.304702962915342,0.7949271999473732,0.5224668000727669,0.22367032967032968,0.31324086888509173,0.6960160087320356,0.33663736263736266,0.45379214367397064,0.8328179006730945,0.5161758241758242,0.6373350125353013,0.1024419900699159,frl_apartment_5/seq_0006
frl_apartment_5,seq_0006,18,random_n0.5,5,0.9000000000000002,0.25,subset,0.5,5497,26557,0.28794631103816776,0.8705477794196669,0.5792470452289173,0.5071857376750956,0.3368979929961969,0.404864709246662,0.6892850645806804,0.48164325789810597,0.5670535040476996,0.8324540658541022,0.6829084610460519,0.750302208101799,0.12859152099658427,frl_apartment_5/seq_0006
frl_apartment_5,seq_0006,18,consec_n0.5,5,0.6000000000000003,1.0,fixed,0.5,21703,45500,0.35492251568898797,0.21651576342996579,0.28571913955947686,0.3219831359719854,0.4215164835164835,0.365087474610674,0.5328295627332627,0.6425274725274726,0.5825593789124252,0.7907662535133392,0.9225934065934066,0.8516083909697327,0.1251185395922238,frl_apartment_5/seq_0006
frl_apartment_5,seq_0006,18,consec_n0.5,5,0.6000000000000003,1.0,subset,0.5,21703,26736,0.367985304311741,0.16883417303598036,0.26840973867386064,0.2931852739252638,0.4956986834230999,0.3684484972220499,0.5041699304243653,0.7075478755236385,0.5887911548771411,0.7837165368843018,0.953583183722322,0.8603453986822861,0.12720089909069238,frl_apartment_5/seq_0006
frl_apartment_5,seq_0006,18,consec_n0.5,5,0.6000000000000003,0.25,fixed,0.5,5425,45500,0.3231074686126959,0.9946146917956888,0.6588610802041923,0.49474654377880184,0.21685714285714286,0.30154234424928256,0.6744700460829494,0.34235164835164833,0.4541719227749264,0.7963133640552995,0.5445714285714286,0.6468109842675092,0.09868287740628166,frl_apartment_5/seq_0006
frl_apartment_5,seq_0006,18,consec_n0.5,5,0.6000000000000003,0.25,subset,0.5,5425,26736,0.3300845680490727,0.6945086765924214,0.512296622320747,0.46654377880184333,0.31347247157390784,0.37498867842302813,0.6447926267281106,0.4703022142429683,0.543895261525356,0.7959447004608295,0.6831238779174147,0.7352313994565415,0.12066093677127057,frl_apartment_5/seq_0006
frl_apartment_5,seq_0006,18,spaced1.0,3,2.1,1.0,fixed,1.0,19439,45500,0.33525767687975355,0.16923851439202955,0.25224809563589157,0.3627244199804517,0.4622197802197802,0.4064721023386001,0.5720973301095735,0.6955604395604396,0.6278165604679794,0.8029219610062246,0.9683296703296703,0.877902545348926,0.13577654768721767,frl_apartment_5/seq_0006
frl_apartment_5,seq_0006,18,spaced1.0,3,2.1,1.0,subset,1.0,19439,24828,0.3442242291921951,0.1391843316578121,0.24170428042500358,0.33427645455013116,0.560939262123409,0.4189130826642066,0.5539894027470549,0.7524569034960529,0.6381481559076141,0.7984464221410567,0.9854196874496536,0.8821343928463987,0.1382704037720316,frl_apartment_5/seq_0006
frl_apartment_5,seq_0006,18,spaced1.0,3,2.1,0.25,fixed,1.0,4859,45500,0.32229000111372025,1.3224129013956532,0.8223514512546867,0.5264457707347191,0.2342197802197802,0.32420033367987866,0.6653632434657337,0.3324835164835165,0.44339936712850875,0.7832887425396172,0.5197582417582418,0.6248750574881086,0.09924538121259432,frl_apartment_5/seq_0006
frl_apartment_5,seq_0006,18,spaced1.0,3,2.1,0.25,subset,1.0,4859,24828,0.32441004361749015,0.8317757269543966,0.5780928852859434,0.5163613912327639,0.37006605445464796,0.43114148519631157,0.6618645811895452,0.4946834219429676,0.5661908282213852,0.7828771352130068,0.7038424359594007,0.741259025023409,0.12862538302572507,frl_apartment_5/seq_0006
frl_apartment_5,seq_0006,18,random_n1.0,3,1.5000000000000002,1.0,fixed,1.0,19039,45500,0.3404971375255865,0.17531393015664998,0.25790553384111825,0.3516991438625978,0.44896703296703294,0.3944248569167051,0.5592730710646567,0.6889010989010989,0.6173558827175616,0.7978885445664163,0.954967032967033,0.8693896585766315,0.13478414606705455,frl_apartment_5/seq_0006
frl_apartment_5,seq_0006,18,random_n1.0,3,1.5000000000000002,1.0,subset,1.0,19039,24288,0.3517144833244824,0.14168420435477422,0.24669934383962833,0.3194495509217921,0.5417490118577075,0.401908423979987,0.5327485687273491,0.7552289196310935,0.6247735377856146,0.7927412153999684,0.9785490777338604,0.8758995498572953,0.13481739921877964,frl_apartment_5/seq_0006
frl_apartment_5,seq_0006,18,random_n1.0,3,1.5000000000000002,0.25,fixed,1.0,4759,45500,0.3331568454311837,1.3203993955867017,0.8267781205089427,0.49905442319815085,0.22362637362637364,0.30885483990271934,0.6539188905232192,0.3425714285714286,0.44960582998921383,0.7802059256146249,0.5334285714285715,0.6336376416080526,0.10103179175614099,frl_apartment_5/seq_0006
frl_apartment_5,seq_0006,18,random_n1.0,3,1.5000000000000002,0.25,subset,1.0,4759,24288,0.33860630313720136,0.8466056235990242,0.5926059633681128,0.4795125026266022,0.3499670619235837,0.40462378790696174,0.6347972263080479,0.4988883399209486,0.5586962449785217,0.7797856692582475,0.71191534914361,0.744306506650941,0.13140956100383308,frl_apartment_5/seq_0006
frl_apartment_5,seq_0006,18,consec_n1.0,3,0.29999999999999993,1.0,fixed,1.0,16357,45500,0.3552134423421299,0.23963908775652817,0.29742626504932906,0.345234456196124,0.3720659340659341,0.3581483633918778,0.5486336125206334,0.6029450549450549,0.5745085993542224,0.7869413706669928,0.9014065934065935,0.8402937726558982,0.12103924668362087,frl_apartment_5/seq_0006
frl_apartment_5,seq_0006,18,consec_n1.0,3,0.29999999999999993,1.0,subset,1.0,16357,21546,0.37339717709083875,0.1712682938179253,0.272332735454382,0.3048847588188543,0.48412698412698413,0.37414636756144465,0.5090786819098857,0.707277452891488,0.5920303489427895,0.7774653053738461,0.9511742318759863,0.8555918671462387,0.13074419613799088,frl_apartment_5/seq_0006
frl_apartment_5,seq_0006,18,consec_n1.0,3,0.29999999999999993,0.25,fixed,1.0,4089,45500,0.342502820019866,1.4217177215983072,0.8821102708090867,0.4883834678405478,0.1816043956043956,0.264758779492876,0.6551724137931034,0.29446153846153844,0.4063104030032512,0.7801418439716312,0.47874725274725277,0.5933656356672643,0.07773776742215632,frl_apartment_5/seq_0006
frl_apartment_5,seq_0006,18,consec_n1.0,3,0.29999999999999993,0.25,subset,1.0,4089,21546,0.3495263036801963,0.8534943701574434,0.6015103369188199,0.4641721692345317,0.31922398589065254,0.3782885300959381,0.6248471508926388,0.4801355239951731,0.5430154173977217,0.7801418439716312,0.6794764689501531,0.7263378661795549,0.10994848679974244,frl_apartment_5/seq_0006
frl_apartment_5,seq_0008,24,all,24,3.4499999999999997,1.0,fixed,0.0,39168,34525,0.34081490686119376,0.08757870109534474,0.21419680397826923,0.28456903594771243,0.7773787110789283,0.416626733278349,0.495532066993464,0.9050832729905866,0.6404296344081769,0.7880923202614379,0.9904706734250543,0.8777674267837078,0.1439439347134492,frl_apartment_5/seq_0008
frl_apartment_5,seq_0008,24,all,24,3.4499999999999997,1.0,subset,0.0,39168,34525,0.34081490686119376,0.08757870109534474,0.21419680397826923,0.28456903594771243,0.7773787110789283,0.416626733278349,0.495532066993464,0.9050832729905866,0.6404296344081769,0.7880923202614379,0.9904706734250543,0.8777674267837078,0.1439439347134492,frl_apartment_5/seq_0008
frl_apartment_5,seq_0008,24,all,24,3.4499999999999997,0.25,fixed,0.0,9792,34525,0.12110090886122249,0.889090853392027,0.5050958811266247,0.5988562091503268,0.5594496741491672,0.5784826200088113,0.8468137254901961,0.6445184648805213,0.731945687106806,0.9707924836601307,0.728718320057929,0.8325151758612,0.23428641102237396,frl_apartment_5/seq_0008
frl_apartment_5,seq_0008,24,all,24,3.4499999999999997,0.25,subset,0.0,9792,34525,0.12110090886122249,0.889090853392027,0.5050958811266247,0.5988562091503268,0.5594496741491672,0.5784826200088113,0.8468137254901961,0.6445184648805213,0.731945687106806,0.9707924836601307,0.728718320057929,0.8325151758612,0.23428641102237396,frl_apartment_5/seq_0008
frl_apartment_5,seq_0008,24,spaced0.3,10,3.3,1.0,fixed,0.3,27520,34525,0.2972125072648774,0.09774561283988664,0.19747906005238203,0.34222383720930233,0.724112961622013,0.464785078355865,0.5609375,0.8839102099927588,0.686326150484466,0.8299055232558139,0.989601737871108,0.90274544721973,0.16767627071738261,frl_apartment_5/seq_0008
frl_apartment_5,seq_0008,24,spaced0.3,10,3.3,1.0,subset,0.3,27520,29862,0.2998006048004471,0.08823310443862825,0.1940168546195377,0.33855377906976747,0.7648851383028599,0.4693594725539065,0.5573401162790698,0.9090817761703838,0.6910258847699923,0.8268531976744186,0.9927332395686826,0.902232108103346,0.16807918537726899,frl_apartment_5/seq_0008
frl_apartment_5,seq_0008,24,spaced0.3,10,3.3,0.25,fixed,0.3,6880,34525,0.11758333188054745,0.9598767302756189,0.5387300310780831,0.6526162790697675,0.5027661115133961,0.5679736018352116,0.8526162790697674,0.6222447501810282,0.7194386359771788,0.9636627906976745,0.7158001448225924,0.8214411292474931,0.21064394468501188,frl_apartment_5/seq_0008
frl_apartment_5,seq_0008,24,spaced0.3,10,3.3,0.25,subset,0.3,6880,29862,0.11767383468313496,0.7241175171606616,0.4208956759218983,0.6524709302325581,0.559707990087737,0.6025400818794074,0.8520348837209303,0.6887683343379546,0.7617515861598754,0.9636627906976745,0.7864844953452549,0.8661052125943984,0.22404987231485654,frl_apartment_5/seq_0008
frl_apartment_5,seq_0008,24,random_n0.3,10,3.3,1.0,fixed,0.3,28006,34525,0.29615479007233103,0.09670604124456149,0.19643041565844627,0.33317860458473186,0.7282838522809558,0.4571967591977969,0.562200956937799,0.8884576393917452,0.6886413334309683,0.8328929515103907,0.9897465604634323,0.9045704634142542,0.16609059486992905,frl_apartment_5/seq_0008
frl_apartment_5,seq_0008,24,random_n0.3,10,3.3,1.0,subset,0.3,28006,30145,0.29943806281233937,0.08955588492920155,0.19449697387077047,0.3298221809612226,0.7655000829324929,0.46101300996341443,0.5575590944797544,0.9079449328246807,0.6908653202602882,0.8289295151039063,0.9903798308177144,0.9024909092769374,0.16596840765912546,frl_apartment_5/seq_0008
frl_apartment_5,seq_0008,24,random_n0.3,10,3.3,0.25,fixed,0.3,7001,34525,0.11836083710352759,0.930586524702171,0.5244736809028493,0.642051135552064,0.5039536567704562,0.5646817880042965,0.8630195686330524,0.6255177407675597,0.7253214916419063,0.9635766319097272,0.721216509775525,0.8249646299866256,0.20871130808115781,frl_apartment_5/seq_0008
frl_apartment_5,seq_0008,24,random_n0.3,10,3.3,0.25,subset,0.3,7001,30145,0.11835372947566403,0.7305186412071354,0.4244361853413997,0.6416226253392373,0.5558799137502073,0.5956816257023677,0.8625910584202257,0.6880411345165036,0.7654918209007677,0.9634337951721182,0.7877591640404711,0.8667848932357335,0.2197025474893241,frl_apartment_5/seq_0008
frl_apartment_5,seq_0008,24,consec_n0.3,10,1.3499999999999999,1.0,fixed,0.3,21695,34525,0.26497566518813775,0.1661177918103958,0.21554672849926676,0.3630329569025121,0.6672266473569877,0.47022179985064366,0.5725743258815396,0.8210861694424331,0.6746734395307212,0.8566029038949067,0.9519188993482983,0.9017491434075243,0.17865522803930195,frl_apartment_5/seq_0008
frl_apartment_5,seq_0008,24,consec_n0.3,10,1.3499999999999999,1.0,subset,0.3,21695,25831,0.2736790511485561,0.09398563361717656,0.18383234238286633,0.34989628946761925,0.7473191126940498,0.47663236236881273,0.563539986171929,0.8898610197050056,0.6900673175699717,0.8504724590919567,0.9931864813596066,0.9163058639597489,0.18020697038182468,frl_apartment_5/seq_0008
frl_apartment_5,seq_0008,24,consec_n0.3,10,1.3499999999999999,0.25,fixed,0.3,5423,34525,0.12417788345864972,1.2403339728200244,0.6822559281393371,0.5804905034113959,0.36918175235336714,0.45132728680449485,0.8347777982666421,0.5239391745112237,0.6438026451232484,0.9710492347409183,0.6453874004344677,0.7754129393823374,0.1496741491672701,frl_apartment_5/seq_0008
frl_apartment_5,seq_0008,24,consec_n0.3,10,1.3499999999999999,0.25,subset,0.3,5423,25831,0.1256022615729155,0.7841629852765893,0.45488262342475244,0.5697953162456205,0.44500793620068907,0.4997292571304562,0.8316430020283976,0.6223142735472882,0.7119099293382881,0.9710492347409183,0.7548681816422128,0.8494197499322527,0.17003381600624295,frl_apartment_5/seq_0008
frl_apartment_5,seq_0008,24,spaced0.5,6,2.9999999999999996,1.0,fixed,0.5,20524,34525,0.2734336537533968,0.11531626953127135,0.19437496164233406,0.37765542779185346,0.669341057204924,0.4828674917626969,0.5943773143636718,0.841940622737147,0.6968240015247493,0.8507113623075424,0.9801013758146271,0.9108341440468173,0.18286303409828553,frl_apartment_5/seq_0008
frl_apartment_5,seq_0008,24,spaced0.5,6,2.9999999999999996,1.0,subset,0.5,20524,26900,0.2782793830392402,0.09775473483706106,0.18801705893815063,0.36976222958487626,0.7361710037174721,0.4922688341275126,0.5869226271681933,0.8878066914498142,0.7066704773341499,0.8453517832781134,0.9888475836431226,0.9114865955123441,0.1859711647497165,frl_apartment_5/seq_0008
frl_apartment_5,seq_0008,24,spaced0.5,6,2.9999999999999996,0.25,fixed,0.5,5131,34525,0.11435528304486338,1.0544840507437583,0.5844196668943108,0.6891444162931203,0.44782041998551775,0.5428715683858271,0.8778015981290197,0.5936278059377262,0.7082737850769801,0.9579029428961217,0.7067052860246198,0.8133506268704878,0.19324707143404027,frl_apartment_5/seq_0008
frl_apartment_5,seq_0008,24,spaced0.5,6,2.9999999999999996,0.25,subset,0.5,5131,26900,0.11432209957877283,0.6410310062233319,0.37767655290105234,0.6862210095497954,0.5330483271375465,0.6000133853623784,0.8764373416488014,0.7017843866171004,0.7794469322040635,0.9579029428961217,0.8262453531598513,0.887216446184064,0.21808137495615573,frl_apartment_5/seq_0008
frl_apartment_5,seq_0008,24,random_n0.5,6,2.9999999999999996,1.0,fixed,0.5,19965,34525,0.26427081955539805,0.11807648506058573,0.19117365230799188,0.3863260706235913,0.649703113685735,0.4845370280750362,0.6106185825194089,0.840260680666184,0.7072659990310265,0.8508890558477336,0.9774366401158581,0.9097833517247961,0.1785741960480434,frl_apartment_5/seq_0008
frl_apartment_5,seq_0008,24,random_n0.5,6,2.9999999999999996,1.0,subset,0.5,19965,26462,0.2702331829788106,0.09788000119822035,0.1840565920885155,0.3779614325068871,0.725077469579019,0.4969023641184531,0.6044077134986225,0.8898798276774242,0.7198751473384524,0.8459303781617831,0.9881339278966065,0.9115193011923245,0.1831032624466277,frl_apartment_5/seq_0008
frl_apartment_5,seq_0008,24,random_n0.5,6,2.9999999999999996,0.25,fixed,0.5,4991,34525,0.1168554533764346,1.1029888083041053,0.6099221308402699,0.66399519134442,0.4093555394641564,0.5064702560916707,0.8703666599879784,0.5666039102099928,0.6863789183903164,0.9597275095171308,0.6916727009413468,0.8039448154013868,0.17586600685192236,frl_apartment_5/seq_0008
frl_apartment_5,seq_0008,24,random_n0.5,6,2.9999999999999996,0.25,subset,0.5,4991,26462,0.11696953740813126,0.645775493567788,0.3813725154879596,0.6609897816068924,0.496939006877787,0.5673433615169857,0.8689641354437988,0.6829037865618623,0.7647801595306903,0.9593267882187938,0.8183054946716045,0.8832224634317164,0.20095609065155806,frl_apartment_5/seq_0008
frl_apartment_5,seq_0008,24,consec_n0.5,6,0.7500000000000001,1.0,fixed,0.5,15561,34525,0.23290021266888955,0.245582331475046,0.23924127207196777,0.3877642825011246,0.5460391020999276,0.45348831271112994,0.5974551764025449,0.7366256335988414,0.6597813184404847,0.8832337253389885,0.9163794351918899,0.8995013374205468,0.1671152983400628,frl_apartment_5/seq_0008
frl_apartment_5,seq_0008,24,consec_n0.5,6,0.7500000000000001,1.0,subset,0.5,15561,22124,0.24164315583172943,0.11616613495123479,0.1789046453914821,0.36854957907589486,0.6507412764418731,0.4705829003010853,0.5833172675277939,0.8411679623937806,0.6889054193738128,0.8748152432362959,0.9828240824444042,0.9256796805020648,0.1715051822822668,frl_apartment_5/seq_0008
frl_apartment_5,seq_0008,24,consec_n0.5,6,0.7500000000000001,0.25,fixed,0.5,3890,34525,0.12682570917632083,1.389123208184477,0.7579744586803989,0.5598971722365038,0.2582766111513396,0.35349053507844463,0.7933161953727507,0.41077480086893553,0.5412785299408276,0.9778920308483291,0.5747429398986242,0.7239776912184531,0.1072172906213817,frl_apartment_5/seq_0008
frl_apartment_5,seq_0008,24,consec_n0.5,6,0.7500000000000001,0.25,subset,0.5,3890,22124,0.12867381238072018,0.7430864600412763,0.43588013621099825,0.5526992287917738,0.3494847224733321,0.42820521538795997,0.7910025706940874,0.5441601880310974,0.6447635013621158,0.9778920308483291,0.7320104863496655,0.8372725508022159,0.1308085977482088,frl_apartment_5/seq_0008
frl_apartment_5,seq_0008,24,spaced1.0,4,3.1499999999999995,1.0,fixed,1.0,16653,34525,0.24869134862784037,0.12481916747024015,0.18675525804904025,0.4031105506515343,0.6291672700941346,0.49138702702410714,0.65039332252447,0.828124547429399,0.7285764843457521,0.8696330991412958,0.9757856625633599,0.9196563158908915,0.18692529993869866,frl_apartment_5/seq_0008
frl_apartment_5,seq_0008,24,spaced1.0,4,3.1499999999999995,1.0,subset,1.0,16653,24565,0.25659476237391393,0.09816148553612933,0.17737812395502162,0.3922416381432775,0.7274577651129656,0.5096711217995663,0.6410856902660181,0.8983106045186241,0.7482076914465645,0.8629676334594367,0.9894158355383676,0.9218759035501287,0.19461887740314945,frl_apartment_5/seq_0008
frl_apartment_5,seq_0008,24,spaced1.0,4,3.1499999999999995,0.25,fixed,1.0,4163,34525,0.11883069113136698,1.0929058448102962,0.6058682679708316,0.6605813115541677,0.37810282404055034,0.4809309218226045,0.8748498678837376,0.5814047791455467,0.6985617457222463,0.9548402594282969,0.7013758146270819,0.8087131567989638,0.15558542177247214,frl_apartment_5/seq_0008
frl_apartment_5,seq_0008,24,spaced1.0,4,3.1499999999999995,0.25,subset,1.0,4163,24565,0.11928336729542968,0.5507626936635531,0.3350230304794914,0.6569781407638722,0.47889273356401385,0.5539750421162641,0.8731683881815998,0.7244046407490332,0.7918601792839463,0.9548402594282969,0.8541420720537349,0.9016884504341685,0.18510988479039597,frl_apartment_5/seq_0008
frl_apartment_5,seq_0008,24,random_n1.0,4,2.7,1.0,fixed,1.0,15816,34525,0.2657310470519833,0.1435232274649829,0.20462713725848308,0.4391122913505311,0.6092976104272266,0.5103921078490884,0.633409205867476,0.7858653149891383,0.7014489695561199,0.8422483560950936,0.9540043446777697,0.8946498348107788,0.19735642661804922,frl_apartment_5/seq_0008
frl_apartment_5,seq_0008,24,random_n1.0,4,2.7,1.0,subset,1.0,15816,23856,0.2768947731359289,0.10668602054913819,0.19179039684253354,0.42659332321699545,0.7050637156270959,0.5315664785442534,0.6224076884167932,0.8700536552649228,0.725684570209557,0.833649468892261,0.9816398390342053,0.9016122409591136,0.20361830436324937,frl_apartment_5/seq_0008
frl_apartment_5,seq_0008,24,random_n1.0,4,2.7,0.25,fixed,1.0,3954,34525,0.11048737435182242,1.1028665401599282,0.6066769572558753,0.7324228629236217,0.39779869659666905,0.5155747698748209,0.8844208396560446,0.5598551774076757,0.6856689167979653,0.9532119372787051,0.6953222302679218,0.8040954967078526,0.17673962757268866,frl_apartment_5/seq_0008
frl_apartment_5,seq_0008,24,random_n1.0,4,2.7,0.25,subset,1.0,3954,23856,0.11254195148866568,0.5830573900312527,0.34779967075995916,0.7149721800708143,0.5015509725016767,0.5895407604333163,0.8791097622660596,0.6983568075117371,0.7783775565082266,0.952959028831563,0.8445674044265593,0.8954951856216228,0.2122973386356684,frl_apartment_5/seq_0008
frl_apartment_5,seq_0008,24,consec_n1.0,4,0.45,1.0,fixed,1.0,12199,34525,0.21752119969066525,0.3211062671659864,0.2693137334283258,0.40150832035412737,0.474670528602462,0.4350348490784508,0.610869743421592,0.642896451846488,0.626474046067486,0.9008115419296664,0.8815061549601738,0.8910542941427628,0.15688677799908074,frl_apartment_5/seq_0008
frl_apartment_5,seq_0008,24,consec_n1.0,4,0.45,1.0,subset,1.0,12199,19744,0.22651820744083212,0.1383062263272403,0.1824122168840362,0.38265431592753507,0.5979031604538088,0.46665336885440406,0.5961144356094762,0.7629659643435981,0.6692981890396291,0.892122305106976,0.9683448136142626,0.9286721582628303,0.16693719565488824,frl_apartment_5/seq_0008
frl_apartment_5,seq_0008,24,consec_n1.0,4,0.45,0.25,fixed,1.0,3049,34525,0.12625369096732317,1.479002845611672,0.8026282682894975,0.570022958346999,0.23113685734974657,0.32890644944529274,0.775664152181043,0.360492396813903,0.49222271277619867,0.9813053460150869,0.5415206372194062,0.6979091532864559,0.09238734730199823,frl_apartment_5/seq_0008
frl_apartment_5,seq_0008,24,consec_n1.0,4,0.45,0.25,subset,1.0,3049,19744,0.12822600400910938,0.6860564558492914,0.40714122992920043,0.5667431944899968,0.33529173419773095,0.4213236150439509,0.7717284355526403,0.5122062398703403,0.6157386785199417,0.9813053460150869,0.7356158833063209,0.8408816742133369,0.12008451696208475,frl_apartment_5/seq_0008
frl_apartment_5,seq_0005,33,all,33,4.799999999999999,1.0,fixed,0.0,76894,64831,0.35415886482362596,0.0805625727293221,0.21736071877647403,0.31041433661924206,0.8318397063133377,0.4521147851591202,0.5304965276874659,0.9390106584812821,0.6779713613848743,0.7905818399354956,0.987922444509571,0.8783038092456992,0.15909145048714834,frl_apartment_5/seq_0005
frl_apartment_5,seq_0005,33,all,33,4.799999999999999,1.0,subset,0.0,76894,64831,0.35415886482362596,0.0805625727293221,0.21736071877647403,0.31041433661924206,0.8318397063133377,0.4521147851591202,0.5304965276874659,0.9390106584812821,0.6779713613848743,0.7905818399354956,0.987922444509571,0.8783038092456992,0.15909145048714834,frl_apartment_5/seq_0005
frl_apartment_5,seq_0005,33,all,33,4.799999999999999,0.25,fixed,0.0,19223,64831,0.24412523132314598,0.3727679838866773,0.30844660760491166,0.5028871664152318,0.4797087812929,0.49102459722446945,0.7189824689174427,0.6321204362110718,0.6727592845150128,0.8637049367944649,0.8104456201508538,0.8362281160721281,0.19240833759436943,frl_apartment_5/seq_0005
frl_apartment_5,seq_0005,33,all,33,4.799999999999999,0.25,subset,0.0,19223,64831,0.24412523132314598,0.3727679838866773,0.30844660760491166,0.5028871664152318,0.4797087812929,0.49102459722446945,0.7189824689174427,0.6321204362110718,0.6727592845150128,0.8637049367944649,0.8104456201508538,0.8362281160721281,0.19240833759436943,frl_apartment_5/seq_0005
frl_apartment_5,seq_0005,33,spaced0.3,13,4.6499999999999995,1.0,fixed,0.3,51801,64831,0.32116877963614904,0.09531156998240164,0.20824017480927534,0.3596069573946449,0.7543459147629992,0.4870368325467417,0.5911854983494527,0.9059092101001064,0.7154662758604424,0.817648307947723,0.9856550107201801,0.893825396307573,0.1787882744662793,frl_apartment_5/seq_0005
frl_apartment_5,seq_0005,33,spaced0.3,13,4.6499999999999995,1.0,subset,0.3,51801,51428,0.3233881096198377,0.08494169591008233,0.20416490276496002,0.3503793363062489,0.789783775375282,0.48541109987906544,0.5862821181058281,0.9233685929843665,0.7171917192637672,0.8172815196617826,0.9920471338570429,0.8962238978064844,0.17400373441889413,frl_apartment_5/seq_0005
frl_apartment_5,seq_0005,33,spaced0.3,13,4.6499999999999995,0.25,fixed,0.3,12950,64831,0.25192869311813554,0.6805797894504864,0.4662542412843109,0.517065637065637,0.37859974394965373,0.43712958421214837,0.7128957528957529,0.5075966744304422,0.5929795306935681,0.8525096525096525,0.6616896237910876,0.7450760280714144,0.16429418742586002,frl_apartment_5/seq_0005
frl_apartment_5,seq_0005,33,spaced0.3,13,4.6499999999999995,0.25,subset,0.3,12950,51428,0.2525012852414738,0.5079354839066448,0.3802183845740593,0.5127413127413127,0.44370770786342073,0.4757331916331167,0.7116602316602316,0.5856731741463794,0.6425492551485668,0.8523552123552124,0.7407443416037957,0.7926401071666751,0.17472852912142153,frl_apartment_5/seq_0005
frl_apartment_5,seq_0005,33,random_n0.3,13,4.349999999999999,1.0,fixed,0.3,52329,64831,0.31772077791490977,0.09868654959580776,0.20820366375535876,0.35840547306464865,0.7504280359704463,0.48511794248896634,0.588488218769707,0.8983202480294921,0.7111217005452176,0.8200424238949722,0.9830790825376748,0.8941899376704634,0.17777525943434408,frl_apartment_5/seq_0005
frl_apartment_5,seq_0005,33,random_n0.3,13,4.349999999999999,1.0,subset,0.3,52329,51040,0.3207465286043844,0.0847402889332498,0.2027434087688171,0.34804792753540104,0.7893416927899687,0.4830864206660211,0.5831756769668827,0.9204741379310345,0.713993541847218,0.8182078770853638,0.9915556426332288,0.8965797227442178,0.17274125593526382,frl_apartment_5/seq_0005
frl_apartment_5,seq_0005,33,random_n0.3,13,4.349999999999999,0.25,fixed,0.3,13082,64831,0.2549892607019321,0.7287944348144888,0.4918918477582105,0.5134536003669163,0.3773966158165075,0.4350353126420026,0.7046323192172451,0.507936018262868,0.5903306617857446,0.850863782296285,0.6736437815242708,0.7519531020648712,0.1629755623437934,frl_apartment_5/seq_0005
frl_apartment_5,seq_0005,33,random_n0.3,13,4.349999999999999,0.25,subset,0.3,13082,51040,0.2563255555139331,0.531018313317239,0.39367193441558607,0.5074912092952149,0.4443573667711599,0.47383052954466587,0.701956887326097,0.5852076802507837,0.6382875539240322,0.8509402232074607,0.7518416927899687,0.7983273725436733,0.17238369886924185,frl_apartment_5/seq_0005
frl_apartment_5,seq_0005,33,consec_n0.3,13,1.7999999999999998,1.0,fixed,0.3,43753,64831,0.3172938263511656,0.12344103249963258,0.22036742942539908,0.3514273306973236,0.6322284092486619,0.45174817414367513,0.593422165337234,0.8406780706760655,0.6957351913405481,0.8246063127099856,0.9772793879471241,0.8944748851591037,0.16633346661335466,frl_apartment_5/seq_0005
frl_apartment_5,seq_0005,33,consec_n0.3,13,1.7999999999999998,1.0,subset,0.3,43753,43941,0.3277563867587536,0.10198475875776689,0.21487057275826027,0.32569195255182504,0.6800482465123688,0.44044424483011313,0.5675496537380293,0.8769941512482647,0.6891279103522266,0.8172925285123306,0.9897134794383378,0.8952769703629876,0.15640058055152395,frl_apartment_5/seq_0005
frl_apartment_5,seq_0005,33,consec_n0.3,13,1.7999999999999998,0.25,fixed,0.3,10938,64831,0.2945748240378904,0.4311772671889658,0.3628760456134281,0.45611629182665936,0.2858509046598078,0.351447490579472,0.6716035838361675,0.48956517715290526,0.5663151447808774,0.822910952642165,0.7536980765374589,0.7867852976723564,0.12583470955697565,frl_apartment_5/seq_0005
frl_apartment_5,seq_0005,33,consec_n0.3,13,1.7999999999999998,0.25,subset,0.3,10938,43941,0.3000247260481742,0.3599945956342429,0.33000966084120853,0.43417443773998904,0.35010582371816756,0.3876343869211124,0.6534101298226367,0.5574292801711386,0.6016155987612511,0.8227281038581093,0.7991169977924945,0.8107506835091586,0.13535608933839022,frl_apartment_5/seq_0005
frl_apartment_5,seq_0005,33,spaced0.5,9,4.799999999999999,1.0,fixed,0.5,43564,64831,0.31237652858203274,0.10144320531866899,0.20690986695035085,0.3703057570471031,0.7160154864185343,0.4881514714925157,0.6008860527040676,0.8970708457373787,0.7196967550293016,0.8215958130566523,0.9834184263701007,0.895253282705445,0.1781873757089195,frl_apartment_5/seq_0005
frl_apartment_5,seq_0005,33,spaced0.5,9,4.799999999999999,1.0,subset,0.5,43564,46197,0.31563743324911225,0.08655943793419257,0.2010984355916524,0.35784133688366543,0.7684265212026755,0.4882937423274132,0.5942062253236617,0.923782929627465,0.723216718435703,0.8204021669268203,0.9922938718964435,0.8981980710461728,0.17420898076661287,frl_apartment_5/seq_0005
frl_apartment_5,seq_0005,33,spaced0.5,9,4.799999999999999,0.25,fixed,0.5,10891,64831,0.25596857851762933,0.8938602127910087,0.574914395654319,0.5294279680470113,0.3476577563202789,0.41970752548094376,0.706271233128271,0.48068053863121035,0.572038131349821,0.8441832705903958,0.6291743147568293,0.720990526787451,0.1538064706315867,frl_apartment_5/seq_0005
frl_apartment_5,seq_0005,33,spaced0.5,9,4.799999999999999,0.25,subset,0.5,10891,46197,0.2566461641023564,0.6002635655176071,0.42845486480998174,0.5246533835276834,0.44098101608329543,0.4791920881293886,0.706087595262143,0.5957096781176267,0.6462192273677517,0.8442750895234598,0.7479922938718965,0.7932226301400669,0.17140199560290884,frl_apartment_5/seq_0005
frl_apartment_5,seq_0005,33,random_n0.5,9,4.799999999999999,1.0,fixed,0.5,41795,64831,0.3220942228519817,0.10660033621187784,0.21434727953192978,0.37080990549108744,0.691659854082152,0.48278894116892274,0.5836583323364039,0.8869985038021934,0.7040446891381861,0.8111257327431511,0.9827705881445604,0.8887364382716425,0.17477341389728096,frl_apartment_5/seq_0005
frl_apartment_5,seq_0005,33,random_n0.5,9,4.799999999999999,1.0,subset,0.5,41795,45416,0.3254417111827955,0.09126029253370015,0.20835100185824784,0.3582725206364398,0.7470054606306148,0.48427912949557017,0.5771743031463094,0.9147216839880219,0.7077622771044666,0.8094030386409857,0.9923375022018672,0.8915834121863744,0.16991643454038996,frl_apartment_5/seq_0005
frl_apartment_5,seq_0005,33,random_n0.5,9,4.799999999999999,0.25,fixed,0.5,10448,64831,0.25191342086703455,1.0852845069274517,0.6685989638972432,0.5524502297090352,0.3433542595363329,0.4234989706564559,0.7142036753445635,0.4602890592463482,0.5597993553346877,0.8478177641653905,0.633817155373201,0.7253628224765645,0.15579601617492886,frl_apartment_5/seq_0005
frl_apartment_5,seq_0005,33,random_n0.5,9,4.799999999999999,0.25,subset,0.5,10448,45416,0.2525823747495513,0.7026328952518954,0.47760763500072334,0.5490045941807045,0.43896424167694204,0.4878562493370272,0.7133422664624809,0.577637836885679,0.6383576054965578,0.8478177641653905,0.7622644002113792,0.8027680994034718,0.1755011523242162,frl_apartment_5/seq_0005
frl_apartment_5,seq_0005,33,consec_n0.5,9,1.2000000000000002,1.0,fixed,0.5,35445,64831,0.31857329303395776,0.14743797283452062,0.2330056329342392,0.3557060234165609,0.5686939889867502,0.4376630779946835,0.5881506559458316,0.7839151023430149,0.6720671787974549,0.8255889406122161,0.9661273156360383,0.8903463639746815,0.15753268549406377,frl_apartment_5/seq_0005
frl_apartment_5,seq_0005,33,consec_n0.5,9,1.2000000000000002,1.0,subset,0.5,35445,37757,0.3317802158563287,0.11706143210570258,0.22442082398101565,0.3223303709973198,0.6310617898667796,0.42670873371904455,0.5562984906192693,0.8325078793336335,0.6669365675758738,0.8160248271970659,0.9842678178880737,0.8922849051241488,0.14827055934265188,frl_apartment_5/seq_0005
frl_apartment_5,seq_0005,33,consec_n0.5,9,1.2000000000000002,0.25,fixed,0.5,8861,64831,0.31202930254652295,0.6596597890481435,0.4858445457973332,0.4586389797991197,0.24178248060341503,0.316640412969418,0.6502652070872362,0.3886258117258719,0.4864992369076024,0.8096151675883083,0.672533201709059,0.7347349187025124,0.11110267891022235,frl_apartment_5/seq_0005
frl_apartment_5,seq_0005,33,consec_n0.5,9,1.2000000000000002,0.25,subset,0.5,8861,37757,0.31726294142339356,0.5007424438083086,0.4090026926158511,0.4339239363502991,0.3360966178456975,0.37879603762500574,0.634014219614039,0.49831819265301797,0.5580354613391882,0.8095023135086333,0.7631432582037768,0.7856394907618061,0.12775987300976477,frl_apartment_5/seq_0005
frl_apartment_5,seq_0005,33,spaced1.0,5,4.2,1.0,fixed,1.0,31138,64831,0.2964416538902286,0.1166525934915462,0.2065471236908874,0.40908215042713086,0.6377658836050655,0.4984460602735302,0.6232577557967757,0.8598818466474372,0.7226939785151176,0.8328409017920226,0.9814594869738242,0.9010631417652295,0.17849142857142858,frl_apartment_5/seq_0005
frl_apartment_5,seq_0005,33,spaced1.0,5,4.2,1.0,subset,1.0,31138,38050,0.3023111110374585,0.09359532802452887,0.19795321953099368,0.3835185304130002,0.7222864651773981,0.5010110186997996,0.609705183377224,0.9033377135348226,0.7280291753873883,0.8309139957608067,0.9945072273324573,0.9053800444760068,0.17734636153252764,frl_apartment_5/seq_0005
frl_apartment_5,seq_0005,33,spaced1.0,5,4.2,0.25,fixed,1.0,7784,64831,0.28888284636022704,1.2101636916765153,0.7495232690183712,0.5422661870503597,0.29282287794419337,0.38028984490401946,0.68448098663926,0.41082198331045333,0.5134649392621421,0.8072970195272353,0.5923246594993136,0.6833016941247448,0.12608296402762806,frl_apartment_5/seq_0005
frl_apartment_5,seq_0005,33,spaced1.0,5,4.2,0.25,subset,1.0,7784,38050,0.2904571629713393,0.6752941007990944,0.4828756318852168,0.5354573484069887,0.4250459921156373,0.47390569150008216,0.6812692702980473,0.5726149802890933,0.6222344520247571,0.8065262076053443,0.7693035479632063,0.7874752597398965,0.15592312052352245,frl_apartment_5/seq_0005
frl_apartment_5,seq_0005,33,random_n1.0,5,4.5,1.0,fixed,1.0,30378,64831,0.3070853851061738,0.13647428232586156,0.22177983371601767,0.39113832378695107,0.5959494686184078,0.472295732984617,0.5999078280334452,0.8354028165538091,0.698336197953769,0.8256962275330831,0.9619934907683053,0.8886490626499841,0.16771257154678987,frl_apartment_5/seq_0005
frl_apartment_5,seq_0005,33,random_n1.0,5,4.5,1.0,subset,1.0,30378,37450,0.31309692086896507,0.10293522548106951,0.2080160731750173,0.36904997037329645,0.6911348464619492,0.4811676050447955,0.5883534136546185,0.8961548731642189,0.7103440020793009,0.8227993942985055,0.9870761014686248,0.8974823078320884,0.16802372466897322,frl_apartment_5/seq_0005
frl_apartment_5,seq_0005,33,random_n1.0,5,4.5,0.25,fixed,1.0,7594,64831,0.28239902195309,1.1961229969642586,0.7392610094586743,0.556491967342639,0.28412333605836715,0.37618243115816496,0.7075322623123519,0.41264210022982833,0.5212717028058871,0.8144587832499341,0.5889157964553994,0.6835632481221686,0.12659347729923193,frl_apartment_5/seq_0005
frl_apartment_5,seq_0005,33,random_n1.0,5,4.5,0.25,subset,1.0,7594,37450,0.2844147830851725,0.6432900778755202,0.4638524304803463,0.5471424809059784,0.4122029372496662,0.4701825504250712,0.7055570186989729,0.575460614152203,0.6339027112315766,0.8139320516196997,0.7728704939919894,0.7928699995483505,0.15578782336033448,frl_apartment_5/seq_0005
frl_apartment_5,seq_0005,33,consec_n1.0,5,0.5999999999999995,1.0,fixed,1.0,25813,64831,0.3166525496600924,0.1725570117143034,0.24460478068719788,0.358114128539883,0.48828492542148044,0.4131898062222015,0.5862549877968466,0.7129151177677345,0.6434108079872756,0.8290008910239027,0.9568724838426061,0.8883587748891429,0.1422853613341569,frl_apartment_5/seq_0005
frl_apartment_5,seq_0005,33,consec_n1.0,5,0.5999999999999995,1.0,subset,1.0,25813,29365,0.33277409481167347,0.1296519425692877,0.23121301869048058,0.3164297059621121,0.5788864294227822,0.409189235864627,0.5457715104792159,0.7785458879618593,0.6417014014170749,0.818541045209778,0.98361995572961,0.8935198422698413,0.138326726476111,frl_apartment_5/seq_0005
frl_apartment_5,seq_0005,33,consec_n1.0,5,0.5999999999999995,0.25,fixed,1.0,6453,64831,0.3345727787927047,0.7222219109057693,0.528397344849237,0.4690841469084147,0.20021286113124895,0.28064275810502104,0.6511699984503332,0.3311533062886582,0.43903488169835125,0.7897102123043546,0.6021193564806959,0.6832730321342473,0.09106410620762453,frl_apartment_5/seq_0005
frl_apartment_5,seq_0005,33,consec_n1.0,5,0.5999999999999995,0.25,subset,1.0,6453,29365,0.33941124170188836,0.45168779856328517,0.39554952013258676,0.4459941112660778,0.33751064192065383,0.3842421074639488,0.6397024639702464,0.5087008343265793,0.5667297849545585,0.7886254455292112,0.7711901924059255,0.7798103753838267,0.1206855510592716,frl_apartment_5/seq_0005
frl_apartment_5,seq_0011,18,all,18,2.55,1.0,fixed,0.0,28495,29308,0.2722652172770341,0.07977112351817478,0.17601817039760445,0.35771187927706616,0.8297734406987853,0.49991323994236125,0.6190208808562906,0.9335335062099086,0.7444205989007701,0.8488857694332339,0.9915381465811383,0.9146834217474483,0.18343852082077955,frl_apartment_5/seq_0011
frl_apartment_5,seq_0011,18,all,18,2.55,1.0,subset,0.0,28495,29308,0.2722652172770341,0.07977112351817478,0.17601817039760445,0.35771187927706616,0.8297734406987853,0.49991323994236125,0.6190208808562906,0.9335335062099086,0.7444205989007701,0.8488857694332339,0.9915381465811383,0.9146834217474483,0.18343852082077955,frl_apartment_5/seq_0011
frl_apartment_5,seq_0011,18,all,18,2.55,0.25,fixed,0.0,7123,29308,0.10314161922651528,0.8022360373640421,0.45268882829527873,0.7091113294959989,0.5441517674355125,0.615775225806207,0.9060788993401656,0.63695919202948,0.7480505981889148,0.972764284711498,0.7282311996724444,0.8329208496523728,0.2513146534808885,frl_apartment_5/seq_0011
frl_apartment_5,seq_0011,18,all,18,2.55,0.25,subset,0.0,7123,29308,0.10314161922651528,0.8022360373640421,0.45268882829527873,0.7091113294959989,0.5441517674355125,0.615775225806207,0.9060788993401656,0.63695919202948,0.7480505981889148,0.972764284711498,0.7282311996724444,0.8329208496523728,0.2513146534808885,frl_apartment_5/seq_0011
frl_apartment_5,seq_0011,18,spaced0.3,9,2.4,1.0,fixed,0.3,21609,29308,0.24655803836628287,0.09080934263616873,0.1686836905012258,0.3973344439816743,0.7597584277330421,0.5217873168578779,0.6522745152482762,0.9143919748874028,0.7614059353691048,0.8707482993197279,0.9897638869933124,0.9264494236239333,0.19545061679893141,frl_apartment_5/seq_0011
frl_apartment_5,seq_0011,18,spaced0.3,9,2.4,1.0,subset,0.3,21609,26186,0.24792828382272805,0.0845152828950373,0.16622178335888269,0.39353972881669674,0.7856106316352249,0.5243928260527319,0.6481558609838494,0.9280913465210417,0.7632658670694449,0.8703318061918645,0.9931642862598336,0.9276997903103247,0.19417826069524077,frl_apartment_5/seq_0011
frl_apartment_5,seq_0011,18,spaced0.3,9,2.4,0.25,fixed,0.3,5402,29308,0.10616946857323872,0.8305141148619919,0.4683417917176153,0.711218067382451,0.5005118056503344,0.5875452063020985,0.899666790077749,0.6027705745871434,0.7218838944585089,0.9676045908922621,0.7247850416268595,0.8287752657102913,0.2197255574614065,frl_apartment_5/seq_0011
frl_apartment_5,seq_0011,18,spaced0.3,9,2.4,0.25,subset,0.3,5402,26186,0.10611279802158378,0.6790939873512615,0.39260339268642264,0.711218067382451,0.5420453677537616,0.6152137660435937,0.8992965568308035,0.650691209043,0.7550567517190137,0.9674194742687894,0.7783166577560529,0.8626260040658736,0.2304694580387892,frl_apartment_5/seq_0011
frl_apartment_5,seq_0011,18,random_n0.3,9,2.55,1.0,fixed,0.3,22704,29308,0.23898273383742347,0.08853219628413933,0.1637574650607814,0.39715468639887247,0.7973590828442746,0.5302155649406336,0.666622621564482,0.9175992902961648,0.772230758662482,0.8786557434813249,0.9882967107956871,0.930256771365519,0.20270115600320476,frl_apartment_5/seq_0011
frl_apartment_5,seq_0011,18,random_n0.3,9,2.55,1.0,subset,0.3,22704,26618,0.24036471811536597,0.08349118847788403,0.16192795329662502,0.39195736434108525,0.815538357502442,0.5294532466544629,0.664684637068358,0.9295589450747614,0.775118127444588,0.8778188865398168,0.9917724847847321,0.9313228886778286,0.20097526994078718,frl_apartment_5/seq_0011
frl_apartment_5,seq_0011,18,random_n0.3,9,2.55,0.25,fixed,0.3,5676,29308,0.11158743946502758,0.778914279035712,0.4452508592503698,0.662262156448203,0.5116691688276238,0.5773065593189166,0.8891825229034531,0.6455234065784087,0.748010573528451,0.9686398872445384,0.7431759246622083,0.8410599304674172,0.21011770598547458,frl_apartment_5/seq_0011
frl_apartment_5,seq_0011,18,random_n0.3,9,2.55,0.25,subset,0.3,5676,26618,0.11168909932778967,0.6344370781523693,0.3730630887400795,0.6608527131782945,0.5463971748440904,0.5981993604657544,0.888477801268499,0.688857164324893,0.7760359240083,0.9686398872445384,0.7898790292283417,0.8701735609909385,0.21720990873533247,frl_apartment_5/seq_0011
frl_apartment_5,seq_0011,18,consec_n0.3,9,1.2,1.0,fixed,0.3,20180,29308,0.2357828397446426,0.10752458662191411,0.17165371318327835,0.40376610505450944,0.7201787907738502,0.5174342378757157,0.6610009910802775,0.8627678449570083,0.7485261374315482,0.8784935579781963,0.9814385150812065,0.9271170980263966,0.19317012960296234,frl_apartment_5/seq_0011
frl_apartment_5,seq_0011,18,consec_n0.3,9,1.2,1.0,subset,0.3,20180,23723,0.23937253353461763,0.09508621648982388,0.16722937501222074,0.3924677898909812,0.7708552881170172,0.5201235614978167,0.6517343904856293,0.8883362138009526,0.751860673447593,0.8763131813676908,0.9869325127513383,0.9283391586778943,0.18909651980113149,frl_apartment_5/seq_0011
frl_apartment_5,seq_0011,18,consec_n0.3,9,1.2,0.25,fixed,0.3,5045,29308,0.09635173002109734,0.9918680143030966,0.5441098721620969,0.7425173439048562,0.4517537873618125,0.561740150136733,0.9189296333002973,0.525624402893408,0.6687348866190262,0.9797819623389494,0.6451480824348301,0.7780082056335033,0.20891097741738598,frl_apartment_5/seq_0011
frl_apartment_5,seq_0011,18,consec_n0.3,9,1.2,0.25,subset,0.3,5045,23723,0.09814348665316072,0.764120267348715,0.43113187700093786,0.733201189296333,0.5158706740294229,0.6056288718479125,0.911595639246779,0.5929266956118535,0.7185129493787876,0.9797819623389494,0.7112085318045779,0.8241670113901269,0.2231060238626443,frl_apartment_5/seq_0011
frl_apartment_5,seq_0011,18,spaced0.5,5,2.4,1.0,fixed,0.5,16896,29308,0.2216904634165432,0.09670240212601305,0.15919643277127812,0.43998579545454547,0.7267640234748192,0.5481309562485958,0.6982717803030303,0.9081138255766343,0.7894869767037661,0.8888494318181818,0.9894226832264228,0.9364434287977937,0.21170428308910144,frl_apartment_5/seq_0011
frl_apartment_5,seq_0011,18,spaced0.5,5,2.4,1.0,subset,0.5,16896,23484,0.2246731015652362,0.08467725002887147,0.15467517579705384,0.42998342803030304,0.7831715210355987,0.55516531603796,0.691702178030303,0.936084142394822,0.7955484475935672,0.8873106060606061,0.9951030488843468,0.9381205741669432,0.21217684711953555,frl_apartment_5/seq_0011
frl_apartment_5,seq_0011,18,spaced0.5,5,2.4,0.25,fixed,0.5,4224,29308,0.10403230515263381,0.8936308838939104,0.49883159452327214,0.7083333333333334,0.4525385560256585,0.5522541234563063,0.9048295454545454,0.58748464583049,0.7124149433847944,0.9715909090909091,0.7050293435239525,0.8171201555532636,0.18906107566089334,frl_apartment_5/seq_0011
frl_apartment_5,seq_0011,18,spaced0.5,5,2.4,0.25,subset,0.5,4224,23484,0.1040412563622663,0.5702372389255118,0.33713924764388903,0.7088068181818182,0.5279339124510305,0.6051440652451241,0.9048295454545454,0.6818685062169988,0.7776839076472432,0.9715909090909091,0.8071452904104922,0.8817665336750888,0.21068890948409022,frl_apartment_5/seq_0011
frl_apartment_5,seq_0011,18,random_n0.5,5,1.9499999999999997,1.0,fixed,0.5,15401,29308,0.2096788195782675,0.12685535415371268,0.1682670868659901,0.4374391273293942,0.6541899822574041,0.524295829843949,0.707161872605675,0.8155111232428006,0.7574815795847013,0.9024738653334199,0.9677221236522451,0.9339597888612534,0.19663060125487872,frl_apartment_5/seq_0011
frl_apartment_5,seq_0011,18,random_n0.5,5,1.9499999999999997,1.0,subset,0.5,15401,20812,0.21550546891225508,0.10137589243253144,0.15844068067239325,0.4221803778975391,0.7558139534883721,0.5417510288501042,0.6950847347574833,0.8685373822794542,0.7721905048678868,0.8999415622362185,0.9839515664039977,0.9400734005262137,0.1972422708176236,frl_apartment_5/seq_0011
frl_apartment_5,seq_0011,18,random_n0.5,5,1.9499999999999997,0.25,fixed,0.5,3850,29308,0.09324971085133768,1.1436506303114666,0.6184501705814022,0.7267532467532467,0.3962740548655657,0.5128877197597772,0.9207792207792208,0.4998293981165552,0.6479371131480851,0.9841558441558441,0.6107547427323597,0.7537448861991707,0.1770717205499814,frl_apartment_5/seq_0011
frl_apartment_5,seq_0011,18,random_n0.5,5,1.9499999999999997,0.25,subset,0.5,3850,20812,0.09480581948538608,0.6862949073809856,0.39055036343318583,0.721038961038961,0.508985200845666,0.5967332541495056,0.9132467532467532,0.6286277147799346,0.7446679109466445,0.9841558441558441,0.7435133576782625,0.8470753722879162,0.20712266817410965,frl_apartment_5/seq_0011
frl_apartment_5,seq_0011,18,consec_n0.5,5,0.6,1.0,fixed,0.5,14375,29308,0.21942254906496453,0.14447899966488842,0.18195077436492646,0.43436521739130435,0.6191142350211546,0.5105399800047102,0.6689391304347826,0.7818343114507984,0.7209941254042088,0.8920347826086956,0.9524703152722807,0.9212624585328967,0.19254498714652957,frl_apartment_5/seq_0011
frl_apartment_5,seq_0011,18,consec_n0.5,5,0.6,1.0,subset,0.5,14375,19642,0.2257159221923691,0.11217432952810509,0.1689451258602371,0.4142608695652174,0.7310864474086142,0.5288535677213407,0.6533565217391304,0.8522044598309745,0.7396490059208053,0.8890434782608696,0.9782099582527237,0.9314977460994385,0.19373821630577615,frl_apartment_5/seq_0011
frl_apartment_5,seq_0011,18,consec_n0.5,5,0.6,0.25,fixed,0.5,3593,29308,0.0904097401875747,1.1326355555619285,0.6115226478747516,0.7483996660172558,0.3700696055684455,0.49524824015576996,0.9301419426662956,0.4670738364951549,0.6218724009929782,0.9885889229056499,0.5646581138255766,0.7187713780951588,0.17269721303731697,frl_apartment_5/seq_0011
frl_apartment_5,seq_0011,18,consec_n0.5,5,0.6,0.25,subset,0.5,3593,19642,0.09475983184317162,0.6921732298627893,0.39346653085298045,0.7264124686891177,0.4782608695652174,0.5767781985475073,0.9187308655719455,0.5972915181753385,0.7239341046345461,0.9885889229056499,0.6884736788514408,0.8116780517454033,0.19767855027833708,frl_apartment_5/seq_0011
frl_apartment_5,seq_0011,18,spaced1.0,3,2.1,1.0,fixed,1.0,12792,29308,0.20805489982328376,0.11283096758033315,0.16044293370180845,0.4836616635397123,0.6517674355124881,0.5552701130596785,0.7283458411507192,0.8662481233792821,0.7913340099137753,0.8947779862414009,0.9813361539511396,0.9360603055506711,0.21463496880795818,frl_apartment_5/seq_0011
frl_apartment_5,seq_0011,18,spaced1.0,3,2.1,1.0,subset,1.0,12792,21601,0.2121718155260252,0.09205118781904051,0.15211150167253285,0.4718574108818011,0.7321883246146011,0.5738793418641891,0.7207629768605378,0.9229202351742974,0.8094099048265466,0.8934490306441526,0.9927318179713902,0.9404774532698403,0.21980587295736578,frl_apartment_5/seq_0011
frl_apartment_5,seq_0011,18,spaced1.0,3,2.1,0.25,fixed,1.0,3198,29308,0.09846513994258903,0.9531165001758006,0.5257908200591949,0.7770481550969356,0.40490651016787227,0.5323924274916126,0.9124452782989368,0.5880305718575133,0.7151674166976665,0.9687304565353346,0.6949297120240208,0.8092993868717246,0.17615971814445097,frl_apartment_5/seq_0011
frl_apartment_5,seq_0011,18,spaced1.0,3,2.1,0.25,subset,1.0,3198,21601,0.09855052162640805,0.4941714243850671,0.2963609730057376,0.773921200750469,0.4978010277301977,0.605885091080059,0.9121325828642902,0.7164946067311698,0.8025631408110904,0.9684177611006879,0.8328781074950233,0.895548550565336,0.20601715830297332,frl_apartment_5/seq_0011
frl_apartment_5,seq_0011,18,random_n1.0,3,1.9499999999999997,1.0,fixed,1.0,13054,29308,0.20946992039879028,0.1066612281129193,0.1580655742558548,0.48827945457331084,0.6729220690596425,0.5659207539149693,0.7239160410602115,0.8813975706291798,0.794932323857253,0.8935192278228895,0.9877507847686638,0.9382750084578819,0.2234465014821858,frl_apartment_5/seq_0011
frl_apartment_5,seq_0011,18,random_n1.0,3,1.9499999999999997,1.0,subset,1.0,13054,21433,0.214227770658674,0.08878899463473415,0.15150838264670408,0.4724222460548491,0.7544440815564784,0.5810187459062978,0.7173280220622031,0.9272150422246069,0.8088779755411771,0.8916807108932128,0.9955209256753604,0.9407439984307366,0.2303963676524727,frl_apartment_5/seq_0011
frl_apartment_5,seq_0011,18,random_n1.0,3,1.9499999999999997,0.25,fixed,1.0,3263,29308,0.10494286117685966,0.9255118145198568,0.5152273378483582,0.7695372356726938,0.4096492425276375,0.5346742886184539,0.889365614465216,0.590794322369319,0.7099667305686407,0.9613852283174993,0.7040739729766616,0.8128524754453255,0.17379055760637263,frl_apartment_5/seq_0011
frl_apartment_5,seq_0011,18,random_n1.0,3,1.9499999999999997,0.25,subset,1.0,3263,21433,0.10514252912067797,0.4853299186330778,0.29523622387687787,0.7661661048115231,0.5019829235291373,0.6065569465529801,0.8890591480232914,0.7168385200391919,0.7937141407836258,0.9613852283174993,0.8378201838286754,0.8953596329596866,0.20347132637504398,frl_apartment_5/seq_0011
frl_apartment_5,seq_0011,18,consec_n1.0,3,0.3,1.0,fixed,1.0,10725,29308,0.20345944562157217,0.19009294955262437,0.19677619758709827,0.4813053613053613,0.5448682953459806,0.5111182304389174,0.7006993006993008,0.711307492834721,0.7059635479005262,0.9019114219114219,0.8694213184113553,0.8853684005023248,0.19278652508238742,frl_apartment_5/seq_0011
frl_apartment_5,seq_0011,18,consec_n1.0,3,0.3,1.0,subset,1.0,10725,16989,0.2116166965426761,0.1364308411997068,0.17402376887119145,0.457995337995338,0.7161104243922538,0.5586809065557506,0.6839160839160839,0.8292424509977044,0.7496005694282882,0.8976223776223776,0.915474718935782,0.9064606583114175,0.20411299765807964,frl_apartment_5/seq_0011
frl_apartment_5,seq_0011,18,consec_n1.0,3,0.3,0.25,fixed,1.0,2681,29308,0.09296943782902393,1.228171804051704,0.660570620940364,0.7377844088026856,0.30302306537464174,0.42960047595299583,0.9179410667661321,0.43056503343796915,0.5861795153116842,0.9910481163744871,0.5341203766889586,0.6941383796508886,0.1354526606772633,frl_apartment_5/seq_0011
frl_apartment_5,seq_0011,18,consec_n1.0,3,0.3,0.25,subset,1.0,2681,16989,0.09779790003141199,0.6186102407223145,0.35820407037686325,0.7165236851920925,0.4400494437577256,0.545241526394993,0.9022752704214845,0.607805050326682,0.7263288695469436,0.9910481163744871,0.7144622991347342,0.8303279878436314,0.17133305474300042,frl_apartment_5/seq_0011
frl_apartment_5,seq_0012,15,all,15,2.1000000000000005,1.0,fixed,0.0,69284,47988,0.6044907579646362,0.28022073994069574,0.442355748952666,0.1672536227700479,0.5777069267316829,0.25940588789527597,0.2993331793776341,0.7110110861048595,0.42130037502588286,0.5612551238381156,0.8239559889972493,0.6676953662250488,0.08020912068531116,frl_apartment_5/seq_0012
frl_apartment_5,seq_0012,15,all,15,2.1000000000000005,1.0,subset,0.0,69284,47988,0.6044907579646362,0.28022073994069574,0.442355748952666,0.1672536227700479,0.5777069267316829,0.25940588789527597,0.2993331793776341,0.7110110861048595,0.42130037502588286,0.5612551238381156,0.8239559889972493,0.6676953662250488,0.08020912068531116,frl_apartment_5/seq_0012
frl_apartment_5,seq_0012,15,all,15,2.1000000000000005,0.25,fixed,0.0,17321,47988,0.3476467275569625,0.5142359575854281,0.4309413425711953,0.3416084521678887,0.36746686671667916,0.35406615974037003,0.5293574274002656,0.5153371676252396,0.5222532184943031,0.7758212574331736,0.684421105276319,0.7272607014687926,0.11468919097268047,frl_apartment_5/seq_0012
frl_apartment_5,seq_0012,15,all,15,2.1000000000000005,0.25,subset,0.0,17321,47988,0.3476467275569625,0.5142359575854281,0.4309413425711953,0.3416084521678887,0.36746686671667916,0.35406615974037003,0.5293574274002656,0.5153371676252396,0.5222532184943031,0.7758212574331736,0.684421105276319,0.7272607014687926,0.11468919097268047,frl_apartment_5/seq_0012
frl_apartment_5,seq_0012,15,spaced0.3,6,1.9500000000000002,1.0,fixed,0.3,39860,47988,0.575069383851475,0.32790364151190887,0.45148651268169193,0.20280983442047165,0.4654080186713345,0.2825106296336115,0.3406422478675364,0.641410352588147,0.4449689644113829,0.5866031108881083,0.7854880386763358,0.671631366763358,0.0906010378746805,frl_apartment_5/seq_0012
frl_apartment_5,seq_0012,15,spaced0.3,6,1.9500000000000002,1.0,subset,0.3,39860,35525,0.5812704098584832,0.2654482034419814,0.4233593066502323,0.1982187656798796,0.519887403237157,0.2870089238130266,0.3364776718514802,0.7014496833216045,0.454795136073184,0.583567486201706,0.8342294159042928,0.6867403397928834,0.08928824112070186,frl_apartment_5/seq_0012
frl_apartment_5,seq_0012,15,spaced0.3,6,1.9500000000000002,0.25,fixed,0.3,9965,47988,0.32378529644494364,0.8992127855313964,0.61149904098817,0.3698946312092323,0.2752771526214887,0.315647842640215,0.5545408931259408,0.40403850962740684,0.4674748390013302,0.7850476668339187,0.5993790114195215,0.67976311328779,0.10582032721034353,frl_apartment_5/seq_0012
frl_apartment_5,seq_0012,15,spaced0.3,6,1.9500000000000002,0.25,subset,0.3,9965,35525,0.32492124333117073,0.7289636512650416,0.5269424472981061,0.36738585047666833,0.33793103448275863,0.3520434095748335,0.5520321123933768,0.4840816326530612,0.5158287061085691,0.7831409934771701,0.6755524278676988,0.7253790162684823,0.11409863471719142,frl_apartment_5/seq_0012
frl_apartment_5,seq_0012,15,random_n0.3,6,1.2000000000000002,1.0,fixed,0.3,35882,47988,0.6067010611251636,0.4355725156270958,0.5211367883761298,0.1898723594002564,0.37824039343169125,0.25282796615058784,0.3147817847388663,0.5289864132699842,0.39469439038988413,0.5577448302770192,0.6904851212803201,0.6170569874514156,0.07979041607360192,frl_apartment_5/seq_0012
frl_apartment_5,seq_0012,15,random_n0.3,6,1.2000000000000002,1.0,subset,0.3,35882,33901,0.6241952359279442,0.35938489796132744,0.49179006694463584,0.18374115155231036,0.4366537860240111,0.2586457903320909,0.307034167549189,0.5868558449603256,0.40314757589228933,0.5506660721252996,0.7430754255036724,0.6325628830873171,0.078333369709933,frl_apartment_5/seq_0012
frl_apartment_5,seq_0012,15,random_n0.3,6,1.2000000000000002,0.25,fixed,0.3,8970,47988,0.37905060926572065,0.831981857392843,0.6055162333292818,0.36700111482720177,0.2204509460698508,0.27544628185932885,0.5208472686733556,0.3330415937317663,0.4062912917290472,0.7235228539576366,0.5580145036259064,0.6300811190934796,0.09187309492122096,frl_apartment_5/seq_0012
frl_apartment_5,seq_0012,15,random_n0.3,6,1.2000000000000002,0.25,subset,0.3,8970,33901,0.3808874237762602,0.6669224829530938,0.523904953364677,0.36265328874024527,0.2792837969381434,0.3155548719994768,0.515273132664437,0.4036754078050795,0.4526980190926531,0.7216276477146042,0.6328131913512876,0.6743085139584833,0.10011248593925759,frl_apartment_5/seq_0012
frl_apartment_5,seq_0012,15,consec_n0.3,6,0.7499999999999999,1.0,fixed,0.3,35565,47988,0.6249674612349293,0.46043693249195183,0.5427021968634406,0.17354140306481092,0.34231474535300493,0.23031917475651925,0.29185997469422187,0.4910811036092356,0.3661244056392465,0.5394348376212569,0.7014253563390848,0.6098564125787395,0.07325123254326794,frl_apartment_5/seq_0012
frl_apartment_5,seq_0012,15,consec_n0.3,6,0.7499999999999999,1.0,subset,0.3,35565,34049,0.6530965072158987,0.3964162400107044,0.5247563736133016,0.16462814564881204,0.38512144262680253,0.2306571220839537,0.28165331083930834,0.5330259332138976,0.3685585951741801,0.5267257134823562,0.7449851684337279,0.6171258734309107,0.07173865380399036,frl_apartment_5/seq_0012
frl_apartment_5,seq_0012,15,consec_n0.3,6,0.7499999999999999,0.25,fixed,0.3,8891,47988,0.39278942841720615,0.7268857759535381,0.5598376021853722,0.32988415251377795,0.19967491872968243,0.24877145882414986,0.48599707569452255,0.31180711844627823,0.37988606442167366,0.7129681700596109,0.52344336084021,0.6036799977698286,0.08410655492367555,frl_apartment_5/seq_0012
frl_apartment_5,seq_0012,15,consec_n0.3,6,0.7499999999999999,0.25,subset,0.3,8891,34049,0.39703082399418244,0.6140908668463351,0.5055608454202587,0.3196490833427061,0.2486122940468149,0.27969063202871525,0.4772241592621752,0.3750477253370143,0.42001112236929017,0.707906872117872,0.5972862639137714,0.6479087870960374,0.09124858729300772,frl_apartment_5/seq_0012
frl_apartment_5,seq_0012,15,spaced0.5,4,1.8,1.0,fixed,0.5,29736,47988,0.5297578531348632,0.33691179229317525,0.43333482271401924,0.22228948076405702,0.39645327998666335,0.2848595550387298,0.35768092547753566,0.5916062348920563,0.44582140041183116,0.61333064299166,0.7860506793365007,0.6890315897305233,0.0881874926392651,frl_apartment_5/seq_0012
frl_apartment_5,seq_0012,15,spaced0.5,4,1.8,1.0,subset,0.5,29736,29857,0.5390839740399361,0.2479632134207351,0.39352359373033563,0.2128396556362658,0.4793515758448605,0.2947885488615969,0.35108958837772397,0.6839267173527146,0.46399181992873784,0.6080172181867097,0.8617744582509964,0.7129904424007494,0.08766009663317739,frl_apartment_5/seq_0012
frl_apartment_5,seq_0012,15,spaced0.5,4,1.8,0.25,fixed,0.5,7434,47988,0.316172473196023,0.9694323717366233,0.6428024224663231,0.4167339252085015,0.23407935317162623,0.2997750995501431,0.5781544256120528,0.3499208135367175,0.4359738487271357,0.7808716707021792,0.5410310911061098,0.6391935386169064,0.09443553927181131,frl_apartment_5/seq_0012
frl_apartment_5,seq_0012,15,spaced0.5,4,1.8,0.25,subset,0.5,7434,29857,0.3172424067011089,0.7164314714590836,0.5168369390800962,0.41189131019639497,0.32906856013665137,0.36585106914954474,0.576271186440678,0.4712462739056168,0.5184937906038581,0.7799300511164918,0.6635629835549453,0.7170560567350702,0.1091387245233399,frl_apartment_5/seq_0012
frl_apartment_5,seq_0012,15,random_n0.5,4,1.2000000000000004,1.0,fixed,0.5,28644,47988,0.5680902149339512,0.4147495557017841,0.4914198853178676,0.20444072056975282,0.36567475202133864,0.2622584840844269,0.3372084904342969,0.53967658581312,0.41506813550429283,0.5860913280268119,0.740060015003751,0.6541376431771174,0.0835475269643758,frl_apartment_5/seq_0012
frl_apartment_5,seq_0012,15,random_n0.5,4,1.2000000000000004,1.0,subset,0.5,28644,29909,0.5786336700514022,0.3308894279678566,0.4547615490096294,0.1954335986594051,0.4305727373031529,0.2688419420113308,0.329004329004329,0.6151660035440837,0.42871984269198204,0.5782013685239492,0.7988565314788191,0.6708504264844927,0.08248041775456919,frl_apartment_5/seq_0012
frl_apartment_5,seq_0012,15,random_n0.5,4,1.2000000000000004,0.25,fixed,0.5,7161,47988,0.34233637230256325,1.1978496117882373,0.7700929920454003,0.3523250942605781,0.1985079603234142,0.2539402283519189,0.5218544895964251,0.31545386346586646,0.3932147919177707,0.7578550481776288,0.47503542552304745,0.5840064514656198,0.07724578203374373,frl_apartment_5/seq_0012
frl_apartment_5,seq_0012,15,random_n0.5,4,1.2000000000000004,0.25,subset,0.5,7161,29909,0.3449600699218211,0.8803914128652761,0.6126757413935486,0.3447842480100545,0.27673944297703035,0.30703705144375415,0.5179444211702277,0.42836604366578623,0.46891545804453066,0.7539449797514314,0.5982480189909392,0.6671327110611582,0.08701093758502476,frl_apartment_5/seq_0012
frl_apartment_5,seq_0012,15,consec_n0.5,4,0.45,1.0,fixed,0.5,26866,47988,0.6103840305135941,0.4858431219862965,0.5481135762499453,0.19024045261669023,0.3060348420438443,0.2346286728083952,0.308829003201072,0.46142785696424105,0.3700124269841347,0.5503238293754188,0.6702092189714095,0.6043787251260841,0.07489456710493674,frl_apartment_5/seq_0012
frl_apartment_5,seq_0012,15,consec_n0.5,4,0.45,1.0,subset,0.5,26866,28449,0.6431228846179066,0.3968081465892243,0.5199655156035654,0.17795726941115164,0.36707792892544555,0.2397063018756849,0.2945358445618998,0.524201202151218,0.3771566082561106,0.535844561899799,0.725016696544694,0.6162394974516283,0.07446192851434398,frl_apartment_5/seq_0012
frl_apartment_5,seq_0012,15,consec_n0.5,4,0.45,0.25,fixed,0.5,6716,47988,0.3900655799696093,0.8370591710712557,0.6135623755204325,0.34827278141751045,0.16764607818621322,0.22634011087904993,0.5020845741512805,0.2754855380511795,0.3557673755373162,0.7141155449672424,0.469138117862799,0.5662671212886329,0.07489334075310702,frl_apartment_5/seq_0012
frl_apartment_5,seq_0012,15,consec_n0.5,4,0.45,0.25,subset,0.5,6716,28449,0.3951452831270445,0.6519481049935067,0.5235466940602757,0.334723049434187,0.23919997187950368,0.27901213590913787,0.49061941631923767,0.3709796477907835,0.42249307327982194,0.7080107206670637,0.5723927027312032,0.6330195039461907,0.08682358370831891,frl_apartment_5/seq_0012
frl_apartment_5,seq_0012,15,spaced1.0,3,2.1000000000000005,1.0,fixed,1.0,22760,47988,0.539715266737646,0.43605697576264685,0.4878861212501464,0.2343585237258348,0.3373551721263649,0.27657920628596944,0.37346221441124783,0.5150037509377344,0.43295848970367173,0.6166959578207382,0.7129282320580145,0.6613296633337499,0.0867505264324504,frl_apartment_5/seq_0012
frl_apartment_5,seq_0012,15,spaced1.0,3,2.1000000000000005,1.0,subset,1.0,22760,26303,0.5467440864010443,0.3063403761672423,0.4265422312841433,0.22596660808435853,0.43991179713340683,0.29856915579660936,0.36638840070298767,0.6328175493289738,0.46408252438450825,0.6139279437609841,0.8144318138615367,0.7001071629878273,0.08988340299820861,frl_apartment_5/seq_0012
frl_apartment_5,seq_0012,15,spaced1.0,3,2.1000000000000005,0.25,fixed,1.0,5690,47988,0.3329765780017345,1.2345925995724838,0.7837845887871091,0.3966608084358524,0.19229807451862965,0.25902354784625103,0.5557117750439368,0.30207551887971995,0.3913952187986305,0.7495606326889279,0.45709344002667335,0.5678831337854431,0.0756494294731731,frl_apartment_5/seq_0012
frl_apartment_5,seq_0012,15,spaced1.0,3,2.1000000000000005,0.25,subset,1.0,5690,26303,0.33405203738457945,0.828551615428045,0.5813018264063122,0.3929701230228471,0.29555564004105994,0.33737164956673216,0.5541300527240773,0.4421168687982359,0.49182635052565793,0.7478031634446397,0.6173440291981903,0.6763399880335847,0.09223421411735516,frl_apartment_5/seq_0012
frl_apartment_5,seq_0012,15,random_n1.0,3,1.35,1.0,fixed,1.0,23544,47988,0.5487048352356756,0.4060932692430685,0.47739905223937207,0.22553516819571864,0.3521505376344086,0.2749672700364299,0.36399932042133876,0.5323205801450362,0.43235529925565275,0.6195208970438328,0.7506668333750104,0.6788176242847843,0.08892215568862276,frl_apartment_5/seq_0012
frl_apartment_5,seq_0012,15,random_n1.0,3,1.35,1.0,subset,1.0,23544,26394,0.5648912955494307,0.28540212402356196,0.4251467097864964,0.21483180428134557,0.43987269834053194,0.2886757157165235,0.3546126401630989,0.6335909676441616,0.4547228203676225,0.6115783214407068,0.8437902553610669,0.7091589529241755,0.09129832126905899,frl_apartment_5/seq_0012
frl_apartment_5,seq_0012,15,random_n1.0,3,1.35,0.25,fixed,1.0,5886,47988,0.33234852320416847,1.1655798105514965,0.7489641668778325,0.3946653075093442,0.1993623405851463,0.26490820656315217,0.5608222901800883,0.30284654496957575,0.39330605901400323,0.764186204553177,0.477952821538718,0.5880902942021139,0.08332525448376152,frl_apartment_5/seq_0012
frl_apartment_5,seq_0012,15,random_n1.0,3,1.35,0.25,subset,1.0,5886,26394,0.3344505448715948,0.7838496968966159,0.5591501208841053,0.3890587835541964,0.3041221489732515,0.34138675136375357,0.5567448182127082,0.44350988861104795,0.493717911299574,0.763166836561332,0.6374175949079336,0.694647118080714,0.10187251984126984,frl_apartment_5/seq_0012
frl_apartment_5,seq_0012,15,consec_n1.0,3,0.30000000000000004,1.0,fixed,1.0,21736,47988,0.6119618283106165,0.5283956803410859,0.5701787543258512,0.19667832167832167,0.2680878552971576,0.22689718854032512,0.3143632683106367,0.41831291156122363,0.35896407626606164,0.5540577843209422,0.6510794365257981,0.5986631626313145,0.0727645472927432,frl_apartment_5/seq_0012
frl_apartment_5,seq_0012,15,consec_n1.0,3,0.30000000000000004,1.0,subset,1.0,21736,25084,0.650662728989829,0.418786024947235,0.534724376968532,0.18232425469267574,0.3381438367086589,0.23690913631547936,0.29839896945160105,0.49027268378249084,0.3709956177353376,0.5391516378358484,0.7171902407909424,0.6155558443772751,0.07364906479950728,frl_apartment_5/seq_0012
frl_apartment_5,seq_0012,15,consec_n1.0,3,0.30000000000000004,0.25,fixed,1.0,5434,47988,0.3850477647577942,1.0689398386589652,0.7269938017083797,0.3487302171512698,0.14063932649829125,0.20044231810583962,0.4944792050055208,0.22632741518713012,0.3105248958528574,0.7101582627898417,0.4053096607485205,0.5160776002524119,0.06456317759735525,frl_apartment_5/seq_0012
frl_apartment_5,seq_0012,15,consec_n1.0,3,0.30000000000000004,0.25,subset,1.0,5434,25084,0.3905597300554367,0.7662615695014866,0.5784106497784617,0.3356643356643357,0.224206665603572,0.26884114837491485,0.4836216415163784,0.3377451762079413,0.3977294261398958,0.7050055207949945,0.5395869877212566,0.611303382737113,0.07924794661190965,frl_apartment_5/seq_0012
frl_apartment_5,seq_0013,16,all,16,2.260215809937197,1.0,fixed,0.0,75692,51631,0.5303588401062598,0.21417151197870107,0.37226517604248044,0.1812476879987317,0.6109507853808759,0.27955978470620346,0.3397584949532315,0.7441459588231876,0.46651697041083984,0.6203561803096761,0.8584764966783521,0.7202453781988294,0.08583259117038133,frl_apartment_5/seq_0013
frl_apartment_5,seq_0013,16,all,16,2.260215809937197,1.0,subset,0.0,75692,51631,0.5303588401062598,0.21417151197870107,0.37226517604248044,0.1812476879987317,0.6109507853808759,0.27955978470620346,0.3397584949532315,0.7441459588231876,0.46651697041083984,0.6203561803096761,0.8584764966783521,0.7202453781988294,0.08583259117038133,frl_apartment_5/seq_0013
frl_apartment_5,seq_0013,16,all,16,2.260215809937197,0.25,fixed,0.0,18923,51631,0.3550607867685022,0.629803306298113,0.49243204653330763,0.3480420652116472,0.3620692994518797,0.35491713835808436,0.5531363948633937,0.45668300052294164,0.5003033010828928,0.7844950589230038,0.5955917956266584,0.6771150949867693,0.11753192001927247,frl_apartment_5/seq_0013
frl_apartment_5,seq_0013,16,all,16,2.260215809937197,0.25,subset,0.0,18923,51631,0.3550607867685022,0.629803306298113,0.49243204653330763,0.3480420652116472,0.3620692994518797,0.35491713835808436,0.5531363948633937,0.45668300052294164,0.5003033010828928,0.7844950589230038,0.5955917956266584,0.6771150949867693,0.11753192001927247,frl_apartment_5/seq_0013
frl_apartment_5,seq_0013,16,spaced0.3,7,1.9617786591483912,1.0,fixed,0.3,46225,51631,0.5164273767271381,0.25783142473057863,0.3871294007288584,0.20841535965386696,0.4878851852569193,0.29206573827438975,0.37055705786911847,0.6745366155991556,0.47833856437368144,0.6352190373174689,0.8414712091572892,0.72394130412562,0.0902858883867364,frl_apartment_5/seq_0013
frl_apartment_5,seq_0013,16,spaced0.3,7,1.9617786591483912,1.0,subset,0.3,46225,38346,0.5191936830724665,0.21509723853417267,0.36714546080331956,0.20209843158464036,0.5512178584467741,0.29575960623098113,0.3645213628988643,0.7270380222187451,0.48558217601677656,0.6334883720930232,0.8783445470192458,0.7360880295617984,0.08872660563405126,frl_apartment_5/seq_0013
frl_apartment_5,seq_0013,16,spaced0.3,7,1.9617786591483912,0.25,fixed,0.3,11556,51631,0.361946018361486,1.1887861037546867,0.7753660610580864,0.3909657320872274,0.2921888013015436,0.3344362161863541,0.5798719280027691,0.3850787317696733,0.4628140192718248,0.761509172724126,0.5011330402277702,0.6044743363940014,0.10478029937228392,frl_apartment_5/seq_0013
frl_apartment_5,seq_0013,16,spaced0.3,7,1.9617786591483912,0.25,subset,0.3,11556,38346,0.3624480364206987,0.9490886379189863,0.6557683371698425,0.3868120456905504,0.3658269441401972,0.3760269413186105,0.5777085496711665,0.4750691075992281,0.5213854668160677,0.7619418483904465,0.5942731966828353,0.6677430980791873,0.11219833079801012,frl_apartment_5/seq_0013
frl_apartment_5,seq_0013,16,random_n0.3,7,1.2190469668926045,1.0,fixed,0.3,43850,51631,0.5481550282373737,0.33650811836507444,0.4423315733012241,0.19721778791334094,0.4280180511708082,0.27001898471634167,0.35247434435575825,0.575991168096686,0.43732827252425377,0.6077080957810719,0.7622552342584881,0.6762643448230168,0.08270650447651791,frl_apartment_5/seq_0013
frl_apartment_5,seq_0013,16,random_n0.3,7,1.2190469668926045,1.0,subset,0.3,43850,36289,0.552738364255106,0.2644950615131442,0.40861671288412516,0.18916761687571265,0.5137369450797762,0.27651661082234996,0.3442873432155074,0.6608063049408912,0.4527085561140754,0.6038996579247434,0.8230317727134945,0.6966397898749256,0.0815975115258568,frl_apartment_5/seq_0013
frl_apartment_5,seq_0013,16,random_n0.3,7,1.2190469668926045,0.25,fixed,0.3,10962,51631,0.36185275122332716,1.1848533813483006,0.7733530662858139,0.3762999452654625,0.25978578760821985,0.30737170354717397,0.5686006203247582,0.36892564544556566,0.4474996776366593,0.7599890530925014,0.4927853421394124,0.5978913154288513,0.09126984126984126,frl_apartment_5/seq_0013
frl_apartment_5,seq_0013,16,random_n0.3,7,1.2190469668926045,0.25,subset,0.3,10962,36289,0.3634777415768272,0.9156400852119091,0.6395589133943682,0.3691844553913519,0.33825677202458043,0.3530445705531665,0.563674511950374,0.4706109289316322,0.5129558537686363,0.7597153804050356,0.5983906969053984,0.669471440449796,0.1003448275862069,frl_apartment_5/seq_0013
frl_apartment_5,seq_0013,16,consec_n0.3,7,0.9045159063913294,1.0,fixed,0.3,44211,51631,0.5594555941196041,0.30879159973366616,0.43412359692663516,0.19076700368686525,0.4333636768608007,0.26491724479532003,0.3348035556761892,0.6082392361178361,0.4318799968061235,0.5955305240777182,0.8033739420115822,0.6840119769636916,0.08205732914838643,frl_apartment_5/seq_0013
frl_apartment_5,seq_0013,16,consec_n0.3,7,0.9045159063913294,1.0,subset,0.3,44211,36439,0.5662453231287099,0.2590676493112369,0.4126564862199734,0.18061116011852255,0.4993550865830566,0.2652752307525434,0.3222727375540024,0.668816378056478,0.4349584344783102,0.5897174911221189,0.8452756661818381,0.6947403792556841,0.0792524594960319,frl_apartment_5/seq_0013
frl_apartment_5,seq_0013,16,consec_n0.3,7,0.9045159063913294,0.25,fixed,0.3,11052,51631,0.37404454215006144,1.1503189972233043,0.7621817696866828,0.3688020267824828,0.25380101102051095,0.3006805992919864,0.5444263481722765,0.35441885688830355,0.42933969696392177,0.750542888165038,0.4807770525459511,0.5861089155641446,0.09234907352062163,frl_apartment_5/seq_0013
frl_apartment_5,seq_0013,16,consec_n0.3,7,0.9045159063913294,0.25,subset,0.3,11052,36439,0.3757192331763016,0.9111455703972171,0.6434324017867594,0.3625588128845458,0.3256126677460962,0.34309396887534466,0.5389069851610568,0.443727873981174,0.4867078520048868,0.750542888165038,0.5842641126265814,0.6570467105459771,0.09985965210734488,frl_apartment_5/seq_0013
frl_apartment_5,seq_0013,16,spaced0.5,4,1.8127535705357354,1.0,fixed,0.5,32929,51631,0.4900829667079474,0.2991592622923755,0.39462111450016146,0.23204470223814874,0.41701690844647593,0.2981737411543021,0.39579094415257066,0.608723441343379,0.47968895031432945,0.6571107534392178,0.8083903081482056,0.7249424492191545,0.09131084543125534,frl_apartment_5/seq_0013
frl_apartment_5,seq_0013,16,spaced0.5,4,1.8127535705357354,1.0,subset,0.5,32929,30245,0.4947622944577055,0.2182234085764953,0.3564928515171004,0.22050472228127183,0.5278227806248966,0.3110601045756703,0.38692338060676,0.7140684410646387,0.501892511393768,0.6544990737647666,0.8808398082327658,0.7509857861131226,0.09097125610129925,frl_apartment_5/seq_0013
frl_apartment_5,seq_0013,16,spaced0.5,4,1.8127535705357354,0.25,fixed,0.5,8232,51631,0.38142680581282123,1.3825990798827748,0.882012942847798,0.4008746355685131,0.23970095485270476,0.30001153449764617,0.5867346938775511,0.3434564505820147,0.43328259270752145,0.7401603498542274,0.4653599581646685,0.5714395471435074,0.08777997364953886,frl_apartment_5/seq_0013
frl_apartment_5,seq_0013,16,spaced0.5,4,1.8127535705357354,0.25,subset,0.5,8232,30245,0.3822761984071495,0.9097881517311727,0.6460321750691611,0.39516520894071916,0.36095222350801787,0.3772846774825111,0.5839407191448007,0.5013721276244008,0.5395155906164466,0.7402818270165209,0.6403041825095057,0.6866729733661274,0.10332480818414322,frl_apartment_5/seq_0013
frl_apartment_5,seq_0013,16,random_n0.5,4,1.2001690531540463,1.0,fixed,0.5,30981,51631,0.47302629816539404,0.36991824814982116,0.4214722731576076,0.22697782511862108,0.4052023009432318,0.2909675050182047,0.4029566508505213,0.5910983711336213,0.47922301017056196,0.6694425615699945,0.7466250895779667,0.7059304152514326,0.09449292137832785,frl_apartment_5/seq_0013
frl_apartment_5,seq_0013,16,random_n0.5,4,1.2001690531540463,1.0,subset,0.5,30981,30432,0.4795882248385985,0.27367345964646156,0.37663084224253,0.21309835060198187,0.49848843322818087,0.29856390064839977,0.3903360123946935,0.6885843848580442,0.49823746713313877,0.6647622736515929,0.8268927444794952,0.737016393475355,0.09366654416268529,frl_apartment_5/seq_0013
frl_apartment_5,seq_0013,16,random_n0.5,4,1.2001690531540463,0.25,fixed,0.5,7745,51631,0.38955625617996276,1.1550910642830394,0.7723236602315011,0.3700451904454487,0.23478142976118999,0.28728807888565444,0.5633311814073596,0.3541477019619996,0.4348927195060878,0.7506778566817301,0.4823458774767097,0.5873145170731285,0.08747431542751709,frl_apartment_5/seq_0013
frl_apartment_5,seq_0013,16,random_n0.5,4,1.2001690531540463,0.25,subset,0.5,7745,30432,0.3910103060558441,0.8202872784168763,0.6056487922363603,0.3639767591994835,0.34200841219768663,0.35265078796008853,0.5597159457714654,0.494709516298633,0.525208873946607,0.7504196255648806,0.631867770767613,0.6860598992713274,0.1025139089223161,frl_apartment_5/seq_0013
frl_apartment_5,seq_0013,16,consec_n0.5,4,0.453028408496663,1.0,fixed,0.5,30223,51631,0.544600998835741,0.35110234809603014,0.44785167346588556,0.21000562485524268,0.3572853518235169,0.2645271532454192,0.35439896767362605,0.5321415428715307,0.42545244398127274,0.6091387354001919,0.7612480873893591,0.6767515413410828,0.08316552557390254,frl_apartment_5/seq_0013
frl_apartment_5,seq_0013,16,consec_n0.5,4,0.453028408496663,1.0,subset,0.5,30223,28856,0.5551211993736286,0.2643104173477366,0.40971580836068255,0.1927009231380075,0.4578943720543388,0.2712490202330236,0.33716044072395196,0.6388965899639589,0.4413894866316574,0.5991463454984615,0.8411422234543943,0.6998143290042965,0.08198585144012127,frl_apartment_5/seq_0013
frl_apartment_5,seq_0013,16,consec_n0.5,4,0.453028408496663,0.25,fixed,0.5,7555,51631,0.37780595583015086,1.0555697416520553,0.716687848741103,0.37908669755129054,0.2135538726733939,0.27320246506361695,0.5576439444076771,0.3280974608277972,0.41312636199391817,0.7489080079417604,0.47082179310879124,0.578164460471453,0.08172955710563913,frl_apartment_5/seq_0013
frl_apartment_5,seq_0013,16,consec_n0.5,4,0.453028408496663,0.25,subset,0.5,7555,28856,0.38069972059826535,0.7066473725215087,0.543673546559887,0.3670416942422237,0.32183947879123925,0.342957572927697,0.5481138318994043,0.47494455225949544,0.5089126534899026,0.7481138318994044,0.6381341835320211,0.6887613240832139,0.09973266408423809,frl_apartment_5/seq_0013
frl_apartment_5,seq_0013,16,spaced1.0,3,2.110941853175985,1.0,fixed,1.0,26922,51631,0.47314682781270834,0.28916000941639736,0.3811534186145529,0.24184681672981204,0.3877709128236912,0.2978987296095635,0.41698239358145756,0.6088590188065309,0.4949761004960919,0.6688581828987445,0.8019406945439755,0.7293785764615938,0.09466378703681234,frl_apartment_5/seq_0013
frl_apartment_5,seq_0013,16,spaced1.0,3,2.110941853175985,1.0,subset,1.0,26922,27194,0.478253757623935,0.20482716863955674,0.3415404631317459,0.22918059579526037,0.5147091270133117,0.3171473963769884,0.40814203996731296,0.7265573288225344,0.5226734031853535,0.6659237798083352,0.8835404868721042,0.7594503897687025,0.09702054126369185,frl_apartment_5/seq_0013
frl_apartment_5,seq_0013,16,spaced1.0,3,2.110941853175985,0.25,fixed,1.0,6730,51631,0.38744653969250464,1.4020503941325735,0.8947484669125391,0.4037147102526003,0.22732466928783096,0.29086715019795306,0.5879643387815751,0.3495380682148322,0.43843283520809234,0.7319465081723625,0.4739013383432434,0.5753137608875883,0.08334420242598148,frl_apartment_5/seq_0013
frl_apartment_5,seq_0013,16,spaced1.0,3,2.110941853175985,0.25,subset,1.0,6730,27194,0.3882192837887237,0.8341538742205032,0.6111865790046135,0.40193164933135217,0.3704493638302567,0.3855488968807449,0.5864784546805349,0.54317128778407,0.5639947419302294,0.7320950965824665,0.6780172096786056,0.7040192081159432,0.10573983270839342,frl_apartment_5/seq_0013
frl_apartment_5,seq_0013,16,random_n1.0,3,1.35369846270755,1.0,fixed,1.0,26031,51631,0.48113230004586227,0.34641740807606886,0.4137748540609656,0.24286427720794437,0.36286339602176987,0.29097748144858615,0.41969190580461757,0.5753907536170131,0.4853603661594066,0.6752333755906419,0.7774592783405319,0.7227495113677552,0.08814627064005709,frl_apartment_5/seq_0013
frl_apartment_5,seq_0013,16,random_n1.0,3,1.35369846270755,1.0,subset,1.0,26031,26691,0.48828140405922094,0.2439864832765268,0.3661339436678739,0.22530828627405786,0.4707579333857855,0.3047573929759185,0.40424878030041106,0.6930425986287513,0.5106421695672255,0.6706619031155161,0.8680828743771308,0.7567078323936486,0.08968928561275834,frl_apartment_5/seq_0013
frl_apartment_5,seq_0013,16,random_n1.0,3,1.35369846270755,0.25,fixed,1.0,6507,51631,0.37866807079059184,1.2999904223541952,0.8393292465723935,0.40095282003995697,0.19896961128004492,0.265959139315577,0.5844475180574765,0.33224225755844355,0.423650766025786,0.7516520670047641,0.47951811895953983,0.5855092811557486,0.07262302914476827,frl_apartment_5/seq_0013
frl_apartment_5,seq_0013,16,random_n1.0,3,1.35369846270755,0.25,subset,1.0,6507,26691,0.3798099659582666,0.7935575769109585,0.5866837714346126,0.3946519133241125,0.3201079015398449,0.35349272073140114,0.5806055017673275,0.5104342287662508,0.5432632987015259,0.7516520670047641,0.6784683975872017,0.7131877153989719,0.09221835075493612,frl_apartment_5/seq_0013
frl_apartment_5,seq_0013,16,consec_n1.0,3,0.3045237903760875,1.0,fixed,1.0,24296,51631,0.5377211421023781,0.4204860454668894,0.47910359378463374,0.22513994073098453,0.3089810385233677,0.2604802110460529,0.3713780046098123,0.46474017547597374,0.41284661221592606,0.6128169245966414,0.6889271949022874,0.6486470551732085,0.08126542974218014,frl_apartment_5/seq_0013
frl_apartment_5,seq_0013,16,consec_n1.0,3,0.3045237903760875,1.0,subset,1.0,24296,25584,0.5487003469401088,0.2952080184097051,0.421954182674907,0.2053836022390517,0.4306597873671044,0.27812712124476063,0.3525683240039513,0.6035412757973734,0.44511536359284154,0.6022390516957524,0.8035100062539087,0.6884658416918255,0.08303129153074786,frl_apartment_5/seq_0013
frl_apartment_5,seq_0013,16,consec_n1.0,3,0.3045237903760875,0.25,fixed,1.0,6074,51631,0.3697562094745345,1.44681708087485,0.9082866451746923,0.4061573921633191,0.19091243632701285,0.25973677975383014,0.5823180770497202,0.29674033042164594,0.39314170054134895,0.7543628580836351,0.43528112955395015,0.5520305576666739,0.07411014698069772,frl_apartment_5/seq_0013
frl_apartment_5,seq_0013,16,consec_n1.0,3,0.3045237903760875,0.25,subset,1.0,6074,25584,0.3727805007443426,0.8896444220397224,0.6312124613920325,0.3921633190648666,0.315509693558474,0.3496850280169896,0.5722752716496543,0.46892589118198874,0.5154713639195587,0.753539677313138,0.636843339587242,0.6902942840619796,0.09738643434971997,frl_apartment_5/seq_0013
frl_apartment_5,seq_0007,29,all,29,4.199999999999999,1.0,fixed,0.0,87429,68669,0.3748262795806604,0.11530604620161262,0.2450661628911365,0.2494252479154514,0.7416010135577917,0.3732979111694234,0.4514520353658397,0.8565291470678181,0.5912651221395474,0.7537887886170492,0.9632294048260496,0.8457353905705263,0.12610000928495527,frl_apartment_5/seq_0007
frl_apartment_5,seq_0007,29,all,29,4.199999999999999,1.0,subset,0.0,87429,68669,0.3748262795806604,0.11530604620161262,0.2450661628911365,0.2494252479154514,0.7416010135577917,0.3732979111694234,0.4514520353658397,0.8565291470678181,0.5912651221395474,0.7537887886170492,0.9632294048260496,0.8457353905705263,0.12610000928495527,frl_apartment_5/seq_0007
frl_apartment_5,seq_0007,29,all,29,4.199999999999999,0.25,fixed,0.0,21857,68669,0.342064640946956,0.37228227168781525,0.3571734563173856,0.43450610788305805,0.4214128646113967,0.42785934065817044,0.6420826279910327,0.5561752755974312,0.5960494506396069,0.7948483323420414,0.7543432990141111,0.774066295090794,0.1547041835572159,frl_apartment_5/seq_0007
frl_apartment_5,seq_0007,29,all,29,4.199999999999999,0.25,subset,0.0,21857,68669,0.342064640946956,0.37228227168781525,0.3571734563173856,0.43450610788305805,0.4214128646113967,0.42785934065817044,0.6420826279910327,0.5561752755974312,0.5960494506396069,0.7948483323420414,0.7543432990141111,0.774066295090794,0.1547041835572159,frl_apartment_5/seq_0007
frl_apartment_5,seq_0007,29,spaced0.3,11,4.199999999999999,1.0,fixed,0.3,58689,68669,0.3614766688614516,0.13125950085238933,0.24636808485692047,0.2897306139140214,0.6734043017955701,0.4051474795259164,0.4955443098365963,0.829733941079672,0.6205035552285737,0.7723082690112287,0.9551180299698554,0.8540399701712673,0.13858918811769036,frl_apartment_5/seq_0007
frl_apartment_5,seq_0007,29,spaced0.3,11,4.199999999999999,1.0,subset,0.3,58689,52619,0.3635647684605592,0.11804738424817342,0.2408060763543663,0.2829831825384655,0.7168703320093502,0.40578393748239583,0.4904496583686892,0.8571998707691139,0.62392094484887,0.771047385370342,0.9641954427108079,0.8568718603035774,0.1340649131974685,frl_apartment_5/seq_0007
frl_apartment_5,seq_0007,29,spaced0.3,11,4.199999999999999,0.25,fixed,0.3,14672,68669,0.3689280244711586,0.5134944869595561,0.44121125571535735,0.47239640130861504,0.35481804016368373,0.40525106160954955,0.6625545256270448,0.483303965399234,0.5589088566110131,0.772082878953108,0.6970394209905488,0.7326445224101903,0.14032834137477285,frl_apartment_5/seq_0007
frl_apartment_5,seq_0007,29,spaced0.3,11,4.199999999999999,0.25,subset,0.3,14672,52619,0.3698095429255667,0.42930465511112614,0.39955709901834646,0.4678980370774264,0.4165605579733556,0.44073938223963954,0.6586014176663032,0.5525000475113552,0.6009031035203986,0.7718102508178845,0.7586803245975788,0.7651889675430342,0.14597191426459719,frl_apartment_5/seq_0007
frl_apartment_5,seq_0007,29,random_n0.3,11,3.7500000000000004,1.0,fixed,0.3,55320,68669,0.3588187430014451,0.1441890375176508,0.25150389025954795,0.28606290672451196,0.6205711456406822,0.39160758475422364,0.4938900939985539,0.7828277679884664,0.6056637749467508,0.7787780187997108,0.9501376166829283,0.8559657574047546,0.13409877088393318,frl_apartment_5/seq_0007
frl_apartment_5,seq_0007,29,random_n0.3,11,3.7500000000000004,1.0,subset,0.3,55320,52986,0.36133289189513623,0.1308716115609926,0.24610225172806444,0.2779103398409255,0.6620050579398331,0.391477894846414,0.4876536514822849,0.8125165137960971,0.6094996723101798,0.7773318872017354,0.9595931000641679,0.8588998614071421,0.12950988094518645,frl_apartment_5/seq_0007
frl_apartment_5,seq_0007,29,random_n0.3,11,3.7500000000000004,0.25,fixed,0.3,13830,68669,0.3784261529141607,0.4800249163990758,0.4292255346566183,0.45300072306579897,0.3280519593994379,0.38053201313398405,0.6477946493130875,0.4797215628595145,0.5512312075437078,0.7661605206073753,0.7229899954855903,0.7439495005360263,0.13002161200101703,frl_apartment_5/seq_0007
frl_apartment_5,seq_0007,29,random_n0.3,11,3.7500000000000004,0.25,subset,0.3,13830,52986,0.3796240231437705,0.4071203871563227,0.39337220515004656,0.4472885032537961,0.3840070962140943,0.41323918811643656,0.6439624005784527,0.5436152946061223,0.5895493179523101,0.7663051337671728,0.7772241724229042,0.7717260320579493,0.1349525823838439,frl_apartment_5/seq_0007
frl_apartment_5,seq_0007,29,consec_n0.3,11,1.5000000000000004,1.0,fixed,0.3,53145,68669,0.33576340627123263,0.16031404086044965,0.24803872356584114,0.30365979866403237,0.6254059328081084,0.408820674806035,0.5268416596104996,0.7840655900042232,0.6302176096786629,0.800263430238028,0.9217405233802735,0.8567172351489232,0.14439875884627731,frl_apartment_5/seq_0007
frl_apartment_5,seq_0007,29,consec_n0.3,11,1.5000000000000004,1.0,subset,0.3,53145,47917,0.3467486590833766,0.12214209558829288,0.23444537733583473,0.2794430332110264,0.6928021370286119,0.3982508455940972,0.5033963684260043,0.8427697894275518,0.6303044374454257,0.790968106124753,0.956403781538911,0.8658544790781176,0.1364004798495607,frl_apartment_5/seq_0007
frl_apartment_5,seq_0007,29,consec_n0.3,11,1.5000000000000004,0.25,fixed,0.3,13286,68669,0.3566853970629232,0.4335131579296183,0.3950992774962707,0.46650609664308296,0.32363948797856384,0.3821569017024652,0.6713081439108837,0.45805239627779637,0.5445458611610559,0.7848863465301822,0.6903406194935123,0.7345838154736426,0.13282210573998576,frl_apartment_5/seq_0007
frl_apartment_5,seq_0007,29,consec_n0.3,11,1.5000000000000004,0.25,subset,0.3,13286,47917,0.3613630261028955,0.34052291484445263,0.35094297047367407,0.4444528074665061,0.4007137341653276,0.4214514781815609,0.6558031010085804,0.5411023227664503,0.5929567602993542,0.7845100105374078,0.7671390112068786,0.7757272750883053,0.14375945537065052,frl_apartment_5/seq_0007
frl_apartment_5,seq_0007,29,spaced0.5,8,4.199999999999999,1.0,fixed,0.5,48813,68669,0.37103210504853196,0.15484339430244648,0.2629377496754892,0.29977669883022967,0.5993679826413666,0.3996610532727468,0.49917030299305515,0.7726048143995107,0.6064930411414122,0.7609858029623257,0.9353274403296975,0.8391974843404073,0.13686619604809336,frl_apartment_5/seq_0007
frl_apartment_5,seq_0007,29,spaced0.5,8,4.199999999999999,1.0,subset,0.5,48813,46896,0.37390956632560723,0.13365344428525433,0.25378150530543075,0.29066027492676133,0.6642570794950529,0.4043766603550358,0.49228689078729027,0.8216479017400204,0.6156873129015469,0.7594083543318378,0.9491214602524736,0.843732149171452,0.13239208814907166,frl_apartment_5/seq_0007
frl_apartment_5,seq_0007,29,spaced0.5,8,4.199999999999999,0.25,fixed,0.5,12203,68669,0.3897054744987079,0.4894604800272428,0.43958297726297535,0.4664426780299926,0.3219793502162548,0.38097593675634744,0.6467262148651971,0.4701976146441626,0.5445118378234326,0.7573547488322544,0.7054711733096448,0.7304928565772211,0.13025518022519822,frl_apartment_5/seq_0007
frl_apartment_5,seq_0007,29,spaced0.5,8,4.199999999999999,0.25,subset,0.5,12203,46896,0.39080755673303086,0.38680324405502015,0.3888054003940255,0.46111611898713434,0.40587683384510403,0.4317367281891962,0.64172744407113,0.564525759126578,0.6006561003216437,0.7571908547078587,0.785568065506653,0.7711184776289931,0.14173786516434728,frl_apartment_5/seq_0007
frl_apartment_5,seq_0007,29,random_n0.5,8,4.199999999999999,1.0,fixed,0.5,48985,68669,0.37905786494585897,0.16525200972562742,0.2721549373357432,0.28253547004184953,0.5739562247884781,0.3786679841330694,0.4831070735939573,0.7564548777468727,0.5896416905970078,0.7587220577727876,0.9239977282325358,0.8332432572225696,0.1274994419108971,frl_apartment_5/seq_0007
frl_apartment_5,seq_0007,29,random_n0.5,8,4.199999999999999,1.0,subset,0.5,48985,45432,0.3819828844444394,0.13722762954640072,0.25960525699542003,0.2735122996835766,0.6530859306215883,0.3855544483750428,0.47683984893334697,0.8209852086634971,0.603283871865607,0.7569255894661631,0.9456330339848565,0.8408213753213599,0.12320005357980042,frl_apartment_5/seq_0007
frl_apartment_5,seq_0007,29,random_n0.5,8,4.199999999999999,0.25,fixed,0.5,12246,68669,0.38020646850137396,0.4966882190696862,0.4384473437855301,0.4531275518536665,0.3084943715504813,0.3670779294705993,0.6309815449942838,0.45596994276893504,0.5293863106096087,0.7662093744896292,0.6994422519623119,0.7313050396089243,0.12483030363233005,frl_apartment_5/seq_0007
frl_apartment_5,seq_0007,29,random_n0.5,8,4.199999999999999,0.25,subset,0.5,12246,45432,0.38140656005088164,0.3826224358860387,0.3820144979684602,0.44896292666993304,0.40667371016023945,0.42677326157902734,0.6276335129838314,0.5648001408698714,0.594561375221655,0.7659643965376449,0.7862960028173974,0.7759970473359145,0.13648451252855912,frl_apartment_5/seq_0007
frl_apartment_5,seq_0007,29,consec_n0.5,8,1.0499999999999994,1.0,fixed,0.5,45202,68669,0.328622036191335,0.18917419066209423,0.25889811342671465,0.32536170965886463,0.5953487017431447,0.4207700250665642,0.5478076191318968,0.7506880834146412,0.6333985563133934,0.807641254811734,0.8920473576140616,0.8477485134488018,0.14886275856149686,frl_apartment_5/seq_0007
frl_apartment_5,seq_0007,29,consec_n0.5,8,1.0499999999999994,1.0,subset,0.5,45202,42687,0.3404426089745225,0.13312032752418285,0.23678146824935267,0.2948542099907084,0.6827137067491273,0.4118404608135584,0.521038892084421,0.8252629606203293,0.6387781429789432,0.7992124242290164,0.9388338369995549,0.8634150696153047,0.1398453839259038,frl_apartment_5/seq_0007
frl_apartment_5,seq_0007,29,consec_n0.5,8,1.0499999999999994,0.25,fixed,0.5,11300,68669,0.3632671658251515,0.5092593293477724,0.43626324758646196,0.49398230088495576,0.3080574931919789,0.37946982285826114,0.6790265486725664,0.431927070439354,0.5279967459904197,0.7782300884955752,0.6488808632716364,0.7076935553211874,0.12878969135591484,frl_apartment_5/seq_0007
frl_apartment_5,seq_0007,29,consec_n0.5,8,1.0499999999999994,0.25,subset,0.5,11300,42687,0.3700912573910955,0.3757818181626867,0.37293653777689106,0.4661061946902655,0.4116475742029189,0.437187491902528,0.6574336283185841,0.5461147421931736,0.5966261186256473,0.7764601769911504,0.7521025136458407,0.7640872755013799,0.14428469030653118,frl_apartment_5/seq_0007
frl_apartment_5,seq_0007,29,spaced1.0,5,4.199999999999999,1.0,fixed,1.0,37254,68669,0.37682753345893805,0.1771824967561327,0.2770050151075354,0.30125624094057013,0.5130408190012961,0.37960777751656355,0.49809416438503246,0.7301111127291791,0.5921877903953173,0.7606968379234444,0.9238229768891348,0.8343614733897048,0.1254460452246923,frl_apartment_5/seq_0007
frl_apartment_5,seq_0007,29,spaced1.0,5,4.199999999999999,1.0,subset,1.0,37254,38394,0.38094157798662537,0.14208150056672578,0.2615115392766756,0.2868685241853224,0.6082721258529978,0.3898697417864963,0.48918236967842377,0.8104391311142366,0.6101046102988942,0.7581199334299672,0.9506172839506173,0.843525739002502,0.12256488422107614,frl_apartment_5/seq_0007
frl_apartment_5,seq_0007,29,spaced1.0,5,4.199999999999999,0.25,fixed,1.0,9313,68669,0.4249302707270608,0.6993921560859913,0.562161213406526,0.4610759153870933,0.24626833068779216,0.3210555444051891,0.6163427466981639,0.40140383579198763,0.486176710280639,0.7311285300118114,0.6217507172086385,0.6720181255503702,0.11008583690987124,frl_apartment_5/seq_0007
frl_apartment_5,seq_0007,29,spaced1.0,5,4.199999999999999,0.25,subset,1.0,9313,38394,0.42596665863298466,0.4832531398052509,0.45460989921911776,0.4537742939976377,0.3666979215502422,0.40561541831309433,0.612477182433158,0.5509194144918477,0.5800697227885101,0.7309137764415333,0.7587383445329999,0.7445661989469191,0.12991729751017372,frl_apartment_5/seq_0007
frl_apartment_5,seq_0007,29,random_n1.0,5,3.9,1.0,fixed,1.0,36345,68669,0.3559122062817378,0.16115337399192398,0.2585327901368309,0.3492639977988719,0.5745969797142816,0.43445073045161714,0.5541339936717568,0.7879538073948944,0.6506757453179696,0.7761177603521805,0.932851796298184,0.8472975356009547,0.14746971762799613,frl_apartment_5/seq_0007
frl_apartment_5,seq_0007,29,random_n1.0,5,3.9,1.0,subset,1.0,36345,36923,0.36109863675525256,0.12575119115872713,0.24342491395698984,0.32802311184482047,0.6625409636270075,0.438797961676691,0.54208281744394,0.844893426861306,0.6604326658850042,0.7744944283945522,0.9614332529859437,0.8578982934573643,0.14264159195276624,frl_apartment_5/seq_0007
frl_apartment_5,seq_0007,29,random_n1.0,5,3.9,0.25,fixed,1.0,9086,68669,0.39549353535233117,0.7143367946133815,0.5549151649828563,0.4971384547655734,0.2753061789162504,0.3543691868800402,0.662227602905569,0.4225196231196027,0.5158882189067078,0.7537970504072199,0.6301242190799342,0.6864346812281089,0.11934171328925379,frl_apartment_5/seq_0007
frl_apartment_5,seq_0007,29,random_n1.0,5,3.9,0.25,subset,1.0,9086,36923,0.3974659566897807,0.4735495392716807,0.43550774798073066,0.48866387849438697,0.4031091731441107,0.4417825626000621,0.6582654633502091,0.5695636865910138,0.6107105440186607,0.7535769315430333,0.7692766026595889,0.7613458401875822,0.14185207181689433,frl_apartment_5/seq_0007
frl_apartment_5,seq_0007,29,consec_n1.0,5,0.6000000000000003,1.0,fixed,1.0,34775,68669,0.3273188630912974,0.22303381364927774,0.27517633837028754,0.33518332135154566,0.5221861393059459,0.4082909237333552,0.5546800862688713,0.6726033581383157,0.607976405804287,0.8098058950395399,0.8669122893882246,0.8373866150540963,0.1456031144183783,frl_apartment_5/seq_0007
frl_apartment_5,seq_0007,29,consec_n1.0,5,0.6000000000000003,1.0,subset,1.0,34775,35154,0.34229922572855237,0.1486563557085076,0.24547779071853,0.2972825305535586,0.6509927746486887,0.4081700290157172,0.5204025880661395,0.7887295898048586,0.6270671926899034,0.798274622573688,0.9290834613415259,0.8587261163137802,0.13907346312903676,frl_apartment_5/seq_0007
frl_apartment_5,seq_0007,29,consec_n1.0,5,0.6000000000000003,0.25,fixed,1.0,8693,68669,0.3687079376129899,0.5884273219019711,0.4785676297574805,0.4841826757160934,0.2655783541335974,0.34301179441791024,0.6675486023237087,0.38985568451557473,0.49223862726003886,0.772920740825952,0.5955817035343459,0.6727608758248619,0.11343753431677588,frl_apartment_5/seq_0007
frl_apartment_5,seq_0007,29,consec_n1.0,5,0.6000000000000003,0.25,subset,1.0,8693,35154,0.3758836328955998,0.41536431946692154,0.39562397618126066,0.4599102726331531,0.407521192467429,0.43213369648690453,0.647072357068906,0.55094726062468,0.5951534303576825,0.7701598987691246,0.7305569778688058,0.7498358909390255,0.14091089896579156,frl_apartment_5/seq_0007
office_4,seq_0001,14,all,14,1.9528330048520262,1.0,fixed,0.0,44489,50714,0.20593475727630467,0.09148643811800908,0.1487105976971569,0.39027624806131855,0.8122609141459952,0.5272288491074588,0.6103081660635213,0.9080530031155105,0.7299872708409008,0.9122030164759828,0.9727688606696375,0.9415129210102232,0.1931280570924545,office_4/seq_0001
office_4,seq_0001,14,all,14,1.9528330048520262,1.0,subset,0.0,44489,50714,0.20593475727630467,0.09148643811800908,0.1487105976971569,0.39027624806131855,0.8122609141459952,0.5272288491074588,0.6103081660635213,0.9080530031155105,0.7299872708409008,0.9122030164759828,0.9727688606696375,0.9415129210102232,0.1931280570924545,office_4/seq_0001
office_4,seq_0001,14,all,14,1.9528330048520262,0.25,fixed,0.0,11122,50714,0.09514061349079697,0.2525805644904595,0.17386058899062823,0.6853983096565366,0.5117916157274125,0.5860074510791724,0.8929149433555116,0.6065583468075877,0.7223936770792349,0.9925373134328358,0.7857199195488426,0.8771018316085287,0.24451530005234853,office_4/seq_0001
office_4,seq_0001,14,all,14,1.9528330048520262,0.25,subset,0.0,11122,50714,0.09514061349079697,0.2525805644904595,0.17386058899062823,0.6853983096565366,0.5117916157274125,0.5860074510791724,0.8929149433555116,0.6065583468075877,0.7223936770792349,0.9925373134328358,0.7857199195488426,0.8771018316085287,0.24451530005234853,office_4/seq_0001
office_4,seq_0001,14,spaced0.3,6,1.6533471337984031,1.0,fixed,0.3,30428,50714,0.18453866184709547,0.10906525197252043,0.14680195690980796,0.4459379518864204,0.7427140434593997,0.5572772866648958,0.6567635072959117,0.8639231770319833,0.7462328981101397,0.9277967661364532,0.9665575580707497,0.9467806156465381,0.20899492007766163,office_4/seq_0001
office_4,seq_0001,14,spaced0.3,6,1.6533471337984031,1.0,subset,0.3,30428,38892,0.18641200013156053,0.09381269838146525,0.1401123492565129,0.43956224530038124,0.7926565874730022,0.5655195328537053,0.6537399763375839,0.8972539339709966,0.7563804882332532,0.9266793742605495,0.9764733107065721,0.950924940174546,0.2061438301830019,office_4/seq_0001
office_4,seq_0001,14,spaced0.3,6,1.6533471337984031,0.25,fixed,0.3,7607,50714,0.07872132976939795,0.45952625705699374,0.26912379341319587,0.7554883659787038,0.4447489845013211,0.5598937300813202,0.9351912711975812,0.5429072839846985,0.686993639594572,0.9959248060996451,0.6827897621958433,0.8101523324625401,0.2222462203023758,office_4/seq_0001
office_4,seq_0001,14,spaced0.3,6,1.6533471337984031,0.25,subset,0.3,7607,38892,0.07900712173323142,0.3786609959443536,0.22883405883879251,0.7539108715656632,0.5266892934279543,0.6201417040338291,0.934796897594321,0.6245757482258563,0.7488286694257049,0.9959248060996451,0.7495371798827523,0.8553410805094818,0.2366722864949712,office_4/seq_0001
office_4,seq_0001,14,random_n0.3,6,1.055251981679918,1.0,fixed,0.3,28369,50714,0.18273222085746232,0.10755552652077327,0.1451438736891178,0.4711480841763897,0.7495957723705485,0.5786154239728922,0.6813423102682505,0.8830894821942659,0.7692073644511421,0.9223800627445451,0.9621800686201049,0.9418597977266012,0.2173352033660589,office_4/seq_0001
office_4,seq_0001,14,random_n0.3,6,1.055251981679918,1.0,subset,0.3,28369,36884,0.18569109004201834,0.090874067845118,0.13828257894356816,0.4633931403997321,0.8070165925604598,0.5887328213550466,0.6771475906799675,0.9156544843292485,0.7785439731490446,0.9201240791004265,0.972616852835918,0.9456425556535719,0.21479720523004667,office_4/seq_0001
office_4,seq_0001,14,random_n0.3,6,1.055251981679918,0.25,fixed,0.3,7092,50714,0.07292301518938399,0.5797375647289843,0.3263302899591841,0.7921601804850535,0.4128248609851323,0.5427841925534657,0.9468415115623238,0.5185747525338171,0.6701278190740267,0.9961928934010152,0.649347320266593,0.7862161986996435,0.20840161695618922,office_4/seq_0001
office_4,seq_0001,14,random_n0.3,6,1.055251981679918,0.25,subset,0.3,7092,36884,0.0732545365530664,0.4521518391354265,0.26270318784424646,0.7900451212633953,0.5118479557531721,0.6212230288498413,0.9454314720812182,0.6206756317102267,0.7493820502469074,0.9961928934010152,0.7405379026135994,0.8495485858495169,0.22280192091065393,office_4/seq_0001
office_4,seq_0001,14,consec_n0.3,6,0.7499999999999999,1.0,fixed,0.3,27300,50714,0.17026673567640005,0.12171674722174086,0.14599174144907046,0.46765567765567767,0.7048349568166581,0.562256208577471,0.6987912087912088,0.8445399692392633,0.764783494791217,0.944981684981685,0.9479828055369326,0.9464798662594299,0.22479745370370371,office_4/seq_0001
office_4,seq_0001,14,consec_n0.3,6,0.7499999999999999,1.0,subset,0.3,27300,38382,0.17507566169748257,0.10803206131842932,0.14155386150795596,0.4584249084249084,0.7530352769527383,0.5699075083844752,0.6899633699633699,0.8732478766088271,0.7708606870371009,0.9393406593406594,0.956203428690532,0.9476970383768605,0.22261769456242148,office_4/seq_0001
office_4,seq_0001,14,consec_n0.3,6,0.7499999999999999,0.25,fixed,0.3,6825,50714,0.07219921543373609,0.514954847849993,0.29357703164186455,0.775970695970696,0.4178333399061403,0.5431819927272858,0.9519413919413919,0.5203494104192137,0.6728862820526207,0.9985347985347985,0.6673699570138424,0.8000362846140361,0.21431349669389343,office_4/seq_0001
office_4,seq_0001,14,consec_n0.3,6,0.7499999999999999,0.25,subset,0.3,6825,38382,0.07402993650003119,0.4228977197609634,0.2484638281304973,0.7686446886446886,0.4967693189515919,0.603500666503769,0.9468131868131868,0.6007242978479496,0.7350693504733753,0.996043956043956,0.7381064040435621,0.8478923622607041,0.22822226235626994,office_4/seq_0001
office_4,seq_0001,14,spaced0.5,4,1.8030687021961735,1.0,fixed,0.5,24275,50714,0.17438114642725602,0.1169527062054528,0.14566692631635442,0.47662203913491247,0.7028433963008243,0.5680381004359805,0.6863439752832132,0.8536301612966833,0.7609009845154883,0.9347064881565397,0.9636983870331663,0.948981059581275,0.21789786812097173,office_4/seq_0001
office_4,seq_0001,14,spaced0.5,4,1.8030687021961735,1.0,subset,0.5,24275,34250,0.17766078135897437,0.09474278931651897,0.13620178533774668,0.46488156539649844,0.7733138686131387,0.5806827450809352,0.6809886714727086,0.9033868613138686,0.776578791809582,0.9322348094747683,0.9785401459854015,0.9548264006175667,0.21439749608763695,office_4/seq_0001
office_4,seq_0001,14,spaced0.5,4,1.8030687021961735,0.25,fixed,0.5,6068,50714,0.07566529690713125,0.5594340435456102,0.3175496702263707,0.76977587343441,0.3882951453247624,0.5162036348392001,0.9472643375082399,0.4976732263280357,0.6525238333227138,0.99340804218853,0.6489726702685649,0.7850733571278459,0.19957923466196623,office_4/seq_0001
office_4,seq_0001,14,spaced0.5,4,1.8030687021961735,0.25,subset,0.5,6068,34250,0.07603087319295522,0.41410986793642196,0.24507037056468858,0.7663150955833883,0.5030948905109489,0.607414804251841,0.9459459459459459,0.6181313868613139,0.7476853825557735,0.9932432432432432,0.7481167883211679,0.8534271278631338,0.2205769230769231,office_4/seq_0001
office_4,seq_0001,14,random_n0.5,4,1.05,1.0,fixed,0.5,23538,50714,0.15685507558689818,0.13857033279264747,0.14771270418977284,0.47739824963888183,0.678077059589068,0.5603110664206143,0.7087263148950633,0.8042946720826596,0.7534922568040617,0.9592148865664033,0.9314390503608471,0.9451229393015852,0.23095336886789442,office_4/seq_0001
office_4,seq_0001,14,random_n0.5,4,1.05,1.0,subset,0.5,23538,36150,0.16377527639950698,0.12455617675325317,0.14416572657638008,0.462401223553403,0.7243153526970955,0.5644554260527224,0.6951312770838644,0.8368464730290457,0.7594342117265532,0.9507604724275639,0.9379529737206086,0.9443132987993602,0.22735483007760235,office_4/seq_0001
office_4,seq_0001,14,random_n0.5,4,1.05,0.25,fixed,0.5,5884,50714,0.07815894597906244,0.3799105944676367,0.22903477022334956,0.7622365737593474,0.40341917419253065,0.5276014803952813,0.917912984364378,0.5210592735733722,0.6647620483273551,0.9959211420802175,0.7018969120952794,0.823449806765045,0.20501296456352636,office_4/seq_0001
office_4,seq_0001,14,random_n0.5,4,1.05,0.25,subset,0.5,5884,36150,0.08288594283441247,0.30825162673149714,0.1955687847829548,0.7515295717199184,0.4850899031811895,0.5896064465790007,0.9046566961250849,0.6050622406639005,0.7251331280950237,0.9894629503738953,0.7683817427385892,0.8650198383992381,0.2210749102103643,office_4/seq_0001
office_4,seq_0001,14,consec_n0.5,4,0.4500000000000002,1.0,fixed,0.5,22056,50714,0.15698550379263174,0.13577632674361828,0.14638091526812502,0.502221617700399,0.6687896833221596,0.5736590865794251,0.7340406238665216,0.8116693615175297,0.7709056551816673,0.9528019586507073,0.9295263635288086,0.9410202559798218,0.23624908327221814,office_4/seq_0001
office_4,seq_0001,14,consec_n0.5,4,0.4500000000000002,1.0,subset,0.5,22056,33136,0.16362360215489044,0.11270758644904783,0.13816559430196912,0.4883025027203482,0.741851762433607,0.5889473905916925,0.7225244831338411,0.857436021245775,0.7842202591186919,0.9449582879941966,0.9471269917914051,0.946041397011148,0.23364949037372593,office_4/seq_0001
office_4,seq_0001,14,consec_n0.5,4,0.4500000000000002,0.25,fixed,0.5,5514,50714,0.06675568696734131,0.5094131229173838,0.2880844049423626,0.8068552774755169,0.3738218243483062,0.5109273506618126,0.9582879941965905,0.4905745947864495,0.6489390339931191,0.9990932172651432,0.6465275860709074,0.7850427324554704,0.18965716933055363,office_4/seq_0001
office_4,seq_0001,14,consec_n0.5,4,0.4500000000000002,0.25,subset,0.5,5514,33136,0.06847938711782754,0.37850058992125907,0.2234899885195433,0.7997823721436343,0.48617817479478515,0.6047413116173244,0.9544795067101922,0.6135924674070498,0.7469828493573748,0.9978237214363439,0.7543457267020763,0.8591681142108419,0.2108150988299068,office_4/seq_0001
office_4,seq_0001,14,spaced1.0,2,1.055251981679918,1.0,fixed,1.0,14499,50714,0.152417815401372,0.14293672095775473,0.14767726817956336,0.5572798124008552,0.6067358125961273,0.5809571840091523,0.7488102627767432,0.7967819537011476,0.7720516417795481,0.9353058831643561,0.9428362976692827,0.9390559938114627,0.22284341740174762,office_4/seq_0001
office_4,seq_0001,14,spaced1.0,2,1.055251981679918,1.0,subset,1.0,14499,23557,0.15908503810302338,0.09830061714057584,0.12869282762179962,0.5306572867094282,0.7452137368934924,0.6198951027538474,0.7386716325263811,0.8919641720083202,0.8081125524904497,0.931305607283261,0.9766523750902067,0.9534401089446892,0.23470993117010816,office_4/seq_0001
office_4,seq_0001,14,spaced1.0,2,1.055251981679918,0.25,fixed,1.0,3624,50714,0.06846395209543563,0.8800952657676689,0.4742796089315523,0.8336092715231788,0.2838861064005994,0.42353658910309455,0.9533664459161147,0.39898252947903934,0.5625420110233127,0.9919977924944813,0.5372283787514296,0.696992211887941,0.14414524934061215,office_4/seq_0001
office_4,seq_0001,14,spaced1.0,2,1.055251981679918,0.25,subset,1.0,3624,23557,0.06897154288511292,0.47484310679127767,0.2719073248381953,0.8305739514348786,0.49225283355265953,0.618149535084746,0.9525386313465783,0.6340365920957677,0.7613182643154994,0.9919977924944813,0.7596468141104555,0.8604119349684911,0.19324562138607224,office_4/seq_0001
office_4,seq_0001,14,random_n1.0,2,0.9,1.0,fixed,1.0,15649,50714,0.14390710371913573,0.15732897405620577,0.15061803888767075,0.5331331075468081,0.5936427810860906,0.5617632110270847,0.7419004409227427,0.7632803565090508,0.752438556229181,0.9603169531599464,0.9222502661986828,0.9408987435663531,0.2309112065160695,office_4/seq_0001
office_4,seq_0001,14,random_n1.0,2,0.9,1.0,subset,1.0,15649,28067,0.15437104994247597,0.1337333336747538,0.1440521918086149,0.5074445651479328,0.6688994192468023,0.5770920401349188,0.7233050035146016,0.8162967185662878,0.7669925181605192,0.9497731484439901,0.9348701321837033,0.9422627167244498,0.23125674217907227,office_4/seq_0001
office_4,seq_0001,14,random_n1.0,2,0.9,0.25,fixed,1.0,3912,50714,0.06652834106153009,0.6606967716135219,0.363612556337526,0.8233640081799591,0.3223961825137043,0.4633594624992049,0.9429959100204499,0.4433292581930039,0.6031163349752212,0.9976993865030674,0.5877666916433332,0.7397376402339427,0.1680439072520967,office_4/seq_0001
office_4,seq_0001,14,random_n1.0,2,0.9,0.25,subset,1.0,3912,28067,0.07095023655298137,0.43663251018197013,0.25379137336747576,0.8110940695296524,0.4616097195995297,0.5883677084997206,0.9330265848670757,0.6010261160793815,0.7311004949901528,0.9938650306748467,0.7271885132005558,0.8398660652370605,0.20273488515018823,office_4/seq_0001
office_4,seq_0001,14,consec_n1.0,2,0.15000000000000008,1.0,fixed,1.0,15150,50714,0.1350431679532433,0.16098692129909548,0.14801504462616938,0.5620462046204621,0.5935244705603975,0.5773565965156225,0.7634983498349835,0.7513507118349962,0.7573758246263277,0.9673927392739274,0.9158220609693576,0.9409012844782092,0.23928219448094612,office_4/seq_0001
office_4,seq_0001,14,consec_n1.0,2,0.15000000000000008,1.0,subset,1.0,15150,25355,0.14574409044262993,0.11809453747691387,0.1319193139597719,0.5341914191419141,0.720844014987182,0.6136379529605358,0.7458745874587459,0.8400709919148097,0.7901754167100976,0.956039603960396,0.9505422993492407,0.9532830263834373,0.24646744319266756,office_4/seq_0001
office_4,seq_0001,14,consec_n1.0,2,0.15000000000000008,0.25,fixed,1.0,3787,50714,0.05562420243622031,0.8213468188217431,0.4384855106289817,0.8832849221019277,0.31431162992467565,0.4636398177398558,0.961975178241352,0.41893757147927596,0.5836828504585941,0.9997359387377872,0.5446227866072485,0.7051198194967836,0.16414032048505847,office_4/seq_0001
office_4,seq_0001,14,consec_n1.0,2,0.15000000000000008,0.25,subset,1.0,3787,25355,0.05759458111370832,0.4892419369863677,0.273418259050038,0.8756271454977554,0.4967462039045553,0.6338864868677687,0.9580142593081595,0.6237428515085782,0.7555579068371675,0.9992078162133615,0.7406428712285545,0.8507122493854626,0.2103405826836274,office_4/seq_0001
office_4,seq_0000,15,all,15,2.1,1.0,fixed,0.0,49565,54187,0.26606258195494775,0.12929890584207052,0.19768074389850915,0.31038030868556443,0.7208001919279532,0.4339146947369641,0.5098960960355089,0.830826582021518,0.6319505705225021,0.8490870573993745,0.9378633251517892,0.8912699745574778,0.15899477037856746,office_4/seq_0000
office_4,seq_0000,15,all,15,2.1,1.0,subset,0.0,49565,54187,0.26606258195494775,0.12929890584207052,0.19768074389850915,0.31038030868556443,0.7208001919279532,0.4339146947369641,0.5098960960355089,0.830826582021518,0.6319505705225021,0.8490870573993745,0.9378633251517892,0.8912699745574778,0.15899477037856746,office_4/seq_0000
office_4,seq_0000,15,all,15,2.1,0.25,fixed,0.0,12391,54187,0.13384374415689027,0.26265399904009223,0.19824887159849125,0.5687192317004277,0.44313211655932233,0.49813197818995697,0.7812928738600597,0.6013065864506247,0.6795844559253955,0.9743362117666048,0.8056360381641353,0.8819916889356482,0.17766088321384635,office_4/seq_0000
office_4,seq_0000,15,all,15,2.1,0.25,subset,0.0,12391,54187,0.13384374415689027,0.26265399904009223,0.19824887159849125,0.5687192317004277,0.44313211655932233,0.49813197818995697,0.7812928738600597,0.6013065864506247,0.6795844559253955,0.9743362117666048,0.8056360381641353,0.8819916889356482,0.17766088321384635,office_4/seq_0000
office_4,seq_0000,15,spaced0.3,6,1.95,1.0,fixed,0.3,33774,54187,0.24044642591743728,0.14698314872491627,0.19371478732117678,0.3646888138804998,0.6515954011109676,0.46764389420953933,0.5663232072008053,0.7938250871980365,0.6610478742498413,0.8737194291466809,0.928968202705446,0.9004971836738048,0.17048539989520317,office_4/seq_0000
office_4,seq_0000,15,spaced0.3,6,1.95,1.0,subset,0.3,33774,43587,0.24221696304870788,0.13475811421075512,0.1884875386297315,0.35965535619115296,0.6841489434923257,0.4714635339864906,0.5629182211168354,0.8188221258632161,0.6671729540350199,0.8721205661159471,0.9400968178585358,0.9048337978046139,0.16698154338032262,office_4/seq_0000
office_4,seq_0000,15,spaced0.3,6,1.95,0.25,fixed,0.3,8443,54187,0.12409244888153351,0.3092613648553598,0.21667690686844665,0.612341584744759,0.3740565080185284,0.46441767595575245,0.8102570176477555,0.522376215697492,0.6352220311340775,0.9757195309724032,0.7840441434292358,0.8694430905883473,0.16177977264965604,office_4/seq_0000
office_4,seq_0000,15,spaced0.3,6,1.95,0.25,subset,0.3,8443,43587,0.12500457187850583,0.2760684034118088,0.20053648764515733,0.6068932843775909,0.42264895496363597,0.4982851652221009,0.807295984839512,0.5722807259045128,0.6697705587891398,0.9754826483477437,0.8179273636634776,0.8897842049713559,0.16588427390550056,office_4/seq_0000
office_4,seq_0000,15,random_n0.3,6,1.2,1.0,fixed,0.3,31385,54187,0.20960623547934798,0.16404434707453158,0.18682529127693978,0.3824119802453401,0.6260357650358942,0.4747961959001024,0.6082842122032818,0.760735969882075,0.6760217068963064,0.9110084435239765,0.9069149426984332,0.9089570843501493,0.1762560064404136,office_4/seq_0000
office_4,seq_0000,15,random_n0.3,6,1.2,1.0,subset,0.3,31385,43479,0.21667348819444215,0.15503897710890938,0.18585623265167578,0.37164250438107377,0.6464730099588307,0.47196382935317766,0.5960172056714991,0.7799167414153959,0.6756774885291335,0.9003026923689661,0.9141424595781872,0.9071697942302983,0.1693034723649065,office_4/seq_0000
office_4,seq_0000,15,random_n0.3,6,1.2,0.25,fixed,0.3,7846,54187,0.12011823168872167,0.34855007554905465,0.23433415361888815,0.6139434106551109,0.3617841917803163,0.4552807977724695,0.8150650012745347,0.5171351062062857,0.6327859060095462,0.9849604894213612,0.741949176001624,0.8463565155173731,0.15773201017304145,office_4/seq_0000
office_4,seq_0000,15,random_n0.3,6,1.2,0.25,subset,0.3,7846,43479,0.1282219281122474,0.3121130842637231,0.22016750618798525,0.599796074432832,0.39715724832677846,0.4778826712158642,0.7992607698190161,0.5589594976885393,0.6578526460071503,0.9727249553912822,0.7755928149221464,0.8630450357565059,0.1614112924523319,office_4/seq_0000
office_4,seq_0000,15,consec_n0.3,6,0.7500000000000001,1.0,fixed,0.3,28271,54187,0.22327558252041502,0.1758528522814161,0.19956421740091557,0.3817693042340207,0.5834978869470537,0.4615542398146425,0.5943546390293941,0.7346042408695813,0.657078928498815,0.8871988963955997,0.8976322734235148,0.89238509032888,0.170188234032284,office_4/seq_0000
office_4,seq_0000,15,consec_n0.3,6,0.7500000000000001,1.0,subset,0.3,28271,41307,0.23486389227220236,0.1665620982448753,0.20071299525853883,0.3686816879487814,0.6101387174086716,0.4596286938562254,0.5779420607689859,0.7567724598736292,0.6553770536369116,0.8667185455059956,0.9013242307599196,0.8836827217081489,0.1630622115972647,office_4/seq_0000
office_4,seq_0000,15,consec_n0.3,6,0.7500000000000001,0.25,fixed,0.3,7067,54187,0.11997961109935787,0.4378178266550948,0.27889871887722634,0.6214801188623178,0.3343606400059055,0.4347972993740035,0.818734965331824,0.46778747670105375,0.595394143166779,0.9767935474741758,0.6355398896414269,0.7700532024874027,0.15589098964504663,office_4/seq_0000
office_4,seq_0000,15,consec_n0.3,6,0.7500000000000001,0.25,subset,0.3,7067,41307,0.1294507802043033,0.38910539004970435,0.25927808512700384,0.6078958539691524,0.3818239039387997,0.46904018293287286,0.8009056176595444,0.5207834023289031,0.6311595938244458,0.9616527522286684,0.6765923451231026,0.7943217921131016,0.1646912744102043,office_4/seq_0000
office_4,seq_0000,15,spaced0.5,4,1.7999999999999996,1.0,fixed,0.5,27588,54187,0.22266941475201374,0.16472157022843642,0.19369549249022508,0.3868711033782804,0.5945337442560024,0.4687319941212512,0.5865231259968102,0.766032443205935,0.6643656696026964,0.8898796578222415,0.9134847841733257,0.901527731428988,0.17278658986049306,office_4/seq_0000
office_4,seq_0000,15,spaced0.5,4,1.7999999999999996,1.0,subset,0.5,27588,38458,0.2259033700635359,0.14184217461847978,0.18387277234100785,0.3786066405683631,0.6406989443028759,0.47595711927517986,0.5811947223430477,0.8096104841645432,0.6766459290608989,0.887016093953893,0.9380362993395392,0.911813049624976,0.1680453993619244,office_4/seq_0000
office_4,seq_0000,15,spaced0.5,4,1.7999999999999996,0.25,fixed,0.5,6897,54187,0.11577427967310441,0.3419292047516527,0.22885174221237858,0.6379585326953748,0.3551405318618857,0.4562786144769352,0.823111497752646,0.5272113237492387,0.6427406771378267,0.9818761780484269,0.7691512724454205,0.8625922015292214,0.16349670811997075,office_4/seq_0000
office_4,seq_0000,15,spaced0.5,4,1.7999999999999996,0.25,subset,0.5,6897,38458,0.11769864080339358,0.27815309254987824,0.19792586667663592,0.6311439756415833,0.42963752665245203,0.511251631122584,0.8189067710598811,0.6130584013729263,0.7011869919804113,0.9805712628679136,0.8288002496229653,0.8983204409129106,0.1726014969380812,office_4/seq_0000
office_4,seq_0000,15,random_n0.5,4,1.2000000000000002,1.0,fixed,0.5,24719,54187,0.23449025404480087,0.17574107513756002,0.20511566459118044,0.3844815728791618,0.568032923025818,0.4585719012803373,0.5880092236740968,0.7506228431173528,0.65943908890723,0.8690885553622719,0.898647277022164,0.8836207870651841,0.16670061988882745,office_4/seq_0000
office_4,seq_0000,15,random_n0.5,4,1.2000000000000002,1.0,subset,0.5,24719,34781,0.2425127914284213,0.14969218367251372,0.1961024875504675,0.37416562158663375,0.6428222305281619,0.4730085594535231,0.5784214571786884,0.8010407981369139,0.6717678340708606,0.8573566891864558,0.9203300652655185,0.8877279821529059,0.1648487853247397,office_4/seq_0000
office_4,seq_0000,15,random_n0.5,4,1.2000000000000002,0.25,fixed,0.5,6179,54187,0.10584482908514298,0.5299167162267748,0.31788077265595893,0.6492960025894158,0.3269972502629782,0.43494719815621413,0.8533743324162486,0.4548138852492295,0.5933802039447061,0.9868910826994659,0.6008452211785115,0.7469361120172923,0.16023259570344048,office_4/seq_0000
office_4,seq_0000,15,random_n0.5,4,1.2000000000000002,0.25,subset,0.5,6179,34781,0.10711872835346686,0.40818791306325375,0.25765332070836033,0.6463829098559637,0.43380006325292547,0.5191730552354502,0.8514322705939472,0.5752853569477588,0.6866341429445348,0.9859200517883152,0.7059313993272189,0.8227577206317758,0.17990958072707006,office_4/seq_0000
office_4,seq_0000,15,consec_n0.5,4,0.44999999999999973,1.0,fixed,0.5,23469,54187,0.21390597737356068,0.18694938663346505,0.20042768200351285,0.39954834036388426,0.5566095188882942,0.46517927421836724,0.6154927777067621,0.7186594570653477,0.6630873058199989,0.8935617197153692,0.8829424031594294,0.8882203221684994,0.16932108986903507,office_4/seq_0000
office_4,seq_0000,15,consec_n0.5,4,0.44999999999999973,1.0,subset,0.5,23469,35890,0.2286240010555584,0.17060014809843657,0.19961207457699748,0.3801184541309813,0.60490387294511,0.4668627680029767,0.5935063274958455,0.7555865143494009,0.6648102537161645,0.8694021901231411,0.8918083031485093,0.8804627213945713,0.16291233474521885,office_4/seq_0000
office_4,seq_0000,15,consec_n0.5,4,0.44999999999999973,0.25,fixed,0.5,5867,54187,0.11562282518728637,0.49358768491816585,0.3046052550527261,0.6454746889381285,0.3100005536383265,0.4188439469991502,0.8310891426623487,0.4245852326203702,0.5620377128204245,0.975115050281234,0.5735508516802923,0.7222707839911711,0.1504956931578092,office_4/seq_0000
office_4,seq_0000,15,consec_n0.5,4,0.44999999999999973,0.25,subset,0.5,5867,35890,0.12607995440677447,0.4119290824524362,0.2690045184296053,0.6287710925515596,0.38932850376149347,0.48089304731696547,0.8108062041929436,0.5146280300919476,0.6296255051466502,0.9592636782001023,0.6502925606018389,0.7751230041559832,0.16632250797822415,office_4/seq_0000
office_4,seq_0000,15,spaced1.0,3,2.1,1.0,fixed,1.0,22893,54187,0.20904591838599293,0.20341440951341164,0.20623016394970228,0.3964967457301358,0.5473268496133759,0.4598599055863768,0.5986982920543398,0.7352132430287708,0.659970172414218,0.9111518804874853,0.8815952165648587,0.8961299011138651,0.1665548780487805,office_4/seq_0000
office_4,seq_0000,15,spaced1.0,3,2.1,1.0,subset,1.0,22893,33980,0.2119920232602087,0.16424938983199938,0.18812070654610402,0.3852706067356834,0.6136256621542083,0.4733463093809934,0.5933691521425764,0.7967628016480283,0.6801864625634644,0.9093172585506487,0.9148911124190701,0.9120956700522365,0.16273766700924974,office_4/seq_0000
office_4,seq_0000,15,spaced1.0,3,2.1,0.25,fixed,1.0,5723,54187,0.11953880546162195,0.36755396395300993,0.24354638470731593,0.6410973265769702,0.31703176038533226,0.4242606070282551,0.813734055565263,0.49299647516932105,0.6140026756601344,0.9818277127380745,0.7210216472585675,0.8314523308907538,0.1494196501553049,office_4/seq_0000
office_4,seq_0000,15,spaced1.0,3,2.1,0.25,subset,1.0,5723,33980,0.12069892290344113,0.2835870436476733,0.20214298327555721,0.6355058535733007,0.4143025309005297,0.5015995060269653,0.812161453782981,0.6062095350206004,0.6942330619364013,0.9809540450812511,0.8029134785167745,0.8830490091693263,0.16324410218799656,office_4/seq_0000
office_4,seq_0000,15,random_n1.0,3,1.35,1.0,fixed,1.0,21265,54187,0.1991283727996889,0.19821602190868054,0.19867219735418473,0.4184340465553727,0.5393729123221437,0.47126821999666035,0.6333411709381613,0.7233469282300182,0.675358456819383,0.9143193040206913,0.8855814125159172,0.8997209382784814,0.1706716942544897,office_4/seq_0000
office_4,seq_0000,15,random_n1.0,3,1.35,1.0,subset,1.0,21265,32549,0.20654202498916935,0.1634791272888815,0.18501057613902544,0.4018810251587115,0.6056407262895942,0.48315684621051463,0.6200329179402775,0.7857691480537037,0.6931313439928743,0.9056665882906184,0.9182770592030477,0.9119282303011551,0.16338279135112907,office_4/seq_0000
office_4,seq_0000,15,random_n1.0,3,1.35,0.25,fixed,1.0,5316,54187,0.10978373158099773,0.4101576258010048,0.25997067869100127,0.6747554552294959,0.318415856201672,0.43266017358887304,0.8510158013544018,0.4837138058944027,0.6168261944798205,0.9804364183596689,0.6788897706091868,0.8022633037217509,0.1456579530350022,office_4/seq_0000
office_4,seq_0000,15,random_n1.0,3,1.35,0.25,subset,1.0,5316,32549,0.1121955229122319,0.3189267867099079,0.21556115481106988,0.6651617757712566,0.4180773602875664,0.5134398677477917,0.8438675696012039,0.5991889151740453,0.7007848949982779,0.9793077501881113,0.7652769670343175,0.8591633956880612,0.15872811534500514,office_4/seq_0000
office_4,seq_0000,15,consec_n1.0,3,0.3,1.0,fixed,1.0,20534,54187,0.2037033792507966,0.1956292364204645,0.19966630783563055,0.41073341774617705,0.5359957185302748,0.465077803003143,0.6339729229570469,0.7047446804584125,0.6674881152959528,0.9027466640693484,0.8740288261022017,0.8881556633674967,0.17076988293605505,office_4/seq_0000
office_4,seq_0000,15,consec_n1.0,3,0.3,1.0,subset,1.0,20534,32093,0.22030813795118126,0.16933516040573796,0.19482164917845962,0.387990649654232,0.6066431932197053,0.47328348684685356,0.6086977695529366,0.7612875081793538,0.6764948729731354,0.8768384143371969,0.8932789081731218,0.8849823132543427,0.16519698478168113,office_4/seq_0000
office_4,seq_0000,15,consec_n1.0,3,0.3,0.25,fixed,1.0,5133,54187,0.10437121802074688,0.5585706534813777,0.3314709357510623,0.6614065848431716,0.2988724232749552,0.4117057378344237,0.8540814338593415,0.4098953623562847,0.5539405784373718,0.9875316578998636,0.559912894236625,0.7146384766570109,0.14927130044843048,office_4/seq_0000
office_4,seq_0000,15,consec_n1.0,3,0.3,0.25,subset,1.0,5133,32093,0.11353529714939173,0.426651469293925,0.2700933832216584,0.6415351646210793,0.4028915962982582,0.4949492606415788,0.8326514708747321,0.5306453120618203,0.6481972306122857,0.9760374050263004,0.6672483096002243,0.7926306458014848,0.1704177897574124,office_4/seq_0000
frl_apartment_5,seq_0002,60,all,60,8.871791002396128,1.0,fixed,0.0,125390,96872,0.3971235677720657,0.07404353086697131,0.2355835493195185,0.27376186298747907,0.8645325790734165,0.4158432839784472,0.47178403381449874,0.9356883309934759,0.6272845225625231,0.7492702767365819,0.9936101247006359,0.8543128174357785,0.15110529598807224,frl_apartment_5/seq_0002
frl_apartment_5,seq_0002,60,all,60,8.871791002396128,1.0,subset,0.0,125390,96872,0.3971235677720657,0.07404353086697131,0.2355835493195185,0.27376186298747907,0.8645325790734165,0.4158432839784472,0.47178403381449874,0.9356883309934759,0.6272845225625231,0.7492702767365819,0.9936101247006359,0.8543128174357785,0.15110529598807224,frl_apartment_5/seq_0002
frl_apartment_5,seq_0002,60,all,60,8.871791002396128,0.25,fixed,0.0,31347,96872,0.355202074382763,0.3534615929483057,0.35433183366553433,0.4870641528694931,0.5384528036997275,0.5114709357348575,0.6703352792930743,0.6659406226773474,0.6681307245558703,0.7645069703639902,0.8175943513089438,0.790159987787596,0.22409334729553565,frl_apartment_5/seq_0002
frl_apartment_5,seq_0002,60,all,60,8.871791002396128,0.25,subset,0.0,31347,96872,0.355202074382763,0.3534615929483057,0.35433183366553433,0.4870641528694931,0.5384528036997275,0.5114709357348575,0.6703352792930743,0.6659406226773474,0.6681307245558703,0.7645069703639902,0.8175943513089438,0.790159987787596,0.22409334729553565,frl_apartment_5/seq_0002
frl_apartment_5,seq_0002,60,spaced0.3,24,8.716098686784068,1.0,fixed,0.3,92401,96872,0.37442719745377706,0.08483118581976078,0.22962919163676893,0.3148991894027121,0.8117619126269717,0.4537711789529657,0.5235657622753,0.915052853249649,0.666042187225586,0.7697427517018214,0.9907403584110992,0.8663703790449802,0.17060551801913204,frl_apartment_5/seq_0002
frl_apartment_5,seq_0002,60,spaced0.3,24,8.716098686784068,1.0,subset,0.3,92401,81396,0.37630953706635306,0.07955590237541192,0.2279327197208825,0.3084273979718834,0.8324241977492751,0.45008909183906376,0.51899871213515,0.9262617327632807,0.6652484652176301,0.7690176513241199,0.9934271954395794,0.8669355526231471,0.1635646136170638,frl_apartment_5/seq_0002
frl_apartment_5,seq_0002,60,spaced0.3,24,8.716098686784068,0.25,fixed,0.3,23100,96872,0.39285693810904665,0.46066637107470604,0.4267616545918763,0.4980519480519481,0.47489470641671483,0.4861977428342569,0.656969696969697,0.6203546948550664,0.6381374042508292,0.7316017316017316,0.7831778016351474,0.7565117210211348,0.2053393642911576,frl_apartment_5/seq_0002
frl_apartment_5,seq_0002,60,spaced0.3,24,8.716098686784068,0.25,subset,0.3,23100,81396,0.39362391918356476,0.3814644177920663,0.38754416848781553,0.4935930735930736,0.5110939112487101,0.5021910671763778,0.6556277056277057,0.6597130080102216,0.6576640125708978,0.7312554112554113,0.8203351516045014,0.7732381634857626,0.20715601965601965,frl_apartment_5/seq_0002
frl_apartment_5,seq_0002,60,random_n0.3,24,8.871791002396128,1.0,fixed,0.3,90972,96872,0.3736272741610052,0.08521697907612363,0.22942212661856443,0.31610825308886253,0.8045049137005533,0.4538776634222391,0.5217759310557094,0.916023205879924,0.6648478898593609,0.7700831024930748,0.9898629118837229,0.8662500963089722,0.17072584521711265,frl_apartment_5/seq_0002
frl_apartment_5,seq_0002,60,random_n0.3,24,8.871791002396128,1.0,subset,0.3,90972,81352,0.3755576222369658,0.07964092639688868,0.22759927431692725,0.3105680868838764,0.8264086930868325,0.45147125485323314,0.5174119509299565,0.9288892713147802,0.6646173047173959,0.7693026425713406,0.9925140131773036,0.8667685716728968,0.164043283295037,frl_apartment_5/seq_0002
frl_apartment_5,seq_0002,60,random_n0.3,24,8.871791002396128,0.25,fixed,0.3,22743,96872,0.387915528534198,0.47412586918513294,0.43102069885966543,0.5036714593501297,0.46040135436452223,0.4810653692143022,0.65958756540474,0.6017941200759765,0.6293668650889404,0.7378973750164886,0.7809480551655793,0.7588125934076585,0.20084373612276113,frl_apartment_5/seq_0002
frl_apartment_5,seq_0002,60,random_n0.3,24,8.871791002396128,0.25,subset,0.3,22743,81352,0.3888039262132484,0.39264004161920957,0.390721983916229,0.5004177109440268,0.4969392270626414,0.49867240304557514,0.657520995471134,0.641213491985446,0.6492648614967775,0.7377654662973222,0.818959583046514,0.776245103680504,0.20542295994638898,frl_apartment_5/seq_0002
frl_apartment_5,seq_0002,60,consec_n0.3,24,3.45,1.0,fixed,0.3,78991,96872,0.32729718161452387,0.10626098708970018,0.21677908435211202,0.32088465774581915,0.7379738211247833,0.44728258165261214,0.5354913850945044,0.8642125691634321,0.6612518086694295,0.8104720790976188,0.9787761169378149,0.8867084133139181,0.17148631146442767,frl_apartment_5/seq_0002
frl_apartment_5,seq_0002,60,consec_n0.3,24,3.45,1.0,subset,0.3,78991,70887,0.3344553038562322,0.09526151541065914,0.21485840963344566,0.30038865187173225,0.773597415605118,0.4327428293572095,0.5195908394627236,0.8879484249580318,0.6555694454654016,0.8064589636794065,0.9859353619140322,0.8872114789370561,0.155365711210105,frl_apartment_5/seq_0002
frl_apartment_5,seq_0002,60,consec_n0.3,24,3.45,0.25,fixed,0.3,19747,96872,0.3913173367181437,0.261251853616913,0.3262845951675284,0.4739454094292804,0.3695082170286564,0.41526105932479157,0.6554413328606877,0.5420451730118094,0.5933742199636793,0.7577859928090342,0.8575646213560162,0.8045936929030975,0.16754421838257846,frl_apartment_5/seq_0002
frl_apartment_5,seq_0002,60,consec_n0.3,24,3.45,0.25,subset,0.3,19747,70887,0.39550296774759247,0.23184738112505113,0.3136751744363218,0.45794297868030587,0.41930114125298007,0.43777099036934924,0.6436927128171368,0.5883871513817767,0.6147986549653364,0.7569251025472223,0.883603481597472,0.8153733648815951,0.16881367348657067,frl_apartment_5/seq_0002
frl_apartment_5,seq_0002,60,spaced0.5,16,8.871791002396128,1.0,fixed,0.5,78073,96872,0.3683049827460073,0.09177663413529721,0.23004080844065228,0.33331625529952735,0.7707283838467256,0.4653730286766354,0.5417365798675599,0.9026137583615492,0.6770918072352413,0.7752359970796562,0.9889751424560245,0.8691580202250333,0.17768618436696748,frl_apartment_5/seq_0002
frl_apartment_5,seq_0002,60,spaced0.5,16,8.871791002396128,1.0,subset,0.5,78073,73906,0.37070282861933657,0.08324540057939962,0.2269741145993681,0.3246064580584837,0.8042242849024437,0.46252531344432946,0.5361264457622994,0.9210348280247882,0.6777439637671436,0.7744162514569698,0.9937352853624875,0.870473755903557,0.16729182295573894,frl_apartment_5/seq_0002
frl_apartment_5,seq_0002,60,spaced0.5,16,8.871791002396128,0.25,fixed,0.5,19518,96872,0.4062934876837081,0.42376931812730867,0.4150314029055084,0.5051234757659596,0.4472706251548435,0.47443992474920904,0.6518085869453838,0.594929391361797,0.6220715060631062,0.7220002049390306,0.7819184077958543,0.7507656942254055,0.19639895759298745,frl_apartment_5/seq_0002
frl_apartment_5,seq_0002,60,spaced0.5,16,8.871791002396128,0.25,subset,0.5,19518,73906,0.4072059024026739,0.3240226869898293,0.3656142946962516,0.5005635823342556,0.5048981138202582,0.5027215050245701,0.6504252484885746,0.6586204097096312,0.6544971765685672,0.7217952659083923,0.839688252645252,0.7762912619911986,0.20204928444406808,frl_apartment_5/seq_0002
frl_apartment_5,seq_0002,60,random_n0.5,16,6.760680860546203,1.0,fixed,0.5,72775,96872,0.37026554975203213,0.10698837904391294,0.23862696439797254,0.3306217794572312,0.7210545874969031,0.45336447275024266,0.5382205427688079,0.8631080188289701,0.6630029232153423,0.7737684644452079,0.9790961268477991,0.8644064240654552,0.17122109235022603,frl_apartment_5/seq_0002
frl_apartment_5,seq_0002,60,random_n0.5,16,6.760680860546203,1.0,subset,0.5,72775,69220,0.37456113130221147,0.09377208462661267,0.23416660796441208,0.31620748883545174,0.7715400173360301,0.4485723571577207,0.5282995534180694,0.8951170182028315,0.6644434670800149,0.7720096186877362,0.9860733891938745,0.8660093269509035,0.1588544211040547,frl_apartment_5/seq_0002
frl_apartment_5,seq_0002,60,random_n0.5,16,6.760680860546203,0.25,fixed,0.5,18193,96872,0.40723041783388825,0.4585208635399674,0.43287564068692785,0.5205298741274117,0.37796267239243536,0.4379354354075294,0.6631121860056065,0.4890370798579569,0.5629243652198966,0.7246743252899467,0.6924291849037906,0.7081848979579781,0.1800021393806493,frl_apartment_5/seq_0002
frl_apartment_5,seq_0002,60,random_n0.5,16,6.760680860546203,0.25,subset,0.5,18193,69220,0.4095372832551548,0.36219848212197797,0.3858678826885664,0.512449843346342,0.45199364345564863,0.4803268930778608,0.6592645523003353,0.5689251661369547,0.6107724064371803,0.7235750013741549,0.7608494654724068,0.7417442454236074,0.18883284665073888,frl_apartment_5/seq_0002
frl_apartment_5,seq_0002,60,consec_n0.5,16,2.25,1.0,fixed,0.5,64888,96872,0.32027520867750686,0.11738096079425789,0.2188280847358824,0.3321415361854272,0.6831901891155339,0.44697872284525403,0.5523209222044138,0.8468494508217028,0.6685857257462293,0.8173776353100728,0.9742443636964242,0.8889437109545807,0.1715535145315463,frl_apartment_5/seq_0002
frl_apartment_5,seq_0002,60,consec_n0.5,16,2.25,1.0,subset,0.5,64888,60893,0.33058278236030103,0.10208901620573234,0.2163358992830167,0.3018277647639009,0.7289179380224328,0.4268903015261536,0.5289575884601159,0.879460693347347,0.6605955255018037,0.8125693502650722,0.9847601530553594,0.8904164943120813,0.1511543134872418,frl_apartment_5/seq_0002
frl_apartment_5,seq_0002,60,consec_n0.5,16,2.25,0.25,fixed,0.5,16222,96872,0.400557360340226,0.2897869306466514,0.34517214549343866,0.4774996917765997,0.3193285985630523,0.38271559691816653,0.6522007150782887,0.4997935419935585,0.5659155043155392,0.7551473307853532,0.8327896605830374,0.7920703311445503,0.15121391703307208,frl_apartment_5/seq_0002
frl_apartment_5,seq_0002,60,consec_n0.5,16,2.25,0.25,subset,0.5,16222,60893,0.40672476170396393,0.2443929625353314,0.3255588621196477,0.45049932190851927,0.3907838339382195,0.418522232326855,0.6336456663789914,0.5727916180841804,0.6016838690438048,0.754469239304648,0.8677680521570624,0.8071621897113416,0.1575684736542476,frl_apartment_5/seq_0002
frl_apartment_5,seq_0002,60,spaced1.0,9,8.408585237610174,1.0,fixed,1.0,59480,96872,0.3554318598446789,0.10237705980341182,0.22890445982404536,0.3745292535305985,0.7262676521595508,0.49420284563063893,0.5754875588433087,0.8916095466182179,0.6994904420635344,0.7846839273705447,0.9775786605004542,0.8705743036420692,0.19328834681531776,frl_apartment_5/seq_0002
frl_apartment_5,seq_0002,60,spaced1.0,9,8.408585237610174,1.0,subset,1.0,59480,62280,0.3598732376239754,0.08800076697944437,0.22393700230170988,0.3592972427706792,0.7815831727681438,0.4922876668698455,0.5662071284465366,0.9239242132305716,0.7021293506741951,0.7828681909885676,0.9845696852922287,0.8722097662056143,0.17983109786388474,frl_apartment_5/seq_0002
frl_apartment_5,seq_0002,60,spaced1.0,9,8.408585237610174,0.25,fixed,1.0,14870,96872,0.42203509480513907,0.5392703946897803,0.48065274474745967,0.5242098184263618,0.3892043108431745,0.4467299433631879,0.6478143913920645,0.5607812370963746,0.6011641069197396,0.7117014122394082,0.7438062598067553,0.7273997598278414,0.1642080634576426,frl_apartment_5/seq_0002
frl_apartment_5,seq_0002,60,spaced1.0,9,8.408585237610174,0.25,subset,1.0,14870,62280,0.42397106737046586,0.3488950950557347,0.38643308121310027,0.5168796234028245,0.4809569685292229,0.4982716785020012,0.6459314055144586,0.6682562620423892,0.6569042112339059,0.7112306657700067,0.8404624277456647,0.7704650546402502,0.1768536911003289,frl_apartment_5/seq_0002
frl_apartment_5,seq_0002,60,random_n1.0,9,6.311442441958553,1.0,fixed,1.0,56778,96872,0.35074724029130233,0.11042414073017197,0.23058569051073716,0.35376378174645107,0.6706891568255017,0.46320435729466874,0.5638979886575787,0.862395738706747,0.6819117453208604,0.7905174539434288,0.9835246510859691,0.8765219279327031,0.1799363738819065,frl_apartment_5/seq_0002
frl_apartment_5,seq_0002,60,random_n1.0,9,6.311442441958553,1.0,subset,1.0,56778,57533,0.3581766403467474,0.09471707293834407,0.22644685664254574,0.33104371411462186,0.7391410147219857,0.4572817760799402,0.5492092007467682,0.9019171605860984,0.682698924234706,0.7868012258269048,0.988945474771001,0.8763676841565312,0.16270283288677484,frl_apartment_5/seq_0002
frl_apartment_5,seq_0002,60,random_n1.0,9,6.311442441958553,0.25,fixed,1.0,14194,96872,0.41688372982625593,0.3434961325915079,0.3801899312088819,0.5212765957446809,0.3489759682880502,0.4180694484895688,0.6663378892489784,0.5022400693698902,0.572767242873084,0.7293222488375369,0.7561111569906681,0.7424751418999159,0.15977802185097403,frl_apartment_5/seq_0002
frl_apartment_5,seq_0002,60,random_n1.0,9,6.311442441958553,0.25,subset,1.0,14194,57533,0.42029947926550665,0.26229040316698854,0.3412949412162476,0.5091587994927435,0.44998522587037004,0.4777466810719912,0.6600676342116387,0.6131611423009403,0.6357503569745763,0.7289699873185853,0.8295760693862653,0.7760259046291751,0.17336989640463132,frl_apartment_5/seq_0002
frl_apartment_5,seq_0002,60,consec_n1.0,9,1.2000000000000002,1.0,fixed,1.0,48643,96872,0.32171649751834464,0.14489881155955622,0.23330765453895042,0.3387948934070678,0.59728301263523,0.43234955828657573,0.5602861665604506,0.8018622512181023,0.6596525326912835,0.8181033242193121,0.953846312660005,0.8807754158925123,0.1630536494073612,frl_apartment_5/seq_0002
frl_apartment_5,seq_0002,60,consec_n1.0,9,1.2000000000000002,1.0,subset,1.0,48643,47400,0.34001489145206143,0.11791721541011163,0.22896605343108653,0.29021647513516846,0.6654430379746835,0.40416598220385525,0.5181835001953005,0.8490084388185654,0.6435704482571412,0.8079271426515634,0.974746835443038,0.8835316330918651,0.13877697350450696,frl_apartment_5/seq_0002
frl_apartment_5,seq_0002,60,consec_n1.0,9,1.2000000000000002,0.25,fixed,1.0,12160,96872,0.4146121527028297,0.343599940038449,0.3791060463706394,0.48001644736842103,0.26224295978198037,0.33918312840303044,0.64375,0.43175530597076556,0.5168593342601983,0.7444901315789474,0.7619642414732843,0.7531258411013684,0.1271489865364699,frl_apartment_5/seq_0002
frl_apartment_5,seq_0002,60,consec_n1.0,9,1.2000000000000002,0.25,subset,1.0,12160,47400,0.42747170679715213,0.28205078948700224,0.3547612481420772,0.4364309210526316,0.36362869198312237,0.3967174504939438,0.6075657894736842,0.5338396624472573,0.5683216519095412,0.7408717105263158,0.8206540084388185,0.7787247198019677,0.13933499208323907,frl_apartment_5/seq_0002
office_4,seq_0002,16,all,16,2.2553886706804542,1.0,fixed,0.0,50670,51842,0.2572658523511228,0.09358178017378652,0.17542381626245468,0.312137359384251,0.7856564175764824,0.44677374696829847,0.5361752516281824,0.9128698738474595,0.6755596850764554,0.8537398855338465,0.9784923421164307,0.9118690606436354,0.1511860131039557,office_4/seq_0002
office_4,seq_0002,16,all,16,2.2553886706804542,1.0,subset,0.0,50670,51842,0.2572658523511228,0.09358178017378652,0.17542381626245468,0.312137359384251,0.7856564175764824,0.44677374696829847,0.5361752516281824,0.9128698738474595,0.6755596850764554,0.8537398855338465,0.9784923421164307,0.9118690606436354,0.1511860131039557,office_4/seq_0002
office_4,seq_0002,16,all,16,2.2553886706804542,0.25,fixed,0.0,12667,51842,0.11352458771756166,0.33280627839177956,0.22316543305467063,0.61979947896108,0.43798464565410283,0.5132666464778398,0.8692665982474146,0.5583889510435555,0.6799803555047109,0.9801847319807373,0.7000308630068285,0.8167518095672361,0.18703679904039755,office_4/seq_0002
office_4,seq_0002,16,all,16,2.2553886706804542,0.25,subset,0.0,12667,51842,0.11352458771756166,0.33280627839177956,0.22316543305467063,0.61979947896108,0.43798464565410283,0.5132666464778398,0.8692665982474146,0.5583889510435555,0.6799803555047109,0.9801847319807373,0.7000308630068285,0.8167518095672361,0.18703679904039755,office_4/seq_0002
office_4,seq_0002,16,spaced0.3,6,2.101467916250118,1.0,fixed,0.3,29739,51842,0.2027256663849417,0.13445606370541854,0.16859086504518012,0.3974915094656848,0.6415261756876663,0.4908505631416703,0.6285012945963213,0.8210138497743142,0.7119736133404962,0.9095127610208816,0.9487481192855214,0.9287162320744358,0.16943044420651293,office_4/seq_0002
office_4,seq_0002,16,spaced0.3,6,2.101467916250118,1.0,subset,0.3,29739,39982,0.20491432242858748,0.11584693963677994,0.1603806310326837,0.3915397289754195,0.6970386674003302,0.5014215454356828,0.6249705773563334,0.8604622079935971,0.7240496752552561,0.9071253236490804,0.9648841978890501,0.9351137162751442,0.16528815011108433,office_4/seq_0002
office_4,seq_0002,16,spaced0.3,6,2.101467916250118,0.25,fixed,0.3,7434,51842,0.08717455959262646,0.47070792000178197,0.2789412397972042,0.7386333064299166,0.3635855098182941,0.48730136580542055,0.9340866290018832,0.48047914818101156,0.634553945909677,0.9948883508205542,0.6093322016897497,0.7557782604048499,0.16625155666251556,office_4/seq_0002
office_4,seq_0002,16,spaced0.3,6,2.101467916250118,0.25,subset,0.3,7434,39982,0.08750198136398366,0.39193588707161686,0.23971893421780027,0.7360774818401937,0.43802210994947727,0.5492178243422776,0.9336830777508743,0.5645790605772598,0.7036658024365358,0.9947538337368845,0.6822069931469161,0.8093546503361829,0.17391063923910638,office_4/seq_0002
office_4,seq_0002,16,random_n0.3,6,1.3499999999999999,1.0,fixed,0.3,29182,51842,0.24848752789812356,0.15185240821485152,0.20016996805648754,0.3677609485299157,0.5814590486478145,0.4505550491936888,0.5855321773696114,0.7758767022877204,0.6673979899047385,0.8485710369405798,0.9384283013772616,0.891240483103585,0.1562434637105208,office_4/seq_0002
office_4,seq_0002,16,random_n0.3,6,1.3499999999999999,1.0,subset,0.3,29182,40336,0.2539901977271779,0.1378250472172829,0.1959076224722304,0.3590912206154479,0.6299583498611662,0.4574341257325046,0.577650606538277,0.8097976993256644,0.6743027905425166,0.839798505928312,0.9464250297500991,0.8899292950536815,0.14982793848800946,office_4/seq_0002
office_4,seq_0002,16,random_n0.3,6,1.3499999999999999,0.25,fixed,0.3,7295,51842,0.08993444899192017,0.48911184640607375,0.28952314769899695,0.7233721727210418,0.36333474788781295,0.4837113687605931,0.929540781357094,0.4863238300991474,0.6385608191138936,0.9932830705962988,0.6029281277728483,0.7503747658392169,0.1568779780401906,office_4/seq_0002
office_4,seq_0002,16,random_n0.3,6,1.3499999999999999,0.25,subset,0.3,7295,40336,0.09220147059988827,0.42470843994418284,0.25845495527203555,0.715284441398218,0.423269535898453,0.5318291790870777,0.9232350925291295,0.5526576755255851,0.6914228069201865,0.9909527073337903,0.6609976199920666,0.7930230954736501,0.16451037251840286,office_4/seq_0002
office_4,seq_0002,16,consec_n0.3,6,0.7499999999999999,1.0,fixed,0.3,26703,51842,0.2518552546932302,0.17978859983127776,0.215821927262254,0.3545294536194435,0.517418309478801,0.42075922048451153,0.5784743287271094,0.708730373056595,0.6370118540342606,0.8508032805302775,0.9151845993595926,0.8818203887950652,0.1429471032745592,office_4/seq_0002
office_4,seq_0002,16,consec_n0.3,6,0.7499999999999999,1.0,subset,0.3,26703,37610,0.25857478857290767,0.16034477602189476,0.2094597822974012,0.34381904654907686,0.5764158468492422,0.4307220869393891,0.5650675954012657,0.7519542674820526,0.6452512319690294,0.8419653222484365,0.9293007178941771,0.8834799072244124,0.1365364967646725,office_4/seq_0002
office_4,seq_0002,16,consec_n0.3,6,0.7499999999999999,0.25,fixed,0.3,6675,51842,0.08978005121949001,0.596810334385506,0.343295192802498,0.7291385767790263,0.32998341113382973,0.4543454625636677,0.920749063670412,0.44654913004899505,0.6014192006748547,0.9925093632958801,0.5676478530920875,0.7222295334479936,0.15032575877959636,office_4/seq_0002
office_4,seq_0002,16,consec_n0.3,6,0.7499999999999999,0.25,subset,0.3,6675,37610,0.09070722761933686,0.49130652435440536,0.29100687598687114,0.7249438202247191,0.4110874767349109,0.5246604149521717,0.917003745318352,0.5378622706726934,0.6780304320137873,0.9917602996254682,0.6549587875565009,0.7889167356418568,0.15710074562164036,office_4/seq_0002
office_4,seq_0002,16,spaced0.5,4,1.8,1.0,fixed,0.5,24812,51842,0.20559604195121617,0.12910934863254347,0.16735269529187982,0.4069804933096889,0.5942286177230817,0.4830947967107716,0.6455344188295986,0.8346321515373635,0.7280042552853959,0.8952926003546671,0.9666679526252845,0.9296122451147671,0.1644023723960616,office_4/seq_0002
office_4,seq_0002,16,spaced0.5,4,1.8,1.0,subset,0.5,24812,35448,0.20934552786251942,0.10752792116505301,0.1584367245137862,0.39956472674512333,0.6791074249605056,0.5031137074520114,0.6385216830565855,0.8807831189347777,0.7403374474600786,0.8912622924391423,0.9805348679756263,0.9337697189954273,0.16304749015748032,office_4/seq_0002
office_4,seq_0002,16,spaced0.5,4,1.8,0.25,fixed,0.5,6203,51842,0.08287497303059363,0.5548017741511965,0.31883837359089506,0.7797839754957279,0.34745958875043403,0.48071850314109554,0.9398678059003708,0.4780293970140041,0.6337334464077662,0.9922618088021925,0.6004783766058408,0.7481845006188169,0.15581306784179316,office_4/seq_0002
office_4,seq_0002,16,spaced0.5,4,1.8,0.25,subset,0.5,6203,35448,0.08371031528789705,0.4239380171553204,0.25382416622160875,0.7754312429469612,0.4523809523809524,0.5714071346173686,0.9380944704175399,0.5961408259986459,0.7290099683742026,0.9917781718523295,0.7022116903633492,0.8222460382507604,0.1701194248111138,office_4/seq_0002
office_4,seq_0002,16,random_n0.5,4,1.2100735745539388,1.0,fixed,0.5,23933,51842,0.2299296066436414,0.15004583627045226,0.18998772145704684,0.3492667028788702,0.49685583117935267,0.4101892834122578,0.5942840429532444,0.752748736545658,0.6641955107413403,0.8863076087410688,0.9678638941398866,0.9252921126973197,0.13102147417295415,office_4/seq_0002
office_4,seq_0002,16,random_n0.5,4,1.2100735745539388,1.0,subset,0.5,23933,31204,0.2343219807951171,0.12054534388953517,0.17743366234232613,0.34099360715330296,0.6241827970772977,0.4410434042222471,0.584088914887394,0.829412895782592,0.685461984745022,0.8812100447081436,0.980194846814511,0.9280705651069195,0.1308862970124119,office_4/seq_0002
office_4,seq_0002,16,random_n0.5,4,1.2100735745539388,0.25,fixed,0.5,5983,51842,0.0956317266607261,0.7516423509607433,0.42363703881073467,0.6739094099949858,0.27574167663284593,0.3913540735693259,0.9241183352833027,0.4048069133135296,0.5629955352830563,0.9893030252381748,0.5453686200378072,0.7031273788554895,0.11485232514979585,office_4/seq_0002
office_4,seq_0002,16,random_n0.5,4,1.2100735745539388,0.25,subset,0.5,5983,31204,0.09557318637419782,0.5185378516665986,0.3070555190203982,0.6754136720708674,0.4131521599794898,0.5126903845037253,0.9239511950526492,0.5682604794257147,0.7037137666814217,0.9893030252381748,0.700230739648763,0.8200373422494385,0.1311303273625695,office_4/seq_0002
office_4,seq_0002,16,consec_n0.5,4,0.4499999999999999,1.0,fixed,0.5,22409,51842,0.2509721552747158,0.1875955177349097,0.21928383650481276,0.36605828015529474,0.48292889934801897,0.41644945082927554,0.5920835378642509,0.6862389568303692,0.6356937174565828,0.8477397474229105,0.9127734269511207,0.8790554091627495,0.13943653401484726,office_4/seq_0002
office_4,seq_0002,16,consec_n0.5,4,0.4499999999999999,1.0,subset,0.5,22409,32568,0.260989576747156,0.15882493397932299,0.2099072553632395,0.3513766790128966,0.5753500368459837,0.4362981702313945,0.5735641929581864,0.7514431343650209,0.650563760710298,0.8329688964255433,0.9338307541144681,0.8805208586782499,0.1344808512022907,office_4/seq_0002
office_4,seq_0002,16,consec_n0.5,4,0.4499999999999999,0.25,fixed,0.5,5602,51842,0.08664059944798311,0.6553963363914843,0.3710184679197337,0.7413423777222421,0.30091431657729256,0.42807215566410617,0.9350232059978579,0.42648817561050884,0.5857848074812815,0.9930382006426276,0.5388295204660314,0.69859595588249,0.13260547539364678,office_4/seq_0002
office_4,seq_0002,16,consec_n0.5,4,0.4499999999999999,0.25,subset,0.5,5602,32568,0.08786126982437313,0.4850798705491045,0.2864705701867388,0.73527311674402,0.4203512650454434,0.5349021527196594,0.9309175294537665,0.5634672070744289,0.7020166728369744,0.9923241699393074,0.6708425448292803,0.8005129799032954,0.1462392891145668,office_4/seq_0002
office_4,seq_0002,16,spaced1.0,3,2.101467916250118,1.0,fixed,1.0,20460,51842,0.206677428926562,0.15175401547114964,0.17921572219885581,0.44159335288367546,0.555765595463138,0.49214456465199996,0.6647116324535679,0.7846919486130937,0.7197358595622116,0.8865591397849463,0.9485359361135759,0.9165009645772303,0.1661411115490737,office_4/seq_0002
office_4,seq_0002,16,spaced1.0,3,2.101467916250118,1.0,subset,1.0,20460,31222,0.21030529199992318,0.11711223798237932,0.16370876499115125,0.43084066471163246,0.6666453142015246,0.5234106235815651,0.6569403714565005,0.8632054320671322,0.7460790877703921,0.8831378299120235,0.9731279226186663,0.9259515569218432,0.16771994603422566,office_4/seq_0002
office_4,seq_0002,16,spaced1.0,3,2.101467916250118,0.25,fixed,1.0,5115,51842,0.08751318462283662,0.6206612206232901,0.35408720262306337,0.773998044965787,0.30664326221982174,0.43926006507783427,0.9217986314760508,0.42128004320820955,0.5782764250780641,0.9894428152492669,0.5535473168473438,0.7099247158643794,0.14294624631435698,office_4/seq_0002
office_4,seq_0002,16,spaced1.0,3,2.101467916250118,0.25,subset,1.0,5115,31222,0.0880356576095783,0.4281797018342916,0.25810767972193494,0.7679374389051808,0.4449746973288066,0.5634583400332481,0.9194525904203323,0.5824418679136506,0.7131362410332237,0.989247311827957,0.7043751201076164,0.8228530526589773,0.16307590321511437,office_4/seq_0002
office_4,seq_0002,16,random_n1.0,3,1.5020543941644102,1.0,fixed,1.0,19287,51842,0.2304010686456452,0.16985219462076356,0.20012663163320438,0.4260901125110178,0.517244705065391,0.4672632674436172,0.634572509980816,0.7520736082712858,0.6883446771446158,0.847928656608078,0.9228617723081671,0.8838097722350248,0.1524439371559017,office_4/seq_0002
office_4,seq_0002,16,random_n1.0,3,1.5020543941644102,1.0,subset,1.0,19287,29717,0.23547126300611929,0.12813116457437873,0.181801213790249,0.41157256182921137,0.6478446680351314,0.5033618147304559,0.6247731632705967,0.8425816872497224,0.7175120944606114,0.8430030590553222,0.9554463774943635,0.8957096069782361,0.1539599201360645,office_4/seq_0002
office_4,seq_0002,16,random_n1.0,3,1.5020543941644102,0.25,fixed,1.0,4821,51842,0.08248119019312664,0.7354267106561128,0.4089539504246197,0.8108276291225887,0.293584352455538,0.43108243738693053,0.9489732420659615,0.4105358589560588,0.5731297344975335,0.9865173200580792,0.5292426989699471,0.6889046847705294,0.1317948717948718,office_4/seq_0002
office_4,seq_0002,16,random_n1.0,3,1.5020543941644102,0.25,subset,1.0,4821,29717,0.0827605672816203,0.47904100200065564,0.280900784641138,0.8075088155984236,0.44556987582865026,0.5742681687244534,0.9464841319228375,0.5879462933674328,0.7253269068747176,0.9865173200580792,0.6995995558098058,0.8186467839675308,0.1556353095451722,office_4/seq_0002
office_4,seq_0002,16,consec_n1.0,3,0.30000000000000027,1.0,fixed,1.0,18873,51842,0.24824445778373574,0.2218318839590616,0.23503817087139867,0.3830339638637207,0.45833494078160564,0.4173148025213206,0.6133630053515604,0.6598125072335173,0.6357404433322459,0.8396651300800084,0.839820994560395,0.8397430550877107,0.13359850257370146,office_4/seq_0002
office_4,seq_0002,16,consec_n1.0,3,0.30000000000000027,1.0,subset,1.0,18873,29627,0.2603112077883781,0.1784794214599482,0.21939531462416312,0.3651777671806284,0.5734633948762953,0.446211162616899,0.5914269061622424,0.7440172815337361,0.6590044615910453,0.820643246966566,0.8836534242414015,0.8509835494176116,0.13352524357838796,office_4/seq_0002
office_4,seq_0002,16,consec_n1.0,3,0.30000000000000027,0.25,fixed,1.0,4718,51842,0.09070666743723874,0.7719702023045067,0.43133843487087276,0.7452310300974989,0.27446857760117277,0.40118187605611205,0.923908435777872,0.39859573318930597,0.5569221920052871,0.9883425180161085,0.5166660236873577,0.67859149589484,0.11941989576251982,office_4/seq_0002
office_4,seq_0002,16,consec_n1.0,3,0.30000000000000027,0.25,subset,1.0,4718,29627,0.09203331849216981,0.5216841493657538,0.3068587339289618,0.7390843577787198,0.41259661794984304,0.5295628091906643,0.9181856718948707,0.5640463091099335,0.6988099649001537,0.9877066553624417,0.6754987005096702,0.8022996797436773,0.13925008599931202,office_4/seq_0002
frl_apartment_5,seq_0010,32,all,32,4.6500496086879215,1.0,fixed,0.0,129218,76451,0.5574928341756417,0.18666613509015215,0.3720794846328969,0.16678016994536365,0.6969300597768505,0.2691507170107241,0.2908882663406027,0.7980536552824685,0.42636698913361004,0.5543887074556176,0.886057736327844,0.6820391071029472,0.08614497481684982,frl_apartment_5/seq_0010
frl_apartment_5,seq_0010,32,all,32,4.6500496086879215,1.0,subset,0.0,129218,76451,0.5574928341756417,0.18666613509015215,0.3720794846328969,0.16678016994536365,0.6969300597768505,0.2691507170107241,0.2908882663406027,0.7980536552824685,0.42636698913361004,0.5543887074556176,0.886057736327844,0.6820391071029472,0.08614497481684982,frl_apartment_5/seq_0010
frl_apartment_5,seq_0010,32,all,32,4.6500496086879215,0.25,fixed,0.0,32304,76451,0.4163386770976177,0.40240190331774073,0.40937029020767923,0.32509905894006935,0.41931433205582663,0.3662446065594339,0.48179791976225855,0.5456436148644229,0.5117370667105811,0.7233159980188212,0.7141698604334803,0.7187138326502652,0.13372705309021826,frl_apartment_5/seq_0010
frl_apartment_5,seq_0010,32,all,32,4.6500496086879215,0.25,subset,0.0,32304,76451,0.4163386770976177,0.40240190331774073,0.40937029020767923,0.32509905894006935,0.41931433205582663,0.3662446065594339,0.48179791976225855,0.5456436148644229,0.5117370667105811,0.7233159980188212,0.7141698604334803,0.7187138326502652,0.13372705309021826,frl_apartment_5/seq_0010
frl_apartment_5,seq_0010,32,spaced0.3,13,4.500051262292319,1.0,fixed,0.3,82521,76451,0.5300056980798586,0.21652270651558753,0.37326420229772306,0.19311447995055803,0.5952570927783809,0.29162077346566534,0.3231662243550127,0.7585643091653478,0.4532410912459834,0.5848935422498516,0.8701521235824253,0.6995606664581778,0.09531946817821865,frl_apartment_5/seq_0010
frl_apartment_5,seq_0010,32,spaced0.3,13,4.500051262292319,1.0,subset,0.3,82521,59786,0.5314177707118919,0.18729522064237883,0.35935649567713535,0.1889458440881715,0.6349479811327067,0.2912287447112172,0.32056082694102106,0.7915900043488442,0.45632793547977873,0.5839240920492965,0.8951259492188807,0.7067855617910466,0.09182733538735191,frl_apartment_5/seq_0010
frl_apartment_5,seq_0010,32,spaced0.3,13,4.500051262292319,0.25,fixed,0.3,20630,76451,0.426076654257686,0.5004190249713625,0.4632478396145242,0.3536597188560349,0.3470719807458372,0.3503348833886607,0.5059137178865729,0.4799675609213745,0.4925992174317071,0.7228308288899661,0.6474997056938431,0.6830946799486425,0.13096826518065038,frl_apartment_5/seq_0010
frl_apartment_5,seq_0010,32,spaced0.3,13,4.500051262292319,0.25,subset,0.3,20630,59786,0.4265017714783663,0.4329970682565439,0.4297494198674551,0.3507028599127484,0.40001003579433314,0.3737371886085483,0.5047503635482308,0.5409794935269127,0.5222373525674816,0.7227823557925351,0.6994614123707892,0.7109306839462654,0.1331244675296122,frl_apartment_5/seq_0010
frl_apartment_5,seq_0010,32,random_n0.3,13,4.200054923838342,1.0,fixed,0.3,81402,76451,0.534140879042347,0.25583374641507045,0.3949873127287087,0.19573229158988723,0.5879844606349165,0.29369678668372773,0.3247094665978723,0.7237184601901872,0.44828686678601654,0.5802928674971131,0.8309505434853697,0.6833614525671575,0.09835459614734708,frl_apartment_5/seq_0010
frl_apartment_5,seq_0010,32,random_n0.3,13,4.200054923838342,1.0,subset,0.3,81402,59249,0.5359076472927892,0.2194615196898331,0.3776845834913111,0.1913712193803592,0.6306773110094686,0.2936407805173579,0.32249821871698486,0.7636584583706054,0.4534861272372743,0.5791503894253213,0.8617360630559165,0.6927329709308595,0.09428805096418733,frl_apartment_5/seq_0010
frl_apartment_5,seq_0010,32,random_n0.3,13,4.200054923838342,0.25,fixed,0.3,20350,76451,0.42059999007512255,0.5315046976081579,0.4760523438416402,0.36122850122850125,0.3533766726399916,0.3572594503782588,0.5151351351351351,0.47051052308014285,0.4918126506604147,0.7190663390663391,0.6254594446115813,0.6690044007055678,0.13594646777222355,frl_apartment_5/seq_0010
frl_apartment_5,seq_0010,32,random_n0.3,13,4.200054923838342,0.25,subset,0.3,20350,59249,0.42133924956661495,0.45607547076695404,0.43870736016678447,0.357985257985258,0.4112136913703185,0.3827577755159514,0.5144471744471745,0.5361947037080794,0.5250958599908384,0.7186732186732187,0.6818849263278706,0.699795915675347,0.13889355977803935,frl_apartment_5/seq_0010
frl_apartment_5,seq_0010,32,consec_n0.3,13,1.8,1.0,fixed,0.3,69497,76451,0.5783276132861428,0.3515495307487996,0.4649385720174712,0.17405067844655164,0.44747616120129236,0.25062000376322324,0.2894369541131272,0.58869079541144,0.388073081235783,0.5360950832410032,0.7606833134949184,0.6289410516007312,0.08164991073945316,frl_apartment_5/seq_0010
frl_apartment_5,seq_0010,32,consec_n0.3,13,1.8,1.0,subset,0.3,69497,54649,0.5832706986145031,0.31672165362816734,0.44999617612133525,0.16236672086564888,0.47428132262255485,0.24191546305591993,0.28008403240427643,0.6138081209171257,0.38465010122344495,0.5328431443083874,0.7861077055389851,0.6351595309755722,0.07548405087232211,frl_apartment_5/seq_0010
frl_apartment_5,seq_0010,32,consec_n0.3,13,1.8,0.25,fixed,0.3,17374,76451,0.4815024686964572,0.6918923286414763,0.5866973986689668,0.30758604811787726,0.2408732390681613,0.2701722787208349,0.4392770806952918,0.34486141450079133,0.38638509991395026,0.6676643260043743,0.5364220219486991,0.5948906377804725,0.09752615249444002,frl_apartment_5/seq_0010
frl_apartment_5,seq_0010,32,consec_n0.3,13,1.8,0.25,subset,0.3,17374,54649,0.4860242323021114,0.6190757384852472,0.5525499853936793,0.2892828364222401,0.2777909934308039,0.28342047289694183,0.42690226775641765,0.38842430785558746,0.4067553366595441,0.6667434096926442,0.5861772402056762,0.6238700141955105,0.0973334533129368,frl_apartment_5/seq_0010
frl_apartment_5,seq_0010,32,spaced0.5,8,4.200054923838342,1.0,fixed,0.5,60893,76451,0.5351539453648908,0.2814065382482977,0.4082802418065943,0.20802062634457164,0.5121057932531948,0.2958607404703076,0.33379863038444485,0.685785666636146,0.4490346054354857,0.5862414399027803,0.8223829642516122,0.6845188422016569,0.09998287287722488,frl_apartment_5/seq_0010
frl_apartment_5,seq_0010,32,spaced0.5,8,4.200054923838342,1.0,subset,0.5,60893,49783,0.5381979431857503,0.21999768779943105,0.3790978154925907,0.20094263708472238,0.5789325673422654,0.29833551859482027,0.3294795789335392,0.7518831729706928,0.45818140268167257,0.5841065475506216,0.8726472892352811,0.6998011365725911,0.09423646130234598,frl_apartment_5/seq_0010
frl_apartment_5,seq_0010,32,spaced0.5,8,4.200054923838342,0.25,fixed,0.5,15223,76451,0.44705077730709636,0.638559862127363,0.5428053197172297,0.37357945214478094,0.2905128775293979,0.3268510620554338,0.5213821191617947,0.41384677767458894,0.46143208509094263,0.7104381527951127,0.5787236268982747,0.6378522090071349,0.12214804925085299,frl_apartment_5/seq_0010
frl_apartment_5,seq_0010,32,spaced0.5,8,4.200054923838342,0.25,subset,0.5,15223,49783,0.4479390761693548,0.4933445961462143,0.47064183615778454,0.36976942783945344,0.3776791274129723,0.3736824263530359,0.5196741772318203,0.5202980937267742,0.5199859483244069,0.7099783222755042,0.6811763051644135,0.695279159879507,0.12919529598308668,frl_apartment_5/seq_0010
frl_apartment_5,seq_0010,32,random_n0.5,8,4.200054923838342,1.0,fixed,0.5,58892,76451,0.5409425265400167,0.2618230412524709,0.4013827838962438,0.20473069347279765,0.4921976167741429,0.2891774029731229,0.3256299667187394,0.6853147767851303,0.4414861037467734,0.5806730965156558,0.8411008358294856,0.687035562703581,0.09863161442534547,frl_apartment_5/seq_0010
frl_apartment_5,seq_0010,32,random_n0.5,8,4.200054923838342,1.0,subset,0.5,58892,49978,0.5438005173452531,0.2039186640336118,0.3738595906894325,0.1967839434897779,0.5597863059746289,0.29120086833772674,0.3213679277321198,0.7495698107167154,0.4498631210988867,0.5786864090199009,0.8925127055904598,0.702127900259874,0.09381971238162048,frl_apartment_5/seq_0010
frl_apartment_5,seq_0010,32,random_n0.5,8,4.200054923838342,0.25,fixed,0.5,14723,76451,0.44482184529083213,0.5867466235602224,0.5157842344255272,0.38484004618623924,0.2900158271311036,0.33076604567206946,0.5245534198193303,0.4180193849655335,0.46526591223792313,0.7159546288120627,0.5984094387254582,0.6519259285336325,0.12646384160328383,frl_apartment_5/seq_0010
frl_apartment_5,seq_0010,32,random_n0.5,8,4.200054923838342,0.25,subset,0.5,14723,49978,0.44568412574502586,0.45368313643364017,0.449683631089333,0.37886300346396795,0.3763455920605066,0.3776001019941993,0.5223799497385044,0.5226499659850334,0.5225149229781869,0.7158867078720369,0.699227660170475,0.7074591269749174,0.13403134333366892,frl_apartment_5/seq_0010
frl_apartment_5,seq_0010,32,consec_n0.5,8,1.0500000000000003,1.0,fixed,0.5,49251,76451,0.5571806268896643,0.4467332459448033,0.5019569364172338,0.19014842338226634,0.36500503590535116,0.2500394474459437,0.30701914681935394,0.4877634040104119,0.37683943612661414,0.5538567744817364,0.6751906449882932,0.6085345558997421,0.08402106184276037,frl_apartment_5/seq_0010
frl_apartment_5,seq_0010,32,consec_n0.5,8,1.0500000000000003,1.0,subset,0.5,49251,44048,0.5649706260827182,0.3737891210015236,0.4693798735421209,0.16793567643296584,0.4146385760988013,0.23905144949246443,0.29016669712290105,0.5392753359970941,0.3773132704584833,0.5500395931047085,0.7323601525608427,0.6282394887899878,0.07543635864563318,frl_apartment_5/seq_0010
frl_apartment_5,seq_0010,32,consec_n0.5,8,1.0500000000000003,0.25,fixed,0.5,12312,76451,0.4912889653665557,0.7997224814190214,0.6455057233927886,0.32212475633528265,0.2037775830270369,0.24963495830336394,0.447043534762833,0.29481628755673567,0.35531164063565013,0.6598440545808967,0.4726295274097134,0.5507621345700657,0.0886553573655981,frl_apartment_5/seq_0010
frl_apartment_5,seq_0010,32,consec_n0.5,8,1.0500000000000003,0.25,subset,0.5,12312,44048,0.49807780585319533,0.6567108036008711,0.5773943047270332,0.2932910981156595,0.2665501271340356,0.2792819676869715,0.42746913580246915,0.3698465310570287,0.39657561887178866,0.6583820662768031,0.5637486378496186,0.6074014699000161,0.0923484792694602,frl_apartment_5/seq_0010
frl_apartment_5,seq_0010,32,spaced1.0,5,4.200054923838342,1.0,fixed,1.0,43562,76451,0.524551234360297,0.2978638376145691,0.4112075359874331,0.23102704191726733,0.4378098389818315,0.3024531538580229,0.3577659427941784,0.6537651567670796,0.46245717561863936,0.5957256324319361,0.8206171273103033,0.690316879567171,0.10577951597807193,frl_apartment_5/seq_0010
frl_apartment_5,seq_0010,32,spaced1.0,5,4.200054923838342,1.0,subset,1.0,43562,40921,0.5288806614031014,0.21069631341654735,0.3697884874098244,0.2185620494926771,0.5313897509836025,0.3097309266558737,0.35120058766815115,0.7522054690745583,0.4788355133123618,0.5936137000137734,0.8920114366706581,0.7128449785905135,0.09996382054992764,frl_apartment_5/seq_0010
frl_apartment_5,seq_0010,32,spaced1.0,5,4.200054923838342,0.25,fixed,1.0,10890,76451,0.4693077645672977,0.699668757035108,0.5844882608012029,0.4007346189164371,0.24830283449529764,0.3066187975263777,0.5318640955004591,0.3848216504689278,0.446549583552672,0.6921946740128558,0.54008449856771,0.6067514922654931,0.11218491581149746,frl_apartment_5/seq_0010
frl_apartment_5,seq_0010,32,spaced1.0,5,4.200054923838342,0.25,subset,1.0,10890,40921,0.47074885085463575,0.48210930469974017,0.47642907777718796,0.39522497704315884,0.36714645292148285,0.3806686418826061,0.5295684113865932,0.5396006940201853,0.5345374849877532,0.6918273645546373,0.6926028200679358,0.692214875134841,0.12666693364302592,frl_apartment_5/seq_0010
frl_apartment_5,seq_0010,32,random_n1.0,5,4.6500496086879215,1.0,fixed,1.0,40942,76451,0.489745035569428,0.28160069467905774,0.38567286512424287,0.25101362903619756,0.43863389622110893,0.31930249026172647,0.3860827512090274,0.6405671606650011,0.4817843529003181,0.6316985003175224,0.8318269218192045,0.7180795237157719,0.11142012558814783,frl_apartment_5/seq_0010
frl_apartment_5,seq_0010,32,random_n1.0,5,4.6500496086879215,1.0,subset,1.0,40942,40986,0.49419442592110935,0.20814278527328886,0.3511686055971991,0.23472229006887793,0.5184941199433953,0.3231531485576055,0.3783889404523472,0.7131215537012638,0.4944291613577065,0.6293537198964388,0.895549699897526,0.739217353265297,0.1057765295278579,frl_apartment_5/seq_0010
frl_apartment_5,seq_0010,32,random_n1.0,5,4.6500496086879215,0.25,fixed,1.0,10235,76451,0.4493147328033599,0.5706208627736055,0.5099677977884827,0.43771372740595993,0.2448234817072373,0.31401247376333735,0.5704934049829018,0.38525329949902554,0.4599219972853231,0.7131411822178798,0.5960419091967404,0.6493546006871668,0.11483091131332337,frl_apartment_5/seq_0010
frl_apartment_5,seq_0010,32,random_n1.0,5,4.6500496086879215,0.25,subset,1.0,10235,40986,0.4512097740438993,0.4111619879508607,0.43118588099738,0.4251099169516365,0.35675596545161764,0.3879450485266675,0.5674645823155838,0.5179085541404382,0.541555252256568,0.7130434782608696,0.7310545064168252,0.7219366740825114,0.13130027910031195,frl_apartment_5/seq_0010
frl_apartment_5,seq_0010,32,consec_n1.0,5,0.5999999999999995,1.0,fixed,1.0,35602,76451,0.5471055910658802,0.5073827695759497,0.5272441803209149,0.20549407336666478,0.30776575845966697,0.24644063465327828,0.3221729116341778,0.42329073524218125,0.3658738000496056,0.5633110499410146,0.6299982995644269,0.5947912898457901,0.08602190666343229,frl_apartment_5/seq_0010
frl_apartment_5,seq_0010,32,consec_n1.0,5,0.5999999999999995,1.0,subset,1.0,35602,35035,0.559081698940286,0.39748789248106,0.478284795710673,0.17473737430481434,0.3870986156700442,0.2407841324021938,0.2962754901410033,0.5043527900670758,0.3732752733697341,0.5552777933823942,0.7098330241187384,0.6231146075901007,0.07677867071653062,frl_apartment_5/seq_0010
frl_apartment_5,seq_0010,32,consec_n1.0,5,0.5999999999999995,0.25,fixed,1.0,8900,76451,0.5149024349732193,0.9390697884448123,0.7269861117090157,0.3241573033707865,0.16024643235536487,0.21447006930793117,0.44865168539325845,0.24117408536186577,0.31371156155077556,0.6452808988764045,0.39387319982734037,0.48916489430191945,0.07534480404205926,frl_apartment_5/seq_0010
frl_apartment_5,seq_0010,32,consec_n1.0,5,0.5999999999999995,0.25,subset,1.0,8900,35035,0.5235337569156188,0.7059369143808624,0.6147353356482406,0.29483146067415733,0.2533181104609676,0.2725028074646204,0.4217977528089888,0.3555016412159269,0.3858224888310638,0.641685393258427,0.5259312116454974,0.5780705326632302,0.08619228195404863,frl_apartment_5/seq_0010
frl_apartment_5,seq_0009,34,all,34,4.994758012281308,1.0,fixed,0.0,119449,72762,0.49060978720409787,0.11662854401691782,0.30361916561050784,0.18417902200939312,0.739836727962398,0.29493524327243076,0.3388559134023726,0.8601192930375745,0.48617603952404737,0.637100352451674,0.9612160193507601,0.766295178494563,0.09555776304965309,frl_apartment_5/seq_0009
frl_apartment_5,seq_0009,34,all,34,4.994758012281308,1.0,subset,0.0,119449,72762,0.49060978720409787,0.11662854401691782,0.30361916561050784,0.18417902200939312,0.739836727962398,0.29493524327243076,0.3388559134023726,0.8601192930375745,0.48617603952404737,0.637100352451674,0.9612160193507601,0.766295178494563,0.09555776304965309,frl_apartment_5/seq_0009
frl_apartment_5,seq_0009,34,all,34,4.994758012281308,0.25,fixed,0.0,29862,72762,0.35634843567484503,0.42677053468179715,0.39155948517832107,0.3647444913267698,0.43719249058574533,0.39769596910291255,0.565300381756078,0.5489403809680877,0.557000277325892,0.7841068917018285,0.737857672961161,0.7602795753553321,0.14931259609171327,frl_apartment_5/seq_0009
frl_apartment_5,seq_0009,34,all,34,4.994758012281308,0.25,subset,0.0,29862,72762,0.35634843567484503,0.42677053468179715,0.39155948517832107,0.3647444913267698,0.43719249058574533,0.39769596910291255,0.565300381756078,0.5489403809680877,0.557000277325892,0.7841068917018285,0.737857672961161,0.7602795753553321,0.14931259609171327,frl_apartment_5/seq_0009
frl_apartment_5,seq_0009,34,spaced0.3,16,4.994758012281308,1.0,fixed,0.3,83854,72762,0.4695470203634002,0.15139368478000415,0.3104703525717022,0.21291769027118562,0.657211181660757,0.32163485509661327,0.3718725403677821,0.8020807564388005,0.5081493604360166,0.6610298852767906,0.9361342458975839,0.7748893192515534,0.10620730122804811,frl_apartment_5/seq_0009
frl_apartment_5,seq_0009,34,spaced0.3,16,4.994758012281308,1.0,subset,0.3,83854,59544,0.470831083613661,0.1337324087022169,0.30228174615793896,0.20948314928327808,0.6918917103318555,0.32159684263924687,0.3698571326352947,0.8287316942093242,0.5114553402790659,0.6602189519879791,0.9521026467822115,0.7797404836888606,0.10352621581756635,frl_apartment_5/seq_0009
frl_apartment_5,seq_0009,34,spaced0.3,16,4.994758012281308,0.25,fixed,0.3,20963,72762,0.36641057375212727,0.6051523207294324,0.4857814472407798,0.4013261460668797,0.3749896924218686,0.38771118818711137,0.5900872966655536,0.48139138561336964,0.5302260251608667,0.7697848590373515,0.6481405129050878,0.7037447290749145,0.1443240924446351,frl_apartment_5/seq_0009
frl_apartment_5,seq_0009,34,spaced0.3,16,4.994758012281308,0.25,subset,0.3,20963,59544,0.3670591839125837,0.5239039643949105,0.4454815741537471,0.3990841005581262,0.42803641004971116,0.41305353577868253,0.589180937842866,0.5369642617224237,0.5618620182048342,0.7695463435576969,0.6982063683998387,0.7321426197662364,0.1472993719469644,frl_apartment_5/seq_0009
frl_apartment_5,seq_0009,34,random_n0.3,16,4.8436138882686,1.0,fixed,0.3,82751,72762,0.4555330109066314,0.13344863296661386,0.2944908219366226,0.2211091104639219,0.6813858882383662,0.33387581725703025,0.3833307150366763,0.8226546823891592,0.5229728457767654,0.6673514519462,0.9540282015337677,0.7853461144953834,0.11035648236719597,frl_apartment_5/seq_0009
frl_apartment_5,seq_0009,34,random_n0.3,16,4.8436138882686,1.0,subset,0.3,82751,59628,0.45719106036199836,0.12206144871139389,0.2896262545366961,0.2168916387717369,0.7113604346951097,0.3324272249932292,0.380744643569262,0.8438652981820621,0.5247339274696866,0.6662517673502435,0.962785939491514,0.7875297558456039,0.10703035124877702,frl_apartment_5/seq_0009
frl_apartment_5,seq_0009,34,random_n0.3,16,4.8436138882686,0.25,fixed,0.3,20687,72762,0.362362141497264,0.5555716628452897,0.45896690217127684,0.406873882148209,0.3782194002363871,0.3920237228639556,0.5990718808913811,0.48249086061405677,0.5344982704907848,0.7783148837434137,0.659753717599846,0.7141469294766144,0.14900016257519103,frl_apartment_5/seq_0009
frl_apartment_5,seq_0009,34,random_n0.3,16,4.8436138882686,0.25,subset,0.3,20687,59628,0.36300860457422207,0.4906754571283498,0.4268420308512859,0.40455358437666167,0.4278694573019387,0.4158849861910212,0.5985401459854015,0.535251895082847,0.5651296460327956,0.7780248465219703,0.7057422687328101,0.7401229137237312,0.15135819845179452,frl_apartment_5/seq_0009
frl_apartment_5,seq_0009,34,consec_n0.3,16,2.2529572093256065,1.0,fixed,0.3,72802,72762,0.43173087161662205,0.1913532140744696,0.3115420428455458,0.22786461910387076,0.6099200131937,0.33177784870335647,0.3986703661987308,0.7457051757785658,0.5195681742555588,0.6912447460234609,0.896676836810423,0.7806722435499287,0.11164688863537464,frl_apartment_5/seq_0009
frl_apartment_5,seq_0009,34,consec_n0.3,16,2.2529572093256065,1.0,subset,0.3,72802,54462,0.43788645458298103,0.16627114906925744,0.30207880182611924,0.2124117469300294,0.6517939113510337,0.3204067967428247,0.38485206450372245,0.7803973412654694,0.5154905489455734,0.6872750748605807,0.9195035070324262,0.7866072509950321,0.10289389067524116,frl_apartment_5/seq_0009
frl_apartment_5,seq_0009,34,consec_n0.3,16,2.2529572093256065,0.25,fixed,0.3,18200,72762,0.35489490357256614,0.5553975627518751,0.45514623316222064,0.4003846153846154,0.3328523130205327,0.36350854728082704,0.5907142857142857,0.44014732965009207,0.5044349533790758,0.7970879120879121,0.6380803166488002,0.7087755946070236,0.12826455624646693,frl_apartment_5/seq_0009
frl_apartment_5,seq_0009,34,consec_n0.3,16,2.2529572093256065,0.25,subset,0.3,18200,54462,0.35741805410566874,0.4738078328300575,0.41561294346786315,0.38846153846153847,0.3938342330432228,0.39112943630645525,0.5835714285714285,0.5028276596526018,0.5401990094604836,0.7962637362637363,0.6949432631926848,0.7421613759093564,0.13241839762611277,frl_apartment_5/seq_0009
frl_apartment_5,seq_0009,34,spaced0.5,9,4.682861615188806,1.0,fixed,0.5,61857,72762,0.4472804082764973,0.15988103498074116,0.3035807216286192,0.23669107780849377,0.5969736950606086,0.3389812114069032,0.4035113245065231,0.7880074764300047,0.5337220701601875,0.6831724784583798,0.9375910502734944,0.7904131481745647,0.11363545511479473,frl_apartment_5/seq_0009
frl_apartment_5,seq_0009,34,spaced0.5,9,4.682861615188806,1.0,subset,0.5,61857,49178,0.4499846991298972,0.13117573711722397,0.2905802181235606,0.22936773526035856,0.6649924763105454,0.3410881125595225,0.3986129298220088,0.8351295294643947,0.5396481672734575,0.6815073475920268,0.9612021635690756,0.7975437319172314,0.10916687350045504,frl_apartment_5/seq_0009
frl_apartment_5,seq_0009,34,spaced0.5,9,4.682861615188806,0.25,fixed,0.5,15464,72762,0.38635487057359447,0.8254001887644328,0.6058775296690136,0.4202017589239524,0.32096423957560266,0.36393935581068904,0.5977754785307812,0.43598306808498943,0.5042182974138746,0.7511639937920331,0.5753002941095627,0.6515740687398426,0.13428920073215375,frl_apartment_5/seq_0009
frl_apartment_5,seq_0009,34,spaced0.5,9,4.682861615188806,0.25,subset,0.5,15464,49178,0.38740131236329495,0.6249277972979447,0.5061645548306198,0.41722710812209,0.41955752572288424,0.41838907185441676,0.5951888256595965,0.5490869901175323,0.5712092073029874,0.7511639937920331,0.6809142299402172,0.7143160812245538,0.14263659551617666,frl_apartment_5/seq_0009
frl_apartment_5,seq_0009,34,random_n0.5,9,4.523354911224065,1.0,fixed,0.5,59873,72762,0.43637532975121207,0.1541492220266131,0.2952622758889126,0.24652180448616237,0.601880102251175,0.3497789613931467,0.40941659846675466,0.7811220142382013,0.5372430841706087,0.6873883052461043,0.9410406530881504,0.7944593915299005,0.11898786257971611,frl_apartment_5/seq_0009
frl_apartment_5,seq_0009,34,random_n0.5,9,4.523354911224065,1.0,subset,0.5,59873,49318,0.439265490256924,0.13247263515493796,0.285869062705931,0.23743590600103553,0.664747151141571,0.34989538063993486,0.4038715280677434,0.8238776917149925,0.5420337263219626,0.6851168306248225,0.9558173486353867,0.7981387197974327,0.11351428165411397,frl_apartment_5/seq_0009
frl_apartment_5,seq_0009,34,random_n0.5,9,4.523354911224065,0.25,fixed,0.5,14968,72762,0.37916732138741127,0.6339501394130367,0.5065587304002239,0.4422768572955639,0.34326983865204364,0.38653413279331483,0.6080304649919829,0.454550452159094,0.5202060724554013,0.7640299305184394,0.6333250872708281,0.6925646185300182,0.141692341206859,frl_apartment_5/seq_0009
frl_apartment_5,seq_0009,34,random_n0.5,9,4.523354911224065,0.25,subset,0.5,14968,49318,0.3806066632084402,0.4967449592402321,0.4386758112243362,0.43606360235168357,0.4404274301472079,0.43823465305043807,0.6056921432389096,0.561133865931303,0.5825622178949666,0.7637626937466595,0.7212985116995823,0.741923487423659,0.15113038092288633,frl_apartment_5/seq_0009
frl_apartment_5,seq_0009,34,consec_n0.5,9,1.2001603292159082,1.0,fixed,0.5,50511,72762,0.41884884426411917,0.2520656394146122,0.33545724183936565,0.23008849557522124,0.47740578873587863,0.3105200484159356,0.4045653422026885,0.6517138066573211,0.4992256440792041,0.699451604600978,0.8412220664632638,0.7638140837534259,0.10468922060442921,frl_apartment_5/seq_0009
frl_apartment_5,seq_0009,34,consec_n0.5,9,1.2001603292159082,1.0,subset,0.5,50511,42510,0.4297087911320024,0.2004441986010061,0.31507649486650424,0.203361643998337,0.5524347212420607,0.2972865133528791,0.37983805507711194,0.7200893907315926,0.4973370829128666,0.6924432301874839,0.891954834156669,0.7796375171670598,0.09425879726890757,frl_apartment_5/seq_0009
frl_apartment_5,seq_0009,34,consec_n0.5,9,1.2001603292159082,0.25,fixed,0.5,12627,72762,0.3583622383647288,0.8084968686863606,0.5834295535255447,0.37522768670309653,0.2440147329650092,0.2957196757321892,0.5723449750534568,0.35048514334405323,0.4347461285121416,0.796863863150392,0.5165470987603419,0.6267919616240705,0.1062616762223797,frl_apartment_5/seq_0009
frl_apartment_5,seq_0009,34,consec_n0.5,9,1.2001603292159082,0.25,subset,0.5,12627,42510,0.36266658579706984,0.5932731420051136,0.47796986390109175,0.36002217470499726,0.3464126087979299,0.35308629664650537,0.5603864734299517,0.47617031286756056,0.5148572772998099,0.7959927140255009,0.6440131733709715,0.7119829137178996,0.11564546758128899,frl_apartment_5/seq_0009
frl_apartment_5,seq_0009,34,spaced1.0,5,4.211479384140585,1.0,fixed,1.0,42352,72762,0.4287981136399136,0.18204024408658692,0.30541917886325026,0.27259633547412165,0.5163821775102388,0.35682565995616355,0.4436390253116736,0.733638437646024,0.5529208731997208,0.7040517567057045,0.9188587449492868,0.7972394200249885,0.12033993145415121,frl_apartment_5/seq_0009
frl_apartment_5,seq_0009,34,spaced1.0,5,4.211479384140585,1.0,subset,1.0,42352,39519,0.4332622502519378,0.13944935692953128,0.28635580359073454,0.2589724216093691,0.6188921784458109,0.36514971934654833,0.4363666414809218,0.8116855183582581,0.5675924372108524,0.7015253116735928,0.9554644601331005,0.8090363798167253,0.11415991080371148,frl_apartment_5/seq_0009
frl_apartment_5,seq_0009,34,spaced1.0,5,4.211479384140585,0.25,fixed,1.0,10588,72762,0.3860850203924898,0.8557248566346501,0.62090493851357,0.4642992066490366,0.27757620736098515,0.34743950379952315,0.6307140158670193,0.39029988180643743,0.48220226268710614,0.7500944465432565,0.5431131634644457,0.6300398553280926,0.12025799292600041,frl_apartment_5/seq_0009
frl_apartment_5,seq_0009,34,spaced1.0,5,4.211479384140585,0.25,subset,1.0,10588,39519,0.38769120585127814,0.5674992144901576,0.4775952101707179,0.45938798639969775,0.4252637971608593,0.44166774565270206,0.6275028333962976,0.5686884789594878,0.5966497635969616,0.7497166603702304,0.7108226422733369,0.7297517793819518,0.13620790507228211,frl_apartment_5/seq_0009
frl_apartment_5,seq_0009,34,random_n1.0,5,2.5526096816889616,1.0,fixed,1.0,40542,72762,0.41024892178558825,0.21018488715249578,0.31021690446904204,0.27919194908983275,0.507435199692147,0.3602006939582619,0.45500961965369247,0.7039113823149447,0.5527321530854361,0.7152582507029747,0.8848712239905445,0.7910752895669292,0.12157950676442507,frl_apartment_5/seq_0009
frl_apartment_5,seq_0009,34,random_n1.0,5,2.5526096816889616,1.0,subset,1.0,40542,36868,0.41787174668244637,0.1527186711770811,0.28529520892976373,0.25561146465393914,0.6184224801996311,0.3617156447287236,0.4395935079670465,0.7962731908430075,0.5664632368520351,0.7113117261111933,0.9355538678528805,0.8081660568433161,0.11368107302533532,frl_apartment_5/seq_0009
frl_apartment_5,seq_0009,34,random_n1.0,5,2.5526096816889616,0.25,fixed,1.0,10135,72762,0.40281860814441095,1.0497642761528323,0.7262914421486216,0.43147508633448445,0.24608999202880624,0.31342140835584864,0.6043413912185496,0.35811275116132046,0.44973022343648483,0.7439565860878145,0.48152881998845554,0.5846443135842775,0.1043580764830288,frl_apartment_5/seq_0009
frl_apartment_5,seq_0009,34,random_n1.0,5,2.5526096816889616,0.25,subset,1.0,10135,36868,0.4052272484364941,0.6927384598047459,0.54898285412062,0.42160828811050816,0.39684821525442115,0.408853728903723,0.5992106561420819,0.5434523163719215,0.5699710709251368,0.743364578194376,0.6609525876098513,0.6997404196988553,0.12146793806316158,frl_apartment_5/seq_0009
frl_apartment_5,seq_0009,34,consec_n1.0,5,0.5999999999999998,1.0,fixed,1.0,32715,72762,0.4427570708640984,0.34489253250779484,0.3938248016859466,0.23499923582454532,0.34403947115252465,0.2792525330004429,0.39896072138162925,0.507435199692147,0.44670702640360155,0.6744001222680728,0.7483301723427064,0.7094443151122671,0.095341583660328,frl_apartment_5/seq_0009
frl_apartment_5,seq_0009,34,consec_n1.0,5,0.5999999999999998,1.0,subset,1.0,32715,32816,0.4579711869802276,0.25979920777618914,0.35888519737820834,0.2017423200366804,0.4563018039980497,0.2797848387766492,0.36720158948494575,0.6047050219405168,0.45693411818737506,0.6618982118294361,0.8287420770355924,0.7359829235198402,0.0886495830316055,frl_apartment_5/seq_0009
frl_apartment_5,seq_0009,34,consec_n1.0,5,0.5999999999999998,0.25,fixed,1.0,8178,72762,0.38303139844848366,0.8748469322994572,0.6289391653739704,0.38517975055025677,0.1857563013660977,0.2506395088667978,0.5586940572267058,0.2813281658008301,0.37421956242284066,0.7687698703839569,0.4479673455924796,0.5660775287965634,0.0844063984910588,frl_apartment_5/seq_0009
frl_apartment_5,seq_0009,34,consec_n1.0,5,0.5999999999999998,0.25,subset,1.0,8178,32816,0.3889902122566363,0.5751420253948064,0.48206611882572137,0.3606016140865737,0.3139627011214042,0.33566986641578545,0.5425531914893617,0.43792662116040953,0.48465757863309183,0.7668134018097335,0.6287481716235982,0.6909512751604489,0.10257819526331569,frl_apartment_5/seq_0009
office_4,seq_0003,16,all,16,2.25,1.0,fixed,0.0,46009,47402,0.3263239446298546,0.1830688462876716,0.2546963954587631,0.24795148775239628,0.651428209780178,0.3591866576975407,0.4260688126236171,0.8000084384625121,0.5560149577241476,0.7635245278097763,0.9101936627146534,0.8304327341055004,0.11425167262395747,office_4/seq_0003
office_4,seq_0003,16,all,16,2.25,1.0,subset,0.0,46009,47402,0.3263239446298546,0.1830688462876716,0.2546963954587631,0.24795148775239628,0.651428209780178,0.3591866576975407,0.4260688126236171,0.8000084384625121,0.5560149577241476,0.7635245278097763,0.9101936627146534,0.8304327341055004,0.11425167262395747,office_4/seq_0003
office_4,seq_0003,16,all,16,2.25,0.25,fixed,0.0,11502,47402,0.14612780233472522,0.4805384531891997,0.3133331277619624,0.5166058076856199,0.4025779502974558,0.4525191080969204,0.7498695878977569,0.5009282308763343,0.6006260011258184,0.9780907668231612,0.6296780726551622,0.7661329089259556,0.1520690864457303,office_4/seq_0003
office_4,seq_0003,16,all,16,2.25,0.25,subset,0.0,11502,47402,0.14612780233472522,0.4805384531891997,0.3133331277619624,0.5166058076856199,0.4025779502974558,0.4525191080969204,0.7498695878977569,0.5009282308763343,0.6006260011258184,0.9780907668231612,0.6296780726551622,0.7661329089259556,0.1520690864457303,office_4/seq_0003
office_4,seq_0003,16,spaced0.3,7,2.25,1.0,fixed,0.3,29611,47402,0.29426893093297257,0.20585979614375446,0.25006436353836353,0.2943163013744892,0.5542593139529978,0.38447381314876233,0.48242207287832223,0.7408126239399182,0.5843267241930236,0.8064570598763973,0.9009113539513101,0.8510715271907969,0.12399665763553035,office_4/seq_0003
office_4,seq_0003,16,spaced0.3,7,2.25,1.0,subset,0.3,29611,37242,0.2966364914055394,0.186654357429179,0.2416454244173592,0.28972341359629866,0.5983029912464422,0.39039916841097205,0.47972037418526897,0.7680844208152087,0.590582352681545,0.8038904461179966,0.9155254819827077,0.8560839481770428,0.1229501785853951,office_4/seq_0003
office_4,seq_0003,16,spaced0.3,7,2.25,0.25,fixed,0.3,7402,47402,0.12156388589896276,0.7797288442911157,0.4506463650950392,0.5857876249662254,0.3420530779292013,0.4319070278060802,0.8054579843285599,0.4347706847812329,0.5647176655904873,0.9901378005944339,0.5364963503649635,0.6959169831795984,0.1473722325677633,office_4/seq_0003
office_4,seq_0003,16,spaced0.3,7,2.25,0.25,subset,0.3,7402,37242,0.12166414302528582,0.6602039563985349,0.39093404971191037,0.5843015401242907,0.40959132162612105,0.4815908218239844,0.8054579843285599,0.5111164813919769,0.6253848324998179,0.9901378005944339,0.6147629020997798,0.7585515873353127,0.1567975160789532,office_4/seq_0003
office_4,seq_0003,16,random_n0.3,7,1.2000000000000002,1.0,fixed,0.3,28760,47402,0.2922926869513423,0.21786988730422097,0.25508128712778166,0.29273296244784425,0.5382684274925109,0.37922658921986835,0.4839012517385257,0.714315851651829,0.5769544330037537,0.8090403337969402,0.8820091979241382,0.8439504609593119,0.1238481195632534,office_4/seq_0003
office_4,seq_0003,16,random_n0.3,7,1.2000000000000002,1.0,subset,0.3,28760,38607,0.29976869801250494,0.2131318369639752,0.25645026748824007,0.2847009735744089,0.5579817131608258,0.3770290750580373,0.47475660639777467,0.724557722692776,0.5736420506636845,0.7981571627260083,0.8841142797938197,0.8389396945700885,0.12014865941067163,office_4/seq_0003
office_4,seq_0003,16,random_n0.3,7,1.2000000000000002,0.25,fixed,0.3,7190,47402,0.13522110447563992,0.6370325372456045,0.3861268208606222,0.5426981919332406,0.32922661491076327,0.40983049741429933,0.7652294853963839,0.4255938567992912,0.5469778034849252,0.9866481223922114,0.5630353149656133,0.716943503375728,0.13675877056814653,office_4/seq_0003
office_4,seq_0003,16,random_n0.3,7,1.2000000000000002,0.25,subset,0.3,7190,38607,0.136378872363013,0.5727676015645604,0.35457323696378673,0.5379694019471488,0.36708368948636255,0.4363938309624325,0.7620305980528512,0.4720646514880721,0.5829820815320099,0.9856745479833101,0.6108736757582822,0.7542805475889014,0.14214519076360818,office_4/seq_0003
office_4,seq_0003,16,consec_n0.3,7,0.8999999999999998,1.0,fixed,0.3,26631,47402,0.2784369101461349,0.21665391256578775,0.24754541135596134,0.30344335548796514,0.532256022952618,0.3865254845224343,0.4963764034396005,0.7127969283996456,0.5852189531233369,0.8248657579512598,0.8912915066874816,0.8567930915982245,0.12167506365458584,office_4/seq_0003
office_4,seq_0003,16,consec_n0.3,7,0.8999999999999998,1.0,subset,0.3,26631,34984,0.2823827709965609,0.18941643509753772,0.23589960304704932,0.29754797041042397,0.5764063571918592,0.39248856901857054,0.49123202283053585,0.7435684884518637,0.5916172683082357,0.8199091284593143,0.9115595700891836,0.8633087196749406,0.12094989502354878,office_4/seq_0003
office_4,seq_0003,16,consec_n0.3,7,0.8999999999999998,0.25,fixed,0.3,6657,47402,0.1318923718987938,0.6634688233140432,0.3976805976064185,0.544539582394472,0.3039323235306527,0.39012059061898596,0.7880426618596965,0.4252352221425256,0.5523936450045461,0.985729307495869,0.5799122399898738,0.7302265217112884,0.12619522958915624,office_4/seq_0003
office_4,seq_0003,16,consec_n0.3,7,0.8999999999999998,0.25,subset,0.3,6657,34984,0.1326047960354523,0.5496312513474368,0.34111802369144456,0.5418356617094787,0.3675680310999314,0.43800452742613,0.786540483701367,0.5016579007546307,0.6125985759232062,0.9852786540483701,0.6630745483649668,0.7926859335611521,0.13714418767099365,office_4/seq_0003
office_4,seq_0003,16,spaced0.5,4,1.7999999999999996,1.0,fixed,0.5,21013,47402,0.28136023278878947,0.21999709445058374,0.2506786636196866,0.3244658068814543,0.47666765115395976,0.38610883740951013,0.507209822490839,0.6918273490570018,0.5853056689752655,0.8081187836101461,0.9024302772034936,0.8526745880761457,0.12525150905432594,office_4/seq_0003
office_4,seq_0003,16,spaced0.5,4,1.7999999999999996,1.0,subset,0.5,21013,31068,0.2870249281233839,0.18772192112574979,0.23737342462456684,0.31252082044448676,0.5437749452813184,0.39692124809803253,0.4996430780945129,0.7432406334492082,0.597570045230116,0.8013610621995907,0.9246813441483198,0.8586157807219971,0.12462727026294389,office_4/seq_0003
office_4,seq_0003,16,spaced0.5,4,1.7999999999999996,0.25,fixed,0.5,5253,47402,0.12170406847328882,0.7652800245831787,0.44349204652823376,0.5874738244812489,0.2820345133116746,0.38110708539376037,0.8054445079002475,0.3815872747985317,0.5178418627887611,0.9859128117266324,0.523901945065609,0.6842185604624641,0.12684929965685998,office_4/seq_0003
office_4,seq_0003,16,spaced0.5,4,1.7999999999999996,0.25,subset,0.5,5253,31068,0.12196909989545453,0.5723399157114243,0.3471545078034394,0.5861412526175519,0.38254795931505087,0.46294959683067677,0.8046830382638492,0.5046349942062572,0.6202789700926573,0.9849609746811346,0.658104802368997,0.7890220302043638,0.1452789276562192,office_4/seq_0003
office_4,seq_0003,16,random_n0.5,4,1.2000000000000002,1.0,fixed,0.5,17096,47402,0.2531087787263014,0.3294845441384908,0.2912966614323961,0.3427702386523163,0.40941310493228134,0.3731394184195745,0.5365582592419279,0.6205434369857812,0.5755029266979315,0.8458118858212448,0.8238681912155605,0.8346958415133685,0.12085941346086222,office_4/seq_0003
office_4,seq_0003,16,random_n0.5,4,1.2000000000000002,1.0,subset,0.5,17096,24156,0.2576952158654533,0.22266642617482757,0.24018082102014043,0.33118858212447355,0.5409836065573771,0.41085371887196964,0.5259124941506785,0.7185378373902964,0.6073171690759811,0.8421853065044455,0.8933598277860573,0.8670180976772265,0.12727198297036188,office_4/seq_0003
office_4,seq_0003,16,random_n0.5,4,1.2000000000000002,0.25,fixed,0.5,4274,47402,0.10508541415772027,1.1895330648886657,0.647309239523193,0.6495086569957885,0.21663642884266487,0.3249045414089126,0.8502573701450632,0.28232985949959916,0.42390208465774165,0.9960224613944783,0.4192228176026328,0.5900819438976628,0.10663878724516467,office_4/seq_0003
office_4,seq_0003,16,random_n0.5,4,1.2000000000000002,0.25,subset,0.5,4274,24156,0.10547208006235564,0.7847279033527396,0.4450999917075476,0.6471689284043051,0.38002980625931443,0.478862510591149,0.8490875058493215,0.4701523431031628,0.6051977291190165,0.9960224613944783,0.6251448915383342,0.7681604893803967,0.1387556105865965,office_4/seq_0003
office_4,seq_0003,16,consec_n0.5,4,0.44999999999999973,1.0,fixed,0.5,17299,47402,0.2561115165890462,0.32413206086226004,0.2901217887256531,0.3357997572113995,0.42795662630268766,0.3763182457428233,0.5226313659749119,0.6010716847390406,0.5591137541976344,0.8485461587374993,0.8103877473524324,0.8290280975986799,0.12023747162563296,office_4/seq_0003
office_4,seq_0003,16,consec_n0.5,4,0.44999999999999973,1.0,subset,0.5,17299,27101,0.261542551662057,0.25301637476386857,0.2572794632129628,0.32412278166367997,0.5100918785284676,0.3963785496999472,0.514480605815365,0.6658425888343603,0.5804564377519199,0.843170125440777,0.8646544407955425,0.8537771475148347,0.1237863123550454,office_4/seq_0003
office_4,seq_0003,16,consec_n0.5,4,0.44999999999999973,0.25,fixed,0.5,4324,47402,0.12185859672244616,0.8880392854804269,0.5049489411014365,0.5869565217391305,0.24070714315851652,0.34140589589264564,0.793709528214616,0.33118855744483355,0.4673623629211123,0.9937557816836263,0.5030378465043669,0.6679568364739317,0.10947845278197235,office_4/seq_0003
office_4,seq_0003,16,consec_n0.5,4,0.44999999999999973,0.25,subset,0.5,4324,27101,0.12310971597360008,0.6249402604704731,0.3740249882220366,0.580018501387604,0.34795763993948564,0.43497210731182046,0.7923219241443108,0.4643740083391757,0.5855572510412923,0.9939870490286772,0.6631120622855246,0.7955164509668639,0.1303938604112366,office_4/seq_0003
office_4,seq_0003,16,spaced1.0,3,2.1,1.0,fixed,1.0,16933,47402,0.24462572144739156,0.2510506370592241,0.2478381792533078,0.36449536408197014,0.44820893633180037,0.402040642211136,0.5534164058347605,0.6529893253449222,0.599093648415416,0.8573200259847635,0.8775157166364288,0.8673003195704292,0.13103645053142166,office_4/seq_0003
office_4,seq_0003,16,spaced1.0,3,2.1,1.0,subset,1.0,16933,27213,0.24887206480754034,0.19237820141297932,0.22062513311025983,0.35067619441327585,0.5619740565171057,0.43186516038868156,0.5467430461229552,0.7425862639179803,0.6297908110546108,0.854071930549814,0.9200014698857164,0.8858116369943447,0.13615964096810387,office_4/seq_0003
office_4,seq_0003,16,spaced1.0,3,2.1,0.25,fixed,1.0,4233,47402,0.09945609866252945,0.8233205132182612,0.4613883059403953,0.6909992912827781,0.2830682249694106,0.4016147537516185,0.8599102291519017,0.37973081304586304,0.5268209091938288,0.9919678714859438,0.4890721910467913,0.6551394693888362,0.13463833850560994,office_4/seq_0003
office_4,seq_0003,16,spaced1.0,3,2.1,0.25,subset,1.0,4233,27213,0.09954785520822901,0.5443308776066985,0.3219393664074638,0.6902905740609497,0.42498070774997243,0.5260785989955977,0.8599102291519017,0.5523463050747804,0.6726373378447732,0.9919678714859438,0.6735751295336787,0.8023388013643008,0.16594667063905855,office_4/seq_0003
office_4,seq_0003,16,random_n1.0,3,1.3499999999999996,1.0,fixed,1.0,16255,47402,0.25995693708904194,0.2670459741581748,0.2635014556236084,0.346970163026761,0.4080840470866208,0.3750538344127718,0.5454936942479237,0.6352896502257289,0.5869772805333414,0.8260842817594586,0.8643939074300663,0.8448050081249081,0.12234638891902644,office_4/seq_0003
office_4,seq_0003,16,random_n1.0,3,1.3499999999999996,1.0,subset,1.0,16255,24936,0.2655206899898593,0.1952924001933672,0.23040654509161324,0.33263611196554904,0.5225376965030478,0.40650194381295907,0.5358351276530299,0.732595444337504,0.6189544498578108,0.8206090433712704,0.9195139557266603,0.8672507264906533,0.1263008316964099,office_4/seq_0003
office_4,seq_0003,16,random_n1.0,3,1.3499999999999996,0.25,fixed,1.0,4063,47402,0.10588232840730583,1.2477182826032671,0.6768003055052865,0.6441053408811224,0.21967427534703177,0.3276145242303104,0.8547871031257691,0.3173705750812202,0.4628801730941355,0.9881860694068423,0.4343698578119067,0.6034746813774335,0.10588097194506398,office_4/seq_0003
office_4,seq_0003,16,random_n1.0,3,1.3499999999999996,0.25,subset,1.0,4063,24936,0.10613408305722488,0.772947150387259,0.439540616722242,0.6421363524489294,0.37295476419634266,0.4718548078737253,0.8520797440315038,0.5136750080205326,0.6409526581428869,0.9879399458528181,0.6566811036252808,0.7889495202119728,0.1348046754844663,office_4/seq_0003
office_4,seq_0003,16,consec_n1.0,3,0.30000000000000027,1.0,fixed,1.0,14252,47402,0.23563580049867047,0.3380705607679014,0.2868531806332859,0.3652119000841987,0.405636892958103,0.38436440909974906,0.5566937973617738,0.579469220707987,0.5678532319741287,0.8712461408925063,0.7911058605122147,0.8292442604530015,0.1230995396340284,office_4/seq_0003
office_4,seq_0003,16,consec_n1.0,3,0.30000000000000027,1.0,subset,1.0,14252,24461,0.24284836886424502,0.2520427184682373,0.24744554366624116,0.3490036486107213,0.5048444462613957,0.4127023408126831,0.5456777996070727,0.6613384571358489,0.5979666173829978,0.864510244176256,0.861493806467438,0.862999389494762,0.13055960627050675,office_4/seq_0003
office_4,seq_0003,16,consec_n1.0,3,0.30000000000000027,0.25,fixed,1.0,3563,47402,0.11774307492084322,1.2369920749317744,0.6773675749263088,0.613247263541959,0.2099278511455213,0.31278321698320555,0.7993264103283749,0.2815282055609468,0.4163981476307329,0.9960707269155207,0.41690224041179696,0.5877877740933327,0.1004979900401992,office_4/seq_0003
office_4,seq_0003,16,consec_n1.0,3,0.30000000000000027,0.25,subset,1.0,3563,24461,0.1189498966267874,0.7879920624095607,0.45347097951817406,0.6051080550098232,0.33526838641102163,0.43147316813025843,0.7968004490597811,0.4352234168676669,0.5629537277517496,0.9960707269155207,0.6203752912799967,0.7645633202592375,0.1286970423661071,office_4/seq_0003
office_4,seq_0004,18,all,18,2.55,1.0,fixed,0.0,45410,52573,0.2794211238395422,0.1059065701249724,0.1926638469822573,0.3273728253688615,0.7417305460978069,0.4542543425062955,0.5161638405637525,0.8567896068324045,0.6442225916056349,0.8212948689715922,0.9742643562284823,0.8912636303636317,0.16151771956856703,office_4/seq_0004
office_4,seq_0004,18,all,18,2.55,1.0,subset,0.0,45410,52573,0.2794211238395422,0.1059065701249724,0.1926638469822573,0.3273728253688615,0.7417305460978069,0.4542543425062955,0.5161638405637525,0.8567896068324045,0.6442225916056349,0.8212948689715922,0.9742643562284823,0.8912636303636317,0.16151771956856703,office_4/seq_0004
office_4,seq_0004,18,all,18,2.55,0.25,fixed,0.0,11352,52573,0.10083355106723373,0.37953049721644067,0.2401820241418372,0.6522198731501057,0.49299069864759476,0.5615357364914642,0.8694503171247357,0.6012592014912598,0.7109017746790499,0.9930408738548273,0.7543035398398418,0.8573630252670218,0.2309712517000422,office_4/seq_0004
office_4,seq_0004,18,all,18,2.55,0.25,subset,0.0,11352,52573,0.10083355106723373,0.37953049721644067,0.2401820241418372,0.6522198731501057,0.49299069864759476,0.5615357364914642,0.8694503171247357,0.6012592014912598,0.7109017746790499,0.9930408738548273,0.7543035398398418,0.8573630252670218,0.2309712517000422,office_4/seq_0004
office_4,seq_0004,18,spaced0.3,8,2.55,1.0,fixed,0.3,32266,52573,0.25936016938114786,0.12073645797122003,0.19004831367618394,0.3737680530589475,0.6676050444144332,0.4792315804365078,0.5603111634537904,0.8246818709223366,0.6672646679178241,0.831649414244096,0.9674928195081125,0.8944427200191092,0.17875531117220694,office_4/seq_0004
office_4,seq_0004,18,spaced0.3,8,2.55,1.0,subset,0.3,32266,42898,0.261266054983832,0.11030833414643029,0.18578719456513115,0.3688402652947375,0.700755279966432,0.4832981298672022,0.5577078038802454,0.847545340109096,0.6727366558018031,0.829448955556933,0.9748473122290083,0.8962897051802399,0.17568048842533707,office_4/seq_0004
office_4,seq_0004,18,spaced0.3,8,2.55,0.25,fixed,0.3,8066,52573,0.09421914872519122,0.4496206860604817,0.2719199173928365,0.6999752045623605,0.43817168508550014,0.5389626201870167,0.8787503099429705,0.5548855876590646,0.6802367085727725,0.9883461443094471,0.7297852509843455,0.8396103359265423,0.21820786248607354,office_4/seq_0004
office_4,seq_0004,18,spaced0.3,8,2.55,0.25,subset,0.3,8066,42898,0.09465551848134716,0.3854257470264799,0.24004063275391355,0.6983635011157947,0.48764511166021723,0.5742851170092615,0.8783783783783784,0.606415217492657,0.7174896454920285,0.9882221671212497,0.7735558767308499,0.8678108659146323,0.22522121431353997,office_4/seq_0004
office_4,seq_0004,18,random_n0.3,8,2.55,1.0,fixed,0.3,31065,52573,0.2650709529614141,0.136840409664485,0.20095568131294955,0.3697408659262836,0.6509424990013886,0.47160569383052015,0.5581522613874135,0.7981283168166169,0.656909981706617,0.8286174150973765,0.944990774732277,0.8829862396212023,0.18078820265132053,office_4/seq_0004
office_4,seq_0004,18,random_n0.3,8,2.55,1.0,subset,0.3,31065,43307,0.26769754722817934,0.12822019557053163,0.19795887139935547,0.36304522774826975,0.6720853441706883,0.4714330413184333,0.5535168195718655,0.8153647216385342,0.6593968490705105,0.8267181715757284,0.9526404507354469,0.8852236550023097,0.1767217666937364,office_4/seq_0004
office_4,seq_0004,18,random_n0.3,8,2.55,0.25,fixed,0.3,7766,52573,0.10237659839438054,0.42037673753319593,0.2613766679637882,0.6716456348184393,0.44444867137123617,0.5349225569413755,0.8555240793201133,0.5713198790253552,0.6851175430104071,0.9846767962915272,0.7264945884769749,0.8361083761360557,0.216751677852349,office_4/seq_0004
office_4,seq_0004,18,random_n0.3,8,2.55,0.25,subset,0.3,7766,43307,0.10318550565684546,0.3709006366940966,0.23704307117547105,0.6677826422868915,0.47939132241900845,0.5581179730773334,0.8530775173834664,0.61387304592791,0.7139726547112699,0.9846767962915272,0.7657422587572448,0.8615178542113304,0.22430488702644544,office_4/seq_0004
office_4,seq_0004,18,consec_n0.3,8,1.05,1.0,fixed,0.3,27779,52573,0.23644350169091802,0.14598730061223736,0.1912154011515777,0.3932106987292559,0.6190439959675118,0.48093572393152223,0.5787105367363836,0.7609799707073973,0.6574460666053438,0.8693617480830843,0.9423848743651684,0.9044016989948169,0.18505456666018716,office_4/seq_0004
office_4,seq_0004,18,consec_n0.3,8,1.05,1.0,subset,0.3,27779,39490,0.24448766812542322,0.13426847516746912,0.18937807164644616,0.3793873069584938,0.6550519118764244,0.48048909252438016,0.5621512653443248,0.7918713598379337,0.6575244440437705,0.8608661218906368,0.9503671815649531,0.9034053298435455,0.17509592914226363,office_4/seq_0004
office_4,seq_0004,18,consec_n0.3,8,1.05,0.25,fixed,0.3,6944,52573,0.07856917894732936,0.5908578895623148,0.3347135342548221,0.744815668202765,0.4029444772031271,0.5229652924227076,0.9212269585253456,0.5158921880052498,0.6613978979131835,1.0,0.6805965039088505,0.8099463521742082,0.20689655172413793,office_4/seq_0004
office_4,seq_0004,18,consec_n0.3,8,1.05,0.25,subset,0.3,6944,39490,0.08081675324822805,0.4885046744029626,0.2846607138255953,0.7358870967741935,0.45973664218789567,0.5659209530149585,0.9138824884792627,0.5749050392504431,0.7058033978974203,1.0,0.7346923271714358,0.8470577930893538,0.21756425948592412,office_4/seq_0004
office_4,seq_0004,18,spaced0.5,5,2.4,1.0,fixed,0.5,24434,52573,0.2149276925096148,0.1507647031405526,0.1828461978250837,0.4392649586641565,0.6418694006429155,0.5215831562728372,0.6361217974952934,0.7699579632130561,0.696670355753021,0.8851190963411639,0.9257793924638122,0.9049927694286003,0.19893915376173638,office_4/seq_0004
office_4,seq_0004,18,spaced0.5,5,2.4,1.0,subset,0.5,24434,36869,0.21855514841213006,0.12946255790158043,0.17400885315685524,0.42760088401407875,0.6949469744229569,0.5294383457644511,0.6299009576819187,0.8161870406032168,0.7110452463933183,0.8831955471883441,0.9441536249966096,0.9126578435600041,0.19569234690626394,office_4/seq_0004
office_4,seq_0004,18,spaced0.5,5,2.4,0.25,fixed,0.5,6108,52573,0.07477082035722353,0.5758990021179835,0.3253349112376035,0.7614603798297315,0.39723812603427616,0.5221049182373103,0.9364767518009168,0.4947216251688129,0.6474228982353848,0.9996725605762934,0.658094459133015,0.7936929197420417,0.19968014621887137,office_4/seq_0004
office_4,seq_0004,18,spaced0.5,5,2.4,0.25,subset,0.5,6108,36869,0.07572370822311268,0.4442137868471511,0.2599687475351319,0.7575311067452521,0.4850416338929724,0.5914086374560946,0.9345121152586772,0.5880821286175377,0.7218861836244798,0.9996725605762934,0.7442566926143915,0.853260523350508,0.21708816631805794,office_4/seq_0004
office_4,seq_0004,18,random_n0.5,5,1.3499999999999999,1.0,fixed,0.5,22833,52573,0.22691682599690652,0.15095542001209236,0.18893612300449944,0.4299916787106381,0.6118539934947597,0.5050500910210654,0.6143739324661673,0.7791451885949061,0.687018191920693,0.8685674243419612,0.9311814049036578,0.8987852319274042,0.18570081709616593,office_4/seq_0004
office_4,seq_0004,18,random_n0.5,5,1.3499999999999999,1.0,subset,0.5,22833,30836,0.23520370356757989,0.12459738386031959,0.17990054371394973,0.4099329917225069,0.6889025813983656,0.5140057404510788,0.6021985722419305,0.8332144246984045,0.6991166138167788,0.8599395611614769,0.9536580620054482,0.9043773380194686,0.17679482817284792,office_4/seq_0004
office_4,seq_0004,18,random_n0.5,5,1.3499999999999999,0.25,fixed,0.5,5708,52573,0.09381502846945591,0.8292707504177642,0.46154288944361005,0.7165381920112124,0.33522910999942934,0.4567635063940951,0.8891030133146461,0.41279744355467635,0.5638210648387301,0.9873861247372109,0.5390599737507846,0.6973850423017943,0.16367333107421214,office_4/seq_0004
office_4,seq_0004,18,random_n0.5,5,1.3499999999999999,0.25,subset,0.5,5708,30836,0.09608988991823364,0.5861066874431264,0.34109828868068004,0.7083041345480028,0.4653002983525749,0.561644308576786,0.8826208829712684,0.5488065897003502,0.6767903593155312,0.9873861247372109,0.6693475158905176,0.797840320991132,0.1888745148771022,office_4/seq_0004
office_4,seq_0004,18,consec_n0.5,5,0.6,1.0,fixed,0.5,21897,52573,0.2157949162130003,0.17047300707153212,0.1931339616422662,0.4342147326117733,0.5822570520989861,0.4974552053314943,0.6189432342329999,0.7149867802864588,0.6635074185413865,0.8892999040964515,0.9167823787875906,0.9028320462024777,0.2002283477409884,office_4/seq_0004
office_4,seq_0004,18,consec_n0.5,5,0.6,1.0,subset,0.5,21897,33134,0.22672702576490159,0.14772705517494336,0.18722704046992247,0.4121112481161803,0.6397356190016298,0.5012939671219463,0.5953326939763438,0.7673085048590572,0.6704682636913024,0.8799835593916975,0.9358363010804611,0.9070509439395695,0.1867562648747025,office_4/seq_0004
office_4,seq_0004,18,consec_n0.5,5,0.6,0.25,fixed,0.5,5474,52573,0.07426356749903182,0.6951071303064066,0.3846853489027192,0.7689075630252101,0.3614593042055808,0.49174971557752767,0.9261965655827549,0.46042645464401877,0.6150848424901985,1.0,0.6205466684419759,0.7658485627428195,0.18810148731408574,office_4/seq_0004
office_4,seq_0004,18,consec_n0.5,5,0.6,0.25,subset,0.5,5474,33134,0.07729043169293459,0.5149271024006618,0.29610876704679817,0.7594081110705152,0.4514094283817227,0.5662355725072602,0.9165144318597004,0.5583690469004647,0.6939575866945343,1.0,0.7114142572584052,0.8313758685147956,0.21062106210621062,office_4/seq_0004
office_4,seq_0004,18,spaced1.0,3,2.1,1.0,fixed,1.0,18181,52573,0.20848013301462456,0.17515179567049452,0.19181596434255954,0.46686100874539355,0.5628744792954559,0.5103915524964214,0.6516693251196304,0.7176687653358188,0.6830785227193638,0.8836697651394313,0.9171057386871588,0.9000773400033406,0.2040259172976121,office_4/seq_0004
office_4,seq_0004,18,spaced1.0,3,2.1,1.0,subset,1.0,18181,30666,0.21532452348107925,0.14021234784246386,0.17776843566177156,0.4458500632528464,0.6499706515359029,0.5288993941963239,0.6393487706946812,0.7914628578882149,0.7073199506248105,0.8793245696056322,0.9448574969021065,0.9109139126585916,0.20156837641033848,office_4/seq_0004
office_4,seq_0004,18,spaced1.0,3,2.1,0.25,fixed,1.0,4545,52573,0.07074324269649278,0.7349687120949192,0.402855977395706,0.7799779977997799,0.32644132919939894,0.4602541697072777,0.9337733773377338,0.4345576626785612,0.593099717042916,1.0,0.6143838091796169,0.7611372285650325,0.16336544790856322,office_4/seq_0004
office_4,seq_0004,18,spaced1.0,3,2.1,0.25,subset,1.0,4545,30666,0.07217156335852196,0.482345093209202,0.277258328283862,0.7749174917491749,0.4479227809300202,0.5676999779130874,0.9293729372937294,0.5777082110480662,0.712511569255832,1.0,0.7573208113219853,0.8619038782705511,0.19313054868287002,office_4/seq_0004
office_4,seq_0004,18,random_n1.0,3,1.2000000000000002,1.0,fixed,1.0,16946,52573,0.20267588164101105,0.18349880907262658,0.19308734535681882,0.4713796766198513,0.5422935727464668,0.5043561504933745,0.6497698571934379,0.6973541551747094,0.6727215989930572,0.8974979346158386,0.9164780400585852,0.9068886904315067,0.19810362343379614,office_4/seq_0004
office_4,seq_0004,18,random_n1.0,3,1.2000000000000002,1.0,subset,1.0,16946,27222,0.2126052195731313,0.14888802768236378,0.18074662362774754,0.4454738581376136,0.6384909264565425,0.5247975219064857,0.6324206302372242,0.776247153037984,0.6969914689221283,0.8912427711554349,0.9415913599294689,0.9157255189511527,0.1922814789572329,office_4/seq_0004
office_4,seq_0004,18,random_n1.0,3,1.2000000000000002,0.25,fixed,1.0,4236,52573,0.0699298536440159,0.9192219896288968,0.49457592163645636,0.7891879131255902,0.29016795693606984,0.4243216732164735,0.9449952785646837,0.37060848724630513,0.5324145152896655,1.0,0.5219979837559203,0.6859378124375125,0.15114320096269554,office_4/seq_0004
office_4,seq_0004,18,random_n1.0,3,1.2000000000000002,0.25,subset,1.0,4236,27222,0.07254754395837998,0.6005528230895459,0.33655018352396293,0.7797450424929179,0.44155462493571374,0.5638256342251271,0.9353163361661945,0.5422085078245537,0.6864676110715555,1.0,0.6866137682756593,0.814192058893995,0.18836522009643802,office_4/seq_0004
office_4,seq_0004,18,consec_n1.0,3,0.2999999999999998,1.0,fixed,1.0,15788,52573,0.20007291394041768,0.19075080582511966,0.19541185988276866,0.47669115784139854,0.5281228006771537,0.5010907087883301,0.6474537623511528,0.6749281950811253,0.660905567814398,0.9040410438307576,0.8981226104654481,0.9010721088704603,0.20263384808340518,office_4/seq_0004
office_4,seq_0004,18,consec_n1.0,3,0.2999999999999998,1.0,subset,1.0,15788,26411,0.21431190765638586,0.15720837393221987,0.18576014079430286,0.4430580187484165,0.6133050622846541,0.5144627461203487,0.6174942994679503,0.7515050547120518,0.6779405496272085,0.8923232835064606,0.9260914013100602,0.9088938039757128,0.1967833491012299,office_4/seq_0004
office_4,seq_0004,18,consec_n1.0,3,0.2999999999999998,0.25,fixed,1.0,3947,52573,0.06820751737243891,0.8564511023424749,0.4623293098574569,0.8021281986318723,0.3070587563958686,0.4441099600487115,0.935900684063846,0.40031955566545563,0.5607748406315641,1.0,0.5512145017404371,0.7106876594074946,0.15892736330647642,office_4/seq_0004
office_4,seq_0004,18,consec_n1.0,3,0.2999999999999998,0.25,subset,1.0,3947,26411,0.07195642849961457,0.5689611909805482,0.3204588097400814,0.7909804915125411,0.43697701715194426,0.5629515571470287,0.9252596909044845,0.5475748741054863,0.6879916737403218,1.0,0.6920601264624588,0.8180089059947638,0.1999022084589683,office_4/seq_0004
office_4,seq_0008,15,all,15,2.1,1.0,fixed,0.0,45315,46599,0.3816562208109713,0.16021958173594378,0.2709379012734575,0.23987642061127662,0.6089401060108586,0.3441741964610963,0.4083416087388282,0.7588360265241744,0.5309634360326637,0.7023060796645703,0.9317367325479088,0.8009145990847016,0.11054559113531787,office_4/seq_0008
office_4,seq_0008,15,all,15,2.1,1.0,subset,0.0,45315,46599,0.3816562208109713,0.16021958173594378,0.2709379012734575,0.23987642061127662,0.6089401060108586,0.3441741964610963,0.4083416087388282,0.7588360265241744,0.5309634360326637,0.7023060796645703,0.9317367325479088,0.8009145990847016,0.11054559113531787,office_4/seq_0008
office_4,seq_0008,15,all,15,2.1,0.25,fixed,0.0,11328,46599,0.16462007479704927,0.5514992850928843,0.3580596799449668,0.4871998587570621,0.37867765402691045,0.42613810113439254,0.7042725988700564,0.49498916285757205,0.5813698314470068,0.949417372881356,0.6263653726474817,0.7547768475701216,0.14394904458598726,office_4/seq_0008
office_4,seq_0008,15,all,15,2.1,0.25,subset,0.0,11328,46599,0.16462007479704927,0.5514992850928843,0.3580596799449668,0.4871998587570621,0.37867765402691045,0.42613810113439254,0.7042725988700564,0.49498916285757205,0.5813698314470068,0.949417372881356,0.6263653726474817,0.7547768475701216,0.14394904458598726,office_4/seq_0008
office_4,seq_0008,15,spaced0.3,6,1.9499999999999997,1.0,fixed,0.3,27830,46599,0.31901353620873285,0.18851424788423174,0.2537638920464823,0.2934602946460654,0.5215133371960772,0.37557891842335733,0.4895795903701042,0.7150368033648791,0.5812097977606329,0.7730865971972691,0.9127019893130753,0.8371128868938916,0.1197569369756937,office_4/seq_0008
office_4,seq_0008,15,spaced0.3,6,1.9499999999999997,1.0,subset,0.3,27830,36167,0.3224942030040164,0.16940159819567047,0.24594790059984342,0.28605821056413944,0.5612574999308763,0.3789669284005882,0.48411785842615884,0.7455415157463986,0.5870405570059758,0.7699964067553,0.9305444189454475,0.8426917461613261,0.11725907936858374,office_4/seq_0008
office_4,seq_0008,15,spaced0.3,6,1.9499999999999997,0.25,fixed,0.3,6957,46599,0.13275503226440347,0.829155053876923,0.4809550430706632,0.5495184706051459,0.3209725530590785,0.4052433435115794,0.7750467155383067,0.4268546535333376,0.5505148854082628,0.9797326433807676,0.5506341337796948,0.7050260675739886,0.12872201695283633,office_4/seq_0008
office_4,seq_0008,15,spaced0.3,6,1.9499999999999997,0.25,subset,0.3,6957,36167,0.1331289811833383,0.7259911271487633,0.4295600541660508,0.5462124478942073,0.3817292006525285,0.4493930010527279,0.7734655742417709,0.4987695965935798,0.6064619518265407,0.9798763834986345,0.6228606187961401,0.76160519123952,0.1342972816657027,office_4/seq_0008
office_4,seq_0008,15,random_n0.3,6,1.2,1.0,fixed,0.3,24031,46599,0.32947565189139905,0.3048682026230354,0.3171719272572172,0.26623944072240024,0.394600742505204,0.31795367067454966,0.4591569223086846,0.5964934869846993,0.5188916922684633,0.754858308018809,0.7726775252687826,0.7636639830742905,0.0998517915782744,office_4/seq_0008
office_4,seq_0008,15,random_n0.3,6,1.2,1.0,subset,0.3,24031,34386,0.3452227788138045,0.26635694913882624,0.30578986397631536,0.24826266072989056,0.44113883557261674,0.31771994014497246,0.43581207606841166,0.6393590414703658,0.5183182224131133,0.7363405601098582,0.8128017216308963,0.772684190494658,0.09552999726883743,office_4/seq_0008
office_4,seq_0008,15,random_n0.3,6,1.2,0.25,fixed,0.3,6007,46599,0.15089181404856616,0.9333322943444955,0.5421120541965309,0.5085733311137007,0.26026309577458745,0.3443199748475975,0.7111703013151324,0.3681409472306273,0.4851444080124278,0.9695355418678209,0.49730680915899483,0.6574075616987808,0.10718275245755139,office_4/seq_0008
office_4,seq_0008,15,random_n0.3,6,1.2,0.25,subset,0.3,6007,34386,0.15340431737507892,0.7776135131309405,0.46550891525300975,0.4959214250041618,0.3137904961321468,0.3843723327581354,0.7015148992841684,0.44215669167684524,0.5424275805764538,0.9697020143166306,0.582853486884197,0.7280824419428831,0.1139388710870101,office_4/seq_0008
office_4,seq_0008,15,consec_n0.3,6,0.7499999999999999,1.0,fixed,0.3,24039,46599,0.31594295985666876,0.2222460997318023,0.26909452979423554,0.25957818544864597,0.4041073842786326,0.31610589810036266,0.4563417779441741,0.6336831262473444,0.5305861973849492,0.7744082532551271,0.8695894761690165,0.8192435491075434,0.09852002321532212,office_4/seq_0008
office_4,seq_0008,15,consec_n0.3,6,0.7499999999999999,1.0,subset,0.3,24039,33452,0.3306416160390766,0.20855195292123416,0.2695967844801554,0.24060901035816798,0.43707401650125555,0.31036322999263066,0.43358708764923665,0.6537725696520388,0.5213865395078654,0.7589749989600233,0.882847064450556,0.8162380866429557,0.0931886568797301,office_4/seq_0008
office_4,seq_0008,15,consec_n0.3,6,0.7499999999999999,0.25,fixed,0.3,6009,46599,0.15992174933043382,0.8688550987796504,0.5143884240550421,0.48693626227325676,0.23607802742548123,0.3179880506298322,0.6831419537360626,0.3382690615678448,0.4524834452449398,0.964886004326843,0.49966737483636986,0.6583878247903987,0.10151127903100345,office_4/seq_0008
office_4,seq_0008,15,consec_n0.3,6,0.7499999999999999,0.25,subset,0.3,6009,33452,0.16417700730568097,0.711918338182214,0.43804767274394746,0.47062739224496586,0.28213559727370563,0.35278232924097946,0.6694957563654518,0.40508788712184624,0.5047622361028966,0.9643867532035281,0.5855554226952051,0.7286747876078747,0.10599334073251943,office_4/seq_0008
office_4,seq_0008,15,spaced0.5,4,1.7999999999999996,1.0,fixed,0.5,21218,46599,0.3109073599698547,0.20043748034348577,0.25567242015667024,0.3259025355829956,0.4818987531921286,0.38883826441460173,0.5123951362051089,0.6807871413549647,0.5847086846354891,0.785700820058441,0.8942037382776454,0.8364482457979142,0.12555419906187754,office_4/seq_0008
office_4,seq_0008,15,spaced0.5,4,1.7999999999999996,1.0,subset,0.5,21218,31296,0.31665530933082986,0.17230279928549133,0.24447905430816058,0.31214063530964276,0.5452453987730062,0.3970049392156524,0.502403619568291,0.7323300102249489,0.5959588999242016,0.7799038552172683,0.9230892126789366,0.8454771181977047,0.12233824733824734,office_4/seq_0008
office_4,seq_0008,15,spaced0.5,4,1.7999999999999996,0.25,fixed,0.5,5304,46599,0.14191260087718216,1.0272980916184604,0.5846053462478213,0.5597662141779789,0.2757569904933582,0.3694917046913117,0.7437782805429864,0.38464344728427646,0.507061207327302,0.9653092006033183,0.4978862207343505,0.6569377442270843,0.11091743652315379,office_4/seq_0008
office_4,seq_0008,15,spaced0.5,4,1.7999999999999996,0.25,subset,0.5,5304,31296,0.1422126308398264,0.8064746277691913,0.47434362930450885,0.557315233785822,0.36598926380368096,0.44182908813368327,0.7422699849170438,0.5031633435582822,0.5997640160971729,0.9656862745098039,0.6241692229038854,0.758247089135162,0.12461905392871339,office_4/seq_0008
office_4,seq_0008,15,random_n0.5,4,1.2000000000000002,1.0,fixed,0.5,19426,46599,0.3076546314318031,0.2734736064060936,0.29056411891894834,0.32796252445176566,0.4288718642030945,0.37169003247954746,0.5095233192628437,0.609948711345737,0.5552315439556315,0.7803459281375477,0.8397819695701625,0.8089737130069884,0.11512915129151291,office_4/seq_0008
office_4,seq_0008,15,random_n0.5,4,1.2000000000000002,1.0,subset,0.5,19426,29767,0.3118791259101209,0.22279279038709307,0.267335958148607,0.31607124472356635,0.4928276279101018,0.3851374926028672,0.49948522598579226,0.671549030805926,0.5728761861016974,0.7785442190878205,0.8844357845936776,0.8281186372962392,0.11035103510351035,office_4/seq_0008
office_4,seq_0008,15,random_n0.5,4,1.2000000000000002,0.25,fixed,0.5,4856,46599,0.12983787524942186,0.9655002908659619,0.5476690830576919,0.5805189456342669,0.25730165883388056,0.35656436926855484,0.7662685337726524,0.3561020622760145,0.4862383353489555,0.9800247116968699,0.4995386167085131,0.6617630748510684,0.10997503269527999,office_4/seq_0008
office_4,seq_0008,15,random_n0.5,4,1.2000000000000002,0.25,subset,0.5,4856,29767,0.13212203826159674,0.766125139251412,0.4491235887565044,0.574341021416804,0.3420230456545839,0.4287332348531224,0.7584431630971994,0.46363422582053954,0.5754794449848397,0.979818780889621,0.6153458527900023,0.7559438199371183,0.1209094040647606,office_4/seq_0008
office_4,seq_0008,15,consec_n0.5,4,0.4499999999999999,1.0,fixed,0.5,16807,46599,0.2872868077302346,0.34592939328246536,0.31660810050634997,0.2822633426548462,0.31824717268610914,0.299177144972498,0.4827750342119355,0.5121569132384816,0.4970321275624922,0.8046052240138037,0.7435996480611172,0.7729005019896974,0.09149558026803536,office_4/seq_0008
office_4,seq_0008,15,consec_n0.5,4,0.4499999999999999,1.0,subset,0.5,16807,28563,0.30673225468901316,0.29825755531984327,0.3024949050044282,0.25507229130719344,0.3727899730420474,0.3028957081812776,0.4505265663116559,0.5617057031824388,0.5000104212424236,0.7843160587850301,0.7925638063228653,0.7884183629528153,0.08943791979260772,office_4/seq_0008
office_4,seq_0008,15,consec_n0.5,4,0.4499999999999999,0.25,fixed,0.5,4201,46599,0.14959660805384345,1.0680187454816812,0.6088076767677624,0.5101166388955011,0.20182836541556687,0.2892246080136204,0.6934063318257557,0.29157278053177105,0.4105232480003798,0.9771482980242799,0.4556320951093371,0.621477134102303,0.08765469363115001,office_4/seq_0008
office_4,seq_0008,15,consec_n0.5,4,0.4499999999999999,0.25,subset,0.5,4201,28563,0.15440711185538605,0.7744133188322571,0.46441021534382154,0.4903594382289931,0.2652382452823583,0.34426277314426723,0.6786479409664365,0.38437839162552956,0.4907829581090617,0.9766722208997858,0.5906942548051676,0.736157980479745,0.09852610179336382,office_4/seq_0008
office_4,seq_0008,15,spaced1.0,3,2.1,1.0,fixed,1.0,17935,46599,0.2724128989001694,0.22134874027338458,0.246880819586777,0.36933370504599944,0.4511255606343484,0.4061527042707599,0.5630331753554503,0.6540483701366983,0.6051376459335158,0.8096459436855311,0.8869932831176635,0.8465565364837949,0.13012991635522336,office_4/seq_0008
office_4,seq_0008,15,spaced1.0,3,2.1,1.0,subset,1.0,17935,27894,0.2764905311462358,0.1740921100300457,0.22529132058814075,0.34976303317535545,0.5402954040295403,0.4246358473215015,0.5555617507666574,0.7311249731124974,0.6313659145670226,0.8083077780875383,0.9288377428837743,0.8643913398048894,0.13120442936795726,office_4/seq_0008
office_4,seq_0008,15,spaced1.0,3,2.1,0.25,fixed,1.0,4483,46599,0.11078414089497926,1.0087557719002593,0.5597699563976193,0.6337274146776712,0.2761218051889526,0.3846482558157889,0.8333705108186482,0.3881628361123629,0.5296350882675406,0.9834931965201874,0.51505397111526,0.6760575674529486,0.11756443141565898,office_4/seq_0008
office_4,seq_0008,15,spaced1.0,3,2.1,0.25,subset,1.0,4483,27894,0.11084792793537071,0.7320437208605908,0.42144582439798073,0.6308275708231095,0.39556893955689393,0.48623663605668926,0.8333705108186482,0.5402595540259554,0.6555424084492502,0.983270131608298,0.6710045171004517,0.7976652490614135,0.1393424617412316,office_4/seq_0008
office_4,seq_0008,15,random_n1.0,3,1.3499999999999999,1.0,fixed,1.0,16986,46599,0.2932499249900938,0.22598376430000636,0.2596168446450501,0.32485576356999885,0.40839932187385997,0.36186826708059794,0.5266101495349111,0.5952273653941071,0.5588202707186075,0.7998940303779584,0.8845039593124316,0.8400739507291032,0.11783705316639448,office_4/seq_0008
office_4,seq_0008,15,random_n1.0,3,1.3499999999999999,1.0,subset,1.0,16986,27367,0.29987396496449586,0.1900849542467192,0.24497945960560752,0.30795949605557515,0.4910293419081375,0.3785213046728408,0.5129518426939833,0.6619651404976797,0.5780089035653592,0.7954197574473095,0.921767091752841,0.85394522662047,0.11727283639419038,office_4/seq_0008
office_4,seq_0008,15,random_n1.0,3,1.3499999999999999,0.25,fixed,1.0,4246,46599,0.14116231188638279,1.0365512655606621,0.5888567887235224,0.5645313235986811,0.24039142470868474,0.3371963072430031,0.7442298634008478,0.3362303912101118,0.463196488817844,0.9682053697597739,0.4914697740294856,0.6519857193083375,0.10093868097037668,office_4/seq_0008
office_4,seq_0008,15,random_n1.0,3,1.3499999999999999,0.25,subset,1.0,4246,27367,0.14289802914583902,0.7676194474190221,0.4552587382824306,0.5574658502119642,0.34333321153213725,0.42494835707797146,0.7390485162505888,0.46482990462966345,0.5707085455926217,0.9686764013188883,0.6418679431432016,0.7721145107539121,0.11885638493847174,office_4/seq_0008
office_4,seq_0008,15,consec_n1.0,3,0.30000000000000004,1.0,fixed,1.0,13624,46599,0.2795756118619426,0.4018506841847298,0.3407131480233362,0.3178214914856136,0.29296766025022,0.30488890797473145,0.5083675866118614,0.4760187986866671,0.4916616716449831,0.8040223135642983,0.6945857207236207,0.7453081864869235,0.09344490934449093,office_4/seq_0008
office_4,seq_0008,15,consec_n1.0,3,0.30000000000000004,1.0,subset,1.0,13624,25520,0.30166227666842516,0.32438174803144687,0.313022012349936,0.28310334703464474,0.3615203761755486,0.3175422338068344,0.4703464474456841,0.5401645768025078,0.5028435784242569,0.7825161479741632,0.7737068965517241,0.7780865891690351,0.09362111630464669,office_4/seq_0008
office_4,seq_0008,15,consec_n1.0,3,0.30000000000000004,0.25,fixed,1.0,3406,46599,0.13942048813584063,1.1364221600527702,0.6379213240943054,0.5322959483264826,0.18307259812442328,0.27244363122951654,0.7137404580152672,0.2714650528981309,0.39333030326031587,0.9823840281855549,0.433035043670465,0.6011035445335198,0.08022329549018378,office_4/seq_0008
office_4,seq_0008,15,consec_n1.0,3,0.30000000000000004,0.25,subset,1.0,3406,25520,0.14439822944111155,0.7716675832157677,0.4580329063284396,0.5126247798003524,0.2629702194357367,0.3476171222482587,0.6981796829125073,0.38601097178683386,0.49715429055716653,0.9823840281855549,0.6011755485893417,0.7458958484816263,0.09711391590963904,office_4/seq_0008
office_4,seq_0006,16,all,16,2.25,1.0,fixed,0.0,53858,55803,0.27632690620178274,0.1282790925631165,0.2023029993824496,0.288313713840098,0.7124706556995144,0.41050813141958487,0.47632663671135206,0.8305288246151641,0.6054273229561575,0.8315570574473615,0.9383187283837786,0.8817178775697522,0.14899884163494953,office_4/seq_0006
office_4,seq_0006,16,all,16,2.25,1.0,subset,0.0,53858,55803,0.27632690620178274,0.1282790925631165,0.2023029993824496,0.288313713840098,0.7124706556995144,0.41050813141958487,0.47632663671135206,0.8305288246151641,0.6054273229561575,0.8315570574473615,0.9383187283837786,0.8817178775697522,0.14899884163494953,office_4/seq_0006
office_4,seq_0006,16,all,16,2.25,0.25,fixed,0.0,13464,55803,0.15713762243569135,0.2531507397940389,0.20514418111486513,0.5132947118241236,0.4591867820726484,0.48473549050887305,0.7164289958407606,0.6173682418507965,0.6632200113694113,0.9570707070707071,0.8240954787377023,0.8856193754557429,0.19011515921478628,office_4/seq_0006
office_4,seq_0006,16,all,16,2.25,0.25,subset,0.0,13464,55803,0.15713762243569135,0.2531507397940389,0.20514418111486513,0.5132947118241236,0.4591867820726484,0.48473549050887305,0.7164289958407606,0.6173682418507965,0.6632200113694113,0.9570707070707071,0.8240954787377023,0.8856193754557429,0.19011515921478628,office_4/seq_0006
office_4,seq_0006,16,spaced0.3,6,1.95,1.0,fixed,0.3,33574,55803,0.23677125355251022,0.1814819858731619,0.20912661971283605,0.3431822243402633,0.6110424170743508,0.439516832319386,0.5445880741049621,0.7517158575703815,0.6316041803859024,0.8796687913266218,0.8905076787986309,0.8850550515118297,0.16698720231735403,office_4/seq_0006
office_4,seq_0006,16,spaced0.3,6,1.95,1.0,subset,0.3,33574,44528,0.23976494518541186,0.16731552801299504,0.20354023659920345,0.3377911479120748,0.641596298957959,0.4425736740117877,0.539077857866206,0.7772188286022278,0.6366064209130233,0.8764520164412939,0.9038582464965864,0.8899441846858204,0.16253050769639707,office_4/seq_0006
office_4,seq_0006,16,spaced0.3,6,1.95,0.25,fixed,0.3,8393,55803,0.1371038060420948,0.31460611762192126,0.22585496183200804,0.583224115334207,0.38879630127412507,0.46656505353463723,0.7740974621708566,0.5517624500474885,0.6442881459298488,0.9640176337424043,0.7671809759331936,0.8544091763219377,0.17604631764879053,office_4/seq_0006
office_4,seq_0006,16,spaced0.3,6,1.95,0.25,subset,0.3,8393,44528,0.139863711529579,0.2852086280555227,0.21253616979255086,0.5791731204575241,0.4311669062163133,0.49432918803272297,0.7695698796616228,0.5971074380165289,0.6724570507983723,0.9594900512331705,0.7961282788357887,0.8702086894004146,0.18088174701277296,office_4/seq_0006
office_4,seq_0006,16,random_n0.3,6,1.35,1.0,fixed,0.3,32138,55803,0.22582694058400601,0.1712041862424043,0.19851556341320514,0.3630904225527413,0.612314750103041,0.4558631173645568,0.5740867508868007,0.7410533483862874,0.6469712378841063,0.8901922957246873,0.8893428668709568,0.8897673785680887,0.17371839023910263,office_4/seq_0006
office_4,seq_0006,16,random_n0.3,6,1.35,1.0,subset,0.3,32138,43945,0.23336311063816478,0.15871853037393183,0.19604082050604832,0.3496795071255212,0.6413698941859142,0.45259884762011077,0.5600535191984567,0.7660939811127546,0.6470677357658433,0.8795506876594685,0.90230970531346,0.8907848503957668,0.16714400562757512,office_4/seq_0006
office_4,seq_0006,16,random_n0.3,6,1.35,0.25,fixed,0.3,8034,55803,0.13392351609177214,0.321459256448832,0.22769138627030205,0.5784167289021658,0.37168252602906654,0.45255775074023696,0.7794373910878766,0.5483038546314715,0.6437527302179112,0.9726163803833707,0.7502822428901672,0.8471035840277573,0.16684787980626667,office_4/seq_0006
office_4,seq_0006,16,random_n0.3,6,1.35,0.25,subset,0.3,8034,43945,0.14270244738109733,0.29057580364719326,0.2166391255141453,0.5612397311426438,0.40803276823301854,0.4725280069082669,0.7638785163057008,0.5898964614859483,0.6657077301117315,0.957679860592482,0.7830242348390033,0.8615899072441371,0.17031413612565446,office_4/seq_0006
office_4,seq_0006,16,consec_n0.3,6,0.7499999999999998,1.0,fixed,0.3,30622,55803,0.24242767546936086,0.17759450813070954,0.2100110918000352,0.3300894781529619,0.5623174381305664,0.41598751941957607,0.5286721964600614,0.7251043850689031,0.6115005393540176,0.869081052837829,0.8923176173324014,0.8805460654311027,0.15729351937673788,office_4/seq_0006
office_4,seq_0006,16,consec_n0.3,6,0.7499999999999998,1.0,subset,0.3,30622,41406,0.2552529565725137,0.16433944891100272,0.2097962027417582,0.31532884854026516,0.5992609766700479,0.41322190240860796,0.5101887531839854,0.7556151282422837,0.6091091136969989,0.8467441708575534,0.901294498381877,0.873168169744082,0.14968343711732368,office_4/seq_0006
office_4,seq_0006,16,consec_n0.3,6,0.7499999999999998,0.25,fixed,0.3,7655,55803,0.13606778086356913,0.35866248942707996,0.24736513514532454,0.5626387981711299,0.3384764259986022,0.4226761781959242,0.7781841933376877,0.48450800136193395,0.5971945812101642,0.9721750489875898,0.7031163199111159,0.8160397115910802,0.16213106553276638,office_4/seq_0006
office_4,seq_0006,16,consec_n0.3,6,0.7499999999999998,0.25,subset,0.3,7655,41406,0.14707772354055534,0.3258609872502817,0.23646935539541852,0.5467015022860875,0.38863932763367626,0.45431504210719,0.7572828216851731,0.5348983239144085,0.6269543762157556,0.9557152188112344,0.7357870839974883,0.8314536880186071,0.17081673306772907,office_4/seq_0006
office_4,seq_0006,16,spaced0.5,4,1.7999999999999996,1.0,fixed,0.5,28464,55803,0.24042023148654965,0.1736667099379258,0.20704347071223772,0.36105255761663857,0.5877999390713761,0.4473333254840038,0.5506604834176504,0.7682561869433543,0.6415087970266301,0.8741216975829117,0.9129616687274877,0.8931196146084968,0.16969004807309235,office_4/seq_0006
office_4,seq_0006,16,spaced0.5,4,1.7999999999999996,1.0,subset,0.5,28464,39379,0.24488048973710375,0.147430300230747,0.19615539498392537,0.35125070264193364,0.6427791462454607,0.45426528592679455,0.5428260258572232,0.8176947103786282,0.6524942372100061,0.8688870151770658,0.9348891541176769,0.9006805394932409,0.1649212501030758,office_4/seq_0006
office_4,seq_0006,16,spaced0.5,4,1.7999999999999996,0.25,fixed,0.5,7116,55803,0.13141537918095364,0.30813078325250537,0.2197730812167295,0.6108768971332209,0.36352884253534756,0.45580883261619354,0.7795109612141653,0.5450782216009892,0.6415490236060437,0.9686621697582912,0.7545114061967995,0.8482797856610342,0.1703543246170509,office_4/seq_0006
office_4,seq_0006,16,spaced0.5,4,1.7999999999999996,0.25,subset,0.5,7116,39379,0.13524501162838165,0.26008269827261804,0.19766385495049985,0.6030073074761102,0.4323624266741156,0.5036224146083974,0.7717818999437887,0.6236318850148557,0.6898424055579415,0.9644463181562676,0.8077147718327027,0.8791498043999243,0.18010435953543175,office_4/seq_0006
office_4,seq_0006,16,random_n0.5,4,1.1999999999999997,1.0,fixed,0.5,25569,55803,0.24822687459959925,0.19925863419381984,0.22374275439670954,0.34760843208572884,0.525993226170636,0.4185882178882799,0.5329109468497009,0.6972922602727452,0.6041191837275558,0.8482928546286519,0.870401232908625,0.859204848483941,0.1580028707325997,office_4/seq_0006
office_4,seq_0006,16,random_n0.5,4,1.1999999999999997,1.0,subset,0.5,25569,34636,0.2575877670424978,0.15874539933265683,0.2081665831875773,0.3359145840666432,0.6079223928860146,0.4327230289502571,0.5210215495326371,0.7719424875851715,0.6221343509727613,0.834447964331808,0.9142799399468761,0.8725417291637118,0.1520611602458402,office_4/seq_0006
office_4,seq_0006,16,random_n0.5,4,1.1999999999999997,0.25,fixed,0.5,6392,55803,0.12240714836333678,0.36875358000390057,0.24558036418361867,0.6281289111389237,0.32666702507033674,0.42980702992320086,0.810857321652065,0.483163987599233,0.6055187099354989,0.9694931163954944,0.7031163199111159,0.8150933713304737,0.16442277112265452,office_4/seq_0006
office_4,seq_0006,16,random_n0.5,4,1.1999999999999997,0.25,subset,0.5,6392,34636,0.12713614072015544,0.2976627034651564,0.21239942209265592,0.615613266583229,0.42435616121954034,0.5023980044394627,0.7999061326658323,0.5912634253377989,0.6799390300452179,0.9652690863579474,0.7754070908880933,0.8599836132200117,0.1795343137254902,office_4/seq_0006
office_4,seq_0006,16,consec_n0.5,4,0.45000000000000034,1.0,fixed,0.5,22859,55803,0.22280110346170307,0.19834880595822976,0.2105749547099664,0.36379544162036836,0.5018547389925273,0.42181581079737457,0.5647666127127171,0.6824901886995323,0.618072672195592,0.8908963646703705,0.8688959374944,0.879758629513695,0.16156426607029525,office_4/seq_0006
office_4,seq_0006,16,consec_n0.5,4,0.45000000000000034,1.0,subset,0.5,22859,35756,0.24065399239115146,0.17708082054872895,0.2088674064699402,0.3401723609956691,0.5544803669314241,0.42165834777441896,0.5389124633623518,0.7313178207853227,0.6205430514745718,0.8607550636510783,0.8854457993064101,0.8729258718275226,0.15714285714285714,office_4/seq_0006
office_4,seq_0006,16,consec_n0.5,4,0.45000000000000034,0.25,fixed,0.5,5714,55803,0.12322041477034766,0.47323247323106943,0.2982264440007085,0.6134056702835142,0.29163306632259917,0.39531871794854645,0.8011900595029752,0.4203537444223429,0.5514059183531749,0.9816240812040602,0.6027991326631185,0.7469243565382926,0.14944390454594536,office_4/seq_0006
office_4,seq_0006,16,consec_n0.5,4,0.45000000000000034,0.25,subset,0.5,5714,35756,0.1359616649831385,0.3949712595180835,0.265466462250611,0.5869793489674484,0.3681619867994183,0.45250577110157014,0.776338816940847,0.5029365700861393,0.610422409086378,0.9630731536576829,0.6773128985345117,0.7953028719464288,0.1651861651861652,office_4/seq_0006
office_4,seq_0006,16,spaced1.0,3,2.1000000000000005,1.0,fixed,1.0,23290,55803,0.2269071031787175,0.19765570970962695,0.21228140644417223,0.38385573207385143,0.5417092271024855,0.4493216599851179,0.5667668527264921,0.712094331845958,0.6311732159415517,0.8835981107771576,0.8752038420873429,0.8793809446865719,0.16714714714714715,office_4/seq_0006
office_4,seq_0006,16,spaced1.0,3,2.1000000000000005,1.0,subset,1.0,23290,34999,0.23072005702125237,0.15934635606965059,0.19503320654545148,0.37372262773722625,0.616360467441927,0.4653101434563149,0.5608415629025333,0.7810794594131261,0.6528876401569308,0.8799484757406613,0.914626132175205,0.8969522552365014,0.16319224432898238,office_4/seq_0006
office_4,seq_0006,16,spaced1.0,3,2.1000000000000005,0.25,fixed,1.0,5822,55803,0.1146702218738472,0.3846613583966377,0.24966579013524243,0.6551013397457919,0.34413920398544884,0.45123480027758894,0.8151837856406733,0.5088973711090802,0.626615496140152,0.9817931982136723,0.7137609089117073,0.8265918528644204,0.165151102640893,office_4/seq_0006
office_4,seq_0006,16,spaced1.0,3,2.1000000000000005,0.25,subset,1.0,5822,34999,0.11716522518522998,0.29493938907393,0.20605230712958,0.6489178976296806,0.4373839252550073,0.5225550602129941,0.8102026794915836,0.6196462756078746,0.7022267226814306,0.979560288560632,0.7971370610588874,0.8789834799049324,0.18036305654360357,office_4/seq_0006
office_4,seq_0006,16,random_n1.0,3,1.5000000000000004,1.0,fixed,1.0,21883,55803,0.23817891722607862,0.2051331862435992,0.2216560517348389,0.3810263674998858,0.501926419726538,0.43319915453550173,0.571128273088699,0.6926867731125567,0.6260615454900332,0.8633185577845817,0.873806067774134,0.868530654755471,0.15792890262751158,office_4/seq_0006
office_4,seq_0006,16,random_n1.0,3,1.5000000000000004,1.0,subset,1.0,21883,32902,0.24698279391279052,0.17046634491477253,0.20872456941378154,0.3648494264954531,0.578293112880676,0.44741892507648057,0.5580130695060093,0.7539055376572853,0.6413342121815897,0.8524882328748343,0.9055984438635949,0.8782411326109344,0.15285095031677226,office_4/seq_0006
office_4,seq_0006,16,random_n1.0,3,1.5000000000000004,0.25,fixed,1.0,5470,55803,0.11421687823964115,0.4368792000828321,0.2755480391612366,0.6548446069469835,0.3082629966130853,0.4191937850084784,0.8310786106032907,0.45934806372417253,0.5916715117225201,0.9784277879341865,0.6403060767342258,0.7740534400795023,0.15295277747343047,office_4/seq_0006
office_4,seq_0006,16,random_n1.0,3,1.5000000000000004,0.25,subset,1.0,5470,32902,0.1193658823756669,0.3395387334757376,0.22945230792570226,0.6409506398537477,0.4110692359127105,0.5008937489712082,0.819744058500914,0.5780803598565437,0.6780221236731749,0.9723948811700183,0.7337851802322047,0.8364052180398847,0.17281239909589927,office_4/seq_0006
office_4,seq_0006,16,consec_n1.0,3,0.29999999999999993,1.0,fixed,1.0,18698,55803,0.21845432159856837,0.2311188328822276,0.22478657724039797,0.37613648518558135,0.4449760765550239,0.40767062940135773,0.5731629051235426,0.6259699299320826,0.5984036681694396,0.8968873676329019,0.8440944035266921,0.8696904472566366,0.15377364842119437,office_4/seq_0006
office_4,seq_0006,16,consec_n1.0,3,0.29999999999999993,1.0,subset,1.0,18698,32334,0.23964106044986724,0.20139083143285835,0.2205159459413628,0.3468820194673227,0.5074225273705697,0.4120679251187825,0.5417156915178094,0.6791612544071256,0.6027017052149002,0.8620173280564767,0.8739098162924476,0.8679228356502068,0.15066562836058886,office_4/seq_0006
office_4,seq_0006,16,consec_n1.0,3,0.29999999999999993,0.25,fixed,1.0,4674,55803,0.11440563630087025,0.5808396808258259,0.34762265856334806,0.6427043217800599,0.26319373510384747,0.3734542749733631,0.823063756953359,0.3770585810798703,0.5171860276239736,0.9873769790329482,0.5507589197713385,0.7070983504149635,0.1358537132600404,office_4/seq_0006
office_4,seq_0006,16,consec_n1.0,3,0.29999999999999993,0.25,subset,1.0,4674,32334,0.12770692150921856,0.4532045862787429,0.2904557538939807,0.6131792896876337,0.3560338962083256,0.4504945140215554,0.7941805733846812,0.4865157419434651,0.6033926173955363,0.9715447154471545,0.6621512958495701,0.7875511574500531,0.15514196440700992,office_4/seq_0006
office_4,seq_0005,21,all,21,3.0,1.0,fixed,0.0,53889,57334,0.2870678751974809,0.10696828448253083,0.19701807984000586,0.3040138061571007,0.7796246555272613,0.4374460067287618,0.5059474104177105,0.8741409983604842,0.6409290472223941,0.8295941657852252,0.9613492866362019,0.8906252828886241,0.15401416374346416,office_4/seq_0005
office_4,seq_0005,21,all,21,3.0,1.0,subset,0.0,53889,57334,0.2870678751974809,0.10696828448253083,0.19701807984000586,0.3040138061571007,0.7796246555272613,0.4374460067287618,0.5059474104177105,0.8741409983604842,0.6409290472223941,0.8295941657852252,0.9613492866362019,0.8906252828886241,0.15401416374346416,office_4/seq_0005
office_4,seq_0005,21,all,21,3.0,0.25,fixed,0.0,13472,57334,0.11873567805909424,0.3351849856881152,0.22696033187360473,0.5973871733966746,0.4576167718980012,0.5182433508088936,0.8262321852731591,0.5920919524191579,0.6898358629444091,0.9916864608076009,0.7554679596748874,0.8576086216542158,0.20020462451401677,office_4/seq_0005
office_4,seq_0005,21,all,21,3.0,0.25,subset,0.0,13472,57334,0.11873567805909424,0.3351849856881152,0.22696033187360473,0.5973871733966746,0.4576167718980012,0.5182433508088936,0.8262321852731591,0.5920919524191579,0.6898358629444091,0.9916864608076009,0.7554679596748874,0.8576086216542158,0.20020462451401677,office_4/seq_0005
office_4,seq_0005,21,spaced0.3,8,2.85,1.0,fixed,0.3,36012,57334,0.2373068792341806,0.12417534416212819,0.18074111169815438,0.35685327113184495,0.6899396518645132,0.4704029158826753,0.5785571476174608,0.8424320647434332,0.6859940782093189,0.8799844496279018,0.9492796595388425,0.9133195524431567,0.17017868423427487,office_4/seq_0005
office_4,seq_0005,21,spaced0.3,8,2.85,1.0,subset,0.3,36012,45678,0.23896903688595383,0.11486224579330491,0.17691564133962936,0.35216039098078417,0.7196243268094049,0.47289941735872626,0.5746417860713096,0.8633039975480538,0.6899989648077505,0.8788737087637454,0.9548141337186392,0.9152714212745342,0.1656488199100009,office_4/seq_0005
office_4,seq_0005,21,spaced0.3,8,2.85,0.25,fixed,0.3,9003,57334,0.1054520122622917,0.4995999723420828,0.30252599230218724,0.6351216261246251,0.37180381623469494,0.4690330275358247,0.8537154281906031,0.4975581679282799,0.6287003395946656,0.997223147839609,0.68165486447832,0.8097813000204162,0.18079042371271137,office_4/seq_0005
office_4,seq_0005,21,spaced0.3,8,2.85,0.25,subset,0.3,9003,45678,0.1059795353758819,0.42695004551026744,0.2664647904430747,0.6332333666555593,0.4296597924602653,0.5119515815163779,0.8519382428079529,0.5621524585139455,0.6773528420048948,0.9971120737531933,0.7367879504356583,0.8474077523805917,0.18513715710723191,office_4/seq_0005
office_4,seq_0005,21,random_n0.3,8,3.0,1.0,fixed,0.3,35198,57334,0.24481362033523993,0.13494744967174235,0.18988053500349114,0.37013466674242856,0.6697247706422018,0.4767728134761547,0.5683561565998068,0.8040778595597725,0.6659738777754889,0.870191488152736,0.9498552342414623,0.9082799135254535,0.1758487263346999,office_4/seq_0005
office_4,seq_0005,21,random_n0.3,8,3.0,1.0,subset,0.3,35198,45745,0.24627753598845611,0.123506171423909,0.18489185370618255,0.36433888289107336,0.7076183189419609,0.4810133602269126,0.5650321040968237,0.8283528254454039,0.6718113996679064,0.8692823455878175,0.9567384413597114,0.9109160666341318,0.1727146259225201,office_4/seq_0005
office_4,seq_0005,21,random_n0.3,8,3.0,0.25,fixed,0.3,8799,57334,0.10027553666816773,0.4725870384891957,0.2864312875786817,0.6454142516195022,0.4130707782467646,0.5037421591908664,0.874758495283555,0.5344995988418739,0.6635520729121561,0.9976133651551312,0.7062476017720725,0.8270182371830578,0.1954034134988363,office_4/seq_0005
office_4,seq_0005,21,random_n0.3,8,3.0,0.25,subset,0.3,8799,45745,0.10056663718228298,0.3961203163084581,0.24834347674537055,0.6413228775997273,0.4699967209531096,0.5424535838953864,0.8738493010569383,0.5975953656137283,0.7097899151559475,0.9974997158768042,0.761875614821292,0.8639097025603494,0.20424170493833532,office_4/seq_0005
office_4,seq_0005,21,consec_n0.3,8,1.05,1.0,fixed,0.3,30827,57334,0.2392054527763596,0.15538950275636296,0.19729747776636128,0.3539754111655367,0.5963651585446681,0.44425884557369033,0.5731663801213223,0.778857222590435,0.6603653575398111,0.8808836409640899,0.920047441308822,0.9000397049474591,0.15538065538065537,office_4/seq_0005
office_4,seq_0005,21,consec_n0.3,8,1.05,1.0,subset,0.3,30827,42088,0.24788723831980655,0.1425575283482512,0.19522238333402886,0.339280500859636,0.6294905911423684,0.440917126475878,0.5562007331235606,0.8044098080212887,0.6576655279721109,0.8713465468582736,0.9323797757080403,0.9008305614432522,0.14664750712067948,office_4/seq_0005
office_4,seq_0005,21,consec_n0.3,8,1.05,0.25,fixed,0.3,7706,57334,0.10822216329082052,0.6196911079276213,0.36395663560922087,0.6282117830262134,0.33037987930372903,0.4330280372957044,0.845185569685959,0.44641922768339903,0.584245413205076,0.9988320788995588,0.5899640701852304,0.7417881004288753,0.15314212999216914,office_4/seq_0005
office_4,seq_0005,21,consec_n0.3,8,1.05,0.25,subset,0.3,7706,42088,0.11334082344659446,0.5262525602409324,0.3197966918437634,0.6119906566311965,0.3803221820946588,0.46911339422027204,0.825979756034259,0.5048469872647786,0.6266681872380947,0.9975343887879574,0.6507555597795096,0.7876660901065339,0.15648629806403175,office_4/seq_0005
office_4,seq_0005,21,spaced0.5,6,3.0,1.0,fixed,0.5,30662,57334,0.2289264882306685,0.13405839533606764,0.18149244178336807,0.38578696758202335,0.6496843059964419,0.48410756472232713,0.605146435327115,0.8117696305856908,0.6933925164286614,0.8857543539234232,0.9536749572679387,0.918460677437723,0.17538407115423488,office_4/seq_0005
office_4,seq_0005,21,spaced0.5,6,3.0,1.0,subset,0.5,30662,41913,0.23079558548137802,0.11977417052520027,0.17528487800328915,0.3776661665905681,0.6992341278362322,0.49043922445906446,0.6014937055638901,0.8423639443609381,0.7018373457431271,0.8843845802622138,0.9618018275952568,0.9214700118829274,0.17228503538136147,office_4/seq_0005
office_4,seq_0005,21,spaced0.5,6,3.0,0.25,fixed,0.5,7665,57334,0.09657474746721698,0.51509552438141,0.3058351359243135,0.663013698630137,0.3682282764153905,0.47348808018717464,0.8755381604696674,0.47816304461576026,0.6185264383524555,0.9993476842791911,0.6682073464262044,0.8008988632739698,0.18297957951916305,office_4/seq_0005
office_4,seq_0005,21,spaced0.5,6,3.0,0.25,subset,0.5,7665,41913,0.09686281115837961,0.4146188751578883,0.25574084315813395,0.6602739726027397,0.45582516164435855,0.5393239382704754,0.8747553816046967,0.5713740366950588,0.6912417480530092,0.9993476842791911,0.7459738028773889,0.8542691967346181,0.1948491296993507,office_4/seq_0005
office_4,seq_0005,21,random_n0.5,6,2.1,1.0,fixed,0.5,27884,57334,0.24810845318854022,0.14227824219741828,0.19519334769297925,0.38333811504805626,0.6151149405239474,0.47232466368338477,0.5909840768899728,0.7981128126417135,0.6791059247021137,0.856835461196385,0.9401751142428576,0.896572773280131,0.16974219084296105,office_4/seq_0005
office_4,seq_0005,21,random_n0.5,6,2.1,1.0,subset,0.5,27884,39578,0.2527583780775459,0.130661737789012,0.19171005793327894,0.37089370248170994,0.6575622820759007,0.47427544410927913,0.5817673217615837,0.8235635959371368,0.6818641523852149,0.8523884665040884,0.946889686189297,0.8971573920921977,0.16279264681231492,office_4/seq_0005
office_4,seq_0005,21,random_n0.5,6,2.1,0.25,fixed,0.5,6971,57334,0.09334383825305852,0.598558552979753,0.34595119561640575,0.6889972744226079,0.3282868803851118,0.44469141634629206,0.8991536364940468,0.4324310182439739,0.5839988035359126,0.9979916798163821,0.572661945791328,0.7277376092721636,0.16655593601471866,office_4/seq_0005
office_4,seq_0005,21,random_n0.5,6,2.1,0.25,subset,0.5,6971,39578,0.09498799914500673,0.4838317651376055,0.28940988214130614,0.6806770908047626,0.41651927838698266,0.5167992505943182,0.8945631903600632,0.5313305371671131,0.6666818589464338,0.9974178740496342,0.6655970488655314,0.7984034109440578,0.17525539160045403,office_4/seq_0005
office_4,seq_0005,21,consec_n0.5,6,0.7499999999999997,1.0,fixed,0.5,25833,57334,0.22908412706064127,0.1896743738815591,0.20937925047110018,0.38791468277010027,0.5656329577563052,0.4602126208423555,0.6106143305074904,0.7385321100917431,0.6685090311792357,0.8849146440599234,0.8726758991174521,0.878752660162964,0.1616786490553419,office_4/seq_0005
office_4,seq_0005,21,consec_n0.5,6,0.7499999999999997,1.0,subset,0.5,25833,38092,0.23992892977063093,0.1634523232214786,0.20169062649605476,0.3685983044942515,0.6172949700724562,0.46157912871763207,0.5892850230325553,0.7812139031817704,0.6718103080918851,0.8734177215189873,0.9022104378872204,0.8875806354114402,0.15307776173497953,office_4/seq_0005
office_4,seq_0005,21,consec_n0.5,6,0.7499999999999997,0.25,fixed,0.5,6458,57334,0.09675382228879195,0.5872153356249579,0.3419845789568749,0.6621244967482193,0.307653399379077,0.42010619761539975,0.8885103747290183,0.4170300345344822,0.5676354552158517,0.9995354598947043,0.5757665608539435,0.7306523912432208,0.14861525790178112,office_4/seq_0005
office_4,seq_0005,21,consec_n0.5,6,0.7499999999999997,0.25,subset,0.5,6458,38092,0.10298547541288323,0.47183149180924777,0.2874084836110655,0.641065345308145,0.37832090727711853,0.47583224208845437,0.8648188293589346,0.5004725401659141,0.6340303410300007,0.9984515329823475,0.6603748818649585,0.7949623990064053,0.1564621868414891,office_4/seq_0005
office_4,seq_0005,21,spaced1.0,3,2.1,1.0,fixed,1.0,20582,57334,0.2323209261148274,0.199601056132086,0.2159609911234567,0.4016616460985327,0.5241043708794084,0.45478581082950925,0.6023710037897192,0.6895210520807897,0.6430064901919025,0.894519483043436,0.8820943942512296,0.8882634900304253,0.16497745947501358,office_4/seq_0005
office_4,seq_0005,21,spaced1.0,3,2.1,1.0,subset,1.0,20582,33145,0.2399086609222219,0.15651189533564888,0.19821027812893538,0.38538528811582934,0.6165635842510182,0.4743047097742694,0.5893499174035565,0.7615024890632072,0.6644566451280123,0.8871829754154116,0.9243023080404285,0.9053623336826077,0.16372380384034824,office_4/seq_0005
office_4,seq_0005,21,spaced1.0,3,2.1,0.25,fixed,1.0,5145,57334,0.10319019433894534,0.7225302322345577,0.41286021328675154,0.6347910592808552,0.29699654655178426,0.4046646493433298,0.8406219630709426,0.41647190148951757,0.5569917048579607,1.0,0.6168242229741515,0.763007152180714,0.14354171204530602,office_4/seq_0005
office_4,seq_0005,21,spaced1.0,3,2.1,0.25,subset,1.0,5145,33145,0.10457652942021955,0.4719435697188211,0.28826004956952034,0.6270165208940719,0.4146930155377885,0.49921664868733523,0.8353741496598639,0.5600844772967265,0.670575372026414,1.0,0.7664202745512143,0.8677666188426589,0.16924092409240923,office_4/seq_0005
office_4,seq_0005,21,random_n1.0,3,2.4,1.0,fixed,1.0,21251,57334,0.2195766475802087,0.1526588618817306,0.18611775473096964,0.42016846266058067,0.5721910210346391,0.48453534350491617,0.6433109030163287,0.7658283043220427,0.6992434749430331,0.8945461390052233,0.9343496005860397,0.9140147353310694,0.1834534668622823,office_4/seq_0005
office_4,seq_0005,21,random_n1.0,3,2.4,1.0,subset,1.0,21251,33109,0.2253203336309281,0.12367874609931687,0.17449953986512248,0.4044515552209308,0.6623576670995802,0.5022296076297843,0.633899581196179,0.8333081639433386,0.7200530366349848,0.8896993082678463,0.9545742849376303,0.9209957612885066,0.17841455762392805,office_4/seq_0005
office_4,seq_0005,21,random_n1.0,3,2.4,0.25,fixed,1.0,5312,57334,0.09036253774139796,0.7881004535647647,0.4392314956530813,0.6842996987951807,0.3101649980814177,0.42685439801038844,0.8894954819277109,0.4215299822095092,0.5719934889581707,0.9996234939759037,0.590644294833781,0.7425440141004286,0.1556562568246342,office_4/seq_0005
office_4,seq_0005,21,random_n1.0,3,2.4,0.25,subset,1.0,5312,33109,0.09203046106186186,0.5080429291272682,0.30003669509456504,0.6765813253012049,0.4412999486544444,0.5341807060770629,0.8844126506024096,0.5809296565888429,0.7012443916699508,0.9996234939759037,0.7494638919931137,0.856654413419006,0.18053261085045927,office_4/seq_0005
office_4,seq_0005,21,consec_n1.0,3,0.29999999999999993,1.0,fixed,1.0,17642,57334,0.23109320416429127,0.21436943241766526,0.22273131829097825,0.41627933340891055,0.48740712317298635,0.4490440480886367,0.6263462192495182,0.6741549516866083,0.649371818517167,0.8764879265389411,0.854920291624516,0.8655697782893359,0.15403431406325363,office_4/seq_0005
office_4,seq_0005,21,consec_n1.0,3,0.29999999999999993,1.0,subset,1.0,17642,29518,0.24578144809550403,0.17371939949350287,0.20975042379450345,0.38674753429316405,0.5789687648214649,0.4637277892746471,0.597211200544156,0.7469340741242632,0.6637339036811025,0.8618637342704909,0.8968426045125009,0.8790053224154469,0.15427919061491221,office_4/seq_0005
office_4,seq_0005,21,consec_n1.0,3,0.29999999999999993,0.25,fixed,1.0,4410,57334,0.08935124132938944,0.8492800288723719,0.46931563510088065,0.7009070294784581,0.26586318763735306,0.3855008642084563,0.9072562358276643,0.3670596853524959,0.5226603276659697,0.9984126984126984,0.488575714235881,0.65609145717592,0.1285292643537339,office_4/seq_0005
office_4,seq_0005,21,consec_n1.0,3,0.29999999999999993,0.25,subset,1.0,4410,29518,0.09740943444074109,0.5731196199392622,0.33526452719000166,0.6718820861678004,0.3953181109831289,0.49776444535213127,0.8773242630385487,0.5215122975811369,0.6541656188028468,0.9972789115646259,0.6524493529371909,0.78882564425813,0.1550721516261038,office_4/seq_0005
frl_apartment_5,seq_0014,44,all,44,6.45008359544213,1.0,fixed,0.0,132375,85801,0.5362381392474458,0.24553977038372038,0.39088895481558306,0.1790972615675165,0.6704001118868078,0.2826773288427117,0.3218734655335222,0.7681029358632184,0.45364643406215704,0.593420207743154,0.8406661927017167,0.6957297782908256,0.09190370482716781,frl_apartment_5/seq_0014
frl_apartment_5,seq_0014,44,all,44,6.45008359544213,1.0,subset,0.0,132375,85801,0.5362381392474458,0.24553977038372038,0.39088895481558306,0.1790972615675165,0.6704001118868078,0.2826773288427117,0.3218734655335222,0.7681029358632184,0.45364643406215704,0.593420207743154,0.8406661927017167,0.6957297782908256,0.09190370482716781,frl_apartment_5/seq_0014
frl_apartment_5,seq_0014,44,all,44,6.45008359544213,0.25,fixed,0.0,33093,85801,0.3654865726293734,0.68408284169991,0.5247847071646417,0.33505575197171605,0.40072959522616286,0.364961755156329,0.5305049406218838,0.507057027307374,0.5185160336986211,0.7768410237814644,0.6504119998601415,0.7080268396446269,0.1350899767616048,frl_apartment_5/seq_0014
frl_apartment_5,seq_0014,44,all,44,6.45008359544213,0.25,subset,0.0,33093,85801,0.3654865726293734,0.68408284169991,0.5247847071646417,0.33505575197171605,0.40072959522616286,0.364961755156329,0.5305049406218838,0.507057027307374,0.5185160336986211,0.7768410237814644,0.6504119998601415,0.7080268396446269,0.1350899767616048,frl_apartment_5/seq_0014
frl_apartment_5,seq_0014,44,spaced0.3,18,6.300070529436098,1.0,fixed,0.3,90662,85801,0.5039101985269663,0.29241362503764207,0.3981619117823042,0.20992256954402064,0.5953660213750422,0.31039993968773516,0.36343782400564734,0.7185580587638839,0.48272120339388414,0.6314883854316031,0.8141396953415462,0.7112752838227233,0.10357352301318552,frl_apartment_5/seq_0014
frl_apartment_5,seq_0014,44,spaced0.3,18,6.300070529436098,1.0,subset,0.3,90662,68742,0.5050970400231785,0.24331193057832928,0.3742044853007539,0.2057201473605259,0.6465334147973583,0.31212529996085076,0.361198738170347,0.7674929446335573,0.49121914758442997,0.6306059870728641,0.8534374909080329,0.7252924854887254,0.10022501859059171,frl_apartment_5/seq_0014
frl_apartment_5,seq_0014,44,spaced0.3,18,6.300070529436098,0.25,fixed,0.3,22665,85801,0.38489046300316954,0.7075069263548068,0.5461986946789882,0.3609088903595853,0.3493315928718779,0.35502588356357645,0.541672181778072,0.48415519632638315,0.5113012327627674,0.756849768365321,0.6327082434936656,0.6892336749444118,0.12780648300470354,frl_apartment_5/seq_0014
frl_apartment_5,seq_0014,44,spaced0.3,18,6.300070529436098,0.25,subset,0.3,22665,68742,0.3857806395066868,0.5841473150344854,0.48496397727058604,0.35579086697551293,0.4010648511826831,0.37707374785498043,0.5389366865210677,0.5462599284280353,0.542573597725512,0.7562761967791749,0.6974047889208926,0.7256484009477148,0.1305910444821899,frl_apartment_5/seq_0014
frl_apartment_5,seq_0014,44,random_n0.3,18,6.0000086301566755,1.0,fixed,0.3,88807,85801,0.5009472822186016,0.2788594176143858,0.3899033499164937,0.20699944824169267,0.5757275556228948,0.3045130313968191,0.35704392671748847,0.7172876772997984,0.4767675230469453,0.6271014672266826,0.8276360415379774,0.713546977171003,0.10065473508632342,frl_apartment_5/seq_0014
frl_apartment_5,seq_0014,44,random_n0.3,18,6.0000086301566755,1.0,subset,0.3,88807,68103,0.5026521485710913,0.22809300956819187,0.3653725790696416,0.2027768081344939,0.6267124796264482,0.3064120492254755,0.35408244845563974,0.7672202399306932,0.4845421738002397,0.6260204713592397,0.8700497775428395,0.7281328831224151,0.09689903444753308,frl_apartment_5/seq_0014
frl_apartment_5,seq_0014,44,random_n0.3,18,6.0000086301566755,0.25,fixed,0.3,22201,85801,0.39177140324794696,0.7114860024435008,0.5516287028457239,0.3596684834016486,0.32763021410006876,0.3429026205062311,0.5346606008738345,0.4583746110185196,0.4935874217097514,0.7513175082203505,0.6352023869185673,0.6883978747487955,0.12560995540613107,frl_apartment_5/seq_0014
frl_apartment_5,seq_0014,44,random_n0.3,18,6.0000086301566755,0.25,subset,0.3,22201,68103,0.3927558253498876,0.5827445577066257,0.48775019152825666,0.3563353002117022,0.3793812313701305,0.3674973149897857,0.5322282780054952,0.5209021629003128,0.5265043158971181,0.7511823791721094,0.7013787938857319,0.7254267852731168,0.12921897316394798,frl_apartment_5/seq_0014
frl_apartment_5,seq_0014,44,consec_n0.3,18,2.5500000000000003,1.0,fixed,0.3,79685,85801,0.5291167726553712,0.3949245952588012,0.4620206839570862,0.1891447574825877,0.45859605365904826,0.2678263832069878,0.3259082637886679,0.5684432582370835,0.41428979722603304,0.5922695613980047,0.7239542662672929,0.6515245610085966,0.08977399265888564,frl_apartment_5/seq_0014
frl_apartment_5,seq_0014,44,consec_n0.3,18,2.5500000000000003,1.0,subset,0.3,79685,61566,0.5472611361038549,0.32926349182908554,0.4382623139664702,0.1763318064880467,0.5042231101582042,0.2612884565594368,0.31427495764573005,0.6131306240457395,0.41554979764480154,0.5827571061052895,0.7714322840528863,0.6639509195362153,0.08334691482773232,frl_apartment_5/seq_0014
frl_apartment_5,seq_0014,44,consec_n0.3,18,2.5500000000000003,0.25,fixed,0.3,19921,85801,0.4440511673367059,0.7117443192980887,0.5778977433173973,0.3184579087395211,0.2601135184904605,0.28634392655696733,0.4783896390743437,0.36711693336907497,0.41543127629386817,0.7091009487475528,0.5573011969557464,0.6241031868751311,0.10267921448120229,frl_apartment_5/seq_0014
frl_apartment_5,seq_0014,44,consec_n0.3,18,2.5500000000000003,0.25,subset,0.3,19921,61566,0.4486130336285728,0.5802533940851449,0.5144332138568588,0.30048692334722155,0.3099113146866777,0.3051263639313474,0.46498669745494703,0.4216775492966897,0.4422744048983532,0.7075950002509914,0.623022447454764,0.6626210555456559,0.10734087380793968,frl_apartment_5/seq_0014
frl_apartment_5,seq_0014,44,spaced0.5,11,6.000089865009663,1.0,fixed,0.5,69589,85801,0.4872395846943322,0.3210227056548025,0.4041311451745674,0.22239146991622238,0.5145161478304449,0.31055182401705467,0.378738018939775,0.6741996014032471,0.48501452787348676,0.645820460130193,0.7942331674456009,0.7123790667627504,0.10439915898431182,frl_apartment_5/seq_0014
frl_apartment_5,seq_0014,44,spaced0.5,11,6.000089865009663,1.0,subset,0.5,69589,59020,0.49005242411822525,0.2382783343806831,0.3641653792494542,0.2156231588325741,0.5956455438834294,0.3166274584159627,0.37449884320797827,0.7529989833954591,0.5002178125130292,0.6436218367845493,0.8610132158590308,0.7366130498067465,0.10100716285496128,frl_apartment_5/seq_0014
frl_apartment_5,seq_0014,44,spaced0.5,11,6.000089865009663,0.25,fixed,0.5,17397,85801,0.4159661182835688,0.8264162176884423,0.6211911679860056,0.3738000804736449,0.2988193610797077,0.33213045689170095,0.5426222911996321,0.42490180767123925,0.4766004127080759,0.7331723860435707,0.59809326231629,0.6587798081461246,0.11888129913648667,frl_apartment_5/seq_0014
frl_apartment_5,seq_0014,44,spaced0.5,11,6.000089865009663,0.25,subset,0.5,17397,59020,0.4175242866417473,0.5939992847037859,0.5057617856727666,0.36759211358280164,0.3823957980345645,0.3748478540716066,0.538311203080991,0.5314130803117587,0.5348399004055685,0.732712536644249,0.7107590647238224,0.721568857694335,0.1281011032630903,frl_apartment_5/seq_0014
frl_apartment_5,seq_0014,44,random_n0.5,11,6.3,1.0,fixed,0.5,65650,85801,0.4678363553663539,0.34921101988573316,0.4085236876260435,0.2246001523229246,0.4944114870456055,0.30888205202956526,0.3838994668697639,0.6431743219775994,0.48081117830613235,0.6640517897943641,0.7724735142947052,0.7141710880775908,0.10465676822213651,frl_apartment_5/seq_0014
frl_apartment_5,seq_0014,44,random_n0.5,11,6.3,1.0,subset,0.5,65650,56608,0.47067712289753905,0.26843763644726243,0.36955737967240077,0.21492764661081493,0.5690185132843414,0.31200563557717825,0.379040365575019,0.7202692198982475,0.49669558426552024,0.6616603198781417,0.8417361503674392,0.740913553447599,0.09959814843074419,frl_apartment_5/seq_0014
frl_apartment_5,seq_0014,44,random_n0.5,11,6.3,0.25,fixed,0.5,16412,85801,0.41718114562416014,0.803574623804879,0.6103778847145196,0.36558615647087495,0.27369144881761287,0.31303397461271315,0.5225444796490373,0.4403095535017074,0.47791527811573914,0.7345235193760663,0.6104241209309915,0.6667484445950747,0.10669936345612022,frl_apartment_5/seq_0014
frl_apartment_5,seq_0014,44,random_n0.5,11,6.3,0.25,subset,0.5,16412,56608,0.4188000752506368,0.5807293594407764,0.4997647173457066,0.35693395076773093,0.353465941209723,0.35519148097456366,0.5203509627102121,0.543068117580554,0.5314668939793662,0.7341579332195954,0.7204988694177501,0.7272642727820983,0.11727987515755357,frl_apartment_5/seq_0014
frl_apartment_5,seq_0014,44,consec_n0.5,11,1.4999999999999998,1.0,fixed,0.5,57421,85801,0.5355122595184009,0.4455824709208283,0.4905473652196146,0.1997701189460302,0.3694245987809,0.2593137066864181,0.3350168056982637,0.5036188389412711,0.402369672193204,0.5904808345378868,0.6815305182923276,0.6327470400462815,0.08717634641195711,frl_apartment_5/seq_0014
frl_apartment_5,seq_0014,44,consec_n0.5,11,1.4999999999999998,1.0,subset,0.5,57421,51212,0.5533584562187631,0.3426640727971083,0.4480112645079357,0.17817523205795788,0.4311294227915332,0.25214507830034516,0.3153724247226624,0.5696516441459033,0.40598312877799214,0.580693474512809,0.7517574006092322,0.6552445949056236,0.0793188534702895,frl_apartment_5/seq_0014
frl_apartment_5,seq_0014,44,consec_n0.5,11,1.4999999999999998,0.25,fixed,0.5,14355,85801,0.43688005941307195,0.8586573586627879,0.6477687090379299,0.3392546151166841,0.20955466719502103,0.2590786645068937,0.5028909787530477,0.3136093984918591,0.3863105070101408,0.7258794845001741,0.5137585809023205,0.6016704782969581,0.09369496301514618,frl_apartment_5/seq_0014
frl_apartment_5,seq_0014,44,consec_n0.5,11,1.4999999999999998,0.25,subset,0.5,14355,51212,0.4442117401205813,0.6308293773249424,0.5375205587227618,0.31640543364681295,0.2747012418964305,0.29408216540839793,0.4831765935214211,0.3943021166914005,0.43423857774288127,0.7224660397074191,0.6102866515660392,0.6616552089974365,0.10265990265304724,frl_apartment_5/seq_0014
frl_apartment_5,seq_0014,44,spaced1.0,7,6.300070529436098,1.0,fixed,1.0,53736,85801,0.47972973178542905,0.3385911013704284,0.40916041657792873,0.2404533273782939,0.45234904022097644,0.313996709435108,0.39331174631531934,0.6260299996503538,0.4831057952502441,0.6525420574661307,0.7866225335369051,0.7133364587932801,0.10417878208856027,frl_apartment_5/seq_0014
frl_apartment_5,seq_0014,44,spaced1.0,7,6.300070529436098,1.0,subset,1.0,53736,50183,0.4828540999378613,0.23307373034736434,0.35796391514261283,0.22910153342265893,0.5585556861885499,0.32492805505142663,0.3870589548905761,0.7327381782675408,0.5065433105526846,0.6506624981390502,0.8744794053763226,0.7461482150110946,0.1016788661265838,frl_apartment_5/seq_0014
frl_apartment_5,seq_0014,44,spaced1.0,7,6.300070529436098,0.25,fixed,1.0,13434,85801,0.4298438098388218,0.7859577849826263,0.607900797410724,0.3835045407175823,0.2524679199543129,0.30448674958569905,0.5347625428018461,0.40140557802356613,0.45858572370412687,0.7174333779961293,0.5997715644339809,0.6533472896086179,0.10515255946877364,frl_apartment_5/seq_0014
frl_apartment_5,seq_0014,44,spaced1.0,7,6.300070529436098,0.25,subset,1.0,13434,50183,0.43154405054076256,0.5006360033454704,0.4660900269431165,0.37412535358046745,0.36113823406332823,0.36751709667370036,0.5323805270209915,0.5448857182711276,0.5385605408637537,0.7173589400029775,0.7462885837833529,0.7315378582600643,0.12086418914328419,frl_apartment_5/seq_0014
frl_apartment_5,seq_0014,44,random_n1.0,7,3.9001139311396082,1.0,fixed,1.0,48889,85801,0.5022682395311143,0.41517571795260505,0.4587219787418597,0.22694266603939536,0.4082236803766856,0.2917137247205814,0.36599235001738634,0.5669514341324693,0.44482827636384115,0.6226758575548692,0.7300847309471917,0.6721161745755073,0.10038785884288778,frl_apartment_5/seq_0014
frl_apartment_5,seq_0014,44,random_n1.0,7,3.9001139311396082,1.0,subset,1.0,48889,44641,0.5139050992217702,0.2684635562414596,0.39118432773161493,0.2107427028574935,0.528594789543245,0.3013440974107973,0.35560146454212604,0.6799130843843104,0.46697188140731954,0.6176031418110414,0.8300217289039225,0.7082277154983062,0.09603340292275574,frl_apartment_5/seq_0014
frl_apartment_5,seq_0014,44,random_n1.0,7,3.9001139311396082,0.25,fixed,1.0,12222,85801,0.42612623522434195,0.8580579010629708,0.6420920681436564,0.3852070037637048,0.22361044743068262,0.28296268543567904,0.5341188021600393,0.3177468794069999,0.3984538555579815,0.721731304205531,0.492826423934453,0.5857082779224896,0.10347216209195602,frl_apartment_5/seq_0014
frl_apartment_5,seq_0014,44,random_n1.0,7,3.9001139311396082,0.25,subset,1.0,12222,44641,0.4296614374520392,0.5613124415826604,0.4954869395173498,0.37309769268532156,0.35348670504692997,0.36302754218112576,0.5258550155457372,0.47178602629869404,0.49735533681511834,0.7201767304860088,0.6497390291436124,0.6831470130751864,0.12229785324257611,frl_apartment_5/seq_0014
frl_apartment_5,seq_0014,44,consec_n1.0,7,0.9,1.0,fixed,1.0,43662,85801,0.5298651877851257,0.5021752539508552,0.5160202208679905,0.21579405432641657,0.327443736086992,0.26014541926557794,0.3528010627089918,0.4640039160382746,0.4008327053307275,0.6035454170674729,0.6632090535075349,0.6319721684036128,0.08898232232451272,frl_apartment_5/seq_0014
frl_apartment_5,seq_0014,44,consec_n1.0,7,0.9,1.0,subset,1.0,43662,42029,0.544398597006703,0.3406142761904176,0.4425064365985603,0.18407310704960836,0.40674296319208164,0.2534475440883085,0.3235307590124135,0.5487639487020867,0.4070688845686412,0.5924831661398928,0.7581193937519332,0.665144568892535,0.07973379755557973,frl_apartment_5/seq_0014
frl_apartment_5,seq_0014,44,consec_n1.0,7,0.9,0.25,fixed,1.0,10915,85801,0.43836690982629767,0.8651980064543181,0.6517824581403079,0.3665597801191022,0.1863031899395112,0.24704586864435668,0.5276225377920293,0.29094066502721416,0.37506414043499847,0.7313788364635823,0.491264670574935,0.587743820815043,0.08798137835528448,frl_apartment_5/seq_0014
frl_apartment_5,seq_0014,44,consec_n1.0,7,0.9,0.25,subset,1.0,10915,42029,0.4516005475681442,0.6025300917030297,0.527065319635587,0.3337608795235914,0.26791025244474054,0.2972320150937552,0.4957398076042144,0.38692331485402937,0.4346240027092454,0.721759047182776,0.6140284089557211,0.6635495150885551,0.1017186086670504,frl_apartment_5/seq_0014
office_4,seq_0009,19,all,19,2.6999999999999997,1.0,fixed,0.0,59680,56697,0.33954766083782284,0.11036648675822244,0.22495707379802266,0.2635891420911528,0.745118789353934,0.3894194073807459,0.43954423592493297,0.8526729809337354,0.5800688754317143,0.7559651474530831,0.9628375399051096,0.8469519255249383,0.13138100643208475,office_4/seq_0009
office_4,seq_0009,19,all,19,2.6999999999999997,1.0,subset,0.0,59680,56697,0.33954766083782284,0.11036648675822244,0.22495707379802266,0.2635891420911528,0.745118789353934,0.3894194073807459,0.43954423592493297,0.8526729809337354,0.5800688754317143,0.7559651474530831,0.9628375399051096,0.8469519255249383,0.13138100643208475,office_4/seq_0009
office_4,seq_0009,19,all,19,2.6999999999999997,0.25,fixed,0.0,14920,56697,0.15106409761305312,0.328292692459383,0.23967839503621804,0.4929624664879357,0.4837292978464469,0.4883022392256435,0.7219839142091152,0.6017249589925393,0.6563916733744986,0.9725871313672922,0.7630915215972627,0.8551963149323126,0.18159615536122273,office_4/seq_0009
office_4,seq_0009,19,all,19,2.6999999999999997,0.25,subset,0.0,14920,56697,0.15106409761305312,0.328292692459383,0.23967839503621804,0.4929624664879357,0.4837292978464469,0.4883022392256435,0.7219839142091152,0.6017249589925393,0.6563916733744986,0.9725871313672922,0.7630915215972627,0.8551963149323126,0.18159615536122273,office_4/seq_0009
office_4,seq_0009,19,spaced0.3,8,2.55,1.0,fixed,0.3,39264,56697,0.29722978395453153,0.13825145491447985,0.21774061943450568,0.3177465362673187,0.6564192108929926,0.4282124088402204,0.5007895273023635,0.7899359754484364,0.6129756681817585,0.8047066014669927,0.9440005644037603,0.8688058250004542,0.15100294422909916,office_4/seq_0009
office_4,seq_0009,19,spaced0.3,8,2.55,1.0,subset,0.3,39264,47389,0.29914447447207093,0.12879040382504364,0.2139674391485573,0.3121943765281174,0.6776256093186183,0.42745328978125596,0.49755501222493886,0.805482284918441,0.6151347302155813,0.8033058272208639,0.954398700120281,0.8723582665607361,0.14817990824507996,office_4/seq_0009
office_4,seq_0009,19,spaced0.3,8,2.55,0.25,fixed,0.3,9816,56697,0.13418832347463458,0.3844039207513871,0.25929612211301084,0.5497147514262428,0.4244316277757201,0.4790169767941903,0.7527506112469438,0.5484593541104468,0.6345680175256704,0.9816625916870416,0.7439723442157433,0.8464476516688395,0.18561562276732554,office_4/seq_0009
office_4,seq_0009,19,spaced0.3,8,2.55,0.25,subset,0.3,9816,47389,0.13469881065168035,0.3450170274283279,0.23985791904000414,0.5452322738386308,0.46375741205765053,0.5012053380131457,0.7510187449062755,0.5872459853552512,0.65911135950891,0.9813569682151589,0.7767414378864294,0.86714215760146,0.18973599802615346,office_4/seq_0009
office_4,seq_0009,19,random_n0.3,8,2.6999999999999997,1.0,fixed,0.3,39220,56697,0.2973100053843403,0.13970376287766662,0.21850688413100347,0.3119326874043855,0.656260472335397,0.42286828968688567,0.4911014788373279,0.8005714588073443,0.6087637448720769,0.79673635900051,0.9434714358784415,0.8639175147414629,0.14676748262825523,office_4/seq_0009
office_4,seq_0009,19,random_n0.3,8,2.6999999999999997,1.0,subset,0.3,39220,47294,0.29837616813675305,0.1292275631831195,0.21380186565993628,0.3082100968893422,0.6795576605911955,0.4240805206011877,0.48895971443141256,0.8173129783904935,0.6118678323613826,0.7955124936257012,0.9542013786103946,0.8676608560568254,0.1444382599760233,office_4/seq_0009
office_4,seq_0009,19,random_n0.3,8,2.6999999999999997,0.25,fixed,0.3,9805,56697,0.13500376850386686,0.3935539039894737,0.26427883624667026,0.5541050484446711,0.4374481894985625,0.48891424274288253,0.7518612952575217,0.5724817891599203,0.6500232523937847,0.979398266190719,0.7328253699490272,0.8383576556235215,0.1843019658241706,office_4/seq_0009
office_4,seq_0009,19,random_n0.3,8,2.6999999999999997,0.25,subset,0.3,9805,47294,0.1354073075388111,0.34929476779891083,0.24235103766886096,0.5518612952575217,0.47748128726688377,0.5119839519435867,0.7509433962264151,0.6137565018818455,0.6754545708079692,0.9790922998470168,0.7709011713959487,0.8626128191446563,0.18876693364975775,office_4/seq_0009
office_4,seq_0009,19,consec_n0.3,8,1.0499999999999998,1.0,fixed,0.3,36372,56697,0.27802017190385864,0.1536274802439065,0.21582382607388256,0.29992851644121854,0.6273876924705011,0.4058409807308151,0.49879027823600575,0.7651374852284953,0.6039002388867737,0.8230232046629276,0.9158509268568001,0.8669593171259902,0.14095626718708418,office_4/seq_0009
office_4,seq_0009,19,consec_n0.3,8,1.0499999999999998,1.0,subset,0.3,36372,43347,0.28837349687232056,0.1479694189603003,0.21817145791631043,0.28579676674364896,0.6463653770733846,0.3963454987480628,0.4846860222148906,0.7760860036450042,0.5967106348934003,0.8089464423182668,0.9190255380995225,0.8604797391049013,0.1362294969459886,office_4/seq_0009
office_4,seq_0009,19,consec_n0.3,8,1.0499999999999998,0.25,fixed,0.3,9093,56697,0.1453866073445949,0.4229786698909889,0.2841826386177919,0.5062135708786979,0.37522267492107164,0.4309847956708616,0.7269328054547454,0.48827980316418856,0.5841720282419132,0.9756955900142967,0.682381783868635,0.8030950879783547,0.15962959408885904,office_4/seq_0009
office_4,seq_0009,19,consec_n0.3,8,1.0499999999999998,0.25,subset,0.3,9093,43347,0.1526826372300083,0.37058361893784064,0.26163312808392447,0.4874078961838777,0.4125083627471336,0.4468412060554843,0.7083470801715606,0.5315016033404849,0.607312188720129,0.9675574617837898,0.7249405956582924,0.8288596605413462,0.16554739965641105,office_4/seq_0009
office_4,seq_0009,19,spaced0.5,5,2.4000000000000004,1.0,fixed,0.5,31045,56697,0.284006851347517,0.14146462572014745,0.21273573853383224,0.3201159607022065,0.6043176887666014,0.4185302809347488,0.515445321307779,0.7718397798825335,0.6181089223697322,0.8233531969721373,0.9538247173571794,0.8837996736904687,0.15023567847968675,office_4/seq_0009
office_4,seq_0009,19,spaced0.5,5,2.4000000000000004,1.0,subset,0.5,31045,40963,0.2871778659357693,0.12826779121759954,0.20772282857668445,0.3107746819133516,0.6449967043429436,0.41944893624088264,0.5102270897084876,0.7980860776798574,0.6224887846452216,0.820840715090997,0.9659204648097063,0.8874905655824579,0.14714528856568157,office_4/seq_0009
office_4,seq_0009,19,spaced0.5,5,2.4000000000000004,0.25,fixed,0.5,7761,56697,0.11719517331975278,0.5167576024605334,0.3169763878901431,0.5813683803633553,0.3908672416529975,0.4674542879752111,0.7950006442468754,0.5081221228636436,0.6199836657422572,0.9967787656229867,0.6842513713247614,0.8114634262575768,0.18173350582147477,office_4/seq_0009
office_4,seq_0009,19,spaced0.5,5,2.4000000000000004,0.25,subset,0.5,7761,40963,0.11847198047542842,0.41225449968931643,0.26536324008237244,0.5747970622342482,0.46102580377413765,0.5116633090843776,0.7906197654941374,0.5863584210140859,0.6733389996442048,0.9963922174977451,0.7589043771208164,0.8615825012210835,0.19255217415761938,office_4/seq_0009
office_4,seq_0009,19,random_n0.5,5,1.3499999999999999,1.0,fixed,0.5,27787,56697,0.30253706164341326,0.19456943055761655,0.2485532461005149,0.34224637420376436,0.5637158932571388,0.4259111609339026,0.5279087343002123,0.7323491542762404,0.6135466694622438,0.7884622305394609,0.8688819514260013,0.8267209779979197,0.13945822367546587,office_4/seq_0009
office_4,seq_0009,19,random_n0.5,5,1.3499999999999999,1.0,subset,0.5,27787,37420,0.3206048373257068,0.17701701846062387,0.24881092789316533,0.31853024795767804,0.6082308925708177,0.41810112347960565,0.4991902688307482,0.7620523784072688,0.603229097070718,0.7641702954619066,0.8825761624799573,0.8191163656035686,0.13115212527964207,office_4/seq_0009
office_4,seq_0009,19,random_n0.5,5,1.3499999999999999,0.25,fixed,0.5,6946,56697,0.1280565431035436,0.6293521818653681,0.3787043624844559,0.5778865534120357,0.33368608568354585,0.42307698521653053,0.7748344370860927,0.44379773180238813,0.564353665495033,0.9818600633458106,0.5754625465192161,0.7256347384919426,0.15033430839949855,office_4/seq_0009
office_4,seq_0009,19,random_n0.5,5,1.3499999999999999,0.25,subset,0.5,6946,37420,0.13756615615255288,0.5009985359536161,0.3192823460530845,0.5558594874748056,0.4217530732228755,0.4796080912775609,0.7528073711488626,0.5445483698556921,0.6319624044782686,0.9725021595162684,0.6689738107963655,0.7926749918067756,0.1606392423794022,office_4/seq_0009
office_4,seq_0009,19,consec_n0.5,5,0.6,1.0,fixed,0.5,26849,56697,0.2672719663450931,0.17798613687287076,0.22262905160898194,0.3153562516294834,0.545090569165917,0.3995545443048818,0.5155871727066185,0.7216078452122687,0.601443981469866,0.8348169391783679,0.8986718874014498,0.8655683300207084,0.13685666250881284,office_4/seq_0009
office_4,seq_0009,19,consec_n0.5,5,0.6,1.0,subset,0.5,26849,36801,0.2836259574699248,0.16727294915518512,0.22544945331255495,0.2916309732206041,0.5755006657427787,0.3871011313583483,0.4920853663078699,0.7413928969321486,0.591544425447112,0.8135126075459048,0.9067144914540366,0.8575887110152511,0.1320515407454383,office_4/seq_0009
office_4,seq_0009,19,consec_n0.5,5,0.6,0.25,fixed,0.5,6712,56697,0.13431536650289688,0.5033826941399239,0.3188490303214104,0.533373063170441,0.3196112669100658,0.3997073203900888,0.7441895113230036,0.442668924281708,0.555128666665688,0.9876340882002383,0.6485528334832531,0.782958081204881,0.14516976768632397,office_4/seq_0009
office_4,seq_0009,19,consec_n0.5,5,0.6,0.25,subset,0.5,6712,36801,0.14303524734718653,0.40365930279550377,0.27334727507134515,0.5068533969010727,0.3821907013396375,0.43578188218409397,0.7206495828367103,0.5184369989945925,0.603043261917003,0.9795887961859356,0.7232955626205809,0.8321554259511852,0.15766229051969266,office_4/seq_0009
office_4,seq_0009,19,spaced1.0,3,2.1,1.0,fixed,1.0,20919,56697,0.2340737168615865,0.18066626306873745,0.20736998996516198,0.3883072804627372,0.528087905885673,0.4475370050705709,0.5830584635976863,0.7086794715769794,0.6397606706890152,0.8724126392274966,0.9190609732437343,0.895129466263834,0.16180362791298172,office_4/seq_0009
office_4,seq_0009,19,spaced1.0,3,2.1,1.0,subset,1.0,20919,34162,0.23959495623476484,0.15056226140727513,0.19507860882102,0.3718628997562025,0.5914466366137814,0.45662801630935207,0.5722548879009512,0.7585036004917745,0.6523458563786998,0.8684927577800086,0.9505005561735261,0.9076480303364818,0.1595138888888889,office_4/seq_0009
office_4,seq_0009,19,spaced1.0,3,2.1,0.25,fixed,1.0,5229,56697,0.11644132065744589,0.72862782619161,0.42253457342452794,0.6431440045897877,0.3222039966841279,0.4293240747353356,0.7995792694587875,0.4427041995167293,0.5698813664933344,0.983744501816791,0.6213203520468455,0.7616146833215569,0.1586966446016891,office_4/seq_0009
office_4,seq_0009,19,spaced1.0,3,2.1,0.25,subset,1.0,5229,34162,0.11827480430437495,0.4972415392595398,0.30775817178195736,0.6324344999043794,0.42418476669984195,0.5077876000823599,0.7928858290304074,0.5647795796499034,0.6596702285660184,0.983744501816791,0.7501317253088227,0.8512002746980815,0.17908757908757908,office_4/seq_0009
office_4,seq_0009,19,random_n1.0,3,1.35,1.0,fixed,1.0,20731,56697,0.2817407644252415,0.21782824573122858,0.24978450507823502,0.3524673194732526,0.5051060902693264,0.415202681576345,0.5370700882735999,0.6679012998924105,0.5953831163364506,0.8095605614779798,0.8642961708732384,0.8360334308809791,0.1408226335744098,office_4/seq_0009
office_4,seq_0009,19,random_n1.0,3,1.35,1.0,subset,1.0,20731,32603,0.2955985523996651,0.18588451435750752,0.2407415333785863,0.32902416670686413,0.5756525473115971,0.41872106744203624,0.5154599392214558,0.7137686715946385,0.598617950869346,0.7932082388693261,0.8894886973591387,0.8385939831896368,0.14058466475964557,office_4/seq_0009
office_4,seq_0009,19,random_n1.0,3,1.35,0.25,fixed,1.0,5182,56697,0.11585023121991377,0.7502296090861507,0.4330399201530322,0.6098031648012351,0.3088875954636048,0.41006319303189526,0.7950598224623697,0.41125632749528196,0.5421023049992385,0.9924739482825164,0.5563080939026757,0.7129748090804513,0.14808727684896572,office_4/seq_0009
office_4,seq_0009,19,random_n1.0,3,1.35,0.25,subset,1.0,5182,32603,0.12087967148577475,0.5359085419960713,0.328394106740923,0.5876109610189116,0.41986933717756036,0.4897759790696493,0.7807796217676573,0.5400116553691378,0.6384507580081078,0.990930142802007,0.6890776922369107,0.812886513656267,0.17068341639926266,office_4/seq_0009
office_4,seq_0009,19,consec_n1.0,3,0.30000000000000004,1.0,fixed,1.0,19687,56697,0.25428741274251865,0.19228644673567455,0.22328692973909658,0.34809772946614514,0.48997301444520874,0.4070264833062841,0.5372580890943262,0.6877788948268868,0.6032712148352015,0.8414181947478031,0.8880364040425419,0.86409899222846,0.13891164040231957,office_4/seq_0009
office_4,seq_0009,19,consec_n1.0,3,0.30000000000000004,1.0,subset,1.0,19687,30401,0.27540382071850594,0.17670017547470102,0.22605199809660348,0.31071265301975926,0.5309693760073682,0.39202192229811333,0.5054604561385686,0.7172461432189731,0.5930115416169077,0.814192106466196,0.9017795467254367,0.8557504867296545,0.13639186178178764,office_4/seq_0009
office_4,seq_0009,19,consec_n1.0,3,0.30000000000000004,0.25,fixed,1.0,4921,56697,0.11813602071211053,0.7364378551272848,0.42728693791969763,0.5868725868725869,0.27997954036368766,0.37910114530952577,0.7778906726275148,0.38905056704940294,0.5186873117483884,0.9951229424913636,0.5609997001605023,0.7175060076359109,0.13865163421022664,office_4/seq_0009
office_4,seq_0009,19,consec_n1.0,3,0.30000000000000004,0.25,subset,1.0,4921,30401,0.12601792349727273,0.5058223975238322,0.31592016051055244,0.5602519813046128,0.3678826354396237,0.4441316414112546,0.7524893314366998,0.5057399427650406,0.6049198174212593,0.9912619386303597,0.6922140719055294,0.8151770011214688,0.16218714448236632,office_4/seq_0009
office_4,seq_0007,23,all,23,3.3,1.0,fixed,0.0,61558,61235,0.28951592208545046,0.12093696993101506,0.20522644600823275,0.2693069950290783,0.7404588878909121,0.394964340573339,0.465365996296176,0.8563239977137258,0.6030219978277097,0.8123558270249196,0.9464358618437169,0.8742851039609612,0.13928360849056604,office_4/seq_0007
office_4,seq_0007,23,all,23,3.3,1.0,subset,0.0,61558,61235,0.28951592208545046,0.12093696993101506,0.20522644600823275,0.2693069950290783,0.7404588878909121,0.394964340573339,0.465365996296176,0.8563239977137258,0.6030219978277097,0.8123558270249196,0.9464358618437169,0.8742851039609612,0.13928360849056604,office_4/seq_0007
office_4,seq_0007,23,all,23,3.3,0.25,fixed,0.0,15389,61235,0.13822935649993195,0.2945824342528298,0.21640589537638089,0.5542270452920918,0.4768024822405487,0.5126076874878804,0.7769185782052115,0.6101085980240059,0.6834829376829059,0.9723828708817986,0.7773005634032825,0.8639662907810021,0.19151542997166704,office_4/seq_0007
office_4,seq_0007,23,all,23,3.3,0.25,subset,0.0,15389,61235,0.13822935649993195,0.2945824342528298,0.21640589537638089,0.5542270452920918,0.4768024822405487,0.5126076874878804,0.7769185782052115,0.6101085980240059,0.6834829376829059,0.9723828708817986,0.7773005634032825,0.8639662907810021,0.19151542997166704,office_4/seq_0007
office_4,seq_0007,23,spaced0.3,10,3.3,1.0,fixed,0.3,43888,61235,0.26150515765569254,0.16121112197310136,0.21135813981439694,0.3130012759752096,0.6778149750959419,0.4282468153924123,0.5225346336128327,0.813701314607659,0.6363952696603152,0.8426221290557784,0.9106230097166653,0.8753038377187569,0.15397568906782286,office_4/seq_0007
office_4,seq_0007,23,spaced0.3,10,3.3,1.0,subset,0.3,43888,52606,0.26218629160733614,0.1473351943378068,0.20476074297257146,0.3104493255559606,0.7124092308862107,0.43244877574814267,0.520575100255195,0.8397521195300917,0.6427189538747745,0.8419385709077652,0.9241911569022545,0.8811495210521466,0.15214376403945698,office_4/seq_0007
office_4,seq_0007,23,spaced0.3,10,3.3,0.25,fixed,0.3,10972,61235,0.12411785304007886,0.3103064350868055,0.2172121440634422,0.6273240977032446,0.43525761410957786,0.5139324100994057,0.8223660226029894,0.5738548215889605,0.6759943588362344,0.9744804958075101,0.7666367273618029,0.8581530620022227,0.18743329775880468,office_4/seq_0007
office_4,seq_0007,23,spaced0.3,10,3.3,0.25,subset,0.3,10972,52606,0.12456269165348607,0.2791011945107779,0.20183194308213198,0.6238607364199781,0.4758962855947991,0.5399247310952187,0.8207254830477579,0.6193209900011406,0.7059390487643549,0.9737513671162961,0.8006691251948447,0.8787687683327075,0.1899392888117953,office_4/seq_0007
office_4,seq_0007,23,random_n0.3,10,2.9999999999999996,1.0,fixed,0.3,44463,61235,0.26325375070823515,0.16083029361427945,0.21204202216125728,0.304432899264557,0.6553115048583327,0.41573231474636957,0.509569754627443,0.7981056585286193,0.6220052782083875,0.843487843825203,0.9157834571731853,0.878150190096812,0.14889393621285285,office_4/seq_0007
office_4,seq_0007,23,random_n0.3,10,2.9999999999999996,1.0,subset,0.3,44463,52997,0.26507631795500003,0.14785876502391745,0.20646754148945873,0.3017565166542968,0.6812083702851105,0.41824294573333337,0.5063985785934373,0.8187255882408438,0.6257549058722869,0.8415536513505611,0.9285431250825519,0.8829108868547899,0.145995105878726,office_4/seq_0007
office_4,seq_0007,23,random_n0.3,10,2.9999999999999996,0.25,fixed,0.3,11115,61235,0.13729750481543432,0.3203778309626915,0.2288376678890629,0.5793972109761584,0.4141748999755042,0.4830485462646226,0.7874943769680611,0.5544051604474565,0.6507058602245539,0.9655420602789024,0.7552053564138156,0.8475183849666321,0.17083169784988442,office_4/seq_0007
office_4,seq_0007,23,random_n0.3,10,2.9999999999999996,0.25,subset,0.3,11115,52997,0.13795853081841436,0.2942485108854715,0.21610352085194293,0.5769680611785875,0.44570447383814177,0.5029121978421147,0.7856950067476384,0.5884295337471932,0.6729028306583097,0.9650922177237967,0.7831009302413344,0.8646236994440524,0.17371187278199543,office_4/seq_0007
office_4,seq_0007,23,consec_n0.3,10,1.3500000000000005,1.0,fixed,0.3,38075,61235,0.2702422201563267,0.16503550453583182,0.21763886234607926,0.30668417596848324,0.5843553523311832,0.40225497076307143,0.49764937623112276,0.7435290275169429,0.596234603560901,0.8333026920551543,0.9259737078468196,0.877197447273256,0.14698045234593166,office_4/seq_0007
office_4,seq_0007,23,consec_n0.3,10,1.3500000000000005,1.0,subset,0.3,38075,48102,0.27851916885418915,0.1508070065562937,0.21466308770524142,0.2982271831910703,0.6218868238326889,0.4031316865508278,0.4856204858831254,0.7719429545549041,0.5961867220542516,0.8245305318450427,0.9374870067772649,0.8773881568741488,0.14002847442777352,office_4/seq_0007
office_4,seq_0007,23,consec_n0.3,10,1.3500000000000005,0.25,fixed,0.3,9518,61235,0.15093176305974162,0.3392689221525242,0.2451003426061329,0.5167051901660012,0.33730709561525274,0.4081635121321025,0.7324017650766967,0.5037478566179473,0.5969274477223843,0.9584996848077327,0.7387605127786396,0.8344056140050857,0.1559309618642128,office_4/seq_0007
office_4,seq_0007,23,consec_n0.3,10,1.3500000000000005,0.25,subset,0.3,9518,48102,0.15608670356224486,0.30707046637530266,0.23157858496877376,0.504517755831057,0.37345640513907946,0.4292048577222563,0.7186383694053372,0.5429919753856388,0.6185882725513683,0.9554528262239966,0.7739802918797555,0.8551954389875654,0.16085194702510378,office_4/seq_0007
office_4,seq_0007,23,spaced0.5,6,2.9999999999999996,1.0,fixed,0.5,34993,61235,0.24623850517545035,0.1754894526033161,0.21086397888938324,0.34466893378675734,0.6112354045888789,0.44078438968142614,0.548252507644386,0.7669306769004655,0.6394115614329424,0.8555425370788443,0.9073405732016004,0.8806805754330235,0.16118398461644118,office_4/seq_0007
office_4,seq_0007,23,spaced0.5,6,2.9999999999999996,1.0,subset,0.5,34993,46233,0.24865394668944438,0.14923188597618664,0.19894291633281552,0.33938216214671507,0.668332143706876,0.4501672877835336,0.543251507444346,0.8126879069063223,0.6512000843637581,0.8532849427028263,0.9326671425172496,0.8912118481225356,0.15736337869808625,office_4/seq_0007
office_4,seq_0007,23,spaced0.5,6,2.9999999999999996,0.25,fixed,0.5,8748,61235,0.12691217647398756,0.3533536566139719,0.24013291654397972,0.6252857796067672,0.3712909283906263,0.4659208583876724,0.8055555555555556,0.5092512452029069,0.6240158926925838,0.9741655235482396,0.7285702621050053,0.83365609251339,0.1636164852402909,office_4/seq_0007
office_4,seq_0007,23,spaced0.5,6,2.9999999999999996,0.25,subset,0.5,8748,46233,0.12749191639003704,0.29286448455659303,0.21017820047331504,0.6223136716963877,0.43654965068241297,0.5131367009362888,0.8026977594878829,0.586507473017109,0.6777806813537778,0.9734796524919982,0.7939134384530531,0.8745746287383601,0.17066761004700057,office_4/seq_0007
office_4,seq_0007,23,random_n0.5,6,2.85,1.0,fixed,0.5,34226,61235,0.24250682812694602,0.18107291660519628,0.21178987236607116,0.347250628177409,0.6047195231485262,0.4411676857556701,0.560480336586221,0.7717318526986201,0.6493568097241734,0.856687898089172,0.8985874091614273,0.8771375699572728,0.15796671457048816,office_4/seq_0007
office_4,seq_0007,23,random_n0.5,6,2.85,1.0,subset,0.5,34226,45525,0.24547932431681838,0.15163670093481496,0.19855801262581668,0.3416700753812891,0.6671718835804503,0.4519095696412331,0.5541985624963478,0.8224931356397583,0.6622027488824194,0.8536200549290014,0.927951674903899,0.889235214545328,0.1541150452999786,office_4/seq_0007
office_4,seq_0007,23,random_n0.5,6,2.85,0.25,fixed,0.5,8556,61235,0.11182649996881873,0.35713696164169734,0.23448173080525803,0.6677185600748013,0.3838491059034866,0.48746872041074707,0.8480598410472183,0.5326692251163551,0.6543432588669854,0.9800140252454418,0.7253368171797174,0.833658665629337,0.16506763887556367,office_4/seq_0007
office_4,seq_0007,23,random_n0.5,6,2.85,0.25,subset,0.5,8556,45525,0.11258284408831505,0.2902543460269338,0.2014185950576244,0.6639784946236559,0.4555299286106535,0.5403480134273521,0.8440860215053764,0.6153542009884678,0.7117960315516334,0.9800140252454418,0.7981987918725975,0.8798114640033963,0.1722122532683927,office_4/seq_0007
office_4,seq_0007,23,consec_n0.5,6,0.7499999999999999,1.0,fixed,0.5,26565,61235,0.2782738966982424,0.22784477275108697,0.2530593347246647,0.3113871635610766,0.43605781007593697,0.3633252196947457,0.4870694522868436,0.602416918429003,0.5386370796263416,0.8199510634293243,0.8864538254266351,0.8519065569800024,0.13701981236054733,office_4/seq_0007
office_4,seq_0007,23,consec_n0.5,6,0.7499999999999999,1.0,subset,0.5,26565,40359,0.28774086000311144,0.2041061703551785,0.24592351517914496,0.3002446828533785,0.48886245942664586,0.3720112167921293,0.4727272727272727,0.6459773532545405,0.5459369798879609,0.8109919066440806,0.9127332193562774,0.8588599686316616,0.1351180921806925,office_4/seq_0007
office_4,seq_0007,23,consec_n0.5,6,0.7499999999999999,0.25,fixed,0.5,6641,61235,0.1449541192712137,0.4576622727464606,0.3013081960088372,0.536967324198163,0.27076018616804115,0.35999608977075326,0.7390453244993224,0.40551971911488527,0.5236879355633227,0.9641620237915977,0.696987017228709,0.8090886446588103,0.13574982231698648,office_4/seq_0007
office_4,seq_0007,23,consec_n0.5,6,0.7499999999999999,0.25,subset,0.5,6641,40359,0.1519063608424501,0.3810351779015359,0.266470769371993,0.5211564523415149,0.3270645952575634,0.40190425510759376,0.7196205390754404,0.46371317426100744,0.5639956348361255,0.9597952115645234,0.7655045962486682,0.8517101115792378,0.14740524781341108,office_4/seq_0007
office_4,seq_0007,23,spaced1.0,4,3.15,1.0,fixed,1.0,26462,61235,0.2346335296054176,0.2028922160910068,0.21876287284821222,0.3705313279419545,0.5577202580223728,0.4452517635301966,0.573161514624745,0.7389401486078223,0.6455781082536795,0.8660721033935455,0.8790234343104434,0.8724997093134491,0.16138177814478394,office_4/seq_0007
office_4,seq_0007,23,spaced1.0,4,3.15,1.0,subset,1.0,26462,40667,0.23767596037841277,0.15634375331281775,0.19700985684561526,0.3634268006953367,0.6468143703740133,0.4653733860796284,0.5659814073010354,0.8133130056311014,0.6674717669953676,0.8634645907338826,0.9250743846361915,0.8932083515406879,0.16076058772687987,office_4/seq_0007
office_4,seq_0007,23,spaced1.0,4,3.15,0.25,fixed,1.0,6615,61235,0.1016558259644141,0.3775988325893623,0.23962732927688818,0.7106575963718821,0.36056177022944397,0.47840053860827997,0.8665154950869236,0.4981954764432106,0.6326527871850148,0.9880574452003024,0.7290275169429248,0.8390045708306217,0.1679297548737783,office_4/seq_0007
office_4,seq_0007,23,spaced1.0,4,3.15,0.25,subset,1.0,6615,40667,0.10276814161872892,0.28136948018079627,0.1920688108997626,0.7052154195011338,0.45626675191186955,0.554061623627857,0.8634920634920635,0.6092163178990336,0.7144027454488602,0.9869992441421013,0.8256079868197802,0.8991186231960271,0.1816763005780347,office_4/seq_0007
office_4,seq_0007,23,random_n1.0,4,2.7,1.0,fixed,1.0,26316,61235,0.22005026584661944,0.19763175350501458,0.208841009675817,0.3806429548563611,0.5382869274107945,0.4459428963278143,0.6090971272229823,0.7356903731526088,0.6664352437655827,0.8835689314485484,0.8924307993794398,0.8879777559784291,0.16270773995520282,office_4/seq_0007
office_4,seq_0007,23,random_n1.0,4,2.7,1.0,subset,1.0,26316,40490,0.2249700745842591,0.159102297156617,0.19203618587043805,0.3713710290317677,0.6158557668560138,0.4633403202286336,0.5998632010943913,0.8019264015806372,0.6863314400053891,0.8780969752241982,0.9305260558162509,0.9035515980458388,0.15730369515011547,office_4/seq_0007
office_4,seq_0007,23,random_n1.0,4,2.7,0.25,fixed,1.0,6579,61235,0.09923939935641966,0.3904485676058392,0.24484398348112943,0.705578355373157,0.35386625295990853,0.47134199715898684,0.8904088767289862,0.5324569282273209,0.6664077156369836,0.987688098495212,0.720258022372826,0.833035969755047,0.153150359228821,office_4/seq_0007
office_4,seq_0007,23,random_n1.0,4,2.7,0.25,subset,1.0,6579,40490,0.10111759865014179,0.2973355940265671,0.19922659633835446,0.6973704210366317,0.437095579155347,0.5373762246153386,0.8822009423924608,0.6325265497653741,0.7367866777097084,0.9867761057911537,0.8085453198320574,0.8888137696931692,0.16370289896506376,office_4/seq_0007
office_4,seq_0007,23,consec_n1.0,4,0.45,1.0,fixed,1.0,20250,61235,0.2759661517380371,0.26959835711788366,0.2727822544279604,0.32839506172839505,0.3858087694945701,0.3547942173779018,0.5026172839506173,0.5354290846737977,0.5185046071564854,0.8193086419753086,0.832612068261615,0.8259067868237312,0.13658906403007234,office_4/seq_0007
office_4,seq_0007,23,consec_n1.0,4,0.45,1.0,subset,1.0,20250,34564,0.2858504811989034,0.23403031508582373,0.2599403981423636,0.31590123456790126,0.4547795394051614,0.3728273049129768,0.48577777777777775,0.5949253558615901,0.5348397877608767,0.8099753086419753,0.8705010994097905,0.839148224026605,0.13787915894062905,office_4/seq_0007
office_4,seq_0007,23,consec_n1.0,4,0.45,0.25,fixed,1.0,5062,61235,0.149746979386066,0.4530882734977326,0.3014176264418993,0.5430659818253655,0.22400587899077326,0.31718012046315136,0.7323192414065587,0.3608557197681065,0.4834753746533613,0.9508099565389174,0.6396178655997388,0.7647691099550983,0.11329442629972694,office_4/seq_0007
office_4,seq_0007,23,consec_n1.0,4,0.45,0.25,subset,1.0,5062,34564,0.15786128006729686,0.3695218335004456,0.26369155678387124,0.5258790991702884,0.29906839486170583,0.38129412894265574,0.7121691031212959,0.442512440689735,0.5458538584861957,0.9458711971552746,0.7264784168499017,0.8217839189828141,0.1308545335942596,office_4/seq_0007
office_4,seq_0010,14,all,14,1.952094584414785,1.0,fixed,0.0,45709,52162,0.30465023597043595,0.24977805176714746,0.27721414386879173,0.22168500732897242,0.5429623097273878,0.31482907459779874,0.4431293618324619,0.7188566389325562,0.5482793827971943,0.7929073049071299,0.844024385568038,0.8176677190999762,0.10775511678739816,office_4/seq_0010
office_4,seq_0010,14,all,14,1.952094584414785,1.0,subset,0.0,45709,52162,0.30465023597043595,0.24977805176714746,0.27721414386879173,0.22168500732897242,0.5429623097273878,0.31482907459779874,0.4431293618324619,0.7188566389325562,0.5482793827971943,0.7929073049071299,0.844024385568038,0.8176677190999762,0.10775511678739816,office_4/seq_0010
office_4,seq_0010,14,all,14,1.952094584414785,0.25,fixed,0.0,11427,52162,0.18108823189734177,0.4983742156601357,0.3397312237787387,0.3960794609258773,0.31843104175453396,0.3530360852277479,0.710772731250547,0.5322073540124995,0.6086637736002626,0.9377789446048832,0.7219240059813657,0.8158148205677398,0.10719842764720335,office_4/seq_0010
office_4,seq_0010,14,all,14,1.952094584414785,0.25,subset,0.0,11427,52162,0.18108823189734177,0.4983742156601357,0.3397312237787387,0.3960794609258773,0.31843104175453396,0.3530360852277479,0.710772731250547,0.5322073540124995,0.6086637736002626,0.9377789446048832,0.7219240059813657,0.8158148205677398,0.10719842764720335,office_4/seq_0010
office_4,seq_0010,14,spaced0.3,6,1.952094584414785,1.0,fixed,0.3,29958,52162,0.2910794762360644,0.2760427191279488,0.2835610976820066,0.24594432205087122,0.443042828112419,0.3163015971307595,0.4796381600907938,0.6747824086499751,0.5607166083319948,0.8033914146471727,0.8303170890686706,0.8166323665150336,0.103868420415183,office_4/seq_0010
office_4,seq_0010,14,spaced0.3,6,1.952094584414785,1.0,subset,0.3,29958,41367,0.29230220908040006,0.23976841500748217,0.2660353120439411,0.24414179851792508,0.49788478739091546,0.32762838894633906,0.4768342345950998,0.724466362076051,0.5751272649121897,0.8016890313105014,0.8669470834239853,0.8330419812569275,0.10404336798130004,office_4/seq_0010
office_4,seq_0010,14,spaced0.3,6,1.952094584414785,0.25,fixed,0.3,7489,52162,0.15211599834620065,0.5505876947045013,0.351351846525351,0.4696221124315663,0.2575054637475557,0.33262460071520383,0.7713980504740285,0.4636325294275526,0.5791682168149348,0.9654159433836293,0.7025612514857559,0.8132771065146576,0.09327528275992618,office_4/seq_0010
office_4,seq_0010,14,spaced0.3,6,1.952094584414785,0.25,subset,0.3,7489,41367,0.1523031713480449,0.4666602105941708,0.30948169097110784,0.46988917078381626,0.3038412260980975,0.3690476743747804,0.7705968754172787,0.5280779365194479,0.6266930013862734,0.9654159433836293,0.7631928832160901,0.8524757782049073,0.09760248260673707,office_4/seq_0010
office_4,seq_0010,14,random_n0.3,6,1.0500000000000003,1.0,fixed,0.3,30435,52162,0.283577105896105,0.2772178462649507,0.2803974760805279,0.24222112699195006,0.4282811241900234,0.3094359083442726,0.47225234105470676,0.6658487021203174,0.552584694039684,0.8231641202562839,0.8289176028526514,0.8260308431148458,0.10157408736424095,office_4/seq_0010
office_4,seq_0010,14,random_n0.3,6,1.0500000000000003,1.0,subset,0.3,30435,41159,0.28593008059467556,0.24004875379875304,0.2629894171967143,0.2366683095120749,0.4708569207220778,0.31500477067786153,0.46623952686052245,0.7116548021088948,0.5633809248637357,0.8221126991950057,0.8650841857187979,0.8430512186353739,0.09995793849122894,office_4/seq_0010
office_4,seq_0010,14,random_n0.3,6,1.0500000000000003,0.25,fixed,0.3,7608,52162,0.1769455916821063,0.5099240265978863,0.3434348091399963,0.42402733964248157,0.25871323952302444,0.32135628094442875,0.7066246056782335,0.4710708945209156,0.5652909177814572,0.9445320715036803,0.7170545607913807,0.8152220492409142,0.08814432989690722,office_4/seq_0010
office_4,seq_0010,14,random_n0.3,6,1.0500000000000003,0.25,subset,0.3,7608,41159,0.1776003326618515,0.43041575105753027,0.3040080418596909,0.421267087276551,0.2981121990330183,0.3491478282965304,0.7047844374342797,0.5320100099613694,0.6063293320398978,0.9442691903259727,0.7728321873709274,0.8499924737180107,0.0935288169868554,office_4/seq_0010
office_4,seq_0010,14,consec_n0.3,6,0.7499999999999999,1.0,fixed,0.3,25900,52162,0.27633796190519744,0.3327019098715029,0.30451993588835014,0.25316602316602316,0.3919519957056861,0.307630309872116,0.48644787644787646,0.606475978681799,0.5398710085093801,0.8284942084942085,0.7854951880679422,0.8064219201198443,0.09631331537527069,office_4/seq_0010
office_4,seq_0010,14,consec_n0.3,6,0.7499999999999999,1.0,subset,0.3,25900,38758,0.2787637790501743,0.27765482063220626,0.27820929984119025,0.24803088803088802,0.444424376902833,0.31837716729999765,0.4808880308880309,0.6691779761597606,0.5596194953977671,0.8264864864864865,0.8354404252025388,0.8309393353437953,0.09473655187625796,office_4/seq_0010
office_4,seq_0010,14,consec_n0.3,6,0.7499999999999999,0.25,fixed,0.3,6475,52162,0.17409212936742022,0.5907697179520688,0.3824309236597445,0.4390733590733591,0.20167938345922318,0.27640004786021594,0.7045559845559846,0.37916490932096164,0.49301052975000426,0.9481081081081081,0.6298646524289713,0.7568949210192281,0.07353584447144593,office_4/seq_0010
office_4,seq_0010,14,consec_n0.3,6,0.7499999999999999,0.25,subset,0.3,6475,38758,0.17516213623761676,0.48744160471206954,0.33130187047484316,0.43397683397683395,0.24392383507920945,0.312309158291777,0.7016216216216217,0.4453790185252077,0.5448777241726744,0.9474903474903474,0.7054027555601424,0.8087181206731817,0.07809260539046303,office_4/seq_0010
office_4,seq_0010,14,spaced0.5,4,1.8000072419168278,1.0,fixed,0.5,23442,52162,0.27402810129790756,0.3174954771228585,0.29576178921038304,0.2681085231635526,0.3944250603887888,0.31922523797974045,0.5021329238119614,0.6495724857175722,0.566415211359314,0.8282996331371043,0.8120662551282543,0.8201026198088611,0.1029370234397063,office_4/seq_0010
office_4,seq_0010,14,spaced0.5,4,1.8000072419168278,1.0,subset,0.5,23442,35910,0.27607295313366687,0.2507538883754267,0.26341342075454677,0.26256292125245284,0.4693121693121693,0.33673498590822354,0.49812302704547395,0.7265942634363687,0.5910479696002404,0.8267212695162529,0.8685602896129212,0.8471244925816895,0.1032183155199619,office_4/seq_0010
office_4,seq_0010,14,spaced0.5,4,1.8000072419168278,0.25,fixed,0.5,5860,52162,0.15764606618606047,0.5757037303916189,0.3666748982888397,0.5186006825938566,0.24073080019937887,0.328823867135133,0.7737201365187714,0.4292588474368314,0.5521729281564459,0.9426621160409556,0.6583336528507342,0.7752502615130007,0.08883930835150347,office_4/seq_0010
office_4,seq_0010,14,spaced0.5,4,1.8000072419168278,0.25,subset,0.5,5860,35910,0.15811900297515824,0.45475272309473963,0.30643586303494896,0.5151877133105802,0.31147312726260096,0.3882296591691745,0.773037542662116,0.5309663046505152,0.6295332459782427,0.9426621160409556,0.7423558897243108,0.8306033187404056,0.0963855421686747,office_4/seq_0010
office_4,seq_0010,14,random_n0.5,4,1.0538848449909188,1.0,fixed,0.5,19905,52162,0.27480034377199014,0.46844580204459413,0.3716230729082921,0.27480532529515195,0.3371803228403819,0.3028141218133753,0.5107259482542075,0.500019171044055,0.5053158514464208,0.8177844762622457,0.692553966489015,0.7499774444420129,0.0935344827586207,office_4/seq_0010
office_4,seq_0010,14,random_n0.5,4,1.0538848449909188,1.0,subset,0.5,19905,31978,0.2775108496257077,0.3521368570493203,0.314823853337514,0.26862597337352423,0.43776971668021764,0.33294743417171413,0.5055513690027631,0.6087622740634187,0.5523769774605872,0.8158754081888973,0.7864469322659329,0.8008909264776766,0.0952237102675125,office_4/seq_0010
office_4,seq_0010,14,random_n0.5,4,1.0538848449909188,0.25,fixed,0.5,4976,52162,0.15625081064661472,0.687692846531549,0.4219718285890819,0.4694533762057878,0.17403473793182778,0.2539322592109713,0.7542202572347267,0.3141750699743108,0.4435758862999987,0.957395498392283,0.5552126068785707,0.7028364433906098,0.0698919143629183,office_4/seq_0010
office_4,seq_0010,14,random_n0.5,4,1.0538848449909188,0.25,subset,0.5,4976,31978,0.15687377141815423,0.5230181245996198,0.339945948008887,0.4670418006430868,0.25232972668709736,0.3276430201375725,0.7536173633440515,0.4200700481581087,0.5394487135336203,0.957395498392283,0.6785602601788729,0.7942152898444566,0.07886877552264278,office_4/seq_0010
office_4,seq_0010,14,consec_n0.5,4,0.4500000000000001,1.0,fixed,0.5,18304,52162,0.26590186242751,0.4664500188265319,0.36617594062702097,0.26076267482517484,0.2825045051953529,0.2711985304251922,0.5062281468531469,0.48713622943905527,0.49649872006568374,0.8454436188811189,0.6979793719565968,0.7646668601341348,0.08112329465765651,office_4/seq_0010
office_4,seq_0010,14,consec_n0.5,4,0.4500000000000001,1.0,subset,0.5,18304,32872,0.26896616482810365,0.3551400123743892,0.3120530886012464,0.25207604895104896,0.35416159649549767,0.2945236298185391,0.49939903846153844,0.5800377220734972,0.536706347727767,0.8428758741258742,0.7912509126308104,0.8162479313618801,0.08414668153931958,office_4/seq_0010
office_4,seq_0010,14,consec_n0.5,4,0.4500000000000001,0.25,fixed,0.5,4576,52162,0.1548755011194292,0.6646374039732187,0.4097564525463239,0.47792832167832167,0.1543077335991718,0.23329272516313274,0.7375437062937062,0.3123538207890802,0.43885158068690805,0.9694055944055944,0.5931137609754227,0.7359496649157509,0.06162906872798023,office_4/seq_0010
office_4,seq_0010,14,consec_n0.5,4,0.4500000000000001,0.25,subset,0.5,4576,32872,0.15614062615641336,0.5060328686715959,0.3310867474140046,0.4737762237762238,0.21647602823071307,0.29717018639206627,0.7336101398601399,0.406607447067413,0.5232182866343599,0.9689685314685315,0.7031516183986372,0.8149316197565981,0.06930083702609552,office_4/seq_0010
office_4,seq_0010,14,spaced1.0,2,1.0500000000000003,1.0,fixed,1.0,14887,52162,0.2586903342629613,0.3497511690979385,0.30422075168044993,0.288305232753409,0.2994708791840804,0.29378200227101636,0.5518237388325384,0.5801541351942027,0.5656344197668655,0.8483912138107074,0.8021164832636786,0.8246051539897529,0.09271997707079392,office_4/seq_0010
office_4,seq_0010,14,spaced1.0,2,1.0500000000000003,1.0,subset,1.0,14887,27087,0.26389162236358543,0.24540415166436602,0.2546478870139757,0.27554241956069053,0.41226418577177243,0.33031456913928153,0.5400013434540203,0.7107468527337837,0.6137194624813681,0.8454356149660778,0.887067597002252,0.8657513985628201,0.09798365570202455,office_4/seq_0010
office_4,seq_0010,14,spaced1.0,2,1.0500000000000003,0.25,fixed,1.0,3721,52162,0.1349987528935795,0.7697384568134965,0.452368604853538,0.5665143778554153,0.1863042061270657,0.2803969340596879,0.8159097016930933,0.35305394731797096,0.492847046324275,0.9715130341306101,0.5395498638855872,0.6937894193768045,0.06906275919270113,office_4/seq_0010
office_4,seq_0010,14,spaced1.0,2,1.0500000000000003,0.25,subset,1.0,3721,27087,0.13543909882695143,0.5140725056041602,0.3247558022155558,0.5603332437516797,0.29228042972643703,0.38417033732441724,0.8148347218489653,0.523055340200096,0.6371280641561893,0.9712442891695781,0.7038800900801122,0.8162253814927918,0.08395405499477898,office_4/seq_0010
office_4,seq_0010,14,random_n1.0,2,0.9045293066017996,1.0,fixed,1.0,12557,52162,0.2750323683989861,0.578963753756522,0.42699806107775407,0.2772955323723819,0.2240711629155324,0.24785823627267586,0.514852273632237,0.3778612783252176,0.435845827223632,0.8145257625228955,0.5975231011080864,0.6893500247627417,0.0764645190874699,office_4/seq_0010
office_4,seq_0010,14,random_n1.0,2,0.9045293066017996,1.0,subset,1.0,12557,22580,0.2797587999988613,0.38667428436384044,0.3332165421813509,0.2664649199649598,0.34685562444641277,0.3013916851463479,0.5090387831488413,0.5240035429583703,0.5164127725111772,0.8106235565819861,0.7697077059344553,0.789635961664915,0.08620201829670848,office_4/seq_0010
office_4,seq_0010,14,random_n1.0,2,0.9045293066017996,0.25,fixed,1.0,3139,52162,0.13445824988765648,0.9060872868776448,0.5202727683826507,0.5039821599235426,0.1213910509566351,0.19565572362912018,0.8196877986619943,0.2051493424331889,0.32816611762589964,0.9703727301688436,0.39212453510218165,0.5585434413589122,0.05603424001802106,office_4/seq_0010
office_4,seq_0010,14,random_n1.0,2,0.9045293066017996,0.25,subset,1.0,3139,22580,0.13494874862014658,0.6068221323428539,0.37088544048150024,0.5030264415418924,0.2432683790965456,0.32794124705813804,0.8193692258681109,0.3745349867139061,0.5140821832944403,0.9703727301688436,0.5853852967227635,0.7302445737227018,0.07661896101842335,office_4/seq_0010
office_4,seq_0010,14,consec_n1.0,2,0.15000000000000036,1.0,fixed,1.0,12115,52162,0.25245433956860036,0.5158894992199584,0.3841719193942794,0.28889806025588116,0.2263716882021395,0.2538411844054737,0.5429632686751961,0.4244277443349565,0.4764333599988279,0.8524969046636401,0.6447605536597523,0.7342175832066331,0.07368828654404647,office_4/seq_0010
office_4,seq_0010,14,consec_n1.0,2,0.15000000000000036,1.0,subset,1.0,12115,24045,0.2575574946528229,0.34467028752057793,0.3011138910867004,0.27280231118448206,0.3368267831149927,0.3014525578317152,0.5325629385059844,0.5630276564774381,0.5473717364255019,0.8498555509698721,0.7916822624246205,0.8197381258426855,0.08116913778449335,office_4/seq_0010
office_4,seq_0010,14,consec_n1.0,2,0.15000000000000036,0.25,fixed,1.0,3028,52162,0.15106078732241388,0.8064669369276578,0.47876386212503586,0.4986789960369881,0.12072006441470802,0.19438376441819571,0.7367899603698811,0.233982592691998,0.3551728459009911,0.9715984147952443,0.47647712894444233,0.6393926410400459,0.052509739709784876,office_4/seq_0010
office_4,seq_0010,14,consec_n1.0,2,0.15000000000000036,0.25,subset,1.0,3028,24045,0.1516560949398023,0.5304924313170558,0.34107426312842903,0.4953764861294584,0.22507797878976918,0.30952223538651275,0.7361294583883752,0.3864004990642545,0.5067852099780968,0.9709379128137384,0.6551466001247661,0.7823783665003317,0.06872001238198422,office_4/seq_0010
office_4,seq_0011,24,all,24,3.4499999999999993,1.0,fixed,0.0,58263,58635,0.2960101002781352,0.11342749715785863,0.20471879871799692,0.2885707910680878,0.773309456809073,0.4203007300266539,0.48387484338259273,0.8710838236548136,0.6221526294461449,0.8067555738633438,0.9502003922571842,0.8726222825416347,0.15237489529364315,office_4/seq_0011
office_4,seq_0011,24,all,24,3.4499999999999993,1.0,subset,0.0,58263,58635,0.2960101002781352,0.11342749715785863,0.20471879871799692,0.2885707910680878,0.773309456809073,0.4203007300266539,0.48387484338259273,0.8710838236548136,0.6221526294461449,0.8067555738633438,0.9502003922571842,0.8726222825416347,0.15237489529364315,office_4/seq_0011
office_4,seq_0011,24,all,24,3.4499999999999993,0.25,fixed,0.0,14565,58635,0.11248658420179523,0.36355855320002495,0.2380225687009101,0.6003432887058016,0.5084335294619254,0.5505790744613076,0.8381737040851356,0.6265541059094397,0.7170768141035164,0.9918297288019224,0.763980557687388,0.8631213009420272,0.2308775600531123,office_4/seq_0011
office_4,seq_0011,24,all,24,3.4499999999999993,0.25,subset,0.0,14565,58635,0.11248658420179523,0.36355855320002495,0.2380225687009101,0.6003432887058016,0.5084335294619254,0.5505790744613076,0.8381737040851356,0.6265541059094397,0.7170768141035164,0.9918297288019224,0.763980557687388,0.8631213009420272,0.2308775600531123,office_4/seq_0011
office_4,seq_0011,24,spaced0.3,11,3.15,1.0,fixed,0.3,41907,58635,0.2738723220905361,0.13521241251998173,0.2045423673052589,0.3293244565347078,0.6985929905346636,0.4476308045995409,0.5317011477796072,0.8357806770700094,0.6499326531656254,0.8266876655451356,0.9332310053722179,0.8767343332329796,0.16689830201220618,office_4/seq_0011
office_4,seq_0011,24,spaced0.3,11,3.15,1.0,subset,0.3,41907,49808,0.275096986410116,0.12288453229223123,0.1989907593511736,0.32588827642160023,0.7276943462897526,0.4501726796970552,0.5281217934951201,0.8577336973980083,0.6537302937972331,0.8261626935834109,0.9447478316736267,0.881484865825486,0.16253409877447986,office_4/seq_0011
office_4,seq_0011,24,spaced0.3,11,3.15,0.25,fixed,0.3,10476,58635,0.09958233801525719,0.46887310262011594,0.28422772031768656,0.6615120274914089,0.4466786049287968,0.5332715526356129,0.8645475372279496,0.5721156305960604,0.6885694162962352,0.9956090110729287,0.7262385946960007,0.8398532909018795,0.21954811099351157,office_4/seq_0011
office_4,seq_0011,24,spaced0.3,11,3.15,0.25,subset,0.3,10476,49808,0.09993616855716843,0.4224493971656503,0.26119278286140934,0.6591256204658267,0.48674911660777387,0.5599718767072964,0.862733867888507,0.6112873433986509,0.7155640503993644,0.9956090110729287,0.7588138451654353,0.8612312582308973,0.22238621215006665,office_4/seq_0011
office_4,seq_0011,24,random_n0.3,11,3.0,1.0,fixed,0.3,41571,58635,0.2802400550840354,0.13134154187885277,0.20579079848144408,0.32159438069808277,0.69623944742901,0.4399670903560292,0.5213730725746314,0.8331542594013814,0.641381219704221,0.8217507396983474,0.9405645092521532,0.8771524636948531,0.163505242106539,office_4/seq_0011
office_4,seq_0011,24,random_n0.3,11,3.0,1.0,subset,0.3,41571,49074,0.28220878281974693,0.1202710118141205,0.2012398973169337,0.3173366048447235,0.722643354933366,0.44101078412527733,0.5168506891823627,0.8533235521864939,0.6437734015529507,0.8205479781578504,0.951359171862901,0.8811250013465864,0.15919878877158525,office_4/seq_0011
office_4,seq_0011,24,random_n0.3,11,3.0,0.25,fixed,0.3,10392,58635,0.10348288876819342,0.4036322226145144,0.2535575556913539,0.6490569668976135,0.44536539609448283,0.528255859757732,0.8536374133949192,0.5797731730195276,0.6905433467045119,0.9934565050038491,0.7422529206105568,0.8496767736081632,0.21775606158384808,office_4/seq_0011
office_4,seq_0011,24,random_n0.3,11,3.0,0.25,subset,0.3,10392,49074,0.10397350166070617,0.3619476763486998,0.23296058900470298,0.6466512702078522,0.48583771447202184,0.5548267213689853,0.8518090839107005,0.6199209357297143,0.7175966750885612,0.9935527328714395,0.7742592819008028,0.8703045562033135,0.22231817309537516,office_4/seq_0011
office_4,seq_0011,24,consec_n0.3,11,1.5,1.0,fixed,0.3,37049,58635,0.25855139866020604,0.1463972821571489,0.20247434040867746,0.3540986261437556,0.6621642363775901,0.46143858056784764,0.5492725849550595,0.809158352519826,0.6543556800211038,0.8366217711679128,0.930110002558199,0.8808923791301728,0.17795237144061965,office_4/seq_0011
office_4,seq_0011,24,consec_n0.3,11,1.5,1.0,subset,0.3,37049,46461,0.26646593136432895,0.13341117697056354,0.19993855416744624,0.34181759291748764,0.6877381029250339,0.4566649164270796,0.5332397635563713,0.8319665956393535,0.6499203109585358,0.8276876568868256,0.9430920557026323,0.8816293164683036,0.1665415159168999,office_4/seq_0011
office_4,seq_0011,24,consec_n0.3,11,1.5,0.25,fixed,0.3,9262,58635,0.10140180469822091,0.43742828336703593,0.2694150440326284,0.6581731807385014,0.43114180949944575,0.5209989372231408,0.8628805873461456,0.5606890082715101,0.6797105842457037,0.9906067803930036,0.7205764475142833,0.8342857773005556,0.21805308029478349,office_4/seq_0011
office_4,seq_0011,24,consec_n0.3,11,1.5,0.25,subset,0.3,9262,46461,0.10487217691479016,0.38112144123280006,0.24299680907379512,0.6448931116389549,0.46718753363035664,0.541842039178458,0.849600518246599,0.6002023202255655,0.7034504124075656,0.9902828762686244,0.7593250252900282,0.8595600984621494,0.21886518195504334,office_4/seq_0011
office_4,seq_0011,24,spaced0.5,6,3.0,1.0,fixed,0.5,29544,58635,0.24956094752090865,0.15163305987448128,0.20059700369769495,0.37591389114541024,0.6219664023194338,0.46860492583892716,0.5892567018683996,0.7962138654387312,0.6772779839592362,0.8498510695911183,0.9273130382877122,0.886893870904503,0.18090647593873901,office_4/seq_0011
office_4,seq_0011,24,spaced0.5,6,3.0,1.0,subset,0.5,29544,41774,0.2527599580833676,0.1270515653141875,0.18990576169877754,0.3660641754670999,0.6808541197874276,0.4761332438321144,0.5814717032223125,0.8396131565088333,0.687096606258148,0.8481586785810994,0.9500646335040934,0.8962241326802378,0.17644999730734018,office_4/seq_0011
office_4,seq_0011,24,spaced0.5,6,3.0,0.25,fixed,0.5,7386,58635,0.08775699966258207,0.5561338862098651,0.3219454429362236,0.7185215272136475,0.3895113839856741,0.5051696780117436,0.8943948009748173,0.5133282169352775,0.6522846931951031,0.9959382615759546,0.6724481964696853,0.8028318433804786,0.20935998760266541,office_4/seq_0011
office_4,seq_0011,24,spaced0.5,6,3.0,0.25,subset,0.5,7386,41774,0.08815188803611276,0.43870106164772493,0.26342647484191883,0.7155429190360141,0.4747450567338536,0.5707870206343041,0.892228540481993,0.6046344616268492,0.7208036038868069,0.995802870295153,0.7547517594676114,0.8586809639182974,0.22450952516349162,office_4/seq_0011
office_4,seq_0011,24,random_n0.5,6,3.4499999999999993,1.0,fixed,0.5,30639,58635,0.2309483239578616,0.1544646074322552,0.1927064656950584,0.3758934691079996,0.6461328558028482,0.47528544960635494,0.586246287411469,0.8099087575680055,0.680162284230057,0.8693821599921668,0.913754583439925,0.8910162794634806,0.1848419449028818,office_4/seq_0011
office_4,seq_0011,24,random_n0.5,6,3.4499999999999993,1.0,subset,0.5,30639,41572,0.23310572701421828,0.12261990550686863,0.17786281626054345,0.3680603152844414,0.7175743288752044,0.4865552792491594,0.5816443095401286,0.8637303954584816,0.6951607327260564,0.868729397173537,0.9453237756182046,0.9054095723807036,0.181044282881692,office_4/seq_0011
office_4,seq_0011,24,random_n0.5,6,3.4499999999999993,0.25,fixed,0.5,7659,58635,0.09545756305111729,0.6058016963307981,0.3506296296909577,0.6778952865909388,0.39142150592649444,0.49628472272134805,0.8669539104321713,0.5143344418862454,0.6456352939120974,0.9952996474735605,0.6684403513259999,0.7997625187972927,0.20515951763089604,office_4/seq_0011
office_4,seq_0011,24,random_n0.5,6,3.4499999999999993,0.25,subset,0.5,7659,41572,0.09583566947547721,0.4564650344813731,0.27615035197842513,0.6747617182399791,0.48275281439430384,0.5628320152224038,0.8655176916046481,0.6165928990666795,0.7201514732018499,0.9951690821256038,0.7663571634754162,0.8659024602792665,0.22152148206543162,office_4/seq_0011
office_4,seq_0011,24,consec_n0.5,6,0.7500000000000002,1.0,fixed,0.5,24377,58635,0.2264189171336195,0.21688561578663682,0.22165226646012814,0.4184682282479386,0.5751343054489639,0.4844501209358922,0.6156212823563195,0.7064381342201757,0.6579104458409443,0.8699593879476556,0.8478383218214377,0.8587564220579753,0.19762271757173347,office_4/seq_0011
office_4,seq_0011,24,consec_n0.5,6,0.7500000000000002,1.0,subset,0.5,24377,37531,0.238194146878797,0.18525936404956317,0.21172675546418007,0.39762891249948723,0.622845114705177,0.4853846722473565,0.5896131599458506,0.7529242492872559,0.6613358298532677,0.8576527054190426,0.8769017612107325,0.8671704260176825,0.18244745030799517,office_4/seq_0011
office_4,seq_0011,24,consec_n0.5,6,0.7500000000000002,0.25,fixed,0.5,6094,58635,0.09467007492941132,0.5591352231081128,0.3269026490187621,0.7121759107318674,0.3509507973053637,0.4701955125451885,0.8664259927797834,0.4685426792871152,0.608190386119705,0.9868723334427305,0.6666496120064808,0.7957536457259367,0.19277433270423294,office_4/seq_0011
office_4,seq_0011,24,consec_n0.5,6,0.7500000000000002,0.25,subset,0.5,6094,37531,0.09940967361639697,0.4299636515178229,0.26468666256710993,0.695274040039383,0.4190935493325518,0.5229600501269321,0.8516573679028553,0.5494391303189363,0.6679538263697608,0.9863800459468329,0.7473555194372652,0.8503910127007541,0.20591603053435115,office_4/seq_0011
office_4,seq_0011,24,spaced1.0,4,3.15,1.0,fixed,1.0,24680,58635,0.20731622226503296,0.165893467768118,0.18660484501657548,0.4238654781199352,0.6056280378613456,0.4987011843124714,0.6360615883306321,0.7860151786475654,0.7031323126738361,0.8922204213938412,0.9159205252835337,0.9039151494615819,0.1932694280772726,office_4/seq_0011
office_4,seq_0011,24,spaced1.0,4,3.15,1.0,subset,1.0,24680,36533,0.21134855584530918,0.12476850322682638,0.16805852953606779,0.40863047001620745,0.7018038485752607,0.5165158023326523,0.6259319286871962,0.854679331015794,0.7226354366359653,0.8906807131280389,0.9520707305723592,0.9203531384044779,0.1915340926919577,office_4/seq_0011
office_4,seq_0011,24,spaced1.0,4,3.15,0.25,fixed,1.0,6170,58635,0.0794380035836963,0.6792683073262555,0.37935315545497594,0.7445705024311183,0.36906284642278503,0.4935076868387166,0.912803889789303,0.48743924277308776,0.6355131141047061,0.9991896272285251,0.6257525368807026,0.7695602438944461,0.19160358619208676,office_4/seq_0011
office_4,seq_0011,24,spaced1.0,4,3.15,0.25,subset,1.0,6170,36533,0.08077725767096428,0.46605391109070365,0.27341558438083396,0.7363047001620745,0.49207565762461336,0.5899111252432843,0.9084278768233387,0.6275148495880437,0.7422828633959132,0.9991896272285251,0.7604631429118879,0.8636327543490631,0.2155258556082938,office_4/seq_0011
office_4,seq_0011,24,random_n1.0,4,2.6999999999999997,1.0,fixed,1.0,23422,58635,0.2264693613499743,0.16768993025758713,0.19707964580378073,0.40329604645205364,0.5783576362240982,0.4752171814578379,0.6187345230979421,0.7488530741024985,0.6776037609930556,0.8753308854922722,0.9195872772235013,0.8969134775945083,0.18210422222888137,office_4/seq_0011
office_4,seq_0011,24,random_n1.0,4,2.6999999999999997,1.0,subset,1.0,23422,35837,0.23180319266743862,0.134786088104526,0.1832946403859823,0.38715737340961487,0.66143929458381,0.48842630875607956,0.6038766971223636,0.8084103022016352,0.6913327722295627,0.8731961403808385,0.9504143762033652,0.9101704092140455,0.17716992074231588,office_4/seq_0011
office_4,seq_0011,24,random_n1.0,4,2.6999999999999997,0.25,fixed,1.0,5855,58635,0.08421865012653924,0.7401142274649297,0.4121664387957345,0.7385140905209223,0.3424746311929735,0.4679463082296761,0.8982066609735269,0.44108467638782295,0.5916340729350983,0.9970964987190436,0.6047070862113072,0.7528405156342644,0.17582889999462625,office_4/seq_0011
office_4,seq_0011,24,random_n1.0,4,2.6999999999999997,0.25,subset,1.0,5855,35837,0.08480185249994263,0.5191738424910147,0.3019878474954787,0.7350982066609735,0.4671987052487652,0.5713013598898428,0.8949615713065756,0.5796244105254346,0.7035758912708657,0.9970964987190436,0.7366688059826436,0.847323320139015,0.20146937741465576,office_4/seq_0011
office_4,seq_0011,24,consec_n1.0,4,0.44999999999999996,1.0,fixed,1.0,19953,58635,0.2076337805376631,0.24506543276492582,0.22634960665129444,0.45256352428206287,0.5415536795429351,0.493075546542929,0.6505287425449807,0.6814530570478383,0.6656319184545609,0.8877862977998296,0.8301014752281061,0.8579753893841274,0.20162313806692939,office_4/seq_0011
office_4,seq_0011,24,consec_n1.0,4,0.44999999999999996,1.0,subset,1.0,19953,32055,0.22240852288071805,0.19274910045479193,0.207578811667755,0.42464792261815265,0.613664014974263,0.5019515613941241,0.6186037187390367,0.749430666042739,0.677761614924706,0.8726006114368766,0.8778973639057869,0.8752409740697418,0.18820996362016482,office_4/seq_0011
office_4,seq_0011,24,consec_n1.0,4,0.44999999999999996,0.25,fixed,1.0,4988,58635,0.08377303535424559,0.5972224706876368,0.3404977530209412,0.7546110665597434,0.318325232369745,0.4477651531616189,0.8991579791499599,0.43588300503112476,0.5871395509105014,0.9889735364875701,0.6362923168755863,0.7743671739096214,0.17567416358957144,office_4/seq_0011
office_4,seq_0011,24,consec_n1.0,4,0.44999999999999996,0.25,subset,1.0,4988,32055,0.08949060172543638,0.41564875599285533,0.25256967885914583,0.7323576583801122,0.4207455935111527,0.5344469493641406,0.884121892542101,0.5566058337232881,0.6831372703391132,0.9881716118684843,0.7528622679769147,0.8546153288272286,0.1971761730823265,office_4/seq_0011
