method,N_req,frac,N,n_cand,kept,n_pred,n_ref,acc,comp,chamfer,precision@0.1,recall@0.1,f1@0.1,precision@0.2,recall@0.2,f1@0.2,precision@0.5,recall@0.5,f1@0.5,iou,grid_voxel
A_point,-1,0.02,23.666666666666668,76640.7435897436,1532.3589743589744,1532.3589743589744,59403.743589743586,0.20390868163179127,1.9625680201083195,1.0832383508700554,0.7849424515851033,0.09521501172021161,0.16918835738138505,0.84276434355737,0.1263124920675232,0.21888609418381294,0.8698175407233757,0.20952905519786413,0.3355194855026762,0.05019407329695685,
A_point,-1,0.05,23.666666666666668,76640.7435897436,3831.5384615384614,3831.5384615384614,59403.743589743586,0.20539378301438746,1.5024898500691017,0.8539418165417447,0.6992177093151118,0.18489653851488116,0.29083219742086935,0.8110004242473824,0.23854444589598367,0.3665609912516532,0.8833022599362474,0.34748328158144154,0.49488369221989903,0.09600967985431104,
A_point,-1,0.1,23.666666666666668,76640.7435897436,7663.5641025641025,7663.5641025641025,59403.743589743586,0.21692803395377647,1.1088281817774481,0.6628781078656123,0.5948647638846999,0.27850148591575863,0.3766395548247298,0.7568798278529723,0.360589334845848,0.48540944893752824,0.8898834497823458,0.4856037554726947,0.6246385861292377,0.13282243582377967,
A_point,-1,0.25,23.666666666666668,76640.7435897436,19159.82051282051,19159.82051282051,59403.743589743586,0.25894023126843546,0.5283561134477422,0.39364817235808885,0.44952924718075254,0.4289595999618758,0.4352111634223142,0.650458663848099,0.5458547399914058,0.5903215132523426,0.8648972821459119,0.7007185503119595,0.7712999230316259,0.15994731026551523,
A_point,-1,0.5,23.666666666666668,76640.7435897436,38320.07692307692,38320.07692307692,59403.743589743586,0.3662493877282477,0.3234297338657863,0.344839560797017,0.32612489111286275,0.5495192523029632,0.4058170319178415,0.5219633440525878,0.6879867280859094,0.5902280447379666,0.7884189761990447,0.829122792103368,0.8062983515959,0.1453931481620279,
A_point,-1,1.0,23.666666666666668,76640.7435897436,76640.7435897436,76640.7435897436,59403.743589743586,0.5646359442861818,0.2611282379417207,0.4128820911139513,0.22603022705690387,0.6633699806783862,0.33449765036379464,0.38999883243951716,0.7724532035405679,0.514616147328285,0.6691959649032534,0.8676931617290355,0.7527794527151989,0.11421622680523254,
A_point,1,0.02,1.0,9476.871794871795,188.94871794871796,188.94871794871796,59403.743589743586,0.21436640891680048,3.011085642102425,1.6127260255096127,0.7652388087182437,0.015620144149258644,0.030585182351531508,0.8108352754839911,0.025204810114063343,0.04880585545172012,0.8512189140095245,0.05884569573496996,0.10956463811967455,0.00673850678088673,
A_point,1,0.05,1.0,9476.871794871795,473.35897435897436,473.35897435897436,59403.743589743586,0.19009333581877888,2.6965256593454945,1.4433094975821366,0.754046159551963,0.03659605792882069,0.06966345865434838,0.8288598134922216,0.05581052668125666,0.10419661282902691,0.8865838391132801,0.1077368359007637,0.19028244283287918,0.01650782777892254,
A_point,1,0.1,1.0,9476.871794871795,947.2307692307693,947.2307692307693,59403.743589743586,0.1885529922050269,2.2947127872646362,1.2416328897348314,0.7018689751465612,0.06610851511042015,0.12042698802071716,0.8093885396656422,0.10058951990197744,0.17788822650326347,0.8978793821475364,0.17988148697245773,0.29591041385383055,0.029943473571042326,
A_point,1,0.25,1.0,9476.871794871795,2368.948717948718,2368.948717948718,59403.743589743586,0.21495415128156467,1.449471003745307,0.8322125775134358,0.5984977362662012,0.13182296052902417,0.2146164971666552,0.7443898216722575,0.2140947071676423,0.3291481600611549,0.8866126340416628,0.3737086666147358,0.5163886265915006,0.056497892722942464,
A_point,1,0.5,1.0,9476.871794871795,4738.282051282052,4738.282051282052,59403.743589743586,0.2633742816078293,0.8908449110881296,0.5771095963479794,0.5095412236449929,0.20146519824620288,0.28600626419544994,0.672144838569988,0.32732908332178823,0.43553221943934783,0.8493236256245843,0.5311359911845034,0.6444326490434212,0.08155180092790268,
A_point,1,1.0,1.0,9476.871794871795,9476.871794871795,9476.871794871795,59403.743589743586,0.385945107698832,0.6589276718316542,0.5224363897652431,0.3852910509103563,0.2635718118529843,0.3101814057882413,0.5496912691940804,0.4130263448973494,0.4683985321378118,0.7680560768374977,0.6351516826131606,0.6892205778067895,0.09732368536724503,
A_point,2,0.02,2.0,16246.948717948719,324.5128205128205,324.5128205128205,59403.743589743586,0.1634797404854689,2.281620037332602,1.2225498889090356,0.724038839761998,0.02440038020795457,0.047138955948294516,0.8441628761418452,0.044324634395605855,0.08401470900481718,0.9026004257987049,0.10563338920437225,0.1881935545639137,0.010105808548308353,
A_point,2,0.05,2.0,16246.948717948719,811.9230769230769,811.9230769230769,59403.743589743586,0.1623616651762481,2.0114169225586274,1.086889293867438,0.715245961171379,0.057176403518455425,0.1055837681448676,0.8399018574374119,0.0930370114534631,0.16690039889067265,0.9096296429234376,0.17841153303963128,0.2965195071229307,0.025014709679209653,
A_point,2,0.1,2.0,16246.948717948719,1624.3076923076924,1624.3076923076924,59403.743589743586,0.1695310150046462,1.6834630252792904,0.9264970201419683,0.6845042745743966,0.10467017462039375,0.18082758717282746,0.8198276356682694,0.16317724244242543,0.27091273086882695,0.9083488143439477,0.27950525521303027,0.4243446555916847,0.04667029716230489,
A_point,2,0.25,2.0,16246.948717948719,4061.3846153846152,4061.3846153846152,59403.743589743586,0.21167410743009257,0.9727248891437343,0.5921994982869134,0.5817644491721544,0.20447065190180402,0.30083514757620333,0.742557021434169,0.3240231642854579,0.44847009334595794,0.8850677203676162,0.5148682882427057,0.6476901483973219,0.08638282317784671,
A_point,2,0.5,2.0,16246.948717948719,8123.2307692307695,8123.2307692307695,59403.743589743586,0.27649990903977156,0.6019674670378969,0.4392336880388342,0.4826647760707833,0.2934530219304064,0.36262332383625867,0.6567520922952639,0.45261796154448714,0.5335024711834669,0.8446598940273151,0.669282086484183,0.7443838076688667,0.11459628953345942,
A_point,2,1.0,2.0,16246.948717948719,16246.948717948719,16246.948717948719,59403.743589743586,0.4333413213268042,0.44549982690820106,0.4394205741175027,0.35770144105126067,0.37232661370836784,0.3624858168019683,0.5264272260375452,0.5546830537898281,0.5378840960635889,0.7537341686118633,0.7647544847576864,0.7569438481227299,0.12222337147725544,
A_point,4,0.02,4.0,28508.5641025641,569.6666666666666,569.6666666666666,59403.743589743586,0.2053916117489971,2.1792181750388515,1.1923048933939244,0.766502545522462,0.04319672531807418,0.08169695816946894,0.8366964825767338,0.06927690979312293,0.12773221310286748,0.8671146968425208,0.1441841182354854,0.24599262762208157,0.019617800624007073,
A_point,4,0.05,4.0,28508.5641025641,1424.974358974359,1424.974358974359,59403.743589743586,0.18913482553159897,1.8599745574660187,1.0245546914988088,0.7561863263358493,0.09787854747879485,0.1730383073572494,0.8396861708386779,0.14193072741739426,0.24217198189567832,0.8859202520775883,0.23932924913164597,0.37445935770812266,0.04686192117188844,
A_point,4,0.1,4.0,28508.5641025641,2850.4358974358975,2850.4358974358975,59403.743589743586,0.19471553829223476,1.4749344550633496,0.8348249966777922,0.6934795402301271,0.16622297696404553,0.26762028872682986,0.8116555534190338,0.2351494935811625,0.36361429158094344,0.8927875452628697,0.36196427384327073,0.5119461568960587,0.07903310157185607,
A_point,4,0.25,4.0,28508.5641025641,7126.74358974359,7126.74358974359,59403.743589743586,0.22590828638810947,0.8020813875091263,0.5139948369486179,0.5614285895931376,0.29339926009149275,0.38433754240742185,0.7282708474882699,0.4232189108301509,0.5334872652331345,0.8807944703036739,0.5985223548032064,0.7096296344371709,0.12501915479844136,
A_point,4,0.5,4.0,28508.5641025641,14254.0,14254.0,59403.743589743586,0.28598565614635557,0.4560785422758931,0.37103209921112434,0.443727582098425,0.39472815361066277,0.41653768015561826,0.627212179449493,0.5584589092048249,0.5892808746719675,0.837263241753326,0.7508941947929411,0.7887861059418713,0.14400325108766474,
A_point,4,1.0,4.0,28508.5641025641,28508.5641025641,28508.5641025641,59403.743589743586,0.449581917540213,0.3496430113493184,0.3996124644447657,0.3202516382475669,0.49236684767576644,0.3868997464052091,0.4937943922147763,0.6665322874010565,0.5655202439544511,0.7394234777254526,0.8235538454709962,0.7770886222780083,0.1357517154097797,
A_point,8,0.02,8.0,44257.256410256414,884.6923076923077,884.6923076923077,59403.743589743586,0.21292236422826563,2.1139487374509276,1.1634355508395966,0.7872584428656483,0.06292680937884432,0.1164090431609273,0.8354432855365191,0.08918359109727073,0.1608967340849331,0.8601900714792151,0.1654167432174687,0.27608287599465414,0.03146479501649145,
A_point,8,0.05,8.0,44257.256410256414,2212.4615384615386,2212.4615384615386,59403.743589743586,0.19729817990229867,1.703403299009296,0.9503507394557974,0.7463612996846452,0.13533777953672227,0.2287316336596897,0.8320709943574763,0.18258293438360879,0.2986923531659024,0.883065263656311,0.282815528521366,0.42614516910625794,0.06857287141823434,
A_point,8,0.1,8.0,44257.256410256414,4425.333333333333,4425.333333333333,59403.743589743586,0.2069000865956451,1.297126900789469,0.752013493692557,0.6591469308928806,0.21632456353638624,0.3250680740142273,0.7906649920910729,0.2920917414459684,0.42521874019775113,0.8890089607132226,0.42118221782979876,0.5680645189794428,0.10552198640493714,
A_point,8,0.25,8.0,44257.256410256414,11064.051282051281,11064.051282051281,59403.743589743586,0.23774450693596194,0.6585578791387313,0.44815119303734663,0.5154121263474252,0.35802708319682863,0.42129772350987704,0.6976092151104819,0.48477540282901405,0.5702288448103098,0.8763008296556715,0.647373988591435,0.7415415368835517,0.1469858852331066,
A_point,8,0.5,8.0,44257.256410256414,22128.384615384617,22128.384615384617,59403.743589743586,0.3112321869819929,0.3768643622353036,0.34404827460864823,0.3920757020381931,0.4687957065270494,0.42560565617084084,0.5838316077577007,0.6278073300181911,0.6030498895460163,0.8215903945576539,0.798675802279967,0.8073274551512802,0.15196401649542943,
A_point,8,1.0,8.0,44257.256410256414,44257.256410256414,44257.256410256414,59403.743589743586,0.48739401401210886,0.3008989314614273,0.3941464727367681,0.27671175822800176,0.5776741593906288,0.3730103384086406,0.4490115747925169,0.727221631560887,0.5534940613152078,0.7150259481967834,0.8496614307489901,0.77516160651924,0.1304848841335402,
A_point,16,0.02,15.692307692307692,63060.53846153846,1260.7179487179487,1260.7179487179487,59403.743589743586,0.20725544159979511,2.012410862697905,1.1098331521488503,0.7900851763872171,0.0841498396643786,0.15186090806390865,0.8411915175053349,0.11342896382755449,0.19948268396435742,0.8665258911455371,0.19410334241792135,0.3155227380690504,0.04354292751167345,
A_point,16,0.05,15.692307692307692,63060.53846153846,3152.5128205128203,3152.5128205128203,59403.743589743586,0.20201356027664463,1.5597138311469205,0.8808636957117825,0.7198161160919103,0.16986125331455912,0.2742492000432642,0.8205241870644634,0.22086428181825654,0.3470656877518265,0.8844475269415961,0.3277210149579128,0.4756632125547758,0.08804700045050386,
A_point,16,0.1,15.692307692307692,63060.53846153846,6305.589743589743,6305.589743589743,59403.743589743586,0.21412684211830602,1.1576132359048088,0.6858700390115574,0.6185836154219774,0.25958402064112523,0.36466715609327505,0.7701617715786379,0.3403971770771409,0.47052883044764954,0.8894899286424848,0.4688461931905326,0.6106274120854499,0.125177473273209,
A_point,16,0.25,15.692307692307692,63060.53846153846,15764.71794871795,15764.71794871795,59403.743589743586,0.24986260635782911,0.5535460463457096,0.40170432635176934,0.47090043580197827,0.4084597292962521,0.4357087942937075,0.6655875873132019,0.5286168668419169,0.5872829302401239,0.8700940731522443,0.6884156162733359,0.7659115400003883,0.15846192788825936,
A_point,16,0.5,15.692307692307692,63060.53846153846,31530.02564102564,31530.02564102564,59403.743589743586,0.34289330935848356,0.34094126743171554,0.3419172883950996,0.3452083775253689,0.5253619810810515,0.4148166227521351,0.5399947092787236,0.6702772005829096,0.5958655985942168,0.8004782741550215,0.8203866563850686,0.8083022715320926,0.14953001434462743,
A_point,16,1.0,15.692307692307692,63060.53846153846,63060.53846153846,63060.53846153846,59403.743589743586,0.5321707679048873,0.27698295339331147,0.40457686064909937,0.2413032230562237,0.6405766963528488,0.34903581240190007,0.4085519781770564,0.7590715616809705,0.52885310425453,0.6858891002413372,0.8600456558773504,0.7614036558193927,0.1206012490326273,
B_argmax,-1,0.02,23.666666666666668,77800.20512820513,1555.5128205128206,1555.5128205128206,59403.743589743586,0.21155599184091925,1.9294891585571912,1.0705225751990552,0.7672497455990415,0.0922557300795969,0.1639689417037923,0.8334741063514783,0.12588997411579003,0.21761888828978385,0.8717405203997697,0.2175099089316921,0.34524632914717773,0.04621511971394982,
B_argmax,-1,0.05,23.666666666666668,77800.20512820513,3889.4615384615386,3889.4615384615386,59403.743589743586,0.19988471642466818,1.4270326845040993,0.8134587004643838,0.6460542334237288,0.17487960576434294,0.2733120864796202,0.7846971405487242,0.2399636445346683,0.36507844177097554,0.8992504717382025,0.37911186539036984,0.5292050956414331,0.0857043290885437,
B_argmax,-1,0.1,23.666666666666668,77800.20512820513,7779.538461538462,7779.538461538462,59403.743589743586,0.22318377592419344,0.9642808558962878,0.5937323159102406,0.5209830915729784,0.252473388637758,0.3371583692172418,0.7078635700316743,0.3506460535827833,0.46615810189925877,0.8935908400942818,0.5272917716408103,0.6594236525673882,0.11352132740211343,
B_argmax,-1,0.25,23.666666666666668,77800.20512820513,19449.666666666668,19449.666666666668,59403.743589743586,0.31054683151213386,0.4917574615764057,0.4011521465442697,0.3450001672561388,0.3762771013458908,0.3569232427223909,0.5551851351048993,0.5355701653068144,0.5422806934478701,0.8323014701173657,0.7386622837673794,0.7795572522934666,0.122097966149682,
B_argmax,-1,0.5,23.666666666666668,77800.20512820513,38899.846153846156,38899.846153846156,59403.743589743586,0.40227694187179036,0.3339276031149381,0.36810227249336425,0.25390855960163994,0.49866273875655676,0.334378142121439,0.449529290970484,0.6639038494895849,0.5337711304107584,0.7630271491495244,0.8274865022194019,0.7922863756885862,0.11323735143580926,
B_argmax,-1,1.0,23.666666666666668,77800.20512820513,77800.20512820513,77800.20512820513,59403.743589743586,0.547640544545439,0.25127850058179135,0.39945952256361517,0.186474408642074,0.6360548669657784,0.28695517279766947,0.3534501483622818,0.7796991899334724,0.4842339191247166,0.6654887791981389,0.878501704320231,0.7551472718878601,0.09510957775569889,
B_argmax,1,0.02,1.0,9388.948717948719,187.23076923076923,187.23076923076923,59403.743589743586,0.23465562534557918,3.018935775302262,1.6267957003239206,0.7265934116284313,0.014155458497821254,0.02774240401817903,0.781441694315818,0.02324095772062633,0.04505758740060118,0.830228355496985,0.056362808928994715,0.10506980251184782,0.006308658686414285,
B_argmax,1,0.05,1.0,9388.948717948719,469.0,469.0,59403.743589743586,0.20963149585245588,2.679292980455265,1.4444622381538603,0.7234446375925432,0.03350712802457561,0.06391498372558109,0.8052581405191961,0.052308727099919315,0.09785930000353688,0.869207961271791,0.10644866445249178,0.1876773375410505,0.015381987113314155,
B_argmax,1,0.1,1.0,9388.948717948719,938.4871794871794,938.4871794871794,59403.743589743586,0.20524991411962937,2.265119614383298,1.2351847642514637,0.6838822627135843,0.06165805157034459,0.11270429954347101,0.7950180166955376,0.09532730608492915,0.16923808741915136,0.884349966064398,0.1791829100515329,0.29447505929307016,0.027913260543678983,
B_argmax,1,0.25,1.0,9388.948717948719,2346.871794871795,2346.871794871795,59403.743589743586,0.22186208487353826,1.455363065002452,0.8386125749379951,0.5622454672996625,0.11678944748237079,0.1921786189472035,0.7145113571667614,0.18806749276762785,0.2949315497485834,0.882901464448749,0.35988387997752136,0.5029836818834137,0.05196881776835573,
B_argmax,1,0.5,1.0,9388.948717948719,4694.25641025641,4694.25641025641,59403.743589743586,0.2740057479466667,0.9258326110402347,0.5999191794934507,0.4414433740954203,0.1615052215574424,0.23450087173089734,0.6181360186050078,0.2810171219799714,0.3822760269551093,0.8452077191330022,0.5256806569974996,0.638879735627454,0.06981189410809593,
B_argmax,1,1.0,1.0,9388.948717948719,9388.948717948719,9388.948717948719,59403.743589743586,0.3944843987894514,0.6320519408587927,0.513268169824122,0.31853290899068293,0.22342504995413703,0.2603019684672151,0.49307762938244554,0.4097489553506602,0.4440959920271446,0.7610173947152429,0.6613651345316842,0.7021105358831465,0.07854271173288391,
B_argmax,2,0.02,2.0,16238.23076923077,324.2564102564103,324.2564102564103,59403.743589743586,0.17571559955253,2.289724640854452,1.232720120203491,0.6967150691679123,0.02282618828011574,0.04415183514454939,0.8219975516863902,0.041661481273233214,0.07915745848654394,0.8931387491316699,0.1030600198477886,0.1839828440996543,0.009631111658499872,
B_argmax,2,0.05,2.0,16238.23076923077,811.4615384615385,811.4615384615385,59403.743589743586,0.177915115722905,2.0084533341849555,1.09318422495393,0.6871762179259151,0.053094767795099126,0.09833473695965951,0.8156101048267308,0.08848620878555333,0.15910669404346164,0.8984777916379085,0.17815049775227143,0.295304424357263,0.02337928842403686,
B_argmax,2,0.1,2.0,16238.23076923077,1623.2820512820513,1623.2820512820513,59403.743589743586,0.18325829850675004,1.6281083355344572,0.9056833170206037,0.6653371083544081,0.09890775941805072,0.1715769075960617,0.802712684106424,0.1589975982826512,0.2640347321379545,0.9000978123002707,0.2913429735380364,0.4364974289882033,0.043981654294518086,
B_argmax,2,0.25,2.0,16238.23076923077,4059.230769230769,4059.230769230769,59403.743589743586,0.2204936727614291,0.9960267650084166,0.6082602188849229,0.5476548756471377,0.1861699470275614,0.27653173123173314,0.714557434619065,0.29785130346940014,0.41830563807687954,0.8827252245002952,0.5097252188470484,0.6434903317092026,0.07962960920105344,
B_argmax,2,0.5,2.0,16238.23076923077,8118.820512820513,8118.820512820513,59403.743589743586,0.2882523650332394,0.5932534170190026,0.44075289102612103,0.4253902110024704,0.2549447967261585,0.3169446991047153,0.6088712230243211,0.4223274474220412,0.4966858739049235,0.836655788414192,0.678444698733473,0.7470333239625535,0.10033262438634981,
B_argmax,2,1.0,2.0,16238.23076923077,16238.23076923077,16238.23076923077,59403.743589743586,0.4369663080018107,0.42179782091673673,0.42938206445927374,0.3065932415592985,0.3436338613565975,0.3222221843240236,0.48369481565684824,0.5667295757832337,0.5203017631311345,0.7494408976831841,0.7842853137879521,0.7646373126691437,0.10426357940238358,
B_argmax,4,0.02,4.0,27976.102564102563,559.0512820512821,559.0512820512821,59403.743589743586,0.22557968521903077,2.193488076067698,1.2095338806433644,0.7418581273591971,0.03993938217380328,0.07574106381859931,0.8112014949779535,0.0647794879258471,0.11977175674059438,0.8510764503218484,0.13933727056122916,0.23819507347809127,0.017500175025558225,
B_argmax,4,0.05,4.0,27976.102564102563,1398.3076923076924,1398.3076923076924,59403.743589743586,0.20387294991346375,1.852016934884287,1.0279449423988756,0.7388117381398356,0.09033222329914999,0.16074437663454919,0.8242597119117706,0.13367267475555686,0.22943765133553556,0.8787573663564928,0.2374708345592127,0.37110518372896206,0.0418433982403343,
B_argmax,4,0.1,4.0,27976.102564102563,2797.1794871794873,2797.1794871794873,59403.743589743586,0.19904696676914369,1.4241673096368777,0.8116071382030107,0.675139098959306,0.15536326328777159,0.25206909264703387,0.8005093206597588,0.22866412911441444,0.3545629867677126,0.8966654459097305,0.3795819373201603,0.530139965214436,0.07070070740461522,
B_argmax,4,0.25,4.0,27976.102564102563,6993.641025641025,6993.641025641025,59403.743589743586,0.23550105177544298,0.7830191574944829,0.509260104634963,0.5042916112688349,0.2559188424687097,0.33868482362488395,0.6842720459262315,0.3820776098183864,0.4890608166772709,0.8792591447647661,0.6002554921139813,0.7106764507396666,0.10666920124805405,
B_argmax,4,0.5,4.0,27976.102564102563,13987.76923076923,13987.76923076923,59403.743589743586,0.3077863728841071,0.4456074022250103,0.3766968875545587,0.3705447517407664,0.3428464188627291,0.3552138045573716,0.5637920770976712,0.5300889595187744,0.5452523111228836,0.8233254567864106,0.7590284331286805,0.7875383249324791,0.11763639956682745,
B_argmax,4,1.0,4.0,27976.102564102563,27976.102564102563,27976.102564102563,59403.743589743586,0.4584270193509278,0.33624936009642287,0.39733818972367535,0.2644294962972383,0.4554369939599762,0.3338117810315849,0.44223894630652094,0.6730136456713038,0.5326082380142797,0.7291342460600772,0.8385356410154048,0.7784848401790978,0.1110703708759204,
B_argmax,8,0.02,8.0,43235.05128205128,864.1282051282051,864.1282051282051,59403.743589743586,0.22897484293969553,2.1400665818412787,1.1845207123904868,0.775658286657299,0.05867603371515559,0.10896946660942887,0.8220956841473162,0.08354590548199294,0.15132173248961805,0.8512890271254212,0.15735791455566184,0.26420179494387486,0.02799311370658155,
B_argmax,8,0.05,8.0,43235.05128205128,2161.2820512820513,2161.2820512820513,59403.743589743586,0.20419378464448565,1.6590313086389727,0.9316125466417292,0.7211481483559663,0.12597245746382305,0.21394923664506593,0.820750605765871,0.17873738816826196,0.2925406344573427,0.8865209077859719,0.2979936688595886,0.44321543312027173,0.061069091679970954,
B_argmax,8,0.1,8.0,43235.05128205128,4323.051282051282,4323.051282051282,59403.743589743586,0.207874225343639,1.2627132284498497,0.7352937268967443,0.6121387998681107,0.19758355568472943,0.2978753378990231,0.761991647438456,0.2780472699196152,0.40596049168291654,0.896673746923131,0.4355859388061252,0.5824674198885514,0.09193794826754738,
B_argmax,8,0.25,8.0,43235.05128205128,10808.410256410256,10808.410256410256,59403.743589743586,0.2588707173271306,0.6122154456182053,0.43554308147266785,0.42943197863943994,0.30429530158772483,0.35520385839760166,0.63037043555944,0.45349658445715263,0.5262210795945881,0.8649599469711772,0.6697220301170569,0.7523620082525798,0.11838656154661929,
B_argmax,8,0.5,8.0,43235.05128205128,21617.25641025641,21617.25641025641,59403.743589743586,0.3469319672501269,0.3766054553396489,0.3617687112948879,0.30912015633385137,0.4072985276468485,0.35052215078149207,0.5079568296984761,0.602352635422177,0.5496327458730972,0.7976620616239178,0.7995572869637227,0.7962800924348363,0.11811388682722171,
B_argmax,8,1.0,8.0,43235.05128205128,43235.05128205128,43235.05128205128,59403.743589743586,0.4962457970524356,0.2889685738392035,0.3926071854458195,0.22469712266080932,0.5364832126484755,0.3160340347795807,0.40006257359444225,0.7330104903958491,0.5163516352937066,0.7022915733849039,0.8621719006468498,0.7726928034219315,0.10606068905308365,
B_argmax,16,0.02,15.692307692307692,63183.46153846154,1263.2051282051282,1263.2051282051282,59403.743589743586,0.2176690704944365,2.010027506771356,1.113848288632896,0.7758544657638813,0.08053687432502625,0.14563704361744126,0.8329971834921424,0.11014101144088108,0.1939703840286334,0.865896585012614,0.19382980987542764,0.3146400025375763,0.039738379654871536,
B_argmax,16,0.05,15.692307692307692,63183.46153846154,3158.6153846153848,3158.6153846153848,59403.743589743586,0.20347172891187182,1.492130495053234,0.8478011119825529,0.6735316391349899,0.16018368717804363,0.2580383404994335,0.7976804478894955,0.22138688267699308,0.34535639698967546,0.8942573845287387,0.3558196658594216,0.5057856064929094,0.07814711978633648,
B_argmax,16,0.1,15.692307692307692,63183.46153846154,6317.923076923077,6317.923076923077,59403.743589743586,0.21567128861830084,1.056579025246162,0.6361251569322314,0.5529197535282873,0.23664360772892243,0.3302495911029869,0.7268105475453563,0.32796303170739943,0.45048572020859423,0.8969917441082722,0.495220568058554,0.6354883183807531,0.10870576921369669,
B_argmax,16,0.25,15.692307692307692,63183.46153846154,15795.461538461539,15795.461538461539,59403.743589743586,0.2887560689909503,0.5119829767289176,0.40036952285993394,0.3685424826257902,0.35469523088321075,0.36008502026439493,0.5761120141703606,0.5169608672206962,0.5432677485330426,0.8444811688319087,0.726773448249943,0.7782157120483534,0.12271753287844361,
B_argmax,16,0.5,15.692307692307692,63183.46153846154,31591.4358974359,31591.4358974359,59403.743589743586,0.37998924375325915,0.34539001607589137,0.3626896299145753,0.2672753195308483,0.46939424120615814,0.33962803371790384,0.46371149860737615,0.6481251550350812,0.5391599325965393,0.7734397246045353,0.8222033869497631,0.7952572632436772,0.11502077237915084,
B_argmax,16,1.0,15.692307692307692,63183.46153846154,63183.46153846154,63183.46153846154,59403.743589743586,0.5294381257106017,0.2657310322285036,0.3975845789695527,0.1966488637793832,0.6064970428067125,0.2962647680821849,0.3667342420867924,0.7678515896882412,0.4949571373270558,0.6777257993888578,0.8720421974685059,0.7610923232811565,0.09873648328127527,
B_argmax_matchE50,-1,0.02,23.666666666666668,77800.20512820513,333.56410256410254,333.56410256410254,59403.743589743586,0.26206616802067617,2.4349201647769214,1.348493166398799,0.7632769267887718,0.02339038735802048,0.045330025843713595,0.7989638379017115,0.03923655095318325,0.07459056504299252,0.8158390508480112,0.09136275350232843,0.16321881154805512,0.01017553371540495,
B_argmax_matchE50,-1,0.05,23.666666666666668,77800.20512820513,834.6666666666666,834.6666666666666,59403.743589743586,0.23026313596868442,2.2211515187952533,1.225707327381969,0.7836526293847907,0.05326385058080996,0.09944159537412348,0.8229063853612737,0.07450279600312612,0.13598137210113273,0.8497880592092155,0.14069795313080702,0.23951027367913694,0.026005787756438456,
B_argmax_matchE50,-1,0.1,23.666666666666668,77800.20512820513,1669.7948717948718,1669.7948717948718,59403.743589743586,0.2070815427198764,1.899442687936533,1.0532621153282047,0.7610744126389779,0.09748762526790788,0.17189412582515182,0.8336207699754744,0.13473075806711424,0.23017843827706044,0.8761848771373065,0.23418915854700523,0.3640848666561835,0.04920724484423207,
B_argmax_matchE50,-1,0.25,23.666666666666668,77800.20512820513,4175.179487179487,4175.179487179487,59403.743589743586,0.19717137321479228,1.3987934997675988,0.7979824364911955,0.6404196520251926,0.18520062351785704,0.2846213297942249,0.784359737667437,0.2547321769390634,0.3803644137471461,0.9032679561249972,0.39439852677393583,0.543119878458557,0.08987137502154485,
B_argmax_matchE50,-1,0.5,23.666666666666668,77800.20512820513,8350.871794871795,8350.871794871795,59403.743589743586,0.2228776540090238,0.9114913982406486,0.5671845261248362,0.5102886433312429,0.26305196751773646,0.34352764955214443,0.7034832329488463,0.3644011836892673,0.476263917697251,0.8959139363940408,0.5437747392312934,0.671601142099128,0.11666883098925095,
B_argmax_matchE50,-1,1.0,23.666666666666668,77800.20512820513,16702.30769230769,16702.30769230769,59403.743589743586,0.2882359323025933,0.5355335702005849,0.41188475125158913,0.37041105209576575,0.35594643271752285,0.35945087535131703,0.5823918632721625,0.5090240548860661,0.5397519781337747,0.8489183574302702,0.7144297203412675,0.7719071926748148,0.12309599306451083,
B_argmax_matchE50,1,0.02,1.0,9388.948717948719,53.97435897435897,53.97435897435897,59403.743589743586,0.2626796340368739,3.2722553961038887,1.7674675150703814,0.7112829874359963,0.0045050837655725515,0.00894952335140809,0.7374375997121191,0.00870239221571909,0.017188193896937452,0.783467644493978,0.027690133715251104,0.053385055509849816,0.0018005311687919255,
B_argmax_matchE50,1,0.05,1.0,9388.948717948719,135.64102564102564,135.64102564102564,59403.743589743586,0.24555066926458927,3.0957067546059123,1.6706287119352505,0.7217432730918917,0.010825316034188922,0.02130647225659764,0.7671561352454556,0.018022274999819055,0.035156865586466995,0.8142875178649326,0.04673539043942211,0.08800186069491583,0.0046747625954901015,
B_argmax_matchE50,1,0.1,1.0,9388.948717948719,271.7692307692308,271.7692307692308,59403.743589743586,0.2254388542440966,2.9083103237488612,1.566874588996479,0.7274670780837359,0.020700379094718693,0.04016752197427223,0.7934554243616794,0.03264890068027166,0.0625190032296833,0.8454478759418,0.07219205111947613,0.1322612052748313,0.009358683828536819,
B_argmax_matchE50,1,0.25,1.0,9388.948717948719,680.3076923076923,680.3076923076923,59403.743589743586,0.20800847840012351,2.5083611065221847,1.3581847924611543,0.701184239175865,0.04717287738782812,0.0880067667231288,0.7987608304681684,0.07248056762668006,0.13199953234062217,0.8782819555363012,0.1413479235655695,0.23993372599641033,0.021491266490719054,
B_argmax_matchE50,1,0.5,1.0,9388.948717948719,1361.076923076923,1361.076923076923,59403.743589743586,0.20932402386086907,1.988243742735497,1.098783883298183,0.6392027639036917,0.08245878974964876,0.14499839387828453,0.76907822683905,0.13042577217813783,0.2205634073599743,0.8873640229173778,0.24207536298625917,0.37417460238437084,0.03676263383620202,
B_argmax_matchE50,1,1.0,1.0,9388.948717948719,2722.7179487179487,2722.7179487179487,59403.743589743586,0.23005239907200847,1.3631654796460557,0.7966089393590321,0.5399824598909259,0.12624171026675607,0.20254692290953144,0.6982772428083631,0.2007883718009724,0.30798870736886996,0.8782763026510861,0.3806675176880496,0.5224785724066102,0.05668127985518511,
B_argmax_matchE50,2,0.02,2.0,16238.23076923077,89.7948717948718,89.7948717948718,59403.743589743586,0.1774460649855117,2.5181575019078166,1.3478017834466642,0.7157783202751782,0.007334683594473781,0.014514582423467183,0.8232796873653351,0.016886474209955538,0.03306918590819134,0.882952973198017,0.0569233612270142,0.10661509183662683,0.0027977871292017647,
B_argmax_matchE50,2,0.05,2.0,16238.23076923077,225.35897435897436,225.35897435897436,59403.743589743586,0.17646944366654663,2.3627189388439467,1.2695941912552466,0.7022626834054291,0.01683888489767452,0.0328554219556194,0.8234940276026037,0.03273166556398984,0.06286387943002664,0.8915941918528271,0.08748285898392472,0.15861967665811408,0.006865774810423924,
B_argmax_matchE50,2,0.1,2.0,16238.23076923077,451.1794871794872,451.1794871794872,59403.743589743586,0.17520539125489432,2.208082695179903,1.191644043217399,0.6898755818241752,0.030711590887057546,0.058708977446191926,0.8186639609180161,0.0543622059892539,0.10171303697348137,0.8971588722175766,0.1250816209806875,0.21824785298966182,0.013324820087767985,
B_argmax_matchE50,2,0.25,2.0,16238.23076923077,1128.3589743589744,1128.3589743589744,59403.743589743586,0.17896364487412983,1.8464988887055058,1.0127312667898178,0.6812678761343918,0.07213688552442452,0.12999620351667968,0.8106579974058964,0.11827156450819774,0.20547167759142226,0.8995391952962848,0.22484238421974148,0.35678239868357364,0.0323079194699118,
B_argmax_matchE50,2,0.5,2.0,16238.23076923077,2257.3076923076924,2257.3076923076924,59403.743589743586,0.1924694738636982,1.4262062044729982,0.8093378391683482,0.6319203707302499,0.12838314507513907,0.21221690719770847,0.7795520732931732,0.20525870830892595,0.32281022604017245,0.8974537962298067,0.3647261706669814,0.5139854946191885,0.05636733565228014,
B_argmax_matchE50,2,1.0,2.0,16238.23076923077,4515.2307692307695,4515.2307692307695,59403.743589743586,0.22761287652853276,0.9508158281736743,0.5892143523511034,0.5293890106581096,0.1970804494515902,0.28535376837803916,0.6997830601170505,0.31447919458316714,0.4312831951717247,0.8781101042422105,0.529850892687668,0.658102005460795,0.0838693278477712,
B_argmax_matchE50,4,0.02,4.0,27976.102564102563,143.43589743589743,143.43589743589743,59403.743589743586,0.24712477728510962,2.416430513180978,1.3317776452330439,0.7362533624629612,0.011964656945399004,0.023539644224970707,0.7944483067107725,0.02672205154115615,0.051656290636894156,0.8277659876058342,0.08355058243256276,0.1511084340725777,0.004479030614941967,
B_argmax_matchE50,4,0.05,4.0,27976.102564102563,359.35897435897436,359.35897435897436,59403.743589743586,0.23456507450571565,2.2882676325125693,1.2614163535091425,0.7371411007205559,0.027293514802298,0.052601989570655636,0.8037405120130218,0.048869372992242574,0.09196181940382898,0.8414946427924307,0.11669688034937874,0.2037482256171203,0.011326931409207023,
B_argmax_matchE50,4,0.1,4.0,27976.102564102563,719.1538461538462,719.1538461538462,59403.743589743586,0.22082413898878386,2.1324670495011984,1.1766455942449914,0.7439635013968122,0.05066894430671629,0.09475268433452559,0.8141795689822539,0.07887522901739809,0.14341002778882164,0.8572643060762675,0.15943660572369517,0.2668682430292595,0.022629299725445143,
B_argmax_matchE50,4,0.25,4.0,27976.102564102563,1798.3589743589744,1798.3589743589744,59403.743589743586,0.20218716119043198,1.7005001192595035,0.9513436402249678,0.7232805565894032,0.11204965955762794,0.19347012032816796,0.8186354207639648,0.16593740426499917,0.274554334982789,0.8839369271256728,0.29012089379496464,0.43236823736381763,0.051862263823728445,
B_argmax_matchE50,4,0.5,4.0,27976.102564102563,3597.25641025641,3597.25641025641,59403.743589743586,0.20408235843643788,1.3035399340372666,0.7538111462368523,0.6361717129093387,0.183894888742526,0.28408953667720005,0.7792451351724008,0.26906484621155535,0.3974162198048112,0.8975923987861558,0.42691491443743557,0.5734244191558951,0.08250509030659867,
B_argmax_matchE50,4,1.0,4.0,27976.102564102563,7194.974358974359,7194.974358974359,59403.743589743586,0.23711093547405085,0.7810916889266194,0.5091013122003352,0.5002113221636559,0.26092607351950886,0.3414126632508708,0.6817171818708307,0.3860523713382436,0.490965074949928,0.8787964911727938,0.5970179433740441,0.7085875878271212,0.10860894551098965,
B_argmax_matchE50,8,0.02,8.0,43235.05128205128,196.3846153846154,196.3846153846154,59403.743589743586,0.27672525781741336,2.444483050780906,1.3606041542991596,0.7413463574823295,0.01606988096750731,0.03144200024085046,0.780474302628356,0.03261317055369643,0.06248497467828942,0.8007727137543376,0.0856691923699664,0.15383735977710225,0.006209413060549047,
B_argmax_matchE50,8,0.05,8.0,43235.05128205128,491.4871794871795,491.4871794871795,59403.743589743586,0.24814882806856828,2.304684932079076,1.2764168800738223,0.7664252596767709,0.035603344634918606,0.06797154995575842,0.8043585941945809,0.055856531123470235,0.10413917824740973,0.8295285559528034,0.1173153444777168,0.20412276057506215,0.01604732495950394,
B_argmax_matchE50,8,0.1,8.0,43235.05128205128,983.5128205128206,983.5128205128206,59403.743589743586,0.22465588685933932,2.093233275856186,1.1589445813577628,0.7728177265436625,0.06624461413729066,0.12174440104940483,0.82414223159717,0.0933142124340983,0.16696783764543338,0.8561714996151861,0.17253244496102088,0.2847529450165052,0.031995573770619824,
B_argmax_matchE50,8,0.25,8.0,43235.05128205128,2459.4871794871797,2459.4871794871797,59403.743589743586,0.2031345172955932,1.5790650189039441,0.8910997680997687,0.7046125458320613,0.1397698558150068,0.23231003205628895,0.8133033977729297,0.20009065595365072,0.3190296302341699,0.889963315288386,0.3330249009728639,0.4789145623037373,0.0670785044506016,
B_argmax_matchE50,8,0.5,8.0,43235.05128205128,4919.51282051282,4919.51282051282,59403.743589743586,0.20743093418802913,1.1979091867309668,0.702670060459498,0.5931568253652484,0.214679099742266,0.3137243681903279,0.7541337385276262,0.30205623205762805,0.42851513058393625,0.8997387370952618,0.4572867301189632,0.6021237487433178,0.09880349750126455,
B_argmax_matchE50,8,1.0,8.0,43235.05128205128,9839.589743589744,9839.589743589744,59403.743589743586,0.24793128814626741,0.6642007885498782,0.45606603834807286,0.4481928541145068,0.2939443327299109,0.3536174300445059,0.6482688170810802,0.43249960567182644,0.517368071624421,0.8735761996429193,0.6445641561344782,0.739127326921381,0.1181358843074771,
B_argmax_matchE50,16,0.02,15.692307692307692,63183.46153846154,269.05128205128204,269.05128205128204,59403.743589743586,0.27717762164454873,2.44379746906528,1.3604875453549143,0.7522710678861102,0.020465387595306604,0.03981812486172302,0.7870283567592513,0.036419246753527444,0.06946192350661189,0.8042789652427796,0.0880826563371503,0.1577916913871193,0.00852519409946,
B_argmax_matchE50,16,0.05,15.692307692307692,63183.46153846154,673.4102564102565,673.4102564102565,59403.743589743586,0.23928193277483187,2.2581253265103776,1.2487036296426046,0.780988176620476,0.046398974518987536,0.08744629381494844,0.8167181086648346,0.06680969653962794,0.12310366732963966,0.8414816687898693,0.13057717505658376,0.22458244838955152,0.021997252981393,
B_argmax_matchE50,16,0.1,15.692307692307692,63183.46153846154,1347.3333333333333,1347.3333333333333,59403.743589743586,0.21630733880156405,1.9776295862052422,1.0969684625034033,0.7718928488025748,0.08582011266575448,0.15396373903361418,0.8317042847028286,0.11821002308872028,0.20585811324963485,0.867246994956381,0.20718110681273513,0.3308683396748788,0.04277380263395257,
B_argmax_matchE50,16,0.25,15.692307692307692,63183.46153846154,3368.846153846154,3368.846153846154,59403.743589743586,0.20099028512240802,1.4606747272894998,0.8308325062059538,0.6650449654711877,0.16969457013236816,0.2689583919588848,0.7954050040860898,0.2352473723602941,0.36038175664850697,0.8985471777426702,0.3737597777881666,0.5224506481498492,0.081876717460668,
B_argmax_matchE50,16,0.5,15.692307692307692,63183.46153846154,6738.076923076923,6738.076923076923,59403.743589743586,0.21360594688961826,1.0088293924556386,0.6112176696726285,0.5446271079064433,0.24718264074840698,0.3383048909560884,0.7255454784305961,0.34155088793872285,0.4622467867797487,0.9002815201139978,0.5085946785503338,0.64675794380011,0.11286020642611042,
B_argmax_matchE50,16,1.0,15.692307692307692,63183.46153846154,13476.666666666666,13476.666666666666,59403.743589743586,0.2687757298892879,0.5613152787891506,0.4150455043392192,0.3967196156454885,0.3341031898239685,0.36109820471418497,0.6046813280743907,0.4867726628190277,0.5377265218867179,0.8609269248294765,0.6977261435435665,0.7672751426837362,0.12339305443721152,
B_argmax_matchE75,-1,0.02,23.666666666666668,77800.20512820513,183.56410256410257,183.56410256410257,59403.743589743586,0.2847462787552562,2.510000305423285,1.3973732920892705,0.746465143468492,0.014181142981701415,0.027808856046961355,0.7801942268582728,0.02781290135668736,0.0536153986134599,0.7954518085573336,0.07432846903088172,0.13540104794772334,0.005379380525343645,
B_argmax_matchE75,-1,0.05,23.666666666666668,77800.20512820513,459.53846153846155,459.53846153846155,59403.743589743586,0.25026398410960243,2.3830208578123893,1.316642420960996,0.7715019644646605,0.03020837502875645,0.05802442235041239,0.8075986103791611,0.047029043102771416,0.08862754673800029,0.8260844690458811,0.10153761140061016,0.1797562164965312,0.013893075202470136,
B_argmax_matchE75,-1,0.1,23.666666666666668,77800.20512820513,919.5128205128206,919.5128205128206,59403.743589743586,0.22629324186197886,2.1899735560365037,1.2081333989492413,0.783038227404629,0.05673907513486968,0.10542383250354828,0.8244040914624313,0.07862325888955139,0.1428800121455957,0.8518120926108881,0.14733168245365338,0.24912900727377613,0.02793030238319191,
B_argmax_matchE75,-1,0.25,23.666666666666668,77800.20512820513,2299.5897435897436,2299.5897435897436,59403.743589743586,0.19812558248296178,1.7220262065243146,0.9600758945036382,0.7284247659820297,0.12282079785289575,0.208429519989394,0.8255351079850791,0.1719939649002516,0.2815444480684116,0.8892153394120749,0.28858071606296154,0.4291581730282937,0.06114745745802301,
B_argmax_matchE75,-1,0.5,23.666666666666668,77800.20512820513,4599.717948717948,4599.717948717948,59403.743589743586,0.19753675390232653,1.3533645993797128,0.7754506766410196,0.6271210799258894,0.19162450730411695,0.290300634965399,0.7776784886962876,0.2644182400247551,0.38987263355551594,0.9035150527211064,0.40625292952977726,0.554084486864902,0.09237743325036518,
B_argmax_matchE75,-1,1.0,23.666666666666668,77800.20512820513,9200.0,9200.0,59403.743589743586,0.22888098208468838,0.8695219190709986,0.5492014505778435,0.4949249704117446,0.2707511943942947,0.34549868829367414,0.6921696594686042,0.3794705145217489,0.48505530699627275,0.8919645559497408,0.5649616141447686,0.6853633326110538,0.11698486043742513,
B_argmax_matchE75,1,0.02,1.0,9388.948717948719,33.84615384615385,33.84615384615385,59403.743589743586,0.2713911767953622,3.3416414664671876,1.806516321631275,0.7099381233081556,0.0029490519291877457,0.005871474927886271,0.72743366698017,0.006247332731652718,0.012379162943465014,0.771770810237179,0.021975955547152554,0.04265121029302114,0.0011047968196887471,
B_argmax_matchE75,1,0.05,1.0,9388.948717948719,85.38461538461539,85.38461538461539,59403.743589743586,0.2532427532065746,3.188917818451046,1.7210802858288103,0.7165206531155959,0.007158092710360966,0.014161064323906264,0.7555511785124407,0.012649317901133253,0.024847935800619197,0.800175387141602,0.035585305376814855,0.06799189739374109,0.0029582559959905733,
B_argmax_matchE75,1,0.1,1.0,9388.948717948719,171.2051282051282,171.2051282051282,59403.743589743586,0.2395742092787831,3.045038786275709,1.642306497777246,0.723257448238144,0.013271373133752493,0.026021241613284188,0.7751864544580865,0.021478364758073062,0.04170239804872262,0.8245405122087658,0.052996967963464744,0.09911600829659119,0.005879226031570591,
B_argmax_matchE75,1,0.25,1.0,9388.948717948719,428.7435897435897,428.7435897435897,59403.743589743586,0.21543887891722846,2.716675707111669,1.4660572930144489,0.7182468016274797,0.031352879884084035,0.05985085657509231,0.7977473946668662,0.048826895061755714,0.09154224569191108,0.8627371544445511,0.1018524794621854,0.18047435303722628,0.014211118388130242,
B_argmax_matchE75,1,0.5,1.0,9388.948717948719,857.9230769230769,857.9230769230769,59403.743589743586,0.21070344405261063,2.353247900619117,1.281975672335864,0.6803665959730999,0.057038683904222495,0.10447097273535391,0.7871691030515658,0.08846867334799254,0.1574516516611727,0.8798541645162751,0.17012742580087603,0.28001533130238954,0.02555262340688838,
B_argmax_matchE75,1,1.0,1.0,9388.948717948719,1716.4358974358975,1716.4358974358975,59403.743589743586,0.2132720483314174,1.80213313993106,1.007702594131239,0.609501341696647,0.09586448227467957,0.16367704871337035,0.7484266557225318,0.15210411722670333,0.2488853050294729,0.886874219636315,0.28083873612311944,0.41839855300852985,0.04227526382085347,
B_argmax_matchE75,2,0.02,2.0,16238.23076923077,50.82051282051282,50.82051282051282,59403.743589743586,0.17334675084413825,2.578830339370621,1.3760885451073797,0.7442183202300177,0.004515498500532005,0.008971250041119162,0.8321924477136081,0.011738940436972645,0.023133369881587658,0.8857208479715026,0.04657988488984308,0.08824695746574766,0.0016144425964050436,
B_argmax_matchE75,2,0.05,2.0,16238.23076923077,127.58974358974359,127.58974358974359,59403.743589743586,0.17402872502747807,2.46857170895316,1.321300216990319,0.7124947126261598,0.010082791441931182,0.019860083512873907,0.8264753736178957,0.021620900751822405,0.042078463209116894,0.8881350494616109,0.0660731341307226,0.12251973143906796,0.0039360366209837535,
B_argmax_matchE75,2,0.1,2.0,16238.23076923077,255.84615384615384,255.84615384615384,59403.743589743586,0.1759835493408283,2.344310956085612,1.26014725271322,0.7027237169435431,0.018547959484030402,0.03606927103854074,0.8230050351622703,0.03528278852009838,0.06750044025392807,0.8934293745262051,0.09166935187929064,0.16537900781486956,0.007715885471276067,
B_argmax_matchE75,2,0.25,2.0,16238.23076923077,640.4102564102565,640.4102564102565,59403.743589743586,0.1750005038148279,2.107756048110558,1.141378275962693,0.687758461051064,0.04235219977861353,0.07942655811378885,0.8168817490820403,0.07186407647893157,0.13143523998775924,0.8998017886147525,0.15103027140661324,0.25662241521293677,0.018559435938667605,
B_argmax_matchE75,2,0.5,2.0,16238.23076923077,1281.4358974358975,1281.4358974358975,59403.743589743586,0.1798537748738926,1.787281828937014,0.9835678019054535,0.6752159691091347,0.08024116511454946,0.1424266107995043,0.8073428462391145,0.1294190779090449,0.22142948882750468,0.8995135992994415,0.24433840330305337,0.38057798871053655,0.03576848773746551,
B_argmax_matchE75,2,1.0,2.0,16238.23076923077,2563.358974358974,2563.358974358974,59403.743589743586,0.19640010370099475,1.3670601359953842,0.7817301198481896,0.614543383279322,0.1375627008605474,0.22255301604755923,0.7676471057973109,0.21967551482187922,0.33838960307507787,0.8956922700618046,0.38698252336046346,0.535103435555559,0.059958742443834576,
B_argmax_matchE75,4,0.02,4.0,27976.102564102563,85.97435897435898,85.97435897435898,59403.743589743586,0.2405870018653745,2.4664599930700595,1.353523497467717,0.7489934051500531,0.007500863702754947,0.0148484624247592,0.8041732547506896,0.01940115673257369,0.0378671626845317,0.8356872621425178,0.07128745653735254,0.13094042510289344,0.0026434872223326253,
B_argmax_matchE75,4,0.05,4.0,27976.102564102563,215.69230769230768,215.69230769230768,59403.743589743586,0.2435819316274331,2.3672620392033377,1.3054219854153855,0.7332415366417155,0.017187135445688714,0.03356922802821093,0.7957711216767795,0.03464916828690234,0.06634156671345932,0.8294260091178125,0.09552600951021491,0.1706100149240535,0.006729342253980038,
B_argmax_matchE75,4,0.1,4.0,27976.102564102563,431.84615384615387,431.84615384615387,59403.743589743586,0.23142729494376404,2.2556293324483017,1.2435283136960327,0.7378058428311173,0.03181509468763702,0.06094100996765945,0.8047687365290435,0.05456756959574607,0.10204419939829233,0.8440299623277893,0.12446248517242167,0.21576613412538997,0.013520833063519477,
B_argmax_matchE75,4,0.25,4.0,27976.102564102563,1080.179487179487,1080.179487179487,59403.743589743586,0.21028524432031126,1.9906612817983051,1.1004732630593084,0.7436628904626479,0.07190930572898123,0.13082889838076128,0.8196567063971574,0.1066819382150041,0.18814028468648944,0.8683648656752726,0.1983432829117958,0.32057832807707,0.033030440553632405,
B_argmax_matchE75,4,0.5,4.0,27976.102564102563,2160.871794871795,2160.871794871795,59403.743589743586,0.20074504694881656,1.600400922182683,0.9005729845657499,0.7052150825606994,0.12771739848355843,0.21541444552282485,0.8106061748014505,0.18788184590052337,0.3035971476266477,0.8879679400387741,0.32442876101049506,0.47036849035087575,0.05883811206237549,
B_argmax_matchE75,4,1.0,4.0,27976.102564102563,4322.282051282052,4322.282051282052,59403.743589743586,0.2099552211567499,1.1993787091640866,0.7046669651604183,0.6026831899680121,0.20043825740944665,0.2993364991383041,0.7569994098562356,0.2932603954594375,0.42006736499030783,0.8948407997465723,0.46075426674141423,0.6035564712022001,0.0891076192298967,
B_argmax_matchE75,8,0.02,8.0,43235.05128205128,114.66666666666667,114.66666666666667,59403.743589743586,0.28597618153126086,2.4841756272896984,1.3850759044104797,0.729888357819349,0.01016441748201814,0.020042997594793277,0.7701672553118969,0.025330246252161775,0.048980575311726726,0.7925158543101405,0.0768279189582841,0.13932324112179748,0.003523096081041079,
B_argmax_matchE75,8,0.05,8.0,43235.05128205128,287.3333333333333,287.3333333333333,59403.743589743586,0.26651383781217997,2.401868681223078,1.3341912595176288,0.7503962718473107,0.021881061122759175,0.042495866780285205,0.7872108285337983,0.0395183375242245,0.075118870435934,0.8084398977376674,0.09434963022150072,0.16805550925747645,0.009046936205777241,
B_argmax_matchE75,8,0.1,8.0,43235.05128205128,575.0769230769231,575.0769230769231,59403.743589743586,0.24276581015135534,2.271655596636553,1.2572107033939541,0.7696064278453523,0.04026382109004071,0.07643578957939859,0.8085241746350849,0.061134653040495,0.11339030977076033,0.8339866761506634,0.12431086993118284,0.2150901816478794,0.018483520682703147,
B_argmax_matchE75,8,0.25,8.0,43235.05128205128,1438.4615384615386,1438.4615384615386,59403.743589743586,0.21303250779463767,1.9018058712847357,1.0574191895396867,0.7595451777749869,0.09047469151801815,0.1612524583870884,0.8268599060088851,0.12691445436572052,0.21907719948097445,0.8692474812443558,0.22597674440784074,0.354961255581645,0.04420360372088971,
B_argmax_matchE75,8,0.5,8.0,43235.05128205128,2877.4102564102564,2877.4102564102564,59403.743589743586,0.2013392753415524,1.507202258330727,0.8542707668361397,0.6814405677612678,0.15280654355357556,0.24865323828361333,0.8017842360228274,0.21748503896807023,0.3398708988921684,0.8941430219549398,0.3580736358765816,0.5055485867605835,0.07287005393084423,
B_argmax_matchE75,8,1.0,8.0,43235.05128205128,5755.307692307692,5755.307692307692,59403.743589743586,0.21325433923485695,1.0898322177758204,0.6515432785053387,0.5640850215141398,0.2286051723394076,0.3238631261977517,0.7357896473028465,0.32362569835461635,0.4467486010677907,0.8960626591229018,0.4905413260230519,0.6302191052394901,0.10344111055649893,
B_argmax_matchE75,16,0.02,15.692307692307692,63183.46153846154,150.2051282051282,150.2051282051282,59403.743589743586,0.2987344151885664,2.504783719926928,1.4017590675577472,0.7358525696667633,0.012568135557068469,0.024703323245715055,0.7679029733393014,0.026941228066646703,0.05195416116030849,0.7841076661543339,0.07436527346808143,0.13507234128624465,0.004563031188222586,
B_argmax_matchE75,16,0.05,15.692307692307692,63183.46153846154,376.1794871794872,376.1794871794872,59403.743589743586,0.25826773281294996,2.394228426278033,1.3262480795454914,0.7671446931386757,0.026879688903674887,0.05189741211554868,0.8013385824095511,0.04387200971660099,0.08302194014799562,0.8192932365144622,0.09830629609553676,0.17457198973475654,0.011863958655251286,
B_argmax_matchE75,16,0.1,15.692307692307692,63183.46153846154,752.9230769230769,752.9230769230769,59403.743589743586,0.23399883224423376,2.227818443284584,1.230908637764409,0.7820298218954249,0.0501868132987593,0.09418265231701659,0.8197563846455189,0.07111318179443354,0.1305361244902799,0.844582580908259,0.1365381115715156,0.23382856167391877,0.02407178446191758,
B_argmax_matchE75,16,0.25,15.692307692307692,63183.46153846154,1883.2820512820513,1883.2820512820513,59403.743589743586,0.20592916150127266,1.7824656215284658,0.9941973915148691,0.7464747050294002,0.1104883340101524,0.19180443558076088,0.829007829812731,0.15392442469159948,0.25808010239055745,0.8803379553950578,0.26644159631422026,0.4038373019000629,0.0550706474781343,
B_argmax_matchE75,16,0.5,15.692307692307692,63183.46153846154,3767.1794871794873,3767.1794871794873,59403.743589743586,0.2000101698985319,1.4222242551684505,0.8111172125334912,0.6485018877274928,0.17754283918223843,0.2773373624012591,0.7870623263361272,0.24653950966736501,0.3727185949670981,0.899797286976331,0.3868564877204027,0.5356835483849185,0.08564668360737818,
B_argmax_matchE75,16,1.0,15.692307692307692,63183.46153846154,7534.846153846154,7534.846153846154,59403.743589743586,0.2193118765808672,0.9374803235457213,0.5783961000632942,0.5240509368683686,0.2566988449868757,0.34264306720972837,0.7118132521953089,0.358745646410232,0.47431803463227906,0.8968858293141085,0.5356895589210784,0.6667529413560221,0.11465395685771294,
C_grid,-1,0.005,23.666666666666668,606908.5128205129,3034.076923076923,3034.076923076923,59403.743589743586,0.21114093664985276,1.7470997028753028,0.9791203197625779,0.6794043617350434,0.11312679962645356,0.1915309177431097,0.8404787909803653,0.1492145846995567,0.25132771230358525,0.883476236668369,0.24932031347622655,0.3851600081220228,0.0623963564716821,0.10101488112899713
C_grid,-1,0.01,23.666666666666668,606908.5128205129,6068.717948717948,6068.717948717948,59403.743589743586,0.21561755466420224,1.4869689086562126,0.8512932316602073,0.5556734864105173,0.1719338067502062,0.2578122094673893,0.8066532777231016,0.22151094592946344,0.34389407826694957,0.8927817958326895,0.3384602252118988,0.4870151522991454,0.08961031824344347,0.10101488112899713
C_grid,-1,0.02,23.666666666666668,606908.5128205129,12137.76923076923,12137.76923076923,59403.743589743586,0.2328499617537373,1.2046835895313903,0.7187667756425639,0.4336608156530781,0.2549168661204443,0.31390593137433065,0.7302137688331591,0.3182959444105476,0.437756551589782,0.894413582264949,0.43840502510800267,0.5841190019304162,0.1134814616625583,0.10101488112899713
C_grid,-1,0.05,23.666666666666668,606908.5128205129,30345.02564102564,30345.02564102564,59403.743589743586,0.29538070053122845,0.6958739788660213,0.4956273396986249,0.30147447592140264,0.408441358502428,0.34007730902303496,0.5709378993773139,0.48196161764107404,0.515369292787476,0.8562323564241319,0.6137213276688345,0.7103710283540754,0.12429316354189585,0.10101488112899713
C_grid,-1,0.1,23.666666666666668,606908.5128205129,60690.53846153846,60690.53846153846,59403.743589743586,0.39843169871728557,0.4599117030880313,0.42917170090265844,0.22696774101549316,0.5539568312669699,0.3171724797569503,0.44495815164698455,0.6229144305550539,0.513036168409193,0.7768339571747683,0.7434632970816651,0.7567877968025496,0.11264073781626348,0.10101488112899713
C_grid,-1,0.25,23.666666666666668,606908.5128205129,151726.92307692306,151726.92307692306,59403.743589743586,0.6669783080350036,0.2613261684240737,0.4641522382295386,0.14629591186476817,0.7589626147971487,0.24266905912881798,0.29880595123407655,0.7992345163809981,0.4299002491930334,0.6188561239665541,0.8633227291930732,0.7159461053631365,0.08062597473353203,0.10101488112899713
C_grid,-1,0.5,23.666666666666668,606908.5128205129,303454.1794871795,303454.1794871795,59403.743589743586,0.9062006901607438,0.14890050640467828,0.527550598282711,0.09414258871237491,0.8907850545164806,0.16905037409668494,0.1981751962919916,0.9055219788082507,0.3216046229275679,0.47015483200011415,0.9319120827069229,0.6174643973445556,0.05284545003243647,0.10101488112899713
C_grid,-1,1.0,23.666666666666668,606908.5128205129,606908.5128205129,606908.5128205129,59403.743589743586,1.3734138637856086,0.08558364640911739,0.729498755097363,0.05344070490165805,0.9638146988367902,0.10089330613559819,0.11437737345364472,0.9672951698362425,0.20329540961232015,0.29019340201282606,0.9749100642151032,0.44261535042975086,0.029882677410073184,0.10101488112899713
C_grid,1,0.005,1.0,369493.3076923077,1847.025641025641,1847.025641025641,59403.743589743586,0.21747982584809472,1.7806406091727525,0.9990602175104235,0.633263647848093,0.09005950542711631,0.15614988368865093,0.7794260430057397,0.14755083243088687,0.2447183485937009,0.8769382947358485,0.26940271879227007,0.40522933642355297,0.03782522939583463,0.1
C_grid,1,0.01,1.0,369493.3076923077,3694.5128205128203,3694.5128205128203,59403.743589743586,0.22461886864328698,1.6708228687885263,0.9477208687159066,0.5579869694972487,0.12772083942944473,0.20464135314971527,0.7561392767586099,0.18891035819147753,0.29763154929284025,0.8808209507613154,0.30692053103746525,0.4486891792600076,0.06047696708239178,0.1
C_grid,1,0.02,1.0,369493.3076923077,7389.4358974358975,7389.4358974358975,59403.743589743586,0.24404700128460846,1.4837922387029647,0.8639196199937865,0.4447492849385115,0.173084957690845,0.2433347493724578,0.7008191851344773,0.2361938826400111,0.3473687291571236,0.8774442543803991,0.35428362369600447,0.4970165485316311,0.08249706698048843,0.1
C_grid,1,0.05,1.0,369493.3076923077,18474.30769230769,18474.30769230769,59403.743589743586,0.302364331992825,0.8134865806168063,0.5579254563048156,0.3102407436343106,0.28787452200925084,0.28994868361427667,0.5717463610920079,0.3895882342863772,0.45301865307693034,0.8337773287967417,0.5561039943683203,0.6572182654942608,0.09990604248233707,0.1
C_grid,1,0.1,1.0,369493.3076923077,36949.02564102564,36949.02564102564,59403.743589743586,0.3866002143837434,0.5751722176491878,0.48088621601646564,0.24175861536988444,0.4134771071631884,0.29972721737941443,0.4638590391253456,0.5194073325525242,0.4838388242464977,0.7657067556170981,0.6831469805307722,0.7158058414502938,0.1019636025053104,0.1
C_grid,1,0.25,1.0,369493.3076923077,92373.1282051282,92373.1282051282,59403.743589743586,0.5705191458504637,0.44348952820699283,0.5070043370287283,0.16692850364090325,0.5860119044148413,0.25702318788812417,0.33557474976189194,0.6574979234441143,0.43998789404920063,0.6516866560123951,0.7693673324802667,0.7019540132896867,0.08641123730163928,0.1
C_grid,1,0.5,1.0,369493.3076923077,184746.5641025641,184746.5641025641,59403.743589743586,0.6981771466346316,0.3231188806285772,0.5106480136316044,0.1193221760955365,0.739087203662814,0.2038697606908045,0.2476170951396779,0.7808208461417545,0.3724288275471107,0.5561633198426025,0.8385965832018447,0.6636857642742591,0.06584724632549939,0.1
C_grid,1,1.0,1.0,369493.3076923077,369493.3076923077,369493.3076923077,59403.743589743586,0.9013718556078549,0.20176237777868242,0.5515671166932687,0.07717683301526793,0.8768246208780476,0.14120448903442426,0.16359291843771034,0.8853685426213366,0.27417296974769545,0.4091416418639905,0.9072438364587894,0.558277942950131,0.04343603197298961,0.1
C_grid,2,0.005,2.0,479304.89743589744,2396.076923076923,2396.076923076923,59403.743589743586,0.2026881047610141,1.447383194434073,0.8250356495975436,0.6264022651131615,0.10684956751083534,0.18039668990908808,0.7938594859916593,0.1746652677299091,0.2832942870532791,0.8895065132559937,0.3246480459343637,0.4708315336595837,0.045260868718882775,0.1
C_grid,2,0.01,2.0,479304.89743589744,4792.641025641025,4792.641025641025,59403.743589743586,0.21722828213992976,1.2786720378693575,0.7479501600046436,0.5573598465188716,0.1599758636387142,0.2445109826008481,0.7592483588716911,0.2406117729995854,0.36114257090074264,0.8828195649845382,0.397348965938113,0.5435862241068703,0.0722478578794346,0.1
C_grid,2,0.02,2.0,479304.89743589744,9585.666666666666,9585.666666666666,59403.743589743586,0.24243669960251793,1.0775478444473694,0.6599922720249436,0.4616575615129162,0.23241806064206877,0.3027879357266959,0.7072270482182021,0.32157849725404886,0.43670933757807173,0.872230975293848,0.4718278417931558,0.6090612663294149,0.10027389282438813,0.1
C_grid,2,0.05,2.0,479304.89743589744,23964.923076923078,23964.923076923078,59403.743589743586,0.3015819463081649,0.7092531204282504,0.5054175333682076,0.32985006387562826,0.3662814152663386,0.3390059635102064,0.5885271347960285,0.46234608035510316,0.5108257602508326,0.8396818028052012,0.6142521037022263,0.7059278713170596,0.12105535367131125,0.1
C_grid,2,0.1,2.0,479304.89743589744,47930.230769230766,47930.230769230766,59403.743589743586,0.3949929978010493,0.5073375417492243,0.4511652697751368,0.2511451903334962,0.5033729175176365,0.32887167834725517,0.47781718177800425,0.5947328378669405,0.52302870340376,0.7817808118568784,0.7238419365030934,0.7481682086740464,0.11572513501301178,0.1
C_grid,2,0.25,2.0,479304.89743589744,119826.0,119826.0,59403.743589743586,0.6305362716610311,0.29936094289795595,0.46494860727949355,0.16484432530045112,0.6959958581913567,0.2633104168742311,0.33100925411636656,0.7568817506409372,0.45486593461889513,0.6492137616912722,0.843410562022286,0.7283938963055723,0.0881237223158464,0.1
C_grid,2,0.5,2.0,479304.89743589744,239652.35897435897,239652.35897435897,59403.743589743586,0.8171675022913873,0.19962071493454286,0.5083941086129651,0.11178426428155269,0.8364770028051092,0.19547497121942234,0.23186733012425917,0.8651457615676048,0.3613983913031828,0.5288954780253766,0.9046379599294017,0.6603815597721541,0.062349980866947805,0.1
C_grid,2,1.0,2.0,479304.89743589744,479304.89743589744,479304.89743589744,59403.743589743586,1.1113634471203682,0.12456193328776347,0.6179626902040658,0.06775978458669325,0.9361721525761868,0.1257328512046078,0.14359648816409318,0.9407876189249998,0.24714751256988762,0.35957523072702047,0.9509344939791919,0.5154128939152045,0.03791688826658612,0.1
C_grid,4,0.005,4.0,534550.0769230769,2672.2820512820513,2672.2820512820513,59403.743589743586,0.20217706260965462,1.6035028704582037,0.9028399665339293,0.6840557661270448,0.11109944952979293,0.18874891560753548,0.8378717619431555,0.16272330006841398,0.2698582487885263,0.8903297507314093,0.28263256982561746,0.4250053029878697,0.056285846535929225,0.10004141084081351
C_grid,4,0.01,4.0,534550.0769230769,5345.051282051282,5345.051282051282,59403.743589743586,0.20925317707541047,1.3859936824119032,0.7976234297436569,0.589281088193555,0.16736249554464613,0.2557012729587064,0.806624738062037,0.23071725116987415,0.3545257306557369,0.8943218795990191,0.36828115042497483,0.5172070613748252,0.0853806864189823,0.10004141084081351
C_grid,4,0.02,4.0,534550.0769230769,10690.589743589744,10690.589743589744,59403.743589743586,0.22782988174501165,1.140601288038495,0.6842155848917534,0.46830138738072763,0.24406766858761508,0.3130024973624583,0.7396525383288658,0.321399621110643,0.44189188710140315,0.8920965931956667,0.45962347226566236,0.6023641556223271,0.11089678598221256,0.10004141084081351
C_grid,4,0.05,4.0,534550.0769230769,26727.128205128207,26727.128205128207,59403.743589743586,0.2855523651293059,0.7035965101197127,0.49457443762450926,0.32697834644296275,0.3903560214966072,0.3473351538461027,0.5975103966584162,0.4780523713870575,0.5233261230952011,0.8591667278246652,0.6165407036817333,0.714187768587036,0.12589662315900876,0.10004141084081351
C_grid,4,0.1,4.0,534550.0769230769,53454.794871794875,53454.794871794875,59403.743589743586,0.37251042222686886,0.464038522299882,0.41827447226337544,0.24615628702091621,0.5306550985454878,0.3301513588963384,0.4745398871919386,0.6108691340317937,0.5271038504541288,0.7928294939454866,0.7373524343354289,0.7608801479686329,0.116839801217824,0.10004141084081351
C_grid,4,0.25,4.0,534550.0769230769,133637.2564102564,133637.2564102564,59403.743589743586,0.6015162113835668,0.2704429010695961,0.43597955622658147,0.16046627413027642,0.7291401183633324,0.25975934091059766,0.32408946711465675,0.7820443274511639,0.452390474394369,0.6475643717514532,0.8583568668451692,0.7333455673261748,0.08683163004820563,0.10004141084081351
C_grid,4,0.5,4.0,534550.0769230769,267274.92307692306,267274.92307692306,59403.743589743586,0.8407151926383506,0.16851982703051194,0.5046175098344313,0.10676781433119362,0.8680531955448985,0.18848415573776509,0.22261358406814097,0.8886760208610253,0.35164426773937646,0.513776274177039,0.9204767591642269,0.6518324484951089,0.059685120175194124,0.10004141084081351
C_grid,4,1.0,4.0,534550.0769230769,534550.0769230769,534550.0769230769,59403.743589743586,1.212744332559637,0.1095933160014705,0.6611688242805537,0.06209723185254808,0.949164150079117,0.1160126659661674,0.1319844042629084,0.9518055792967249,0.2300416048497637,0.33309863162850517,0.9594172156459891,0.48854814191047835,0.03467939162568118,0.10004141084081351
C_grid,8,0.005,8.0,571832.2051282051,2858.7179487179487,2858.7179487179487,59403.743589743586,0.20713790008627775,1.6802378985487956,0.9436878993175366,0.6955140822346599,0.1127480541855076,0.19164560846618617,0.845002417703187,0.15508026751871412,0.2597696442202834,0.8870241085244933,0.2663252239171591,0.4049628837176768,0.05973296525786692,0.10050698084579672
C_grid,8,0.01,8.0,571832.2051282051,5717.948717948718,5717.948717948718,59403.743589743586,0.21353265526035814,1.4421698341233589,0.8278512446918586,0.5789899098459662,0.17112425709484466,0.2592682043921678,0.8119070403960046,0.2269646510731511,0.3508453032885072,0.8937913712373146,0.3551106199254034,0.503251948778723,0.08860387095211292,0.10050698084579672
C_grid,8,0.02,8.0,571832.2051282051,11436.23076923077,11436.23076923077,59403.743589743586,0.22870566794624905,1.177653017223766,0.7031793425850074,0.4529821780837706,0.25225776858666504,0.31663119497226183,0.7408260413681146,0.3233249826325069,0.4444774722079816,0.8961011532781233,0.4501640165874844,0.594674491010024,0.11390556397615402,0.10050698084579672
C_grid,8,0.05,8.0,571832.2051282051,28591.28205128205,28591.28205128205,59403.743589743586,0.2913768664985472,0.7048363435178523,0.4981066050081998,0.31330200014104115,0.400604528021588,0.3443448265632252,0.5850430803223594,0.4802516680179872,0.5202226441373671,0.8591890031017646,0.6121484201076843,0.7109478770695105,0.12613513207951568,0.10050698084579672
C_grid,8,0.1,8.0,571832.2051282051,57182.94871794872,57182.94871794872,59403.743589743586,0.38922487652507254,0.46627018436887785,0.4277475304469752,0.23552339319598786,0.5425488642589587,0.3233460848349511,0.4594823890402571,0.6154032891613479,0.5196515430082009,0.7852607531252963,0.7382704853984965,0.7577346212011591,0.11508434331993268,0.10050698084579672
C_grid,8,0.25,8.0,571832.2051282051,142957.8205128205,142957.8205128205,59403.743589743586,0.6433508323643543,0.264516610369361,0.45393372136685767,0.15260084478594793,0.7468400049535823,0.2507448320834439,0.31078390834192743,0.7930442785874326,0.44148440232436514,0.6329261032196295,0.8625499820545155,0.7253533694446626,0.08393865581204416,0.10050698084579672
C_grid,8,0.5,8.0,571832.2051282051,285916.0256410256,285916.0256410256,59403.743589743586,0.8755090839397127,0.15817501174663753,0.5168420478431752,0.09942187100604157,0.8818525761955499,0.17742132731486723,0.20870661231782878,0.8992010218541037,0.33520057213284227,0.4893255468984187,0.9273886323393475,0.6334867853569901,0.05595367569829424,0.10050698084579672
C_grid,8,1.0,8.0,571832.2051282051,571832.2051282051,571832.2051282051,59403.743589743586,1.3012609652984501,0.10018793018580087,0.7007244477421255,0.056633865141364176,0.9549587183542112,0.10652830258294624,0.12096080172246208,0.9576661393027172,0.21348092674452543,0.30606208620267733,0.9658199187108547,0.460157375603538,0.03181232762313107,0.10050698084579672
C_grid,16,0.005,15.692307692307692,600299.2307692308,3001.051282051282,3001.051282051282,59403.743589743586,0.20947826951257925,1.72311857786536,0.9662984236889696,0.6937404306322253,0.11191643265031297,0.19045554659787065,0.8411407377830724,0.1494559298842906,0.251813949510411,0.8841071145721406,0.2524766571701751,0.3889769786537975,0.06245112668173244,0.100416588450881
C_grid,16,0.01,15.692307692307692,600299.2307692308,6002.615384615385,6002.615384615385,59403.743589743586,0.21467181801516078,1.4736109665067174,0.8441413922609391,0.5667775202108529,0.1712266345011436,0.25850538588534694,0.8082882374580623,0.22231309123158632,0.34489692748516115,0.8927816403983925,0.3440048073142699,0.4918697485600454,0.0904402859460375,0.100416588450881
C_grid,16,0.02,15.692307692307692,600299.2307692308,12005.589743589744,12005.589743589744,59403.743589743586,0.22996651632461074,1.203341054260957,0.7166537852927839,0.4407283566564982,0.253314290316519,0.31509406446644256,0.7341454148262202,0.31913653126857194,0.4393399038480331,0.895811803911875,0.4417196047278715,0.5869884636450718,0.11435864592804179,0.100416588450881
C_grid,16,0.05,15.692307692307692,600299.2307692308,30014.615384615383,30014.615384615383,59403.743589743586,0.2904775759301147,0.7011013516519152,0.49578946379101496,0.3057082935656485,0.40582945237247103,0.3423514116199215,0.5768989552853029,0.4807379328833171,0.5177365776662649,0.8590603723594378,0.6113898705939917,0.7100919187370801,0.12529617800886525,0.100416588450881
C_grid,16,0.1,15.692307692307692,600299.2307692308,60029.64102564102,60029.64102564102,59403.743589743586,0.38410841975565707,0.4601211720201171,0.4221147958878871,0.22971748266218917,0.5499403175773091,0.3196237436952287,0.4498711969250661,0.6201482570819454,0.5160614028833292,0.782272027341877,0.7415177818256691,0.7586202404463374,0.11347523195146454,0.100416588450881
C_grid,16,0.25,15.692307692307692,600299.2307692308,150074.61538461538,150074.61538461538,59403.743589743586,0.6451351295104616,0.2624285621128121,0.45378184581163683,0.1489160466805959,0.7563097630623546,0.24640160914827453,0.3036865756958767,0.7980295367609163,0.43533768090924024,0.6257353771508639,0.8633928697529257,0.7211176739600179,0.08197076424522548,0.100416588450881
C_grid,16,0.5,15.692307692307692,600299.2307692308,300149.5128205128,300149.5128205128,59403.743589743586,0.8902239525645069,0.15362473109499272,0.5219243418297498,0.09569794533956785,0.8864626406141767,0.17159264870127394,0.20116277915559808,0.9015812623573283,0.3256304572655945,0.47616079741350303,0.928444269327808,0.622704840968991,0.053696259844023576,0.100416588450881
C_grid,16,1.0,15.692307692307692,600299.2307692308,600299.2307692308,600299.2307692308,59403.743589743586,1.3580713493828964,0.09226868759088416,0.7251700184868902,0.05424554232296615,0.9582438192395427,0.10233114972936537,0.11590586701420193,0.9609860770943432,0.2057031230119445,0.29377547637621443,0.9690875340536435,0.4467147289726878,0.030352474086409058,0.100416588450881
C_on_B,-1,0.02,23.666666666666668,77800.20512820513,1555.5128205128206,1555.5128205128206,59403.743589743586,0.20921922666799384,1.9771276852746134,1.0931734559713038,0.7858698874809074,0.07372261006362937,0.13451805068978911,0.8540683833476148,0.09888880514367757,0.1768585116374322,0.8787695451356109,0.17768083789788672,0.2944249305270609,0.04166858221911415,
C_on_B,-1,0.05,23.666666666666668,77800.20512820513,3889.4615384615386,3889.4615384615386,59403.743589743586,0.2188425376695953,1.629903634400498,0.9243730860350468,0.6599776545539131,0.13321370950990838,0.2208170291388288,0.8191446206385486,0.17563456449844914,0.2884142867709364,0.8812980884938554,0.2864930390030276,0.430385576642491,0.07558200291203972,
C_on_B,-1,0.1,23.666666666666668,77800.20512820513,7779.538461538462,7779.538461538462,59403.743589743586,0.22920850961143033,1.3650094283960432,0.7971089690037368,0.5256537591535463,0.20132294019077207,0.2895079726324384,0.7608892246158838,0.2604992532115099,0.38674166381444347,0.887299959066442,0.3840704890540725,0.5330290075922565,0.1025073111715808,
C_on_B,-1,0.25,23.666666666666668,77800.20512820513,19449.666666666668,19449.666666666668,59403.743589743586,0.2727306887535651,0.8923582172528072,0.5825444530031861,0.36860257222049075,0.33085968183597353,0.34625832820790614,0.6260366107679568,0.40871192986923544,0.4925088395399889,0.8705116450141156,0.5422476682321677,0.6656325663541913,0.12424588046285731,
C_on_B,-1,0.5,23.666666666666668,77800.20512820513,38899.846153846156,38899.846153846156,59403.743589743586,0.35266150512544403,0.5301977753529005,0.4414296402391723,0.27242762615636906,0.46469248686803283,0.3412103078147051,0.49373574646213786,0.5612739173821883,0.5231119890373789,0.8071963608953515,0.7021502714936605,0.7492214384930576,0.11999247282912659,
C_on_B,-1,1.0,23.666666666666668,77800.20512820513,77800.20512820513,77800.20512820513,59403.743589743586,0.547640544545439,0.25127850058179135,0.39945952256361517,0.186474408642074,0.6360548669657784,0.28695517279766947,0.3534501483622818,0.7796991899334724,0.4842339191247166,0.6654887791981389,0.878501704320231,0.7551472718878601,0.09510957775569889,
C_on_B,1,0.02,1.0,9388.948717948719,187.23076923076923,187.23076923076923,59403.743589743586,0.24171097192281074,2.2061650678554874,1.2239380198891492,0.7164596579386511,0.021334763993289492,0.04132915536135432,0.7858269109468892,0.052648923762329186,0.09794469804478304,0.8346320859112223,0.1376859830971314,0.2329703551550888,0.00572761490607009,
C_on_B,1,0.05,1.0,9388.948717948719,469.0,469.0,59403.743589743586,0.22150319055634485,1.9888414047840461,1.1051722976701954,0.7178415091036914,0.04460105828753157,0.0836767865087635,0.7981982809288285,0.08892511375556363,0.15886707746135462,0.8576655174801442,0.19507934589580828,0.31346772969991027,0.014370709450821665,
C_on_B,1,0.1,1.0,9388.948717948719,938.4871794871794,938.4871794871794,59403.743589743586,0.2106043774299718,1.846859893825883,1.0287321356279273,0.693858402908484,0.0722831035219478,0.1303695500100405,0.79995124793419,0.12378533409892666,0.21283501444303923,0.8749952877744136,0.24314138849576702,0.37561874008225404,0.027048916189859194,
C_on_B,1,0.25,1.0,9388.948717948719,2346.871794871795,2346.871794871795,59403.743589743586,0.21034702925619975,1.7013627568395187,0.9558548930478593,0.6053493230721048,0.11600664460384212,0.1935624819393191,0.7615040378259612,0.1745045953653522,0.28128194968940445,0.8892546028587524,0.3002198442859607,0.44288623815194994,0.05426207631869103,
C_on_B,1,0.5,1.0,9388.948717948719,4694.25641025641,4694.25641025641,59403.743589743586,0.2534540954147389,1.2435448482943565,0.7484994718545477,0.4565102209096595,0.1549279061217744,0.2293644770782199,0.6397880670094668,0.24409439813638842,0.3493456685099378,0.8636155104581699,0.4238024503916996,0.5581932303818526,0.07158341137629994,
C_on_B,1,1.0,1.0,9388.948717948719,9388.948717948719,9388.948717948719,59403.743589743586,0.3944843987894514,0.6320519408587927,0.513268169824122,0.31853290899068293,0.22342504995413703,0.2603019684672151,0.49307762938244554,0.4097489553506602,0.4440959920271446,0.7610173947152429,0.6613651345316842,0.7021105358831465,0.07854271173288391,
C_on_B,2,0.02,2.0,16238.23076923077,324.2564102564103,324.2564102564103,59403.743589743586,0.17288005499859666,1.9662351324523104,1.0695575937254536,0.7212526974462593,0.026871056332571835,0.05171319504950168,0.8582786462322181,0.060502086477653344,0.1125328025232027,0.9059261440110825,0.15634112214718926,0.2646830421839889,0.009058521500330659,
C_on_B,2,0.05,2.0,16238.23076923077,811.4615384615385,811.4615384615385,59403.743589743586,0.18839149883164152,1.6840028094246053,0.9361971541281233,0.6903102025200941,0.05704297376300353,0.10510155543740776,0.8285278760249178,0.10931795290838352,0.19226610016095738,0.8960284892210845,0.23726259050436818,0.37240255040849407,0.021526900221776172,
C_on_B,2,0.1,2.0,16238.23076923077,1623.2820512820513,1623.2820512820513,59403.743589743586,0.19489578137689906,1.454913445292537,0.8249046133347179,0.6575019525499879,0.09537501227918019,0.1660928451277137,0.8057312178208639,0.162185380329804,0.26894507447696475,0.8943621108038265,0.31407581500107595,0.4621859060061843,0.03965998914596536,
C_on_B,2,0.25,2.0,16238.23076923077,4059.230769230769,4059.230769230769,59403.743589743586,0.21212838735259146,1.2118158680771616,0.7119721277148765,0.5653896805899018,0.17092180792066097,0.2615098868972846,0.7489493685657709,0.2606965416531863,0.38516600949219065,0.8898315779543929,0.4271671477112403,0.5741958544067277,0.07765102746465458,
C_on_B,2,0.5,2.0,16238.23076923077,8118.820512820513,8118.820512820513,59403.743589743586,0.2624848159918969,0.850098889594641,0.5562918527932689,0.4425925690522514,0.24814090698327307,0.31622112443041833,0.6427565801568103,0.37495456419145395,0.4719486850751897,0.8585307533765484,0.560776332805433,0.6760174344314227,0.10229090247149514,
C_on_B,2,1.0,2.0,16238.23076923077,16238.23076923077,16238.23076923077,59403.743589743586,0.4369663080018107,0.42179782091673673,0.42938206445927374,0.3065932415592985,0.3436338613565975,0.3222221843240236,0.48369481565684824,0.5667295757832337,0.5203017631311345,0.7494408976831841,0.7842853137879521,0.7646373126691437,0.10426357940238358,
C_on_B,4,0.02,4.0,27976.102564102563,559.0512820512821,559.0512820512821,59403.743589743586,0.19345588146747114,1.973454094403067,1.083454987935269,0.796896869879399,0.04513557896209886,0.08533657275537102,0.866928765389253,0.07986878829784363,0.145882058845012,0.8899565241696491,0.1656624795478367,0.2781183294024494,0.017203324276599867,
C_on_B,4,0.05,4.0,27976.102564102563,1398.3076923076924,1398.3076923076924,59403.743589743586,0.19827126453079097,1.7098379963844252,0.9540546304576082,0.7567209441010547,0.08434947067804655,0.1515580084482961,0.8511847351928472,0.12975186302804875,0.2246624385145201,0.8893568982013687,0.24307981585002741,0.37988630270057616,0.038378891750213404,
C_on_B,4,0.1,4.0,27976.102564102563,2797.1794871794873,2797.1794871794873,59403.743589743586,0.19985002661485538,1.483287765949329,0.8415688962820923,0.6863922923612448,0.13202864198679154,0.22103143717169446,0.8294284462730354,0.1901971391463981,0.30848563627776787,0.8950021090114256,0.3264110038101044,0.47522313788622694,0.06466205424010789,
C_on_B,4,0.25,4.0,27976.102564102563,6993.641025641025,6993.641025641025,59403.743589743586,0.22104291464410253,1.1333585484389037,0.6772007315415032,0.5205679530259331,0.22609404847649936,0.3144955526191296,0.7323431698886014,0.3117689705682878,0.43623828240899387,0.8949249405698158,0.4617661146692573,0.606634014008354,0.10438732891769348,
C_on_B,4,0.5,4.0,27976.102564102563,13987.76923076923,13987.76923076923,59403.743589743586,0.2775981228122087,0.7164867816176265,0.4970424522149176,0.3890271857544512,0.32992173172321765,0.3561433243358116,0.6061585192581553,0.45903868764745287,0.5213812531389872,0.8580318520030531,0.6226128225324374,0.7196520656048632,0.12091090939033079,
C_on_B,4,1.0,4.0,27976.102564102563,27976.102564102563,27976.102564102563,59403.743589743586,0.4584270193509278,0.33624936009642287,0.39733818972367535,0.2644294962972383,0.4554369939599762,0.3338117810315849,0.44223894630652094,0.6730136456713038,0.5326082380142797,0.7291342460600772,0.8385356410154048,0.7784848401790978,0.1110703708759204,
C_on_B,8,0.02,8.0,43235.05128205128,864.1282051282051,864.1282051282051,59403.743589743586,0.20067676400171405,2.0316409687730195,1.1161588663873667,0.8117835172799627,0.056595981981243396,0.10567931548963304,0.8633798923668954,0.08376590764447119,0.15244164012987335,0.8840118589175242,0.15888912187007617,0.26832743350248334,0.026941019331981033,
C_on_B,8,0.05,8.0,43235.05128205128,2161.2820512820513,2161.2820512820513,59403.743589743586,0.20721897123566932,1.7134297798936227,0.960324375564646,0.7350637744738681,0.10403738302365093,0.1818769647916181,0.8429092809119343,0.14326209255013297,0.2442102169518541,0.8848240489197943,0.251858372010246,0.3895566538633153,0.05485978054947709,
C_on_B,8,0.1,8.0,43235.05128205128,4323.051282051282,4323.051282051282,59403.743589743586,0.21189870479352704,1.447976050842817,0.829937377818172,0.6222943916542768,0.16193001058562162,0.2562952038320549,0.8036524029067638,0.21889492374573363,0.342990796093895,0.8910615056968881,0.3534369550389364,0.5025042958029442,0.08425791334029852,
C_on_B,8,0.25,8.0,43235.05128205128,10808.410256410256,10808.410256410256,59403.743589743586,0.24269322595740314,1.032568659053211,0.637630942505307,0.4425916191789163,0.26910137226237973,0.3337594646255671,0.6843338791236243,0.35514289582825176,0.46649844608765095,0.8866248287017487,0.496122195805964,0.6334973430606013,0.11635739304980018,
C_on_B,8,0.5,8.0,43235.05128205128,21617.25641025641,21617.25641025641,59403.743589743586,0.3106261775089838,0.6333910663291942,0.472008621919089,0.32919019430873214,0.3885933648283973,0.35539354609595875,0.5548091585414794,0.5075228090203081,0.5286982076279312,0.837093299927846,0.6541787488305452,0.7324095279021199,0.12374673066970061,
C_on_B,8,1.0,8.0,43235.05128205128,43235.05128205128,43235.05128205128,59403.743589743586,0.4962457970524356,0.2889685738392035,0.3926071854458195,0.22469712266080932,0.5364832126484755,0.3160340347795807,0.40006257359444225,0.7330104903958491,0.5163516352937066,0.7022915733849039,0.8621719006468498,0.7726928034219315,0.10606068905308365,
C_on_B,16,0.02,15.692307692307692,63183.46153846154,1263.2051282051282,1263.2051282051282,59403.743589743586,0.2021390709910733,2.0051332654184617,1.1036361682047675,0.801951751842598,0.06888611519210465,0.1266409467571201,0.8625883679089904,0.09372539620107614,0.16866155434097374,0.883825354838901,0.16970691342769542,0.2834973330129807,0.03685703682466808,
C_on_B,16,0.05,15.692307692307692,63183.46153846154,3158.6153846153848,3158.6153846153848,59403.743589743586,0.21340679333474263,1.6514116694337804,0.9324092313842616,0.6880806295433095,0.12448609895481266,0.21020220579023635,0.8284145712054636,0.16484206692637438,0.2741000166531734,0.8833979437410603,0.27577955654927283,0.4180627251347488,0.06960961813594563,
C_on_B,16,0.1,15.692307692307692,63183.46153846154,6317.923076923077,6317.923076923077,59403.743589743586,0.2226946368767363,1.3876327039036376,0.8051636703901871,0.5550684204747678,0.18859598001249017,0.2805018784979865,0.7753859108729901,0.2468096235173349,0.3733257964271279,0.8894054997550888,0.37404865003454807,0.523546247104864,0.09773479455397092,
C_on_B,16,0.25,15.692307692307692,63183.46153846154,15795.461538461539,15795.461538461539,59403.743589743586,0.26122565816072146,0.9303900673716266,0.595807862766174,0.3893998966028331,0.31162007575999934,0.34497052230393854,0.6444771574896964,0.3930690940869218,0.4870252446984394,0.8769150264351249,0.5286272550071579,0.6568828222103501,0.12305732951204633,
C_on_B,16,0.5,15.692307692307692,63183.46153846154,31591.4358974359,31591.4358974359,59403.743589743586,0.33452692860660266,0.552812532974281,0.44366973079044186,0.287140480797967,0.44019672943400767,0.3464020477469685,0.5106403352192578,0.5460181125848091,0.5263914795811641,0.8188890162269394,0.6909756044965762,0.7476094066199295,0.1216621142543456,
C_on_B,16,1.0,15.692307692307692,63183.46153846154,63183.46153846154,63183.46153846154,59403.743589743586,0.5294381257106017,0.2657310322285036,0.3975845789695526,0.1966488637793832,0.6064970428067125,0.2962647680821849,0.3667342420867924,0.7678515896882412,0.4949571373270558,0.6777257993888578,0.8720421974685059,0.7610923232811565,0.09873648328127527,
D_conf_sum,-1,0.02,23.666666666666668,77800.20512820513,1555.5128205128206,1555.5128205128206,59403.743589743586,0.21319233892241107,1.9438527343527459,1.0785225366375784,0.7748619750811757,0.09174642884378999,0.16336389051572095,0.8352584279750406,0.12141796038926693,0.211056991325012,0.8691802222718047,0.2067141987866468,0.3316947598662607,0.04695458793400661,
D_conf_sum,-1,0.05,23.666666666666668,77800.20512820513,3889.4615384615386,3889.4615384615386,59403.743589743586,0.19711949842006807,1.4379601830202906,0.8175398407201793,0.6666898077894754,0.17711919842272655,0.27791901940109853,0.7999162141386533,0.23850028130383608,0.3650734789069614,0.898024593597344,0.3704203965496324,0.5204711419827897,0.08846994654698087,
D_conf_sum,-1,0.1,23.666666666666668,77800.20512820513,7779.538461538462,7779.538461538462,59403.743589743586,0.21670620447224465,1.1278306648577703,0.6722684346650075,0.5297873914407936,0.2519539223013802,0.3385673533969943,0.7172494578585437,0.3350457008018652,0.45411303229756356,0.8984592743532411,0.48002800349815333,0.6223657647841895,0.11560186269475703,
D_conf_sum,-1,0.25,23.666666666666668,77800.20512820513,19449.666666666668,19449.666666666668,59403.743589743586,0.28642659492446576,0.612189063711785,0.4493078293181254,0.35076929074411095,0.36829704390042284,0.3565911129851182,0.5713387574033023,0.4909773522246832,0.5256537540142207,0.8491541766056024,0.667319302173653,0.7442167286745648,0.12377996017922345,
D_conf_sum,-1,0.5,23.666666666666668,77800.20512820513,38899.846153846156,38899.846153846156,59403.743589743586,0.3712869957002915,0.36563749757510433,0.3684622466376979,0.2565893131707364,0.4881103454404574,0.33437420430965115,0.4595000522952655,0.639646841872879,0.5322394601629735,0.7813168849558115,0.8072126576699931,0.7915372439589827,0.11398897372111516,
D_conf_sum,-1,1.0,23.666666666666668,77800.20512820513,77800.20512820513,77800.20512820513,59403.743589743586,0.547640544545439,0.25127850058179135,0.39945952256361517,0.186474408642074,0.6360548669657784,0.28695517279766947,0.3534501483622818,0.7796991899334724,0.4842339191247166,0.6654887791981389,0.878501704320231,0.7551472718878601,0.09510957775569889,
D_conf_sum,1,0.02,1.0,9388.948717948719,187.23076923076923,187.23076923076923,59403.743589743586,0.23778474422556306,3.0236016597488544,1.630693201987209,0.7325324157392936,0.014188310213854086,0.02780838359513643,0.7810827399349883,0.022394403483527052,0.04346700738509025,0.8273496082480943,0.053439371192537326,0.09997801326262146,0.006397793453943389,
D_conf_sum,1,0.05,1.0,9388.948717948719,469.0,469.0,59403.743589743586,0.21303595330653552,2.683324616424385,1.4481802848654604,0.7428869654066019,0.034465066127910296,0.06573155571460026,0.8102526601728192,0.05178755195673757,0.097045174501583,0.8623749694389653,0.10084736057093768,0.17948307956252302,0.01590712257341124,
D_conf_sum,1,0.1,1.0,9388.948717948719,938.4871794871794,938.4871794871794,59403.743589743586,0.19896995742840615,2.242970818387806,1.220970387908106,0.7211925803635709,0.06474297845494198,0.1183966743970482,0.8164756281121476,0.09710008000775869,0.17258285835389822,0.8846779212507585,0.1783632446606349,0.29358693751213144,0.029822293905233055,
D_conf_sum,1,0.25,1.0,9388.948717948719,2346.871794871795,2346.871794871795,59403.743589743586,0.20940286180418666,1.7134622236584012,0.961432542731294,0.599995112279413,0.11922642015616826,0.19770861981308607,0.7509058535906628,0.18070906415992855,0.2885813576270411,0.8924055392321453,0.3058629125906106,0.4496456417800365,0.05564501402066469,
D_conf_sum,1,0.5,1.0,9388.948717948719,4694.25641025641,4694.25641025641,59403.743589743586,0.25877453756598495,1.1086777061867186,0.6837261218763517,0.4549762871781941,0.15744143804100108,0.23191298635354754,0.6341802855057703,0.26136320123656515,0.36533775924367806,0.8583546413783469,0.4722745463193992,0.598338465380118,0.07160233793948736,
D_conf_sum,1,1.0,1.0,9388.948717948719,9388.948717948719,9388.948717948719,59403.743589743586,0.3944843987894514,0.6320519408587927,0.513268169824122,0.31853290899068293,0.22342504995413703,0.2603019684672151,0.49307762938244554,0.4097489553506602,0.4440959920271446,0.7610173947152429,0.6613651345316842,0.7021105358831465,0.07854271173288391,
D_conf_sum,2,0.02,2.0,16238.23076923077,324.2564102564103,324.2564102564103,59403.743589743586,0.1769798168171826,2.2980627547369417,1.2375212857770619,0.7048069467232246,0.022330957444377374,0.0432400941885332,0.8286827235833341,0.03984570288387804,0.07589488106497806,0.8928158776839091,0.09872959633166398,0.1770578123971041,0.009680205357405429,
D_conf_sum,2,0.05,2.0,16238.23076923077,811.4615384615385,811.4615384615385,59403.743589743586,0.17991595551757836,2.011259445983913,1.0955877007507455,0.7048176541488816,0.0533392670534012,0.0989377677770264,0.8222074711556476,0.08579847038469682,0.15486047369246,0.8953922769544497,0.17243039960840995,0.2871870490571556,0.02423889838062666,
D_conf_sum,2,0.1,2.0,16238.23076923077,1623.2820512820513,1623.2820512820513,59403.743589743586,0.1802710037977344,1.6403691752509042,0.9103200895243193,0.6941698277140806,0.10233449631877314,0.17772203901942463,0.8183996935002547,0.15680782884241265,0.2619719463996689,0.8989344126511097,0.2794100405596436,0.42336296439008136,0.04652693915555607,
D_conf_sum,2,0.25,2.0,16238.23076923077,4059.230769230769,4059.230769230769,59403.743589743586,0.21068893650583198,1.16910871953273,0.689898828019281,0.5772425967898993,0.1885580602918222,0.28297531675195153,0.7402473196168631,0.28682990371742956,0.411304293610244,0.8893621382993269,0.46009707643766656,0.6030569833020178,0.08439104870725184,
D_conf_sum,2,0.5,2.0,16238.23076923077,8118.820512820513,8118.820512820513,59403.743589743586,0.26808340635898614,0.7210032687192498,0.49454333753911794,0.43773539789854876,0.24992895564968307,0.3162318205422343,0.6251397098340966,0.3989442977587211,0.48428207977364796,0.8498494657105099,0.6323878523390446,0.7218105825864602,0.10326516725076172,
D_conf_sum,2,1.0,2.0,16238.23076923077,16238.23076923077,16238.23076923077,59403.743589743586,0.4369663080018107,0.42179782091673673,0.42938206445927374,0.3065932415592985,0.3436338613565975,0.3222221843240236,0.48369481565684824,0.5667295757832337,0.5203017631311345,0.7494408976831841,0.7842853137879521,0.7646373126691437,0.10426357940238358,
D_conf_sum,4,0.02,4.0,27976.102564102563,559.0512820512821,559.0512820512821,59403.743589743586,0.22636987902656414,2.1994101344105315,1.212890006718548,0.7436795709884261,0.039480833372482704,0.07492853466393193,0.8180206754754185,0.06348936711269147,0.11767525975934132,0.8533254664695479,0.1354243561017221,0.2325897461421219,0.017481152057719957,
D_conf_sum,4,0.05,4.0,27976.102564102563,1398.3076923076924,1398.3076923076924,59403.743589743586,0.20640915324521877,1.8568724860417376,1.0316408196434783,0.7537349357040297,0.09084489798252798,0.1619287724955975,0.8291383893609844,0.12965967329825806,0.22375776292955438,0.8753156447867229,0.22903949229411566,0.3607403566499154,0.04301644342063474,
D_conf_sum,4,0.1,4.0,27976.102564102563,2797.1794871794873,2797.1794871794873,59403.743589743586,0.19791918537244493,1.4397114411798693,0.818815313276157,0.7012239818472942,0.1581370615540087,0.2575658253014237,0.8158137214968249,0.22496208888995808,0.3515759086126542,0.8937426645773849,0.36604030426602574,0.5157868202160042,0.07379384539052959,
D_conf_sum,4,0.25,4.0,27976.102564102563,6993.641025641025,6993.641025641025,59403.743589743586,0.22864358371225613,1.0270628515042348,0.6278532176082454,0.5213360395664248,0.25526778317728366,0.3418898640337286,0.7018739607685629,0.3600066807117251,0.4746031098600888,0.8850117458117802,0.5206833251858616,0.6531059368106323,0.11053551991083495,
D_conf_sum,4,0.5,4.0,27976.102564102563,13987.76923076923,13987.76923076923,59403.743589743586,0.29164426550699785,0.5205209067079344,0.4060825861074661,0.37832232726419196,0.3369794033238516,0.3554027620604063,0.5762418717734369,0.5074632480782172,0.5380595349488541,0.8365938429754797,0.7196213746648618,0.770637891547962,0.12016400228918257,
D_conf_sum,4,1.0,4.0,27976.102564102563,27976.102564102563,27976.102564102563,59403.743589743586,0.4584270193509278,0.33624936009642287,0.39733818972367535,0.2644294962972383,0.4554369939599762,0.3338117810315849,0.44223894630652094,0.6730136456713038,0.5326082380142797,0.7291342460600772,0.8385356410154048,0.7784848401790978,0.1110703708759204,
D_conf_sum,8,0.02,8.0,43235.05128205128,864.1282051282051,864.1282051282051,59403.743589743586,0.23031993507256152,2.1454590666966764,1.187889500884619,0.7720039751175993,0.05763756900905443,0.1071608817643035,0.8236008655883867,0.08127876255246642,0.14765344891795812,0.8514095606754054,0.1519054514910538,0.256619642706047,0.027896523135712562,
D_conf_sum,8,0.05,8.0,43235.05128205128,2161.2820512820513,2161.2820512820513,59403.743589743586,0.20425227893859108,1.6562595282572534,0.9302559035979223,0.7414796068809736,0.1275487330515455,0.2171516484053022,0.8311457831561492,0.17578912220608203,0.2892825873946877,0.8828897144963553,0.29075183428561374,0.4346245083392707,0.06308880921467222,
D_conf_sum,8,0.1,8.0,43235.05128205128,4323.051282051282,4323.051282051282,59403.743589743586,0.2047729425103268,1.3196947045900866,0.7622338235502067,0.6318779542359282,0.19920115310962225,0.30207389094847886,0.7768015220647405,0.2726083170885454,0.4023603077753016,0.8964188770111483,0.417373432545196,0.5657064068384765,0.09507860394115149,
D_conf_sum,8,0.25,8.0,43235.05128205128,10808.410256410256,10808.410256410256,59403.743589743586,0.2501638074072699,0.847051398760623,0.5486076030839464,0.43676515155681156,0.2988508650944558,0.3540464798205977,0.6428431420329761,0.4175539140482751,0.505361939979808,0.8732531803998272,0.5804328710897776,0.6955728687491588,0.12047770486830083,
D_conf_sum,8,0.5,8.0,43235.05128205128,21617.25641025641,21617.25641025641,59403.743589743586,0.3249810616419818,0.42903868639753223,0.37700987401975705,0.313482643152276,0.40046879946450537,0.3506898725179687,0.5177863641806466,0.5805325314813606,0.5457817249811646,0.8127476795486801,0.7711697921722089,0.7886348562543335,0.11984135013785398,
D_conf_sum,8,1.0,8.0,43235.05128205128,43235.05128205128,43235.05128205128,59403.743589743586,0.4962457970524356,0.2889685738392035,0.3926071854458195,0.22469712266080932,0.5364832126484755,0.3160340347795807,0.40006257359444225,0.7330104903958491,0.5163516352937066,0.7022915733849039,0.8621719006468498,0.7726928034219315,0.10606068905308365,
D_conf_sum,16,0.02,15.692307692307692,63183.46153846154,1263.2051282051282,1263.2051282051282,59403.743589743586,0.2194319302162868,2.0145051818675617,1.1169685560419242,0.7802181609742024,0.08001913027643862,0.14488279152429323,0.8339852546142862,0.10695756747524704,0.18909588087657328,0.8640180949424504,0.1862489501712299,0.3048028075940784,0.04023535396204766,
D_conf_sum,16,0.05,15.692307692307692,63183.46153846154,3158.6153846153848,3158.6153846153848,59403.743589743586,0.2006944635446467,1.493627392679962,0.8471609281123043,0.6963732738549585,0.1621974476270019,0.26234178942378944,0.8134589724532446,0.21933631018421898,0.34439286668617164,0.8928682031357564,0.3469421247548177,0.49677376865242207,0.08093678947756933,
D_conf_sum,16,0.1,15.692307692307692,63183.46153846154,6317.923076923077,6317.923076923077,59403.743589743586,0.21192915759839542,1.1817062605806261,0.6968177090895107,0.5639286558097343,0.23662757649504193,0.3322394786229457,0.7363520896972661,0.31631620577673863,0.44118453377446815,0.8988188801551268,0.46080450953966845,0.6064745543901173,0.11101611629395598,
D_conf_sum,16,0.25,15.692307692307692,63183.46153846154,15795.461538461539,15795.461538461539,59403.743589743586,0.2739851749403566,0.6570970689645725,0.4655411219524646,0.3737084716209416,0.34580914228243265,0.3580746247813318,0.5904030411738587,0.47332016760971596,0.5242356442155609,0.8579150652746316,0.6445681541456073,0.7338277417520752,0.12400724256773366,
D_conf_sum,16,0.5,15.692307692307692,63183.46153846154,31591.4358974359,31591.4358974359,59403.743589743586,0.3525478581664879,0.3807378159123051,0.3666428370393965,0.2702433905543841,0.461005963776302,0.3397555721788356,0.4736654054127604,0.6260619301846183,0.5376631349413629,0.7912884536564209,0.7997611340911559,0.7929415819221953,0.11597643192586045,
D_conf_sum,16,1.0,15.692307692307692,63183.46153846154,63183.46153846154,63183.46153846154,59403.743589743586,0.5294381257106017,0.2657310322285036,0.3975845789695526,0.1966488637793832,0.6064970428067125,0.2962647680821849,0.3667342420867924,0.7678515896882412,0.4949571373270558,0.6777257993888578,0.8720421974685059,0.7610923232811565,0.09873648328127527,
E_conf_filter50,-1,0.02,23.666666666666668,16702.30769230769,333.56410256410254,333.56410256410254,59403.743589743586,0.2679384916718404,2.430573241773683,1.3492558667227617,0.7629842099778664,0.023762679497290513,0.046031399470127216,0.7970509346583176,0.03974534894463774,0.07549108801160241,0.8108990820806379,0.09263506798247952,0.16504272790745717,0.010523114140648363,
E_conf_filter50,-1,0.05,23.666666666666668,16702.30769230769,834.6666666666666,834.6666666666666,59403.743589743586,0.23502033383754645,2.2160542288098335,1.22553728132369,0.7814159701813634,0.052869233574934976,0.09875229106899185,0.8217989747950162,0.07322356458551381,0.13385367938888673,0.8449132435133577,0.13823518734080023,0.2358771972438341,0.026437481617267125,
E_conf_filter50,-1,0.1,23.666666666666668,16702.30769230769,1669.7948717948718,1669.7948717948718,59403.743589743586,0.21238236015085052,1.887596277738962,1.049989318944906,0.7751915010072254,0.09734673875595432,0.1720852268062847,0.8342638213346774,0.12691551701536566,0.21884406989129837,0.8680957984938464,0.216777521522557,0.34225251050621236,0.05099938182008884,
E_conf_filter50,-1,0.25,23.666666666666668,16702.30769230769,4175.179487179487,4175.179487179487,59403.743589743586,0.19537360198432877,1.3531818663234154,0.7742777341538721,0.6901468187301127,0.1878832971019566,0.2929816663508622,0.8115615626033638,0.24982073205540217,0.37880339048131123,0.8946369189809096,0.39201155412214905,0.5395708638455151,0.09609982631869905,
E_conf_filter50,-1,0.5,23.666666666666668,16702.30769230769,8350.871794871795,8350.871794871795,59403.743589743586,0.22771670592034945,1.1052784606892103,0.6664975833047798,0.5263375695679204,0.264270232039444,0.3481737808073902,0.7193936002729862,0.36111299246672723,0.47652687346756734,0.8852289617345318,0.5002662362066439,0.63453453426469,0.11837692864185936,
E_conf_filter50,-1,1.0,23.666666666666668,16702.30769230769,16702.30769230769,16702.30769230769,59403.743589743586,0.2701212987941964,1.0365270581422332,0.6533241784682148,0.38360429653395883,0.33558185965469634,0.35429999598904216,0.6121097668207452,0.4155761456052879,0.49073456241620644,0.8634748241361191,0.5241889251023533,0.6483052039394639,0.1233980469789163,
E_conf_filter50,1,0.02,1.0,2722.7179487179487,53.97435897435897,53.97435897435897,59403.743589743586,0.26421919505402913,3.264904646552374,1.7645619208032013,0.7107747714006117,0.004583594773201349,0.009103947803490865,0.7443692829937483,0.008906000597998624,0.017586669999862223,0.783991330837857,0.028366714797702697,0.054654508375124436,0.0018057732507312397,
E_conf_filter50,1,0.05,1.0,2722.7179487179487,135.64102564102564,135.64102564102564,59403.743589743586,0.24771657167164543,3.090791102849394,1.6692538372605197,0.7227845425090448,0.010870283850651644,0.02139200858798897,0.7724080184029802,0.018068081325436865,0.035241100294891595,0.8151683649240677,0.045791916795073745,0.08639974701358935,0.00467630360377129,
E_conf_filter50,1,0.1,1.0,2722.7179487179487,271.7692307692308,271.7692307692308,59403.743589743586,0.2407341040819069,2.9045572495659946,1.5726456768239507,0.7305034720417068,0.020951862750622913,0.0406422549961865,0.780850002555867,0.031271713833156196,0.059926161743788633,0.8293763481201588,0.0675866053655441,0.12425091759781924,0.009430367650148394,
E_conf_filter50,1,0.25,1.0,2722.7179487179487,680.3076923076923,680.3076923076923,59403.743589743586,0.21860134797659939,2.3812665942214197,1.2999339710990094,0.7489750939729878,0.05160138018430626,0.09607917103701626,0.811227148158898,0.07531517856370232,0.13687770883085415,0.8606281991420127,0.14336227793884482,0.24288093471576205,0.02356653589178406,
E_conf_filter50,1,0.5,1.0,2722.7179487179487,1361.076923076923,1361.076923076923,59403.743589743586,0.19970495768109825,1.8754227587149552,1.0375638581980267,0.718147648559398,0.09046806420315189,0.1596662505943778,0.8139833108653394,0.13724960119397794,0.23263483549106964,0.8849546991219779,0.25219369238027367,0.38706954921224745,0.042199056420721415,
E_conf_filter50,1,1.0,1.0,2722.7179487179487,2722.7179487179487,2722.7179487179487,59403.743589743586,0.21849741343393211,1.7076710226480167,0.9630842180409743,0.599256095721377,0.12125253744090862,0.19979231136125983,0.7524783031929079,0.17574797438422893,0.2815977741263971,0.8830057011736252,0.30002997097925166,0.4417037886468326,0.061900756883964334,
E_conf_filter50,2,0.02,2.0,4515.2307692307695,89.7948717948718,89.7948717948718,59403.743589743586,0.16982837288356767,2.5113923941184333,1.3406103835010004,0.7384229360910819,0.007534694885615671,0.014909342476142142,0.8460230907485442,0.01701684749140491,0.033334924413222874,0.8872917698584829,0.05751995264084174,0.10766613999068515,0.002888575834508945,
E_conf_filter50,2,0.05,2.0,4515.2307692307695,225.35897435897436,225.35897435897436,59403.743589743586,0.17791637472786764,2.363844691573481,1.2708805331506743,0.7195128899514203,0.016892043690710963,0.03297226464019169,0.8364236065073328,0.031535235652192004,0.060688420701730854,0.8872581185549766,0.08415547019760997,0.15317279218667654,0.0070174445716652215,
E_conf_filter50,2,0.1,2.0,4515.2307692307695,451.1794871794872,451.1794871794872,59403.743589743586,0.1798441557767093,2.1866121336602933,1.1832281447185014,0.7185151967125252,0.03227447357269824,0.06163889539962277,0.8279228751197036,0.05377403818701586,0.10071930421960397,0.890018434846569,0.12205899358101348,0.21355426447041445,0.014132088829686472,
E_conf_filter50,2,0.25,2.0,4515.2307692307695,1128.3589743589744,1128.3589743589744,59403.743589743586,0.18359401373629405,1.7833383962732212,0.9834662050047576,0.7243085657156272,0.07871590768365318,0.14137096321363693,0.8250141511722751,0.11952005724236692,0.20759461151728814,0.8906924593377383,0.22625471440676628,0.35736005787972025,0.0354551635098387,
E_conf_filter50,2,0.5,2.0,4515.2307692307695,2257.3076923076924,2257.3076923076924,59403.743589743586,0.18868948510526812,1.3206711637321287,0.7546803244186984,0.6940576940937505,0.1379211435108624,0.2289891213520749,0.8112699391257244,0.20972350196158068,0.33157840531969185,0.8925206760799114,0.37767466163289326,0.5272638584971164,0.0637903598478945,
E_conf_filter50,2,1.0,2.0,4515.2307692307695,4515.2307692307695,4515.2307692307695,59403.743589743586,0.22119439104655506,1.1805017149877817,0.7008480530171682,0.5798082221163988,0.18739129401314472,0.2815220931649293,0.7397394176866767,0.27256879775879117,0.39594319153130564,0.8791330577615531,0.44991938132573095,0.5908891137468355,0.09103555874806607,
E_conf_filter50,4,0.02,4.0,7194.974358974359,143.43589743589743,143.43589743589743,59403.743589743586,0.23965657387011113,2.403944139429487,1.3218003566497991,0.7470831262325562,0.012257937188096979,0.024112575896038053,0.8058491487464822,0.027252222633343398,0.05266779786018125,0.8329955716756233,0.08581401339466911,0.15487539401175324,0.004687023748884929,
E_conf_filter50,4,0.05,4.0,7194.974358974359,359.35897435897436,359.35897435897436,59403.743589743586,0.24028373011232473,2.2808597917870324,1.2605717609496785,0.7383421862762487,0.027547432571765666,0.05307689601409443,0.8062174313868515,0.04881159269306725,0.09189711079802541,0.8356093871155841,0.11701692033608661,0.20411953711847108,0.011413600043049907,
E_conf_filter50,4,0.1,4.0,7194.974358974359,719.1538461538462,719.1538461538462,59403.743589743586,0.22556742056075307,2.1217174032690944,1.1736424119149236,0.7513773705330598,0.051213970026789436,0.09577034178146193,0.8179365691526752,0.07819544719572345,0.14238799116991352,0.8527881484984653,0.15552776998230824,0.2614940484433372,0.023009453388376996,
E_conf_filter50,4,0.25,4.0,7194.974358974359,1798.3589743589744,1798.3589743589744,59403.743589743586,0.20734362216176686,1.6508440050889273,0.929093813625347,0.7585375683444668,0.11602075319783153,0.20075976116320268,0.829481215094729,0.16283056745304636,0.2709160929831022,0.8750990492779533,0.2795838384701111,0.41904137023278165,0.05510485407770005,
E_conf_filter50,4,0.5,4.0,7194.974358974359,3597.25641025641,3597.25641025641,59403.743589743586,0.20216948824593153,1.2132583910262222,0.7077139396360769,0.6911907405099857,0.1889853404279705,0.2957704292759008,0.8076093430523884,0.26990806835535963,0.40259866474754363,0.8885283323358433,0.4424580663700128,0.5858362436117522,0.08981520848878814,
E_conf_filter50,4,1.0,4.0,7194.974358974359,7194.974358974359,7194.974358974359,59403.743589743586,0.2341377778085871,1.081778195528421,0.657957986668504,0.5290849259806153,0.2488252127285435,0.33707640079000445,0.7090191397528046,0.34800194944182805,0.4645447704825968,0.8779770089439219,0.5066979489812579,0.6388229097295106,0.11326639090825989,
E_conf_filter50,8,0.02,8.0,9839.589743589744,196.3846153846154,196.3846153846154,59403.743589743586,0.27170267372013385,2.4343345413778685,1.3530186075490012,0.7497466927737625,0.01662331784797137,0.03251018431109109,0.7862243983101558,0.033356287444481526,0.06386496979763516,0.8033268968584516,0.08854879670567402,0.1582957539592079,0.00657795449296992,
E_conf_filter50,8,0.05,8.0,9839.589743589744,491.4871794871795,491.4871794871795,59403.743589743586,0.2555428285394207,2.2944196393829195,1.27498123396117,0.7607502280142013,0.035709905847068416,0.06815002288565243,0.8021286801188108,0.05601527861510627,0.10440358813761662,0.8236918286830024,0.11913415705000825,0.20657139226800572,0.01644018351798589,
E_conf_filter50,8,0.1,8.0,9839.589743589744,983.5128205128206,983.5128205128206,59403.743589743586,0.23173280157873563,2.083339377612042,1.1575360895953888,0.7690846003966665,0.06571013998756765,0.12083158681066838,0.8204673896789403,0.09134667941886183,0.16381198439414912,0.849625450133193,0.16691192293450924,0.2771585862370474,0.03230286691916031,
E_conf_filter50,8,0.25,8.0,9839.589743589744,2459.4871794871797,2459.4871794871797,59403.743589743586,0.20517112967674983,1.527061198314852,0.8661161639958009,0.7481884354725978,0.14298579134660208,0.23933061021696192,0.8303512423114723,0.1939762965210836,0.31299264323507237,0.8800965263078105,0.3226051242235916,0.4669623508912193,0.07169215706382043,
E_conf_filter50,8,0.5,8.0,9839.589743589744,4919.51282051282,4919.51282051282,59403.743589743586,0.2091667372971113,1.1650627318832552,0.6871147345901832,0.6324421420727467,0.21716228246747443,0.32208761550653614,0.7789765184940043,0.3058789087936249,0.4370475068304142,0.8893837799121093,0.46860495773585203,0.6089878436059947,0.10445022657300566,
E_conf_filter50,8,1.0,8.0,9839.589743589744,9839.589743589744,9839.589743589744,59403.743589743586,0.24835612181220126,1.0561889055864513,0.6522725136993263,0.46264054776919966,0.2815617541772445,0.34851701816247793,0.6667840450122491,0.38500616823364,0.4855672855813506,0.8731115981277765,0.5171026547178285,0.645596933589982,0.11961987107156087,
E_conf_filter50,16,0.02,15.692307692307692,13476.666666666666,269.05128205128204,269.05128205128204,59403.743589743586,0.2791489939847756,2.4358857464779753,1.3575173702313754,0.7538790446568447,0.02097277266464918,0.04078476909051427,0.7874756958584044,0.037555124865479114,0.07148680505548419,0.8017111928203388,0.09096905064326534,0.16201799503311548,0.008918415120204498,
E_conf_filter50,16,0.05,15.692307692307692,13476.666666666666,673.4102564102565,673.4102564102565,59403.743589743586,0.24355905688222065,2.2500474772795362,1.2468032670808786,0.7774733799048996,0.04614026484743235,0.08697843256060864,0.8161432397225008,0.06633459627548734,0.12227664718849539,0.8369236823910189,0.13008215921789593,0.22368174976827473,0.02248020671949472,
E_conf_filter50,16,0.1,15.692307692307692,13476.666666666666,1347.3333333333333,1347.3333333333333,59403.743589743586,0.22172190695883437,1.9649310169052423,1.0933264619320384,0.7770006600504723,0.08525426891154535,0.15319210884793938,0.8305741299702606,0.11269310229196809,0.19761395872687368,0.8607735826935464,0.19434264813515378,0.3145079638549256,0.04384448423349312,
E_conf_filter50,16,0.25,15.692307692307692,13476.666666666666,3368.846153846154,3368.846153846154,59403.743589743586,0.19878511213085417,1.4021568062076277,0.8004709591692409,0.7173586532435383,0.1722619473194434,0.2767425608328252,0.8220825088895142,0.22987866306790755,0.35742795162793745,0.8897313370427136,0.3688162859492765,0.516577617073123,0.08804443551318226,
E_conf_filter50,16,0.5,15.692307692307692,13476.666666666666,6738.076923076923,6738.076923076923,59403.743589743586,0.2194109603175273,1.1196003985451737,0.6695056794313505,0.5631747296674992,0.2477567073757347,0.3424898032591398,0.7396918892677068,0.3429521166443801,0.4659785964467491,0.8881546656987811,0.49293387303475356,0.6296629669719633,0.11528524243183148,
E_conf_filter50,16,1.0,15.692307692307692,13476.666666666666,13476.666666666666,13476.666666666666,59403.743589743586,0.26251760114228645,1.0416633095731938,0.6520904553577401,0.40728849791274463,0.31553649339485923,0.35366631113828817,0.6278621039286637,0.40842430899897386,0.49169000155930204,0.8666601997335517,0.5221274759643749,0.6479148769930365,0.12272388336323577,
E_conf_filter75,-1,0.02,23.666666666666668,9200.0,183.56410256410257,183.56410256410257,59403.743589743586,0.23298858310257856,2.4914619608185324,1.3622252719605557,0.7988577046200762,0.015346312449489048,0.030085974620012272,0.8396531722941531,0.029674136641179894,0.0572000330352979,0.8457330781906507,0.07827284157368428,0.14254345327031095,0.0060819128217492625,
E_conf_filter75,-1,0.05,23.666666666666668,9200.0,459.53846153846155,459.53846153846155,59403.743589743586,0.22528877736072425,2.3580686460029754,1.2916787116818498,0.7892935892275249,0.03172559392230687,0.06087466938247974,0.8375391466271666,0.049100773965656874,0.09248241745415632,0.8487916833854618,0.10597054818081177,0.1873524123892951,0.01493902149719986,
E_conf_filter75,-1,0.1,23.666666666666668,9200.0,919.5128205128206,919.5128205128206,59403.743589743586,0.21034598373950886,2.15878544466045,1.1845657141999795,0.7937422246951196,0.05790071648964133,0.1075196880552437,0.8457771186899689,0.07874026792128086,0.14343021689219504,0.86455135097901,0.14676820502915947,0.24950150071721133,0.029524357176163012,
E_conf_filter75,-1,0.25,23.666666666666668,9200.0,2299.5897435897436,2299.5897435897436,59403.743589743586,0.19625261668602326,1.6295429621995996,0.9128977894428115,0.7756442536412442,0.12481497246850062,0.21361703474576493,0.8431576532626573,0.16137592406673562,0.26875176012406926,0.8816157813003469,0.27029648730341915,0.40903298806559163,0.0664282263432716,
E_conf_filter75,-1,0.5,23.666666666666668,9200.0,4599.717948717948,4599.717948717948,59403.743589743586,0.20834789108166185,1.231542867240616,0.7199453791611389,0.6761842753996938,0.19246729828483103,0.29668055190277604,0.79368261988878,0.2643875407777151,0.3923855117996078,0.8821136872125279,0.423846363617179,0.5661560536885542,0.09766889379087701,
E_conf_filter75,-1,1.0,23.666666666666668,9200.0,9200.0,9200.0,59403.743589743586,0.25037329222665444,1.0782251232985307,0.6642992077625925,0.4992179988060555,0.2579135456279372,0.3359848849911474,0.694911703147578,0.35721562869984297,0.4667189178970501,0.8664919497158632,0.5011522039210362,0.6302053692795818,0.11257355167284143,
E_conf_filter75,1,0.02,1.0,1716.4358974358975,33.84615384615385,33.84615384615385,59403.743589743586,0.21382900144223305,3.3251617256181456,1.7694953635301895,0.7633725934289944,0.0033475009906941164,0.006662723174960097,0.8115329437493701,0.007065541734985336,0.013998085766860477,0.8373049219779239,0.024098382826443537,0.04675957942134813,0.0012493634142271449,
E_conf_filter75,1,0.05,1.0,1716.4358974358975,85.38461538461539,85.38461538461539,59403.743589743586,0.23000803682039767,3.166408276652086,1.6982081567362417,0.7384880592630757,0.007894331826311872,0.015598675305225669,0.7922907298399731,0.014209924972721511,0.027851267795806118,0.8258044857241481,0.03737005434544873,0.07128492001819674,0.0030852883985071668,
E_conf_filter75,1,0.1,1.0,1716.4358974358975,171.2051282051282,171.2051282051282,59403.743589743586,0.22121374561690815,2.9566397195808194,1.5889267325988636,0.7565708458860201,0.015977226455095354,0.031213278205129428,0.8068015199391799,0.025931226588799372,0.050025827718649094,0.8424736803757358,0.0575063339918513,0.10711283567479743,0.006291616508301471,
E_conf_filter75,1,0.25,1.0,1716.4358974358975,428.7435897435897,428.7435897435897,59403.743589743586,0.21093414953506673,2.4474137523807022,1.3291739509578844,0.7744025818897071,0.03891055023143646,0.07369172622007857,0.8167024912219875,0.0610108157494604,0.11262807459805618,0.8574257128504846,0.11950066624672978,0.20751837219483563,0.0157553583880659,
E_conf_filter75,1,0.5,1.0,1716.4358974358975,857.9230769230769,857.9230769230769,59403.743589743586,0.1957193988965442,1.9912526151027168,1.0934860069996304,0.7673640364165706,0.069517029896454,0.12648873261198146,0.8247960252295621,0.10915822635961969,0.19071105274661534,0.8779326451036743,0.20715388818183988,0.3299884387723869,0.029757477029255686,
E_conf_filter75,1,1.0,1.0,1716.4358974358975,1716.4358974358975,1716.4358974358975,59403.743589743586,0.20281992879129232,1.7976329746740793,1.000226451732686,0.7012199404744409,0.09932141621908944,0.17217590343888123,0.8001584416306992,0.14301609723016528,0.239487139582197,0.8814576351238005,0.2566663758010838,0.3910256964419671,0.04911036063622289,
E_conf_filter75,2,0.02,2.0,2563.358974358974,50.82051282051282,50.82051282051282,59403.743589743586,0.12487147390151843,2.5967097051351873,1.3607905895183527,0.7979868022325058,0.00465112881837564,0.009240772078393676,0.9154453264307042,0.011246780118309048,0.02219649950833715,0.9389165598872099,0.04202882546215839,0.08020297635043988,0.0017415992604353347,
E_conf_filter75,2,0.05,2.0,2563.358974358974,127.58974358974359,127.58974358974359,59403.743589743586,0.14177357192001055,2.4669351077949546,1.3043543398574826,0.7581681406406583,0.010244818377933524,0.020179837028480935,0.8870318896282623,0.02037984087487033,0.0397512258521285,0.9196423748656111,0.06098098134800985,0.11390741426209636,0.0041013179943458185,
E_conf_filter75,2,0.1,2.0,2563.358974358974,255.84615384615384,255.84615384615384,59403.743589743586,0.16059447478581887,2.3042521571842727,1.2324233159850455,0.7445412428886764,0.020101024943284522,0.03900496850263681,0.8625070544046773,0.03566751300336119,0.06815558354816363,0.9048857124850312,0.0883771671506756,0.1600154397012748,0.008304205356797791,
E_conf_filter75,2,0.25,2.0,2563.358974358974,640.4102564102565,640.4102564102565,59403.743589743586,0.17683599319360532,1.905767431669027,1.0413017124313162,0.7586908740013072,0.05181695644580243,0.09636934040670113,0.8399937804216268,0.08475563217120856,0.15259314556298284,0.8889496323653295,0.17110051616117344,0.28445927724733566,0.021677129737616794,
E_conf_filter75,2,0.5,2.0,2563.358974358974,1281.4358974358975,1281.4358974358975,59403.743589743586,0.18131348233198447,1.4995355805123187,0.8404245314221516,0.7556975130780154,0.09569174316373628,0.16849246176573823,0.8324839139380029,0.1501269353561858,0.2518992276463881,0.8882116074290988,0.2831520608068833,0.42506908158830153,0.04181214911287404,
E_conf_filter75,2,1.0,2.0,2563.358974358974,2563.358974358974,2563.358974358974,59403.743589743586,0.20371586722960972,1.3134949354065737,0.7586054013180917,0.6856707461481301,0.1383285796495082,0.22799517299116007,0.7942984532180402,0.2015843201514295,0.31845195605498605,0.8799701138259155,0.36176694128754144,0.5079997343621395,0.06799452200291463,
E_conf_filter75,4,0.02,4.0,4322.282051282052,85.97435897435898,85.97435897435898,59403.743589743586,0.1788488292700914,2.453629281377053,1.3162390553235723,0.7914771995208678,0.008132684142130534,0.016091564260930044,0.8780685283555462,0.019866065046824654,0.038822240717821956,0.8960885443104886,0.07179280042994053,0.13262255264784,0.0029885776017893172,
E_conf_filter75,4,0.05,4.0,4322.282051282052,215.69230769230768,215.69230769230768,59403.743589743586,0.19040916971177696,2.3416922823920996,1.2660507260519382,0.7630463421886954,0.018077877641990942,0.035284844958599924,0.8611975604187097,0.036047745507023186,0.06910329464369003,0.8843094535306594,0.09723172385377953,0.17470746480009042,0.007055593607444719,
E_conf_filter75,4,0.1,4.0,4322.282051282052,431.84615384615387,431.84615384615387,59403.743589743586,0.205302518306856,2.208213657714007,1.2067580880104316,0.7614439168258106,0.034177485295310533,0.06530885694193368,0.8447862885516536,0.057983658138156195,0.10825426359630246,0.8707652579383298,0.12694746096310824,0.22089086015344897,0.01401869697041327,
E_conf_filter75,4,0.25,4.0,4322.282051282052,1080.179487179487,1080.179487179487,59403.743589743586,0.2032862456747472,1.808344651870981,1.005815448772864,0.7825029605620194,0.07922198260952727,0.14338997694909145,0.8413797630041071,0.11707646124122591,0.20450333752274738,0.8717863588320457,0.21397057601132785,0.3412321235935789,0.03560815942425947,
E_conf_filter75,4,0.5,4.0,4322.282051282052,2160.871794871795,2160.871794871795,59403.743589743586,0.1983546663802561,1.3673348687247229,0.7828447675524894,0.7722191959757744,0.1393125229553324,0.23508665208302942,0.837178304511292,0.19882829451604225,0.31955949806452394,0.879672802122061,0.34495497089144667,0.4914176894606195,0.06527303959381776,
E_conf_filter75,4,1.0,4.0,4322.282051282052,4322.282051282052,4322.282051282052,59403.743589743586,0.22018521753712092,1.1424469823394956,0.6813160999383083,0.6483228048219744,0.1939258317317596,0.29710581471736597,0.7738783179705165,0.2784544387946998,0.40755989143148585,0.8741198528456298,0.46300714564843987,0.6011919819804945,0.0945991086444413,
E_conf_filter75,8,0.02,8.0,5755.307692307692,114.66666666666667,114.66666666666667,59403.743589743586,0.20942982038514812,2.4658886313680792,1.3376592258766138,0.811969800559572,0.011391017838786214,0.022459085088672833,0.8588595489593291,0.027050040385793388,0.05239532312875271,0.8667170444208907,0.08050176478070761,0.14670722848155984,0.004112664657301132,
E_conf_filter75,8,0.05,8.0,5755.307692307692,287.3333333333333,287.3333333333333,59403.743589743586,0.22176570699164785,2.3675480718666173,1.2946568894291326,0.7820484816616973,0.02352766974930683,0.04564949820529778,0.8390104200536919,0.042288217994192696,0.08036805704888976,0.8521540198537324,0.10090246890323809,0.17955256910654066,0.009856056244431498,
E_conf_filter75,8,0.1,8.0,5755.307692307692,575.0769230769231,575.0769230769231,59403.743589743586,0.21769556658371875,2.2244537307829084,1.2210746486833135,0.7787464578443912,0.04230123147764978,0.0801306086775844,0.837616292927544,0.0643251163800509,0.11915985217912801,0.8579739139791167,0.1305105643528422,0.22555031028112835,0.019320501620440005,
E_conf_filter75,8,0.25,8.0,5755.307692307692,1438.4615384615386,1438.4615384615386,59403.743589743586,0.2059159850497406,1.7915466738232386,0.9987313294364898,0.7846446969874173,0.09479472211380396,0.16872500263208148,0.8422374683773028,0.1281651182774159,0.22161045442457444,0.8713080781407511,0.22376453701352808,0.35378477129743613,0.04679929057961528,
E_conf_filter75,8,0.5,8.0,5755.307692307692,2877.4102564102564,2877.4102564102564,59403.743589743586,0.201438689480947,1.330774455159969,0.766106572320458,0.7494329524458538,0.16029772950679017,0.2632884618677952,0.8280515934380613,0.21947228516916942,0.3453049906664273,0.8799299690979954,0.3688484106828443,0.5151110130713251,0.08050100036127743,
E_conf_filter75,8,1.0,8.0,5755.307692307692,5755.307692307692,5755.307692307692,59403.743589743586,0.2318484279883609,1.1019220349484022,0.6668852314683816,0.5854992995196627,0.21999050551996946,0.31841780406030057,0.7419426728509486,0.3206875731716497,0.44529735736153353,0.8716789169520647,0.48784016656348883,0.6210809281486005,0.1045209220150064,
E_conf_filter75,16,0.02,15.692307692307692,7534.846153846154,150.2051282051282,150.2051282051282,59403.743589743586,0.23128150808642786,2.4853979135749307,1.3583397108306792,0.7941385038375177,0.013653918983409744,0.026835793583369103,0.8399177480903008,0.029017981783355216,0.05598759383195374,0.8470016516474851,0.07905158290733373,0.1437959692475671,0.005212937691052642,
E_conf_filter75,16,0.05,15.692307692307692,7534.846153846154,376.1794871794872,376.1794871794872,59403.743589743586,0.22724878450524563,2.3683146644964106,1.297781724500828,0.7873340795539984,0.028429212872995723,0.05483104591006187,0.8372583568613016,0.046280839753008,0.08753166417755216,0.8480472438462624,0.10302391792866,0.18282034410704792,0.012878265318583527,
E_conf_filter75,16,0.1,15.692307692307692,7534.846153846154,752.9230769230769,752.9230769230769,59403.743589743586,0.2153143150849757,2.1888323382554007,1.2020733266701882,0.7902835002957038,0.05151608391629093,0.09657706754508374,0.8428998863721648,0.0724076266485476,0.13301132705190982,0.8600386292707421,0.13898858552544718,0.23825199521853063,0.02543266846356677,
E_conf_filter75,16,0.25,15.692307692307692,7534.846153846154,1883.2820512820513,1883.2820512820513,59403.743589743586,0.2010765693882125,1.6934131395196237,0.9472448544539182,0.7852781949866335,0.11358364774091345,0.19792881678462854,0.8457107624353798,0.14750200608617267,0.2502707428122948,0.8778480783988335,0.25010147917231246,0.3863748999026299,0.059252107848002035,
E_conf_filter75,16,0.5,15.692307692307692,7534.846153846154,3767.1794871794873,3767.1794871794873,59403.743589743586,0.20498424589461267,1.2657383225532095,0.7353612842239111,0.7068745919926701,0.1809543591974692,0.2870391155029652,0.8084129196104833,0.2461639675541153,0.375304600735901,0.8816498991615678,0.40312775593525874,0.5478911512043692,0.09280274410627669,
E_conf_filter75,16,1.0,15.692307692307692,7534.846153846154,7534.846153846154,7534.846153846154,59403.743589743586,0.24317105958937615,1.084445577250302,0.6638083184198391,0.5251129885926445,0.24335543058994277,0.33071192864031995,0.7088239943059959,0.3471288969058455,0.46257857493830784,0.8680248577675408,0.4981839284603241,0.6285589584274053,0.1102678538518456,
oracle,-1,0.02,23.666666666666668,77800.20512820513,1555.5128205128206,1555.5128205128206,59403.743589743586,0.019364377428218067,0.43594133774908994,0.22765285758865397,1.0,0.25070638222940805,0.3992892979784149,1.0,0.4908756697259313,0.6564339720052463,1.0,0.7690461964687996,0.8661565701931389,0.07940399259863448,
oracle,-1,0.05,23.666666666666668,77800.20512820513,3889.4615384615386,3889.4615384615386,59403.743589743586,0.027309525191154985,0.3618472762202799,0.19457840070571744,1.0,0.44230007779836145,0.6114035066936264,1.0,0.6360395454202736,0.7752949527927209,1.0,0.8149081833774111,0.8946110716200335,0.18950765860480628,
oracle,-1,0.1,23.666666666666668,77800.20512820513,7779.538461538462,7779.538461538462,59403.743589743586,0.037774227862370426,0.3161606651135574,0.17696744648796392,0.9955696072638119,0.5813774031360537,0.7313469018883223,1.0,0.7144157342495069,0.8302205752214855,1.0,0.838018600947218,0.9083116320150167,0.3250950169730273,
oracle,-1,0.25,23.666666666666668,77800.20512820513,19449.666666666668,19449.666666666668,59403.743589743586,0.07736954775394336,0.2780441537314652,0.17770685074270426,0.7413837160356826,0.6359509068260635,0.6797679528337618,0.9782509131510142,0.7664441780326902,0.8570795440458568,1.0,0.8615732185000718,0.9220286262496332,0.27839533697705515,
oracle,-1,0.5,23.666666666666668,77800.20512820513,38899.846153846156,38899.846153846156,59403.743589743586,0.15974417385042644,0.2582874167168476,0.20901579528363703,0.3729521104416406,0.6360548669657784,0.4670265757013202,0.7058634179052857,0.7796983150520189,0.737133720687526,0.9844573341526219,0.8750195077846468,0.924138529814457,0.16940423301356283,
oracle,-1,1.0,23.666666666666668,77800.20512820513,77800.20512820513,77800.20512820513,59403.743589743586,0.547640544545439,0.25127850058179135,0.39945952256361517,0.186474408642074,0.6360548669657784,0.28695517279766947,0.3534501483622818,0.7796991899334724,0.4842339191247166,0.6654887791981389,0.878501704320231,0.7551472718878601,0.09510957775569889,
oracle,1,0.02,1.0,9388.948717948719,187.23076923076923,187.23076923076923,59403.743589743586,0.015401173393220212,1.0876476000579176,0.5515243867255689,1.0,0.04087332924635177,0.07840553497655899,1.0,0.11600617214212232,0.20670401152821094,1.0,0.35176885002495545,0.5133167990230755,0.010120494444470093,
oracle,1,0.05,1.0,9388.948717948719,469.0,469.0,59403.743589743586,0.021307443948012993,0.9623080369415717,0.49180774044479236,1.0,0.08458795948515264,0.1552988033181567,1.0,0.19122074301377584,0.31788189736604433,1.0,0.44133161609053506,0.6035471655680839,0.024654984088183212,
oracle,1,0.1,1.0,9388.948717948719,938.4871794871794,938.4871794871794,59403.743589743586,0.027574044755691238,0.8828263360956975,0.4552001904256943,1.0,0.13351512905561,0.23408321754882286,1.0,0.25356078474839394,0.4010164023918708,1.0,0.49658520458791583,0.6557962480991762,0.04798538906208129,
oracle,1,0.25,1.0,9388.948717948719,2346.871794871795,2346.871794871795,59403.743589743586,0.0435406752132703,0.776077299180459,0.4098089871968647,0.9854708092354303,0.20959729733892765,0.3425315576190895,1.0,0.3448393395544485,0.5069895917495779,1.0,0.5655465510650007,0.7131634409292185,0.100797115219204,
oracle,1,0.5,1.0,9388.948717948719,4694.25641025641,4694.25641025641,59403.743589743586,0.09366151770352493,0.6897915305141539,0.39172652410883935,0.637094519262966,0.22342504995413703,0.32851791527954527,0.9105570874567851,0.40381407660279256,0.5539991052344256,1.0,0.6271751202224676,0.7601628756279397,0.09727549014868872,
oracle,1,1.0,1.0,9388.948717948719,9388.948717948719,9388.948717948719,59403.743589743586,0.3944843987894514,0.6320519408587927,0.513268169824122,0.31853290899068293,0.22342504995413703,0.2603019684672151,0.49307762938244554,0.4097489553506602,0.4440959920271446,0.7610173947152429,0.6613651345316842,0.7021105358831465,0.07854271173288391,
oracle,2,0.02,2.0,16238.23076923077,324.2564102564103,324.2564102564103,59403.743589743586,0.015540079771426778,0.7953692584782838,0.40545466912485534,1.0,0.06887886004510659,0.12864333555777974,1.0,0.18712371223954116,0.3136581001777247,1.0,0.49836363108971155,0.6605865563392863,0.01738533654810271,
oracle,2,0.05,2.0,16238.23076923077,811.4615384615385,811.4615384615385,59403.743589743586,0.021612680304629872,0.680048196818361,0.3508304385614955,1.0,0.13962731779309348,0.24399568788967335,1.0,0.2968830678749109,0.4546435753256799,1.0,0.5971045853651734,0.7432028524339541,0.042363731445010384,
oracle,2,0.1,2.0,16238.23076923077,1623.2820512820513,1623.2820512820513,59403.743589743586,0.028113631654014443,0.6142939520548261,0.3212037918544203,1.0,0.21672044718256495,0.3542177645732915,1.0,0.3832313049327971,0.5507388492500613,1.0,0.6485061259233152,0.7825998873375669,0.08270397416850027,
oracle,2,0.25,2.0,16238.23076923077,4059.230769230769,4059.230769230769,59403.743589743586,0.0462039270761385,0.5267934304677051,0.28649867877192176,0.9675039014106624,0.325743454871545,0.48412939462454346,1.0,0.4999981698232605,0.6621918268640704,1.0,0.7118479211157668,0.8271360726638048,0.1594409301155389,
oracle,2,0.5,2.0,16238.23076923077,8118.820512820513,8118.820512820513,59403.743589743586,0.10023339574953016,0.45962728976100364,0.27993034275526685,0.6132107982881333,0.3436338613565975,0.4381752296799833,0.8977888446391122,0.5622786337812348,0.6887489047463752,0.9965373361727177,0.7605486902160374,0.8583080805065683,0.14208644733585674,
oracle,2,1.0,2.0,16238.23076923077,16238.23076923077,16238.23076923077,59403.743589743586,0.4369663080018107,0.42179782091673673,0.42938206445927374,0.3065932415592985,0.3436338613565975,0.3222221843240236,0.48369481565684824,0.5667295757832337,0.5203017631311345,0.7494408976831841,0.7842853137879521,0.7646373126691437,0.10426357940238358,
oracle,4,0.02,4.0,27976.102564102563,559.0512820512821,559.0512820512821,59403.743589743586,0.016788193144116472,0.6186758802592764,0.3177320367016965,1.0,0.11260173056924906,0.20222588020599191,1.0,0.2859684128974263,0.44341526301564027,1.0,0.6274544198506847,0.7677291277357268,0.029692155362834233,
oracle,4,0.05,4.0,27976.102564102563,1398.3076923076924,1398.3076923076924,59403.743589743586,0.023345798885072693,0.524171366610271,0.2737585827476718,1.0,0.2199246199802034,0.3596188928513154,1.0,0.422959883512973,0.5919435428375596,1.0,0.7065970616355048,0.8246008694205212,0.07153306475523585,
oracle,4,0.1,4.0,27976.102564102563,2797.1794871794873,2797.1794871794873,59403.743589743586,0.03055273612626058,0.46604933116231895,0.24830103364428974,1.0,0.3296757249724405,0.4944261922271161,1.0,0.522805779450582,0.6843151960665208,1.0,0.7463422393898784,0.8511228008348962,0.13677491533509686,
oracle,4,0.25,4.0,27976.102564102563,6993.641025641025,6993.641025641025,59403.743589743586,0.05344823966550578,0.39765636913489355,0.2255523044001997,0.9269269462715678,0.447420746823082,0.6016078926820205,1.0,0.6300815790169159,0.7695246831221466,1.0,0.792838979571842,0.8802163539407738,0.2176999263614043,
oracle,4,0.5,4.0,27976.102564102563,13987.76923076923,13987.76923076923,59403.743589743586,0.11513046873362646,0.3542714218964075,0.23470094531501695,0.5288699524926124,0.4554369939599762,0.4881941869997634,0.8554900709604933,0.6719715960942941,0.7513101676782259,0.9993099357506137,0.8250348052549342,0.8994235462848577,0.1678571951379329,
oracle,4,1.0,4.0,27976.102564102563,27976.102564102563,27976.102564102563,59403.743589743586,0.4584270193509278,0.33624936009642287,0.39733818972367535,0.2644294962972383,0.4554369939599762,0.3338117810315849,0.44223894630652094,0.6730136456713038,0.5326082380142797,0.7291342460600772,0.8385356410154048,0.7784848401790978,0.1110703708759204,
oracle,8,0.02,8.0,43235.05128205128,864.1282051282051,864.1282051282051,59403.743589743586,0.01777433339957801,0.5181591688124643,0.2679667511060212,1.0,0.16226691002218527,0.2789652735235381,1.0,0.37929829756745953,0.5488282013203274,1.0,0.70793608694288,0.82578905250724,0.045814432582364416,
oracle,8,0.05,8.0,43235.05128205128,2161.2820512820513,2161.2820512820513,59403.743589743586,0.02489630929690016,0.4374024705569499,0.23114938992692502,1.0,0.3056270039098825,0.4673055508875882,1.0,0.5297343031446451,0.6906125210133884,1.0,0.770158271933779,0.8667128083617532,0.11000368561586825,
oracle,8,0.1,8.0,43235.05128205128,4323.051282051282,4323.051282051282,59403.743589743586,0.03325605108436933,0.38692132693409703,0.2100886890092332,1.0,0.43735193197953065,0.607262235514709,1.0,0.6240691689095464,0.7662156278992969,1.0,0.7996909184249993,0.8849853252423011,0.20670590972234842,
oracle,8,0.25,8.0,43235.05128205128,10808.410256410256,10808.410256410256,59403.743589743586,0.06359221265609291,0.32851125309853685,0.19605173287731487,0.8557214561277952,0.5346498668129582,0.6565835162435365,0.9985726843445352,0.7080200217854188,0.8250678407684813,1.0,0.8352152360033467,0.90631534530337,0.2533527773603952,
oracle,8,0.5,8.0,43235.05128205128,21617.25641025641,21617.25641025641,59403.743589743586,0.13450470380145857,0.3006985079571575,0.21760160587930805,0.4494005669874032,0.5364832126484755,0.4877943788972054,0.7911660237188481,0.7328200149169473,0.7591788833175226,0.9959711001553065,0.855622667312019,0.9168196469344801,0.17374300566445547,
oracle,8,1.0,8.0,43235.05128205128,43235.05128205128,43235.05128205128,59403.743589743586,0.4962457970524356,0.2889685738392035,0.3926071854458195,0.22469712266080932,0.5364832126484755,0.3160340347795807,0.40006257359444225,0.7330104903958491,0.5163516352937066,0.7022915733849039,0.8621719006468498,0.7726928034219315,0.10606068905308365,
oracle,16,0.02,15.692307692307692,63183.46153846154,1263.2051282051282,1263.2051282051282,59403.743589743586,0.018801557428095673,0.45914275771268165,0.23897215757038864,1.0,0.21987091350266674,0.36016230022149837,1.0,0.4598887535480374,0.6289236422391589,1.0,0.7573260062481971,0.8585554747983306,0.06667656491642861,
oracle,16,0.05,15.692307692307692,63183.46153846154,3158.6153846153848,3158.6153846153848,59403.743589743586,0.02648299649907543,0.38435966099327773,0.20542132874617658,1.0,0.3987776430559183,0.5694690621980693,1.0,0.6103746730622367,0.7563200099860037,1.0,0.8054363346156722,0.8885921588566879,0.15948947324263202,
oracle,16,0.1,15.692307692307692,63183.46153846154,6317.923076923077,6317.923076923077,59403.743589743586,0.03610620090721034,0.338663772642758,0.18738498677498416,1.0,0.539801903935365,0.6995219119350157,1.0,0.6929426039345986,0.8157536865045041,1.0,0.8282314423124634,0.9021013897240429,0.2856683709093338,
oracle,16,0.25,15.692307692307692,63183.46153846154,15795.461538461539,15795.461538461539,59403.743589743586,0.07280909338651417,0.29583899474716474,0.18432404406683944,0.7792506536426301,0.6063133309530135,0.6797895089232023,0.9880227475702154,0.752473582172378,0.851441047954283,1.0,0.8537556395618722,0.9170842909731559,0.27326300362066835,
oracle,16,0.5,15.692307692307692,63183.46153846154,31591.4358974359,31591.4358974359,59403.743589743586,0.15130669349591455,0.27440275817549054,0.21285472583570256,0.3933018513724357,0.6064970428067125,0.4756264685191738,0.7319098567522325,0.7678507148067876,0.7470458858834642,0.9906983575759446,0.8679869845057285,0.9221236489647094,0.17198781346056805,
oracle,16,1.0,15.692307692307692,63183.46153846154,63183.46153846154,63183.46153846154,59403.743589743586,0.5294381257106017,0.2657310322285036,0.3975845789695526,0.1966488637793832,0.6064970428067125,0.2962647680821849,0.3667342420867924,0.7678515896882412,0.4949571373270558,0.6777257993888578,0.8720421974685059,0.7610923232811565,0.09873648328127527,
