method,N_req,frac,N,n_cand,kept,n_pred,n_ref,acc,comp,chamfer,precision@0.1,recall@0.1,f1@0.1,precision@0.2,recall@0.2,f1@0.2,precision@0.5,recall@0.5,f1@0.5,iou,grid_voxel
A_point,-1,0.02,23.666666666666668,76640.7435897436,1532.3589743589744,1532.3589743589744,59403.743589743586,0.20390868163179127,1.9625680201083195,1.0832383508700554,0.7849424515851033,0.09521501172021161,0.16918835738138505,0.84276434355737,0.1263124920675232,0.21888609418381294,0.8698175407233757,0.20952905519786413,0.3355194855026762,0.05019407329695685,
A_point,-1,0.05,23.666666666666668,76640.7435897436,3831.5384615384614,3831.5384615384614,59403.743589743586,0.20539378301438746,1.5024898500691017,0.8539418165417447,0.6992177093151118,0.18489653851488116,0.29083219742086935,0.8110004242473824,0.23854444589598367,0.3665609912516532,0.8833022599362474,0.34748328158144154,0.49488369221989903,0.09600967985431104,
A_point,-1,0.1,23.666666666666668,76640.7435897436,7663.5641025641025,7663.5641025641025,59403.743589743586,0.21692803395377647,1.1088281817774481,0.6628781078656123,0.5948647638846999,0.27850148591575863,0.3766395548247298,0.7568798278529723,0.360589334845848,0.48540944893752824,0.8898834497823458,0.4856037554726947,0.6246385861292377,0.13282243582377967,
A_point,-1,0.25,23.666666666666668,76640.7435897436,19159.82051282051,19159.82051282051,59403.743589743586,0.25894023126843546,0.5283561134477422,0.39364817235808885,0.44952924718075254,0.4289595999618758,0.4352111634223142,0.650458663848099,0.5458547399914058,0.5903215132523426,0.8648972821459119,0.7007185503119595,0.7712999230316259,0.15994731026551523,
A_point,-1,0.5,23.666666666666668,76640.7435897436,38320.07692307692,38320.07692307692,59403.743589743586,0.3662493877282477,0.3234297338657863,0.344839560797017,0.32612489111286275,0.5495192523029632,0.4058170319178415,0.5219633440525878,0.6879867280859094,0.5902280447379666,0.7884189761990447,0.829122792103368,0.8062983515959,0.1453931481620279,
A_point,-1,1.0,23.666666666666668,76640.7435897436,76640.7435897436,76640.7435897436,59403.743589743586,0.5646359442861818,0.2611282379417207,0.4128820911139513,0.22603022705690387,0.6633699806783862,0.33449765036379464,0.38999883243951716,0.7724532035405679,0.514616147328285,0.6691959649032534,0.8676931617290355,0.7527794527151989,0.11421622680523254,
A_point,1,0.02,1.0,9476.871794871795,188.94871794871796,188.94871794871796,59403.743589743586,0.21436640891680048,3.011085642102425,1.6127260255096127,0.7652388087182437,0.015620144149258644,0.030585182351531508,0.8108352754839911,0.025204810114063343,0.04880585545172012,0.8512189140095245,0.05884569573496996,0.10956463811967455,0.00673850678088673,
A_point,1,0.05,1.0,9476.871794871795,473.35897435897436,473.35897435897436,59403.743589743586,0.19009333581877888,2.6965256593454945,1.4433094975821366,0.754046159551963,0.03659605792882069,0.06966345865434838,0.8288598134922216,0.05581052668125666,0.10419661282902691,0.8865838391132801,0.1077368359007637,0.19028244283287918,0.01650782777892254,
A_point,1,0.1,1.0,9476.871794871795,947.2307692307693,947.2307692307693,59403.743589743586,0.1885529922050269,2.2947127872646362,1.2416328897348314,0.7018689751465612,0.06610851511042015,0.12042698802071716,0.8093885396656422,0.10058951990197744,0.17788822650326347,0.8978793821475364,0.17988148697245773,0.29591041385383055,0.029943473571042326,
A_point,1,0.25,1.0,9476.871794871795,2368.948717948718,2368.948717948718,59403.743589743586,0.21495415128156467,1.449471003745307,0.8322125775134358,0.5984977362662012,0.13182296052902417,0.2146164971666552,0.7443898216722575,0.2140947071676423,0.3291481600611549,0.8866126340416628,0.3737086666147358,0.5163886265915006,0.056497892722942464,
A_point,1,0.5,1.0,9476.871794871795,4738.282051282052,4738.282051282052,59403.743589743586,0.2633742816078293,0.8908449110881296,0.5771095963479794,0.5095412236449929,0.20146519824620288,0.28600626419544994,0.672144838569988,0.32732908332178823,0.43553221943934783,0.8493236256245843,0.5311359911845034,0.6444326490434212,0.08155180092790268,
A_point,1,1.0,1.0,9476.871794871795,9476.871794871795,9476.871794871795,59403.743589743586,0.385945107698832,0.6589276718316542,0.5224363897652431,0.3852910509103563,0.2635718118529843,0.3101814057882413,0.5496912691940804,0.4130263448973494,0.4683985321378118,0.7680560768374977,0.6351516826131606,0.6892205778067895,0.09732368536724503,
A_point,2,0.02,2.0,16246.948717948719,324.5128205128205,324.5128205128205,59403.743589743586,0.1634797404854689,2.281620037332602,1.2225498889090356,0.724038839761998,0.02440038020795457,0.047138955948294516,0.8441628761418452,0.044324634395605855,0.08401470900481718,0.9026004257987049,0.10563338920437225,0.1881935545639137,0.010105808548308353,
A_point,2,0.05,2.0,16246.948717948719,811.9230769230769,811.9230769230769,59403.743589743586,0.1623616651762481,2.0114169225586274,1.086889293867438,0.715245961171379,0.057176403518455425,0.1055837681448676,0.8399018574374119,0.0930370114534631,0.16690039889067265,0.9096296429234376,0.17841153303963128,0.2965195071229307,0.025014709679209653,
A_point,2,0.1,2.0,16246.948717948719,1624.3076923076924,1624.3076923076924,59403.743589743586,0.1695310150046462,1.6834630252792904,0.9264970201419683,0.6845042745743966,0.10467017462039375,0.18082758717282746,0.8198276356682694,0.16317724244242543,0.27091273086882695,0.9083488143439477,0.27950525521303027,0.4243446555916847,0.04667029716230489,
A_point,2,0.25,2.0,16246.948717948719,4061.3846153846152,4061.3846153846152,59403.743589743586,0.21167410743009257,0.9727248891437343,0.5921994982869134,0.5817644491721544,0.20447065190180402,0.30083514757620333,0.742557021434169,0.3240231642854579,0.44847009334595794,0.8850677203676162,0.5148682882427057,0.6476901483973219,0.08638282317784671,
A_point,2,0.5,2.0,16246.948717948719,8123.2307692307695,8123.2307692307695,59403.743589743586,0.27649990903977156,0.6019674670378969,0.4392336880388342,0.4826647760707833,0.2934530219304064,0.36262332383625867,0.6567520922952639,0.45261796154448714,0.5335024711834669,0.8446598940273151,0.669282086484183,0.7443838076688667,0.11459628953345942,
A_point,2,1.0,2.0,16246.948717948719,16246.948717948719,16246.948717948719,59403.743589743586,0.4333413213268042,0.44549982690820106,0.4394205741175027,0.35770144105126067,0.37232661370836784,0.3624858168019683,0.5264272260375452,0.5546830537898281,0.5378840960635889,0.7537341686118633,0.7647544847576864,0.7569438481227299,0.12222337147725544,
A_point,4,0.02,4.0,28508.5641025641,569.6666666666666,569.6666666666666,59403.743589743586,0.2053916117489971,2.1792181750388515,1.1923048933939244,0.766502545522462,0.04319672531807418,0.08169695816946894,0.8366964825767338,0.06927690979312293,0.12773221310286748,0.8671146968425208,0.1441841182354854,0.24599262762208157,0.019617800624007073,
A_point,4,0.05,4.0,28508.5641025641,1424.974358974359,1424.974358974359,59403.743589743586,0.18913482553159897,1.8599745574660187,1.0245546914988088,0.7561863263358493,0.09787854747879485,0.1730383073572494,0.8396861708386779,0.14193072741739426,0.24217198189567832,0.8859202520775883,0.23932924913164597,0.37445935770812266,0.04686192117188844,
A_point,4,0.1,4.0,28508.5641025641,2850.4358974358975,2850.4358974358975,59403.743589743586,0.19471553829223476,1.4749344550633496,0.8348249966777922,0.6934795402301271,0.16622297696404553,0.26762028872682986,0.8116555534190338,0.2351494935811625,0.36361429158094344,0.8927875452628697,0.36196427384327073,0.5119461568960587,0.07903310157185607,
A_point,4,0.25,4.0,28508.5641025641,7126.74358974359,7126.74358974359,59403.743589743586,0.22590828638810947,0.8020813875091263,0.5139948369486179,0.5614285895931376,0.29339926009149275,0.38433754240742185,0.7282708474882699,0.4232189108301509,0.5334872652331345,0.8807944703036739,0.5985223548032064,0.7096296344371709,0.12501915479844136,
A_point,4,0.5,4.0,28508.5641025641,14254.0,14254.0,59403.743589743586,0.28598565614635557,0.4560785422758931,0.37103209921112434,0.443727582098425,0.39472815361066277,0.41653768015561826,0.627212179449493,0.5584589092048249,0.5892808746719675,0.837263241753326,0.7508941947929411,0.7887861059418713,0.14400325108766474,
A_point,4,1.0,4.0,28508.5641025641,28508.5641025641,28508.5641025641,59403.743589743586,0.449581917540213,0.3496430113493184,0.3996124644447657,0.3202516382475669,0.49236684767576644,0.3868997464052091,0.4937943922147763,0.6665322874010565,0.5655202439544511,0.7394234777254526,0.8235538454709962,0.7770886222780083,0.1357517154097797,
A_point,8,0.02,8.0,44257.256410256414,884.6923076923077,884.6923076923077,59403.743589743586,0.21292236422826563,2.1139487374509276,1.1634355508395966,0.7872584428656483,0.06292680937884432,0.1164090431609273,0.8354432855365191,0.08918359109727073,0.1608967340849331,0.8601900714792151,0.1654167432174687,0.27608287599465414,0.03146479501649145,
A_point,8,0.05,8.0,44257.256410256414,2212.4615384615386,2212.4615384615386,59403.743589743586,0.19729817990229867,1.703403299009296,0.9503507394557974,0.7463612996846452,0.13533777953672227,0.2287316336596897,0.8320709943574763,0.18258293438360879,0.2986923531659024,0.883065263656311,0.282815528521366,0.42614516910625794,0.06857287141823434,
A_point,8,0.1,8.0,44257.256410256414,4425.333333333333,4425.333333333333,59403.743589743586,0.2069000865956451,1.297126900789469,0.752013493692557,0.6591469308928806,0.21632456353638624,0.3250680740142273,0.7906649920910729,0.2920917414459684,0.42521874019775113,0.8890089607132226,0.42118221782979876,0.5680645189794428,0.10552198640493714,
A_point,8,0.25,8.0,44257.256410256414,11064.051282051281,11064.051282051281,59403.743589743586,0.23774450693596194,0.6585578791387313,0.44815119303734663,0.5154121263474252,0.35802708319682863,0.42129772350987704,0.6976092151104819,0.48477540282901405,0.5702288448103098,0.8763008296556715,0.647373988591435,0.7415415368835517,0.1469858852331066,
A_point,8,0.5,8.0,44257.256410256414,22128.384615384617,22128.384615384617,59403.743589743586,0.3112321869819929,0.3768643622353036,0.34404827460864823,0.3920757020381931,0.4687957065270494,0.42560565617084084,0.5838316077577007,0.6278073300181911,0.6030498895460163,0.8215903945576539,0.798675802279967,0.8073274551512802,0.15196401649542943,
A_point,8,1.0,8.0,44257.256410256414,44257.256410256414,44257.256410256414,59403.743589743586,0.48739401401210886,0.3008989314614273,0.3941464727367681,0.27671175822800176,0.5776741593906288,0.3730103384086406,0.4490115747925169,0.727221631560887,0.5534940613152078,0.7150259481967834,0.8496614307489901,0.77516160651924,0.1304848841335402,
A_point,16,0.02,15.692307692307692,63060.53846153846,1260.7179487179487,1260.7179487179487,59403.743589743586,0.20725544159979511,2.012410862697905,1.1098331521488503,0.7900851763872171,0.0841498396643786,0.15186090806390865,0.8411915175053349,0.11342896382755449,0.19948268396435742,0.8665258911455371,0.19410334241792135,0.3155227380690504,0.04354292751167345,
A_point,16,0.05,15.692307692307692,63060.53846153846,3152.5128205128203,3152.5128205128203,59403.743589743586,0.20201356027664463,1.5597138311469205,0.8808636957117825,0.7198161160919103,0.16986125331455912,0.2742492000432642,0.8205241870644634,0.22086428181825654,0.3470656877518265,0.8844475269415961,0.3277210149579128,0.4756632125547758,0.08804700045050386,
A_point,16,0.1,15.692307692307692,63060.53846153846,6305.589743589743,6305.589743589743,59403.743589743586,0.21412684211830602,1.1576132359048088,0.6858700390115574,0.6185836154219774,0.25958402064112523,0.36466715609327505,0.7701617715786379,0.3403971770771409,0.47052883044764954,0.8894899286424848,0.4688461931905326,0.6106274120854499,0.125177473273209,
A_point,16,0.25,15.692307692307692,63060.53846153846,15764.71794871795,15764.71794871795,59403.743589743586,0.24986260635782911,0.5535460463457096,0.40170432635176934,0.47090043580197827,0.4084597292962521,0.4357087942937075,0.6655875873132019,0.5286168668419169,0.5872829302401239,0.8700940731522443,0.6884156162733359,0.7659115400003883,0.15846192788825936,
A_point,16,0.5,15.692307692307692,63060.53846153846,31530.02564102564,31530.02564102564,59403.743589743586,0.34289330935848356,0.34094126743171554,0.3419172883950996,0.3452083775253689,0.5253619810810515,0.4148166227521351,0.5399947092787236,0.6702772005829096,0.5958655985942168,0.8004782741550215,0.8203866563850686,0.8083022715320926,0.14953001434462743,
A_point,16,1.0,15.692307692307692,63060.53846153846,63060.53846153846,63060.53846153846,59403.743589743586,0.5321707679048873,0.27698295339331147,0.40457686064909937,0.2413032230562237,0.6405766963528488,0.34903581240190007,0.4085519781770564,0.7590715616809705,0.52885310425453,0.6858891002413372,0.8600456558773504,0.7614036558193927,0.1206012490326273,
B_argmax,-1,0.02,23.666666666666668,76401.07692307692,1527.5128205128206,1527.5128205128206,59403.743589743586,0.21562639670354264,1.961779043714226,1.0887027202088844,0.7580499406243731,0.08814664652617339,0.15720805993053338,0.8333337037070877,0.12413197305508593,0.2150617205341912,0.8684547024980918,0.209528370785876,0.3352834135655711,0.043136210451807426,
B_argmax,-1,0.05,23.666666666666668,76401.07692307692,3819.6153846153848,3819.6153846153848,59403.743589743586,0.19821413079672537,1.4993584731443892,0.8487863019705574,0.6774716164125759,0.16989868368506222,0.27008790490825757,0.808826368917566,0.23624321629861514,0.363292606331686,0.8963636551014343,0.3542191412508362,0.5030026034446996,0.08396888915631429,
B_argmax,-1,0.1,23.666666666666668,76401.07692307692,7639.692307692308,7639.692307692308,59403.743589743586,0.21021811018387787,1.0653618027025182,0.637789956443198,0.563599437703931,0.2533428209222237,0.3473455720969847,0.748803706084238,0.35514637160185825,0.4795362644408653,0.9001639446168213,0.49488340972035133,0.6352436166101584,0.11416906287473139,
B_argmax,-1,0.25,23.666666666666668,76401.07692307692,19099.97435897436,19099.97435897436,59403.743589743586,0.2767694677420822,0.5291035747389032,0.40293652124049273,0.39309325756407787,0.39259783347293703,0.38979614563214743,0.6125322383735288,0.5379860496488635,0.5703705473765955,0.8573963977846679,0.7136400058293765,0.7762696439762198,0.13181914303541667,
B_argmax,-1,0.5,23.666666666666668,76401.07692307692,38200.282051282054,38200.282051282054,59403.743589743586,0.37288276107250595,0.3315399184657006,0.35221133976910324,0.2859869562025875,0.5110365139291393,0.36385893404690545,0.4937212766169458,0.6637571374262936,0.5634036126443591,0.7844219151860975,0.8238859171057877,0.8018713262668458,0.12369710645173636,
B_argmax,-1,1.0,23.666666666666668,76401.07692307692,76401.07692307692,76401.07692307692,59403.743589743586,0.5424017010453814,0.24089776412360672,0.39164973258449404,0.20412966329761525,0.6380658107761913,0.3071881247632008,0.376922853762754,0.7676378797194912,0.5024946730292275,0.6733124772137472,0.8821305131553979,0.7610483660177094,0.10197513876143023,
B_argmax,1,0.02,1.0,9945.23076923077,198.46153846153845,198.46153846153845,59403.743589743586,0.23441046322539513,2.994351058679259,1.614380760952327,0.7200590803512673,0.014564531452582245,0.028522148964135043,0.7902618470403991,0.025194841703962585,0.0487198642755635,0.8385541076345202,0.060034713263964645,0.11151558458922221,0.006038479771514142,
B_argmax,1,0.05,1.0,9945.23076923077,496.7692307692308,496.7692307692308,59403.743589743586,0.2109091436572737,2.653397268967354,1.432153206312314,0.713529770268939,0.03506729247700632,0.06673157225101126,0.8084527941978792,0.05724237477229664,0.10653108681713312,0.876440710919597,0.11193709814582657,0.19666405830752018,0.014740171844831739,
B_argmax,1,0.1,1.0,9945.23076923077,994.1025641025641,994.1025641025641,59403.743589743586,0.20529203346299846,2.2368135552830064,1.2210527943730025,0.6754640085810678,0.06398374629738474,0.11655212089062494,0.7940053766055206,0.10233463347202013,0.18026108785361858,0.8899460188935004,0.18608691736335478,0.3038378845971266,0.027175300960013138,
B_argmax,1,0.25,1.0,9945.23076923077,2485.948717948718,2485.948717948718,59403.743589743586,0.2248178728432933,1.3578340333331178,0.7913259530882056,0.5557312270985986,0.12047964979414767,0.19688146110602517,0.7196186826748754,0.215659927423645,0.3288081784981963,0.8820886955302409,0.40543120236704777,0.5467653190736864,0.050390240302247154,
B_argmax,1,0.5,1.0,9945.23076923077,4972.410256410257,4972.410256410257,59403.743589743586,0.2736417716039351,0.866458875365652,0.5700503234847937,0.44182304458431015,0.17275809572279666,0.24624093337142233,0.6316835266472517,0.3152310322392801,0.41616107688251436,0.8468206028813395,0.538368433789498,0.6504391055665946,0.06806689958569645,
B_argmax,1,1.0,1.0,9945.23076923077,9945.23076923077,9945.23076923077,59403.743589743586,0.3819871970699982,0.633371393893971,0.5076792954819846,0.333129158915303,0.23423811045575932,0.2724454580314263,0.5223956141808159,0.403264713445026,0.45159590100235675,0.7767488640584523,0.6511034319856605,0.702541327375996,0.08088157246343493,
B_argmax,2,0.02,2.0,17112.923076923078,341.6923076923077,341.6923076923077,59403.743589743586,0.18012259490855184,2.2672945748191196,1.2237085848638356,0.691783753899643,0.023718922804771447,0.04581464144721849,0.8226227523025406,0.04558126948722855,0.0861861297108754,0.8915402963869078,0.11007817269214587,0.19487258678785646,0.0092493145670663,
B_argmax,2,0.05,2.0,17112.923076923078,855.1794871794872,855.1794871794872,59403.743589743586,0.17838638234160306,1.9719866490714872,1.0751865157065452,0.6812092284189059,0.055923047094596806,0.10315082369840507,0.8159811991435799,0.0967609027897942,0.17240779049778174,0.9018821157133221,0.188464465381215,0.3098503112504012,0.022443928940032,
B_argmax,2,0.1,2.0,17112.923076923078,1710.8974358974358,1710.8974358974358,59403.743589743586,0.18633382114639915,1.5972534207334463,0.8917936209399228,0.6573988388596647,0.10331713907439638,0.17799575449096564,0.7983797889251437,0.17009909638876253,0.2791169719502316,0.9002872895744918,0.3009413921962013,0.4476543551855987,0.04196520506917826,
B_argmax,2,0.25,2.0,17112.923076923078,4277.897435897436,4277.897435897436,59403.743589743586,0.21874140818350177,0.8810196779316377,0.5498805430575697,0.5481442804697811,0.1931094793787201,0.28422294717528335,0.7234090557559828,0.3290894815762407,0.4502338053173415,0.8843498487078337,0.5535539485271644,0.6779908633503607,0.07631738615538951,
B_argmax,2,0.5,2.0,17112.923076923078,8556.205128205129,8556.205128205129,59403.743589743586,0.28923962912395024,0.574104889631868,0.43167225937790915,0.42967216450294987,0.2678406858398987,0.3282116746588708,0.6231339144568415,0.45052643411200133,0.5210221655616433,0.8426441403889279,0.6791255108384193,0.7501074928117426,0.09652660175608817,
B_argmax,2,1.0,2.0,17112.923076923078,17112.923076923078,17112.923076923078,59403.743589743586,0.42734593224150186,0.43276228239834696,0.43005410731992444,0.3180302306560308,0.35111999633198937,0.33186072058097865,0.5048597178687354,0.5517829652172145,0.5254436229209832,0.7600300047437573,0.7737243016677843,0.7645869643256975,0.10407128324702838,
B_argmax,4,0.02,4.0,29999.666666666668,599.4615384615385,599.4615384615385,59403.743589743586,0.2254524525793942,2.159576403988393,1.1925144282838935,0.7346006289836612,0.04143770019590221,0.0783892343592284,0.8178551474110374,0.07138590241264117,0.13104888517656751,0.8575419587360472,0.15048857854773456,0.2543802217765088,0.01681765247521949,
B_argmax,4,0.05,4.0,29999.666666666668,1499.5641025641025,1499.5641025641025,59403.743589743586,0.20405266245245635,1.8157979295727296,1.009925296012593,0.72450451593964,0.09445626886122156,0.16689252555213777,0.8248379886315362,0.14725396952581937,0.24914187159159112,0.8831389812351824,0.25129409325374596,0.388560580510705,0.04025409878292394,
B_argmax,4,0.1,4.0,29999.666666666668,2999.5641025641025,2999.5641025641025,59403.743589743586,0.20199656211525835,1.417616376771646,0.8098064694434522,0.6679344974424833,0.15968247554240006,0.25719389638970475,0.7997533160773589,0.24041372060846355,0.36825760103638583,0.8933955529003654,0.3759165705061817,0.5259042270970484,0.06929786149550807,
B_argmax,4,0.25,4.0,29999.666666666668,7499.48717948718,7499.48717948718,59403.743589743586,0.23192539560585446,0.7296075912593409,0.48076649343259764,0.5194080691567219,0.2722168665002025,0.3563336749317653,0.7028919760171279,0.4225225765774107,0.5262272889005043,0.8807899563670978,0.6245959608154066,0.7279750648192032,0.10842869517068227,
B_argmax,4,0.5,4.0,29999.666666666668,14999.538461538461,14999.538461538461,59403.743589743586,0.29567018820451557,0.4487659033710389,0.37221804578777723,0.39073063825150195,0.3676708654123347,0.37784906668309315,0.5934053494081966,0.554226925628735,0.57187120639194,0.8357460388031824,0.7563309322900674,0.7915436361592779,0.12178822440649928,
B_argmax,4,1.0,4.0,29999.666666666668,29999.666666666668,29999.666666666668,59403.743589743586,0.44148910227254606,0.3357494083955197,0.3886192553340329,0.2818596677761353,0.47218400449220904,0.3520581387446345,0.4700527803147684,0.6617263982658745,0.5483469878602645,0.7451130977179388,0.8335602396646951,0.7848526175073616,0.11645019265839486,
B_argmax,8,0.02,8.0,45712.1282051282,913.6923076923077,913.6923076923077,59403.743589743586,0.22969580941795015,2.1034705033980927,1.1665831564080213,0.7610091815658464,0.05998442853981215,0.11107055609350436,0.8246793672504373,0.09020641866799063,0.16225700253327496,0.855195441988001,0.16775741918652093,0.27907964721312223,0.027521656171814096,
B_argmax,8,0.05,8.0,45712.1282051282,2285.076923076923,2285.076923076923,59403.743589743586,0.20465247496953537,1.6753478287776074,0.9400001518735712,0.7156744834020596,0.12796810575158327,0.21672944189266602,0.8230248726271128,0.18560895138305972,0.3019150110661962,0.8858040464521562,0.29132339936800006,0.43570725857962045,0.060058396088506306,
B_argmax,8,0.1,8.0,45712.1282051282,4570.717948717948,4570.717948717948,59403.743589743586,0.20467016910861252,1.2526873015932982,0.7286787353509553,0.6281818873644757,0.20100864043432523,0.3038943025834837,0.7816237653572145,0.2910259514366083,0.4226110931205574,0.8973228624035738,0.43676804906879124,0.5837051808314812,0.0926964909468882,
B_argmax,8,0.25,8.0,45712.1282051282,11427.589743589744,11427.589743589744,59403.743589743586,0.24584310789790634,0.6032350413386206,0.42453907461826346,0.4624262240564042,0.32679525292326755,0.3819304391949904,0.6671237674232613,0.4815677459770424,0.5579134089673329,0.8745442836906339,0.6709007807271866,0.7564230391678607,0.12433329808693333,
B_argmax,8,0.5,8.0,45712.1282051282,22855.82051282051,22855.82051282051,59403.743589743586,0.32267545372456413,0.3860337719016357,0.35435461281309993,0.3416033150698692,0.43583265557522055,0.38176199586042464,0.5510605235769912,0.610948666672274,0.5778843794132092,0.817534224351013,0.7920687098903164,0.8024526251227326,0.12741308294613135,
B_argmax,8,1.0,8.0,45712.1282051282,45712.1282051282,45712.1282051282,59403.743589743586,0.4767719085109574,0.2852858624817082,0.3810288854963328,0.2456860372434118,0.5545436158962219,0.33942911215677846,0.43108132118759485,0.7200888128221206,0.5378284011196199,0.7190729287233222,0.8608352493259037,0.7820960949086179,0.11387316618212771,
B_argmax,16,0.02,15.692307692307692,63966.205128205125,1278.820512820513,1278.820512820513,59403.743589743586,0.22045997463428627,2.01096709212015,1.1157135333772181,0.7626709215431429,0.07888896878679927,0.14268667576134883,0.8330116100044048,0.11215569516131915,0.19713693941167207,0.8647950810114308,0.1940409017872708,0.3153809998255815,0.037592580280715625,
B_argmax,16,0.05,15.692307692307692,63966.205128205125,3197.846153846154,3197.846153846154,59403.743589743586,0.20204078702403852,1.5426568300470485,0.8723488085355435,0.692834358963125,0.15788664414740916,0.256513899637565,0.8148189655938969,0.2202584587325014,0.3455813020823059,0.892143781885977,0.3358239247287705,0.48455221283197647,0.07683933316584071,
B_argmax,16,0.1,15.692307692307692,63966.205128205125,6396.128205128205,6396.128205128205,59403.743589743586,0.2087976628991229,1.1173339350983118,0.6630657989987173,0.5859788731864245,0.2383731951271009,0.33794166854721114,0.7594183618874114,0.3374390766463433,0.46580922011038656,0.8993363296623653,0.4794808245362168,0.6220617392981298,0.10909279982437906,
B_argmax,16,0.25,15.692307692307692,63966.205128205125,15991.23076923077,15991.23076923077,59403.743589743586,0.26356384373297065,0.5425168709030084,0.4030403573179895,0.4135045009849303,0.37255135379549764,0.390579388589317,0.6301250401947782,0.5239623095846279,0.5705857500792891,0.8648354116653272,0.7060178729104735,0.7747226937088068,0.13106219959645227,
B_argmax,16,0.5,15.692307692307692,63966.205128205125,31982.846153846152,31982.846153846152,59403.743589743586,0.3541706610650236,0.344670099414682,0.3494203802398528,0.3015835402832947,0.48952484750919933,0.3716002409233802,0.51070929497431,0.6517115497545009,0.5708043083535784,0.7960172050787987,0.8174927957199867,0.8047975945147398,0.12610956350536112,
B_argmax,16,1.0,15.692307692307692,63966.205128205125,63966.205128205125,63966.205128205125,59403.743589743586,0.5170767093086278,0.2549398272955211,0.38600826830207446,0.21658650293053242,0.6161514142241523,0.31921156464342804,0.394030514081421,0.7560961500829314,0.5160215992560642,0.6896335176168863,0.8745939396566269,0.7693498288045025,0.10677764087946069,
B_argmax_matchE50,-1,0.02,23.666666666666668,76401.07692307692,162.02564102564102,162.02564102564102,59403.743589743586,0.2888911439903599,2.5228385739950374,1.4058648589926988,0.7470205037839017,0.012861314271785823,0.025256731736267427,0.787550284148936,0.026866265279823276,0.051814741349387176,0.8009387251627166,0.07308477289178231,0.13314576203278472,0.004688232140021454,
B_argmax_matchE50,-1,0.05,23.666666666666668,76401.07692307692,405.79487179487177,405.79487179487177,59403.743589743586,0.25664908599747194,2.394251465575036,1.325450275786254,0.7690637641305739,0.02776470210416319,0.0534281303220577,0.8129223796983406,0.04615543745628344,0.08683823506635263,0.8272627478178234,0.10125702483148143,0.17867892054967027,0.012051502081010447,
B_argmax_matchE50,-1,0.1,23.666666666666668,76401.07692307692,812.0,812.0,59403.743589743586,0.23585302469132316,2.2209141930058824,1.2283836088486029,0.7729919255389447,0.05160084473203188,0.0961391451079239,0.8240180564428979,0.07576774747302367,0.13758095379077984,0.8478679928092234,0.143450668525851,0.24231561785236558,0.023917941161830974,
B_argmax_matchE50,-1,0.25,23.666666666666668,76401.07692307692,2030.8461538461538,2030.8461538461538,59403.743589743586,0.20602819062195338,1.8382692851659783,1.0221487378939658,0.7412286599472584,0.11089150309619775,0.19075022128907845,0.8349905466637683,0.15796054733841722,0.26161332812465354,0.8808140434720585,0.25415864930129767,0.3861720017577912,0.054140405862207766,
B_argmax_matchE50,-1,0.5,23.666666666666668,76401.07692307692,4062.102564102564,4062.102564102564,59403.743589743586,0.1933577646639334,1.483408820821289,0.8383832927426113,0.6788464526783128,0.18025585009763997,0.2804162065257852,0.8147589648876241,0.250546328059809,0.37681891774701914,0.9015740874877256,0.3668939693048448,0.5136870185461814,0.08793316181075451,
B_argmax_matchE50,-1,1.0,23.666666666666668,76401.07692307692,8124.794871794872,8124.794871794872,59403.743589743586,0.20645437093719649,1.0386668803489427,0.6225606256430696,0.5648968685849313,0.26573147444651635,0.3555143275552349,0.7514704067594802,0.3652465730910527,0.4862689936174779,0.9048578367803964,0.5003064312306515,0.6387271556971326,0.11908720438053635,
B_argmax_matchE50,1,0.02,1.0,9945.23076923077,34.256410256410255,34.256410256410255,59403.743589743586,0.26626814140788413,3.3252299949719477,1.7957490681899158,0.7237350653066731,0.00290799870375332,0.005790247786095428,0.7476152811227631,0.006521980203044291,0.012919548368266321,0.7827907496315649,0.024136047969403985,0.046705718339322744,0.001002742707807648,
B_argmax_matchE50,1,0.05,1.0,9945.23076923077,86.51282051282051,86.51282051282051,59403.743589743586,0.2507260297828705,3.1822274051991988,1.7164767174910345,0.7198966984016172,0.006835631319015776,0.013529128095880116,0.7688259969366974,0.013110413061656093,0.025723587759556407,0.8085830011964119,0.03772004269879681,0.07171391772295073,0.0026395266663180807,
B_argmax_matchE50,1,0.1,1.0,9945.23076923077,173.53846153846155,173.53846153846155,59403.743589743586,0.23603715830848726,3.032554626297991,1.6342958923032391,0.7228334460403774,0.01309960322625141,0.02568183911317309,0.7914127727546079,0.022805053526587862,0.04417188591785919,0.8364551924309347,0.05568379589384609,0.10370520110152281,0.005367900549024321,
B_argmax_matchE50,1,0.25,1.0,9945.23076923077,434.35897435897436,434.35897435897436,59403.743589743586,0.2110046113435014,2.7126190071124596,1.4618118092279804,0.7184628851360665,0.030819066724947178,0.0588997417812371,0.8110276722691291,0.052038529229332886,0.09710293097614836,0.8747269573404248,0.10336479113738643,0.18239686314330422,0.012933247039723974,
B_argmax_matchE50,1,0.5,1.0,9945.23076923077,869.3076923076923,869.3076923076923,59403.743589743586,0.20621005690137842,2.338584639754274,1.2723973483278261,0.6896038340489241,0.05696626787663247,0.10467782413235274,0.8005556836160551,0.09156521896317525,0.1627077799188175,0.888884548209617,0.16723708486594055,0.27699221106915844,0.02417046563678314,
B_argmax_matchE50,1,1.0,1.0,9945.23076923077,1739.076923076923,1739.076923076923,59403.743589743586,0.21184785736341086,1.671570879258996,0.9417093683112037,0.6178216236977275,0.09804232664443693,0.16787294213806275,0.7625559356521123,0.16761533668986514,0.271239904269457,0.8906882695176888,0.31509364394845063,0.4560835039928662,0.041150774429444446,
B_argmax_matchE50,2,0.02,2.0,17112.923076923078,58.15384615384615,58.15384615384615,59403.743589743586,0.17519585820061864,2.565688053852208,1.3704419560264134,0.7173704210140042,0.004868937074955372,0.009669174842987741,0.8326146108675161,0.012691989464932175,0.024983773642600016,0.8862673825987019,0.048779442635926755,0.09213725856140004,0.0016751697123148857,
B_argmax_matchE50,2,0.05,2.0,17112.923076923078,146.15384615384616,146.15384615384616,59403.743589743586,0.17959166474134913,2.4376376979899876,1.3086146813656683,0.7009526827359862,0.011141234131456018,0.02191807563348324,0.8238341051251907,0.02446270764451715,0.04743818860288975,0.887196355230063,0.0732144081092905,0.13463195082725202,0.00406930101388978,
B_argmax_matchE50,2,0.1,2.0,17112.923076923078,292.9230769230769,292.9230769230769,59403.743589743586,0.17868433492718028,2.304475814734928,1.2415800748310541,0.6952043891085741,0.02063296914065935,0.04002259539467762,0.8235073213434573,0.04044038018970052,0.07688812142123064,0.8937425588854324,0.1027637648920598,0.18295446143431796,0.008003535936905053,
B_argmax_matchE50,2,0.25,2.0,17112.923076923078,733.1282051282051,733.1282051282051,59403.743589743586,0.17614166996930536,2.0343848968073255,1.1052632833883156,0.6854087977847113,0.04874348885279986,0.09072035414651684,0.8188128403423708,0.08641259215434233,0.1554157803001004,0.9041363577796698,0.17450607509887714,0.2898106787722489,0.019563411360325345,
B_argmax_matchE50,2,0.5,2.0,17112.923076923078,1466.8461538461538,1466.8461538461538,59403.743589743586,0.18378009583232258,1.712747531385852,0.9482638136090873,0.6648588787844653,0.09150672308347475,0.16000938500370965,0.8031864264656114,0.15296141742127373,0.2547112495999278,0.9015164155715305,0.27218350523096924,0.41269646922751774,0.03693766963288696,
B_argmax_matchE50,2,1.0,2.0,17112.923076923078,2934.076923076923,2934.076923076923,59403.743589743586,0.19983413242090886,1.2165128104655352,0.7081734714432221,0.6095801589710538,0.15589246552067829,0.24634453352089777,0.7673020936162177,0.2593097139162942,0.3838601244345019,0.8945541970184812,0.4347618027490564,0.580650367936198,0.0628374339077283,
B_argmax_matchE50,4,0.02,4.0,29999.666666666668,92.94871794871794,92.94871794871794,59403.743589743586,0.24553933205959788,2.4556046793041633,1.3505720056818806,0.723281483386205,0.007784836492808451,0.015398057200946126,0.8055317286566551,0.02057596968226715,0.040080772651451366,0.8401295011039577,0.07449809144650592,0.1362240189379837,0.0026767914109598074,
B_argmax_matchE50,4,0.05,4.0,29999.666666666668,233.28205128205127,233.28205128205127,59403.743589743586,0.24906606233646153,2.347336019073299,1.29820104070488,0.7210815894772011,0.017606079820885454,0.03434185508743513,0.8001742566698785,0.03714575965929931,0.07083286215503087,0.8339580099276321,0.10135889888316924,0.17943697872189623,0.006558279933007984,
B_argmax_matchE50,4,0.1,4.0,29999.666666666668,467.02564102564105,467.02564102564105,59403.743589743586,0.23336935363670086,2.2267043667154307,1.2300368601760656,0.7342011936706511,0.03335916421910692,0.06368663550634955,0.8119625663611061,0.059926470115739164,0.11113509358893889,0.8494758251734057,0.13424194317874738,0.22965928367207838,0.013138037613435908,
B_argmax_matchE50,4,0.25,4.0,29999.666666666668,1168.4615384615386,1168.4615384615386,59403.743589743586,0.21150192910989515,1.9409363268068314,1.0762191279583633,0.7321925792293983,0.07661925894636692,0.1381220876668968,0.8234448945676852,0.12270323174717732,0.2118820273375718,0.8752125542804107,0.21954552676585018,0.3468660100474617,0.03204308751875055,
B_argmax_matchE50,4,0.5,4.0,29999.666666666668,2337.3846153846152,2337.3846153846152,59403.743589743586,0.2016867209854165,1.59473135371237,0.8982090373488932,0.697789136629889,0.13559482098229544,0.22546620722828342,0.8136114179425659,0.20571926113952768,0.32475688602896435,0.8903737492450589,0.3278145005253222,0.4732021692173659,0.058299231977540326,
B_argmax_matchE50,4,1.0,4.0,29999.666666666668,4675.307692307692,4675.307692307692,59403.743589743586,0.20893184568371395,1.1241184449730977,0.6665251453284058,0.6120151174535219,0.21381783683838002,0.31410654840280955,0.7689244277886838,0.3206121916086551,0.44789332482972694,0.8937711309198428,0.47742152667828863,0.6168608341484171,0.0915730882602119,
B_argmax_matchE50,8,0.02,8.0,45712.1282051282,120.76923076923077,120.76923076923077,59403.743589743586,0.28100626378870547,2.479924243772057,1.3804652537803812,0.7317259127641521,0.010474535081347486,0.020639610822151124,0.7826780379295555,0.02603391375179551,0.05027853152934736,0.8050630616786755,0.07815811652416832,0.1416177321726035,0.0035251097815838994,
B_argmax_matchE50,8,0.05,8.0,45712.1282051282,302.3076923076923,302.3076923076923,59403.743589743586,0.2659312200181839,2.3887844732710297,1.3273578466446068,0.7489928904582482,0.022536350047447154,0.04368402956161903,0.7993863800468561,0.041530679801446674,0.07864974343472206,0.8190074371621124,0.098730830133653,0.1746313302166295,0.009080451220505995,
B_argmax_matchE50,8,0.1,8.0,45712.1282051282,605.1794871794872,605.1794871794872,59403.743589743586,0.24411727969112115,2.2475839701360294,1.2458506249135755,0.7615205325931157,0.04170230069050033,0.07881607431449886,0.8151950366871358,0.06629052455511172,0.12185796994875862,0.8405492779673278,0.13413408960343945,0.22892745766429265,0.01825293451189359,
B_argmax_matchE50,8,0.25,8.0,45712.1282051282,1513.6153846153845,1513.6153846153845,59403.743589743586,0.21539862703526177,1.9116941436381774,1.0635463853367197,0.7433548775959488,0.09201854817765784,0.16267950624405236,0.8272439831367269,0.1369720678153412,0.2325589058113234,0.8722441832326456,0.2307292984217058,0.3598369965205864,0.04286884645509168,
B_argmax_matchE50,8,0.5,8.0,45712.1282051282,3027.74358974359,3027.74358974359,59403.743589743586,0.20026462922224475,1.5323803786939791,0.8663225039581121,0.6937908932707658,0.15726442495653828,0.25395803725597826,0.8168049206334417,0.22717923732973913,0.35085211218918594,0.8933549548977883,0.34819536509634463,0.49327761292664957,0.07336805021760726,
B_argmax_matchE50,8,1.0,8.0,45712.1282051282,6056.025641025641,6056.025641025641,59403.743589743586,0.20700926956487087,1.0921289915479555,0.6495691305564132,0.5921504333862426,0.2376750500057598,0.3353808639365171,0.7623186954288774,0.3419938312988228,0.46753398545038394,0.8992797775716255,0.4869540887165385,0.6267570302209031,0.10660807047037771,
B_argmax_matchE50,16,0.02,15.692307692307692,63966.205128205125,144.10256410256412,144.10256410256412,59403.743589743586,0.29653899943267475,2.5071584027705778,1.401848701101626,0.7455001736930001,0.012065835245418481,0.02372449150244072,0.7806026867057576,0.026948905491100857,0.0519301672606332,0.7946255119873695,0.07522517452962679,0.1363186914320512,0.004242240091937694,
B_argmax_matchE50,16,0.05,15.692307692307692,63966.205128205125,361.02564102564105,361.02564102564105,59403.743589743586,0.2625371180784737,2.3960616423154106,1.3292993801969422,0.7670438749558688,0.02592797120486221,0.050041138180842805,0.8082168005738432,0.04445678683823777,0.0838536411501262,0.8222874726922987,0.09958048150164908,0.17600296829139234,0.010920457970101405,
B_argmax_matchE50,16,0.1,15.692307692307692,63966.205128205125,722.5128205128206,722.5128205128206,59403.743589743586,0.2398367041627654,2.235459146639746,1.2376479254012558,0.7718413437184122,0.04800671207677846,0.08994140119386151,0.8217073728532557,0.07183741597705866,0.13109310219875925,0.8446951401524717,0.13880838335533427,0.23535795967878173,0.02167322303855043,
B_argmax_matchE50,16,0.25,15.692307692307692,63966.205128205125,1807.076923076923,1807.076923076923,59403.743589743586,0.2106020677438731,1.861478534128065,1.036040300935969,0.7446244670262426,0.1042636695083483,0.18136689289181368,0.8343469795690288,0.14946586926057642,0.2504689417434735,0.8770394370362568,0.24527121521592848,0.3770539995250016,0.050060569017258465,
B_argmax_matchE50,16,0.5,15.692307692307692,63966.205128205125,3614.5128205128203,3614.5128205128203,59403.743589743586,0.1969192086318546,1.5017326158922324,0.8493259122620435,0.687236594888566,0.1730284856646469,0.27306587353784717,0.8168983679695467,0.2417405296170947,0.36768947705969035,0.8978022325992637,0.3606481778936382,0.506717969650208,0.08334040530604128,
B_argmax_matchE50,16,1.0,15.692307692307692,63966.205128205125,7229.538461538462,7229.538461538462,59403.743589743586,0.20565495220650667,1.0513044898818946,0.6284797210442006,0.577324118682778,0.25679260174394636,0.35099703621131745,0.7569925735347933,0.35773188748608054,0.4814258397559432,0.90397092244747,0.4954368270650317,0.6349601160300556,0.11619552575746028,
B_argmax_matchE75,-1,0.02,23.666666666666668,76401.07692307692,65.53846153846153,65.53846153846153,59403.743589743586,0.3608966263905751,2.7276950793600063,1.5442958528752908,0.6780742359545813,0.005947648947865099,0.011783994425035785,0.7226038494027384,0.015717203567881848,0.03069893615082969,0.739089829623269,0.05027485923672968,0.0934884600181451,0.001695748275592906,
B_argmax_matchE75,-1,0.05,23.666666666666668,76401.07692307692,164.64102564102564,164.64102564102564,59403.743589743586,0.2911155905899069,2.5200983067633955,1.4056069486766514,0.7432332731440338,0.013345465605094921,0.02618886502732116,0.7843411276316767,0.027577482299607572,0.05313328893935724,0.7980929201573953,0.07407654728862688,0.13474884912268104,0.004877578581309624,
B_argmax_matchE75,-1,0.1,23.666666666666668,76401.07692307692,329.7692307692308,329.7692307692308,59403.743589743586,0.26589792620906194,2.432656362277347,1.3492771442432046,0.7636964370841949,0.02378420868684626,0.04602039610626116,0.8055808004421257,0.04099122641480825,0.07763197577688344,0.8187643856308773,0.09309961293627407,0.1657281177278811,0.010029850762340546,
B_argmax_matchE75,-1,0.25,23.666666666666668,76401.07692307692,825.1794871794872,825.1794871794872,59403.743589743586,0.23721141152601,2.219642658625849,1.2284270350759294,0.7727278267924732,0.05364917043811017,0.0997543683772053,0.8238597445424415,0.07785543443687114,0.14112244365293033,0.8452441484826289,0.1436719424132335,0.24297550606294535,0.02491740855645429,
B_argmax_matchE75,-1,0.5,23.666666666666668,76401.07692307692,1650.7692307692307,1650.7692307692307,59403.743589743586,0.2185980323563942,1.9328181261052448,1.0757080792308196,0.7490816361666638,0.0954239625101791,0.16787699547538734,0.828330519956937,0.13562961304685203,0.2305519563049684,0.8665338940152282,0.2269324673990637,0.3534710202384773,0.04652385392130927,
B_argmax_matchE75,-1,1.0,23.666666666666668,76401.07692307692,3302.102564102564,3302.102564102564,59403.743589743586,0.19901061471973705,1.5809425666888592,0.8899765907042981,0.6967583107714527,0.16037447074139774,0.2577481981060878,0.8212845724121223,0.22368259882796165,0.34657006911720273,0.8929332398103265,0.33693262141019487,0.48172131119178146,0.07867167568540781,
B_argmax_matchE75,1,0.02,1.0,9945.23076923077,15.128205128205128,15.128205128205128,59403.743589743586,0.26897146600078725,3.4053338680105796,1.8371526670056835,0.7261102271283267,0.001459363198061924,0.0029121626127969857,0.7401792735503142,0.003994685356935675,0.007942302930225366,0.7746579170787316,0.017818541650291536,0.03478063569475509,0.00043663007575149863,
B_argmax_matchE75,1,0.05,1.0,9945.23076923077,38.64102564102564,38.64102564102564,59403.743589743586,0.2635898911518212,3.311130450260165,1.7873601707059932,0.724776662527051,0.0033690150347470593,0.006703589608114955,0.7505208300002958,0.007280497595594626,0.014406975338823652,0.7852042320295681,0.02586682766313275,0.049936982016141225,0.0011511979533087497,
B_argmax_matchE75,1,0.1,1.0,9945.23076923077,77.74358974358974,77.74358974358974,59403.743589743586,0.2554500042215263,3.204549964650032,1.7299999844357792,0.7141247111859099,0.00625291889879308,0.012386114298198744,0.762351152365687,0.012056669584089718,0.023701485530557738,0.7987741316999516,0.03548434521959364,0.0676907596253842,0.002367095502186087,
B_argmax_matchE75,1,0.25,1.0,9945.23076923077,195.2051282051282,195.2051282051282,59403.743589743586,0.2375041533814012,3.0024325139871726,1.619968333684287,0.7217303157277991,0.014721699459812868,0.028798316463004382,0.7891383613325059,0.025177532759709728,0.04863388739098848,0.8336988624918826,0.05937811025344031,0.11017107453761629,0.006037291797921453,
B_argmax_matchE75,1,0.5,1.0,9945.23076923077,390.9230769230769,390.9230769230769,59403.743589743586,0.21716358932268107,2.7612752329196284,1.4892194111211547,0.7155038938428184,0.028461362279966665,0.054574016183079034,0.8041657144772203,0.04777656421434404,0.0896837139328001,0.8653531470541136,0.09733028701811401,0.17264019025261257,0.011801347767287614,
B_argmax_matchE75,1,1.0,1.0,9945.23076923077,782.2564102564103,782.2564102564103,59403.743589743586,0.21113643170363192,2.4090764062907604,1.310106418997196,0.6895364929066431,0.05298101627279051,0.09786443441436829,0.7954816142722329,0.08508108010274697,0.15230045306861026,0.882407761007889,0.15666319366470619,0.261920301833682,0.022296624605938613,
B_argmax_matchE75,2,0.02,2.0,17112.923076923078,25.487179487179485,25.487179487179485,59403.743589743586,0.17054858854610797,2.648803471684402,1.4096760301152549,0.7334258679946658,0.0026023242926622404,0.005184517679552462,0.8403146036969565,0.008092825222672117,0.01601891273776273,0.8929231063054592,0.03799225304078141,0.07262468997479508,0.0007902256946763147,
B_argmax_matchE75,2,0.05,2.0,17112.923076923078,64.56410256410257,64.56410256410257,59403.743589743586,0.17296990691869893,2.5544017464752913,1.3636858266969951,0.7214849253041336,0.005522909726007293,0.010955832845958677,0.8347433392382981,0.013822783216083727,0.027166917663164123,0.8881644387922994,0.05081736309915122,0.095761700313818,0.00190250199477977,
B_argmax_matchE75,2,0.1,2.0,17112.923076923078,129.71794871794873,129.71794871794873,59403.743589743586,0.17939243841348654,2.4575702053324893,1.3184813218729878,0.7043469677916792,0.010240883788718146,0.020167948046559532,0.8256401943336258,0.022648682285785354,0.044014954303218654,0.8851329908897437,0.06910096878153303,0.12759252479709413,0.0037041198759159666,
B_argmax_matchE75,2,0.25,2.0,17112.923076923078,325.05128205128204,325.05128205128204,59403.743589743586,0.17959269703600764,2.283067190705934,1.2313299438709708,0.6949802720667,0.02315812265573805,0.04473104365657994,0.8239998574638747,0.04429963625982731,0.0838115218623213,0.8917479518382715,0.1074396119598104,0.19049985888866908,0.008973731197384809,
B_argmax_matchE75,2,0.5,2.0,17112.923076923078,650.7435897435897,650.7435897435897,59403.743589743586,0.1799122428143049,2.078166238769,1.1290392407916525,0.6837431613870738,0.04386239297015833,0.08215577590100691,0.8154303855542787,0.07777919030373849,0.14133360437846135,0.8983442799076392,0.1607028967088396,0.2703418684982612,0.017583974394141524,
B_argmax_matchE75,2,1.0,2.0,17112.923076923078,1302.1025641025642,1302.1025641025642,59403.743589743586,0.18353146142155027,1.776519699235891,0.9800255803287206,0.6679428769705265,0.08298069418835319,0.1467547258318872,0.8035247388919662,0.13903408947917392,0.2352017344046484,0.9000709654886737,0.2523547580347475,0.38950597278340876,0.033628461669033646,
B_argmax_matchE75,4,0.02,4.0,29999.666666666668,43.46153846153846,43.46153846153846,59403.743589743586,0.22957394328002786,2.516823071682305,1.3731985074811663,0.7369990700547339,0.004269874851439247,0.008488549337675587,0.8183044844062245,0.01369472775223656,0.02691660568008598,0.8525964112263963,0.06146593484418926,0.11418252096823718,0.001326741086851599,
B_argmax_matchE75,4,0.05,4.0,29999.666666666668,109.53846153846153,109.53846153846153,59403.743589743586,0.24645826457698944,2.438755816974314,1.3426070407756516,0.72496388196594,0.00923596785797632,0.018232731141153685,0.8041624584734169,0.023171504267566034,0.044993897495872646,0.8378024882260008,0.07843952841321632,0.14278820389356175,0.003223732698218831,
B_argmax_matchE75,4,0.1,4.0,29999.666666666668,219.5897435897436,219.5897435897436,59403.743589743586,0.2502754693463505,2.3576063341148066,1.3039409017305787,0.7210174971847737,0.016953699635609904,0.03310447019728972,0.7983248275722283,0.036092374413770494,0.06892651797587249,0.8329225325847588,0.09918002172895879,0.17616255153616497,0.006283893406308537,
B_argmax_matchE75,4,0.25,4.0,29999.666666666668,549.8205128205128,549.8205128205128,59403.743589743586,0.23162348672728889,2.190031813799004,1.2108276502631463,0.7334651673915779,0.03920956257532909,0.07428583135612168,0.8120865376743388,0.06778133905103437,0.12458817854429544,0.8513089199047701,0.14422030811721653,0.24449719626393326,0.015734067405755017,
B_argmax_matchE75,4,0.5,4.0,29999.666666666668,1100.1538461538462,1100.1538461538462,59403.743589743586,0.21604442231890353,1.9665622061103716,1.0913033142146376,0.7297904970590463,0.07339749836918297,0.13293559968591057,0.8202745853453283,0.11715784214581404,0.20378370975077859,0.8702283290378678,0.212887486104869,0.3384539758043931,0.03072793692012828,
B_argmax_matchE75,4,1.0,4.0,29999.666666666668,2200.897435897436,2200.897435897436,59403.743589743586,0.20485144859716384,1.6272171432322675,0.9160342959147157,0.6987118863868947,0.13085985392781094,0.21926679328039603,0.8127241886782957,0.19762301493877596,0.3152664532381859,0.887088941391618,0.3156892659649436,0.46098580465906086,0.05634107268530729,
B_argmax_matchE75,8,0.02,8.0,45712.1282051282,53.12820512820513,53.12820512820513,59403.743589743586,0.2811161157837302,2.533710329455488,1.4074132226196092,0.7428907522663479,0.00573786522589424,0.011383339372266902,0.7827155699327968,0.018762026063856463,0.03659118532396814,0.8053792272488007,0.0679560578770785,0.12469760155712376,0.001604555685605419,
B_argmax_matchE75,8,0.05,8.0,45712.1282051282,133.6153846153846,133.6153846153846,59403.743589743586,0.2833740030870672,2.471992398316036,1.3776832007015514,0.7296888081725565,0.011610600932596181,0.022841408186384676,0.7805545933017447,0.027576210421867024,0.05315125859548506,0.8033248037530702,0.07998721039646685,0.14461034620345292,0.00398799212359352,
B_argmax_matchE75,8,0.1,8.0,45712.1282051282,267.71794871794873,267.71794871794873,59403.743589743586,0.27165623561472263,2.4042124133274116,1.3379343244710673,0.7438664515237694,0.02070140021543455,0.04022691727798607,0.794286533920656,0.03914033628530393,0.0743366582728093,0.8141422971661323,0.09559831176336712,0.16965637096197825,0.00821110633308609,
B_argmax_matchE75,8,0.25,8.0,45712.1282051282,669.8717948717949,669.8717948717949,59403.743589743586,0.242139677850912,2.2235374040756555,1.2328385409632838,0.7627365309889252,0.04650898862069983,0.08739819055591963,0.8165682349864667,0.07192143313895903,0.1314665153253298,0.841653932059175,0.14060898177997513,0.23886467829152458,0.02065753736849473,
B_argmax_matchE75,8,0.5,8.0,45712.1282051282,1340.3333333333333,1340.3333333333333,59403.743589743586,0.2227296716579532,1.9630003763810737,1.0928650240195135,0.7458161113700346,0.08431211192915082,0.1507813018822556,0.8228077510351969,0.12463790152000222,0.21493898869255829,0.863844783527305,0.21583111371895292,0.3415401996981817,0.03940684029033259,
B_argmax_matchE75,8,1.0,8.0,45712.1282051282,2681.1794871794873,2681.1794871794873,59403.743589743586,0.20582212027307,1.5969263323826284,0.9013742263278492,0.7008026215695529,0.14608001986989347,0.24016034547184176,0.817104263852655,0.21104567856095463,0.3321017528694909,0.8866585884984743,0.32892833981836944,0.4725801900891344,0.06836630114745813,
B_argmax_matchE75,16,0.02,15.692307692307692,63966.205128205125,60.56410256410256,60.56410256410256,59403.743589743586,0.32018492605118676,2.60387364605809,1.4620292860546382,0.7195612804172796,0.006259043765126621,0.012403329814155884,0.7526231970712498,0.018142284061501535,0.03534816772051508,0.7684309686313566,0.05906458827758476,0.10895691117471276,0.001750110888499939,
B_argmax_matchE75,16,0.05,15.692307692307692,63966.205128205125,152.10256410256412,152.10256410256412,59403.743589743586,0.29800018169292947,2.5027642731562305,1.4003822274245799,0.7423214389425898,0.012852427135825652,0.025240980051862535,0.7780246736811002,0.027998927310182237,0.05387278698241269,0.7926956786770699,0.07640766630210968,0.13823237448492226,0.004566767102793085,
B_argmax_matchE75,16,0.1,15.692307692307692,63966.205128205125,304.71794871794873,304.71794871794873,59403.743589743586,0.27244556708394885,2.4253696414210153,1.3489076042524821,0.7602907688614654,0.02284274501505518,0.04426491953346502,0.7998515231886615,0.040433450246417466,0.07662229912898344,0.8140989588392051,0.09340644850528344,0.1660759089135806,0.009348685869850867,
B_argmax_matchE75,16,0.25,15.692307692307692,63966.205128205125,762.5897435897435,762.5897435897435,59403.743589743586,0.24017464512670605,2.225167307235911,1.2326709761813084,0.7719069339671106,0.0512475551422232,0.09565883577126476,0.8213649371899919,0.07533737564409594,0.13703293009644155,0.842989102173245,0.1417991100576205,0.24002161959572405,0.023341796610301665,
B_argmax_matchE75,16,0.5,15.692307692307692,63966.205128205125,1525.6153846153845,1525.6153846153845,59403.743589743586,0.22118825059027805,1.9432852468799002,1.0822367487350892,0.7501533044772767,0.09166502304498611,0.16228865144874763,0.8271120687752392,0.13062973960917332,0.2236750870344556,0.864963691457084,0.220168843590374,0.346904501539798,0.04402707909643723,
B_argmax_matchE75,16,1.0,15.692307692307692,63966.205128205125,3051.5897435897436,3051.5897435897436,59403.743589743586,0.20244326225380946,1.5859902269675696,0.8942167446106896,0.701226468013927,0.15616011967920415,0.2531016679770101,0.821310546085987,0.21927317635206792,0.34176947479873737,0.8897470576786634,0.33452458778107713,0.4786026561815677,0.0756067217386138,
C_grid,-1,0.005,23.666666666666668,636091.4615384615,3180.051282051282,3180.051282051282,59403.743589743586,0.22514012211718792,1.8648996216197082,1.045019871868448,0.6525267390179035,0.10759312493639565,0.1822907726573289,0.8446040491417014,0.13653347319767706,0.23263780317923027,0.8737080689948573,0.21908657978937887,0.34605300578032266,0.06064208816559821,0.1014314203593614
C_grid,-1,0.01,23.666666666666668,636091.4615384615,6360.48717948718,6360.48717948718,59403.743589743586,0.22858590992004574,1.562152204975851,0.8953690574479484,0.5477982102420813,0.172620719385563,0.2574758557548918,0.8117003852428648,0.21476941525448773,0.3357223583075094,0.8837387822597587,0.3154052669742861,0.4603502272469853,0.08960003471786562,0.1014314203593614
C_grid,-1,0.02,23.666666666666668,636091.4615384615,12721.538461538461,12721.538461538461,59403.743589743586,0.2383200173959132,1.275382490373151,0.7568512538845321,0.43761147399417705,0.2639724914778668,0.321559648757823,0.736714714402651,0.31382814433680223,0.43407161886600887,0.889727676589253,0.41706770003106797,0.5630532558739212,0.11696365044602783,0.1014314203593614
C_grid,-1,0.05,23.666666666666668,636091.4615384615,31804.30769230769,31804.30769230769,59403.743589743586,0.2871490906138405,0.7472417639682732,0.5171954272910568,0.3126653016892432,0.42956561761148204,0.3538216677312995,0.585208652384695,0.48843053342746234,0.5238749240972539,0.8623728564914412,0.5981433559529399,0.7020894108025743,0.12916817063342634,0.1014314203593614
C_grid,-1,0.1,23.666666666666668,636091.4615384615,63608.92307692308,63608.92307692308,59403.743589743586,0.39010489091477163,0.45431643736389093,0.4222106641393313,0.22978840735108036,0.5742738100474636,0.32234863993542384,0.4507220993339892,0.6347522644890873,0.518815000332802,0.7806121161693026,0.7449460630199359,0.7584795944181558,0.11409046687998362,0.1014314203593614
C_grid,-1,0.25,23.666666666666668,636091.4615384615,159022.6923076923,159022.6923076923,59403.743589743586,0.7093502639854273,0.23973188126137016,0.4745410726233988,0.14492243328455384,0.776462784237701,0.24128951225905348,0.29597743429933127,0.8143731475127896,0.4281546920673029,0.6069510743528067,0.8752450458209705,0.7103222786695184,0.07965706299137341,0.1014314203593614
C_grid,-1,0.5,23.666666666666668,636091.4615384615,318045.71794871794,318045.71794871794,59403.743589743586,0.9959647121637096,0.1321064450821329,0.5640355786229212,0.09169629421159253,0.9022670529849407,0.16515660491118295,0.1930479725815176,0.9159977510317432,0.31512613991551097,0.4534813531829876,0.9398877922635983,0.6040303322222917,0.051323731261725195,0.1014314203593614
C_grid,-1,1.0,23.666666666666668,636091.4615384615,636091.4615384615,636091.4615384615,59403.743589743586,1.4670059219563016,0.07176126004872808,0.769383591002515,0.05181288020439672,0.976746399200172,0.09799965962039285,0.11072807825101331,0.9781546219950502,0.197594092058981,0.2806654805467354,0.9817855724697395,0.43166999171426934,0.028928591457535607,0.1014314203593614
C_grid,1,0.005,1.0,378549.8461538461,1892.2307692307693,1892.2307692307693,59403.743589743586,0.22342567410671973,2.1809944697575183,1.2022100719321192,0.6853898498498437,0.07211043350519815,0.1291364224997289,0.8139624059934287,0.0962054019698482,0.17052367531248774,0.8689986415637849,0.16244274135215625,0.26978844880132014,0.0407118420231159,0.1
C_grid,1,0.01,1.0,378549.8461538461,3784.974358974359,3784.974358974359,59403.743589743586,0.22720933293554815,1.9222181716385194,1.0747137522870336,0.5785274079485405,0.11027394429957837,0.18177750878237162,0.7959231479366987,0.148342251905404,0.24624393277321735,0.8795384284040801,0.23516212774994896,0.36446638454388935,0.06147598824377326,0.1
C_grid,1,0.02,1.0,378549.8461538461,7570.48717948718,7570.48717948718,59403.743589743586,0.2364107534723921,1.6389853779127357,0.9376980656925639,0.45301384576543907,0.1667052778168998,0.2370421398412216,0.7378082927325804,0.21722596099468097,0.329023899696676,0.8861660845021078,0.313881528931273,0.4566011275860664,0.08298479579244938,0.1
C_grid,1,0.05,1.0,378549.8461538461,18927.128205128207,18927.128205128207,59403.743589743586,0.28571939915333,1.080592944239375,0.6831561716963525,0.33421988639936273,0.29139130031220634,0.30161307121041525,0.606821489128274,0.3571725034050396,0.43911094372224885,0.8530031872036534,0.4758364719351175,0.6030831436923224,0.10669277325250892,0.1
C_grid,1,0.1,1.0,378549.8461538461,37854.58974358974,37854.58974358974,59403.743589743586,0.3601115588598716,0.680627324485377,0.5203694416726242,0.25788250227347703,0.4105512993772362,0.3091456432112217,0.49186654206396896,0.4871996552211873,0.48033439053230564,0.792922453149074,0.6235781705708124,0.6900418625809664,0.10795870643503352,0.1
C_grid,1,0.25,1.0,378549.8461538461,94637.33333333333,94637.33333333333,59403.743589743586,0.5802316189213214,0.4292771230898468,0.5047543710055841,0.17102228562732608,0.5851754950499021,0.2608059915878248,0.34328669109840765,0.6564851115100323,0.4447667929986655,0.6578891407400965,0.7762508671441538,0.7072969437391943,0.08807762221897164,0.1
C_grid,1,0.5,1.0,378549.8461538461,189274.87179487178,189274.87179487178,59403.743589743586,0.7726853215599373,0.31774902992009346,0.5452171757400155,0.12142013288664548,0.7409856338682344,0.20646817425897282,0.25131105626617367,0.781559251410652,0.37547840897137297,0.548511264218597,0.8431460713515025,0.6585613052320225,0.067118907953013,0.1
C_grid,1,1.0,1.0,378549.8461538461,378549.8461538461,378549.8461538461,59403.743589743586,0.9778344200751798,0.1969440167735881,0.5873892184243841,0.07875386404759084,0.8897091093888593,0.14378436749647536,0.16677047735599482,0.8958700645637995,0.2784313733320509,0.41645942479726583,0.9118216118761087,0.5637767184702145,0.044369487407776034,0.1
C_grid,2,0.005,2.0,488331.0,2441.128205128205,2441.128205128205,59403.743589743586,0.21527124103626116,1.7337940090000978,0.9745326250181794,0.670667474060012,0.09433127265890014,0.16399412221107618,0.8074446190696458,0.134158444182789,0.22781202107152126,0.8731194785631297,0.2376203917663745,0.3681717698072146,0.048487711808332425,0.1
C_grid,2,0.01,2.0,488331.0,4882.820512820513,4882.820512820513,59403.743589743586,0.22117960343164797,1.5080863960414144,0.8646329997365313,0.5772521679332291,0.14610067755753997,0.22946276888908984,0.7876472870985374,0.2003595565634628,0.31505243689652146,0.8792401955998099,0.3177961056403855,0.46046599231244567,0.07567462782381885,0.1
C_grid,2,0.02,2.0,488331.0,9766.128205128205,9766.128205128205,59403.743589743586,0.23819803398670253,1.2496028479610397,0.7439004409738711,0.4688570649890194,0.22326194368771646,0.2955778958828355,0.735884790540937,0.28965108256904515,0.4097148047796223,0.8776303158294846,0.41072990843313106,0.5546120946458353,0.10288131369200197,0.1
C_grid,2,0.05,2.0,488331.0,24416.076923076922,24416.076923076922,59403.743589743586,0.2894148980796695,0.804635886861467,0.5470253924705683,0.3401539512778313,0.3658639121406847,0.34402685733132604,0.6091806170697283,0.4434383489067851,0.5052169398169734,0.851341118065692,0.575560321225547,0.682417890654051,0.12446983602889528,0.1
C_grid,2,0.1,2.0,488331.0,48832.743589743586,48832.743589743586,59403.743589743586,0.3647061662847577,0.5212815739437059,0.4429938701142318,0.2604673268178597,0.5090911034707394,0.33784732310795007,0.49618984963626855,0.5877556084493479,0.5301368953137258,0.8021802756034954,0.714255752722067,0.7519327451198293,0.12068990399443326,0.1
C_grid,2,0.25,2.0,488331.0,122082.61538461539,122082.61538461539,59403.743589743586,0.6282706937720303,0.2962235880171342,0.4622471408945822,0.16697757504453048,0.7004986642614873,0.26609975766622274,0.33586825024438216,0.7577059857401253,0.45888841746341386,0.652729430780511,0.8458556425181991,0.7309901499704105,0.08955682877893471,0.1
C_grid,2,0.5,2.0,488331.0,244165.46153846153,244165.46153846153,59403.743589743586,0.884345355710148,0.20212865288952378,0.5432370042998359,0.1116959931261854,0.8380683814792206,0.19524552386232644,0.23212576020413975,0.8651446811014978,0.3612780836235428,0.5193852248190466,0.905126724301098,0.652409457372669,0.06232506443541677,0.1
C_grid,2,1.0,2.0,488331.0,488331.0,488331.0,59403.743589743586,1.1891810617388388,0.1253721398774064,0.6572766008081226,0.06692641104108073,0.9370073335594538,0.1242442643568484,0.1419648343336229,0.941386420270778,0.24453492794690698,0.3564630531199453,0.9515618106213415,0.5114958172032331,0.03750272346193472,0.1
C_grid,4,0.005,4.0,554813.282051282,2773.5897435897436,2773.5897435897436,59403.743589743586,0.2141129346913742,1.8147506930331587,1.0144318138622666,0.6806186697144196,0.10055407318340867,0.17315436780007118,0.8453742706189745,0.13291039534225882,0.22736452084791808,0.8802215217073922,0.2227091229168457,0.3509439159474168,0.057425723915922565,0.10013278910125138
C_grid,4,0.01,4.0,554813.282051282,5547.692307692308,5547.692307692308,59403.743589743586,0.21693403002433959,1.545795479911497,0.8813647549679183,0.5777566432566134,0.1587034541090718,0.24385053930120934,0.8246638366436545,0.2047159395907711,0.3234849447497089,0.8891355761928893,0.31100869384924595,0.45521892304044426,0.08484543332766635,0.10013278910125138
C_grid,4,0.02,4.0,554813.282051282,11095.871794871795,11095.871794871795,59403.743589743586,0.23087585456322982,1.2617180541331023,0.746296954348166,0.4692433869862895,0.24376717479318102,0.31243340154508853,0.7582679559474956,0.3007177646123831,0.4238981632570702,0.8904602221716451,0.41448577113243856,0.5601894140464702,0.1135497943280534,0.10013278910125138
C_grid,4,0.05,4.0,554813.282051282,27740.358974358973,27740.358974358973,59403.743589743586,0.2781735148590637,0.7888419101594668,0.5335077125092652,0.33461542421006524,0.39613277745187236,0.35305544758902824,0.6121796915134307,0.46332717467132184,0.5180883097757482,0.8659490696237984,0.5812493232711595,0.691298025813275,0.1299311930448068,0.10013278910125138
C_grid,4,0.1,4.0,554813.282051282,55481.05128205128,55481.05128205128,59403.743589743586,0.35316562184753864,0.48712443947046974,0.42014503065900416,0.2500869290044148,0.5394453769009517,0.33440483874278154,0.48370528946387453,0.6073140012768657,0.5290937167863375,0.8038257268076757,0.726261602649991,0.7586504818107053,0.12005795465232297,0.10013278910125138
C_grid,4,0.25,4.0,554813.282051282,138703.20512820513,138703.20512820513,59403.743589743586,0.622914367215353,0.25952673900257495,0.441220553108964,0.16029283906039707,0.7416915215931694,0.25986751723207985,0.32473206115163433,0.7901171509449555,0.45351928397947094,0.6439809982877378,0.8633305444062708,0.73205180344915,0.08752977635095849,0.10013278910125138
C_grid,4,0.5,4.0,554813.282051282,277406.58974358975,277406.58974358975,59403.743589743586,0.908683775166088,0.16159810154004317,0.5351409383530656,0.10553994423516364,0.8763089899677673,0.18650644653450799,0.2204426759397546,0.8943907039078897,0.34879010856491227,0.5004999861894702,0.9254105927442575,0.641270256982661,0.05924063009031873,0.10013278910125138
C_grid,4,1.0,4.0,554813.282051282,554813.282051282,554813.282051282,59403.743589743586,1.3073782730734014,0.10647624544729438,0.7069272592603478,0.06045065510492707,0.95158660881814,0.11305069650615622,0.128559248814963,0.9549061440146812,0.22459395835407187,0.3246122544670144,0.962664358573077,0.4785791443090127,0.03388415662927324,0.10013278910125138
C_grid,8,0.005,8.0,600167.641025641,3000.3333333333335,3000.3333333333335,59403.743589743586,0.22277157697203698,1.8473030090925802,1.0350372930323088,0.6579648938781971,0.10444130258284033,0.1781008682501949,0.8445231704400705,0.1341418510829486,0.2292896001771443,0.8743041251667985,0.21866791901192828,0.3456919279205742,0.059532363078239926,0.10049803222454536
C_grid,8,0.01,8.0,600167.641025641,6001.25641025641,6001.25641025641,59403.743589743586,0.22440727221749418,1.5528852560908628,0.8886462641541786,0.552953158336921,0.16675673677115066,0.2514941739719874,0.8220062850484775,0.21025002068277013,0.33082837482582644,0.8853604713485674,0.3148041168141548,0.4595304323171871,0.08782302391957127,0.10049803222454536
C_grid,8,0.02,8.0,600167.641025641,12002.948717948719,12002.948717948719,59403.743589743586,0.23424846050653655,1.264333481193104,0.7492909708498203,0.44833902070006343,0.25735314974382734,0.31966004467262416,0.7473757380329897,0.31105295574992675,0.4332784795758995,0.8911481382227745,0.4192390402538624,0.565029780342224,0.11713308704606483,0.10049803222454536
C_grid,8,0.05,8.0,600167.641025641,30008.02564102564,30008.02564102564,59403.743589743586,0.2803160466578409,0.771175817898089,0.525745932277965,0.32029442308149886,0.4156283606669851,0.35410147844548207,0.5970573837459625,0.4770440787894782,0.5226012435723748,0.8673275738713883,0.5880968782935353,0.6970904348890168,0.13080226897115382,0.10049803222454536
C_grid,8,0.1,8.0,600167.641025641,60016.48717948718,60016.48717948718,59403.743589743586,0.3714891225849605,0.4681135698998376,0.41980134624239906,0.23699179554598607,0.5587310450870933,0.32720381411989924,0.4649931418600943,0.6220567974387735,0.5244224255298221,0.7922933290084346,0.7357157528462193,0.759200803833211,0.11724261481924352,0.10049803222454536
C_grid,8,0.25,8.0,600167.641025641,150041.79487179487,150041.79487179487,59403.743589743586,0.6763802425323534,0.248169036185529,0.4622746393589412,0.15109057160993006,0.7629829962984674,0.24940753551907976,0.30849616976741245,0.8049818988215478,0.44051790566894056,0.6243352729849401,0.8701072672363332,0.7214212959610206,0.08325485856781399,0.10049803222454536
C_grid,8,0.5,8.0,600167.641025641,300083.76923076925,300083.76923076925,59403.743589743586,0.95455374089195,0.1460307620713914,0.5502922514816706,0.09674397964529653,0.891342408184604,0.17326643036147965,0.2037199121012716,0.9064357473459561,0.32909877186367326,0.47252662522156613,0.9331758575455589,0.6202799837158997,0.054272980502562566,0.10049803222454536
C_grid,8,1.0,8.0,600167.641025641,600167.641025641,600167.641025641,59403.743589743586,1.4097462547536377,0.09009621120142504,0.7499212329775314,0.05462825120541801,0.960618166990453,0.1029774849419501,0.11677508661200199,0.9626503004651881,0.2069825635002105,0.29572977932292804,0.9703323340390219,0.4487049544180029,0.030595200609114553,0.10049803222454536
C_grid,16,0.005,15.692307692307692,626015.6153846154,3129.641025641026,3129.641025641026,59403.743589743586,0.22464208289359683,1.8619707158862293,1.043306399389913,0.6598983729846715,0.10627742941658787,0.1808293646074476,0.8445963404108533,0.1349510204074165,0.2303084166910206,0.8738123849220251,0.21854067359780485,0.3451711168087577,0.06022987370207691,0.1010211213805573
C_grid,16,0.01,15.692307692307692,626015.6153846154,6259.666666666667,6259.666666666667,59403.743589743586,0.22794713462129648,1.5577295393515778,0.8928383369864372,0.5547382652718554,0.17111807909561005,0.2567838721778692,0.8170476402694589,0.21328501665101712,0.3343711393425388,0.8831228431542877,0.31491102679269123,0.4595643107661274,0.08959960233097966,0.1010211213805573
C_grid,16,0.02,15.692307692307692,626015.6153846154,12519.923076923076,12519.923076923076,59403.743589743586,0.23692152568719968,1.2710566393905345,0.7539890825388671,0.4428468098443416,0.26164010066974985,0.32151250740946613,0.7408513490697158,0.3128416634001384,0.4337884431095566,0.890063348470569,0.41804412679245173,0.5635592718842724,0.1174242757068834,0.1010211213805573
C_grid,16,0.05,15.692307692307692,626015.6153846154,31300.51282051282,31300.51282051282,59403.743589743586,0.2837421139096159,0.7566918700406089,0.5202169919751124,0.3155921813678889,0.42634578532189027,0.35491934288571636,0.5896972820886958,0.48607224525258946,0.5246539169882256,0.8648784076468374,0.5954773197253543,0.7011964698393017,0.13042421437604443,0.1010211213805573
C_grid,16,0.1,15.692307692307692,626015.6153846154,62601.333333333336,62601.333333333336,59403.743589743586,0.3782718411147189,0.4567264855654487,0.41749916334008386,0.23219526191433004,0.5699702771845478,0.3243543599836126,0.45520322702239296,0.6315542439050018,0.5212143036635086,0.7852969690388085,0.7436837293412922,0.7601037266956802,0.11555260171896557,0.1010211213805573
C_grid,16,0.25,15.692307692307692,626015.6153846154,156503.76923076922,156503.76923076922,59403.743589743586,0.6866635358304257,0.24110752821332576,0.46388553202187577,0.14710172956019912,0.7738568219780821,0.24436431090631083,0.3001357006134183,0.8130238721904706,0.4327848832453135,0.6131536357203998,0.8743216451796209,0.7148220261897061,0.08124721925314767,0.1010211213805573
C_grid,16,0.5,15.692307692307692,626015.6153846154,313007.7948717949,313007.7948717949,59403.743589743586,0.9790193669122451,0.13598000770777707,0.557499687310011,0.09321842729556842,0.8992079305802995,0.1676486788135869,0.19602672496559728,0.913197955886009,0.31916773594267567,0.4586934738685824,0.9373602527324842,0.6086770203407387,0.05226105241657059,0.1010211213805573
C_grid,16,1.0,15.692307692307692,626015.6153846154,626015.6153846154,626015.6153846154,59403.743589743586,1.4477099114148801,0.07685910543994447,0.7622845084274122,0.05258634954535204,0.9719168782722516,0.09938027251984503,0.11223923053714054,0.9740067958737765,0.19999088122812927,0.2840516178709035,0.9782659667205735,0.43563047060343446,0.029425667657643206,0.1010211213805573
C_on_B,-1,0.02,23.666666666666668,76401.07692307692,1527.5128205128206,1527.5128205128206,59403.743589743586,0.22808942866697188,2.209302057412462,1.2186957430397167,0.7867355300046375,0.06180792304715894,0.11438154977474546,0.8499137898017347,0.07747092857226327,0.1418145459225146,0.861654785559501,0.13248269952792244,0.2292518891169653,0.03841311924402329,
C_on_B,-1,0.05,23.666666666666668,76401.07692307692,3819.6153846153848,3819.6153846153848,59403.743589743586,0.24594581908041163,1.7836658368744367,1.0148058279774241,0.6680848776839414,0.11936084134587285,0.20167375329463397,0.819350759108313,0.15004560898653224,0.2532072931591841,0.8557898312893487,0.23696293514864655,0.37002698099958914,0.0716795675453207,
C_on_B,-1,0.1,23.666666666666668,76401.07692307692,7639.692307692308,7639.692307692308,59403.743589743586,0.24210088760146833,1.4885642441087443,0.8653325658551063,0.5489711021361996,0.19141991394377458,0.282078898661954,0.7749621318513524,0.23768015807821494,0.36262313076825226,0.8731754329099263,0.3420695718996426,0.48900064935854115,0.10243999421769151,
C_on_B,-1,0.25,23.666666666666668,76401.07692307692,19099.97435897436,19099.97435897436,59403.743589743586,0.2646289051279125,1.0330953371472018,0.6488621211375573,0.40371195614668975,0.33211426979314645,0.3612101995688,0.6559440244931386,0.3937370707816644,0.48973262678688495,0.8722140145663374,0.502409916377584,0.6353672915354508,0.1328163961915323,
C_on_B,-1,0.5,23.666666666666668,76401.07692307692,38200.282051282054,38200.282051282054,59403.743589743586,0.32480888966754384,0.5967593626973915,0.4607841261824676,0.302601804900154,0.4732093048257805,0.3657651217296036,0.531091693809922,0.5529144855234331,0.5381996665072712,0.824548017955257,0.6750722153988574,0.7407082377816194,0.13042409079798117,
C_on_B,-1,1.0,23.666666666666668,76401.07692307692,76401.07692307692,76401.07692307692,59403.743589743586,0.5424017010453814,0.24089776412360672,0.39164973258449404,0.20412966329761525,0.6380658107761913,0.3071881247632008,0.376922853762754,0.7676378797194912,0.5024946730292275,0.6733124772137472,0.8821305131553979,0.7610483660177094,0.10197513876143023,
C_on_B,1,0.02,1.0,9945.23076923077,198.46153846153845,198.46153846153845,59403.743589743586,0.2892005410230026,2.788347937480336,1.5387742392516692,0.7190878117707548,0.017902064176678983,0.03488092446603533,0.7411610754648592,0.02994994551352743,0.057364159813905996,0.7770864613909466,0.06362224162680692,0.116783714144291,0.006406507493007495,
C_on_B,1,0.05,1.0,9945.23076923077,496.7692307692308,496.7692307692308,59403.743589743586,0.2455118708150181,2.5534430064407285,1.3994774386278734,0.76153857138884,0.036522526235622126,0.06954508282814495,0.7873630181164948,0.05145261307999942,0.09625628418083482,0.8235856443680648,0.09494438826688976,0.16935251832265577,0.01660268807004342,
C_on_B,1,0.1,1.0,9945.23076923077,994.1025641025641,994.1025641025641,59403.743589743586,0.2148886605263605,2.295280639215316,1.2550846498708386,0.7653455736331279,0.061055741183435173,0.11273194786262028,0.8144691912460794,0.08095485747043243,0.1466804773490895,0.859513893107688,0.14090271705918075,0.24056266683648517,0.03174611859174722,
C_on_B,1,0.25,1.0,9945.23076923077,2485.948717948718,2485.948717948718,59403.743589743586,0.22099744074751476,1.8723983169113558,1.0466978788294352,0.6170676141420041,0.10703548179305698,0.18134598079768077,0.7651722351036415,0.1544614379924174,0.2551448652617773,0.8794184259484151,0.25111583991519065,0.38612377728900843,0.05573809400079686,
C_on_B,1,0.5,1.0,9945.23076923077,4972.410256410257,4972.410256410257,59403.743589743586,0.2448273533812125,1.4467620164745139,0.8457946849278632,0.4735018817977284,0.1616964748809659,0.2388544982853943,0.672059006120731,0.248871194151426,0.35948260147000183,0.8725495745916327,0.3818616372290968,0.5240231077950971,0.07235014085244901,
C_on_B,1,1.0,1.0,9945.23076923077,9945.23076923077,9945.23076923077,59403.743589743586,0.3819871970699982,0.633371393893971,0.5076792954819846,0.333129158915303,0.23423811045575932,0.2724454580314263,0.5223956141808159,0.403264713445026,0.45159590100235675,0.7767488640584523,0.6511034319856605,0.702541327375996,0.08088157246343493,
C_on_B,2,0.02,2.0,17112.923076923078,341.6923076923077,341.6923076923077,59403.743589743586,0.18512518282187815,2.2819991440505265,1.2335621634362024,0.7675807664165518,0.02573293932989744,0.0497204805022453,0.8437755329320498,0.04485452368171599,0.08487323664948751,0.8813910545283296,0.10130579500386475,0.1802151055736489,0.010352128390080281,
C_on_B,2,0.05,2.0,17112.923076923078,855.1794871794872,855.1794871794872,59403.743589743586,0.19448408177156673,1.9990557848080517,1.096769933289809,0.7465028393669909,0.052903717850194085,0.09859337214013403,0.8312176735376289,0.08073739712892329,0.14669371412667462,0.8795222230997441,0.15753767523711043,0.265517905152169,0.02414043822900844,
C_on_B,2,0.1,2.0,17112.923076923078,1710.8974358974358,1710.8974358974358,59403.743589743586,0.19944904067980304,1.7638709815741818,0.9816600111269924,0.7128184392653705,0.08802859766763833,0.15633251915276222,0.8167043608955763,0.12579347644446143,0.21736689273632714,0.8793703152027658,0.2243294370295141,0.355499606260211,0.044187291564020084,
C_on_B,2,0.25,2.0,17112.923076923078,4277.897435897436,4277.897435897436,59403.743589743586,0.2136665694627115,1.3742939920994477,0.7939802807810796,0.5896584336070894,0.16453673221096543,0.2560893750880755,0.7671442830932105,0.23499352813619892,0.3580724789307265,0.8851855786295177,0.3654480681564591,0.5140455915332305,0.08066424115945961,
C_on_B,2,0.5,2.0,17112.923076923078,8556.205128205129,8556.205128205129,59403.743589743586,0.2562220642961209,0.9619314486847343,0.6090767564904276,0.45798859411122866,0.25028759398759565,0.32175338368506695,0.663273583599329,0.3635616667486863,0.4677496297932375,0.8641329493911365,0.5217026896804123,0.648158063962786,0.10244784730214801,
C_on_B,2,1.0,2.0,17112.923076923078,17112.923076923078,17112.923076923078,59403.743589743586,0.42734593224150186,0.43276228239834696,0.43005410731992444,0.3180302306560308,0.35111999633198937,0.33186072058097865,0.5048597178687354,0.5517829652172145,0.5254436229209832,0.7600300047437573,0.7737243016677843,0.7645869643256975,0.10407128324702838,
C_on_B,4,0.02,4.0,29999.666666666668,599.4615384615385,599.4615384615385,59403.743589743586,0.2072400274415142,2.3324917892805863,1.2698659083610504,0.8169021477711157,0.03653896186274891,0.06989204257983307,0.8630711373959741,0.054034715584230376,0.10156942138203004,0.8756832882244754,0.1046781489990813,0.18653672469654506,0.017794374165784256,
C_on_B,4,0.05,4.0,29999.666666666668,1499.5641025641025,1499.5641025641025,59403.743589743586,0.21799513649862673,2.0094175427134795,1.113706339606053,0.7791645032853289,0.07140854913165508,0.13070192017172255,0.8462500871534879,0.09493526517482719,0.17051812195601554,0.8668491218747221,0.16598933389058673,0.27783575331041627,0.04002830009037258,
C_on_B,4,0.1,4.0,29999.666666666668,2999.5641025641025,2999.5641025641025,59403.743589743586,0.220367661740965,1.6997950354571028,0.9600813485990338,0.702441227286709,0.11901612042070721,0.20322218563420608,0.8293315507412411,0.15704727715568798,0.2635211474619846,0.8721735011683893,0.2543747158719947,0.39191021662102915,0.06760671836196429,
C_on_B,4,0.25,4.0,29999.666666666668,7499.48717948718,7499.48717948718,59403.743589743586,0.22723099672767136,1.261293349918827,0.7442621733232492,0.5435614406576335,0.22522851699564028,0.31772840560789245,0.7528601098966524,0.2934553611574134,0.4214210609233545,0.8873358717764399,0.4166743617771948,0.5646001058192002,0.10974966874500716,
C_on_B,4,0.5,4.0,29999.666666666668,14999.538461538461,14999.538461538461,59403.743589743586,0.26374499385159345,0.8304296181798227,0.5470873060157081,0.4150507720589323,0.34094455832972476,0.37323933064336956,0.6402757378893791,0.4429025976969373,0.5223591151590962,0.8678121049979285,0.5785112511835266,0.6924684528645658,0.1283220206198631,
C_on_B,4,1.0,4.0,29999.666666666668,29999.666666666668,29999.666666666668,59403.743589743586,0.44148910227254606,0.3357494083955197,0.3886192553340329,0.2818596677761353,0.47218400449220904,0.3520581387446345,0.4700527803147684,0.6617263982658745,0.5483469878602645,0.7451130977179388,0.8335602396646951,0.7848526175073616,0.11645019265839486,
C_on_B,8,0.02,8.0,45712.1282051282,913.6923076923077,913.6923076923077,59403.743589743586,0.21756479158187197,2.3191397605952826,1.2683522760885775,0.8171774713619092,0.046099834995920914,0.087206926787679,0.8592432748918001,0.060823704669229706,0.11349066362006575,0.8679463490336585,0.10985668835523302,0.19465344667557866,0.026575244885808605,
C_on_B,8,0.05,8.0,45712.1282051282,2285.076923076923,2285.076923076923,59403.743589743586,0.2354706827961754,1.935243611957024,1.0853571473765997,0.7407277016069541,0.09047409215145337,0.1610406131399767,0.8329244292350594,0.1152682650807487,0.20223447504485229,0.8576781860694286,0.191016945992935,0.3116687054770545,0.05452463041543475,
C_on_B,8,0.1,8.0,45712.1282051282,4570.717948717948,4570.717948717948,59403.743589743586,0.2348276956883747,1.6094105309319724,0.9221191133101735,0.6381226639413148,0.14995528030517027,0.2423032550955659,0.8104733745466477,0.19127366899432918,0.30882942351641834,0.8681930199051843,0.2936304528812727,0.4365139421603254,0.08544434741349252,
C_on_B,8,0.25,8.0,45712.1282051282,11427.589743589744,11427.589743589744,59403.743589743586,0.24359477868780063,1.1721375080764806,0.7078661433821407,0.47544701790603217,0.2708555470919585,0.3441534517700293,0.7127552603193466,0.3363653233717053,0.45627157677627694,0.8809937399114696,0.45317435600362227,0.5959680456593917,0.12434137747076622,
C_on_B,8,0.5,8.0,45712.1282051282,22855.82051282051,22855.82051282051,59403.743589743586,0.28237828524129854,0.7354431288666526,0.5089107070539756,0.3627542910197004,0.40112893870067845,0.3795352951924128,0.5972401585677943,0.48995739651683734,0.5368045392512485,0.8572729232620958,0.6178720442328934,0.7165777229664648,0.13499279985721283,
C_on_B,8,1.0,8.0,45712.1282051282,45712.1282051282,45712.1282051282,59403.743589743586,0.4767719085109574,0.2852858624817082,0.3810288854963328,0.2456860372434118,0.5545436158962219,0.33942911215677846,0.43108132118759485,0.7200888128221206,0.5378284011196199,0.7190729287233222,0.8608352493259037,0.7820960949086179,0.11387316618212771,
C_on_B,16,0.02,15.692307692307692,63966.205128205125,1278.820512820513,1278.820512820513,59403.743589743586,0.2207607713654634,2.2414407574538617,1.2311007644096623,0.8026100756643526,0.057219761962010215,0.10672687250020431,0.8558841015693864,0.07257579765902974,0.13367859784056024,0.8662199155542388,0.12551081359930827,0.21881771117697063,0.03482813139398246,
C_on_B,16,0.05,15.692307692307692,63966.205128205125,3197.846153846154,3197.846153846154,59403.743589743586,0.24249197087045848,1.8336349650345012,1.0380634679524796,0.6939106631690817,0.11037382195777039,0.19001658169537494,0.8253644867086525,0.138744026282966,0.23711747058459332,0.8570801328964299,0.221029025441386,0.3503651474906347,0.06689100141530932,
C_on_B,16,0.1,15.692307692307692,63966.205128205125,6396.128205128205,6396.128205128205,59403.743589743586,0.24022909691790909,1.525134553199461,0.8826818250586849,0.5761325411862451,0.17820658099937797,0.27136641498188663,0.7903261777778314,0.22254551790365523,0.3464686905405993,0.8723867215982519,0.32601377137181115,0.4723273836886314,0.09818936237489341,
C_on_B,16,0.25,15.692307692307692,63966.205128205125,15991.23076923077,15991.23076923077,59403.743589743586,0.2569742434742889,1.0724736899911798,0.6647239667327344,0.4241909188579811,0.31323274524756417,0.3588593087058589,0.6744057336939273,0.3765467242468814,0.4820892743186948,0.8756467146237313,0.4876191880979259,0.6242724019754751,0.13171382838619364,
C_on_B,16,0.5,15.692307692307692,63966.205128205125,31982.846153846152,31982.846153846152,59403.743589743586,0.30782327358894246,0.6338643362753607,0.4708438049321515,0.3192812680080598,0.4514778269695951,0.3721599254619252,0.550517765695515,0.5341131895839345,0.5402349720038548,0.8375103754509526,0.6598500021894415,0.7366944333788343,0.1331768470072136,
C_on_B,16,1.0,15.692307692307692,63966.205128205125,63966.205128205125,63966.205128205125,59403.743589743586,0.5170767093086278,0.2549398272955211,0.38600826830207446,0.21658650293053242,0.6161514142241523,0.31921156464342804,0.394030514081421,0.7560961500829314,0.5160215992560642,0.6896335176168863,0.8745939396566269,0.7693498288045025,0.10677764087946069,
D_conf_sum,-1,0.02,23.666666666666668,76401.07692307692,1527.5128205128206,1527.5128205128206,59403.743589743586,0.22760760626038737,1.9695351807847463,1.098571393522567,0.7584776044626885,0.08660035372802541,0.15469307890171832,0.8232012695503207,0.11781518937349254,0.20516013900648117,0.855648493443955,0.1986126306226309,0.3202840329931695,0.043114247239760164,
D_conf_sum,-1,0.05,23.666666666666668,76401.07692307692,3819.6153846153848,3819.6153846153848,59403.743589743586,0.2041696276220487,1.5428600252446694,0.8735148264333591,0.6921171088988656,0.16790332847988132,0.2687770138917915,0.8110057823424314,0.224499213748213,0.34955703533835164,0.8860630414826158,0.3338574696839476,0.48029517890836954,0.08666785090974047,
D_conf_sum,-1,0.1,23.666666666666668,76401.07692307692,7639.692307692308,7639.692307692308,59403.743589743586,0.2131117825720447,1.2241460605445993,0.7186289215583219,0.5722775306152681,0.2458128070499366,0.34184753132729806,0.7523666368197781,0.3304299828616634,0.4567200080011811,0.8951643444546028,0.4517953742053071,0.5968939827282116,0.11672119035029116,
D_conf_sum,-1,0.25,23.666666666666668,76401.07692307692,19099.97435897436,19099.97435897436,59403.743589743586,0.2637029551715022,0.6772596075236965,0.47048128134759937,0.4004967674692481,0.38608395692379793,0.3901781421058709,0.6230356806282765,0.5035441880629901,0.5545395964624327,0.8641461609322527,0.6469643117028985,0.7377669000971029,0.13493369202824196,
D_conf_sum,-1,0.5,23.666666666666668,76401.07692307692,38200.282051282054,38200.282051282054,59403.743589743586,0.34154047930847514,0.37791200389097057,0.3597262415997229,0.2939015217064208,0.5082831393697321,0.3694093883223853,0.5082749768345202,0.6436864040612682,0.5649425524773124,0.8014546561347075,0.7946846061149007,0.7960070682454253,0.1270467652509695,
D_conf_sum,-1,1.0,23.666666666666668,76401.07692307692,76401.07692307692,76401.07692307692,59403.743589743586,0.5424017010453814,0.24089776412360672,0.39164973258449404,0.20412966329761525,0.6380658107761913,0.3071881247632008,0.376922853762754,0.7676378797194912,0.5024946730292275,0.6733124772137472,0.8821305131553979,0.7610483660177094,0.10197513876143023,
D_conf_sum,1,0.02,1.0,9945.23076923077,198.46153846153845,198.46153846153845,59403.743589743586,0.2555026950137852,3.00658723787083,1.6310449664423077,0.7165660977167011,0.014183568656412899,0.027787534444511507,0.7737377215526952,0.023384438209742613,0.04529372156984441,0.8169905623942441,0.05492643694688789,0.10245403184463941,0.0060023216537703206,
D_conf_sum,1,0.05,1.0,9945.23076923077,496.7692307692308,496.7692307692308,59403.743589743586,0.22485275979220892,2.6682461098464922,1.4465494348193506,0.7342521134026891,0.03518562512690853,0.06703019216638972,0.807173861365471,0.05495138716163526,0.10255190491797982,0.8582380071910691,0.10408995397137534,0.184457694861312,0.015157678620538156,
D_conf_sum,1,0.1,1.0,9945.23076923077,994.1025641025641,994.1025641025641,59403.743589743586,0.20447382346738088,2.321359000873335,1.2629164121703578,0.7105493534858587,0.06508413830070503,0.11891440404369916,0.811195652003689,0.09543156957842538,0.16993367736517523,0.8843522923445938,0.1653867192444935,0.27575461922932204,0.029091355509695858,
D_conf_sum,1,0.25,1.0,9945.23076923077,2485.948717948718,2485.948717948718,59403.743589743586,0.2197079787235508,1.6616805658681182,0.9406942722958345,0.5899912177023066,0.11663918531202434,0.1936510886816862,0.7449351976188482,0.18655929692831538,0.29574642623175684,0.8838307043946307,0.31819664100034883,0.4609096890354759,0.05363639529111207,
D_conf_sum,1,0.5,1.0,9945.23076923077,4972.410256410257,4972.410256410257,59403.743589743586,0.2512764028361781,1.0666601824958402,0.6589682926660091,0.4676260576758719,0.17100780190579878,0.24803165867058916,0.6609964861323069,0.29925149804440787,0.407009723932833,0.8659490310531357,0.4914993023921568,0.6175282435259628,0.07149479558029857,
D_conf_sum,1,1.0,1.0,9945.23076923077,9945.23076923077,9945.23076923077,59403.743589743586,0.3819871970699982,0.633371393893971,0.5076792954819846,0.333129158915303,0.23423811045575932,0.2724454580314263,0.5223956141808159,0.403264713445026,0.45159590100235675,0.7767488640584523,0.6511034319856605,0.702541327375996,0.08088157246343493,
D_conf_sum,2,0.02,2.0,17112.923076923078,341.6923076923077,341.6923076923077,59403.743589743586,0.19863565526190832,2.274314867472249,1.2364752613670789,0.6920613856626269,0.02315424066931121,0.04476062144240439,0.8076683521361568,0.04226513192395648,0.08017405256930538,0.8736850041594755,0.10276661579791231,0.1830840487247324,0.009229835437741207,
D_conf_sum,2,0.05,2.0,17112.923076923078,855.1794871794872,855.1794871794872,59403.743589743586,0.19371977282717015,1.9801524636765373,1.0869361182518538,0.6970261469686396,0.05569216744843001,0.10293776800183076,0.812341151141866,0.09213049421718046,0.1649234988037322,0.8845667362553211,0.17923312161905336,0.296173256511317,0.02321734364769654,
D_conf_sum,2,0.1,2.0,17112.923076923078,1710.8974358974358,1710.8974358974358,59403.743589743586,0.18869001328670068,1.6814076816607655,0.9350488474737332,0.6827778803870377,0.10439969225130682,0.18053734927969897,0.808191294303274,0.15925564580873447,0.26488445410903483,0.8938377005041371,0.2694871157449373,0.4109421780647415,0.04437467672840884,
D_conf_sum,2,0.25,2.0,17112.923076923078,4277.897435897436,4277.897435897436,59403.743589743586,0.21329052563975587,1.1471453941291725,0.6802179598844642,0.576944970902643,0.18795473785332367,0.2821448555401296,0.7448529925425448,0.29677050923268466,0.4218287333697346,0.8857947001041125,0.4664233612259687,0.6071422065467943,0.0812692618095499,
D_conf_sum,2,0.5,2.0,17112.923076923078,8556.205128205129,8556.205128205129,59403.743589743586,0.25928972792873944,0.7197807538655281,0.4895352408971338,0.45273921663292427,0.2660239189865461,0.33319911448748346,0.6497930344267403,0.43339276689855477,0.5177667039101462,0.8590998914684889,0.6368935561295676,0.7291748033571165,0.10180101189479115,
D_conf_sum,2,1.0,2.0,17112.923076923078,17112.923076923078,17112.923076923078,59403.743589743586,0.42734593224150186,0.43276228239834696,0.43005410731992444,0.3180302306560308,0.35111999633198937,0.33186072058097865,0.5048597178687354,0.5517829652172145,0.5254436229209832,0.7600300047437573,0.7737243016677843,0.7645869643256975,0.10407128324702838,
D_conf_sum,4,0.02,4.0,29999.666666666668,599.4615384615385,599.4615384615385,59403.743589743586,0.2480239381113932,2.173581086706339,1.210802512408866,0.727560568841986,0.04010133662624144,0.07595764401595498,0.802541844145776,0.06695062740244993,0.12336842743491708,0.8373878387446854,0.14091050624408075,0.23981651977486806,0.016661407083874476,
D_conf_sum,4,0.05,4.0,29999.666666666668,1499.5641025641025,1499.5641025641025,59403.743589743586,0.2192879973523796,1.8452267192715452,1.0322573583119625,0.7328603242612021,0.09252842546016428,0.16407883693743117,0.8182032595711041,0.13658180790196078,0.23346943971522138,0.8671422291813642,0.23317021775267266,0.3650332162355601,0.040956305224167995,
D_conf_sum,4,0.1,4.0,29999.666666666668,2999.5641025641025,2999.5641025641025,59403.743589743586,0.20585919192931948,1.5093164300792312,0.8575878110042752,0.6904984925053941,0.1582832627159123,0.25703676434938627,0.8068661057002036,0.2242333614297172,0.3496077724800827,0.8851604353418802,0.34224888234024614,0.49046085754490565,0.0724814065379052,
D_conf_sum,4,0.25,4.0,29999.666666666668,7499.48717948718,7499.48717948718,59403.743589743586,0.22641735005108446,0.9786819400281191,0.6025496450396017,0.5409248511311782,0.2656888770476309,0.3554664974623383,0.7212856864297116,0.3856486394700294,0.5009919781088291,0.8834158797565766,0.5426182539232701,0.669324555418204,0.11389317514275028,
D_conf_sum,4,0.5,4.0,29999.666666666668,14999.538461538461,14999.538461538461,59403.743589743586,0.27230977628834047,0.5549928364174987,0.41365130635291963,0.4084202946994145,0.3660608516575263,0.3850194157349962,0.6167556780085637,0.5301530357847789,0.5689722285150862,0.8528958305292192,0.7011016149114284,0.7677557269687976,0.1275790044044194,
D_conf_sum,4,1.0,4.0,29999.666666666668,29999.666666666668,29999.666666666668,59403.743589743586,0.441489102272546,0.3357494083955197,0.38861925533403285,0.2818596677761353,0.47218400449220904,0.3520581387446345,0.4700527803147684,0.6617263982658745,0.5483469878602645,0.7451130977179388,0.8335602396646951,0.7848526175073616,0.11645019265839486,
D_conf_sum,8,0.02,8.0,45712.1282051282,913.6923076923077,913.6923076923077,59403.743589743586,0.24594576519869243,2.1132809691166385,1.1796133671576654,0.7557502426815887,0.058461278790784714,0.1083954771446971,0.8121867679566888,0.08537428471273893,0.15418900660330154,0.8408955726537365,0.1584336848983332,0.265412006593158,0.027184012420706106,
D_conf_sum,8,0.05,8.0,45712.1282051282,2285.076923076923,2285.076923076923,59403.743589743586,0.2145821140435069,1.7141689999327536,0.9643755569881304,0.7263742932840344,0.12546715963582228,0.21356085370477154,0.8196757889053875,0.1739665154505023,0.2861015251579748,0.8728695563838786,0.27297869323738627,0.41321945817894407,0.06141769073301548,
D_conf_sum,8,0.1,8.0,45712.1282051282,4570.717948717948,4570.717948717948,59403.743589743586,0.20885622954613575,1.3769232897430286,0.7928897596445821,0.6457335939189953,0.19751419534901926,0.301888727606119,0.7872126677417226,0.26924930740447267,0.3998575915585489,0.8887139114032261,0.3926864421963115,0.5411819213655537,0.09627416517617525,
D_conf_sum,8,0.25,8.0,45712.1282051282,11427.589743589744,11427.589743589744,59403.743589743586,0.2409345560335325,0.8465030773815175,0.5437188167075251,0.474243499859551,0.31849462334983136,0.38012407818211497,0.6790653102951391,0.44240518337892265,0.534620560570596,0.8773726503163394,0.5882353173430678,0.7019814072969682,0.12810700809789483,
D_conf_sum,8,0.5,8.0,45712.1282051282,22855.82051282051,22855.82051282051,59403.743589743586,0.29619279988093705,0.4520019548044469,0.37409737734269194,0.35466820206908545,0.434874788252027,0.38939340058762806,0.5706854610067134,0.5885448246240794,0.5779121325326358,0.8347719684723456,0.7523289438677542,0.7895372796147292,0.1325850203460173,
D_conf_sum,8,1.0,8.0,45712.1282051282,45712.1282051282,45712.1282051282,59403.743589743586,0.4767719085109574,0.2852858624817082,0.3810288854963328,0.2456860372434118,0.5545436158962219,0.33942911215677846,0.43108132118759485,0.7200888128221206,0.5378284011196199,0.7190729287233222,0.8608352493259037,0.7820960949086179,0.11387316618212771,
D_conf_sum,16,0.02,15.692307692307692,63966.205128205125,1278.820512820513,1278.820512820513,59403.743589743586,0.23377995632631995,2.0155183190908237,1.1246491377085719,0.7602295433824203,0.07742217771606433,0.140205158434715,0.821912826234427,0.10672367302577715,0.18836373929695427,0.8518546238955423,0.1851059326129804,0.3025497344308746,0.037390854023541184,
D_conf_sum,16,0.05,15.692307692307692,63966.205128205125,3197.846153846154,3197.846153846154,59403.743589743586,0.20790483375884442,1.5917097078272118,0.899807270793028,0.7070437918208817,0.15562830199581912,0.25448315441942615,0.8165419698706572,0.2086553982317661,0.33134505719970064,0.8814696860649736,0.3135883483868698,0.45986157915913156,0.07918947235918883,
D_conf_sum,16,0.1,15.692307692307692,63966.205128205125,6396.128205128205,6396.128205128205,59403.743589743586,0.21169805497430888,1.2630403550766414,0.7373692050254751,0.5977275971986259,0.23193508013283187,0.33336217081494934,0.7646790684057306,0.3136861664921805,0.44333222090863683,0.8938693475130813,0.43848469623316805,0.5846727219908476,0.11220941978781288,
D_conf_sum,16,0.25,15.692307692307692,63966.205128205125,15991.23076923077,15991.23076923077,59403.743589743586,0.2546794196317554,0.7195712401719049,0.4871253299018301,0.4219664682825802,0.36529806678373616,0.3902718263007255,0.641019301469503,0.4878970816612893,0.5527523313321959,0.8705573350571992,0.6334706674668156,0.7313541405919664,0.1343132177988213,
D_conf_sum,16,0.5,15.692307692307692,63966.205128205125,31982.846153846152,31982.846153846152,59403.743589743586,0.3218189555005708,0.3968655509505622,0.35934225322556645,0.3113668321730677,0.4875166380307253,0.37828270376204054,0.5280881336719869,0.6292454969813106,0.5723075796957549,0.8146824651511922,0.7847082184023492,0.7974706752718259,0.13024869436746359,
D_conf_sum,16,1.0,15.692307692307692,63966.205128205125,63966.205128205125,63966.205128205125,59403.743589743586,0.5170767093086278,0.2549398272955211,0.38600826830207446,0.21658650293053242,0.6161514142241523,0.31921156464342804,0.394030514081421,0.7560961500829314,0.5160215992560642,0.6896335176168863,0.8745939396566269,0.7693498288045025,0.10677764087946069,
E_conf_filter50,-1,0.02,23.666666666666668,8124.794871794872,162.02564102564102,162.02564102564102,59403.743589743586,0.2946400327097634,2.5269010572519983,1.410770544980881,0.7431433351473777,0.012806536744391049,0.02514739286327831,0.7819443612256098,0.02638430653471899,0.05090700257634776,0.7961679124320898,0.07185069414987721,0.1309766737204081,0.004685126758290135,
E_conf_filter50,-1,0.05,23.666666666666668,8124.794871794872,405.79487179487177,405.79487179487177,59403.743589743586,0.25920650824033753,2.395209810709058,1.3272081594746978,0.7684578212225731,0.02772964567138326,0.05336035485803789,0.8101664357763365,0.045248439266617466,0.08526227438981572,0.8249438215817576,0.09997247636051663,0.17666627325635753,0.012153295126873085,
E_conf_filter50,-1,0.1,23.666666666666668,8124.794871794872,812.0,812.0,59403.743589743586,0.24240777662106128,2.2224308001581705,1.2324192883896161,0.7700045013517419,0.050948609070188264,0.094976025764165,0.8175040145831449,0.0725166016189631,0.1321657501722222,0.8413549294630805,0.13711011615518798,0.23306501241002947,0.024034075615654144,
E_conf_filter50,-1,0.25,23.666666666666668,8124.794871794872,2030.8461538461538,2030.8461538461538,59403.743589743586,0.22314151211891703,1.8305585432137303,1.0268500276663237,0.7494735769791053,0.10693437722726948,0.18529870414832053,0.8185453912190273,0.1417596124117977,0.2389697360830819,0.8593238369719745,0.23375301478631824,0.3619435383544027,0.055283676353539715,
E_conf_filter50,-1,0.5,23.666666666666668,8124.794871794872,4062.102564102564,4062.102564102564,59403.743589743586,0.2107873164972584,1.52964523442285,0.8702162754600542,0.7084874431496672,0.16791870373575316,0.26807379701893863,0.8106974379043936,0.21473139930214258,0.3351128476080612,0.872147039103061,0.3231745107517422,0.46469070699807175,0.09243873791938129,
E_conf_filter50,-1,1.0,23.666666666666668,8124.794871794872,8124.794871794872,8124.794871794872,59403.743589743586,0.24061411979013356,1.2675747518072573,0.7540944357986954,0.5876684443408212,0.23307425761362488,0.3294362377355989,0.7537410602229088,0.2922978422673827,0.41623887730537196,0.8631478332511089,0.40930428464914126,0.5492704092490308,0.12140096392759954,
E_conf_filter50,1,0.02,1.0,1739.076923076923,34.256410256410255,34.256410256410255,59403.743589743586,0.2664360556808673,3.3248378181043257,1.7956369368925964,0.7272680719975745,0.002919739838675585,0.005813614721591745,0.7470974556049376,0.0064575099864929136,0.012792987378982018,0.7822729241137394,0.02394573831382902,0.04635153624152643,0.0010106378216629573,
E_conf_filter50,1,0.05,1.0,1739.076923076923,86.51282051282051,86.51282051282051,59403.743589743586,0.2550342217995977,3.187640279409451,1.7213372506045248,0.7185127656936886,0.006796201194755356,0.013451804115233843,0.7650866254765788,0.01264614751939154,0.024838597451756175,0.8043606687669369,0.03623770945710693,0.06909870573030934,0.0026468232324431892,
E_conf_filter50,1,0.1,1.0,1739.076923076923,173.53846153846155,173.53846153846155,59403.743589743586,0.25032529054464214,3.0380976196464835,1.6442114550955627,0.7193917319261571,0.012693431766512027,0.024902911261968145,0.7785734885791553,0.020895622712498094,0.04058185682068682,0.8210068820578916,0.05125451186544468,0.0959118460793438,0.005379761408768183,
E_conf_filter50,1,0.25,1.0,1739.076923076923,434.35897435897436,434.35897435897436,59403.743589743586,0.23258716412706804,2.6810145874917546,1.4568008758094113,0.7446441806469793,0.031192173202430843,0.059673435296391034,0.8002182184243666,0.04741927106873473,0.08906046055420627,0.8470816138021167,0.09511740338854245,0.1692593232781527,0.01386996114034412,
E_conf_filter50,1,0.5,1.0,1739.076923076923,869.3076923076923,869.3076923076923,59403.743589743586,0.2176218888026542,2.346863109611915,1.2822424992072845,0.7481180652922217,0.059457654654698454,0.10959553934283232,0.8137564372704864,0.08370200948043503,0.15055362955623128,0.8648386431193197,0.14599411015631947,0.2468895794915226,0.02728552977252247,
E_conf_filter50,1,1.0,1.0,1739.076923076923,1739.076923076923,1739.076923076923,59403.743589743586,0.2111157466417066,2.0273557584390223,1.1192357525403644,0.714785824866108,0.08778828926584858,0.1552256770532139,0.8118668441326513,0.11914019437282053,0.20564056885712872,0.872927471940572,0.1980897739115689,0.3181860302957789,0.04797422581873714,
E_conf_filter50,2,0.02,2.0,2934.076923076923,58.15384615384615,58.15384615384615,59403.743589743586,0.17697842741035805,2.565711719892295,1.3713450736513264,0.7196823781609675,0.004867748960140673,0.009666887411272394,0.8306215604994648,0.012390915518023756,0.024403143903908228,0.8831667800179078,0.04745654015135514,0.08983477716898876,0.0016850910958538824,
E_conf_filter50,2,0.05,2.0,2934.076923076923,146.15384615384616,146.15384615384616,59403.743589743586,0.1837498186182031,2.4354010454591695,1.309575432038686,0.704227763211946,0.011130123542708767,0.02189705905073897,0.8207907152134097,0.023677151555329068,0.04596027925211502,0.8812995118463849,0.0713405654105664,0.13141818029950322,0.004090063002949096,
E_conf_filter50,2,0.1,2.0,2934.076923076923,292.9230769230769,292.9230769230769,59403.743589743586,0.18770051274859675,2.305297462681017,1.246498987714807,0.7002207190983771,0.020380244523063955,0.03954777570795742,0.8156185121090817,0.03794847811730864,0.07234733039787243,0.8828137808060199,0.09644782231240334,0.17285826336745444,0.008116775718350145,
E_conf_filter50,2,0.25,2.0,2934.076923076923,733.1282051282051,733.1282051282051,59403.743589743586,0.1968658793509583,2.026340213980983,1.1116030466659705,0.7067536612401657,0.04822199121327871,0.09001178360390827,0.8065782948262106,0.0773589754049969,0.14057672456699002,0.8767982066704394,0.16005746567506737,0.2681833729246383,0.02072202128193516,
E_conf_filter50,2,0.5,2.0,2934.076923076923,1466.8461538461538,1466.8461538461538,59403.743589743586,0.20115281703173218,1.714151754807064,0.957652285919398,0.7131108920367951,0.09253043718657207,0.16303710311660533,0.8074219144367287,0.1357753142507585,0.23098991357279766,0.8749392696977109,0.24198779262140613,0.37536001241618805,0.041198129660311125,
E_conf_filter50,2,1.0,2.0,2934.076923076923,2934.076923076923,2934.076923076923,59403.743589743586,0.20437052044587872,1.480624522766883,0.8424975216063808,0.6833004867351867,0.13754282891908556,0.22754730710680904,0.8000255196548329,0.19022983257975812,0.3047595506068789,0.8764378831160053,0.31488987225430876,0.4580231650172459,0.0718216065837645,
E_conf_filter50,4,0.02,4.0,4675.307692307692,92.94871794871794,92.94871794871794,59403.743589743586,0.247596882897017,2.4550130675754183,1.3513049752362174,0.725243518847605,0.007804968116783422,0.015438308967319774,0.8032794519806664,0.020258117158997446,0.039483288468783254,0.8367212317982703,0.07315759775666929,0.13405140916416344,0.002687160283621188,
E_conf_filter50,4,0.05,4.0,4675.307692307692,233.28205128205127,233.28205128205127,59403.743589743586,0.2521262129904457,2.344945777030284,1.298535995010365,0.7255872230216465,0.017699096825508843,0.03452113580804709,0.7977351574459087,0.03645052664635309,0.06955514843058318,0.8304010674575563,0.10048897376030587,0.1778625255227698,0.006595508549690929,
E_conf_filter50,4,0.1,4.0,4675.307692307692,467.02564102564105,467.02564102564105,59403.743589743586,0.24026916089266975,2.225922918553746,1.2330960397232078,0.7361097013403771,0.033215793550035795,0.06342773731267978,0.8071248474239024,0.057672217486684337,0.10721547291096699,0.8421697244349645,0.1303830164471948,0.22367084546919072,0.013279093018625931,
E_conf_filter50,4,0.25,4.0,4675.307692307692,1168.4615384615386,1168.4615384615386,59403.743589743586,0.22775391631278752,1.9473814353557326,1.08756767583426,0.7407864043646115,0.07456492301990905,0.13495717208323849,0.8131228713791262,0.1097445908933241,0.19231159840831172,0.8565080322887454,0.19944522311919421,0.3202189961789693,0.03284861876658663,
E_conf_filter50,4,0.5,4.0,4675.307692307692,2337.3846153846152,2337.3846153846152,59403.743589743586,0.2181803859266723,1.6236083626740334,0.9208943743003528,0.7299518051670447,0.13105173145435806,0.22097629701994295,0.8128879828723462,0.17999418856362523,0.2923969731068564,0.8661535516354831,0.29030388326425316,0.42988215204815533,0.06223509451879501,
E_conf_filter50,4,1.0,4.0,4675.307692307692,4675.307692307692,4675.307692307692,59403.743589743586,0.22149449473035723,1.3418054843667115,0.7816499895485344,0.6689218267867212,0.19070422797369654,0.2951162623402317,0.791667520578599,0.2532113182626238,0.38056285975778353,0.8682686192770078,0.37691738064364955,0.520607225506496,0.10121025715482712,
E_conf_filter50,8,0.02,8.0,6056.025641025641,120.76923076923077,120.76923076923077,59403.743589743586,0.283858453209515,2.4785756740146887,1.3812170636121017,0.7305426064471036,0.010497832333151661,0.02068454359367821,0.7803613550052996,0.025846194270801367,0.04993958504665482,0.8024955034379817,0.07762777449510572,0.1407744092143632,0.003499883290957453,
E_conf_filter50,8,0.05,8.0,6056.025641025641,302.3076923076923,302.3076923076923,59403.743589743586,0.2702546436586253,2.386165228884862,1.3282099362717434,0.7483374036923137,0.022624495602352423,0.04384940903061887,0.7961668872088052,0.04098579499085327,0.07768412488299827,0.8149964345926473,0.09786085842136408,0.17325068209154235,0.009154978415602958,
E_conf_filter50,8,0.1,8.0,6056.025641025641,605.1794871794872,605.1794871794872,59403.743589743586,0.2509609108201473,2.251274440497335,1.251117675658741,0.760106324752484,0.041275747561697954,0.07804745362212208,0.8089602898184568,0.06357529849621134,0.11721121277048742,0.8335122700823349,0.12805997505124048,0.21979553594073936,0.018409560199034256,
E_conf_filter50,8,0.25,8.0,6056.025641025641,1513.6153846153845,1513.6153846153845,59403.743589743586,0.23037817392243395,1.9023423447570138,1.066360259339724,0.7486717088761985,0.08958036940302544,0.1590477572345056,0.8147753051335292,0.12424171029541616,0.2139221944558401,0.8547364099548639,0.21333451162160139,0.3373971863520559,0.04358108653953497,
E_conf_filter50,8,0.5,8.0,6056.025641025641,3027.74358974359,3027.74358974359,59403.743589743586,0.2163862996828525,1.5800924932193399,0.8982393964510962,0.7210815330160445,0.14828399160702949,0.24399906176902988,0.8112240651377466,0.19549668624848,0.31191104857403734,0.8664352477795078,0.30514242355785026,0.44530697242070405,0.07727932554599304,
E_conf_filter50,8,1.0,8.0,6056.025641025641,6056.025641025641,6056.025641025641,59403.743589743586,0.23052764632197173,1.2973524885818575,0.7639400674519147,0.6318485329834844,0.2121794076516416,0.3153561918452754,0.7750416503756877,0.2749585510933145,0.40230447543153613,0.8651188383468368,0.3946862172614036,0.5368128034487628,0.11324882665223378,
E_conf_filter50,16,0.02,15.692307692307692,7229.538461538462,144.10256410256412,144.10256410256412,59403.743589743586,0.30173046650536545,2.5117210373346572,1.4067257519200116,0.7392313761243003,0.011979581665623351,0.023554141267291138,0.7756364659654289,0.026444075062727983,0.05098322183663136,0.7898402625497332,0.0734018375863668,0.13319494883227131,0.0042309326670122455,
E_conf_filter50,16,0.05,15.692307692307692,7229.538461538462,361.02564102564105,361.02564102564105,59403.743589743586,0.2662202809274835,2.3960042365797336,1.3311122587536086,0.7647568870968717,0.02591643441762389,0.050014738060243966,0.8046696799332465,0.043620983624024945,0.08237350201970561,0.819136339501603,0.09848021891323895,0.17422845581781712,0.01100712609114302,
E_conf_filter50,16,0.1,15.692307692307692,7229.538461538462,722.5128205128206,722.5128205128206,59403.743589743586,0.24587879120854408,2.236655641926757,1.2412672165676504,0.769373662138341,0.04735990602437224,0.08879398227804554,0.8155534485634585,0.06870404163406135,0.12591281021253126,0.8386359099644085,0.13243637978151288,0.22640265455742464,0.021828063114379927,
E_conf_filter50,16,0.25,15.692307692307692,7229.538461538462,1807.076923076923,1807.076923076923,59403.743589743586,0.22676847509395345,1.8559448102328726,1.041356642663413,0.7523778133545994,0.10123481977143199,0.17711403207954607,0.8190253761296399,0.1359855359491573,0.23105378449183228,0.8578478359296715,0.2261652404844415,0.3531322088587274,0.05094637616450365,
E_conf_filter50,16,0.5,15.692307692307692,7229.538461538462,3614.5128205128203,3614.5128205128203,59403.743589743586,0.21197102104045298,1.543499546345531,0.8777352836929919,0.7155692402589263,0.16208354766671393,0.2616460698233107,0.8128117230277908,0.20883879715071813,0.3285163776023722,0.8707673891509993,0.3175570546366296,0.4588995296646051,0.08774830329579521,
E_conf_filter50,16,1.0,15.692307692307692,7229.538461538462,7229.538461538462,7229.538461538462,59403.743589743586,0.23370654947048924,1.2770538396957665,0.7553801945831279,0.6055003451925558,0.22711233142362602,0.3270885392722655,0.7636996833378971,0.28696516693423507,0.4130478635867287,0.8653899484923891,0.4044556402675767,0.545885159972778,0.12011931164964142,
E_conf_filter75,-1,0.02,23.666666666666668,3302.102564102564,65.53846153846153,65.53846153846153,59403.743589743586,0.3913673742763654,2.8007791859650304,1.596073280120698,0.6785837243468311,0.005462979813861364,0.010832806713596828,0.7162536683409291,0.013475623235534298,0.02640222896241516,0.7222408260245152,0.04398553882837327,0.08223331022661848,0.0019080568447972651,
E_conf_filter75,-1,0.05,23.666666666666668,3302.102564102564,164.64102564102564,164.64102564102564,59403.743589743586,0.3677580603749058,2.5552074414989465,1.4614827509369261,0.6842973828098304,0.0121761218866071,0.023901033967014425,0.7256117739404716,0.02477968717209347,0.04777736255677086,0.7362938622142723,0.06745777086902006,0.12230114801317843,0.0046951461382274745,
E_conf_filter75,-1,0.1,23.666666666666668,3302.102564102564,329.7692307692308,329.7692307692308,59403.743589743586,0.34520957098929034,2.4340953897130393,1.3896524803511647,0.6941022071363273,0.02122481912761789,0.04108983345165356,0.737509475655245,0.03679650038171987,0.06974795333368342,0.7524287961024909,0.08764094546989563,0.15503748491238156,0.009138107219197314,
E_conf_filter75,-1,0.25,23.666666666666668,3302.102564102564,825.1794871794872,825.1794871794872,59403.743589743586,0.31794179620221474,2.231174451080407,1.2745581236413108,0.7015897352872458,0.04545566900241655,0.0848891263088536,0.7539665087801638,0.06614124789696728,0.12066861392869975,0.7767762894507693,0.12807206648317704,0.21724026006555613,0.02147378992913559,
E_conf_filter75,-1,0.5,23.666666666666668,3302.102564102564,1650.7692307692307,1650.7692307692307,59403.743589743586,0.2724389525374846,1.9566592993442753,1.11454912594088,0.7200998261307848,0.08134587682077618,0.14494525539394845,0.7757102011048114,0.10684609009344281,0.186135628211359,0.8098189635029674,0.1837633281527203,0.29600958458193016,0.04240885914449509,
E_conf_filter75,-1,1.0,23.666666666666668,3302.102564102564,3302.102564102564,3302.102564102564,59403.743589743586,0.2676467958007659,1.5871259949141276,0.9273863953574468,0.7039436142749828,0.13791790295289078,0.22891970388561442,0.770156613465799,0.17233659610532112,0.27921423556369784,0.8209644522969382,0.2717161797113428,0.40354752328445836,0.07774683336997466,
E_conf_filter75,1,0.02,1.0,782.2564102564103,15.128205128205128,15.128205128205128,59403.743589743586,0.2949898819012069,3.409906799747331,1.852448340824269,0.7047066097971075,0.0014997730258929413,0.0029923944972985376,0.7141334574592494,0.0040026389659105766,0.007956552457734476,0.7504623874533376,0.017190961664833027,0.0335456093116259,0.00042580158631560795,
E_conf_filter75,1,0.05,1.0,782.2564102564103,38.64102564102564,38.64102564102564,59403.743589743586,0.29568856072645083,3.315751960521296,1.8057202606238734,0.7057662016605046,0.0032519545643777572,0.006470681909588853,0.7240560674002239,0.006936416060470386,0.013727568737358392,0.7543360239771393,0.023702739880156563,0.04582438308902508,0.0011386954315434326,
E_conf_filter75,1,0.1,1.0,782.2564102564103,77.74358974358974,77.74358974358974,59403.743589743586,0.3070825437305943,3.2231432239494557,1.765112883840025,0.6888221142085472,0.005809183859815518,0.011510302964517365,0.7164558257482306,0.010684765655207705,0.021022187939942222,0.7497101877553747,0.030848261418775776,0.05899614631031672,0.0022071594177386794,
E_conf_filter75,1,0.25,1.0,782.2564102564103,195.2051282051282,195.2051282051282,59403.743589743586,0.31474517068924046,3.000092861950962,1.6574190163201012,0.697495564236049,0.013809139527144354,0.02702560848575212,0.7281749619242076,0.022078085792489363,0.042725890657107655,0.7605844039953674,0.050001595482687976,0.0932458681405161,0.005642021626890272,
E_conf_filter75,1,0.5,1.0,782.2564102564103,390.9230769230769,390.9230769230769,59403.743589743586,0.3072444758482518,2.740430436399386,1.5238374561238188,0.7157528837040865,0.02684707546913703,0.05158088823971793,0.74578122836925,0.03915982947252821,0.07406004649894411,0.7789869675439071,0.07693015721113515,0.13887032985626838,0.01163557323114907,
E_conf_filter75,1,1.0,1.0,782.2564102564103,782.2564102564103,782.2564102564103,59403.743589743586,0.25733073695389624,2.429080981179819,1.3432058590668576,0.7468427863990724,0.0483596356522717,0.0903511992471083,0.7799254080570451,0.06381652442310208,0.11716874609538329,0.8191117116804737,0.11270537120189775,0.19627541125918924,0.024772404712825078,
E_conf_filter75,2,0.02,2.0,1302.1025641025642,25.487179487179485,25.487179487179485,59403.743589743586,0.1729823655406006,2.712580235382248,1.4427813004614243,0.7400244362084483,0.0025093988249355985,0.005000029889209259,0.8547413697413697,0.0073117922409284015,0.014487104967663313,0.8895082695082696,0.03262691459097572,0.06272973986661994,0.0007995662660541169,
E_conf_filter75,2,0.05,2.0,1302.1025641025642,64.56410256410257,64.56410256410257,59403.743589743586,0.19459349100774903,2.563227396214027,1.3789104436108879,0.714107306940309,0.005191147475110019,0.010301177193694649,0.8179767015960977,0.012412355125833874,0.024429567685363716,0.8603863137765543,0.04575039969883052,0.08661847110180282,0.0018978074077264523,
E_conf_filter75,2,0.1,2.0,1302.1025641025642,129.71794871794873,129.71794871794873,59403.743589743586,0.2160908029077754,2.466686739896528,1.3413887714021517,0.7004603904084566,0.009555292310718838,0.018832511190241635,0.7960923277400862,0.019530146925167823,0.038064523156171017,0.8403818905645989,0.060859852840971417,0.11302578750300529,0.003689566591254666,
E_conf_filter75,2,0.25,2.0,1302.1025641025642,325.05128205128204,325.05128205128204,59403.743589743586,0.24753094853807817,2.272410130497214,1.2599705395176461,0.6948233573002245,0.021702117969076958,0.04199551986833868,0.7742918528248771,0.03783495833365658,0.07192772177117604,0.8218107574491125,0.09307592028210225,0.1662312902298366,0.008934020488570475,
E_conf_filter75,2,0.5,2.0,1302.1025641025642,650.7435897435897,650.7435897435897,59403.743589743586,0.25523300428471113,2.0545817534169832,1.1549073788508473,0.7104787620622448,0.04221195258266159,0.07939039647176477,0.7766004437096532,0.06509985672212197,0.1195323114213074,0.8222830229652845,0.13451088391009128,0.22946949296023314,0.018440782414632696,
E_conf_filter75,2,1.0,2.0,1302.1025641025642,1302.1025641025642,1302.1025641025642,59403.743589743586,0.22954460110509708,1.8085991487156154,1.0190718749103562,0.7300962078671638,0.07540936173706438,0.13597556968560937,0.79125438781381,0.10414642451323936,0.1829624235194124,0.8418243584424164,0.18980736257157726,0.30759196993030397,0.038091175585591795,
E_conf_filter75,4,0.02,4.0,2200.897435897436,43.46153846153846,43.46153846153846,59403.743589743586,0.25959345077745927,2.553690208404652,1.4066418295910559,0.7147633250507293,0.004044403587423469,0.008041932370470671,0.7988749051815692,0.012315797596044101,0.024243250227448963,0.8240358091395362,0.05399258327946615,0.10107722570773763,0.0013290621744101868,
E_conf_filter75,4,0.05,4.0,2200.897435897436,109.53846153846153,109.53846153846153,59403.743589743586,0.28723541579195266,2.4464745618153705,1.3668549888036616,0.7005000550242181,0.008598765658957964,0.0169818155878864,0.7696614705729016,0.020965233976909314,0.04078404158368645,0.7975957522602077,0.07171583577069696,0.13116720035840418,0.00315390323487763,
E_conf_filter75,4,0.1,4.0,2200.897435897436,219.5897435897436,219.5897435897436,59403.743589743586,0.3142259222817048,2.36770513053771,1.3409655264097073,0.6762195586613671,0.015533600380808737,0.030343729096157512,0.7452321719428684,0.03214209628231497,0.061488070235210995,0.7734529939026266,0.08976720305199917,0.15975394602595858,0.005872392412496322,
E_conf_filter75,4,0.25,4.0,2200.897435897436,549.8205128205128,549.8205128205128,59403.743589743586,0.32277872479423364,2.202172502167211,1.2624756134807222,0.677048736838353,0.03432248693204994,0.06519943822692022,0.7405526270103268,0.05705556241549862,0.10557317893302527,0.7737846051561488,0.12605383872029113,0.2148808590407375,0.014029583389141663,
E_conf_filter75,4,0.5,4.0,2200.897435897436,1100.1538461538462,1100.1538461538462,59403.743589743586,0.2993065948918032,1.9707475515403026,1.135027073216053,0.7043729483347565,0.06375499219461184,0.1165055198446079,0.7627320898152818,0.09294032940668492,0.16491945110493336,0.7946643844924852,0.17314349106998783,0.28178374984360577,0.02899769683667201,
E_conf_filter75,4,1.0,4.0,2200.897435897436,2200.897435897436,2200.897435897436,59403.743589743586,0.2550783802242358,1.6633377175288018,0.9592080488765188,0.7288709317401587,0.11380818817780249,0.1961123319182094,0.7850711261417173,0.1486586369349897,0.24881884413076769,0.8256621464669106,0.24448291683572243,0.374371360213026,0.059627961118020566,
E_conf_filter75,8,0.02,8.0,2681.1794871794873,53.12820512820513,53.12820512820513,59403.743589743586,0.30804950637907935,2.5641145726390087,1.4360820395090441,0.7258429504505894,0.0054388143187510275,0.010793731490752807,0.777880659831575,0.016868384220725403,0.0329863521981236,0.7875335348241908,0.06067104628387914,0.1120574059356159,0.001657202007268316,
E_conf_filter75,8,0.05,8.0,2681.1794871794873,133.6153846153846,133.6153846153846,59403.743589743586,0.3315393787870812,2.482333062122356,1.4069362204547187,0.6879728061489884,0.01076498529279475,0.021185062713001163,0.7415004594633097,0.02506430548032912,0.04840391256992055,0.7574259989418787,0.07359618399135451,0.13318065224085793,0.0038949202111205916,
E_conf_filter75,8,0.1,8.0,2681.1794871794873,267.71794871794873,267.71794871794873,59403.743589743586,0.34259840851482554,2.408032992297319,1.3753157004060723,0.6866358652961557,0.0188819671895657,0.03669988325810557,0.7362110610510393,0.035609612349128184,0.0676769535469872,0.7527890756916541,0.09031561994890223,0.15917437740533316,0.007668171535595245,
E_conf_filter75,8,0.25,8.0,2681.1794871794873,669.8717948717949,669.8717948717949,59403.743589743586,0.3308477066584818,2.2295191764147435,1.2801834415366127,0.6878018660088424,0.03996762098918474,0.07530241411567486,0.7425289617219436,0.061829205648747665,0.11353816026382034,0.7682660468666783,0.12671648735385527,0.2149952339525352,0.018163506365936163,
E_conf_filter75,8,0.5,8.0,2681.1794871794873,1340.3333333333333,1340.3333333333333,59403.743589743586,0.2908553722527135,1.9753401781808908,1.1330977752168023,0.7113810892165372,0.07256819480028333,0.13102766084083683,0.7671877771175405,0.09995142655743634,0.17563947805869162,0.7982239822940513,0.1772597257506755,0.2868307011873125,0.03585607898695789,
E_conf_filter75,8,1.0,8.0,2681.1794871794873,2681.1794871794873,2681.1794871794873,59403.743589743586,0.26306295090917997,1.6188231076582495,0.9409430292837146,0.7172396880062833,0.12652488639482506,0.21422201122473206,0.7778563978137569,0.16155124832888795,0.26603526614904244,0.8194005958001365,0.2583433136203567,0.3892382040244919,0.06943041778752007,
E_conf_filter75,16,0.02,15.692307692307692,3051.5897435897436,60.56410256410256,60.56410256410256,59403.743589743586,0.36137353586365617,2.659262375731732,1.5103179557976942,0.7026379329625139,0.005713980212110865,0.01133104480595008,0.7351064813451125,0.01569648391841743,0.03066042532463381,0.7398523501689424,0.0528970497850152,0.09761244461546695,0.0018718463505696804,
E_conf_filter75,16,0.05,15.692307692307692,3051.5897435897436,152.10256410256412,152.10256410256412,59403.743589743586,0.35474868184980546,2.5183832666342894,1.4365659742420476,0.6923531079264178,0.011921287928859338,0.023419465113440008,0.7339027745470339,0.02549505232037086,0.04912338964193589,0.7443346710274859,0.07029322101947756,0.12690387182264742,0.004504453716976287,
E_conf_filter75,16,0.1,15.692307692307692,3051.5897435897436,304.71794871794873,304.71794871794873,59403.743589743586,0.3473043369610206,2.4289170344327635,1.388110685696892,0.6909430247802552,0.020317885498527713,0.039398521853307285,0.7348736012727992,0.03648686086568651,0.06916486643696632,0.7495963563555483,0.08820463782416449,0.15550519984420247,0.0086635639429502,
E_conf_filter75,16,0.25,15.692307692307692,3051.5897435897436,762.5897435897435,762.5897435897435,59403.743589743586,0.3258199520654544,2.2336657408570475,1.2797428464612508,0.694949833619744,0.04342916554802875,0.08134998063687775,0.7482834886185105,0.06426921715973559,0.11750248393451217,0.7719497275041411,0.12683331419193805,0.2149798403835318,0.020186019475775575,
E_conf_filter75,16,0.5,15.692307692307692,3051.5897435897436,1525.6153846153845,1525.6153846153845,59403.743589743586,0.2797902369770292,1.962533292735323,1.121161764856176,0.7172724123366242,0.07869878458069107,0.14079233937764693,0.7727833057770098,0.10493598569129325,0.18323275404996164,0.8059703116461002,0.18167467523132136,0.29298219021149086,0.04023571129797459,
E_conf_filter75,16,1.0,15.692307692307692,3051.5897435897436,3051.5897435897436,3051.5897435897436,59403.743589743586,0.26162601043337513,1.59701364702515,0.9293198287292626,0.7099875201684422,0.13508330306879532,0.22566008516207176,0.774096875786934,0.16958000236269924,0.2762647506605638,0.8215325602523325,0.2673837727972857,0.3993315999354311,0.07564963129717779,
oracle,-1,0.02,23.666666666666668,76401.07692307692,1527.5128205128206,1527.5128205128206,59403.743589743586,0.019508389353724436,0.44888045626659134,0.2341944228101579,1.0,0.24451981127555586,0.3915140199758794,1.0,0.47495807114660904,0.6425535359549204,1.0,0.7469381343083458,0.8518232703989066,0.07790081615530442,
oracle,-1,0.05,23.666666666666668,76401.07692307692,3819.6153846153848,3819.6153846153848,59403.743589743586,0.02698847318310344,0.37018467775113895,0.1985865754671212,1.0,0.4340105726359478,0.6035981519958968,1.0,0.6182284424867177,0.7624084787114903,1.0,0.796996305204197,0.8838167825467331,0.18656085924097265,
oracle,-1,0.1,23.666666666666668,76401.07692307692,7639.692307692308,7639.692307692308,59403.743589743586,0.03662229310132853,0.3252460221879929,0.1809341576446607,0.9980169084646696,0.5688674098898628,0.7227735164507323,1.0,0.6914890314883002,0.814982200716085,1.0,0.821464644637986,0.8987242156465098,0.3174278563398762,
oracle,-1,0.25,23.666666666666668,76401.07692307692,19099.97435897436,19099.97435897436,59403.743589743586,0.07298334603777687,0.27663925937483574,0.17481130270630632,0.7875663132586652,0.6368598919007058,0.6993052024115668,0.9817681038908833,0.7499614138068007,0.8482558177708319,1.0,0.8555184597837825,0.9189393809716,0.2972604789093454,
oracle,-1,0.5,23.666666666666668,76401.07692307692,38200.282051282054,38200.282051282054,59403.743589743586,0.1516302980706016,0.24992316610796217,0.20077673208928187,0.40826304380131684,0.6380658107761913,0.4934484015041015,0.7451631662275217,0.7675638242800185,0.7516752809661248,0.9843019784590198,0.8764241888374039,0.9251796416372258,0.18166700729441201,
oracle,-1,1.0,23.666666666666668,76401.07692307692,76401.07692307692,76401.07692307692,59403.743589743586,0.5424017010453814,0.24089776412360672,0.39164973258449404,0.20412966329761525,0.6380658107761913,0.3071881247632008,0.376922853762754,0.7676378797194912,0.5024946730292275,0.6733124772137472,0.8821305131553979,0.7610483660177094,0.10197513876143023,
oracle,1,0.02,1.0,9945.23076923077,198.46153846153845,198.46153846153845,59403.743589743586,0.015332480410901348,1.136513772463607,0.5759231264372541,1.0,0.04275958276047221,0.08188699854054986,1.0,0.12067181581912124,0.21436139176401156,1.0,0.34537286228608505,0.5066347652862915,0.01076474055676369,
oracle,1,0.05,1.0,9945.23076923077,496.7692307692308,496.7692307692308,59403.743589743586,0.02109622093567849,1.013333240911,0.5172147309233391,1.0,0.08877190606092286,0.162491611542091,1.0,0.19347054561733623,0.321583795013593,1.0,0.4167119985816258,0.5799915229255254,0.026085338100692104,
oracle,1,0.1,1.0,9945.23076923077,994.1025641025641,994.1025641025641,59403.743589743586,0.02712650621367864,0.934026118692262,0.48057631245297033,1.0,0.13826237228355032,0.24164080867619978,1.0,0.24892868019163872,0.39498388453299504,1.0,0.462994971856571,0.6247057987968082,0.04981620548500777,
oracle,1,0.25,1.0,9945.23076923077,2485.948717948718,2485.948717948718,59403.743589743586,0.04389312943993246,0.8310455614291646,0.4374693454345485,0.9880385922033644,0.21207956422547164,0.3462567224709014,1.0,0.3261501861690204,0.48664329096168063,1.0,0.522245332995446,0.6770809383831733,0.09944016767399892,
oracle,1,0.5,1.0,9945.23076923077,4972.410256410257,4972.410256410257,59403.743589743586,0.0891757617996117,0.7097610908415802,0.399468426320596,0.666288674875925,0.23423811045575932,0.3440302484307653,0.9318127099831676,0.3916981193685781,0.5457158491921285,1.0,0.5986274680938817,0.7391683273271129,0.10105455007301642,
oracle,1,1.0,1.0,9945.23076923077,9945.23076923077,9945.23076923077,59403.743589743586,0.3819871970699982,0.633371393893971,0.5076792954819846,0.333129158915303,0.23423811045575932,0.2724454580314263,0.5223956141808159,0.403264713445026,0.45159590100235675,0.7767488640584523,0.6511034319856605,0.702541327375996,0.08088157246343493,
oracle,2,0.02,2.0,17112.923076923078,341.6923076923077,341.6923076923077,59403.743589743586,0.015531675422541035,0.8299437637599855,0.42273771959126333,1.0,0.07192688452490804,0.13396651320493683,1.0,0.1949167848003348,0.3248859893694765,1.0,0.48625532126450255,0.649995191780257,0.01842597759813635,
oracle,2,0.05,2.0,17112.923076923078,855.1794871794872,855.1794871794872,59403.743589743586,0.02141062021838518,0.7189399737828065,0.37017529700059587,1.0,0.14620083032523568,0.25421446753325,1.0,0.3015413461409504,0.4605861000646394,1.0,0.5704652031523265,0.7216724346957972,0.04468918392825221,
oracle,2,0.1,2.0,17112.923076923078,1710.8974358974358,1710.8974358974358,59403.743589743586,0.027665336512287284,0.6516758372762125,0.3396705868942499,1.0,0.22313198330536715,0.3631031550602259,1.0,0.3765890182899686,0.5438320454942347,1.0,0.6141976807138423,0.7564745464610487,0.08439624664621014,
oracle,2,0.25,2.0,17112.923076923078,4277.897435897436,4277.897435897436,59403.743589743586,0.04609265651667679,0.5619431096747572,0.30401788309571703,0.9785213502702036,0.32658644052650243,0.48679611430444725,1.0,0.47545100304148785,0.6405012150505627,1.0,0.6729793886653012,0.8000296961954488,0.15680148559619247,
oracle,2,0.5,2.0,17112.923076923078,8556.205128205129,8556.205128205129,59403.743589743586,0.09594000474877509,0.4779639135979049,0.28695195917334004,0.6360820876313164,0.35111999633198937,0.4501495909590102,0.9142115106600736,0.5438702059503504,0.6794970500743664,0.9969389909225248,0.7373366959060699,0.843254155901141,0.14306769257686877,
oracle,2,1.0,2.0,17112.923076923078,17112.923076923078,17112.923076923078,59403.743589743586,0.42734593224150186,0.43276228239834696,0.43005410731992444,0.3180302306560308,0.35111999633198937,0.33186072058097865,0.5048597178687354,0.5517829652172145,0.5254436229209832,0.7600300047437573,0.7737243016677843,0.7645869643256975,0.10407128324702838,
oracle,4,0.02,4.0,29999.666666666668,599.4615384615385,599.4615384615385,59403.743589743586,0.016588295169062642,0.6379385591096168,0.3272634271393397,1.0,0.12021336019515061,0.21440342125485948,1.0,0.29741445054830423,0.457290058226945,1.0,0.6115197488807903,0.7552993421331735,0.031863838476232434,
oracle,4,0.05,4.0,29999.666666666668,1499.5641025641025,1499.5641025641025,59403.743589743586,0.022846836917491814,0.5444277386482743,0.28363728778288305,1.0,0.23395507988498565,0.3785348348863097,1.0,0.4302584479246671,0.5996795824417832,1.0,0.6845874005134808,0.8089098455691051,0.07685609581263529,
oracle,4,0.1,4.0,29999.666666666668,2999.5641025641025,2999.5641025641025,59403.743589743586,0.02963240147839629,0.4881948325629179,0.2589136170206571,1.0,0.34332456426154806,0.5098715169919723,1.0,0.5149098435768847,0.6771776172205369,1.0,0.7186342062894715,0.8322669733004024,0.14284617088432347,
oracle,4,0.25,4.0,29999.666666666668,7499.48717948718,7499.48717948718,59403.743589743586,0.05137614426152096,0.4157709632201795,0.23357355374085018,0.9451837306809397,0.45863239540899403,0.6157258617593584,1.0,0.6088015048361642,0.7535645117617029,1.0,0.7676937844824365,0.8644542223501341,0.22830451263751947,
oracle,4,0.5,4.0,29999.666666666668,14999.538461538461,14999.538461538461,59403.743589743586,0.10740220219952275,0.3611563177322571,0.2342792599658899,0.5637309002642444,0.47218400449220904,0.5124562937209037,0.8837514349389587,0.6586651563068785,0.753245384609564,0.9995167736862797,0.8130418464251223,0.8922649832804797,0.1786250833221643,
oracle,4,1.0,4.0,29999.666666666668,29999.666666666668,29999.666666666668,59403.743589743586,0.44148910227254606,0.3357494083955197,0.3886192553340329,0.2818596677761353,0.47218400449220904,0.3520581387446345,0.4700527803147684,0.6617263982658745,0.5483469878602645,0.7451130977179388,0.8335602396646951,0.7848526175073616,0.11645019265839486,
oracle,8,0.02,8.0,45712.1282051282,913.6923076923077,913.6923076923077,59403.743589743586,0.017700008999862463,0.5378818626282125,0.27779093581403747,1.0,0.1705946215663819,0.29119590343998036,1.0,0.38256115071890723,0.552520345878708,1.0,0.6845984884205338,0.8093634746379278,0.04821783649421249,
oracle,8,0.05,8.0,45712.1282051282,2285.076923076923,2285.076923076923,59403.743589743586,0.024424370214102098,0.4560730510942926,0.2402487106541973,1.0,0.31981939024143213,0.4840896156188238,1.0,0.5247573857131311,0.6868468772960029,1.0,0.7452410797797636,0.8503897652924692,0.11623124245178279,
oracle,8,0.1,8.0,45712.1282051282,4570.717948717948,4570.717948717948,59403.743589743586,0.032107327250449874,0.4071422246576364,0.21962477595404314,1.0,0.4480031017240104,0.6178115954041808,1.0,0.6057846849317295,0.7522686401546284,1.0,0.7743204192649055,0.8689578331284924,0.21313407284047153,
oracle,8,0.25,8.0,45712.1282051282,11427.589743589744,11427.589743589744,59403.743589743586,0.05937904405499976,0.3417532039644225,0.20056612400971113,0.8875464927039918,0.5490389490772953,0.6770980425441934,1.0,0.6848770368149388,0.8097348830800309,1.0,0.817528103029686,0.8956932687997534,0.27500292418077404,
oracle,8,0.5,8.0,45712.1282051282,22855.82051282051,22855.82051282051,59403.743589743586,0.12398121171280618,0.3014999141010155,0.21274056290691087,0.49137854712982615,0.5545436158962219,0.5191083988359193,0.8303225003780406,0.719065747082886,0.7694535434127558,0.9984008893661204,0.8502651721010435,0.9145204675262198,0.18888840795871828,
oracle,8,1.0,8.0,45712.1282051282,45712.1282051282,45712.1282051282,59403.743589743586,0.4767719085109574,0.2852858624817082,0.3810288854963328,0.2456860372434118,0.5545436158962219,0.33942911215677846,0.43108132118759485,0.7200888128221206,0.5378284011196199,0.7190729287233222,0.8608352493259037,0.7820960949086179,0.11387316618212771,
oracle,16,0.02,15.692307692307692,63966.205128205125,1278.820512820513,1278.820512820513,59403.743589743586,0.018872781169245092,0.47461675992258423,0.24674477054591465,1.0,0.22043273903279575,0.3608312255045175,1.0,0.4498343027444926,0.6195753455550845,1.0,0.7323561113813608,0.8418711457103724,0.06707763707323745,
oracle,16,0.05,15.692307692307692,63966.205128205125,3197.846153846154,3197.846153846154,59403.743589743586,0.026061557111563945,0.39527032983198424,0.2106659434717741,1.0,0.3989247846237594,0.5697411071731714,1.0,0.5940816438699706,0.743921167552779,1.0,0.7849470488906484,0.8760664242907514,0.16131082196837826,
oracle,16,0.1,15.692307692307692,63966.205128205125,6396.128205128205,6396.128205128205,59403.743589743586,0.03490014244711836,0.35001989251014837,0.19246001747863334,1.0,0.5356417543866536,0.6964660835471479,1.0,0.670499846777722,0.8002871138974347,1.0,0.8092651315751238,0.8909404979946135,0.28571607282569883,
oracle,16,0.25,15.692307692307692,63966.205128205125,15991.23076923077,15991.23076923077,59403.743589743586,0.06787309481145082,0.2966417355185543,0.18225741516500255,0.8213578116082778,0.6140999129732334,0.7006977798436724,0.9935924713495422,0.7350180694560893,0.8422041301479012,1.0,0.8456735208133568,0.9127882651905502,0.29672480737024814,
oracle,16,0.5,15.692307692307692,63966.205128205125,31982.846153846152,31982.846153846152,59403.743589743586,0.141157803995349,0.26632675345108275,0.20374227872321587,0.43317677451389414,0.6161514142241523,0.5060957872212116,0.7741118328791126,0.7559245254201442,0.762384542223801,0.992196054892031,0.867846057825206,0.9229046667609185,0.18691666832486184,
oracle,16,1.0,15.692307692307692,63966.205128205125,63966.205128205125,63966.205128205125,59403.743589743586,0.5170767093086278,0.2549398272955211,0.38600826830207446,0.21658650293053242,0.6161514142241523,0.31921156464342804,0.394030514081421,0.7560961500829314,0.5160215992560642,0.6896335176168863,0.8745939396566269,0.7693498288045025,0.10677764087946069,
