method,N_req,frac,N,n_cand,kept,n_pred,n_ref,acc,comp,chamfer,precision@0.1,recall@0.1,f1@0.1,precision@0.2,recall@0.2,f1@0.2,precision@0.5,recall@0.5,f1@0.5,iou,grid_voxel
A_point,-1,0.02,23.666666666666668,76640.7435897436,1532.3589743589744,1532.3589743589744,59403.743589743586,0.20390868163179127,1.9625680201083195,1.0832383508700554,0.7849424515851033,0.09521501172021161,0.16918835738138505,0.84276434355737,0.1263124920675232,0.21888609418381294,0.8698175407233757,0.20952905519786413,0.3355194855026762,0.05019407329695685,
A_point,-1,0.05,23.666666666666668,76640.7435897436,3831.5384615384614,3831.5384615384614,59403.743589743586,0.20539378301438746,1.5024898500691017,0.8539418165417447,0.6992177093151118,0.18489653851488116,0.29083219742086935,0.8110004242473824,0.23854444589598367,0.3665609912516532,0.8833022599362474,0.34748328158144154,0.49488369221989903,0.09600967985431104,
A_point,-1,0.1,23.666666666666668,76640.7435897436,7663.5641025641025,7663.5641025641025,59403.743589743586,0.21692803395377647,1.1088281817774481,0.6628781078656123,0.5948647638846999,0.27850148591575863,0.3766395548247298,0.7568798278529723,0.360589334845848,0.48540944893752824,0.8898834497823458,0.4856037554726947,0.6246385861292377,0.13282243582377967,
A_point,-1,0.25,23.666666666666668,76640.7435897436,19159.82051282051,19159.82051282051,59403.743589743586,0.25894023126843546,0.5283561134477422,0.39364817235808885,0.44952924718075254,0.4289595999618758,0.4352111634223142,0.650458663848099,0.5458547399914058,0.5903215132523426,0.8648972821459119,0.7007185503119595,0.7712999230316259,0.15994731026551523,
A_point,-1,0.5,23.666666666666668,76640.7435897436,38320.07692307692,38320.07692307692,59403.743589743586,0.3662493877282477,0.3234297338657863,0.344839560797017,0.32612489111286275,0.5495192523029632,0.4058170319178415,0.5219633440525878,0.6879867280859094,0.5902280447379666,0.7884189761990447,0.829122792103368,0.8062983515959,0.1453931481620279,
A_point,-1,1.0,23.666666666666668,76640.7435897436,76640.7435897436,76640.7435897436,59403.743589743586,0.5646359442861818,0.2611282379417207,0.4128820911139513,0.22603022705690387,0.6633699806783862,0.33449765036379464,0.38999883243951716,0.7724532035405679,0.514616147328285,0.6691959649032534,0.8676931617290355,0.7527794527151989,0.11421622680523254,
A_point,1,0.02,1.0,9476.871794871795,188.94871794871796,188.94871794871796,14955.076923076924,0.21691954667236638,1.7841114942027378,1.0005155204375522,0.7590704439343886,0.04731652674651532,0.08885450208092231,0.8094727121347915,0.07622170696707088,0.13862726696492972,0.8507005271762899,0.17242793174709214,0.2838073963965915,0.012363435401054657,
A_point,1,0.05,1.0,9476.871794871795,473.35897435897436,473.35897435897436,14955.076923076924,0.1930364606435131,1.488943271193283,0.8409898659183981,0.7441558070486276,0.11010332140752158,0.19086343282232343,0.8240105346625259,0.16450494459171097,0.27230312467992474,0.8860914381080705,0.2948915713724503,0.43876451725457116,0.03023568033772705,
A_point,1,0.1,1.0,9476.871794871795,947.2307692307693,947.2307692307693,14955.076923076924,0.19303073903660614,1.1555779223025981,0.6743043306696023,0.6878858163119475,0.19209820299598054,0.29839640544652934,0.7997214070940603,0.27991480409908254,0.4121001011956297,0.896230231520891,0.4420840794013205,0.5890007471092472,0.05461687331577476,
A_point,1,0.25,1.0,9476.871794871795,2368.948717948718,2368.948717948718,14955.076923076924,0.22218716841178038,0.622813051352704,0.4225001098822423,0.579534904863011,0.33276092875407526,0.42041846433021407,0.7288504877512026,0.4844956054294708,0.5795394737344741,0.8828226881904359,0.6959937541537832,0.7747854282436523,0.09782208913909332,
A_point,1,0.5,1.0,9476.871794871795,4738.282051282052,4738.282051282052,14955.076923076924,0.2772075455870189,0.3916749390180472,0.334441242302533,0.4797416450711391,0.422297273084364,0.44648677811269993,0.6480861826131034,0.5879864463718673,0.6138596335382811,0.8394825760528744,0.7912629312597034,0.8118215720875112,0.1248249528299263,
A_point,1,1.0,1.0,9476.871794871795,9476.871794871795,9476.871794871795,14955.076923076924,0.41092487549602497,0.3226358295130516,0.3667803525045383,0.3451754071141418,0.4680885149137262,0.39442401448801095,0.5151590309038483,0.6322639658902494,0.5644132529277517,0.747247705321937,0.8323401332487353,0.7847837166479044,0.12026553575157849,
A_point,2,0.02,2.0,16246.948717948719,324.5128205128205,324.5128205128205,24069.0,0.16512183705632838,1.5570831559923184,0.8611024965243234,0.7186938135112557,0.048904019310439105,0.0912912681755689,0.8436160846218484,0.08732511925223842,0.15759221887556205,0.9019979375457827,0.19921368510324727,0.3245868737734676,0.014855820559220495,
A_point,2,0.05,2.0,16246.948717948719,811.9230769230769,811.9230769230769,24069.0,0.16385688194878645,1.293855916748417,0.7288563993486017,0.7096489213918584,0.1130918950945464,0.19393185348335806,0.8385447798046616,0.18078000672520508,0.29556048811645586,0.9093595751983963,0.3279779862357153,0.4801069392550013,0.0364978147984918,
A_point,2,0.1,2.0,16246.948717948719,1624.3076923076924,1624.3076923076924,24069.0,0.17109464337722557,0.9983277406481309,0.5847111920126782,0.6771394191879215,0.20287133683958364,0.30987325602142324,0.8172858780260889,0.3062909661649739,0.4428600425389429,0.9080926921571455,0.4830530589357318,0.6284949429243795,0.06694304229589673,
A_point,2,0.25,2.0,16246.948717948719,4061.3846153846152,4061.3846153846152,24069.0,0.2146965249769581,0.5039138176887292,0.3593051713328437,0.5697041235424342,0.35705418189398863,0.43601356915761214,0.7366567023434308,0.5277880243839664,0.6115451200291891,0.884012402099581,0.7431693635307808,0.8049911893480323,0.11722382265456058,
A_point,2,0.5,2.0,16246.948717948719,8123.2307692307695,8123.2307692307695,24069.0,0.2820360295325425,0.3118767776846288,0.2969564036085856,0.46603581702903185,0.45721830130030966,0.4582183261035557,0.6474920941616834,0.643137669443988,0.6416636774632201,0.8420605611650512,0.842365849896149,0.8397416474021008,0.14195546537776657,
A_point,2,1.0,2.0,16246.948717948719,16246.948717948719,16246.948717948719,24069.0,0.44326054536452003,0.24438452524750373,0.34382253530601187,0.33618655452174667,0.52040037561792,0.40527738603979274,0.5126767836093962,0.7082884234256275,0.5909862202116716,0.7480690913505464,0.8879849689230107,0.8085154848056272,0.13166612219849122,
A_point,4,0.02,4.0,28508.5641025641,569.6666666666666,569.6666666666666,34478.53846153846,0.20568084551339977,1.665179166520561,0.9354300060169806,0.7657768107001213,0.06678927020163819,0.12264027714594178,0.8366226955023598,0.10628779732643388,0.18813225020887478,0.8671967458219247,0.21682489208152494,0.34491187545600027,0.02450740307395608,
A_point,4,0.05,4.0,28508.5641025641,1424.974358974359,1424.974358974359,34478.53846153846,0.18929914595370875,1.3577563105631951,0.7735277282584518,0.7548482289201943,0.14983092462154596,0.24914237038096318,0.8394084984513526,0.21518152624072193,0.34078221517361085,0.8858528880994285,0.35305335566266294,0.5009043223046566,0.05804828560085982,
A_point,4,0.1,4.0,28508.5641025641,2850.4358974358975,2850.4358974358975,34478.53846153846,0.19501876734710308,1.0171265519536619,0.6060726596503825,0.6912438516063166,0.2502680523395811,0.365734864749999,0.8109408877048486,0.3481546215486309,0.48437412833203514,0.8926958696582116,0.5130369928019942,0.6471195500276518,0.09687060208070236,
A_point,4,0.25,4.0,28508.5641025641,7126.74358974359,7126.74358974359,34478.53846153846,0.22718004595708335,0.5117099282628157,0.36944498710994955,0.5569255985508648,0.4139683370313541,0.4727167307796053,0.7260534181227681,0.571465751010841,0.6364067810099207,0.8802513691973112,0.7482962412957666,0.8055983647260809,0.14632971453749638,
A_point,4,0.5,4.0,28508.5641025641,14254.0,14254.0,34478.53846153846,0.2886572042882074,0.2919788400071544,0.29031802214768093,0.4360968960943769,0.5182703851887317,0.47139056391912293,0.6229771901383431,0.6893559723553221,0.651490599984393,0.8358684628163585,0.8551309912225651,0.8427360296290545,0.15772446556206046,
A_point,4,1.0,4.0,28508.5641025641,28508.5641025641,28508.5641025641,34478.53846153846,0.45462734643844865,0.22939773797041094,0.3420125422044298,0.3094409757161614,0.5983600801918296,0.405801625514314,0.4869220330094949,0.7649858834971432,0.5916800751196828,0.7365968068969108,0.8982168059809098,0.8061295888163337,0.13649641564394596,
A_point,8,0.02,8.0,44257.256410256414,884.6923076923077,884.6923076923077,44439.41025641026,0.21294801024430732,1.8319622245607934,1.0224551174025502,0.787329809346189,0.07921628077439802,0.1436581692107473,0.8355104448046513,0.11178841145956497,0.1966373794270458,0.860178396157585,0.20503511598481697,0.3290224270045349,0.035001316421760534,
A_point,8,0.05,8.0,44257.256410256414,2212.4615384615386,2212.4615384615386,44439.41025641026,0.1972656007914735,1.4346228703275956,0.8159442355595347,0.7457216218090084,0.1693492104740459,0.2750667414126023,0.8319833664810817,0.22705876310466921,0.3551034616181809,0.8830670026266143,0.346721063827597,0.4944367671989913,0.07609120460669923,
A_point,8,0.1,8.0,44257.256410256414,4425.333333333333,4425.333333333333,44439.41025641026,0.20703079523217438,1.0595981177749656,0.63331445650357,0.6579223430823268,0.26793144562864313,0.3791815837656344,0.7901264834544499,0.3582366267176606,0.4900422130320145,0.8889050557354952,0.5055117308280225,0.6394403942946456,0.11591196216787615,
A_point,8,0.25,8.0,44257.256410256414,11064.051282051281,11064.051282051281,44439.41025641026,0.23845357209857881,0.5117852116952744,0.3751193918969266,0.5126641342088752,0.4279455152066822,0.46406279793852906,0.6962178885871629,0.5657502289586159,0.6209345888641195,0.875856026168887,0.7261210893221227,0.7906844900096442,0.15645163696038678,
A_point,8,0.5,8.0,44257.256410256414,22128.384615384617,22128.384615384617,44439.41025641026,0.3127005461754285,0.29282352261993577,0.30276203439768207,0.38801832773549105,0.5383941109972519,0.4486428423005829,0.5815297932996324,0.6976687589976862,0.6311064416501178,0.8207126658213004,0.8520639190180598,0.8337502713745543,0.155679123424705,
A_point,8,1.0,8.0,44257.256410256414,44257.256410256414,44257.256410256414,44439.41025641026,0.49010380476854426,0.23452467817487,0.3623142414717071,0.27187485673970335,0.6370106602877014,0.37916091327041473,0.44574153737144456,0.7811412744144022,0.5644597849486195,0.7135618862229279,0.8907676289742452,0.7898580550226503,0.12849483375743198,
A_point,16,0.02,15.692307692307692,63060.53846153846,1260.7179487179487,1260.7179487179487,54121.41025641026,0.2072870001451627,1.9300038704074718,1.0686454352763173,0.7900503178448782,0.09006020432478078,0.16131999809352632,0.841176202461684,0.12109039645778709,0.21110790728269274,0.8665186182056437,0.20639908762199988,0.331439004530226,0.044794401379946266,
A_point,16,0.05,15.692307692307692,63060.53846153846,3152.5128205128203,3152.5128205128203,54121.41025641026,0.20203492673655837,1.4835024768864655,0.842768701811512,0.719665308344706,0.18154675968004882,0.2889438549113332,0.820460290221965,0.2354372937985866,0.36428419165837855,0.8844324966087159,0.34760210232790567,0.4956386369566242,0.09050271297048476,
A_point,16,0.1,15.692307692307692,63060.53846153846,6305.589743589743,6305.589743589743,54121.41025641026,0.2142230565844848,1.0903710606279837,0.6522970586062343,0.6181894320736074,0.2762876377251256,0.3802034464763239,0.769937937111345,0.3609238304286727,0.48886643163902666,0.8894152829816011,0.4940926955164387,0.6306414832209051,0.12816509497542425,
A_point,16,0.25,15.692307692307692,63060.53846153846,15764.71794871795,15764.71794871795,54121.41025641026,0.2501066531479064,0.5100980540509796,0.380102353599443,0.4701216662072325,0.42998984881089963,0.446521019498514,0.6651460642573033,0.5526512590577283,0.6007067724060647,0.8699827946833903,0.7117669428957709,0.7799607173093056,0.16034697764602732,
A_point,16,0.5,15.692307692307692,63060.53846153846,31530.02564102564,31530.02564102564,54121.41025641026,0.3433243096314656,0.313215261461737,0.3282697855466013,0.3441651629315655,0.5468577338658615,0.42006295950098976,0.5393528552375206,0.6916133933370298,0.6031738460306433,0.8002345765115988,0.8376923071617788,0.8165495434380146,0.1496600354431729,
A_point,16,1.0,15.692307692307692,63060.53846153846,63060.53846153846,63060.53846153846,54121.41025641026,0.532921615397774,0.2538431139838598,0.3933823646908169,0.24007467282364567,0.6592772282055015,0.35007304732189215,0.407672791748892,0.7762751667869937,0.5315810145806501,0.6854398864855259,0.8744393591493972,0.7661131591660575,0.11948207901853032,
B_argmax,-1,0.02,23.666666666666668,76401.07692307692,1527.5128205128206,1527.5128205128206,59403.743589743586,0.21562639670354264,1.961779043714226,1.0887027202088844,0.7580499406243731,0.08814664652617339,0.15720805993053338,0.8333337037070877,0.12413197305508593,0.2150617205341912,0.8684547024980918,0.209528370785876,0.3352834135655711,0.043136210451807426,
B_argmax,-1,0.05,23.666666666666668,76401.07692307692,3819.6153846153848,3819.6153846153848,59403.743589743586,0.19821413079672537,1.4993584731443892,0.8487863019705574,0.6774716164125759,0.16989868368506222,0.27008790490825757,0.808826368917566,0.23624321629861514,0.363292606331686,0.8963636551014343,0.3542191412508362,0.5030026034446996,0.08396888915631429,
B_argmax,-1,0.1,23.666666666666668,76401.07692307692,7639.692307692308,7639.692307692308,59403.743589743586,0.21021811018387787,1.0653618027025182,0.637789956443198,0.563599437703931,0.2533428209222237,0.3473455720969847,0.748803706084238,0.35514637160185825,0.4795362644408653,0.9001639446168213,0.49488340972035133,0.6352436166101584,0.11416906287473139,
B_argmax,-1,0.25,23.666666666666668,76401.07692307692,19099.97435897436,19099.97435897436,59403.743589743586,0.2767694677420822,0.5291035747389032,0.40293652124049273,0.39309325756407787,0.39259783347293703,0.38979614563214743,0.6125322383735288,0.5379860496488635,0.5703705473765955,0.8573963977846679,0.7136400058293765,0.7762696439762198,0.13181914303541667,
B_argmax,-1,0.5,23.666666666666668,76401.07692307692,38200.282051282054,38200.282051282054,59403.743589743586,0.37288276107250595,0.3315399184657006,0.35221133976910324,0.2859869562025875,0.5110365139291393,0.36385893404690545,0.4937212766169458,0.6637571374262936,0.5634036126443591,0.7844219151860975,0.8238859171057877,0.8018713262668458,0.12369710645173636,
B_argmax,-1,1.0,23.666666666666668,76401.07692307692,76401.07692307692,76401.07692307692,59403.743589743586,0.5424017010453814,0.24089776412360672,0.39164973258449404,0.20412966329761525,0.6380658107761913,0.3071881247632008,0.376922853762754,0.7676378797194912,0.5024946730292275,0.6733124772137472,0.8821305131553979,0.7610483660177094,0.10197513876143023,
B_argmax,1,0.02,1.0,9945.23076923077,198.46153846153845,198.46153846153845,14955.076923076924,0.23733927105842006,1.7715466395880786,1.0044429553232495,0.711233760823464,0.04319213466237183,0.08120366324074398,0.787855377339385,0.0756784862109449,0.13721141745815074,0.8380079283730615,0.17518751293622056,0.286142842808368,0.011556599546237091,
B_argmax,1,0.05,1.0,9945.23076923077,496.7692307692308,496.7692307692308,14955.076923076924,0.2140976001742613,1.4562779764660196,0.8351877883201403,0.7014404444904694,0.10446681569019035,0.18078263473764972,0.8039311227686406,0.16819680105040033,0.27620445060199156,0.8758854361080157,0.30361107955955974,0.4474550102219337,0.028069526355565443,
B_argmax,1,0.1,1.0,9945.23076923077,994.1025641025641,994.1025641025641,14955.076923076924,0.2095344308020811,1.119168411998523,0.664351421400302,0.6597714589283632,0.18479817590069114,0.2867688612681788,0.7856821010180102,0.28237283630477733,0.4131538792163117,0.8887368651084162,0.45297373004437613,0.596794913864967,0.051175108357776,
B_argmax,1,0.25,1.0,9945.23076923077,2485.948717948718,2485.948717948718,14955.076923076924,0.2324667394765231,0.5796480304787698,0.40605738497764643,0.5336382757720524,0.30576639117837257,0.38649434286270035,0.7033555727535661,0.48155528833219535,0.5691214218685763,0.8776725136745708,0.7231499266956288,0.7903795055376899,0.08820041938766227,
B_argmax,1,0.5,1.0,9945.23076923077,4972.410256410257,4972.410256410257,14955.076923076924,0.2861604188326423,0.38319882561776586,0.3346796222252041,0.41351530140503684,0.3814600532157777,0.39450301036108854,0.6088211068598761,0.583736122929097,0.5935634481817497,0.8374060675188412,0.802298635862837,0.8173236337933584,0.10461289709428982,
B_argmax,1,1.0,1.0,9945.23076923077,9945.23076923077,9945.23076923077,14955.076923076924,0.4035699653793975,0.3044834569921837,0.3540267111857906,0.2984779625139437,0.44451631468158215,0.35489623489074884,0.491038919163982,0.6440843878329157,0.5543296055537882,0.758881384877159,0.8504298738314228,0.7996346771421476,0.10142736486767064,
B_argmax,2,0.02,2.0,17112.923076923078,341.6923076923077,341.6923076923077,24069.0,0.1819760769466206,1.543812317449507,0.8628941971980638,0.6854096715189947,0.04722493878537326,0.08810220890693587,0.8207362111583965,0.08932301813424161,0.16044767321292167,0.8910425348434751,0.20621800215135977,0.33288894114075135,0.013715503426036913,
B_argmax,2,0.05,2.0,17112.923076923078,855.1794871794872,855.1794871794872,24069.0,0.1800763349021167,1.2612562993281233,0.7206663171151201,0.6735973512100087,0.11013565636681366,0.18827425715867366,0.8134914131562276,0.1867420239058983,0.3018286641301396,0.901556139735338,0.34287591306514303,0.49469864703667654,0.03286403950728346,
B_argmax,2,0.1,2.0,17112.923076923078,1710.8974358974358,1710.8974358974358,24069.0,0.18815193513653614,0.9387868032529565,0.5634693691947463,0.6486013664315531,0.1994053236042217,0.3028981274019266,0.7946515682596741,0.3157589132511147,0.44953160870713094,0.9000286542432926,0.5085445359168063,0.6475734489577699,0.06048602570220854,
B_argmax,2,0.25,2.0,17112.923076923078,4277.897435897436,4277.897435897436,24069.0,0.2219485923664088,0.4544646439889084,0.33820661817765857,0.5350456977011253,0.3390774793862267,0.41271386916264674,0.7165208497493649,0.531844029708106,0.6078525107628864,0.8834480605106805,0.7731760174832795,0.8227689106964502,0.10290867685335688,
B_argmax,2,0.5,2.0,17112.923076923078,8556.205128205129,8556.205128205129,24069.0,0.2944970277299394,0.2993549979867595,0.29692601285834946,0.4136948226496378,0.42940084570935927,0.41911616393264356,0.6134145538607072,0.646541265519528,0.627015971395215,0.8400143850383063,0.8510698365905812,0.8435695161383466,0.11870897797005919,
B_argmax,2,1.0,2.0,17112.923076923078,17112.923076923078,17112.923076923078,24069.0,0.43611068074123194,0.23336377117421825,0.33473722595772504,0.2987296224810416,0.5096130128441292,0.3745167459712137,0.49146643430084536,0.7199838568234662,0.5810704415921895,0.7551327502312898,0.8986592282529489,0.81735152165152,0.11233754642148064,
B_argmax,4,0.02,4.0,29999.666666666668,599.4615384615385,599.4615384615385,34478.53846153846,0.22588819460617038,1.6468145114568478,0.936351353031509,0.7338998581241212,0.06390493905957383,0.11730551907130678,0.817340498085889,0.10902386811270244,0.19176700824019197,0.8574132223978091,0.22545273982156497,0.35428970517792463,0.021133128808200605,
B_argmax,4,0.05,4.0,29999.666666666668,1499.5641025641025,1499.5641025641025,34478.53846153846,0.20436174776089694,1.3170521016864496,0.7607069247236732,0.722960251481942,0.14443553301810338,0.2396606394143207,0.8241377294989228,0.22266539556799678,0.3484701380557085,0.8829198213694642,0.3691257924793561,0.5161039194639757,0.05020467888692115,
B_argmax,4,0.1,4.0,29999.666666666668,2999.5641025641025,2999.5641025641025,34478.53846153846,0.20247164897566203,0.9724593896697363,0.5874655193226993,0.6653841379136566,0.24031748827388383,0.35092497967785613,0.7988088742394465,0.35494294435655976,0.4880819052994947,0.8931976569428011,0.5292345757491969,0.6597488907486437,0.08529818925449227,
B_argmax,4,0.25,4.0,29999.666666666668,7499.48717948718,7499.48717948718,34478.53846153846,0.23318497701071514,0.4630567495233822,0.34812086326704866,0.5146688947155764,0.3884422169384179,0.44059955079306196,0.7004787026910878,0.5716247796658852,0.6268770465890512,0.880160466921823,0.7701989634025133,0.8188211516683133,0.12693901582365716,
B_argmax,4,0.5,4.0,29999.666666666668,14999.538461538461,14999.538461538461,34478.53846153846,0.298037737713261,0.2852554034795284,0.2916465705963947,0.38381174705022153,0.4946955522561898,0.4303175252189534,0.5891078499250956,0.6916839082229359,0.6338981547548136,0.8344153013090873,0.8613620131148969,0.8455476737298749,0.1334867861823653,
B_argmax,4,1.0,4.0,29999.666666666668,29999.666666666668,29999.666666666668,34478.53846153846,0.4459605383907186,0.21765635257588406,0.33180844548330135,0.27271091661923635,0.5920610345696196,0.37165745193799393,0.46370683126117146,0.7734383546920424,0.5769851801972062,0.7424837750735251,0.908467273094131,0.8143297155678901,0.11766820604592038,
B_argmax,8,0.02,8.0,45712.1282051282,913.6923076923077,913.6923076923077,44439.41025641026,0.22983803874285877,1.8226217579045856,1.0262298983237221,0.7610687076979141,0.07540900023409348,0.13682609698992274,0.8245657372375472,0.11308116738350736,0.19809264062716783,0.8551925598151741,0.20799570206546106,0.33228249379466784,0.03074228690896657,
B_argmax,8,0.05,8.0,45712.1282051282,2285.076923076923,2285.076923076923,44439.41025641026,0.20473722628407476,1.408710080635684,0.8067236534598794,0.7148241883787253,0.16001107449903246,0.2602713703768361,0.8227641048037362,0.23093199102102574,0.35830049758893007,0.8857541193001582,0.35722081800760186,0.5047021217176338,0.06689499009480428,
B_argmax,8,0.1,8.0,45712.1282051282,4570.717948717948,4570.717948717948,44439.41025641026,0.20487756703949134,1.0191077662766654,0.6119926666580784,0.6267971305579144,0.24902859764649407,0.354655616885369,0.7811302170139199,0.35656292195941836,0.48655481168667364,0.8972238328835669,0.5220274416099968,0.6547884237491426,0.10210680096013504,
B_argmax,8,0.25,8.0,45712.1282051282,11427.589743589744,11427.589743589744,44439.41025641026,0.24648725036829047,0.4686006229920224,0.3575439366801564,0.46009947843354365,0.3934287792000258,0.4222658182267944,0.6657871912995672,0.5633840048951072,0.6077749278576647,0.8741084414170032,0.7477733787732012,0.8033054897169902,0.13234240335818706,
B_argmax,8,0.5,8.0,45712.1282051282,22855.82051282051,22855.82051282051,44439.41025641026,0.32398263830423235,0.2989545861252268,0.31146861221472955,0.33827325858908064,0.5084556692549077,0.40425487272905564,0.5488140017046145,0.6860146961270609,0.6072631653232988,0.8166983106161447,0.8483490025848903,0.83042477402409,0.13077861831520154,
B_argmax,8,1.0,8.0,45712.1282051282,45712.1282051282,45712.1282051282,44439.41025641026,0.47919077357389595,0.22194837666087636,0.3505695751173861,0.24159563437722717,0.6220295122661701,0.3462926554550645,0.42804905204992355,0.7795406640013339,0.5499595303928421,0.7176987360140797,0.9011010374986441,0.7966772734637301,0.11256563591201608,
B_argmax,16,0.02,15.692307692307692,63966.205128205125,1278.820512820513,1278.820512820513,54121.41025641026,0.22054231694886722,1.9287525046137126,1.07464741078129,0.762527977227749,0.08444469538331781,0.15154154648093934,0.8329685816927022,0.11978343408528702,0.20863705411720504,0.8647835254564544,0.20645671860553363,0.3313063472766689,0.03874050029414619,
B_argmax,16,0.05,15.692307692307692,63966.205128205125,3197.846153846154,3197.846153846154,54121.41025641026,0.20210183516260072,1.4666665390048836,0.8343841870837421,0.6927167851681354,0.16879855827712612,0.27020554622496873,0.814723423844123,0.23475887979036267,0.36249680816806784,0.8921211614895862,0.3562081087024907,0.5044862251248644,0.07913388280984394,
B_argmax,16,0.1,15.692307692307692,63966.205128205125,6396.128205128205,6396.128205128205,54121.41025641026,0.20889405028501587,1.0514242495100337,0.6301591498975248,0.5857007112116261,0.25365713730341777,0.3524009309424582,0.7592271885925033,0.35754151185984995,0.48379955518780804,0.8992700186140203,0.5044987248472808,0.6419615441478549,0.11176674664794256,
B_argmax,16,0.25,15.692307692307692,63966.205128205125,15991.23076923077,15991.23076923077,54121.41025641026,0.26378961992480104,0.5029484135353319,0.38336901673006646,0.41286527736599654,0.3929373777746728,0.4006382653156918,0.6296424704009891,0.5479809162936791,0.5836558125221515,0.8647163483223272,0.7289153236653768,0.7882546956116736,0.1326218370520879,
B_argmax,16,0.5,15.692307692307692,63966.205128205125,31982.846153846152,31982.846153846152,54121.41025641026,0.3545495978444852,0.3168832553807741,0.3357164266126296,0.30070086474262137,0.511826805855786,0.3767024346677306,0.5100203005408718,0.6743156512743449,0.5783577022767306,0.7957840390941205,0.8352196234766899,0.8132401937727769,0.12628265376518114,
B_argmax,16,1.0,15.692307692307692,63966.205128205125,63966.205128205125,63966.205128205125,54121.41025641026,0.5177283000446962,0.23427956093898258,0.3760039304918394,0.21552754237179444,0.63725736225148,0.32046688189750133,0.39318007051164683,0.7747328842809071,0.5189884571439435,0.6892299398638049,0.8882826575467118,0.7739273531236336,0.10590107652582649,
B_argmax_matchE50,-1,0.02,23.666666666666668,76401.07692307692,162.02564102564102,162.02564102564102,59403.743589743586,0.2888911439903599,2.5228385739950374,1.4058648589926988,0.7470205037839017,0.012861314271785823,0.025256731736267427,0.787550284148936,0.026866265279823276,0.051814741349387176,0.8009387251627166,0.07308477289178231,0.13314576203278472,0.004688232140021454,
B_argmax_matchE50,-1,0.05,23.666666666666668,76401.07692307692,405.79487179487177,405.79487179487177,59403.743589743586,0.25664908599747194,2.394251465575036,1.325450275786254,0.7690637641305739,0.02776470210416319,0.0534281303220577,0.8129223796983406,0.04615543745628344,0.08683823506635263,0.8272627478178234,0.10125702483148143,0.17867892054967027,0.012051502081010447,
B_argmax_matchE50,-1,0.1,23.666666666666668,76401.07692307692,812.0,812.0,59403.743589743586,0.23585302469132316,2.2209141930058824,1.2283836088486029,0.7729919255389447,0.05160084473203188,0.0961391451079239,0.8240180564428979,0.07576774747302367,0.13758095379077984,0.8478679928092234,0.143450668525851,0.24231561785236558,0.023917941161830974,
B_argmax_matchE50,-1,0.25,23.666666666666668,76401.07692307692,2030.8461538461538,2030.8461538461538,59403.743589743586,0.20602819062195338,1.8382692851659783,1.0221487378939658,0.7412286599472584,0.11089150309619775,0.19075022128907845,0.8349905466637683,0.15796054733841722,0.26161332812465354,0.8808140434720585,0.25415864930129767,0.3861720017577912,0.054140405862207766,
B_argmax_matchE50,-1,0.5,23.666666666666668,76401.07692307692,4062.102564102564,4062.102564102564,59403.743589743586,0.1933577646639334,1.483408820821289,0.8383832927426113,0.6788464526783128,0.18025585009763997,0.2804162065257852,0.8147589648876241,0.250546328059809,0.37681891774701914,0.9015740874877256,0.3668939693048448,0.5136870185461814,0.08793316181075451,
B_argmax_matchE50,-1,1.0,23.666666666666668,76401.07692307692,8124.794871794872,8124.794871794872,59403.743589743586,0.20645437093719649,1.0386668803489427,0.6225606256430696,0.5648968685849313,0.26573147444651635,0.3555143275552349,0.7514704067594802,0.3652465730910527,0.4862689936174779,0.9048578367803964,0.5003064312306515,0.6387271556971326,0.11908720438053635,
B_argmax_matchE50,1,0.02,1.0,9945.23076923077,34.256410256410255,34.256410256410255,14955.076923076924,0.2689309287572124,2.0981924041021145,1.1835616664296633,0.7208287610845794,0.008791388448152814,0.01735090792700243,0.7455972374380527,0.01986589115654899,0.03860705494720344,0.7827907496315649,0.0719923418719658,0.1307406763406457,0.00204239200314387,
B_argmax_matchE50,1,0.05,1.0,9945.23076923077,86.51282051282051,86.51282051282051,14955.076923076924,0.25360604345937954,1.9567920437783426,1.105199043618861,0.7169062057931621,0.020165246292690463,0.03914597212599028,0.7676217931708238,0.039178302192572984,0.07417443999551028,0.8080315812901533,0.11060893817987726,0.19241556057268003,0.005108158635126968,
B_argmax_matchE50,1,0.1,1.0,9945.23076923077,173.53846153846155,173.53846153846155,14955.076923076924,0.23893708679105194,1.8096375818777217,1.024287334334387,0.7154779380913739,0.03857953543425593,0.0729034809919039,0.7887882314528529,0.0678919385943473,0.12402671687000477,0.8358988655878432,0.16158154986324633,0.2669676536828235,0.010303100038366778,
B_argmax_matchE50,1,0.25,1.0,9945.23076923077,434.35897435897436,434.35897435897436,14955.076923076924,0.21416833578063874,1.5091982234576582,0.8616832796191485,0.7062291645484867,0.0919490418207343,0.16137609741258296,0.8068679197032805,0.15273627719776436,0.2539086856434039,0.874247721259714,0.28368696416764905,0.42351423401027827,0.024700024850535348,
B_argmax_matchE50,1,0.5,1.0,9945.23076923077,869.3076923076923,869.3076923076923,14955.076923076924,0.21020557985578625,1.2024234567028766,0.7063145182793314,0.6745721984003069,0.1662472447547732,0.26402753180622446,0.7926027736552798,0.2573234888352943,0.3841042711415017,0.8879909356139501,0.4197531670982943,0.5638966598995645,0.04567902953973905,
B_argmax_matchE50,1,1.0,1.0,9945.23076923077,1739.076923076923,1739.076923076923,14955.076923076924,0.2175983648042024,0.7533792254929417,0.48548879514857207,0.598957954129941,0.26325025189524864,0.36178784617190873,0.7502184429421962,0.41061158563195493,0.5251243912803891,0.887998835530129,0.6366305047856193,0.7359965132859094,0.07483668444663041,
B_argmax_matchE50,2,0.02,2.0,17112.923076923078,58.15384615384615,58.15384615384615,24069.0,0.17729910959584488,1.842204985006167,1.009752047301006,0.7120971615603013,0.009873717149791853,0.019464663317530686,0.832167536574288,0.025145635273273976,0.048770318139802774,0.8846217212920237,0.09203142337622094,0.16636835947568476,0.0025125881653524085,
B_argmax_matchE50,2,0.05,2.0,17112.923076923078,146.15384615384616,146.15384615384616,24069.0,0.18154395283563718,1.7127093014641424,0.9471266271498897,0.6968436059237275,0.02237946690779905,0.043304841828935244,0.8221568216968407,0.048025922298246385,0.09058230885540569,0.886098679635743,0.13779132956741463,0.2376932077309494,0.006113251862338085,
B_argmax_matchE50,2,0.1,2.0,17112.923076923078,292.9230769230769,292.9230769230769,24069.0,0.1805707454219632,1.581093560755892,0.8808321530889276,0.6891747611186653,0.041015693561728184,0.07723767261111562,0.8213994473806842,0.07905272623010437,0.14369659330638032,0.8930287355791504,0.19188236991323906,0.31367558640107596,0.011845324281820323,
B_argmax_matchE50,2,0.25,2.0,17112.923076923078,733.1282051282051,733.1282051282051,24069.0,0.17787534050461737,1.319316617583213,0.7485959790439152,0.6776773688096329,0.09546722220369565,0.16647291835389277,0.8163243999375642,0.16603807790714376,0.2739348539516427,0.9038064615906947,0.3181707267953346,0.4677314012898962,0.028640657955617054,
B_argmax_matchE50,2,0.5,2.0,17112.923076923078,1466.8461538461538,1466.8461538461538,24069.0,0.1855778850844436,1.0315371056551839,0.6085574953698137,0.6559298283477785,0.1767228681435416,0.27635520266272307,0.7997671265504444,0.2860927608109946,0.4183556721496723,0.901299419520785,0.4686644042184788,0.6129600197982955,0.05333914290407941,
B_argmax_matchE50,2,1.0,2.0,17112.923076923078,2934.076923076923,2934.076923076923,24069.0,0.20229947580788074,0.6585204643573039,0.43040997008259235,0.5983833167625621,0.28509455606092665,0.3831249677197754,0.7621671635540548,0.4462393464878068,0.5588366997921914,0.8940554849802191,0.6695994022338649,0.7622114589172307,0.08739920906888397,
B_argmax_matchE50,4,0.02,4.0,29999.666666666668,92.94871794871794,92.94871794871794,34478.53846153846,0.24639717825816485,1.9440715102737336,1.0952343442659493,0.722950881266056,0.012065157764233739,0.023716584717870862,0.8060737016093523,0.031490105959953045,0.060534175414498785,0.8398829527804862,0.1120556945346565,0.19695868464642047,0.003420441275267342,
B_argmax_matchE50,4,0.05,4.0,29999.666666666668,233.28205128205127,233.28205128205127,34478.53846153846,0.24971669885935052,1.8347902749121596,1.042253486885755,0.7210047629080767,0.027277543067260882,0.05247556389089104,0.8001634878330589,0.05666493623370539,0.10556789576250007,0.8337584416783971,0.15250137537848826,0.2559378252801594,0.008316144857417862,
B_argmax_matchE50,4,0.1,4.0,29999.666666666668,467.02564102564105,467.02564102564105,34478.53846153846,0.23385346912354527,1.7135105410986948,0.9736820051111201,0.7337913607920676,0.05147208481904826,0.0958735155221973,0.8117292334432142,0.09144985941338615,0.1635563170264036,0.8494309343558006,0.20132001750743536,0.32217213317919646,0.01660544675203591,
B_argmax_matchE50,4,0.25,4.0,29999.666666666668,1168.4615384615386,1168.4615384615386,34478.53846153846,0.21179775044501567,1.4359170926966875,0.8238574215708516,0.7310519590601527,0.11722135085295829,0.20061178032764274,0.8228315203598617,0.1856426984439886,0.29981048285282247,0.8750467074676636,0.32413498896113263,0.4667680852832312,0.0401951727381847,
B_argmax_matchE50,4,0.5,4.0,29999.666666666668,2337.3846153846152,2337.3846153846152,34478.53846153846,0.20204365747747172,1.1217109086687473,0.6618772830731096,0.6956751616259151,0.20506376902231438,0.3133472114611767,0.8128164449789248,0.30630274676316777,0.43892001852660767,0.8902002358273869,0.4700199258080836,0.6072457291666785,0.07240371032732137,
B_argmax_matchE50,4,1.0,4.0,29999.666666666668,4675.307692307692,4675.307692307692,34478.53846153846,0.20966144161172537,0.7473314059391056,0.47849642377541546,0.6086270381612606,0.3146324171752307,0.40999792529252843,0.7675111929362509,0.4580652014426886,0.5670007201999139,0.8934992500809705,0.639716171084442,0.7391337149647841,0.11059790479702358,
B_argmax_matchE50,8,0.02,8.0,45712.1282051282,120.76923076923077,120.76923076923077,44439.41025641026,0.2813744398545928,2.198516678975466,1.2399455594150293,0.7313474390665988,0.013239033632853944,0.025980807650928642,0.7826780379295555,0.03280326355810469,0.0627833783499438,0.8046803598034362,0.09801747200699187,0.1732038780757493,0.003976437739277107,
B_argmax_matchE50,8,0.05,8.0,45712.1282051282,302.3076923076923,302.3076923076923,44439.41025641026,0.26618188398192344,2.1065784168104504,1.186380150396187,0.7490820762801759,0.02852337389460458,0.05480653683661822,0.7994560567469676,0.05244205843158756,0.09786603277209845,0.8188548120094872,0.1237109370129416,0.21228204057422728,0.010226610972550022,
B_argmax_matchE50,8,0.1,8.0,45712.1282051282,605.1794871794872,605.1794871794872,44439.41025641026,0.244308751464204,1.964829321486544,1.104569036475374,0.7615263032181188,0.05275409700486872,0.09817631261743642,0.8151350956400262,0.08357804039284793,0.15033725875474427,0.8404659092574429,0.1672576082064943,0.2751970584771911,0.02046332402587717,
B_argmax_matchE50,8,0.25,8.0,45712.1282051282,1513.6153846153845,1513.6153846153845,44439.41025641026,0.21548638049340235,1.6345960479351616,0.9250412142142819,0.7429178086999031,0.11581032764715608,0.19837873890396568,0.8270437133337857,0.17119896113782804,0.2797123277522334,0.8721948600622286,0.2846659510753048,0.42202728615146323,0.04804527178426675,
B_argmax_matchE50,8,0.5,8.0,45712.1282051282,3027.74358974359,3027.74358974359,44439.41025641026,0.20038236140099597,1.2765814770572634,0.7384819192291296,0.6926988097445952,0.19644286737502112,0.3018069339690312,0.8165014747426528,0.28153019007574603,0.41151050199285266,0.8933203547422701,0.4237010995353639,0.5644634417124096,0.08162386612810772,
B_argmax_matchE50,8,1.0,8.0,45712.1282051282,6056.025641025641,6056.025641025641,44439.41025641026,0.20728287545736948,0.8834416547712249,0.5453622651142972,0.5905332897456418,0.2929156416361902,0.3856650459209445,0.7617181003973221,0.41567863110220654,0.5307325929701723,0.8991432636372968,0.5748906772259873,0.6946067523500239,0.11641680731517116,
B_argmax_matchE50,16,0.02,15.692307692307692,63966.205128205125,144.10256410256412,144.10256410256412,54121.41025641026,0.2966627469659205,2.423616852345678,1.3601397996557993,0.7446694600837381,0.012979921496547298,0.025481338319512336,0.7806026867057576,0.02906633990440443,0.05579601468962832,0.7946255119873695,0.08075423654252127,0.14502839815214957,0.004380907942840898,
B_argmax_matchE50,16,0.05,15.692307692307692,63966.205128205125,361.02564102564105,361.02564102564105,54121.41025641026,0.2626732479182191,2.3125638943893656,1.2876185711537924,0.766694370211874,0.0278556392858464,0.05359292924919556,0.8082168005738432,0.047799743633897766,0.08970040349703881,0.8222274234519216,0.10660912635804909,0.18666561136174603,0.011265039987980788,
B_argmax_matchE50,16,0.1,15.692307692307692,63966.205128205125,722.5128205128206,722.5128205128206,54121.41025641026,0.2399527184836947,2.1521966605075145,1.1960746894956047,0.771801576663573,0.0515977228339075,0.09613955898495585,0.8217094976479574,0.07705002624393414,0.13962714750516364,0.8446884467658055,0.14813818314548635,0.24849060140702278,0.022369352463226442,
B_argmax_matchE50,16,0.25,15.692307692307692,63966.205128205125,1807.076923076923,1807.076923076923,54121.41025641026,0.21066934318205496,1.7809328188592362,0.9958010810206457,0.7444762633889354,0.11198937897830444,0.19257854130995866,0.8342365286629518,0.16005864177762502,0.2647056572643932,0.877011552460371,0.2613092402954401,0.39504366860767787,0.051694958753076836,
B_argmax_matchE50,16,0.5,15.692307692307692,63966.205128205125,3614.5128205128203,3614.5128205128203,54121.41025641026,0.19698182607403888,1.4271949108585247,0.8120883684662819,0.6870845211415116,0.18521256578838818,0.28731265032882014,0.8168160066705319,0.25798225708849587,0.3852351676161423,0.8977711221459606,0.38276058134151913,0.5270521385658261,0.0858395749271696,
B_argmax_matchE50,16,1.0,15.692307692307692,63966.205128205125,7229.538461538462,7229.538461538462,54121.41025641026,0.20576599831591347,0.9926135595581095,0.5991897789370114,0.5769641941639532,0.2734058416311383,0.3652270176974081,0.7567076927327308,0.37919777467525256,0.4992042972755509,0.9038946969089735,0.5209210646493029,0.6543861248307599,0.11884556710791536,
B_argmax_matchE75,-1,0.02,23.666666666666668,76401.07692307692,65.53846153846153,65.53846153846153,59403.743589743586,0.3608966263905751,2.7276950793600063,1.5442958528752908,0.6780742359545813,0.005947648947865099,0.011783994425035785,0.7226038494027384,0.015717203567881848,0.03069893615082969,0.739089829623269,0.05027485923672968,0.0934884600181451,0.001695748275592906,
B_argmax_matchE75,-1,0.05,23.666666666666668,76401.07692307692,164.64102564102564,164.64102564102564,59403.743589743586,0.2911155905899069,2.5200983067633955,1.4056069486766514,0.7432332731440338,0.013345465605094921,0.02618886502732116,0.7843411276316767,0.027577482299607572,0.05313328893935724,0.7980929201573953,0.07407654728862688,0.13474884912268104,0.004877578581309624,
B_argmax_matchE75,-1,0.1,23.666666666666668,76401.07692307692,329.7692307692308,329.7692307692308,59403.743589743586,0.26589792620906194,2.432656362277347,1.3492771442432046,0.7636964370841949,0.02378420868684626,0.04602039610626116,0.8055808004421257,0.04099122641480825,0.07763197577688344,0.8187643856308773,0.09309961293627407,0.1657281177278811,0.010029850762340546,
B_argmax_matchE75,-1,0.25,23.666666666666668,76401.07692307692,825.1794871794872,825.1794871794872,59403.743589743586,0.23721141152601,2.219642658625849,1.2284270350759294,0.7727278267924732,0.05364917043811017,0.0997543683772053,0.8238597445424415,0.07785543443687114,0.14112244365293033,0.8452441484826289,0.1436719424132335,0.24297550606294535,0.02491740855645429,
B_argmax_matchE75,-1,0.5,23.666666666666668,76401.07692307692,1650.7692307692307,1650.7692307692307,59403.743589743586,0.2185980323563942,1.9328181261052448,1.0757080792308196,0.7490816361666638,0.0954239625101791,0.16787699547538734,0.828330519956937,0.13562961304685203,0.2305519563049684,0.8665338940152282,0.2269324673990637,0.3534710202384773,0.04652385392130927,
B_argmax_matchE75,-1,1.0,23.666666666666668,76401.07692307692,3302.102564102564,3302.102564102564,59403.743589743586,0.19901061471973705,1.5809425666888592,0.8899765907042981,0.6967583107714527,0.16037447074139774,0.2577481981060878,0.8212845724121223,0.22368259882796165,0.34657006911720273,0.8929332398103265,0.33693262141019487,0.48172131119178146,0.07867167568540781,
B_argmax_matchE75,1,0.02,1.0,9945.23076923077,15.128205128205128,15.128205128205128,14955.076923076924,0.2716090497960965,2.1815700898667525,1.2265895698314246,0.7230936358764414,0.004428369484358408,0.008798744030330463,0.7384698718409125,0.012027259670149297,0.023650187565434997,0.7746579170787316,0.05198644343920245,0.09710154370606873,0.0008968446094900864,
B_argmax_matchE75,1,0.05,1.0,9945.23076923077,38.64102564102564,38.64102564102564,14955.076923076924,0.2662166815793871,2.083859695145698,1.1750381883625425,0.7218493572741643,0.010019964247867828,0.019744722887605454,0.7484289048314475,0.02192655647241372,0.042502426855756115,0.7852042320295681,0.07622093321355733,0.13784321850687797,0.0023076496619028578,
B_argmax_matchE75,1,0.1,1.0,9945.23076923077,77.74358974358974,77.74358974358974,14955.076923076924,0.2583759400129551,1.9796637632676193,1.1190198516402872,0.710611414858187,0.018199340978360828,0.03543950896459405,0.761310988294524,0.03567403959216653,0.06794217560393948,0.7984454006019899,0.10364215952983039,0.18188438393813686,0.004536838531631978,
B_argmax_matchE75,1,0.25,1.0,9945.23076923077,195.2051282051282,195.2051282051282,14955.076923076924,0.2405068591921839,1.7823178578689256,1.0114123585305548,0.7133331175095012,0.042799112650715475,0.08048742819881632,0.7866117242321332,0.07393978515320956,0.13438991685683346,0.8332166171641942,0.17018385600628758,0.2797376009308576,0.011424960395023767,
B_argmax_matchE75,1,0.5,1.0,9945.23076923077,390.9230769230769,390.9230769230769,14955.076923076924,0.22035498692083882,1.5520345135528602,0.8861947502368495,0.7044375142269582,0.0829434631039559,0.1476982657070763,0.7999737876390486,0.1386482255333963,0.23476522970082142,0.8647663049501864,0.2661131434979915,0.40302653345739065,0.022233936594346405,
B_argmax_matchE75,1,1.0,1.0,9945.23076923077,782.2564102564103,782.2564102564103,14955.076923076924,0.21515636753446388,1.2575555058746046,0.7363559367045343,0.6749881952771408,0.15221230316210127,0.24679639219844035,0.7881092737276655,0.23724935577334236,0.36224815349409056,0.8814521433832351,0.39513140403593483,0.5415559429437753,0.041750255064801164,
B_argmax_matchE75,2,0.02,2.0,17112.923076923078,25.487179487179485,25.487179487179485,24069.0,0.17268653609796106,1.926540549355489,1.049613542726725,0.7297277202642599,0.005229896116230626,0.010380564921787697,0.8383721017544548,0.01604428387071967,0.03145901884445176,0.8907863541687072,0.07165084103457191,0.13231505394098905,0.0011794542255018467,
B_argmax_matchE75,2,0.05,2.0,17112.923076923078,64.56410256410257,64.56410256410257,24069.0,0.17504684879040958,1.8318989916178943,1.003472920204152,0.7162275594361863,0.01107634579139973,0.02179849012940116,0.8339718884668474,0.027189626017178146,0.05260365340572892,0.8865911486944191,0.09578033426951328,0.17251611400306835,0.002851293426662254,
B_argmax_matchE75,2,0.1,2.0,17112.923076923078,129.71794871794873,129.71794871794873,24069.0,0.18133226334951877,1.7339022682140994,0.9576172657818091,0.7003065460776532,0.020390022527724278,0.03956996870972642,0.8240852609682572,0.04428991324109075,0.08391866372918172,0.8838301296441139,0.12977248313950251,0.22561685728903955,0.0055317283483920935,
B_argmax_matchE75,2,0.25,2.0,17112.923076923078,325.05128205128204,325.05128205128204,24069.0,0.18147897827433143,1.5605593233040573,0.8710191507891943,0.6883374442133444,0.04549848305436546,0.08510992594182526,0.8220025061359718,0.0859481975131999,0.15502655945485624,0.8911274998616929,0.2006320893294773,0.32555474941748525,0.013208657112447404,
B_argmax_matchE75,2,0.5,2.0,17112.923076923078,650.7435897435897,650.7435897435897,24069.0,0.18162849309294846,1.361014706165096,0.7713215996290221,0.6762587423030371,0.08560359772199662,0.15125171801881687,0.8130573210162106,0.14952880875051344,0.25115298118096036,0.8979601579860101,0.2944330253971197,0.44083749683337087,0.025669721231994024,
B_argmax_matchE75,2,1.0,2.0,17112.923076923078,1302.1025641025642,1302.1025641025642,24069.0,0.18523373329639206,1.0848386539663306,0.6350361936313613,0.6601197475458803,0.16026497235915899,0.2560638714746723,0.8005005642039605,0.2614171584800655,0.39156587159327744,0.899790553729279,0.4390706974636309,0.5869102228817165,0.048535725669710976,
B_argmax_matchE75,4,0.02,4.0,29999.666666666668,43.46153846153846,43.46153846153846,34478.53846153846,0.23053007957685714,2.0052708477942596,1.1179004636855583,0.7347075274527999,0.006574991926986135,0.013029486182974911,0.8188872349889751,0.020906906187494276,0.040746440165005546,0.8521033145794535,0.09221605793071205,0.16594532315311647,0.001692855927898797,
B_argmax_matchE75,4,0.05,4.0,29999.666666666668,109.53846153846153,109.53846153846153,34478.53846153846,0.24727678093654135,1.9275238203405276,1.0874003006385347,0.7245199350286038,0.014235097195620496,0.027905142229856076,0.8047201286513402,0.03526210236154737,0.06749584772553592,0.8376052495672237,0.1178373410880443,0.205861610087036,0.00408955158050884,
B_argmax_matchE75,4,0.1,4.0,29999.666666666668,219.5897435897436,219.5897435897436,34478.53846153846,0.25093890229356497,1.8447732507146843,1.0478560765041247,0.7210143761943447,0.02618215478475609,0.05046827929793279,0.7985034952955046,0.05496123930166007,0.10263758294595132,0.832707890514913,0.1493273963097234,0.25169986464749183,0.007942535934490926,
B_argmax_matchE75,4,0.25,4.0,29999.666666666668,549.8205128205128,549.8205128205128,34478.53846153846,0.23206043368850907,1.6775745454067241,0.9548174895476166,0.7332542698663681,0.06018154026304579,0.11089972760862274,0.8117859094238202,0.10313140151955906,0.18213821752423623,0.851234151656831,0.21582993149734447,0.3410881197970272,0.019760152403107363,
B_argmax_matchE75,4,0.5,4.0,29999.666666666668,1100.1538461538462,1100.1538461538462,34478.53846153846,0.21635309306121014,1.4594897123738122,0.8379214027175113,0.7286941566457169,0.11194002845166463,0.19308444509226022,0.8195636085847786,0.17696498580406503,0.2889276780899156,0.8700401641776856,0.3141800894471005,0.4564224712732071,0.03843064777611434,
B_argmax_matchE75,4,1.0,4.0,29999.666666666668,2200.897435897436,2200.897435897436,34478.53846153846,0.20520351330412362,1.1502635840151871,0.6777335486596554,0.6968037975932295,0.19751343317364226,0.30539665563873253,0.8118935415281684,0.2943448516896429,0.42775870450220993,0.8869080815022239,0.4546171478833816,0.594962122879486,0.06980338392898516,
B_argmax_matchE75,8,0.02,8.0,45712.1282051282,53.12820512820513,53.12820512820513,44439.41025641026,0.2815126921077979,2.2525545063134467,1.267033599210622,0.7427132044143815,0.0072504574295063915,0.014354203229984862,0.7827155699327968,0.023583518328693927,0.045712164461942095,0.8053792272488007,0.08527750662570077,0.15312273423442774,0.0017912536185110222,
B_argmax_matchE75,8,0.05,8.0,45712.1282051282,133.6153846153846,133.6153846153846,44439.41025641026,0.28372362285411185,2.190618156773391,1.2371708898137515,0.729318915277264,0.014625598494085939,0.0286477033214915,0.7807244014185727,0.03471404385183711,0.06628058746182272,0.8029806289122511,0.10030760714489205,0.1767453997608292,0.0044823602780008935,
B_argmax_matchE75,8,0.1,8.0,45712.1282051282,267.71794871794873,267.71794871794873,44439.41025641026,0.2719146973989028,2.122336952466994,1.1971258249329482,0.7436417249205169,0.026106943579970288,0.05033902922920138,0.794371157767656,0.04936707907554933,0.09247752521394652,0.8139707852889347,0.11978916131843562,0.20636292868119058,0.009220878031721506,
B_argmax_matchE75,8,0.25,8.0,45712.1282051282,669.8717948717949,669.8717948717949,44439.41025641026,0.24231476782623218,1.9412758605425176,1.0917953141843748,0.7628283516047804,0.05858362906608209,0.10831815488826169,0.8164787896240083,0.0904246331362191,0.16161059009977471,0.8415800735704223,0.17502400064200727,0.28646172122369146,0.0230978427953549,
B_argmax_matchE75,8,0.5,8.0,45712.1282051282,1340.3333333333333,1340.3333333333333,44439.41025641026,0.2228199484658942,1.684438873986412,0.9536294112261532,0.7456403332270755,0.10595767394847094,0.18423659049499902,0.8226148472852762,0.1557225891199132,0.2593586611590227,0.8637417409357591,0.26632921230787227,0.4017068062725205,0.04408388169723143,
B_argmax_matchE75,8,1.0,8.0,45712.1282051282,2681.1794871794873,2681.1794871794873,44439.41025641026,0.2059166719372859,1.335713260985284,0.7708149664612849,0.699718796237578,0.1823417530285966,0.2864153857645444,0.8168095204057833,0.26167991039095967,0.39106990758414717,0.8866257524517019,0.4011263221090482,0.5428588214811857,0.07605360018876572,
B_argmax_matchE75,16,0.02,15.692307692307692,63966.205128205125,60.56410256410256,60.56410256410256,54121.41025641026,0.3203446163769817,2.5204790719889747,1.4204118441829783,0.7185796010109426,0.0067523444881984855,0.013369433519881405,0.7526231970712498,0.01965039863510632,0.038176403554191794,0.7684309686313566,0.06372909211329122,0.11660851349617679,0.0018070904780968155,
B_argmax_matchE75,16,0.05,15.692307692307692,63966.205128205125,152.10256410256412,152.10256410256412,54121.41025641026,0.29812371096313317,2.4192401894594595,1.3586819502112963,0.7413711297870017,0.013814224059502158,0.02708528857443911,0.7780246736811002,0.030173366312474175,0.05783181808960821,0.7926956786770699,0.08199800522376999,0.14701293359532736,0.004712207176745431,
B_argmax_matchE75,16,0.1,15.692307692307692,63966.205128205125,304.71794871794873,304.71794871794873,54121.41025641026,0.2725911481704434,2.342018650466883,1.3073048993186633,0.7597602919684089,0.02451917265039882,0.04738303753017776,0.7998515231886615,0.043473284317009905,0.08198976017946105,0.814021958762205,0.10008764017473307,0.17629467042733296,0.00963388435653964,
B_argmax_matchE75,16,0.25,15.692307692307692,63966.205128205125,762.5897435897435,762.5897435897435,54121.41025641026,0.24028780137425323,2.1420741371289647,1.1911809692516089,0.7719243904656512,0.055011095070791854,0.10210721580400345,0.8213861187271309,0.0807551461909611,0.1458331775499804,0.8429797607315402,0.15136925622865385,0.2533916873649146,0.024068655611700535,
B_argmax_matchE75,16,0.5,15.692307692307692,63966.205128205125,1525.6153846153845,1525.6153846153845,54121.41025641026,0.22126431476454547,1.8623261259099801,1.0417952203372627,0.7500111203848588,0.09846406164944183,0.17257035236979062,0.8269896674543344,0.13991066443615077,0.23676101865826404,0.8649265717481507,0.23467985501349722,0.36407715186678696,0.04545502153812665,
B_argmax_matchE75,16,1.0,15.692307692307692,63966.205128205125,3051.5897435897436,3051.5897435897436,54121.41025641026,0.20250443698221657,1.5095976973554306,0.8560510671688235,0.7011120222053885,0.16714297300702202,0.26676256969109924,0.8211867621652988,0.2340040886014834,0.3586389988359816,0.8897087412904755,0.3552057674132793,0.49849568760324686,0.0779254321918254,
C_grid,-1,0.005,23.666666666666668,636091.4615384615,3180.051282051282,3180.051282051282,59403.743589743586,0.22514012211718792,1.8648996216197082,1.045019871868448,0.6525267390179035,0.10759312493639565,0.1822907726573289,0.8446040491417014,0.13653347319767706,0.23263780317923027,0.8737080689948573,0.21908657978937887,0.34605300578032266,0.06064208816559821,0.1014314203593614
C_grid,-1,0.01,23.666666666666668,636091.4615384615,6360.48717948718,6360.48717948718,59403.743589743586,0.22858590992004574,1.562152204975851,0.8953690574479484,0.5477982102420813,0.172620719385563,0.2574758557548918,0.8117003852428648,0.21476941525448773,0.3357223583075094,0.8837387822597587,0.3154052669742861,0.4603502272469853,0.08960003471786562,0.1014314203593614
C_grid,-1,0.02,23.666666666666668,636091.4615384615,12721.538461538461,12721.538461538461,59403.743589743586,0.2383200173959132,1.275382490373151,0.7568512538845321,0.43761147399417705,0.2639724914778668,0.321559648757823,0.736714714402651,0.31382814433680223,0.43407161886600887,0.889727676589253,0.41706770003106797,0.5630532558739212,0.11696365044602783,0.1014314203593614
C_grid,-1,0.05,23.666666666666668,636091.4615384615,31804.30769230769,31804.30769230769,59403.743589743586,0.2871490906138405,0.7472417639682732,0.5171954272910568,0.3126653016892432,0.42956561761148204,0.3538216677312995,0.585208652384695,0.48843053342746234,0.5238749240972539,0.8623728564914412,0.5981433559529399,0.7020894108025743,0.12916817063342634,0.1014314203593614
C_grid,-1,0.1,23.666666666666668,636091.4615384615,63608.92307692308,63608.92307692308,59403.743589743586,0.39010489091477163,0.45431643736389093,0.4222106641393313,0.22978840735108036,0.5742738100474636,0.32234863993542384,0.4507220993339892,0.6347522644890873,0.518815000332802,0.7806121161693026,0.7449460630199359,0.7584795944181558,0.11409046687998362,0.1014314203593614
C_grid,-1,0.25,23.666666666666668,636091.4615384615,159022.6923076923,159022.6923076923,59403.743589743586,0.7093502639854273,0.23973188126137016,0.4745410726233988,0.14492243328455384,0.776462784237701,0.24128951225905348,0.29597743429933127,0.8143731475127896,0.4281546920673029,0.6069510743528067,0.8752450458209705,0.7103222786695184,0.07965706299137341,0.1014314203593614
C_grid,-1,0.5,23.666666666666668,636091.4615384615,318045.71794871794,318045.71794871794,59403.743589743586,0.9959647121637096,0.1321064450821329,0.5640355786229212,0.09169629421159253,0.9022670529849407,0.16515660491118295,0.1930479725815176,0.9159977510317432,0.31512613991551097,0.4534813531829876,0.9398877922635983,0.6040303322222917,0.051323731261725195,0.1014314203593614
C_grid,-1,1.0,23.666666666666668,636091.4615384615,636091.4615384615,636091.4615384615,59403.743589743586,1.4670059219563016,0.07176126004872808,0.769383591002515,0.05181288020439672,0.976746399200172,0.09799965962039285,0.11072807825101331,0.9781546219950502,0.197594092058981,0.2806654805467354,0.9817855724697395,0.43166999171426934,0.028928591457535607,0.1014314203593614
C_grid,1,0.005,1.0,378549.8461538461,1892.2307692307693,1892.2307692307693,14955.076923076924,0.23159393811113163,1.149437687254644,0.6905158126828878,0.6615112136688318,0.20824048612951393,0.30741290557314943,0.8018980841172891,0.2672618597890916,0.3928704718734354,0.8625601840360784,0.4019429556905151,0.5393473987300925,0.07197997941452008,0.1
C_grid,1,0.01,1.0,378549.8461538461,3784.974358974359,3784.974358974359,14955.076923076924,0.23510573590257097,0.9354986279984823,0.5853021819505266,0.553501911955287,0.29794944057011913,0.3724418569079761,0.7820071057165006,0.37942682771831177,0.498715629803615,0.8746336154496576,0.528948833046403,0.6495982269522915,0.09786581598187774,0.1
C_grid,1,0.02,1.0,378549.8461538461,7570.48717948718,7570.48717948718,14955.076923076924,0.2456773824484212,0.7405065315938446,0.4930919570211329,0.4269876025039627,0.41201341468311153,0.40229928602283965,0.7177638566135904,0.5023776449302184,0.5769803333288035,0.8798535909330101,0.6368001599815026,0.7323066149363108,0.11404768668824733,0.1
C_grid,1,0.05,1.0,378549.8461538461,18927.128205128207,18927.128205128207,14955.076923076924,0.2997958247526873,0.45104610592429895,0.3754209653384932,0.3040934354383163,0.5797946488124569,0.38744494587490597,0.5791254277482957,0.6615362687069553,0.6053539628784846,0.8416830476551136,0.7749215914784289,0.8018871527661418,0.114328616581003,0.1
C_grid,1,0.1,1.0,378549.8461538461,37854.58974358974,37854.58974358974,14955.076923076924,0.3820200892586107,0.2853089096322844,0.3336644994454475,0.2209351322639811,0.6829260284602615,0.32580893652017595,0.457056955641872,0.7547657495090265,0.5587411098628444,0.7741739561923264,0.8532982926108733,0.8061516588445282,0.09312783017992816,0.1
C_grid,1,0.25,1.0,378549.8461538461,94637.33333333333,94637.33333333333,14955.076923076924,0.6154124090230079,0.18311039881572838,0.39926140391936815,0.13165281992493677,0.7945997458946237,0.2215388388999559,0.30248438647076203,0.8469516917366531,0.4368232281239345,0.6292186021693065,0.9190865260752512,0.7387989413176326,0.058415237871671424,0.1
C_grid,1,0.5,1.0,378549.8461538461,189274.87179487178,189274.87179487178,14955.076923076924,0.8150765640031296,0.13738085317672352,0.47622870858992655,0.0866151519010371,0.8861608921182259,0.1553109028437944,0.21218233249387305,0.9135546255399462,0.33701557226159967,0.5151222312286313,0.947820610454076,0.6562648615159705,0.03809580228041152,0.1
C_grid,1,1.0,1.0,378549.8461538461,378549.8461538461,378549.8461538461,14955.076923076924,1.0502532151852897,0.09312951101953464,0.5716913631024122,0.05239529889888271,0.9659826344552312,0.0984171026433679,0.13380179608921577,0.968100294754596,0.231320998949408,0.3765894337697636,0.9740498609468984,0.5315035999262459,0.022690819464811437,0.1
C_grid,2,0.005,2.0,488331.0,2441.128205128205,2441.128205128205,24069.0,0.21768051282166817,1.076026741222803,0.6468536270222356,0.6545615765644879,0.18528686892395482,0.2830531031092079,0.8043071278386692,0.25377587618032615,0.3797651622554086,0.8728442750147625,0.4123776276529277,0.5525612415955126,0.07031163059338659,0.1
C_grid,2,0.01,2.0,488331.0,4882.820512820513,4882.820512820513,24069.0,0.22407660820994899,0.8807159412050624,0.5523962747075056,0.5604933510443857,0.27347991628446344,0.3571612536329699,0.7831279096425785,0.35984922700371735,0.484219388084355,0.8785719956025915,0.5239543505609219,0.6487733978064384,0.10200848082573657,0.1
C_grid,2,0.02,2.0,488331.0,9766.128205128205,9766.128205128205,24069.0,0.24173858583504676,0.6842285083264578,0.46298354708075223,0.45296074860336916,0.3916226313298971,0.4062517887025632,0.7291234444040879,0.4864897424765563,0.5725244682311593,0.8763881706747413,0.6365079166264235,0.7308223170437821,0.12559201834105754,0.1
C_grid,2,0.05,2.0,488331.0,24416.076923076922,24416.076923076922,24069.0,0.2946900541752872,0.4042906973241988,0.349490375749743,0.32362810279554743,0.5710273532218831,0.40083714532894577,0.5979602747653262,0.6604746422688357,0.6149462714479537,0.8490006715527028,0.783398612493732,0.8084172236568058,0.12993307649865501,0.1
C_grid,2,0.1,2.0,488331.0,48832.743589743586,48832.743589743586,24069.0,0.37277255323197156,0.24932980531262458,0.31105117927229803,0.23975241630903016,0.704235890743009,0.34944537177780527,0.4812593399402466,0.7774035796600695,0.5832462318892786,0.7976166428796292,0.8724430777197654,0.8270286107273637,0.1097576023101157,0.1
C_grid,2,0.25,2.0,488331.0,122082.61538461539,122082.61538461539,24069.0,0.6426119311496706,0.1421978538672762,0.39240489250847344,0.14560325410761096,0.8450780364718006,0.2441486993279586,0.31885921206900375,0.8875952729702766,0.4598527763787699,0.6440886466516995,0.9411782586030858,0.7541256952357693,0.07016947281078616,0.1
C_grid,2,0.5,2.0,488331.0,244165.46153846153,244165.46153846153,24069.0,0.902904737327392,0.10161518730372456,0.5022599623155583,0.09292753413741181,0.9276053756432708,0.16665376645849725,0.21527416960670584,0.9456221538503391,0.3438822909773284,0.5075899844943942,0.9668359961286705,0.6530466150755632,0.04441162052335163,0.1
C_grid,2,1.0,2.0,488331.0,488331.0,488331.0,24069.0,1.2187228186131627,0.07431914677656302,0.6465209826948628,0.052928868760292576,0.9779918273821724,0.09959820093960244,0.12686115866369135,0.9798682305964954,0.22163045696413514,0.3399099878410967,0.9837533238388709,0.49537304366954077,0.02492163538100346,0.1
C_grid,4,0.005,4.0,554813.282051282,2773.5897435897436,2773.5897435897436,34478.53846153846,0.21480334757182393,1.3450305479479092,0.7799169477598665,0.6747931056686779,0.155502894157232,0.24794000877130382,0.844791364345931,0.20200720458373908,0.32148248354596726,0.8800737663769289,0.32514271511693854,0.4682157588292647,0.07185832755855975,0.10013278910125138
C_grid,4,0.01,4.0,554813.282051282,5547.692307692308,5547.692307692308,34478.53846153846,0.21789310252588967,1.1008784514518588,0.6593857769888742,0.571503024473508,0.23940522921752475,0.32783817727781855,0.8233922560632959,0.3029814943445211,0.43525283360696176,0.8888488143607959,0.44248782046777063,0.5830692304790973,0.10199717163478346,0.10013278910125138
C_grid,4,0.02,4.0,554813.282051282,11095.871794871795,11095.871794871795,34478.53846153846,0.23215914475166827,0.8560919918478285,0.5441255682997483,0.4629878988869673,0.355718737450687,0.38912034251214334,0.7559483211475665,0.43053563235956177,0.5377984356945272,0.8900401381729537,0.5676550542290345,0.6857037369291531,0.12892481248273274,0.10013278910125138
C_grid,4,0.05,4.0,554813.282051282,27740.358974358973,27740.358974358973,34478.53846153846,0.28044328497499305,0.5060092568338171,0.3932262709044051,0.32750501362341744,0.5381432747175118,0.39507649576453097,0.6077432513394481,0.6129823549097723,0.5977633954338339,0.8649595288451548,0.7279504745379081,0.7850828967929002,0.13434367236178707,0.10013278910125138
C_grid,4,0.1,4.0,554813.282051282,55481.05128205128,55481.05128205128,34478.53846153846,0.3572375122110842,0.3011471950288516,0.3291923536199679,0.24051361123474627,0.677900320723754,0.3466295844452934,0.47706550643511575,0.7407261623478443,0.5687321666734714,0.8014361987552097,0.8373814014778329,0.8136462646814827,0.1150936313831161,0.10013278910125138
C_grid,4,0.25,4.0,554813.282051282,138703.20512820513,138703.20512820513,34478.53846153846,0.6305576090326587,0.16030873749967534,0.39543317326616706,0.14959482992703874,0.8402285444581407,0.24964187030989096,0.31676404489579085,0.8778451012558063,0.4566893881804346,0.639745040596245,0.9281756907652806,0.7483694283295701,0.07683295725159447,0.10013278910125138
C_grid,4,0.5,4.0,554813.282051282,277406.58974358975,277406.58974358975,34478.53846153846,0.9184577227936668,0.10528618213609817,0.5118719524648824,0.09578557853378704,0.932871634435892,0.1715307076515043,0.21251315349271893,0.9450839854105004,0.34077911489146806,0.4950736480970148,0.9634353525911661,0.6427670719561673,0.049180439628246,0.10013278910125138
C_grid,4,1.0,4.0,554813.282051282,554813.282051282,554813.282051282,34478.53846153846,1.3198779669766396,0.07763864279793041,0.6987583048872851,0.05352734223686156,0.9763945255721627,0.10077883467258208,0.12225775278513992,0.9779504874605812,0.2149709576671623,0.31924656947973357,0.9817221031703992,0.4738211071122915,0.027093692387207068,0.10013278910125138
C_grid,8,0.005,8.0,600167.641025641,3000.3333333333335,3000.3333333333335,44439.41025641026,0.2230074223593568,1.583377823677429,0.9031926230183928,0.6559500434463387,0.13189852940553776,0.21606306842145678,0.8444148311562876,0.16793642203837947,0.2768834507421389,0.8742625005971678,0.2685281512549195,0.4056738341111649,0.06628256239183593,0.10049803222454536
C_grid,8,0.01,8.0,600167.641025641,6001.25641025641,6001.25641025641,44439.41025641026,0.2247879681139947,1.3034307225154953,0.764109345314745,0.5503876452779175,0.20787840263189653,0.2947058733760798,0.8214883759544532,0.2597457878986268,0.3890092768075203,0.8852699140040533,0.38165666233952394,0.5272150606963876,0.09569272482609302,0.10049803222454536
C_grid,8,0.02,8.0,600167.641025641,12002.948717948719,12002.948717948719,44439.41025641026,0.23479614049715905,1.0348210832280291,0.6348086118625941,0.4458418274664547,0.3160750629131228,0.3595652881805532,0.7461298269171104,0.37889449059689084,0.4939060422656408,0.8910102220457617,0.5005173693066401,0.6341926450702127,0.12410214875729235,0.10049803222454536
C_grid,8,0.05,8.0,600167.641025641,30008.02564102564,30008.02564102564,44439.41025641026,0.28134935965193325,0.6092689659697991,0.4453091628108661,0.3169181522172866,0.49210876713102225,0.3758188900569894,0.5948942160422581,0.5573316609149023,0.5651215975943621,0.8668477440513649,0.668438031337217,0.7500037203423601,0.13242689836177662,0.10049803222454536
C_grid,8,0.1,8.0,600167.641025641,60016.48717948718,60016.48717948718,44439.41025641026,0.3734593816991888,0.3589105126490756,0.3661849471741322,0.23266410795582848,0.6343994082679502,0.33371116907703785,0.46169361670536274,0.6955194037479122,0.5452126221243645,0.7911263934868077,0.7994208729035562,0.7906535477038101,0.1145569578197577,0.10049803222454536
C_grid,8,0.25,8.0,600167.641025641,150041.79487179487,150041.79487179487,44439.41025641026,0.6801922126530917,0.18898229058275154,0.4345872516179216,0.14650273055469887,0.8181617329619675,0.2451083285215969,0.30491696674438035,0.8550578268570211,0.4424699854437119,0.6224267495266224,0.9087667628725239,0.7307758034340093,0.07821441844562348,0.10049803222454536
C_grid,8,0.5,8.0,600167.641025641,300083.76923076925,300083.76923076925,44439.41025641026,0.9597680071215401,0.11463886068812268,0.5372034339048314,0.09261365354279501,0.9231994716428051,0.16683719035530986,0.20023483389694394,0.935271684719141,0.3255939835902065,0.4700402801790802,0.9553446406089184,0.621439444694394,0.049689307648546996,0.10049803222454536
C_grid,8,1.0,8.0,600167.641025641,600167.641025641,600167.641025641,44439.41025641026,1.4171256890588413,0.07711871775176989,0.7471222034053056,0.05166544981505656,0.973383036004609,0.09767336737773337,0.11411957965095969,0.9746800264383675,0.20287117896249907,0.2933600952475191,0.9802467508587287,0.44654605029886996,0.027442520647554397,0.10049803222454536
C_grid,16,0.005,15.692307692307692,626015.6153846154,3129.641025641026,3129.641025641026,54121.41025641026,0.22474591119009416,1.7842220204267403,1.004483965808417,0.659661433079522,0.11390765997478343,0.19161157800382775,0.8445608963592781,0.1440562211965625,0.2434104406553653,0.8738253260623339,0.2316940458810089,0.361590963647394,0.06200132475555639,0.1010211213805573
C_grid,16,0.01,15.692307692307692,626015.6153846154,6259.666666666667,6259.666666666667,54121.41025641026,0.22810032109628678,1.4832905122018973,0.855695416649092,0.5543966216933348,0.18252830924565056,0.2691091506193979,0.816931730308057,0.2267619658854676,0.35051465495448053,0.8831098107110079,0.33319291938767365,0.47851707310460084,0.09171945258817635,0.1010211213805573
C_grid,16,0.02,15.692307692307692,626015.6153846154,12519.923076923076,12519.923076923076,54121.41025641026,0.23711429013923122,1.201497370426284,0.7193058302827575,0.4423535034461605,0.27802756843829984,0.33272486408955987,0.7405902481135614,0.33175635725770614,0.4508188222044271,0.890027073287035,0.44096023517749827,0.5833469040593243,0.11925807243118533,0.1010211213805573
C_grid,16,0.05,15.692307692307692,626015.6153846154,31300.51282051282,31300.51282051282,54121.41025641026,0.284050604977927,0.7044075109158756,0.49422905794690136,0.31466294432183056,0.4485016684533653,0.3608807642631089,0.5890267000076927,0.509554603580001,0.5366982348727888,0.8647539371831819,0.6196562142342008,0.7171399730734326,0.1306392359521502,0.1010211213805573
C_grid,16,0.1,15.692307692307692,626015.6153846154,62601.333333333336,62601.333333333336,54121.41025641026,0.3787969893669899,0.4189880152913469,0.3988925023291684,0.23115711703748482,0.5931663636486526,0.3263266241772981,0.4543963894250236,0.6545534204344132,0.5274163771427575,0.7850163784812393,0.7647036387019153,0.7703424834625526,0.11469373986789422,0.1010211213805573
C_grid,16,0.25,15.692307692307692,626015.6153846154,156503.76923076922,156503.76923076922,54121.41025641026,0.6875826595864327,0.22012651694438082,0.4538545882654068,0.14603996287162518,0.7921396124344319,0.24344749496172213,0.2992898704088776,0.8301250753350891,0.4335806216916529,0.6126619568793885,0.8882754392485401,0.7181044123097401,0.07991758139500857,0.1010211213805573
C_grid,16,0.5,15.692307692307692,626015.6153846154,313007.7948717949,313007.7948717949,54121.41025641026,0.9801547291210506,0.12565681603387924,0.552905772577465,0.09224162609661257,0.9105170386532191,0.16613323730854296,0.19519765925717517,0.9235818078427912,0.3184095770718428,0.4580749545738634,0.9454842781112635,0.6092893062869874,0.05106299602121727,0.1010211213805573
C_grid,16,1.0,15.692307692307692,626015.6153846154,626015.6153846154,626015.6153846154,54121.41025641026,1.4493038949692445,0.07421614663487973,0.7617600208020622,0.05183881526121116,0.9750492954689728,0.09803023335043803,0.11158529907860039,0.9768756798706864,0.1989578448212186,0.283466324592974,0.9805548177729951,0.4350551427627038,0.028553519943862248,0.1010211213805573
C_on_B,-1,0.02,23.666666666666668,76401.07692307692,1527.5128205128206,1527.5128205128206,59403.743589743586,0.22808942866697188,2.209302057412462,1.2186957430397167,0.7867355300046375,0.06180792304715894,0.11438154977474546,0.8499137898017347,0.07747092857226327,0.1418145459225146,0.861654785559501,0.13248269952792244,0.2292518891169653,0.03841311924402329,
C_on_B,-1,0.05,23.666666666666668,76401.07692307692,3819.6153846153848,3819.6153846153848,59403.743589743586,0.24594581908041163,1.7836658368744367,1.0148058279774241,0.6680848776839414,0.11936084134587285,0.20167375329463397,0.819350759108313,0.15004560898653224,0.2532072931591841,0.8557898312893487,0.23696293514864655,0.37002698099958914,0.0716795675453207,
C_on_B,-1,0.1,23.666666666666668,76401.07692307692,7639.692307692308,7639.692307692308,59403.743589743586,0.24210088760146833,1.4885642441087443,0.8653325658551063,0.5489711021361996,0.19141991394377458,0.282078898661954,0.7749621318513524,0.23768015807821494,0.36262313076825226,0.8731754329099263,0.3420695718996426,0.48900064935854115,0.10243999421769151,
C_on_B,-1,0.25,23.666666666666668,76401.07692307692,19099.97435897436,19099.97435897436,59403.743589743586,0.2646289051279125,1.0330953371472018,0.6488621211375573,0.40371195614668975,0.33211426979314645,0.3612101995688,0.6559440244931386,0.3937370707816644,0.48973262678688495,0.8722140145663374,0.502409916377584,0.6353672915354508,0.1328163961915323,
C_on_B,-1,0.5,23.666666666666668,76401.07692307692,38200.282051282054,38200.282051282054,59403.743589743586,0.32480888966754384,0.5967593626973915,0.4607841261824676,0.302601804900154,0.4732093048257805,0.3657651217296036,0.531091693809922,0.5529144855234331,0.5381996665072712,0.824548017955257,0.6750722153988574,0.7407082377816194,0.13042409079798117,
C_on_B,-1,1.0,23.666666666666668,76401.07692307692,76401.07692307692,76401.07692307692,59403.743589743586,0.5424017010453814,0.24089776412360672,0.39164973258449404,0.20412966329761525,0.6380658107761913,0.3071881247632008,0.376922853762754,0.7676378797194912,0.5024946730292275,0.6733124772137472,0.8821305131553979,0.7610483660177094,0.10197513876143023,
C_on_B,1,0.02,1.0,9945.23076923077,198.46153846153845,198.46153846153845,14955.076923076924,0.2925482353191377,1.6740580992028775,0.9833031672610076,0.7158014384501552,0.05260568990478869,0.09753319949199275,0.7380035886023507,0.08855768812890047,0.1562339090145651,0.7747255580549353,0.17852000677081542,0.28529548813383776,0.012506252477169863,
C_on_B,1,0.05,1.0,9945.23076923077,496.7692307692308,496.7692307692308,14955.076923076924,0.2484481471990354,1.4611363772346224,0.8547922622168289,0.7559701364172552,0.10722253450983492,0.18647492597219048,0.7844581851572282,0.148772582586625,0.24799206980456548,0.8221322476298858,0.2546351179175782,0.38557343844358544,0.03249295928778414,
C_on_B,1,0.1,1.0,9945.23076923077,994.1025641025641,994.1025641025641,14955.076923076924,0.21838542820091275,1.2338236877171174,0.7261045579590151,0.7557018951507687,0.1743324197617136,0.2813537735897554,0.809133603312309,0.22544814954062511,0.3503457193723277,0.8585580025490711,0.3571647497581748,0.5010058218383507,0.06077727971700847,
C_on_B,1,0.25,1.0,9945.23076923077,2485.948717948718,2485.948717948718,14955.076923076924,0.22647618889919272,0.8932829146144136,0.5598795517568032,0.6002632253761018,0.2840978748230386,0.3835397062926694,0.7545636993062639,0.3872919987986349,0.5098342969982935,0.8770219703889232,0.553956553679137,0.6764350286707446,0.09995116387690858,
C_on_B,1,0.5,1.0,9945.23076923077,4972.410256410257,4972.410256410257,14955.076923076924,0.25397732607086265,0.6246542238694409,0.43931577497015173,0.4495384368567081,0.38242683648080505,0.4108368302136321,0.6531544467304982,0.5349114183064427,0.5856417349307356,0.8660030772253311,0.7054023372766783,0.7755593941702196,0.11335723924067906,
C_on_B,1,1.0,1.0,9945.23076923077,9945.23076923077,9945.23076923077,14955.076923076924,0.4035699653793975,0.3044834569921837,0.35402671118579054,0.2984779625139437,0.44451631468158215,0.35489623489074884,0.491038919163982,0.6440843878329157,0.5543296055537882,0.758881384877159,0.8504298738314228,0.7996346771421476,0.10142736486767064,
C_on_B,2,0.02,2.0,17112.923076923078,341.6923076923077,341.6923076923077,24069.0,0.18582524942451734,1.5815359114394256,0.8836805804319715,0.7652962060059588,0.052549993758692556,0.09802297692665668,0.8422962628489667,0.08960967216514804,0.16101560504507617,0.8808598582538332,0.1890826546405284,0.30848184432916237,0.015899454358433908,
C_on_B,2,0.05,2.0,17112.923076923078,855.1794871794872,855.1794871794872,24069.0,0.1956281088203085,1.3173074774268014,0.756467793123555,0.7415036757310737,0.10555538858282634,0.18395603457111137,0.8294677753964785,0.15680823833148233,0.2625592696501801,0.8791506993828944,0.2848516023094352,0.4282997582010893,0.036378094996471315,
C_on_B,2,0.1,2.0,17112.923076923078,1710.8974358974358,1710.8974358974358,24069.0,0.20108100877399293,1.1006312348920406,0.6508561218330168,0.7061687844348992,0.17166952942748676,0.27463411433371854,0.8142481936772255,0.23794977327095018,0.36642090648757086,0.8789904795659362,0.3921100532336555,0.5399442345584434,0.06460929941818372,
C_on_B,2,0.25,2.0,17112.923076923078,4277.897435897436,4277.897435897436,24069.0,0.21633123251113728,0.7758499283533937,0.4960905804322655,0.5793190641021049,0.2999708673473625,0.3928841446962656,0.7625527405966372,0.40927017897118423,0.5300034812395519,0.8842806497030349,0.5825739420109561,0.6996460619740582,0.11052911843938518,
C_on_B,2,0.5,2.0,17112.923076923078,8556.205128205129,8556.205128205129,24069.0,0.26030750556543275,0.4963838583285254,0.3783456819469791,0.4437229218833085,0.41646623773471103,0.42697070020237604,0.6553850862350666,0.5699482565763265,0.6064862445379899,0.8625229796589097,0.740868482603727,0.7944262903953853,0.12733299967445008,
C_on_B,2,1.0,2.0,17112.923076923078,17112.923076923078,17112.923076923078,24069.0,0.43611068074123194,0.23336377117421825,0.33473722595772504,0.2987296224810416,0.5096130128441292,0.3745167459712137,0.49146643430084536,0.7199838568234662,0.5810704415921895,0.7551327502312898,0.8986592282529489,0.81735152165152,0.11233754642148064,
C_on_B,4,0.02,4.0,29999.666666666668,599.4615384615385,599.4615384615385,34478.53846153846,0.2070903644491028,1.8342693670917118,1.0206798657704075,0.8172075742305515,0.05741122635107514,0.10702056202830448,0.8629704284114076,0.08451117347245411,0.15337785075299867,0.8753992443163335,0.15848182471346695,0.26710883192608553,0.0227164485584661,
C_on_B,4,0.05,4.0,29999.666666666668,1499.5641025641025,1499.5641025641025,34478.53846153846,0.21796607909076138,1.526706411040929,0.8723362450658451,0.7793155929467505,0.11065968208163748,0.1932607165285812,0.8460111792358936,0.1457072400370574,0.24786078807328726,0.8666077586609734,0.24564592738622892,0.381621902017036,0.050650968806232384,
C_on_B,4,0.1,4.0,29999.666666666668,2999.5641025641025,2999.5641025641025,34478.53846153846,0.2206239253955564,1.2406546888499632,0.7306393071227598,0.7013694324729841,0.18136490174661757,0.2873093534185762,0.8290047039647829,0.23533933562195586,0.3655507479619679,0.8719498998076923,0.36627459894231335,0.5135412769046289,0.08390269090463942,
C_on_B,4,0.25,4.0,29999.666666666668,7499.48717948718,7499.48717948718,34478.53846153846,0.2281714976699501,0.8531274168236229,0.5406494572467865,0.5402277890394533,0.329921060984257,0.40782586090706985,0.7514403676450316,0.42013436857004083,0.5369010372814987,0.8868725151779123,0.5695673494471041,0.6904967825993129,0.12935284709578113,
C_on_B,4,0.5,4.0,29999.666666666668,14999.538461538461,14999.538461538461,34478.53846153846,0.2656169941465172,0.5290108666754344,0.3973139304109758,0.4091262949282486,0.47039008917383957,0.43532352393663387,0.6368240632728569,0.5899655319571063,0.6096513683344955,0.866902938020575,0.7269232226030252,0.7883388466427856,0.1411090233799177,
C_on_B,4,1.0,4.0,29999.666666666668,29999.666666666668,29999.666666666668,34478.53846153846,0.4459605383907186,0.21765635257588406,0.33180844548330135,0.27271091661923635,0.5920610345696196,0.37165745193799393,0.46370683126117146,0.7734383546920424,0.5769851801972062,0.7424837750735251,0.908467273094131,0.8143297155678901,0.11766820604592038,
C_on_B,8,0.02,8.0,45712.1282051282,913.6923076923077,913.6923076923077,44439.41025641026,0.21742961319945683,2.044175601956219,1.130802607577838,0.8172649325591723,0.05855544161825554,0.10910663713848645,0.8591902607416517,0.07705192537854055,0.14116279752792202,0.8677844488403611,0.1370198910807009,0.23620467374767115,0.03001682470954547,
C_on_B,8,0.05,8.0,45712.1282051282,2285.076923076923,2285.076923076923,44439.41025641026,0.23541392211336662,1.6686210787422566,0.9520175004278115,0.7402786683774716,0.11337953311003172,0.1962939803018322,0.8328668417489222,0.14371671362597113,0.2448078420225191,0.8575724146219651,0.23429121290728858,0.3674708919910542,0.060930808873568575,
C_on_B,8,0.1,8.0,45712.1282051282,4570.717948717948,4570.717948717948,44439.41025641026,0.23494819219262794,1.3550748651033258,0.7950115286479769,0.6372733612142901,0.1864198513353929,0.2876675837224353,0.8101615928932093,0.23587544723736142,0.3646010185785785,0.8680625317434855,0.3558069278153473,0.5023051032850141,0.09413886024953036,
C_on_B,8,0.25,8.0,45712.1282051282,11427.589743589744,11427.589743589744,44439.41025641026,0.24409040721629807,0.9500698754310489,0.5970801413236735,0.4737912045584224,0.3310319137918118,0.38795206811689414,0.711725159349694,0.40706475507724094,0.5161646839915169,0.8807571926726746,0.5362118285907942,0.6633989325348485,0.1325030557776683,
C_on_B,8,0.5,8.0,45712.1282051282,22855.82051282051,22855.82051282051,44439.41025641026,0.2834141400474483,0.5738969155873995,0.42865552781742394,0.35987370021120413,0.47455264736852326,0.406915463920917,0.5953075940515051,0.5697860010639972,0.5792907370469662,0.8566403757217496,0.6970764486720936,0.7666590476053025,0.13860523213507622,
C_on_B,8,1.0,8.0,45712.1282051282,45712.1282051282,45712.1282051282,44439.41025641026,0.47919077357389595,0.22194837666087636,0.3505695751173861,0.24159563437722717,0.6220295122661701,0.3462926554550645,0.42804905204992355,0.7795406640013339,0.5499595303928421,0.7176987360140797,0.9011010374986441,0.7966772734637301,0.11256563591201608,
C_on_B,16,0.02,15.692307692307692,63966.205128205125,1278.820512820513,1278.820512820513,54121.41025641026,0.2207385853658634,2.160904675854925,1.190821630610394,0.8026551679446834,0.0613338948368337,0.11380388261113095,0.855789954673561,0.07768401755914467,0.14227438410725865,0.8662059040648175,0.13349086041387537,0.23096937364455003,0.03607697316835775,
C_on_B,16,0.05,15.692307692307692,63966.205128205125,3197.846153846154,3197.846153846154,54121.41025641026,0.24251655660587465,1.7560494230222894,0.9992829898140818,0.6938581050185895,0.11770457682950611,0.20073080308329597,0.8252208097964547,0.14745972912253472,0.24984093752909894,0.8570492954432664,0.2335604984015983,0.3663228394188935,0.06888981611567925,
C_on_B,16,0.1,15.692307692307692,63966.205128205125,6396.128205128205,6396.128205128205,54121.41025641026,0.24032871567415326,1.4508631944733683,0.8455959550737608,0.5760036150804299,0.18948373594883347,0.2840689413162887,0.7900975053865049,0.23593183537900045,0.36245209448520366,0.8723413988241486,0.3441897555626089,0.4910778281652853,0.10055023539581052,
C_on_B,16,0.25,15.692307692307692,63966.205128205125,15991.23076923077,15991.23076923077,54121.41025641026,0.2571568684394276,1.0072199267670772,0.6321883976032524,0.42371589049539765,0.331580117117257,0.36987930646434153,0.6740269109641692,0.39739415513591414,0.49814255371183364,0.8755324075887384,0.5118191298027741,0.643356645276411,0.13337394323426952,
C_on_B,16,0.5,15.692307692307692,63966.205128205125,31982.846153846152,31982.846153846152,54121.41025641026,0.30814206230746305,0.584439391232674,0.4462907267700685,0.31845053406173907,0.4739754371266815,0.37843930281159277,0.5498574265671361,0.5579396227949841,0.5510584186307488,0.837346684144827,0.6837996784452812,0.7511652583927682,0.13339232197772966,
C_on_B,16,1.0,15.692307692307692,63966.205128205125,63966.205128205125,63966.205128205125,54121.41025641026,0.5177283000446962,0.23427956093898258,0.3760039304918394,0.21552754237179444,0.63725736225148,0.32046688189750133,0.39318007051164683,0.7747328842809071,0.5189884571439435,0.6892299398638049,0.8882826575467118,0.7739273531236336,0.10590107652582649,
D_conf_sum,-1,0.02,23.666666666666668,76401.07692307692,1527.5128205128206,1527.5128205128206,59403.743589743586,0.22760760626038737,1.9695351807847463,1.098571393522567,0.7584776044626885,0.08660035372802541,0.15469307890171832,0.8232012695503207,0.11781518937349254,0.20516013900648117,0.855648493443955,0.1986126306226309,0.3202840329931695,0.043114247239760164,
D_conf_sum,-1,0.05,23.666666666666668,76401.07692307692,3819.6153846153848,3819.6153846153848,59403.743589743586,0.2041696276220487,1.5428600252446694,0.8735148264333591,0.6921171088988656,0.16790332847988132,0.2687770138917915,0.8110057823424314,0.224499213748213,0.34955703533835164,0.8860630414826158,0.3338574696839476,0.48029517890836954,0.08666785090974047,
D_conf_sum,-1,0.1,23.666666666666668,76401.07692307692,7639.692307692308,7639.692307692308,59403.743589743586,0.2131117825720447,1.2241460605445993,0.7186289215583219,0.5722775306152681,0.2458128070499366,0.34184753132729806,0.7523666368197781,0.3304299828616634,0.4567200080011811,0.8951643444546028,0.4517953742053071,0.5968939827282116,0.11672119035029116,
D_conf_sum,-1,0.25,23.666666666666668,76401.07692307692,19099.97435897436,19099.97435897436,59403.743589743586,0.2637029551715022,0.6772596075236965,0.47048128134759937,0.4004967674692481,0.38608395692379793,0.3901781421058709,0.6230356806282765,0.5035441880629901,0.5545395964624327,0.8641461609322527,0.6469643117028985,0.7377669000971029,0.13493369202824196,
D_conf_sum,-1,0.5,23.666666666666668,76401.07692307692,38200.282051282054,38200.282051282054,59403.743589743586,0.34154047930847514,0.37791200389097057,0.3597262415997229,0.2939015217064208,0.5082831393697321,0.3694093883223853,0.5082749768345202,0.6436864040612682,0.5649425524773124,0.8014546561347075,0.7946846061149007,0.7960070682454253,0.1270467652509695,
D_conf_sum,-1,1.0,23.666666666666668,76401.07692307692,76401.07692307692,76401.07692307692,59403.743589743586,0.5424017010453814,0.24089776412360672,0.39164973258449404,0.20412966329761525,0.6380658107761913,0.3071881247632008,0.376922853762754,0.7676378797194912,0.5024946730292275,0.6733124772137472,0.8821305131553979,0.7610483660177094,0.10197513876143023,
D_conf_sum,1,0.02,1.0,9945.23076923077,198.46153846153845,198.46153846153845,14955.076923076924,0.25826739716729696,1.7914827105278834,1.0248750538475901,0.709013869800828,0.04201713161785883,0.07912292811130668,0.7717565311952307,0.06964189904833495,0.12715759702787777,0.8160554808732464,0.15982664085524906,0.2648622643971243,0.01150672933066096,
D_conf_sum,1,0.05,1.0,9945.23076923077,496.7692307692308,496.7692307692308,14955.076923076924,0.22780250283131478,1.4749322601215593,0.8513673814764371,0.724029038573584,0.10482870732171651,0.1820843878484333,0.8035897720181955,0.1632065471759495,0.26903880461517826,0.8577741870876773,0.2877364346586399,0.4271603823631686,0.02898584580633468,
D_conf_sum,1,0.1,1.0,9945.23076923077,994.1025641025641,994.1025641025641,14955.076923076924,0.20810207414225815,1.1883412845419437,0.6982216793421009,0.696890937987683,0.18846689407795406,0.2946774557971549,0.8047049753814224,0.2670953915302256,0.39864588408275775,0.8837127639681757,0.4140729140264032,0.5606284922938718,0.05510753983072792,
D_conf_sum,1,0.25,1.0,9945.23076923077,2485.948717948718,2485.948717948718,14955.076923076924,0.2262529437686706,0.7508947469338509,0.48857384535126075,0.5700097639886952,0.30182639322011645,0.3925280278178857,0.7310004250204275,0.4444023970060543,0.5499472034601534,0.8804346237472219,0.6430198263553628,0.7399570830079514,0.09499741608167546,
D_conf_sum,1,0.5,1.0,9945.23076923077,4972.410256410257,4972.410256410257,14955.076923076924,0.2619767636519531,0.4593219621503445,0.36064936290114874,0.441283934752168,0.3861238827760451,0.40962106724179814,0.6400878546678767,0.5770962609089058,0.6046385071764562,0.8579772752994782,0.7802475746087493,0.8150788659322897,0.11126064892736306,
D_conf_sum,1,1.0,1.0,9945.23076923077,9945.23076923077,9945.23076923077,14955.076923076924,0.4035699653793975,0.3044834569921837,0.3540267111857906,0.2984779625139437,0.44451631468158215,0.35489623489074884,0.491038919163982,0.6440843878329157,0.5543296055537882,0.758881384877159,0.8504298738314228,0.7996346771421476,0.10142736486767064,
D_conf_sum,2,0.02,2.0,17112.923076923078,341.6923076923077,341.6923076923077,24069.0,0.20045141219362103,1.5557595679553584,0.8781054900744899,0.6864136271451394,0.04606939096980067,0.08610040380515867,0.8063404271579027,0.08293549923638811,0.14990457406673427,0.8729480601850795,0.19295485575921453,0.31492838949145135,0.013708487084517568,
D_conf_sum,2,0.05,2.0,17112.923076923078,855.1794871794872,855.1794871794872,24069.0,0.19533588426669155,1.2728087522093987,0.7340723182380451,0.6903511462695093,0.10992794930006909,0.18861142077461734,0.8101419553645316,0.17922812978704972,0.2914091652988324,0.8841831410090754,0.32947376555164204,0.4772114931739246,0.034040017210014144,
D_conf_sum,2,0.1,2.0,17112.923076923078,1710.8974358974358,1710.8974358974358,24069.0,0.19047261328948742,1.0063480616567684,0.5984103374731279,0.6743664092763186,0.20209702390273604,0.30883148904190244,0.8050227540803417,0.2992426369917021,0.4337854218230204,0.893516303515176,0.46488830266673703,0.609367796023651,0.06400684708438469,
D_conf_sum,2,0.25,2.0,17112.923076923078,4277.897435897436,4277.897435897436,24069.0,0.21619441406599585,0.6061061049098616,0.41115025948792877,0.5648664467343648,0.3339197249538057,0.4175135753070388,0.7388844139836248,0.4963108157883326,0.5909537390837064,0.8850612515835125,0.7021292030044246,0.7802276705246128,0.11018481637698681,
D_conf_sum,2,0.5,2.0,17112.923076923078,8556.205128205129,8556.205128205129,24069.0,0.26378268893962514,0.36040522507407136,0.3120939570068482,0.4373509664345293,0.43221888679593296,0.43252320709723147,0.6409622780620255,0.6364994204998567,0.6362822986255227,0.8573461310681824,0.8290851044141951,0.8410680545975528,0.1260380369278502,
D_conf_sum,2,1.0,2.0,17112.923076923078,17112.923076923078,17112.923076923078,24069.0,0.43611068074123194,0.23336377117421825,0.33473722595772504,0.2987296224810416,0.5096130128441292,0.3745167459712137,0.49146643430084536,0.7199838568234662,0.5810704415921895,0.7551327502312898,0.8986592282529489,0.81735152165152,0.11233754642148064,
D_conf_sum,4,0.02,4.0,29999.666666666668,599.4615384615385,599.4615384615385,34478.53846153846,0.24844460584590924,1.6638552565492541,0.9561499311975817,0.7272499311587826,0.06185218057843379,0.11376310699162492,0.8020984488825607,0.10237974884047792,0.18107484301647225,0.837226938890847,0.2114892613161968,0.335393052580411,0.020950772685314617,
D_conf_sum,4,0.05,4.0,29999.666666666668,1499.5641025641025,1499.5641025641025,34478.53846153846,0.21957127210211366,1.3503063917359848,0.7849388319190492,0.7318728355294649,0.14191363597014955,0.23662081496635987,0.8176489423189325,0.20758668345540834,0.329158450891765,0.8668170469223719,0.34428217561160274,0.488338715352432,0.05114660050169357,
D_conf_sum,4,0.1,4.0,29999.666666666668,2999.5641025641025,2999.5641025641025,34478.53846153846,0.20626809907588134,1.0508278371137736,0.6285479680948275,0.6881504746255102,0.23904775930318045,0.35272679561170295,0.8061165822402696,0.3332041861333483,0.4683452512641028,0.8849583202089019,0.4872292404894044,0.6238807347618838,0.0893657036692613,
D_conf_sum,4,0.25,4.0,29999.666666666668,7499.48717948718,7499.48717948718,34478.53846153846,0.22748602830622444,0.6304466636701308,0.4289663459881777,0.5367771166082549,0.3820998732925926,0.4446230139918222,0.7194067496975255,0.5348144742748875,0.6109707396865077,0.8829525494932011,0.7039361181110433,0.7799497395728671,0.1338162194040212,
D_conf_sum,4,0.5,4.0,29999.666666666668,14999.538461538461,14999.538461538461,34478.53846153846,0.27439639963057877,0.3468923208543499,0.31064436024246433,0.40192581061083366,0.49647138747900615,0.4423398523556011,0.6129577875566158,0.6746738705356423,0.6401191112831637,0.8517744293972459,0.8245395128161275,0.8360689923162915,0.1401395446019958,
D_conf_sum,4,1.0,4.0,29999.666666666668,29999.666666666668,29999.666666666668,34478.53846153846,0.4459605383907186,0.21765635257588406,0.33180844548330135,0.27271091661923635,0.5920610345696196,0.37165745193799393,0.46370683126117146,0.7734383546920424,0.5769851801972062,0.7424837750735251,0.908467273094131,0.8143297155678901,0.11766820604592038,
D_conf_sum,8,0.02,8.0,45712.1282051282,913.6923076923077,913.6923076923077,44439.41025641026,0.24608322399399193,1.8336418430713417,1.0398625335326668,0.7559402625588597,0.07355843780787885,0.13367190120761255,0.8120525096045862,0.10712598485001869,0.1885467639504956,0.8408471437494318,0.1966968544397467,0.31674725226305916,0.03034738191974159,
D_conf_sum,8,0.05,8.0,45712.1282051282,2285.076923076923,2285.076923076923,44439.41025641026,0.2146555162668114,1.4476439447573477,0.8311497305120795,0.7256699059186694,0.15706199960103742,0.2569902567991428,0.8195225876072387,0.21676400317942673,0.34070480972695855,0.8727986120566907,0.33543903647670403,0.4803372662113625,0.06843451540164815,
D_conf_sum,8,0.1,8.0,45712.1282051282,4570.717948717948,4570.717948717948,44439.41025641026,0.209036396031016,1.1328591014221816,0.6709477487265988,0.6445471002700237,0.24522455479600458,0.3536412072557031,0.7868604997303438,0.331359081123516,0.4635362513846714,0.8886683842219464,0.4734902317667338,0.6128212832213221,0.1062145664406913,
D_conf_sum,8,0.25,8.0,45712.1282051282,11427.589743589744,11427.589743589744,44439.41025641026,0.24148708686340428,0.6660940212841187,0.45379055407376145,0.4722048962875496,0.3856058689572246,0.4229413077792319,0.6779062051064911,0.5252812661668119,0.5896579201827467,0.8769731919403461,0.6744974469070627,0.7597549166424176,0.13666260175907566,
D_conf_sum,8,0.5,8.0,45712.1282051282,22855.82051282051,22855.82051282051,44439.41025641026,0.2973221539723594,0.34648168920359407,0.32190192158797676,0.35152253282428514,0.5095573254716884,0.41397085637016656,0.5685632755693698,0.6672360248898286,0.6112942539338041,0.8340232226048416,0.8169563614947057,0.8236077019684469,0.13619189564631254,
D_conf_sum,8,1.0,8.0,45712.1282051282,45712.1282051282,45712.1282051282,44439.41025641026,0.47919077357389595,0.22194837666087636,0.3505695751173861,0.24159563437722717,0.6220295122661701,0.3462926554550645,0.42804905204992355,0.7795406640013339,0.5499595303928421,0.7176987360140797,0.9011010374986441,0.7966772734637301,0.11256563591201608,
D_conf_sum,16,0.02,15.692307692307692,63966.205128205125,1278.820512820513,1278.820512820513,54121.41025641026,0.2338644906601776,1.9337782846404379,1.0838213876503078,0.7601440663906881,0.08291912856817076,0.14896877996400573,0.8218487115529536,0.11401957701047692,0.1994503991622704,0.8518430683405658,0.1969587549475391,0.3179659829043598,0.03851331996831506,
D_conf_sum,16,0.05,15.692307692307692,63966.205128205125,3197.846153846154,3197.846153846154,54121.41025641026,0.20795934190988802,1.5151067186432938,0.8615330302765909,0.7069046446513941,0.16648028783173488,0.2682943595934955,0.8164371216247316,0.22258523831541802,0.3480140774517359,0.8814406713978494,0.33288557200715235,0.47951069702994986,0.08159685699720476,
D_conf_sum,16,0.1,15.692307692307692,63966.205128205125,6396.128205128205,6396.128205128205,54121.41025641026,0.21178301366179214,1.1924789956273376,0.7021310046445648,0.5974966516528397,0.24707798132508613,0.34815796483375483,0.7645337256754597,0.33309475330889515,0.4615535982682773,0.8938119982092755,0.4628339645618722,0.6050466434958551,0.11506659380412246,
D_conf_sum,16,0.25,15.692307692307692,63966.205128205125,15991.23076923077,15991.23076923077,54121.41025641026,0.2548749346887791,0.66795606024432,0.4614154974665495,0.4214153630281753,0.38608667429422966,0.40108673920437177,0.6405703760030104,0.5126073679268324,0.5673379330916225,0.8704372756464355,0.6588256873715003,0.7476205969487177,0.13597585174077137,
D_conf_sum,16,0.5,15.692307692307692,63966.205128205125,31982.846153846152,31982.846153846152,54121.41025641026,0.32215424603989107,0.3644652905953704,0.34330976831763077,0.3105055635295626,0.5105507337171227,0.38390356513908974,0.5274400789989516,0.652834287125506,0.5809396336428297,0.8144798476853826,0.8045723430476008,0.8075315612025401,0.13044065609935335,
D_conf_sum,16,1.0,15.692307692307692,63966.205128205125,63966.205128205125,63966.205128205125,54121.41025641026,0.5177283000446962,0.23427956093898258,0.3760039304918394,0.21552754237179444,0.63725736225148,0.32046688189750133,0.39318007051164683,0.7747328842809071,0.5189884571439435,0.6892299398638049,0.8882826575467118,0.7739273531236336,0.10590107652582649,
E_conf_filter50,-1,0.02,23.666666666666668,8124.794871794872,162.02564102564102,162.02564102564102,59403.743589743586,0.2946400327097634,2.5269010572519983,1.410770544980881,0.7431433351473777,0.012806536744391049,0.02514739286327831,0.7819443612256098,0.02638430653471899,0.05090700257634776,0.7961679124320898,0.07185069414987721,0.1309766737204081,0.004685126758290135,
E_conf_filter50,-1,0.05,23.666666666666668,8124.794871794872,405.79487179487177,405.79487179487177,59403.743589743586,0.25920650824033753,2.395209810709058,1.3272081594746978,0.7684578212225731,0.02772964567138326,0.05336035485803789,0.8101664357763365,0.045248439266617466,0.08526227438981572,0.8249438215817576,0.09997247636051663,0.17666627325635753,0.012153295126873085,
E_conf_filter50,-1,0.1,23.666666666666668,8124.794871794872,812.0,812.0,59403.743589743586,0.24240777662106128,2.2224308001581705,1.2324192883896161,0.7700045013517419,0.050948609070188264,0.094976025764165,0.8175040145831449,0.0725166016189631,0.1321657501722222,0.8413549294630805,0.13711011615518798,0.23306501241002947,0.024034075615654144,
E_conf_filter50,-1,0.25,23.666666666666668,8124.794871794872,2030.8461538461538,2030.8461538461538,59403.743589743586,0.22314151211891703,1.8305585432137303,1.0268500276663237,0.7494735769791053,0.10693437722726948,0.18529870414832053,0.8185453912190273,0.1417596124117977,0.2389697360830819,0.8593238369719745,0.23375301478631824,0.3619435383544027,0.055283676353539715,
E_conf_filter50,-1,0.5,23.666666666666668,8124.794871794872,4062.102564102564,4062.102564102564,59403.743589743586,0.2107873164972584,1.52964523442285,0.8702162754600542,0.7084874431496672,0.16791870373575316,0.26807379701893863,0.8106974379043936,0.21473139930214258,0.3351128476080612,0.872147039103061,0.3231745107517422,0.46469070699807175,0.09243873791938129,
E_conf_filter50,-1,1.0,23.666666666666668,8124.794871794872,8124.794871794872,8124.794871794872,59403.743589743586,0.24061411979013356,1.2675747518072573,0.7540944357986954,0.5876684443408212,0.23307425761362488,0.3294362377355989,0.7537410602229088,0.2922978422673827,0.41623887730537196,0.8631478332511089,0.40930428464914126,0.5492704092490308,0.12140096392759954,
E_conf_filter50,1,0.02,1.0,1739.076923076923,34.256410256410255,34.256410256410255,14955.076923076924,0.2691436871809358,2.098883924214055,1.1840138056974956,0.7250027934165064,0.008827402335892425,0.017423320534634076,0.7450794119202272,0.01953901773745819,0.0380070408732901,0.7822729241137394,0.07117276298817303,0.12947599822218023,0.002056352956740596,
E_conf_filter50,1,0.05,1.0,1739.076923076923,86.51282051282051,86.51282051282051,14955.076923076924,0.2579131255936201,1.9641393241879574,1.1110262248907887,0.7157604792879878,0.020027816692030454,0.03889148298525883,0.7638824217107052,0.037549716861995715,0.07136706923989034,0.8038092488606783,0.1062428083471686,0.18614424323988862,0.005123772383966145,
E_conf_filter50,1,0.1,1.0,1739.076923076923,173.53846153846155,173.53846153846155,14955.076923076924,0.2532084231626252,1.8234617146097871,1.038335068886206,0.7124558184169081,0.03733665283082746,0.07072772473950276,0.7761889033997095,0.062099964247968376,0.11441616464945842,0.8201985534415001,0.14870628532279873,0.24917154116970144,0.010296000357722304,
E_conf_filter50,1,0.25,1.0,1739.076923076923,434.35897435897436,434.35897435897436,14955.076923076924,0.23542304092799904,1.5060070474051142,0.8707150441665567,0.736339670690707,0.09256264064229001,0.16327731578823462,0.7974023067036791,0.14008276153598395,0.23600845577146315,0.8465478526369242,0.26299354649594403,0.39661218589038844,0.02666354123696186,
E_conf_filter50,1,0.5,1.0,1739.076923076923,869.3076923076923,869.3076923076923,14955.076923076924,0.22110546360766284,1.23735332466543,0.7292293941365464,0.7367213275556453,0.17144319433788052,0.2755361290094712,0.8084830405614808,0.23532336707980334,0.3605891614166845,0.8641883318188047,0.37113867414672436,0.5136440214958005,0.05201834772124594,
E_conf_filter50,1,1.0,1.0,1739.076923076923,1739.076923076923,1739.076923076923,14955.076923076924,0.21612936901077523,1.0334480833297777,0.6247887261702764,0.7005642880917465,0.23903371771381465,0.35290928927825826,0.8031999236691595,0.31163492640528295,0.4441832861106187,0.8711617529223594,0.45891974082221704,0.5958413479763167,0.0889333690622776,
E_conf_filter50,2,0.02,2.0,2934.076923076923,58.15384615384615,58.15384615384615,24069.0,0.1790811931117698,1.8434384503770564,1.011259821744413,0.7152932920052312,0.009853648063381607,0.01942595687369628,0.8296813895592938,0.02464414664174961,0.04781812758794576,0.8815211187112294,0.08994974138530859,0.162929204193831,0.002523469966800324,
E_conf_filter50,2,0.05,2.0,2934.076923076923,146.15384615384616,146.15384615384616,24069.0,0.18571252665479174,1.7124909409079403,0.949101733781366,0.7001060040341759,0.022270127412083982,0.04310796730703059,0.8183914615281046,0.04645099801129947,0.08777392956209104,0.8802018362520649,0.13435353968334277,0.2324863808016635,0.006125227650766174,
E_conf_filter50,2,0.1,2.0,2934.076923076923,292.9230769230769,292.9230769230769,24069.0,0.18956137668184914,1.5869994352875751,0.8882804059847123,0.6941542775611369,0.040400684798851026,0.07616947945892971,0.81366246005395,0.07420628875402263,0.13559763162310473,0.8820999574997381,0.18086487863844558,0.2988289725285028,0.011986550174924358,
E_conf_filter50,2,0.25,2.0,2934.076923076923,733.1282051282051,733.1282051282051,24069.0,0.19853175780583493,1.324691842717692,0.7616118002617634,0.7006931929828986,0.09458189021649191,0.16583927418895125,0.805001062499731,0.1500956982299454,0.25146046241488623,0.8763805601073323,0.2931343278040757,0.43652082214066656,0.03032273693323213,
E_conf_filter50,2,0.5,2.0,2934.076923076923,1466.8461538461538,1466.8461538461538,24069.0,0.20305566526204558,1.056773491291797,0.6299145782769212,0.7051286969841565,0.17773887440379704,0.2820694596242082,0.8046686432510182,0.25448615961485516,0.384249302881363,0.8745585286372579,0.41857695662293193,0.5629061244181316,0.05948146694140311,
E_conf_filter50,2,1.0,2.0,2934.076923076923,2934.076923076923,2934.076923076923,24069.0,0.20704314691866513,0.8749943878616582,0.5410187673901616,0.6730749960351908,0.2540730978254223,0.36638116450464575,0.7956698684324919,0.339924501850266,0.4727332799928585,0.8756982967393211,0.5153168167963682,0.6444774017685972,0.10101178098201746,
E_conf_filter50,4,0.02,4.0,4675.307692307692,92.94871794871794,92.94871794871794,34478.53846153846,0.24843597782235122,1.9441225966470244,1.0962792872346878,0.7252540897049555,0.012087322256729763,0.02376072313636425,0.8035333235216666,0.03103993488410922,0.059697407771881414,0.8368691607923532,0.11030523494398377,0.1942319983386301,0.0034358707334605477,
E_conf_filter50,4,0.05,4.0,4675.307692307692,233.28205128205127,233.28205128205127,34478.53846153846,0.2528023404024797,1.8331387901110925,1.042970565256786,0.72560090611425,0.027313975337617886,0.0525547589432373,0.7975324544103574,0.05556423680525288,0.103629345857976,0.8303578469256445,0.15097671283665481,0.2535333050047941,0.008339849904738687,
E_conf_filter50,4,0.1,4.0,4675.307692307692,467.02564102564105,467.02564102564105,34478.53846153846,0.24078620161363595,1.715866039512246,0.978326120562941,0.7354714244867588,0.05108640355002588,0.09522119214428135,0.8066514739624171,0.08795146983910028,0.1578775820745949,0.8421327580907032,0.19555998791842338,0.3142614261468651,0.016750632723110895,
E_conf_filter50,4,0.25,4.0,4675.307692307692,1168.4615384615386,1168.4615384615386,34478.53846153846,0.22801979444625473,1.4510800968153055,0.8395499456307801,0.7398818285078931,0.11456921411942822,0.19708431136211707,0.8127489892715504,0.16755632037790447,0.27555146069441017,0.8562414942119856,0.29569047951020766,0.4347183842405626,0.04130760829257608,
E_conf_filter50,4,0.5,4.0,4675.307692307692,2337.3846153846152,2337.3846153846152,34478.53846153846,0.2185130538048103,1.1652397797415581,0.6918764167731842,0.7283080032469728,0.19907636574081675,0.30958905432767986,0.8122953134758907,0.2697949652501101,0.4004986453943643,0.8659195493489401,0.4180791673802875,0.5568703916094839,0.07757588670634667,
E_conf_filter50,4,1.0,4.0,4675.307692307692,4675.307692307692,4675.307692307692,34478.53846153846,0.22227739042100736,0.9347750320592458,0.5785262112401265,0.6662145484597978,0.28220534873049186,0.3932742523381165,0.7905348816103037,0.3668709776978935,0.49642194428948455,0.8679871565079804,0.5212292047776358,0.6451869126715406,0.12316547437566844,
E_conf_filter50,8,0.02,8.0,6056.025641025641,120.76923076923077,120.76923076923077,44439.41025641026,0.28422703425672063,2.1972200861017512,1.240723560179236,0.7297657611585011,0.013249059896470801,0.026000026109365297,0.7803613550052996,0.032577285650354545,0.06237646096264187,0.8021128015627425,0.09744053693237462,0.17227423379275322,0.003948114764222122,
E_conf_filter50,8,0.05,8.0,6056.025641025641,302.3076923076923,302.3076923076923,44439.41025641026,0.27051356933606474,2.1043349372727826,1.1874242533044237,0.7482408966321238,0.0286003997097673,0.05494815643800314,0.7961668872088052,0.05178811460215515,0.09671516148203531,0.8148438094400221,0.12269775579314575,0.2106706112196629,0.010302227480779438,
E_conf_filter50,8,0.1,8.0,6056.025641025641,605.1794871794872,605.1794871794872,44439.41025641026,0.251165974708644,1.969814785640711,1.1104903801746777,0.7601261195264477,0.052145482042616285,0.09710796173194151,0.8087900776162998,0.08015685550750516,0.14469039739083225,0.8334289013724498,0.159701013933904,0.26461443914983246,0.020622378098864975,
E_conf_filter50,8,0.25,8.0,6056.025641025641,1513.6153846153845,1513.6153846153845,44439.41025641026,0.23045991578985733,1.6317817366595377,0.9311208262246975,0.7484280901639477,0.11303988686231059,0.19451182816751422,0.8146752376512815,0.15594908470156577,0.2588013471038094,0.8546950466932174,0.2638380927671982,0.39735068198646534,0.04888110609064706,
E_conf_filter50,8,0.5,8.0,6056.025641025641,3027.74358974359,3027.74358974359,44439.41025641026,0.21651016450593694,1.3314881840969492,0.7739991743014432,0.7201385473686818,0.18568649685268446,0.29152789458262,0.8109769176140904,0.24317994620782735,0.36888957929525057,0.8664247961120832,0.3727162821302081,0.5127664046946254,0.08623458536516926,
E_conf_filter50,8,1.0,8.0,6056.025641025641,6056.025641025641,6056.025641025641,44439.41025641026,0.23085131406758067,1.0750353296481525,0.6529433218578665,0.6305338749265524,0.2625502231537905,0.3667565422065606,0.7746046554588428,0.33698707407259154,0.4639950880660447,0.8649869030305908,0.4726346331766834,0.6042060358247429,0.12424867556235483,
E_conf_filter50,16,0.02,15.692307692307692,7229.538461538462,144.10256410256412,144.10256410256412,54121.41025641026,0.30185392383648063,2.428213821629026,1.3650338727327533,0.7391283470987045,0.0128816425622822,0.02528806236945375,0.7756364659654289,0.028547558347874463,0.054820656989039165,0.7898402625497332,0.07890631457786555,0.14183710826418613,0.004365348982895954,
E_conf_filter50,16,0.05,15.692307692307692,7229.538461538462,361.02564102564105,361.02564102564105,54121.41025641026,0.26636550525220987,2.312591431527911,1.2894784683900606,0.7644579450938987,0.027851945165629728,0.05357735735057193,0.8046696799332465,0.04691820510919777,0.08814408611863253,0.8190762902612259,0.10545820178677208,0.18480260309014002,0.01135129994398484,
E_conf_filter50,16,0.1,15.692307692307692,7229.538461538462,722.5128205128206,722.5128205128206,54121.41025641026,0.24599730657781768,2.1537696570714084,1.1998834818246131,0.7692882008688471,0.05091553655636969,0.0949340327079643,0.815528554363807,0.07378181710175642,0.1342663212881528,0.8385953446812547,0.14149188946036806,0.2392969255889701,0.022514986765495463,
E_conf_filter50,16,0.25,15.692307692307692,7229.538461538462,1807.076923076923,1807.076923076923,54121.41025641026,0.2268343505821958,1.7770410191602781,1.001937684871237,0.7522132272790013,0.1088603069654086,0.18825488982103006,0.8189684134889494,0.14577473181418144,0.24458430614895027,0.857777225131766,0.24107376203329828,0.3705172842416666,0.05260215956114131,
E_conf_filter50,16,0.5,15.692307692307692,7229.538461538462,3614.5128205128203,3614.5128205128203,54121.41025641026,0.21203847466960374,1.4706101700150664,0.8413243223423351,0.7152424314738204,0.17370312805217006,0.27583881247894343,0.8127854096572832,0.22317589338584368,0.345186110032469,0.8706929106012168,0.33742306145885986,0.47832997800653276,0.0905161236611854,
E_conf_filter50,16,1.0,15.692307692307692,7229.538461538462,7229.538461538462,7229.538461538462,54121.41025641026,0.23382584983011134,1.20973075485086,0.7217783023404857,0.6049998687878714,0.2424052081114123,0.3417722889835802,0.76354477869856,0.3053638020837204,0.4307803722492902,0.8653210787866619,0.42737918251426094,0.5653997922358244,0.12313465918274652,
E_conf_filter75,-1,0.02,23.666666666666668,3302.102564102564,65.53846153846153,65.53846153846153,59403.743589743586,0.3913673742763654,2.8007791859650304,1.596073280120698,0.6785837243468311,0.005462979813861364,0.010832806713596828,0.7162536683409291,0.013475623235534298,0.02640222896241516,0.7222408260245152,0.04398553882837327,0.08223331022661848,0.0019080568447972651,
E_conf_filter75,-1,0.05,23.666666666666668,3302.102564102564,164.64102564102564,164.64102564102564,59403.743589743586,0.3677580603749058,2.5552074414989465,1.4614827509369261,0.6842973828098304,0.0121761218866071,0.023901033967014425,0.7256117739404716,0.02477968717209347,0.04777736255677086,0.7362938622142723,0.06745777086902006,0.12230114801317843,0.0046951461382274745,
E_conf_filter75,-1,0.1,23.666666666666668,3302.102564102564,329.7692307692308,329.7692307692308,59403.743589743586,0.34520957098929034,2.4340953897130393,1.3896524803511647,0.6941022071363273,0.02122481912761789,0.04108983345165356,0.737509475655245,0.03679650038171987,0.06974795333368342,0.7524287961024909,0.08764094546989563,0.15503748491238156,0.009138107219197314,
E_conf_filter75,-1,0.25,23.666666666666668,3302.102564102564,825.1794871794872,825.1794871794872,59403.743589743586,0.31794179620221474,2.231174451080407,1.2745581236413108,0.7015897352872458,0.04545566900241655,0.0848891263088536,0.7539665087801638,0.06614124789696728,0.12066861392869975,0.7767762894507693,0.12807206648317704,0.21724026006555613,0.02147378992913559,
E_conf_filter75,-1,0.5,23.666666666666668,3302.102564102564,1650.7692307692307,1650.7692307692307,59403.743589743586,0.2724389525374846,1.9566592993442753,1.11454912594088,0.7200998261307848,0.08134587682077618,0.14494525539394845,0.7757102011048114,0.10684609009344281,0.186135628211359,0.8098189635029674,0.1837633281527203,0.29600958458193016,0.04240885914449509,
E_conf_filter75,-1,1.0,23.666666666666668,3302.102564102564,3302.102564102564,3302.102564102564,59403.743589743586,0.2676467958007659,1.5871259949141276,0.9273863953574468,0.7039436142749828,0.13791790295289078,0.22891970388561442,0.770156613465799,0.17233659610532112,0.27921423556369784,0.8209644522969382,0.2717161797113428,0.40354752328445836,0.07774683336997466,
E_conf_filter75,1,0.02,1.0,782.2564102564103,15.128205128205128,15.128205128205128,14955.076923076924,0.2974891674253165,2.190846911098452,1.2441680392618844,0.7016900185452222,0.004473149861440688,0.008885055777279712,0.7141334574592494,0.011897734557860905,0.023380225449128895,0.7504623874533376,0.04968412702294144,0.09265835601285032,0.0008874371986005066,
E_conf_filter75,1,0.05,1.0,782.2564102564103,38.64102564102564,38.64102564102564,14955.076923076924,0.298252095530003,2.097021296839059,1.197636696184531,0.7039908452339854,0.00955903956156627,0.01884516098343478,0.7240560674002239,0.02055375698910916,0.039903838598116005,0.7543360239771393,0.06870763226379158,0.12513844440953717,0.0023300577114755824,
E_conf_filter75,1,0.1,1.0,782.2564102564103,77.74358974358974,77.74358974358974,14955.076923076924,0.30975047518152016,2.0083502080291913,1.1590503416053557,0.6851619053664445,0.01690240008154724,0.032943338628057116,0.7164558257482306,0.031415784663683256,0.060035243554475475,0.7492851308008007,0.08930211410211987,0.15807982816178873,0.0043444935830452445,
E_conf_filter75,1,0.25,1.0,782.2564102564103,195.2051282051282,195.2051282051282,14955.076923076924,0.3172638687292068,1.8085217715837496,1.062892820156478,0.693868328848072,0.04000834625071146,0.07539803664856282,0.7271778621173431,0.06453203452842879,0.11804281172483498,0.7594876804697662,0.14302245913877362,0.23812449513052344,0.010933900998272501,
E_conf_filter75,1,0.5,1.0,782.2564102564103,390.9230769230769,390.9230769230769,14955.076923076924,0.3098380442229279,1.5868779263729402,0.9483579852979341,0.710461010914299,0.07840723801484059,0.14038476121919582,0.7437404545885532,0.11475723628965082,0.19714473774979016,0.7782606636378362,0.2130585677035328,0.32957323342662526,0.022734810536643616,
E_conf_filter75,1,1.0,1.0,782.2564102564103,782.2564102564103,782.2564102564103,14955.076923076924,0.26101147171844435,1.3693187903226482,0.8151651310205463,0.7399525920988419,0.13835575466133096,0.23111579748447225,0.775810737660193,0.17898567285492076,0.28805416367088366,0.817892370535674,0.28951351009141985,0.42271231270216814,0.04768058814683813,
E_conf_filter75,2,0.02,2.0,1302.1025641025642,25.487179487179485,25.487179487179485,24069.0,0.17504514415920003,2.0021084816311547,1.0885768128951772,0.7371184533024654,0.005122020531887517,0.010168475999085812,0.8555183705183705,0.014724783433428432,0.02891639414467147,0.8863031413031414,0.062456851901710665,0.11620382882500074,0.0012011403921886154,
E_conf_filter75,2,0.05,2.0,1302.1025641025642,64.56410256410257,64.56410256410257,24069.0,0.19655670111118245,1.8435590807250117,1.0200578909180973,0.7109120204688256,0.010507726834582119,0.02069405021035689,0.8178616072187083,0.024638294435964762,0.04778213205637428,0.8585147791181342,0.08678418655100917,0.15727350638366192,0.0028937064909310096,
E_conf_filter75,2,0.1,2.0,1302.1025641025642,129.71794871794873,129.71794871794873,24069.0,0.21801783527521976,1.7490636694198776,0.9835407523475487,0.697671971596097,0.018943451748224354,0.03683028085276697,0.7957304333535532,0.03841421062070685,0.07314938453834025,0.8390825321913246,0.11491188348988537,0.20132923287658946,0.00556761896939749,
E_conf_filter75,2,0.25,2.0,1302.1025641025642,325.05128205128204,325.05128205128204,24069.0,0.24926340954220086,1.5685422775721918,0.9089028435571964,0.6908093923999497,0.04274752800808275,0.08024226194320129,0.7731023214555248,0.07386358419050136,0.13435691207013675,0.8208318670606783,0.17438178315947195,0.286086245410524,0.013346635387291247,
E_conf_filter75,2,0.5,2.0,1302.1025641025642,650.7435897435897,650.7435897435897,24069.0,0.25702238196808913,1.3749573965078188,0.8159898892379539,0.7049983874713345,0.08229647360960307,0.14668934390621166,0.7750412228839892,0.1261229109023435,0.21568939288166747,0.8216796287588789,0.2458648204691143,0.3759359949877572,0.02734651211110995,
E_conf_filter75,2,1.0,2.0,1302.1025641025642,1302.1025641025642,1302.1025641025642,24069.0,0.23175869843813685,1.1667610599514067,0.6992598791947717,0.7235135693290926,0.1450038594560745,0.23994128341702192,0.7889220684073448,0.1970739405269392,0.3130883656217663,0.8412806299586768,0.33324262345082734,0.4744269015671112,0.05547688243560664,
E_conf_filter75,4,0.02,4.0,2200.897435897436,43.46153846153846,43.46153846153846,34478.53846153846,0.2604558477781549,2.046021803516318,1.1532388256472363,0.7134640490281063,0.006290841465667591,0.012468155029680126,0.7994576557643198,0.018992576081529045,0.037069770379981624,0.8230496158456506,0.08183095116178339,0.14830568532464747,0.0016967353906027728,
E_conf_filter75,4,0.05,4.0,2200.897435897436,109.53846153846153,109.53846153846153,34478.53846153846,0.2879986208936985,1.9378161111945444,1.1129073660441215,0.7003391393147645,0.013266994014915453,0.026023808903622533,0.7696973321472247,0.03204381572589783,0.061457599459439086,0.7969681747095533,0.1081973561059283,0.18970455809731446,0.004029502237883079,
E_conf_filter75,4,0.1,4.0,2200.897435897436,219.5897435897436,219.5897435897436,34478.53846153846,0.3148586935177234,1.8595487602589982,1.087203726888361,0.6766734501784087,0.023714088717115615,0.04576382131167224,0.7452495753539369,0.04889170594129816,0.09150905152948627,0.7731397325033923,0.13473556470799966,0.22755036949094376,0.0074789690312596895,
E_conf_filter75,4,0.25,4.0,2200.897435897436,549.8205128205128,549.8205128205128,34478.53846153846,0.3231862939202256,1.6996564225381798,1.0114213582292026,0.677061474903509,0.052382931317699874,0.09691233418129502,0.7404384908785745,0.08707297131239276,0.15497356978878937,0.7736327878691732,0.1887484482753477,0.29977815021958076,0.017776468591310157,
E_conf_filter75,4,0.5,4.0,2200.897435897436,1100.1538461538462,1100.1538461538462,34478.53846153846,0.2997172570268231,1.4896420103198773,0.8946796336733502,0.7040454451739827,0.09723783656358097,0.16981665821020453,0.7623660030008067,0.14167976441026667,0.2369929896013515,0.7944250362621086,0.2571764921094483,0.3836840945744495,0.03655051261437009,
E_conf_filter75,4,1.0,4.0,2200.897435897436,2200.897435897436,2200.897435897436,34478.53846153846,0.25573352293075563,1.2255526965587134,0.7406431097447344,0.7275516978160074,0.1727357946848156,0.27721651493290933,0.7844371337095699,0.22347494287968067,0.3452822897944537,0.8254673398859088,0.3528085028980175,0.48983278754287735,0.07421164989886983,
E_conf_filter75,8,0.02,8.0,2681.1794871794873,53.12820512820513,53.12820512820513,44439.41025641026,0.3083734058415152,2.2843257170495463,1.296349561445531,0.7251499497575887,0.006878801348195873,0.01362314163110743,0.7782367851877002,0.02128238570234475,0.041365244031426114,0.7875335348241908,0.07659782993524726,0.1383212672896337,0.0018492001414722615,
E_conf_filter75,8,0.05,8.0,2681.1794871794873,133.6153846153846,133.6153846153846,44439.41025641026,0.3317895799764523,2.2022900535297536,1.267039816753103,0.6879843236231682,0.013614287080124266,0.0266767699066723,0.7416413442195792,0.03157416889849692,0.060400976602576345,0.7570818241010595,0.09256635835458332,0.1629372481353298,0.004372056587070808,
E_conf_filter75,8,0.1,8.0,2681.1794871794873,267.71794871794873,267.71794871794873,44439.41025641026,0.3428365600167596,2.1274075097766425,1.2351220348967011,0.6864395323547241,0.023670395597173977,0.04566985030723758,0.7362815034291739,0.044713443888422466,0.08385401566551029,0.7526175638144567,0.11281760744720223,0.19255464615699228,0.008614712708193991,
E_conf_filter75,8,0.25,8.0,2681.1794871794873,669.8717948717949,669.8717948717949,44439.41025641026,0.3310257680042302,1.9518903683694748,1.1414580681868525,0.6881378426246451,0.05014828987666036,0.09305074543218948,0.7424981676460242,0.07765114666950967,0.13949939663303576,0.7682774693596117,0.1576063507494989,0.2573263886584466,0.020307735810091702,
E_conf_filter75,8,0.5,8.0,2681.1794871794873,1340.3333333333333,1340.3333333333333,44439.41025641026,0.2910285287962869,1.7090619897328747,1.0000452592645808,0.711395144657895,0.09125488032160811,0.16050060694877313,0.7670895648344586,0.12545911884025085,0.21345915896183604,0.7981947672640695,0.21967754628247008,0.3394743999850261,0.040093311427487836,
E_conf_filter75,8,1.0,8.0,2681.1794871794873,2681.1794871794873,2681.1794871794873,44439.41025641026,0.26332747476769586,1.3809951370508562,0.822161305909276,0.7166918122439468,0.15812215968158616,0.2572162044453329,0.7775753387419352,0.2008662571708851,0.3164847843981992,0.8193951584644987,0.3152122851459501,0.4500048984083316,0.07720080164801156,
E_conf_filter75,16,0.02,15.692307692307692,3051.5897435897436,60.56410256410256,60.56410256410256,54121.41025641026,0.3615100249474911,2.576509557288834,1.4690097911181625,0.7026379329625139,0.006155791867981238,0.012197228653825675,0.7351064813451125,0.016976507822859487,0.033067077099465395,0.7398523501689424,0.05716444868612152,0.10449626141256968,0.0019247615895403207,
E_conf_filter75,16,0.05,15.692307692307692,3051.5897435897436,152.10256410256412,152.10256410256412,54121.41025641026,0.35487660403649024,2.4352189641980826,1.3950477841172866,0.692260550954842,0.012800423281061964,0.02510693718982431,0.7339027745470339,0.027493324438975637,0.052749413278497456,0.7443346710274859,0.0756112438216172,0.13501923440918526,0.00463948880212941,
E_conf_filter75,16,0.1,15.692307692307692,3051.5897435897436,304.71794871794873,304.71794871794873,54121.41025641026,0.34744795157689456,2.3457923702484043,1.3466201609126494,0.6908304613499522,0.021776799692052214,0.042117321764921396,0.7348736012727992,0.039222350567155076,0.07396161129196885,0.7496498866804775,0.09447926690243816,0.16469072217376896,0.008920032130601207,
E_conf_filter75,16,0.25,15.692307692307692,3051.5897435897436,762.5897435897435,762.5897435897435,54121.41025641026,0.32596071514185154,2.151612777362174,1.2387867462520128,0.6948882469883398,0.04656555577947378,0.08675080488862023,0.7482349260699479,0.06893806323754455,0.12508452752690852,0.7719497275041411,0.1355246850302772,0.22684430393775337,0.02077851926941531,
E_conf_filter75,16,0.5,15.692307692307692,3051.5897435897436,1525.6153846153845,1525.6153846153845,54121.41025641026,0.27991131981456135,1.883797054738245,1.0818541872764031,0.7172179658744933,0.08437659503415945,0.14957169953993038,0.7727627811007597,0.11243849171618954,0.19425160248168494,0.8059074078614231,0.19369526088467534,0.30793725739413513,0.04146507916843047,
E_conf_filter75,16,1.0,15.692307692307692,3051.5897435897436,3051.5897435897436,3051.5897435897436,54121.41025641026,0.26175974594634205,1.525218381552791,0.8934890637495665,0.709834076485305,0.14457303866986176,0.23816104551296027,0.7739976173077423,0.18118897504681516,0.2908012043457664,0.8214766019267998,0.28405316276296844,0.41676949116169953,0.07791627900740611,
oracle,-1,0.02,23.666666666666668,76401.07692307692,1527.5128205128206,1527.5128205128206,59403.743589743586,0.019508389353724436,0.44888045626659134,0.2341944228101579,1.0,0.24451981127555586,0.3915140199758794,1.0,0.47495807114660904,0.6425535359549204,1.0,0.7469381343083458,0.8518232703989066,0.07790081615530442,
oracle,-1,0.05,23.666666666666668,76401.07692307692,3819.6153846153848,3819.6153846153848,59403.743589743586,0.02698847318310344,0.37018467775113895,0.1985865754671212,1.0,0.4340105726359478,0.6035981519958968,1.0,0.6182284424867177,0.7624084787114903,1.0,0.796996305204197,0.8838167825467331,0.18656085924097265,
oracle,-1,0.1,23.666666666666668,76401.07692307692,7639.692307692308,7639.692307692308,59403.743589743586,0.03662229310132853,0.3252460221879929,0.1809341576446607,0.9980169084646696,0.5688674098898628,0.7227735164507323,1.0,0.6914890314883002,0.814982200716085,1.0,0.821464644637986,0.8987242156465098,0.3174278563398762,
oracle,-1,0.25,23.666666666666668,76401.07692307692,19099.97435897436,19099.97435897436,59403.743589743586,0.07298334603777687,0.27663925937483574,0.17481130270630632,0.7875663132586652,0.6368598919007058,0.6993052024115668,0.9817681038908833,0.7499614138068007,0.8482558177708319,1.0,0.8555184597837825,0.9189393809716,0.2972604789093454,
oracle,-1,0.5,23.666666666666668,76401.07692307692,38200.282051282054,38200.282051282054,59403.743589743586,0.1516302980706016,0.24992316610796217,0.20077673208928187,0.40826304380131684,0.6380658107761913,0.4934484015041015,0.7451631662275217,0.7675638242800185,0.7516752809661248,0.9843019784590198,0.8764241888374039,0.9251796416372258,0.18166700729441201,
oracle,-1,1.0,23.666666666666668,76401.07692307692,76401.07692307692,76401.07692307692,59403.743589743586,0.5424017010453814,0.24089776412360672,0.39164973258449404,0.20412966329761525,0.6380658107761913,0.3071881247632008,0.376922853762754,0.7676378797194912,0.5024946730292275,0.6733124772137472,0.8821305131553979,0.7610483660177094,0.10197513876143023,
oracle,1,0.02,1.0,9945.23076923077,198.46153846153845,198.46153846153845,14955.076923076924,0.013552575869079778,0.7027874345505795,0.3581700052098296,1.0,0.08212605903960982,0.15135895264937246,1.0,0.20789234430952702,0.34281953714144286,1.0,0.511386626927752,0.6729579572518671,0.023275507442200728,
oracle,1,0.05,1.0,9945.23076923077,496.7692307692308,496.7692307692308,14955.076923076924,0.021776782045496483,0.5742288884447861,0.2980028352451413,1.0,0.18365427944887414,0.30942771666627716,1.0,0.3493483949259345,0.5161611947387551,1.0,0.6368414195659116,0.7754221831054752,0.055376439448936825,
oracle,1,0.1,1.0,9945.23076923077,994.1025641025641,994.1025641025641,14955.076923076924,0.02943595135057808,0.5065983863775676,0.26801716886407284,1.0,0.2893641573378655,0.44766780794535105,1.0,0.4464918158229806,0.6155020011428152,1.0,0.6890331915572003,0.8134746586469143,0.10484030157494963,
oracle,1,0.25,1.0,9945.23076923077,2485.948717948718,2485.948717948718,14955.076923076924,0.05049346751934728,0.4150221584623175,0.23275781299083237,0.9654620280185767,0.4211048460875081,0.5851482327085992,1.0,0.5652187297336395,0.7204932241766605,1.0,0.7557399453970247,0.8592742790050312,0.17454379765899722,
oracle,1,0.5,1.0,9945.23076923077,4972.410256410257,4972.410256410257,14955.076923076924,0.10128214158110749,0.34104586858597213,0.22116400508353978,0.596983211652826,0.44451631468158215,0.5062863397855162,0.8979056771673742,0.6337809971558488,0.7408251274464993,1.0,0.8162869930474684,0.8973467886966017,0.14683716083455467,
oracle,1,1.0,1.0,9945.23076923077,9945.23076923077,9945.23076923077,14955.076923076924,0.4035699653793975,0.3044834569921837,0.3540267111857906,0.2984779625139437,0.44451631468158215,0.35489623489074884,0.491038919163982,0.6440843878329157,0.5543296055537882,0.758881384877159,0.8504298738314228,0.7996346771421476,0.10142736486767064,
oracle,2,0.02,2.0,17112.923076923078,341.6923076923077,341.6923076923077,24069.0,0.014407524329997467,0.5543059139904591,0.28435671916022837,1.0,0.10675980916890403,0.1925220211885514,1.0,0.27096311534463513,0.42529205133350484,1.0,0.6185130733872943,0.7621260910481681,0.029200533733383462,
oracle,2,0.05,2.0,17112.923076923078,855.1794871794872,855.1794871794872,24069.0,0.022044693197988442,0.44801537979828937,0.23503003649813892,1.0,0.22487355949257712,0.36620169627933025,1.0,0.4258594894813048,0.5957122344051858,1.0,0.723587751723769,0.8379397978691109,0.06963598895041259,
oracle,2,0.1,2.0,17112.923076923078,1710.8974358974358,1710.8974358974358,24069.0,0.02933642632348075,0.39067047345521244,0.21000344988934658,1.0,0.3443455504313665,0.5106623630384792,1.0,0.5254959853474568,0.6870313820842255,1.0,0.7656464333975473,0.8659264774628022,0.1306894989182403,
oracle,2,0.25,2.0,17112.923076923078,4277.897435897436,4277.897435897436,24069.0,0.05038259059133608,0.30854693033015146,0.17946476046074378,0.9652536720494334,0.48388952286409104,0.6425922129749304,1.0,0.6467846415529158,0.7840567377697559,1.0,0.8256341080197572,0.9036319006310265,0.211881179750105,
oracle,2,0.5,2.0,17112.923076923078,8556.205128205129,8556.205128205129,24069.0,0.10245840640675927,0.2559765080733516,0.17921745724005544,0.5974795676764283,0.5096130128441292,0.5466279683421613,0.9018872357985551,0.7132611191440055,0.793781578078788,0.9968009613354769,0.8753833907840953,0.9314474752900562,0.17007954984603382,
oracle,2,1.0,2.0,17112.923076923078,17112.923076923078,17112.923076923078,24069.0,0.43611068074123194,0.23336377117421825,0.33473722595772504,0.2987296224810416,0.5096130128441292,0.3745167459712137,0.49146643430084536,0.7199838568234662,0.5810704415921895,0.7551327502312898,0.8986592282529489,0.81735152165152,0.11233754642148064,
oracle,4,0.02,4.0,29999.666666666668,599.4615384615385,599.4615384615385,34478.53846153846,0.016001770322129384,0.47880369975626064,0.24740273503919502,1.0,0.1548834376662212,0.26764333526068074,1.0,0.3657312708602456,0.5347036204826785,1.0,0.7091479007206647,0.8282402186398647,0.041344660094235215,
oracle,4,0.05,4.0,29999.666666666668,1499.5641025641025,1499.5641025641025,34478.53846153846,0.023199479406758247,0.3866055729172227,0.20490252616199048,1.0,0.3060777680898262,0.4677171690680733,1.0,0.5326581069261577,0.6938314216046516,1.0,0.787751505208426,0.8797987417519793,0.09835363965647344,
oracle,4,0.1,4.0,29999.666666666668,2999.5641025641025,2999.5641025641025,34478.53846153846,0.030512976606876904,0.3342975325154865,0.1824052545611817,1.0,0.4476367779417257,0.6170481985490021,1.0,0.6301891927685463,0.7715332137249887,1.0,0.816938400418923,0.8979357569663634,0.18047329409614135,
oracle,4,0.25,4.0,29999.666666666668,7499.48717948718,7499.48717948718,34478.53846153846,0.05364480127607388,0.2703529476897743,0.1619988744829241,0.9325799882114045,0.5788768490186639,0.7125681685734582,1.0,0.7266594028907206,0.8404153121397707,1.0,0.8598552246420962,0.9235760807351454,0.2620192662081723,
oracle,4,0.5,4.0,29999.666666666668,14999.538461538461,14999.538461538461,34478.53846153846,0.11064308679185246,0.23296128187787032,0.1718021843348614,0.5454330548324795,0.5920610345696196,0.56463513427833,0.8765914336660889,0.7709929853105821,0.8178936401817594,0.9993133818197703,0.8942903484039658,0.9428021464264333,0.19052691296662688,
oracle,4,1.0,4.0,29999.666666666668,29999.666666666668,29999.666666666668,34478.53846153846,0.4459605383907186,0.21765635257588406,0.33180844548330135,0.27271091661923635,0.5920610345696196,0.37165745193799393,0.46370683126117146,0.7734383546920424,0.5769851801972062,0.7424837750735251,0.908467273094131,0.8143297155678901,0.11766820604592038,
oracle,8,0.02,8.0,45712.1282051282,913.6923076923077,913.6923076923077,44439.41025641026,0.017497837805476008,0.4530631972975948,0.2352805175515354,1.0,0.19635587503204924,0.3275991625980017,1.0,0.42732937457047243,0.5981020785247891,1.0,0.7390684291657871,0.848331172088551,0.054728663536397826,
oracle,8,0.05,8.0,45712.1282051282,2285.076923076923,2285.076923076923,44439.41025641026,0.02469103309390579,0.3714555740008715,0.19807330354738864,1.0,0.3683894429439998,0.5374633057906936,1.0,0.5863751442712655,0.7384233813140466,1.0,0.7999568283076328,0.8872190552197089,0.1309500383625361,
oracle,8,0.1,8.0,45712.1282051282,4570.717948717948,4570.717948717948,44439.41025641026,0.03267949723511449,0.3222912895040722,0.17748539336959335,1.0,0.5121249320305278,0.6764205182078334,1.0,0.6707695217725064,0.8016454734975103,1.0,0.8259255971611839,0.902931618065835,0.23675161186209942,
oracle,8,0.25,8.0,45712.1282051282,11427.589743589744,11427.589743589744,44439.41025641026,0.060612288270095314,0.266511679602155,0.16356198393612514,0.8796134003615534,0.6169052494444365,0.7229937836392992,1.0,0.747767598300574,0.8540472482321505,1.0,0.8642025586701894,0.9254676972213428,0.28781365868789854,
oracle,8,0.5,8.0,45712.1282051282,22855.82051282051,22855.82051282051,44439.41025641026,0.12560163614267164,0.23421845020354454,0.17991004317310808,0.48319763199594024,0.6220295122661701,0.5405475611261539,0.8262628147878727,0.7786407836782447,0.7989900879183743,0.9982353687863499,0.8924042184476401,0.9406839282041258,0.19107995644450185,
oracle,8,1.0,8.0,45712.1282051282,45712.1282051282,45712.1282051282,44439.41025641026,0.479190773573896,0.22194837666087636,0.3505695751173861,0.24159563437722717,0.6220295122661701,0.3462926554550645,0.42804905204992355,0.7795406640013339,0.5499595303928421,0.7176987360140797,0.9011010374986441,0.7966772734637301,0.11256563591201608,
oracle,16,0.02,15.692307692307692,63966.205128205125,1278.820512820513,1278.820512820513,54121.41025641026,0.01891032971172663,0.4465753485121358,0.23274283911193122,1.0,0.22996306386765936,0.3731869414735573,1.0,0.4642719558189485,0.6332590850237997,1.0,0.7499465563620716,0.8544255325639626,0.06952026276469785,
oracle,16,0.05,15.692307692307692,63966.205128205125,3197.846153846154,3197.846153846154,54121.41025641026,0.026208612224042235,0.3697251190080427,0.1979668656160425,1.0,0.4157080776924371,0.5863103989900778,1.0,0.6132594611874045,0.7591284599640404,1.0,0.8012228422492459,0.8871042299784168,0.1668084912602257,
oracle,16,0.1,15.692307692307692,63966.205128205125,6396.128205128205,6396.128205128205,54121.41025641026,0.03512510688107769,0.32320769478698036,0.17916640083402902,1.0,0.556380747820984,0.7138338695638162,1.0,0.6904547184678694,0.8149364764632319,1.0,0.8254026312945586,0.9016782145670758,0.2927922546617449,
oracle,16,0.25,15.692307692307692,63966.205128205125,15991.23076923077,15991.23076923077,54121.41025641026,0.0682698619222732,0.27259677499980267,0.17043331846103793,0.8189167213890313,0.6352906651219733,0.7123990432782451,0.9931892162940545,0.7542086771362776,0.8551986114617222,1.0,0.8605044186787203,0.9224168299484199,0.2983949755848411,
oracle,16,0.5,15.692307692307692,63966.205128205125,31982.846153846152,31982.846153846152,54121.41025641026,0.14165308691604478,0.24470671471869698,0.19317990081737088,0.43105883618290325,0.63725736225148,0.5108612001833058,0.7729496604019627,0.7745713905700745,0.7702718426668707,0.9920191856211283,0.8817843502655021,0.9314971667816525,0.18638086267473017,
oracle,16,1.0,15.692307692307692,63966.205128205125,63966.205128205125,63966.205128205125,54121.41025641026,0.5177283000446962,0.23427956093898258,0.3760039304918394,0.21552754237179444,0.63725736225148,0.32046688189750133,0.39318007051164683,0.7747328842809071,0.5189884571439435,0.6892299398638049,0.8882826575467118,0.7739273531236336,0.10590107652582649,
