scene,seq,N_req,ranking,auroc,prec_top,n_pred,n_ref,acc,comp,chamfer,precision@0.1,recall@0.1,f1@0.1,precision@0.2,recall@0.2,f1@0.2,precision@0.5,recall@0.5,f1@0.5,iou
frl_apartment_5,seq_0001,4,support,0.5884878960809139,0.6155739828971236,7718,48964,0.34094625572774856,1.1056753389590943,0.7233107973434214,0.44195387406063746,0.26756392451597094,0.3333275450902829,0.6155739828971236,0.40205048607139937,0.48641090418660365,0.775330396475771,0.5702761212319255,0.6571793542270306,0.0933710947871493
frl_apartment_5,seq_0001,4,logit_count,0.5884878960809139,0.6155739828971236,7718,48964,0.34094625572774856,1.1056753389590943,0.7233107973434214,0.44195387406063746,0.26756392451597094,0.3333275450902829,0.6155739828971236,0.40205048607139937,0.48641090418660365,0.775330396475771,0.5702761212319255,0.6571793542270306,0.0933710947871493
frl_apartment_5,seq_0001,4,mlp_all,0.6210072488015211,0.6705104949468774,7718,48964,0.2910149532329931,0.8913578331414779,0.5911863931872354,0.4911894273127753,0.28275876153908996,0.35890804099972784,0.6705104949468774,0.4224532309451842,0.5183325269862377,0.8092770147706659,0.619230455028184,0.7016119757089607,0.10416945971309827
frl_apartment_5,seq_0001,4,mlp_noconf,0.6210072488015211,0.6705104949468774,7718,48964,0.2910149532329931,0.8913578331414779,0.5911863931872354,0.4911894273127753,0.28275876153908996,0.35890804099972784,0.6705104949468774,0.4224532309451842,0.5183325269862377,0.8092770147706659,0.619230455028184,0.7016119757089607,0.10416945971309827
frl_apartment_5,seq_0001,-1,support,0.6129009924649356,0.5908584858980702,16168,48964,0.35116067968688414,0.7726915170706011,0.5619260983787426,0.4019668480950025,0.3863450698472347,0.39400117255341516,0.5908584858980702,0.5017563924515971,0.5426743278133374,0.7767194458189015,0.6853606731476186,0.7281857612694581,0.13275485105220006
frl_apartment_5,seq_0001,-1,logit_count,0.6129009924649356,0.5908584858980702,16168,48964,0.35116067968688414,0.7726915170706011,0.5619260983787426,0.4019668480950025,0.3863450698472347,0.39400117255341516,0.5908584858980702,0.5017563924515971,0.5426743278133374,0.7767194458189015,0.6853606731476186,0.7281857612694581,0.13275485105220006
frl_apartment_5,seq_0001,-1,mlp_all,0.6006350368406768,0.579477981197427,16168,48964,0.33848762091974804,0.6441773894501039,0.491332505184926,0.39435922810489854,0.3897761620782616,0.39205430168116434,0.579477981197427,0.5213422106037089,0.5488749824244081,0.7698540326571004,0.7041499877460992,0.7355376242644143,0.12862929303243814
frl_apartment_5,seq_0001,-1,mlp_noconf,0.6006350368406768,0.579477981197427,16168,48964,0.33848762091974804,0.6441773894501039,0.491332505184926,0.39435922810489854,0.3897761620782616,0.39205430168116434,0.579477981197427,0.5213422106037089,0.5488749824244081,0.7698540326571004,0.7041499877460992,0.7355376242644143,0.12862929303243814
apartment_2,seq_0011,4,support,0.6779678805436046,0.5643386481024029,8906,51469,0.43285285050948,0.6974466323043219,0.565149741406901,0.44677745340220076,0.3023567584371175,0.36064614435858755,0.5643386481024029,0.42612057743496085,0.4855854827699607,0.7151358634628341,0.653344731780295,0.68284526726166,0.0797343513878947
apartment_2,seq_0011,4,logit_count,0.6779678805436046,0.5643386481024029,8906,51469,0.43285285050948,0.6974466323043219,0.565149741406901,0.44677745340220076,0.3023567584371175,0.36064614435858755,0.5643386481024029,0.42612057743496085,0.4855854827699607,0.7151358634628341,0.653344731780295,0.68284526726166,0.0797343513878947
apartment_2,seq_0011,4,mlp_all,0.6903744982906966,0.6701100381765103,8906,51469,0.288604307332723,0.5861560283760661,0.43738016785439454,0.5354816977318662,0.3461501097748159,0.42048630023114364,0.6701100381765103,0.4559054965124638,0.5426334544438315,0.8307882326521446,0.6806427169752667,0.7482577487814868,0.10052288111547972
apartment_2,seq_0011,4,mlp_noconf,0.6903744982906966,0.6701100381765103,8906,51469,0.288604307332723,0.5861560283760661,0.43738016785439454,0.5354816977318662,0.3461501097748159,0.42048630023114364,0.6701100381765103,0.4559054965124638,0.5426334544438315,0.8307882326521446,0.6806427169752667,0.7482577487814868,0.10052288111547972
apartment_2,seq_0011,-1,support,0.6640893819399599,0.4907127204424502,19166,51469,0.4229664019036523,0.6370125983095148,0.5299895001065835,0.35458624647813836,0.41090753657541434,0.3806749689400455,0.4907127204424502,0.5099574501156036,0.5001500294878732,0.7272252947928624,0.6768151702966835,0.7011152797621057,0.11011869436201781
apartment_2,seq_0011,-1,logit_count,0.6640893819399599,0.4907127204424502,19166,51469,0.4229664019036523,0.6370125983095148,0.5299895001065835,0.35458624647813836,0.41090753657541434,0.3806749689400455,0.4907127204424502,0.5099574501156036,0.5001500294878732,0.7272252947928624,0.6768151702966835,0.7011152797621057,0.11011869436201781
apartment_2,seq_0011,-1,mlp_all,0.6767598408626238,0.5422101638317854,19166,51469,0.37845590968299,0.4743760799704644,0.4264159948267272,0.4005530627152249,0.4392158386601644,0.41899443782741824,0.5422101638317854,0.5486603586624959,0.5454161916084913,0.7590524887822185,0.736287862596903,0.7474968946686618,0.12874125030171374
apartment_2,seq_0011,-1,mlp_noconf,0.6767598408626238,0.5422101638317854,19166,51469,0.37845590968299,0.4743760799704644,0.4264159948267272,0.4005530627152249,0.4392158386601644,0.41899443782741824,0.5422101638317854,0.5486603586624959,0.5454161916084913,0.7590524887822185,0.736287862596903,0.7474968946686618,0.12874125030171374
frl_apartment_5,seq_0003,4,support,0.6042185346490286,0.393018610030491,9511,53836,0.5726601434845598,0.5878821863454848,0.5802711649150223,0.2734728209441699,0.18452336726354113,0.22036046183332877,0.393018610030491,0.3135819897466379,0.34883513481220346,0.5898433392913469,0.5737982019466528,0.5817101495972821,0.0672753124298436
frl_apartment_5,seq_0003,4,logit_count,0.6042185346490286,0.393018610030491,9511,53836,0.5726601434845598,0.5878821863454848,0.5802711649150223,0.2734728209441699,0.18452336726354113,0.22036046183332877,0.393018610030491,0.3135819897466379,0.34883513481220346,0.5898433392913469,0.5737982019466528,0.5817101495972821,0.0672753124298436
frl_apartment_5,seq_0003,4,mlp_all,0.6029269881851744,0.41341604457996006,9511,53836,0.5609779540024089,0.5098813235956333,0.5354296387990212,0.295762800967301,0.18888847611263837,0.23054178295832434,0.41341604457996006,0.3265287168437477,0.3648710487511989,0.606981389969509,0.6105022661416153,0.608736736993782,0.0703591129123044
frl_apartment_5,seq_0003,4,mlp_noconf,0.6029269881851744,0.41341604457996006,9511,53836,0.5609779540024089,0.5098813235956333,0.5354296387990212,0.295762800967301,0.18888847611263837,0.23054178295832434,0.41341604457996006,0.3265287168437477,0.3648710487511989,0.606981389969509,0.6105022661416153,0.608736736993782,0.0703591129123044
frl_apartment_5,seq_0003,-1,support,0.6035801591229746,0.36368686634878017,21601,53836,0.5570828835604895,0.40096472845874964,0.4790238060096196,0.21975834452108697,0.2708782227505758,0.2426551699132551,0.36368686634878017,0.43365034549372167,0.3955990838035302,0.6058515809453267,0.7272828590534215,0.6610368117897641,0.07416027505950806
frl_apartment_5,seq_0003,-1,logit_count,0.6035801591229746,0.36368686634878017,21601,53836,0.5570828835604895,0.40096472845874964,0.4790238060096196,0.21975834452108697,0.2708782227505758,0.2426551699132551,0.36368686634878017,0.43365034549372167,0.3955990838035302,0.6058515809453267,0.7272828590534215,0.6610368117897641,0.07416027505950806
frl_apartment_5,seq_0003,-1,mlp_all,0.6102783650834694,0.3748900513865099,21601,53836,0.5558793688148903,0.41453605119120057,0.4852077100030454,0.22781352715152076,0.2779181217029497,0.2503838061465427,0.3748900513865099,0.44334645961809943,0.40625460925519674,0.6093236424239619,0.7182182925923174,0.6593048016859869,0.07769463461232289
frl_apartment_5,seq_0003,-1,mlp_noconf,0.6102783650834694,0.3748900513865099,21601,53836,0.5558793688148903,0.41453605119120057,0.4852077100030454,0.22781352715152076,0.2779181217029497,0.2503838061465427,0.3748900513865099,0.44334645961809943,0.40625460925519674,0.6093236424239619,0.7182182925923174,0.6593048016859869,0.07769463461232289
apartment_2,seq_0005,4,support,0.6768064488043957,0.7458780819845712,6611,53901,0.14544176060357633,0.6016427403548374,0.37354225047920686,0.5280592951142036,0.30170126713790096,0.38400513523441554,0.7458780819845712,0.4694161518339177,0.5762015637683907,0.969747390712449,0.6493571547837702,0.7778526818958788,0.1325217044207165
apartment_2,seq_0005,4,logit_count,0.6768064488043957,0.7458780819845712,6611,53901,0.14544176060357633,0.6016427403548374,0.37354225047920686,0.5280592951142036,0.30170126713790096,0.38400513523441554,0.7458780819845712,0.4694161518339177,0.5762015637683907,0.969747390712449,0.6493571547837702,0.7778526818958788,0.1325217044207165
apartment_2,seq_0005,4,mlp_all,0.692471954063949,0.7796097413401906,6611,53901,0.13210146418728166,0.5751948397510798,0.3536481519691807,0.5633035849342006,0.31235042021483833,0.4018667428644389,0.7796097413401906,0.47657742899018574,0.5915430676559065,0.9824534866132204,0.6548487041056752,0.7858761763096258,0.13837203470585285
apartment_2,seq_0005,4,mlp_noconf,0.692471954063949,0.7796097413401906,6611,53901,0.13210146418728166,0.5751948397510798,0.3536481519691807,0.5633035849342006,0.31235042021483833,0.4018667428644389,0.7796097413401906,0.47657742899018574,0.5915430676559065,0.9824534866132204,0.6548487041056752,0.7858761763096258,0.13837203470585285
apartment_2,seq_0005,-1,support,0.6980053898379825,0.7097713392983951,14082,53901,0.1582360889681776,0.6385171026144916,0.39837659579133455,0.4755006391137622,0.4195654997124358,0.44578529922935095,0.7097713392983951,0.5177454963729801,0.5987386953847736,0.9672631728447664,0.6426967959778112,0.7722638501493966,0.1583413323094644
apartment_2,seq_0005,-1,logit_count,0.6980053898379825,0.7097713392983951,14082,53901,0.1582360889681776,0.6385171026144916,0.39837659579133455,0.4755006391137622,0.4195654997124358,0.44578529922935095,0.7097713392983951,0.5177454963729801,0.5987386953847736,0.9672631728447664,0.6426967959778112,0.7722638501493966,0.1583413323094644
apartment_2,seq_0005,-1,mlp_all,0.6918119046136765,0.7270274108791365,14082,53901,0.15064328321332185,0.4611326062131741,0.305887944713248,0.5022724044879988,0.446930483664496,0.4729881281884313,0.7270274108791365,0.5674662807740116,0.637412980121168,0.9757136770345122,0.7037717296525111,0.8177263099734154,0.16572642967542503
apartment_2,seq_0005,-1,mlp_noconf,0.6918119046136765,0.7270274108791365,14082,53901,0.15064328321332185,0.4611326062131741,0.305887944713248,0.5022724044879988,0.446930483664496,0.4729881281884313,0.7270274108791365,0.5674662807740116,0.637412980121168,0.9757136770345122,0.7037717296525111,0.8177263099734154,0.16572642967542503
frl_apartment_5,seq_0000,4,support,0.6352794409507373,0.4624093626765043,7861,48021,0.3657356996178434,0.9729198533672453,0.6693277764925444,0.29423737437984987,0.1890214697736407,0.23017553280391206,0.4624093626765043,0.32889777389058955,0.384390340949676,0.7515583259127337,0.5445950729889006,0.6315532740225029,0.07321925984878631
frl_apartment_5,seq_0000,4,logit_count,0.6352794409507373,0.4624093626765043,7861,48021,0.3657356996178434,0.9729198533672453,0.6693277764925444,0.29423737437984987,0.1890214697736407,0.23017553280391206,0.4624093626765043,0.32889777389058955,0.384390340949676,0.7515583259127337,0.5445950729889006,0.6315532740225029,0.07321925984878631
frl_apartment_5,seq_0000,4,mlp_all,0.6423909331682999,0.46495356824831446,7861,48021,0.39677980422545583,0.7782974810624604,0.5875386426439582,0.3110291311537972,0.20047479227837822,0.24380458332437374,0.46495356824831446,0.35155452822723393,0.40037945254594337,0.7315863121740237,0.5929905666271006,0.655037527433454,0.07397902747666033
frl_apartment_5,seq_0000,4,mlp_noconf,0.6423909331682999,0.46495356824831446,7861,48021,0.39677980422545583,0.7782974810624604,0.5875386426439582,0.3110291311537972,0.20047479227837822,0.24380458332437374,0.46495356824831446,0.35155452822723393,0.40037945254594337,0.7315863121740237,0.5929905666271006,0.655037527433454,0.07397902747666033
frl_apartment_5,seq_0000,-1,support,0.659860765402469,0.41373427169972277,18756,48021,0.39658558224007356,0.5931751099694006,0.4948803461047371,0.24482832160375348,0.2921013723162783,0.2663838097693239,0.41373427169972277,0.4108619145790383,0.4122930904268007,0.7269673704414588,0.6580037900085379,0.690768585834811,0.08771495731782754
frl_apartment_5,seq_0000,-1,logit_count,0.659860765402469,0.41373427169972277,18756,48021,0.39658558224007356,0.5931751099694006,0.4948803461047371,0.24482832160375348,0.2921013723162783,0.2663838097693239,0.41373427169972277,0.4108619145790383,0.4122930904268007,0.7269673704414588,0.6580037900085379,0.690768585834811,0.08771495731782754
frl_apartment_5,seq_0000,-1,mlp_all,0.6620113683049479,0.3994988270420132,18756,48021,0.4430578614709368,0.5521308991261707,0.49759438029855374,0.24248240563019835,0.30276337435705214,0.2692906356928832,0.3994988270420132,0.44634639012098876,0.42162527065140093,0.6974834719556409,0.6798692238812186,0.6885637181845333,0.08486288058734615
frl_apartment_5,seq_0000,-1,mlp_noconf,0.6620113683049479,0.3994988270420132,18756,48021,0.4430578614709368,0.5521308991261707,0.49759438029855374,0.24248240563019835,0.30276337435705214,0.2692906356928832,0.3994988270420132,0.44634639012098876,0.42162527065140093,0.6974834719556409,0.6798692238812186,0.6885637181845333,0.08486288058734615
apartment_2,seq_0010,4,support,0.703653933323653,0.7216374269005847,7695,64652,0.15560984390621763,0.6936536436758286,0.4246317437910231,0.571150097465887,0.29660335333787047,0.39044508324506705,0.7216374269005847,0.43554723751778757,0.5432273645520045,0.9585445094217024,0.6641867227618635,0.7846678780903128,0.13473259334006055
apartment_2,seq_0010,4,logit_count,0.703653933323653,0.7216374269005847,7695,64652,0.15560984390621763,0.6936536436758286,0.4246317437910231,0.571150097465887,0.29660335333787047,0.39044508324506705,0.7216374269005847,0.43554723751778757,0.5432273645520045,0.9585445094217024,0.6641867227618635,0.7846678780903128,0.13473259334006055
apartment_2,seq_0010,4,mlp_all,0.7010028574849605,0.758414554905783,7695,64652,0.13875083372062016,0.678761435943916,0.4087561348322681,0.6152046783625731,0.3074460186846501,0.4099974771472223,0.758414554905783,0.45093732599146197,0.565587959607725,0.969070825211176,0.6629802635649322,0.7873219601150969,0.1433626159102001
apartment_2,seq_0010,4,mlp_noconf,0.7010028574849605,0.758414554905783,7695,64652,0.13875083372062016,0.678761435943916,0.4087561348322681,0.6152046783625731,0.3074460186846501,0.4099974771472223,0.758414554905783,0.45093732599146197,0.565587959607725,0.969070825211176,0.6629802635649322,0.7873219601150969,0.1433626159102001
apartment_2,seq_0010,-1,support,0.7192764003887682,0.6265726461038961,19712,64652,0.2149147042539649,0.553830721977788,0.38437271311587645,0.42410714285714285,0.4444410072387552,0.43403605367823905,0.6265726461038961,0.5853647218956877,0.6052681143736764,0.9111708603896104,0.7413846439398627,0.8175556973772281,0.16204320379915446
apartment_2,seq_0010,-1,logit_count,0.7192764003887682,0.6265726461038961,19712,64652,0.2149147042539649,0.553830721977788,0.38437271311587645,0.42410714285714285,0.4444410072387552,0.43403605367823905,0.6265726461038961,0.5853647218956877,0.6052681143736764,0.9111708603896104,0.7413846439398627,0.8175556973772281,0.16204320379915446
apartment_2,seq_0010,-1,mlp_all,0.7379299774634822,0.677049512987013,19712,64652,0.19601954572512462,0.5415383471742831,0.3687789464497038,0.47235186688311687,0.4642857142857143,0.4682840584644192,0.677049512987013,0.6046216667697828,0.6387891239086074,0.9221286525974026,0.7487007362494587,0.8264140022014834,0.17890716803760282
apartment_2,seq_0010,-1,mlp_noconf,0.7379299774634822,0.677049512987013,19712,64652,0.19601954572512462,0.5415383471742831,0.3687789464497038,0.47235186688311687,0.4642857142857143,0.4682840584644192,0.677049512987013,0.6046216667697828,0.6387891239086074,0.9221286525974026,0.7487007362494587,0.8264140022014834,0.17890716803760282
apartment_2,seq_0006,4,support,0.6688153463648225,0.6101751274661937,9022,54151,0.2996418228218938,0.8529884702678414,0.5763151465448676,0.4666371092884061,0.31382615279496223,0.37527180553874667,0.6101751274661937,0.47919706007275953,0.5368121759595887,0.8372866326756817,0.6242913334933796,0.7152691139691424,0.10747025551004485
apartment_2,seq_0006,4,logit_count,0.6688153463648225,0.6101751274661937,9022,54151,0.2996418228218938,0.8529884702678414,0.5763151465448676,0.4666371092884061,0.31382615279496223,0.37527180553874667,0.6101751274661937,0.47919706007275953,0.5368121759595887,0.8372866326756817,0.6242913334933796,0.7152691139691424,0.10747025551004485
apartment_2,seq_0006,4,mlp_all,0.7074731968657749,0.6555087563733097,9022,54151,0.24571052621187794,0.8041359470475767,0.5249232366297274,0.5023276435380182,0.33580173958006315,0.4025213766200946,0.6555087563733097,0.49079426049380437,0.5613174363105555,0.8818443804034583,0.6319366216690366,0.7362620588143681,0.11683713611329662
apartment_2,seq_0006,4,mlp_noconf,0.7074731968657749,0.6555087563733097,9022,54151,0.24571052621187794,0.8041359470475767,0.5249232366297274,0.5023276435380182,0.33580173958006315,0.4025213766200946,0.6555087563733097,0.49079426049380437,0.5613174363105555,0.8818443804034583,0.6319366216690366,0.7362620588143681,0.11683713611329662
apartment_2,seq_0006,-1,support,0.7102374921564348,0.543859649122807,23142,54151,0.35068362148264315,0.7604847700602068,0.5555841957714249,0.36072940973122464,0.48732248711935144,0.414577347872591,0.543859649122807,0.5752063673801038,0.5590939739447158,0.8047273355803302,0.644900371184281,0.7160030882358982,0.14397201291711517
apartment_2,seq_0006,-1,logit_count,0.7102374921564348,0.543859649122807,23142,54151,0.35068362148264315,0.7604847700602068,0.5555841957714249,0.36072940973122464,0.48732248711935144,0.414577347872591,0.543859649122807,0.5752063673801038,0.5590939739447158,0.8047273355803302,0.644900371184281,0.7160030882358982,0.14397201291711517
apartment_2,seq_0006,-1,mlp_all,0.7065120225193937,0.5652061187451387,23142,54151,0.3566348813067793,0.5349499766380623,0.4457924289724208,0.38125486129115893,0.4942660338682573,0.43046677520828786,0.5652061187451387,0.5782349356429244,0.5716462994631377,0.8010543600380261,0.6824620043951174,0.7370180434644428,0.15375220518387842
apartment_2,seq_0006,-1,mlp_noconf,0.7065120225193937,0.5652061187451387,23142,54151,0.3566348813067793,0.5349499766380623,0.4457924289724208,0.38125486129115893,0.4942660338682573,0.43046677520828786,0.5652061187451387,0.5782349356429244,0.5716462994631377,0.8010543600380261,0.6824620043951174,0.7370180434644428,0.15375220518387842
apartment_2,seq_0009,4,support,0.735244003389762,0.7432198499711483,6932,60306,0.16633209462962648,0.7624252879298691,0.4643786912797478,0.5490478938257357,0.28516233873909724,0.3753676839991392,0.7432198499711483,0.41627698736444135,0.5336544441231577,0.9368147720715522,0.6025768580240772,0.733410382217487,0.09013286684160107
apartment_2,seq_0009,4,logit_count,0.735244003389762,0.7432198499711483,6932,60306,0.16633209462962648,0.7624252879298691,0.4643786912797478,0.5490478938257357,0.28516233873909724,0.3753676839991392,0.7432198499711483,0.41627698736444135,0.5336544441231577,0.9368147720715522,0.6025768580240772,0.733410382217487,0.09013286684160107
apartment_2,seq_0009,4,mlp_all,0.7431394879087391,0.773802654356607,6932,60306,0.15653124166486196,0.7281651986860053,0.4423482201754336,0.5930467397576457,0.3044639007727258,0.4023602965207413,0.773802654356607,0.4366563857659271,0.5582772471396189,0.9296018465089441,0.6311478128212782,0.7518389239572528,0.09882866619085603
apartment_2,seq_0009,4,mlp_noconf,0.7431394879087391,0.773802654356607,6932,60306,0.15653124166486196,0.7281651986860053,0.4423482201754336,0.5930467397576457,0.3044639007727258,0.4023602965207413,0.773802654356607,0.4366563857659271,0.5582772471396189,0.9296018465089441,0.6311478128212782,0.7518389239572528,0.09882866619085603
apartment_2,seq_0009,-1,support,0.7562279845115888,0.585437541750167,22455,60306,0.23250324124437272,0.7476780054889615,0.4900906233666671,0.37261189044756177,0.45340430471263227,0.40905695579799617,0.585437541750167,0.5388518555367625,0.5611795440466097,0.8830549988866622,0.6211985540410573,0.7293351408470702,0.140200716453827
apartment_2,seq_0009,-1,logit_count,0.7562279845115888,0.585437541750167,22455,60306,0.23250324124437272,0.7476780054889615,0.4900906233666671,0.37261189044756177,0.45340430471263227,0.40905695579799617,0.585437541750167,0.5388518555367625,0.5611795440466097,0.8830549988866622,0.6211985540410573,0.7293351408470702,0.140200716453827
apartment_2,seq_0009,-1,mlp_all,0.763157859256184,0.6130483188599422,22455,60306,0.22485697577620004,0.7261518299124028,0.4755044028443014,0.3997773324426631,0.4648956986037874,0.42988448946294533,0.6130483188599422,0.5417205584850595,0.5751815522335304,0.8892896904920953,0.6489238218419394,0.7503266094745479,0.15431039255855158
apartment_2,seq_0009,-1,mlp_noconf,0.763157859256184,0.6130483188599422,22455,60306,0.22485697577620004,0.7261518299124028,0.4755044028443014,0.3997773324426631,0.4648956986037874,0.42988448946294533,0.6130483188599422,0.5417205584850595,0.5751815522335304,0.8892896904920953,0.6489238218419394,0.7503266094745479,0.15431039255855158
frl_apartment_5,seq_0004,4,support,0.6237898107757311,0.5477775136676967,8414,50987,0.4071195949984103,0.8408947121878962,0.6240071535931533,0.37199904920370813,0.23615823641320335,0.2889076279608192,0.5477775136676967,0.3811167552513386,0.44949612801815014,0.7417399572141669,0.5850903171396631,0.6541678693802021,0.09066919556343545
frl_apartment_5,seq_0004,4,logit_count,0.6237898107757311,0.5477775136676967,8414,50987,0.4071195949984103,0.8408947121878962,0.6240071535931533,0.37199904920370813,0.23615823641320335,0.2889076279608192,0.5477775136676967,0.3811167552513386,0.44949612801815014,0.7417399572141669,0.5850903171396631,0.6541678693802021,0.09066919556343545
frl_apartment_5,seq_0004,4,mlp_all,0.6202181236546943,0.5066555740432612,8414,50987,0.46032580329045925,0.7002643788887303,0.5802950910895948,0.3639172807226052,0.22311569615784416,0.27663065153094235,0.5066555740432612,0.38478435679683054,0.43738928991444587,0.6957451865937723,0.6531272677349128,0.6737629659519754,0.08650291629015033
frl_apartment_5,seq_0004,4,mlp_noconf,0.6202181236546943,0.5066555740432612,8414,50987,0.46032580329045925,0.7002643788887303,0.5802950910895948,0.3639172807226052,0.22311569615784416,0.27663065153094235,0.5066555740432612,0.38478435679683054,0.43738928991444587,0.6957451865937723,0.6531272677349128,0.6737629659519754,0.08650291629015033
frl_apartment_5,seq_0004,-1,support,0.6428603835716569,0.49300272922594507,17221,50987,0.3929146078947013,0.4323559763721068,0.41263529213340405,0.29533708843853435,0.3198854609998627,0.3071215148786661,0.49300272922594507,0.47633710553670544,0.48452665337679823,0.7544277335810928,0.7353639162923883,0.7447738517971918,0.09875350576503583
frl_apartment_5,seq_0004,-1,logit_count,0.6428603835716569,0.49300272922594507,17221,50987,0.3929146078947013,0.4323559763721068,0.41263529213340405,0.29533708843853435,0.3198854609998627,0.3071215148786661,0.49300272922594507,0.47633710553670544,0.48452665337679823,0.7544277335810928,0.7353639162923883,0.7447738517971918,0.09875350576503583
frl_apartment_5,seq_0004,-1,mlp_all,0.6411056313600806,0.4851053945763893,17221,50987,0.4238059624271278,0.5200395067306633,0.47192273457889555,0.30096974624005574,0.31492341185007944,0.3077885120318212,0.4851053945763893,0.4680604860062369,0.4764305382204441,0.7339295046745253,0.7360699786220017,0.7349981832706002,0.09995320542817034
frl_apartment_5,seq_0004,-1,mlp_noconf,0.6411056313600806,0.4851053945763893,17221,50987,0.4238059624271278,0.5200395067306633,0.47192273457889555,0.30096974624005574,0.31492341185007944,0.3077885120318212,0.4851053945763893,0.4680604860062369,0.4764305382204441,0.7339295046745253,0.7360699786220017,0.7349981832706002,0.09995320542817034
apartment_2,seq_0008,4,support,0.7153678263023794,0.5973146915224146,9012,63172,0.27505673729546914,0.9950777194192804,0.6350672283573747,0.4739236573457612,0.2620781358829861,0.3375128425248866,0.5973146915224146,0.3473532577724308,0.43926377341481676,0.8334442964935641,0.49159437725574623,0.6184219948128445,0.09829699301695881
apartment_2,seq_0008,4,logit_count,0.7153678263023794,0.5973146915224146,9012,63172,0.27505673729546914,0.9950777194192804,0.6350672283573747,0.4739236573457612,0.2620781358829861,0.3375128425248866,0.5973146915224146,0.3473532577724308,0.43926377341481676,0.8334442964935641,0.49159437725574623,0.6184219948128445,0.09829699301695881
apartment_2,seq_0008,4,mlp_all,0.7181264361070641,0.6220594762538837,9012,63172,0.2878251655768884,0.8159180120617958,0.5518715888193422,0.5114292055037728,0.26852086367377953,0.3521492397960298,0.6220594762538837,0.36771037801557654,0.4622038632007363,0.8454283177984909,0.5463179889824605,0.6637311644487672,0.10876524116102579
apartment_2,seq_0008,4,mlp_noconf,0.7181264361070641,0.6220594762538837,9012,63172,0.2878251655768884,0.8159180120617958,0.5518715888193422,0.5114292055037728,0.26852086367377953,0.3521492397960298,0.6220594762538837,0.36771037801557654,0.4622038632007363,0.8454283177984909,0.5463179889824605,0.6637311644487672,0.10876524116102579
apartment_2,seq_0008,-1,support,0.7105643363735927,0.41788314491640144,27333,63172,0.4754539775915989,0.7017362051560975,0.5885950913738482,0.28218636812644055,0.3712720825682264,0.3206567164455305,0.41788314491640144,0.46917938327106945,0.4420481081798477,0.6674349687191308,0.6243905527765465,0.6451956276238185,0.10776027227443821
apartment_2,seq_0008,-1,logit_count,0.7105643363735927,0.41788314491640144,27333,63172,0.4754539775915989,0.7017362051560975,0.5885950913738482,0.28218636812644055,0.3712720825682264,0.3206567164455305,0.41788314491640144,0.46917938327106945,0.4420481081798477,0.6674349687191308,0.6243905527765465,0.6451956276238185,0.10776027227443821
apartment_2,seq_0008,-1,mlp_all,0.7388648637032227,0.4822010024512494,27333,63172,0.3988171299802792,0.6410589694923016,0.5199380497362904,0.32978450956718985,0.4129361109352245,0.36670567389185077,0.4822010024512494,0.5154340530614829,0.49826400086957556,0.7443383455895803,0.6516336351548154,0.6949077898583843,0.12660171919770774
apartment_2,seq_0008,-1,mlp_noconf,0.7388648637032227,0.4822010024512494,27333,63172,0.3988171299802792,0.6410589694923016,0.5199380497362904,0.32978450956718985,0.4129361109352245,0.36670567389185077,0.4822010024512494,0.5154340530614829,0.49826400086957556,0.7443383455895803,0.6516336351548154,0.6949077898583843,0.12660171919770774
apartment_2,seq_0007,4,support,0.7092056756532432,0.7138794084186576,8790,75972,0.1878792611255992,0.7257818872258256,0.4568305741757124,0.5686006825938567,0.30061075132943715,0.3932932120542125,0.7138794084186576,0.4420444374243142,0.5459986358410956,0.9138794084186576,0.6478571052493024,0.7582114689686186,0.12498287436635155
apartment_2,seq_0007,4,logit_count,0.7092056756532432,0.7138794084186576,8790,75972,0.1878792611255992,0.7257818872258256,0.4568305741757124,0.5686006825938567,0.30061075132943715,0.3932932120542125,0.7138794084186576,0.4420444374243142,0.5459986358410956,0.9138794084186576,0.6478571052493024,0.7582114689686186,0.12498287436635155
apartment_2,seq_0007,4,mlp_all,0.7040977377426698,0.7683731513083049,8790,75972,0.16151651188945804,0.6913615337338769,0.42643902281166746,0.6202502844141069,0.3141420523350708,0.41705542659980593,0.7683731513083049,0.4521534249460327,0.5692994462551205,0.9324232081911262,0.6589401358395198,0.7721820133285028,0.13764677357902394
apartment_2,seq_0007,4,mlp_noconf,0.7040977377426698,0.7683731513083049,8790,75972,0.16151651188945804,0.6913615337338769,0.42643902281166746,0.6202502844141069,0.3141420523350708,0.41705542659980593,0.7683731513083049,0.4521534249460327,0.5692994462551205,0.9324232081911262,0.6589401358395198,0.7721820133285028,0.13764677357902394
apartment_2,seq_0007,-1,support,0.709357042939892,0.559891849585542,28109,75972,0.3340434139768376,0.6299928505064497,0.4820181322416437,0.35572236650183214,0.44363712946875167,0.39484524887288375,0.559891849585542,0.574303690833465,0.5670062069998304,0.8355331032765306,0.7146053809298163,0.7703524009367368,0.1419939577039275
apartment_2,seq_0007,-1,logit_count,0.709357042939892,0.559891849585542,28109,75972,0.3340434139768376,0.6299928505064497,0.4820181322416437,0.35572236650183214,0.44363712946875167,0.39484524887288375,0.559891849585542,0.574303690833465,0.5670062069998304,0.8355331032765306,0.7146053809298163,0.7703524009367368,0.1419939577039275
apartment_2,seq_0007,-1,mlp_all,0.7463281641149386,0.6092354761820058,28109,75972,0.2561920592767664,0.562962465166433,0.40957726222159974,0.40182859582340175,0.47096298636339706,0.4336577010081575,0.6092354761820058,0.5935739482967409,0.6013027495133134,0.8768366003771034,0.7385220870847155,0.8017577782186175,0.1630250601979845
apartment_2,seq_0007,-1,mlp_noconf,0.7463281641149386,0.6092354761820058,28109,75972,0.2561920592767664,0.562962465166433,0.40957726222159974,0.40182859582340175,0.47096298636339706,0.4336577010081575,0.6092354761820058,0.5935739482967409,0.6013027495133134,0.8768366003771034,0.7385220870847155,0.8017577782186175,0.1630250601979845
apartment_2,seq_0002,4,support,0.7203374523470191,0.6593783494105038,9330,62100,0.2528608599049173,0.9714750115771476,0.6121679357410325,0.5080385852090032,0.310048309178744,0.3850850207287513,0.6593783494105038,0.42663446054750404,0.5180666817518134,0.8368703108252947,0.5472624798711755,0.6617684729546234,0.10708419624366207
apartment_2,seq_0002,4,logit_count,0.7203374523470191,0.6593783494105038,9330,62100,0.2528608599049173,0.9714750115771476,0.6121679357410325,0.5080385852090032,0.310048309178744,0.3850850207287513,0.6593783494105038,0.42663446054750404,0.5180666817518134,0.8368703108252947,0.5472624798711755,0.6617684729546234,0.10708419624366207
apartment_2,seq_0002,4,mlp_all,0.7215912565584414,0.6804930332261522,9330,62100,0.2979811255700955,0.8234891920572358,0.5607351588136656,0.5470525187566988,0.3237842190016103,0.4067971982772759,0.6804930332261522,0.4294685990338164,0.5265954806687565,0.8277599142550911,0.5837681159420289,0.6846762306654984,0.1162514400921659
apartment_2,seq_0002,4,mlp_noconf,0.7215912565584414,0.6804930332261522,9330,62100,0.2979811255700955,0.8234891920572358,0.5607351588136656,0.5470525187566988,0.3237842190016103,0.4067971982772759,0.6804930332261522,0.4294685990338164,0.5265954806687565,0.8277599142550911,0.5837681159420289,0.6846762306654984,0.1162514400921659
apartment_2,seq_0002,-1,support,0.7322557294266387,0.46302161277973064,28733,62100,0.4312484366279765,0.7832970100587376,0.607272723343357,0.3020916715971183,0.4281159420289855,0.35422873755773693,0.46302161277973064,0.5102737520128825,0.48550066950439535,0.7177809487349042,0.6012399355877617,0.6543619991356044,0.1221227906148435
apartment_2,seq_0002,-1,logit_count,0.7322557294266387,0.46302161277973064,28733,62100,0.4312484366279765,0.7832970100587376,0.607272723343357,0.3020916715971183,0.4281159420289855,0.35422873755773693,0.46302161277973064,0.5102737520128825,0.48550066950439535,0.7177809487349042,0.6012399355877617,0.6543619991356044,0.1221227906148435
apartment_2,seq_0002,-1,mlp_all,0.7377209582582795,0.4858525040893746,28733,62100,0.3783210825150673,0.7000449955535979,0.5391830390343326,0.3276720147565517,0.446731078904992,0.3780492972646708,0.4858525040893746,0.5421256038647343,0.5124488160411368,0.7565517001357325,0.6404991948470209,0.693705227973192,0.13398722217223072
apartment_2,seq_0002,-1,mlp_noconf,0.7377209582582795,0.4858525040893746,28733,62100,0.3783210825150673,0.7000449955535979,0.5391830390343326,0.3276720147565517,0.446731078904992,0.3780492972646708,0.4858525040893746,0.5421256038647343,0.5124488160411368,0.7565517001357325,0.6404991948470209,0.693705227973192,0.13398722217223072
apartment_2,seq_0003,4,support,0.751705127552701,0.6154649947753396,8613,60016,0.2992962588031949,1.0719619117309016,0.6856290852670482,0.4992453268315337,0.29758731005065314,0.37289906811164286,0.6154649947753396,0.39789389496134364,0.483322871025795,0.7864855451062348,0.516945481205012,0.6238460499537684,0.09790782518055245
apartment_2,seq_0003,4,logit_count,0.751705127552701,0.6154649947753396,8613,60016,0.2992962588031949,1.0719619117309016,0.6856290852670482,0.4992453268315337,0.29758731005065314,0.37289906811164286,0.6154649947753396,0.39789389496134364,0.483322871025795,0.7864855451062348,0.516945481205012,0.6238460499537684,0.09790782518055245
apartment_2,seq_0003,4,mlp_all,0.7542033789719805,0.6508765819110647,8613,60016,0.3062947788278341,1.026535881213029,0.6664153300204315,0.5382561244630211,0.31414956011730205,0.39674283686588446,0.6508765819110647,0.4143061850173287,0.5063209844190429,0.8000696621386276,0.5505031991468942,0.6522282820468678,0.10805530507965133
apartment_2,seq_0003,4,mlp_noconf,0.7542033789719805,0.6508765819110647,8613,60016,0.3062947788278341,1.026535881213029,0.6664153300204315,0.5382561244630211,0.31414956011730205,0.39674283686588446,0.6508765819110647,0.4143061850173287,0.5063209844190429,0.8000696621386276,0.5505031991468942,0.6522282820468678,0.10805530507965133
apartment_2,seq_0003,-1,support,0.7794003435156177,0.3964271894750419,31012,60016,0.5495247402575797,0.9839142672346554,0.7667195037461175,0.25141880562362956,0.4056584910690483,0.3104358462208924,0.3964271894750419,0.4553785657158091,0.42386293789115465,0.649555010963498,0.5441715542521994,0.5922116005258572,0.10500425894378194
apartment_2,seq_0003,-1,logit_count,0.7794003435156177,0.3964271894750419,31012,60016,0.5495247402575797,0.9839142672346554,0.7667195037461175,0.25141880562362956,0.4056584910690483,0.3104358462208924,0.3964271894750419,0.4553785657158091,0.42386293789115465,0.649555010963498,0.5441715542521994,0.5922116005258572,0.10500425894378194
apartment_2,seq_0003,-1,mlp_all,0.7985789197682276,0.4322842770540436,31012,60016,0.5747469708419763,0.9285729328078094,0.7516599518248929,0.2890494002321682,0.4268028525726473,0.34467198523195686,0.4322842770540436,0.4764396161023727,0.4532891818027048,0.6675158003353541,0.561400293255132,0.6098765701176966,0.12318181818181818
apartment_2,seq_0003,-1,mlp_noconf,0.7985789197682276,0.4322842770540436,31012,60016,0.5747469708419763,0.9285729328078094,0.7516599518248929,0.2890494002321682,0.4268028525726473,0.34467198523195686,0.4322842770540436,0.4764396161023727,0.4532891818027048,0.6675158003353541,0.561400293255132,0.6098765701176966,0.12318181818181818
apartment_2,seq_0000,4,support,0.7049361209550582,0.7257022122793935,8046,90479,0.18019894132628075,0.787873887450693,0.4840364143884869,0.5765597812577679,0.24863227931343185,0.347437595255932,0.7257022122793935,0.37076006587163873,0.4907809514096936,0.9072831220482227,0.5866223101493164,0.7125384372322645,0.1025617677411522
apartment_2,seq_0000,4,logit_count,0.7049361209550582,0.7257022122793935,8046,90479,0.18019894132628075,0.787873887450693,0.4840364143884869,0.5765597812577679,0.24863227931343185,0.347437595255932,0.7257022122793935,0.37076006587163873,0.4907809514096936,0.9072831220482227,0.5866223101493164,0.7125384372322645,0.1025617677411522
apartment_2,seq_0000,4,mlp_all,0.7041516904245266,0.7642306736266468,8046,90479,0.16064876183488078,0.7736779830677719,0.46716337245132633,0.6162068108376834,0.256203096851203,0.36192641061503866,0.7642306736266468,0.38395649819295086,0.511121079313767,0.9297787720606513,0.6008908144431304,0.7300014693198168,0.10939742845799102
apartment_2,seq_0000,4,mlp_noconf,0.7041516904245266,0.7642306736266468,8046,90479,0.16064876183488078,0.7736779830677719,0.46716337245132633,0.6162068108376834,0.256203096851203,0.36192641061503866,0.7642306736266468,0.38395649819295086,0.511121079313767,0.9297787720606513,0.6008908144431304,0.7300014693198168,0.10939742845799102
apartment_2,seq_0000,-1,support,0.7143010672688069,0.5609378679315101,29727,90479,0.3198901266154789,0.7214941444101404,0.5206921355128096,0.3740370706764894,0.4045579637263895,0.38869930833071514,0.5609378679315101,0.493584146597553,0.5251100214553076,0.839640730648905,0.6392975165508018,0.7258994551193889,0.1461144810416708
apartment_2,seq_0000,-1,logit_count,0.7143010672688069,0.5609378679315101,29727,90479,0.3198901266154789,0.7214941444101404,0.5206921355128096,0.3740370706764894,0.4045579637263895,0.38869930833071514,0.5609378679315101,0.493584146597553,0.5251100214553076,0.839640730648905,0.6392975165508018,0.7258994551193889,0.1461144810416708
apartment_2,seq_0000,-1,mlp_all,0.7613149961143219,0.620479698590507,29727,90479,0.2663563494773633,0.6719425142279384,0.46914943185265084,0.42907121472062437,0.43119397871329257,0.43012997768331457,0.620479698590507,0.5055095657555897,0.5571250684646613,0.8785615770175261,0.6525934194675007,0.7489032855260439,0.16801578671821513
apartment_2,seq_0000,-1,mlp_noconf,0.7613149961143219,0.620479698590507,29727,90479,0.2663563494773633,0.6719425142279384,0.46914943185265084,0.42907121472062437,0.43119397871329257,0.43012997768331457,0.620479698590507,0.5055095657555897,0.5571250684646613,0.8785615770175261,0.6525934194675007,0.7489032855260439,0.16801578671821513
frl_apartment_5,seq_0006,4,support,0.6357353510322439,0.6518114294376232,6597,45500,0.318159293407912,0.8776230491935333,0.5978911713007227,0.4656662119145066,0.26173626373626374,0.3351149838902617,0.6518114294376232,0.39254945054945056,0.48999962252656937,0.793087767166894,0.5492747252747253,0.6490393882162001,0.1031221348260387
frl_apartment_5,seq_0006,4,logit_count,0.6357353510322439,0.6518114294376232,6597,45500,0.318159293407912,0.8776230491935333,0.5978911713007227,0.4656662119145066,0.26173626373626374,0.3351149838902617,0.6518114294376232,0.39254945054945056,0.48999962252656937,0.793087767166894,0.5492747252747253,0.6490393882162001,0.1031221348260387
frl_apartment_5,seq_0006,4,mlp_all,0.6473132083318892,0.6797028952554192,6597,45500,0.31054140625366644,0.9270227913286128,0.6187820987911397,0.4870395634379263,0.2774945054945055,0.3535507658963765,0.6797028952554192,0.40782417582417585,0.5097790766489517,0.8161285432772473,0.5539780219780219,0.659973884586559,0.10595065312046444
frl_apartment_5,seq_0006,4,mlp_noconf,0.6473132083318892,0.6797028952554192,6597,45500,0.31054140625366644,0.9270227913286128,0.6187820987911397,0.4870395634379263,0.2774945054945055,0.3535507658963765,0.6797028952554192,0.40782417582417585,0.5097790766489517,0.8161285432772473,0.5539780219780219,0.659973884586559,0.10595065312046444
frl_apartment_5,seq_0006,-1,support,0.6425862459665254,0.5861741038771031,13670,45500,0.3287758015808956,0.555115125255821,0.4419454634183583,0.3663496708119971,0.34602197802197804,0.35589579666613463,0.5861741038771031,0.48127472527472526,0.5285701255221202,0.8063643013899049,0.6584175824175824,0.7249194432811024,0.1164863856769862
frl_apartment_5,seq_0006,-1,logit_count,0.6425862459665254,0.5861741038771031,13670,45500,0.3287758015808956,0.555115125255821,0.4419454634183583,0.3663496708119971,0.34602197802197804,0.35589579666613463,0.5861741038771031,0.48127472527472526,0.5285701255221202,0.8063643013899049,0.6584175824175824,0.7249194432811024,0.1164863856769862
frl_apartment_5,seq_0006,-1,mlp_all,0.6465032850176713,0.606949524506218,13670,45500,0.3397572789368693,0.4750222065512687,0.40738974274406903,0.38339429407461595,0.36228571428571427,0.37254123518025306,0.606949524506218,0.5043296703296704,0.5509014386725305,0.8081199707388442,0.7037142857142857,0.7523120547805443,0.12016316144001198
frl_apartment_5,seq_0006,-1,mlp_noconf,0.6465032850176713,0.606949524506218,13670,45500,0.3397572789368693,0.4750222065512687,0.40738974274406903,0.38339429407461595,0.36228571428571427,0.37254123518025306,0.606949524506218,0.5043296703296704,0.5509014386725305,0.8081199707388442,0.7037142857142857,0.7523120547805443,0.12016316144001198
office_4,seq_0000,4,support,0.7119880565134796,0.8079540904844521,7493,54187,0.13267901111042277,0.3763337187880205,0.25450636494922163,0.6534098491925797,0.37544060383486816,0.47687511360014473,0.8079540904844521,0.52265303486076,0.6347172645874836,0.9442146002936074,0.6755310314282024,0.787588187100551,0.1587349855557245
office_4,seq_0000,4,logit_count,0.7119880565134796,0.8079540904844521,7493,54187,0.13267901111042277,0.3763337187880205,0.25450636494922163,0.6534098491925797,0.37544060383486816,0.47687511360014473,0.8079540904844521,0.52265303486076,0.6347172645874836,0.9442146002936074,0.6755310314282024,0.787588187100551,0.1587349855557245
office_4,seq_0000,4,mlp_all,0.7241848812040179,0.8246363272387561,7493,54187,0.11614595408502126,0.35443790509792344,0.23529192959147235,0.6644868543974376,0.3860335504825881,0.4883564725834041,0.8246363272387561,0.5322863417424843,0.6469678249585556,0.964500200186841,0.7074944174802075,0.8162448611740898,0.16624158335033667
office_4,seq_0000,4,mlp_noconf,0.7241848812040179,0.8246363272387561,7493,54187,0.11614595408502126,0.35443790509792344,0.23529192959147235,0.6644868543974376,0.3860335504825881,0.4883564725834041,0.8246363272387561,0.5322863417424843,0.6469678249585556,0.964500200186841,0.7074944174802075,0.8162448611740898,0.16624158335033667
office_4,seq_0000,-1,support,0.7031817886127185,0.7023986990107061,14758,54187,0.17686053322248807,0.29512706112550274,0.2359937971739954,0.5109770971676378,0.4723642202004171,0.49091255249986127,0.7023986990107061,0.5779245944599258,0.6341109083074776,0.9220761620815828,0.762618340192297,0.8348008393313111,0.18065679128458342
office_4,seq_0000,-1,logit_count,0.7031817886127185,0.7023986990107061,14758,54187,0.17686053322248807,0.29512706112550274,0.2359937971739954,0.5109770971676378,0.4723642202004171,0.49091255249986127,0.7023986990107061,0.5779245944599258,0.6341109083074776,0.9220761620815828,0.762618340192297,0.8348008393313111,0.18065679128458342
office_4,seq_0000,-1,mlp_all,0.7091969299553887,0.7063965306952161,14758,54187,0.16525583333526414,0.2654365001368503,0.21534616673605722,0.5210055563084429,0.47834351412700465,0.4987639175482153,0.7063965306952161,0.5896986362042557,0.6427939574327508,0.9411844423363599,0.8033107571926846,0.8667992749252711,0.18558161498504644
office_4,seq_0000,-1,mlp_noconf,0.7091969299553887,0.7063965306952161,14758,54187,0.16525583333526414,0.2654365001368503,0.21534616673605722,0.5210055563084429,0.47834351412700465,0.4987639175482153,0.7063965306952161,0.5896986362042557,0.6427939574327508,0.9411844423363599,0.8033107571926846,0.8667992749252711,0.18558161498504644
frl_apartment_5,seq_0011,4,support,0.7734060367948055,0.8938946331856229,4062,29308,0.10816393585544769,0.8250465118194147,0.4666052238374312,0.7045790251107829,0.41852054046676673,0.525119594787255,0.8938946331856229,0.5779650607342705,0.7020232541095529,0.9709502708025604,0.7210318001910742,0.8275336171164605,0.1670592498641058
frl_apartment_5,seq_0011,4,logit_count,0.7734060367948055,0.8938946331856229,4062,29308,0.10816393585544769,0.8250465118194147,0.4666052238374312,0.7045790251107829,0.41852054046676673,0.525119594787255,0.8938946331856229,0.5779650607342705,0.7020232541095529,0.9709502708025604,0.7210318001910742,0.8275336171164605,0.1670592498641058
frl_apartment_5,seq_0011,4,mlp_all,0.784241275741464,0.9391925160019695,4062,29308,0.09253895019815282,0.8318655630117235,0.4622022566049382,0.7634170359428852,0.4411764705882353,0.5591954990262316,0.9391925160019695,0.5856762658659752,0.7214558685206786,0.9788281634662728,0.7222601337518766,0.8311956074489313,0.18553285477636663
frl_apartment_5,seq_0011,4,mlp_noconf,0.784241275741464,0.9391925160019695,4062,29308,0.09253895019815282,0.8318655630117235,0.4622022566049382,0.7634170359428852,0.4411764705882353,0.5591954990262316,0.9391925160019695,0.5856762658659752,0.7214558685206786,0.9788281634662728,0.7222601337518766,0.8311956074489313,0.18553285477636663
frl_apartment_5,seq_0011,-1,support,0.8039236610201625,0.8602218300983111,7934,29308,0.11799763255763894,0.8060128630089626,0.46200524778330077,0.6032266196117974,0.5105773167735772,0.5530485551116268,0.8602218300983111,0.5986420090077794,0.7059807923924458,0.9815981850264683,0.7166302715981985,0.8284432771006002,0.2081921107665681
frl_apartment_5,seq_0011,-1,logit_count,0.8039236610201625,0.8602218300983111,7934,29308,0.11799763255763894,0.8060128630089626,0.46200524778330077,0.6032266196117974,0.5105773167735772,0.5530485551116268,0.8602218300983111,0.5986420090077794,0.7059807923924458,0.9815981850264683,0.7166302715981985,0.8284432771006002,0.2081921107665681
frl_apartment_5,seq_0011,-1,mlp_all,0.8089641505343818,0.878371565414671,7934,29308,0.11495362761466699,0.7015546253076067,0.40825412646113685,0.6289387446433072,0.5265797734406988,0.5732256410940062,0.878371565414671,0.6219803466630272,0.7282689432494559,0.97882530879758,0.7571652791046813,0.8538439589422157,0.22381300219138056
frl_apartment_5,seq_0011,-1,mlp_noconf,0.8089641505343818,0.878371565414671,7934,29308,0.11495362761466699,0.7015546253076067,0.40825412646113685,0.6289387446433072,0.5265797734406988,0.5732256410940062,0.878371565414671,0.6219803466630272,0.7282689432494559,0.97882530879758,0.7571652791046813,0.8538439589422157,0.22381300219138056
apartment_2,seq_0004,4,support,0.7210721345806866,0.5729050900200044,8998,67653,0.32586169914579177,1.1226976023356445,0.7242796507407181,0.4714380973549678,0.2739715903211979,0.3465494141161539,0.5729050900200044,0.35170650229849376,0.43584667774862,0.7707268281840409,0.5123054410003991,0.6154912188680164,0.10211826398951218
apartment_2,seq_0004,4,logit_count,0.7210721345806866,0.5729050900200044,8998,67653,0.32586169914579177,1.1226976023356445,0.7242796507407181,0.4714380973549678,0.2739715903211979,0.3465494141161539,0.5729050900200044,0.35170650229849376,0.43584667774862,0.7707268281840409,0.5123054410003991,0.6154912188680164,0.10211826398951218
apartment_2,seq_0004,4,mlp_all,0.7164000716778747,0.6060235607912869,8998,67653,0.3063032732365699,1.0814298743822095,0.6938665738093897,0.5022227161591465,0.29642440098739153,0.37280812665206303,0.6060235607912869,0.374839253248193,0.4631869324157569,0.8030673482996221,0.5221645751112294,0.6328451847602695,0.10942872026393471
apartment_2,seq_0004,4,mlp_noconf,0.7164000716778747,0.6060235607912869,8998,67653,0.3063032732365699,1.0814298743822095,0.6938665738093897,0.5022227161591465,0.29642440098739153,0.37280812665206303,0.6060235607912869,0.374839253248193,0.4631869324157569,0.8030673482996221,0.5221645751112294,0.6328451847602695,0.10942872026393471
apartment_2,seq_0004,-1,support,0.7780835282941934,0.380335325540805,37814,67653,0.6369052890689311,0.9997802427372251,0.8183427659030781,0.2476067065108161,0.41615301612640976,0.31048065802546454,0.380335325540805,0.4579989061830222,0.41556972503023565,0.6177341725286931,0.5391039569568238,0.5757468193164997,0.11234782608695652
apartment_2,seq_0004,-1,logit_count,0.7780835282941934,0.380335325540805,37814,67653,0.6369052890689311,0.9997802427372251,0.8183427659030781,0.2476067065108161,0.41615301612640976,0.31048065802546454,0.380335325540805,0.4579989061830222,0.41556972503023565,0.6177341725286931,0.5391039569568238,0.5757468193164997,0.11234782608695652
apartment_2,seq_0004,-1,mlp_all,0.8060304164811255,0.41093245887766433,37814,67653,0.6530609873241449,0.9349695208217262,0.7940152540729355,0.2730205743904374,0.4204839401061298,0.3310743173260139,0.41093245887766433,0.47604688631694086,0.44109960078575744,0.648199079705929,0.5545799890618303,0.5977460829967487,0.12518054886856042
apartment_2,seq_0004,-1,mlp_noconf,0.8060304164811255,0.41093245887766433,37814,67653,0.6530609873241449,0.9349695208217262,0.7940152540729355,0.2730205743904374,0.4204839401061298,0.3310743173260139,0.41093245887766433,0.47604688631694086,0.44109960078575744,0.648199079705929,0.5545799890618303,0.5977460829967487,0.12518054886856042
frl_apartment_5,seq_0012,4,support,0.6513766409569204,0.4617782765930914,8019,47988,0.37423990393447926,0.8959562504887616,0.6350980772116204,0.2994138920064846,0.18719263149120613,0.23036302081134613,0.4617782765930914,0.3158497957822789,0.37512167973333105,0.7472253398179324,0.531445361340335,0.621128552273043,0.07292488386361644
frl_apartment_5,seq_0012,4,logit_count,0.6513766409569204,0.4617782765930914,8019,47988,0.37423990393447926,0.8959562504887616,0.6350980772116204,0.2994138920064846,0.18719263149120613,0.23036302081134613,0.4617782765930914,0.3158497957822789,0.37512167973333105,0.7472253398179324,0.531445361340335,0.621128552273043,0.07292488386361644
frl_apartment_5,seq_0012,4,mlp_all,0.6603144520666282,0.45928420002494075,8019,47988,0.4113428554243202,0.8237301944966626,0.6175365249604914,0.3110113480483851,0.1953405017921147,0.2399640203149282,0.45928420002494075,0.34050179211469533,0.3910723486918801,0.7172964210001247,0.5792489789113945,0.6409235179415618,0.07386612860777261
frl_apartment_5,seq_0012,4,mlp_noconf,0.6603144520666282,0.45928420002494075,8019,47988,0.4113428554243202,0.8237301944966626,0.6175365249604914,0.3110113480483851,0.1953405017921147,0.2399640203149282,0.45928420002494075,0.34050179211469533,0.3910723486918801,0.7172964210001247,0.5792489789113945,0.6409235179415618,0.07386612860777261
frl_apartment_5,seq_0012,-1,support,0.6681190103511347,0.41678224687933424,18746,47988,0.4100797695605508,0.5718179533627485,0.4909488614616497,0.252160460898325,0.29378177877802786,0.2713845654592093,0.41678224687933424,0.41787530215887303,0.4173280587945256,0.7145524378534087,0.6393473368342085,0.67486117763093,0.0886800037104604
frl_apartment_5,seq_0012,-1,logit_count,0.6681190103511347,0.41678224687933424,18746,47988,0.4100797695605508,0.5718179533627485,0.4909488614616497,0.252160460898325,0.29378177877802786,0.2713845654592093,0.41678224687933424,0.41787530215887303,0.4173280587945256,0.7145524378534087,0.6393473368342085,0.67486117763093,0.0886800037104604
frl_apartment_5,seq_0012,-1,mlp_all,0.6653227144918619,0.3976314947188734,18746,47988,0.45401303070670396,0.5869856606400581,0.5204993456733811,0.24303851488317507,0.30595148787196796,0.2708901614438524,0.3976314947188734,0.46261565391347836,0.4276690814690078,0.6797716846260535,0.6723555888972244,0.6760432990031542,0.0841544525187831
frl_apartment_5,seq_0012,-1,mlp_noconf,0.6653227144918619,0.3976314947188734,18746,47988,0.45401303070670396,0.5869856606400581,0.5204993456733811,0.24303851488317507,0.30595148787196796,0.2708901614438524,0.3976314947188734,0.46261565391347836,0.4276690814690078,0.6797716846260535,0.6723555888972244,0.6760432990031542,0.0841544525187831
office_4,seq_0001,4,support,0.6979816936449523,0.8293622485375945,7009,50714,0.11307764012410475,0.4137905374669704,0.2634340887955376,0.5657012412612356,0.338782190322199,0.42377670809725454,0.8293622485375945,0.48931261584572305,0.6154927530303733,0.9927236410329576,0.7017588831486374,0.8222600394689913,0.14900938477580813
office_4,seq_0001,4,logit_count,0.6979816936449523,0.8293622485375945,7009,50714,0.11307764012410475,0.4137905374669704,0.2634340887955376,0.5657012412612356,0.338782190322199,0.42377670809725454,0.8293622485375945,0.48931261584572305,0.6154927530303733,0.9927236410329576,0.7017588831486374,0.8222600394689913,0.14900938477580813
office_4,seq_0001,4,mlp_all,0.7092681514155986,0.8623198744471394,7009,50714,0.10261335800207083,0.49108008495003475,0.2968467214760528,0.6055072050221144,0.3495681665812202,0.4432446900100978,0.8623198744471394,0.4888985290057972,0.624010029869837,0.9955771151376801,0.6515755018338132,0.7876545885624158,0.15922360738519803
office_4,seq_0001,4,mlp_noconf,0.7092681514155986,0.8623198744471394,7009,50714,0.10261335800207083,0.49108008495003475,0.2968467214760528,0.6055072050221144,0.3495681665812202,0.4432446900100978,0.8623198744471394,0.4888985290057972,0.624010029869837,0.9955771151376801,0.6515755018338132,0.7876545885624158,0.15922360738519803
office_4,seq_0001,-1,support,0.7044338159940434,0.7811387900355872,13488,50714,0.13197717773893836,0.3093429239637758,0.22066005085135706,0.5360320284697508,0.4734787238237962,0.5028173502697635,0.7811387900355872,0.5912962889931774,0.673087528575161,0.9857651245551602,0.7931932010884568,0.8790562245289035,0.18573804573804573
office_4,seq_0001,-1,logit_count,0.7044338159940434,0.7811387900355872,13488,50714,0.13197717773893836,0.3093429239637758,0.22066005085135706,0.5360320284697508,0.4734787238237962,0.5028173502697635,0.7811387900355872,0.5912962889931774,0.673087528575161,0.9857651245551602,0.7931932010884568,0.8790562245289035,0.18573804573804573
office_4,seq_0001,-1,mlp_all,0.6975120782172832,0.7967081850533808,13488,50714,0.12963550712459262,0.3510499470015182,0.24034272706305543,0.5638345195729537,0.4726899869858422,0.5142549549627846,0.7967081850533808,0.5986512600070987,0.6836236505633895,0.9833926453143536,0.7674409433292582,0.8620988131348022,0.1904901060365701
office_4,seq_0001,-1,mlp_noconf,0.6975120782172832,0.7967081850533808,13488,50714,0.12963550712459262,0.3510499470015182,0.24034272706305543,0.5638345195729537,0.4726899869858422,0.5142549549627846,0.7967081850533808,0.5986512600070987,0.6836236505633895,0.9833926453143536,0.7674409433292582,0.8620988131348022,0.1904901060365701
frl_apartment_5,seq_0013,4,support,0.6388503058074687,0.551447135262847,8465,51631,0.3703723365712135,0.9539109856990495,0.6621416611351315,0.3611340815121087,0.2189963394084949,0.27265262787391265,0.551447135262847,0.355329162712324,0.43217990873956974,0.7595983461311282,0.5217601828358932,0.6186062105174,0.07662788818872193
frl_apartment_5,seq_0013,4,logit_count,0.6388503058074687,0.551447135262847,8465,51631,0.3703723365712135,0.9539109856990495,0.6621416611351315,0.3611340815121087,0.2189963394084949,0.27265262787391265,0.551447135262847,0.355329162712324,0.43217990873956974,0.7595983461311282,0.5217601828358932,0.6186062105174,0.07662788818872193
frl_apartment_5,seq_0013,4,mlp_all,0.6384139628371617,0.5318369757826343,8465,51631,0.41796514930568796,0.7765807534646515,0.5972729513851698,0.3634967513290018,0.2084794019097054,0.2649816251397624,0.5318369757826343,0.35920280451666636,0.4287964184553356,0.7194329592439457,0.5567391683291046,0.62771549189017,0.07701943669939791
frl_apartment_5,seq_0013,4,mlp_noconf,0.6384139628371617,0.5318369757826343,8465,51631,0.41796514930568796,0.7765807534646515,0.5972729513851698,0.3634967513290018,0.2084794019097054,0.2649816251397624,0.5318369757826343,0.35920280451666636,0.4287964184553356,0.7194329592439457,0.5567391683291046,0.62771549189017,0.07701943669939791
frl_apartment_5,seq_0013,-1,support,0.6746230729065358,0.4935767048495878,18682,51631,0.37699959602505767,0.6418099928347102,0.509404794429884,0.2921528744245798,0.3170382134763998,0.30408726328780167,0.4935767048495878,0.4324146346187368,0.4609757810616228,0.7673161331763194,0.6232302299006411,0.6878082209754864,0.09774615178491679
frl_apartment_5,seq_0013,-1,logit_count,0.6746230729065358,0.4935767048495878,18682,51631,0.37699959602505767,0.6418099928347102,0.509404794429884,0.2921528744245798,0.3170382134763998,0.30408726328780167,0.4935767048495878,0.4324146346187368,0.4609757810616228,0.7673161331763194,0.6232302299006411,0.6878082209754864,0.09774615178491679
frl_apartment_5,seq_0013,-1,mlp_all,0.6613676693911216,0.45905149341612245,18682,51631,0.43704071657167004,0.5966402186455412,0.5168404676086056,0.277807515255326,0.3102593403188007,0.2931380185831879,0.45905149341612245,0.44196316166644073,0.4503452818518247,0.7098276415801306,0.6368848172609479,0.6713808056451336,0.08950681126444254
frl_apartment_5,seq_0013,-1,mlp_noconf,0.6613676693911216,0.45905149341612245,18682,51631,0.43704071657167004,0.5966402186455412,0.5168404676086056,0.277807515255326,0.3102593403188007,0.2931380185831879,0.45905149341612245,0.44196316166644073,0.4503452818518247,0.7098276415801306,0.6368848172609479,0.6713808056451336,0.08950681126444254
frl_apartment_5,seq_0008,4,support,0.7084008520909187,0.8139207402937034,4971,34525,0.13230599399719992,0.9993310467266753,0.5658185203619376,0.5823777911888955,0.39296162201303403,0.4692768862865096,0.8139207402937034,0.6031281679942071,0.6928462696166747,0.9653993160329913,0.7153656770456192,0.8217847684563455,0.15292622767022945
frl_apartment_5,seq_0008,4,logit_count,0.7084008520909187,0.8139207402937034,4971,34525,0.13230599399719992,0.9993310467266753,0.5658185203619376,0.5823777911888955,0.39296162201303403,0.4692768862865096,0.8139207402937034,0.6031281679942071,0.6928462696166747,0.9653993160329913,0.7153656770456192,0.8217847684563455,0.15292622767022945
frl_apartment_5,seq_0008,4,mlp_all,0.7138091157312348,0.8141219070609536,4971,34525,0.1317078685951822,0.9914112378403231,0.5615595532177526,0.5962582981291491,0.3836929761042723,0.4669214214043605,0.8141219070609536,0.5924112961622013,0.6857925758038487,0.9633876483604908,0.7169587255611876,0.8221033369184647,0.15872896634615385
frl_apartment_5,seq_0008,4,mlp_noconf,0.7138091157312348,0.8141219070609536,4971,34525,0.1317078685951822,0.9914112378403231,0.5615595532177526,0.5962582981291491,0.3836929761042723,0.4669214214043605,0.8141219070609536,0.5924112961622013,0.6857925758038487,0.9633876483604908,0.7169587255611876,0.8221033369184647,0.15872896634615385
frl_apartment_5,seq_0008,-1,support,0.7543441799560555,0.7977205498520967,11494,34525,0.13754546955156643,0.8849391310386696,0.5112423002951181,0.516791369410127,0.5635336712527155,0.5391513233771216,0.7977205498520967,0.6498189717595945,0.7162138784013717,0.9725073951626936,0.7314699493120926,0.8349406021763182,0.20852375970486206
frl_apartment_5,seq_0008,-1,logit_count,0.7543441799560555,0.7977205498520967,11494,34525,0.13754546955156643,0.8849391310386696,0.5112423002951181,0.516791369410127,0.5635336712527155,0.5391513233771216,0.7977205498520967,0.6498189717595945,0.7162138784013717,0.9725073951626936,0.7314699493120926,0.8349406021763182,0.20852375970486206
frl_apartment_5,seq_0008,-1,mlp_all,0.760446931977361,0.7977205498520967,11494,34525,0.13972181457675192,0.6228442113958019,0.3812830129862769,0.5297546546024012,0.5814916727009414,0.5544187866490385,0.7977205498520967,0.6688776249094859,0.7276395619588175,0.9672872803201671,0.7559160028964519,0.848638047192352,0.21279770127645467
frl_apartment_5,seq_0008,-1,mlp_noconf,0.760446931977361,0.7977205498520967,11494,34525,0.13972181457675192,0.6228442113958019,0.3812830129862769,0.5297546546024012,0.5814916727009414,0.5544187866490385,0.7977205498520967,0.6688776249094859,0.7276395619588175,0.9672872803201671,0.7559160028964519,0.848638047192352,0.21279770127645467
frl_apartment_5,seq_0005,4,support,0.6308156590756994,0.6931231692007254,7169,64831,0.2584984428433068,1.1437287139617007,0.7011135784025038,0.4988143395173664,0.245422714442165,0.328982193390453,0.6931231692007254,0.415804167759251,0.5197878939737312,0.83805272701911,0.6030448396600392,0.7013867542036007,0.10594460255742173
frl_apartment_5,seq_0005,4,logit_count,0.6308156590756994,0.6931231692007254,7169,64831,0.2584984428433068,1.1437287139617007,0.7011135784025038,0.4988143395173664,0.245422714442165,0.328982193390453,0.6931231692007254,0.415804167759251,0.5197878939737312,0.83805272701911,0.6030448396600392,0.7013867542036007,0.10594460255742173
frl_apartment_5,seq_0005,4,mlp_all,0.6510972858501846,0.7111173106430464,7169,64831,0.27261996496441,1.019881974242315,0.6462509696033625,0.5222485702329475,0.2503432000123398,0.33844879872970085,0.7111173106430464,0.42149588931221177,0.529276938087318,0.8377737480820198,0.6215390785272478,0.7136360537679802,0.11021689268037503
frl_apartment_5,seq_0005,4,mlp_noconf,0.6510972858501846,0.7111173106430464,7169,64831,0.27261996496441,1.019881974242315,0.6462509696033625,0.5222485702329475,0.2503432000123398,0.33844879872970085,0.7111173106430464,0.42149588931221177,0.529276938087318,0.8377737480820198,0.6215390785272478,0.7136360537679802,0.11021689268037503
frl_apartment_5,seq_0005,-1,support,0.680720059600557,0.6133869070952568,20408,64831,0.30321254554556776,0.45159329251250646,0.3774029190290371,0.3852410819286554,0.38982893985901806,0.3875214324816949,0.6133869070952568,0.521062454689886,0.5634678783418878,0.8263426107408859,0.7422220851136031,0.7820266989092245,0.14437468467963452
frl_apartment_5,seq_0005,-1,logit_count,0.680720059600557,0.6133869070952568,20408,64831,0.30321254554556776,0.45159329251250646,0.3774029190290371,0.3852410819286554,0.38982893985901806,0.3875214324816949,0.6133869070952568,0.521062454689886,0.5634678783418878,0.8263426107408859,0.7422220851136031,0.7820266989092245,0.14437468467963452
frl_apartment_5,seq_0005,-1,mlp_all,0.6798051568218151,0.6476381811054488,20408,64831,0.3131511197671643,0.423647024338881,0.3683990720530227,0.42414739317914546,0.4087859203158983,0.41632500384163784,0.6476381811054488,0.5493359658188213,0.594450509449834,0.8282046256370051,0.773765636809551,0.8000601441701384,0.1525801716350497
frl_apartment_5,seq_0005,-1,mlp_noconf,0.6798051568218151,0.6476381811054488,20408,64831,0.3131511197671643,0.423647024338881,0.3683990720530227,0.42414739317914546,0.4087859203158983,0.41632500384163784,0.6476381811054488,0.5493359658188213,0.594450509449834,0.8282046256370051,0.773765636809551,0.8000601441701384,0.1525801716350497
apartment_2,seq_0001,4,support,0.6953304107550019,0.7547914972702985,8609,91546,0.19643005262976937,0.7192075176613045,0.457818785145537,0.6536183064235103,0.31621261442335,0.42622347682761985,0.7547914972702985,0.44213837852008825,0.5576304768956787,0.8765245673132768,0.6040460533502283,0.7152123622618255,0.12479306504529994
apartment_2,seq_0001,4,logit_count,0.6953304107550019,0.7547914972702985,8609,91546,0.19643005262976937,0.7192075176613045,0.457818785145537,0.6536183064235103,0.31621261442335,0.42622347682761985,0.7547914972702985,0.44213837852008825,0.5576304768956787,0.8765245673132768,0.6040460533502283,0.7152123622618255,0.12479306504529994
apartment_2,seq_0001,4,mlp_all,0.6859427852618261,0.7700081310256708,8609,91546,0.19027122127372217,0.6889053724228406,0.4395882968482814,0.679869903589267,0.3157975225569659,0.431270975782632,0.7700081310256708,0.4323727961898936,0.5537855120032772,0.8836101753978395,0.6200598606165206,0.7287386049784812,0.12965538089480047
apartment_2,seq_0001,4,mlp_noconf,0.6859427852618261,0.7700081310256708,8609,91546,0.19027122127372217,0.6889053724228406,0.4395882968482814,0.679869903589267,0.3157975225569659,0.431270975782632,0.7700081310256708,0.4323727961898936,0.5537855120032772,0.8836101753978395,0.6200598606165206,0.7287386049784812,0.12965538089480047
apartment_2,seq_0001,-1,support,0.7023602348275622,0.5892811999662931,35601,91546,0.3091933188863299,0.4283774200105686,0.36878536944844925,0.41563439229235133,0.5115024140869071,0.458611919130554,0.5892811999662931,0.6007471653594914,0.5949589451718253,0.8418583747647538,0.7216044392982762,0.7771067338812802,0.17369975928222336
apartment_2,seq_0001,-1,logit_count,0.7023602348275622,0.5892811999662931,35601,91546,0.3091933188863299,0.4283774200105686,0.36878536944844925,0.41563439229235133,0.5115024140869071,0.458611919130554,0.5892811999662931,0.6007471653594914,0.5949589451718253,0.8418583747647538,0.7216044392982762,0.7771067338812802,0.17369975928222336
apartment_2,seq_0001,-1,mlp_all,0.7412411934273142,0.6169770512064268,35601,91546,0.2847048665576136,0.3379797650106814,0.3113423157841475,0.4432740653352434,0.5179581849561968,0.4777147879705131,0.6169770512064268,0.6325781574290521,0.6246802118561309,0.8632341788152018,0.7774779892076115,0.8181149462300994,0.18493629869651668
apartment_2,seq_0001,-1,mlp_noconf,0.7412411934273142,0.6169770512064268,35601,91546,0.2847048665576136,0.3379797650106814,0.3113423157841475,0.4432740653352434,0.5179581849561968,0.4777147879705131,0.6169770512064268,0.6325781574290521,0.6246802118561309,0.8632341788152018,0.7774779892076115,0.8181149462300994,0.18493629869651668
frl_apartment_5,seq_0002,4,support,0.5889355468344787,0.6644937440857954,9511,96872,0.37845550952216567,0.6308341381932862,0.5046448238577259,0.5292818841341604,0.2989511933272772,0.38208918521678836,0.6644937440857954,0.5323106780080932,0.591102621141046,0.744085795394806,0.7506503427202907,0.747353654044594,0.13001753546947234
frl_apartment_5,seq_0002,4,logit_count,0.5889355468344787,0.6644937440857954,9511,96872,0.37845550952216567,0.6308341381932862,0.5046448238577259,0.5292818841341604,0.2989511933272772,0.38208918521678836,0.6644937440857954,0.5323106780080932,0.591102621141046,0.744085795394806,0.7506503427202907,0.747353654044594,0.13001753546947234
frl_apartment_5,seq_0002,4,mlp_all,0.5964465116429061,0.7045526232783094,9511,96872,0.3166586967866504,0.5071897854182704,0.4119242411024604,0.5651351067185364,0.31512717813196794,0.40462810802752047,0.7045526232783094,0.5371934098604344,0.6095949027005272,0.8002313111134476,0.768436699975225,0.7840117903623205,0.13723288198678046
frl_apartment_5,seq_0002,4,mlp_noconf,0.5964465116429061,0.7045526232783094,9511,96872,0.3166586967866504,0.5071897854182704,0.4119242411024604,0.5651351067185364,0.31512717813196794,0.40462810802752047,0.7045526232783094,0.5371934098604344,0.6095949027005272,0.8002313111134476,0.768436699975225,0.7840117903623205,0.13723288198678046
frl_apartment_5,seq_0002,-1,support,0.7059226754304299,0.6477054284553946,36935,96872,0.3717913473478034,0.16960210664692443,0.2706967269973639,0.4469202653309869,0.5708667107110413,0.5013463678062844,0.6477054284553946,0.7371996036006276,0.689560907145258,0.7599296060647083,0.9292778098934676,0.8361148705902941,0.20163232539470163
frl_apartment_5,seq_0002,-1,logit_count,0.7059226754304299,0.6477054284553946,36935,96872,0.3717913473478034,0.16960210664692443,0.2706967269973639,0.4469202653309869,0.5708667107110413,0.5013463678062844,0.6477054284553946,0.7371996036006276,0.689560907145258,0.7599296060647083,0.9292778098934676,0.8361148705902941,0.20163232539470163
frl_apartment_5,seq_0002,-1,mlp_all,0.6767165122295011,0.6159740083931231,36935,96872,0.39066146401918767,0.1461856481963853,0.26842355610778645,0.42685799377284417,0.5710834916178049,0.48854879184292355,0.6159740083931231,0.7623978032868115,0.681408640108982,0.7521321240016244,0.9634982244611446,0.8447949952448406,0.1932165429802418
frl_apartment_5,seq_0002,-1,mlp_noconf,0.6767165122295011,0.6159740083931231,36935,96872,0.39066146401918767,0.1461856481963853,0.26842355610778645,0.42685799377284417,0.5710834916178049,0.48854879184292355,0.6159740083931231,0.7623978032868115,0.681408640108982,0.7521321240016244,0.9634982244611446,0.8447949952448406,0.1932165429802418
office_4,seq_0002,4,support,0.7077937093065765,0.8823706377858003,6648,51842,0.10846403094637919,0.5354751970946066,0.32196961402049284,0.6615523465703971,0.347285984337024,0.4554701200984637,0.8823706377858003,0.45623239844141816,0.6014719248297995,0.9778880866425993,0.6156784074688476,0.7556190244858001,0.15686169929062882
office_4,seq_0002,4,logit_count,0.7077937093065765,0.8823706377858003,6648,51842,0.10846403094637919,0.5354751970946066,0.32196961402049284,0.6615523465703971,0.347285984337024,0.4554701200984637,0.8823706377858003,0.45623239844141816,0.6014719248297995,0.9778880866425993,0.6156784074688476,0.7556190244858001,0.15686169929062882
office_4,seq_0002,4,mlp_all,0.7072975361204116,0.871841155234657,6648,51842,0.10695965289799507,0.4800541216013409,0.293506887249668,0.6793020457280385,0.35183827784421895,0.46357310725082823,0.871841155234657,0.47745071563597086,0.617006879644338,0.9778880866425993,0.650997260908144,0.7816418348120803,0.1618812941932719
office_4,seq_0002,4,mlp_noconf,0.7072975361204116,0.871841155234657,6648,51842,0.10695965289799507,0.4800541216013409,0.293506887249668,0.6793020457280385,0.35183827784421895,0.46357310725082823,0.871841155234657,0.47745071563597086,0.617006879644338,0.9778880866425993,0.650997260908144,0.7816418348120803,0.1618812941932719
office_4,seq_0002,-1,support,0.7118618923636167,0.7693171608265947,13356,51842,0.1458258488817455,0.2790603081607904,0.21244307852126795,0.5408056304282719,0.4659156668338413,0.5005751176889637,0.7693171608265947,0.5968326839242313,0.6721863310226437,0.960691823899371,0.8058138189113074,0.8764633733991283,0.187604550016728
office_4,seq_0002,-1,logit_count,0.7118618923636167,0.7693171608265947,13356,51842,0.1458258488817455,0.2790603081607904,0.21244307852126795,0.5408056304282719,0.4659156668338413,0.5005751176889637,0.7693171608265947,0.5968326839242313,0.6721863310226437,0.960691823899371,0.8058138189113074,0.8764633733991283,0.187604550016728
office_4,seq_0002,-1,mlp_all,0.7098658040529763,0.7655735250074873,13356,51842,0.14690473209330102,0.3142394748757551,0.23057210348452806,0.5347409404013178,0.45218162879518536,0.4900081059266828,0.7655735250074873,0.5936692257243162,0.6687509520746509,0.9598682240191674,0.7806990471046642,0.8610620460006305,0.17624156070082425
office_4,seq_0002,-1,mlp_noconf,0.7098658040529763,0.7655735250074873,13356,51842,0.14690473209330102,0.3142394748757551,0.23057210348452806,0.5347409404013178,0.45218162879518536,0.4900081059266828,0.7655735250074873,0.5936692257243162,0.6687509520746509,0.9598682240191674,0.7806990471046642,0.8610620460006305,0.17624156070082425
office_4,seq_0003,4,support,0.6667753458097839,0.7480300859598854,5584,47402,0.1439622130465003,0.7698806209561245,0.4569214170013124,0.5736031518624641,0.2909581874182524,0.3860791034263672,0.7480300859598854,0.40318973882958525,0.5239625803872742,0.9557664756446992,0.5516011982616768,0.6995001184517916,0.11921512586567
office_4,seq_0003,4,logit_count,0.6667753458097839,0.7480300859598854,5584,47402,0.1439622130465003,0.7698806209561245,0.4569214170013124,0.5736031518624641,0.2909581874182524,0.3860791034263672,0.7480300859598854,0.40318973882958525,0.5239625803872742,0.9557664756446992,0.5516011982616768,0.6995001184517916,0.11921512586567
office_4,seq_0003,4,mlp_all,0.6652511590054838,0.7815186246418339,5584,47402,0.13032080230216134,0.8267596116666182,0.47854020698438976,0.5941977077363897,0.2959790726129699,0.3951351919459121,0.7815186246418339,0.4042234504873212,0.5328446408354327,0.9726002865329513,0.53044175351251,0.6864848589859857,0.12229938271604938
office_4,seq_0003,4,mlp_noconf,0.6652511590054838,0.7815186246418339,5584,47402,0.13032080230216134,0.8267596116666182,0.47854020698438976,0.5941977077363897,0.2959790726129699,0.3951351919459121,0.7815186246418339,0.4042234504873212,0.5328446408354327,0.9726002865329513,0.53044175351251,0.6864848589859857,0.12229938271604938
office_4,seq_0003,-1,support,0.6652655437927939,0.6209164984675188,13377,47402,0.19161064997975158,0.5676707513464032,0.3796407006630774,0.40464977199671076,0.38211467870553983,0.39305949188929407,0.6209164984675188,0.4824690941310493,0.5430069461775853,0.9361590790162219,0.6548246909413105,0.7706176406878902,0.13126280686246936
office_4,seq_0003,-1,logit_count,0.6652655437927939,0.6209164984675188,13377,47402,0.19161064997975158,0.5676707513464032,0.3796407006630774,0.40464977199671076,0.38211467870553983,0.39305949188929407,0.6209164984675188,0.4824690941310493,0.5430069461775853,0.9361590790162219,0.6548246909413105,0.7706176406878902,0.13126280686246936
office_4,seq_0003,-1,mlp_all,0.654864287033223,0.6129924497271436,13377,47402,0.2150112608181009,0.5015341660762913,0.35827271344719613,0.4031546684607909,0.3783595628876419,0.39036377846055953,0.6129924497271436,0.5013079616893802,0.5515532299105051,0.9061074979442326,0.6652039998312308,0.7671888518131409,0.12489013184178985
office_4,seq_0003,-1,mlp_noconf,0.654864287033223,0.6129924497271436,13377,47402,0.2150112608181009,0.5015341660762913,0.35827271344719613,0.4031546684607909,0.3783595628876419,0.39036377846055953,0.6129924497271436,0.5013079616893802,0.5515532299105051,0.9061074979442326,0.6652039998312308,0.7671888518131409,0.12489013184178985
office_4,seq_0008,4,support,0.6848702009013203,0.7131928181108509,6405,46599,0.1797005787321081,0.7922263700160964,0.48596347437410226,0.5427010148321624,0.313053928195884,0.39706386954175743,0.7131928181108509,0.43421532650915257,0.5397891828326611,0.9044496487119438,0.5623082040387133,0.6934743272816344,0.12934934375872661
office_4,seq_0008,4,logit_count,0.6848702009013203,0.7131928181108509,6405,46599,0.1797005787321081,0.7922263700160964,0.48596347437410226,0.5427010148321624,0.313053928195884,0.39706386954175743,0.7131928181108509,0.43421532650915257,0.5397891828326611,0.9044496487119438,0.5623082040387133,0.6934743272816344,0.12934934375872661
office_4,seq_0008,4,mlp_all,0.720202374327631,0.7926619828259173,6405,46599,0.1324971505876264,0.5182778102170438,0.3253874804023351,0.6118657298985167,0.3510161162256701,0.44610817625252397,0.7926619828259173,0.4698384085495397,0.5899769173503504,0.9626854020296643,0.6151634155239383,0.7506534636262584,0.14664020413949533
office_4,seq_0008,4,mlp_noconf,0.720202374327631,0.7926619828259173,6405,46599,0.1324971505876264,0.5182778102170438,0.3253874804023351,0.6118657298985167,0.3510161162256701,0.44610817625252397,0.7926619828259173,0.4698384085495397,0.5899769173503504,0.9626854020296643,0.6151634155239383,0.7506534636262584,0.14664020413949533
office_4,seq_0008,-1,support,0.6909477630123003,0.6090523534728499,14383,46599,0.22617927016436326,0.41189946314569004,0.31903936665502663,0.41437808523951886,0.4323268739672525,0.42316223681970416,0.6090523534728499,0.5314491727290285,0.5676105852830218,0.8694291872349301,0.7019678533874117,0.7767754736179929,0.15361642938962528
office_4,seq_0008,-1,logit_count,0.6909477630123003,0.6090523534728499,14383,46599,0.22617927016436326,0.41189946314569004,0.31903936665502663,0.41437808523951886,0.4323268739672525,0.42316223681970416,0.6090523534728499,0.5314491727290285,0.5676105852830218,0.8694291872349301,0.7019678533874117,0.7767754736179929,0.15361642938962528
office_4,seq_0008,-1,mlp_all,0.7188654205309121,0.6606410345546826,14383,46599,0.20923151674704518,0.29222301294425285,0.250727264845649,0.46311617882222067,0.466125882529668,0.46461615664108125,0.6606410345546826,0.5784029700208159,0.6167928420507836,0.8914690954599179,0.7819266507864976,0.833112484785767,0.16887046632124353
office_4,seq_0008,-1,mlp_noconf,0.7188654205309121,0.6606410345546826,14383,46599,0.20923151674704518,0.29222301294425285,0.250727264845649,0.46311617882222067,0.466125882529668,0.46461615664108125,0.6606410345546826,0.5784029700208159,0.6167928420507836,0.8914690954599179,0.7819266507864976,0.833112484785767,0.16887046632124353
office_4,seq_0006,4,support,0.6851124338397162,0.7605477936090745,7229,55803,0.15672978328091125,0.4098810366112946,0.2833054099461029,0.6034029602987965,0.34007132233034065,0.43498809959086976,0.7605477936090745,0.4891493288891278,0.5953785699502895,0.9247475446119795,0.667258032722255,0.7751797307340454,0.14921386817173957
office_4,seq_0006,4,logit_count,0.6851124338397162,0.7605477936090745,7229,55803,0.15672978328091125,0.4098810366112946,0.2833054099461029,0.6034029602987965,0.34007132233034065,0.43498809959086976,0.7605477936090745,0.4891493288891278,0.5953785699502895,0.9247475446119795,0.667258032722255,0.7751797307340454,0.14921386817173957
office_4,seq_0006,4,mlp_all,0.7014031349262432,0.8254253700373496,7229,55803,0.11549161489216762,0.43566056482886734,0.27557608986051746,0.6617789459122977,0.3622027489561493,0.46816882491543277,0.8254253700373496,0.48809203806246976,0.613442271332854,0.971641997510029,0.6614698134508897,0.7871008543571045,0.16852838696454192
office_4,seq_0006,4,mlp_noconf,0.7014031349262432,0.8254253700373496,7229,55803,0.11549161489216762,0.43566056482886734,0.27557608986051746,0.6617789459122977,0.3622027489561493,0.46816882491543277,0.8254253700373496,0.48809203806246976,0.613442271332854,0.971641997510029,0.6614698134508897,0.7871008543571045,0.16852838696454192
office_4,seq_0006,-1,support,0.6934617491805797,0.6404153766769866,15504,55803,0.1978582517795769,0.2914491930417253,0.2446537224106511,0.4630417956656347,0.46038743436732793,0.46171080008747933,0.6404153766769866,0.5678189344658889,0.6019361864609329,0.9120227038183695,0.7604429869361862,0.8293638223841314,0.1696522655426765
office_4,seq_0006,-1,logit_count,0.6934617491805797,0.6404153766769866,15504,55803,0.1978582517795769,0.2914491930417253,0.2446537224106511,0.4630417956656347,0.46038743436732793,0.46171080008747933,0.6404153766769866,0.5678189344658889,0.6019361864609329,0.9120227038183695,0.7604429869361862,0.8293638223841314,0.1696522655426765
office_4,seq_0006,-1,mlp_all,0.6951423115269202,0.6555082559339526,15504,55803,0.18352636219134275,0.27703657407609283,0.2302814681337178,0.47632868937048506,0.4581115710624877,0.46704255685331936,0.6555082559339526,0.5761159794276294,0.6132532472932634,0.9318885448916409,0.7831657796175833,0.851078835634669,0.17393767705382437
office_4,seq_0006,-1,mlp_noconf,0.6951423115269202,0.6555082559339526,15504,55803,0.18352636219134275,0.27703657407609283,0.2302814681337178,0.47632868937048506,0.4581115710624877,0.46704255685331936,0.6555082559339526,0.5761159794276294,0.6132532472932634,0.9318885448916409,0.7831657796175833,0.851078835634669,0.17393767705382437
office_4,seq_0010,4,support,0.6728650594501623,0.6957526726379659,6922,52162,0.18347585607140174,0.47470678348000694,0.3290913197757043,0.5673215833574111,0.31729995015528545,0.4069788113941284,0.6957526726379659,0.46497450251140676,0.5574216917755683,0.903351632476163,0.7113799317510832,0.79595424638356,0.12883835094925614
office_4,seq_0010,4,logit_count,0.6728650594501623,0.6957526726379659,6922,52162,0.18347585607140174,0.47470678348000694,0.3290913197757043,0.5673215833574111,0.31729995015528545,0.4069788113941284,0.6957526726379659,0.46497450251140676,0.5574216917755683,0.903351632476163,0.7113799317510832,0.79595424638356,0.12883835094925614
office_4,seq_0010,4,mlp_all,0.6961104041772417,0.7428488876047386,6922,52162,0.16191315936845846,0.4269671844005296,0.294440171884494,0.6060387171337763,0.34812698899582073,0.442225983296901,0.7428488876047386,0.4906445305011311,0.5909634187619669,0.9264663392083213,0.7175338368927572,0.8087236933279516,0.14216928535225545
office_4,seq_0010,4,mlp_noconf,0.6961104041772417,0.7428488876047386,6922,52162,0.16191315936845846,0.4269671844005296,0.294440171884494,0.6060387171337763,0.34812698899582073,0.442225983296901,0.7428488876047386,0.4906445305011311,0.5909634187619669,0.9264663392083213,0.7175338368927572,0.8087236933279516,0.14216928535225545
office_4,seq_0010,-1,support,0.6662195518462544,0.5791878835357096,15318,52162,0.22247367830248413,0.38320071937772876,0.30283719884010646,0.4163076119597859,0.4355086077987807,0.4256917027290921,0.5791878835357096,0.5848893830758023,0.5820246707029555,0.8900639770204988,0.76862466929949,0.8248987915973117,0.14516845612736023
office_4,seq_0010,-1,logit_count,0.6662195518462544,0.5791878835357096,15318,52162,0.22247367830248413,0.38320071937772876,0.30283719884010646,0.4163076119597859,0.4355086077987807,0.4256917027290921,0.5791878835357096,0.5848893830758023,0.5820246707029555,0.8900639770204988,0.76862466929949,0.8248987915973117,0.14516845612736023
office_4,seq_0010,-1,mlp_all,0.6785468207857982,0.6171823997910955,15318,52162,0.21852941194467407,0.35489668619305453,0.2867130490688643,0.45417156286721505,0.4436563015221809,0.4488523554016734,0.6171823997910955,0.5714888232813159,0.5934573607239843,0.8884319101710406,0.775392047850926,0.8280720263490017,0.15625584090314382
office_4,seq_0010,-1,mlp_noconf,0.6785468207857982,0.6171823997910955,15318,52162,0.21852941194467407,0.35489668619305453,0.2867130490688643,0.45417156286721505,0.4436563015221809,0.4488523554016734,0.6171823997910955,0.5714888232813159,0.5934573607239843,0.8884319101710406,0.775392047850926,0.8280720263490017,0.15625584090314382
office_4,seq_0004,4,support,0.658712186760985,0.7126962353299802,6561,52573,0.1587670241685961,0.5637414031943156,0.3612542136814559,0.5241579027587258,0.3167215110417895,0.39485348377341206,0.7126962353299802,0.4505734882924695,0.5521024442131242,0.9428440786465477,0.6775721377893595,0.7884947971894711,0.13175800411414104
office_4,seq_0004,4,logit_count,0.658712186760985,0.7126962353299802,6561,52573,0.1587670241685961,0.5637414031943156,0.3612542136814559,0.5241579027587258,0.3167215110417895,0.39485348377341206,0.7126962353299802,0.4505734882924695,0.5521024442131242,0.9428440786465477,0.6775721377893595,0.7884947971894711,0.13175800411414104
office_4,seq_0004,4,mlp_all,0.6646320972447115,0.7703094040542601,6561,52573,0.13594492155724036,0.47150756037945674,0.30372624096834855,0.5970126505105929,0.36644285089304396,0.45413829150093915,0.7703094040542601,0.5041561257679797,0.6094416768491249,0.9609815576893767,0.7137313830293116,0.8191047905093042,0.1545332257196664
office_4,seq_0004,4,mlp_noconf,0.6646320972447115,0.7703094040542601,6561,52573,0.13594492155724036,0.47150756037945674,0.30372624096834855,0.5970126505105929,0.36644285089304396,0.45413829150093915,0.7703094040542601,0.5041561257679797,0.6094416768491249,0.9609815576893767,0.7137313830293116,0.8191047905093042,0.1545332257196664
office_4,seq_0004,-1,support,0.6718451221436165,0.6465991710267038,14717,52573,0.1886555568494513,0.38879404422560604,0.2887248005375287,0.45206224094584496,0.4720674110284747,0.4618482942325625,0.6465991710267038,0.5772544842409602,0.6099622603979066,0.920296256030441,0.7465809445913302,0.8243866409292554,0.16885731201894613
office_4,seq_0004,-1,logit_count,0.6718451221436165,0.6465991710267038,14717,52573,0.1886555568494513,0.38879404422560604,0.2887248005375287,0.45206224094584496,0.4720674110284747,0.4618482942325625,0.6465991710267038,0.5772544842409602,0.6099622603979066,0.920296256030441,0.7465809445913302,0.8243866409292554,0.16885731201894613
office_4,seq_0004,-1,mlp_all,0.6749277505920991,0.6786709247808657,14717,52573,0.18636267962951822,0.30040939207583095,0.2433860358526746,0.48793911802677176,0.4846213835999467,0.4862745918534752,0.6786709247808657,0.5962946759743595,0.6348216123567704,0.9122783175919005,0.7992315447092614,0.8520215104030088,0.17488593533029162
office_4,seq_0004,-1,mlp_noconf,0.6749277505920991,0.6786709247808657,14717,52573,0.18636267962951822,0.30040939207583095,0.2433860358526746,0.48793911802677176,0.4846213835999467,0.4862745918534752,0.6786709247808657,0.5962946759743595,0.6348216123567704,0.9122783175919005,0.7992315447092614,0.8520215104030088,0.17488593533029162
office_4,seq_0009,4,support,0.6781867129326259,0.7651033923503177,7399,56697,0.14835786124753209,0.5047222730645197,0.3265400671560259,0.575212866603595,0.3628057921935905,0.44496035935077405,0.7651033923503177,0.5084572375963455,0.6109208281137393,0.9393161238005135,0.6752561863943418,0.7856929287975983,0.16137866887143448
office_4,seq_0009,4,logit_count,0.6781867129326259,0.7651033923503177,7399,56697,0.14835786124753209,0.5047222730645197,0.3265400671560259,0.575212866603595,0.3628057921935905,0.44496035935077405,0.7651033923503177,0.5084572375963455,0.6109208281137393,0.9393161238005135,0.6752561863943418,0.7856929287975983,0.16137866887143448
office_4,seq_0009,4,mlp_all,0.6897258013637878,0.7975402081362346,7399,56697,0.14173994068488993,0.3784016865674687,0.26007081362617934,0.6181916475199352,0.3792793269485158,0.4701235785261862,0.7975402081362346,0.5454433215161296,0.6478307001741082,0.9375591296121097,0.735770852073302,0.8244980813276244,0.1685644465242032
office_4,seq_0009,4,mlp_noconf,0.6897258013637878,0.7975402081362346,7399,56697,0.14173994068488993,0.3784016865674687,0.26007081362617934,0.6181916475199352,0.3792793269485158,0.4701235785261862,0.7975402081362346,0.5454433215161296,0.6478307001741082,0.9375591296121097,0.735770852073302,0.8244980813276244,0.1685644465242032
office_4,seq_0009,-1,support,0.6862813944783062,0.6435198865315289,16921,56697,0.19815397147591807,0.3066389903345049,0.2523964809052115,0.4529283139294368,0.4956876025186518,0.47334426115289374,0.6435198865315289,0.6005256010018166,0.6212798012429731,0.9057975296968265,0.7830396670017814,0.8399570987793886,0.17857011307967144
office_4,seq_0009,-1,logit_count,0.6862813944783062,0.6435198865315289,16921,56697,0.19815397147591807,0.3066389903345049,0.2523964809052115,0.4529283139294368,0.4956876025186518,0.47334426115289374,0.6435198865315289,0.6005256010018166,0.6212798012429731,0.9057975296968265,0.7830396670017814,0.8399570987793886,0.17857011307967144
office_4,seq_0009,-1,mlp_all,0.6896158685209861,0.6751374032267596,16921,56697,0.19651263278565087,0.255849288730324,0.22618096075798744,0.485432303055375,0.49110182196588886,0.48825060458875646,0.6751374032267596,0.6102086530151507,0.6410331029881207,0.8910229891850363,0.8359525195336613,0.862609700034805,0.17308256342572226
office_4,seq_0009,-1,mlp_noconf,0.6896158685209861,0.6751374032267596,16921,56697,0.19651263278565087,0.255849288730324,0.22618096075798744,0.485432303055375,0.49110182196588886,0.48825060458875646,0.6751374032267596,0.6102086530151507,0.6410331029881207,0.8910229891850363,0.8359525195336613,0.862609700034805,0.17308256342572226
office_4,seq_0005,4,support,0.6685525932445648,0.7702941176470588,6800,57334,0.13060693661097098,0.45703124356517777,0.2938190900880744,0.6069117647058824,0.34537970488715247,0.4402328759203068,0.7702941176470588,0.48015139358844666,0.5915616326148899,0.9663235294117647,0.680800223253218,0.7988146288267088,0.16078290720909977
office_4,seq_0005,4,logit_count,0.6685525932445648,0.7702941176470588,6800,57334,0.13060693661097098,0.45703124356517777,0.2938190900880744,0.6069117647058824,0.34537970488715247,0.4402328759203068,0.7702941176470588,0.48015139358844666,0.5915616326148899,0.9663235294117647,0.680800223253218,0.7988146288267088,0.16078290720909977
office_4,seq_0005,4,mlp_all,0.6752559069137634,0.8175,6800,57334,0.11476578499249246,0.3404660941950203,0.22761593959375637,0.6685294117647059,0.3752223811351031,0.4806644634243648,0.8175,0.5247148288973384,0.639173943527312,0.971764705882353,0.736700736037953,0.8380617559048393,0.17560064345389445
office_4,seq_0005,4,mlp_noconf,0.6752559069137634,0.8175,6800,57334,0.11476578499249246,0.3404660941950203,0.22761593959375637,0.6685294117647059,0.3752223811351031,0.4806644634243648,0.8175,0.5247148288973384,0.639173943527312,0.971764705882353,0.736700736037953,0.8380617559048393,0.17560064345389445
office_4,seq_0005,-1,support,0.6560804006757149,0.68946383206311,14958,57334,0.16698136943275585,0.25029726647238,0.2086393179525679,0.4923118063912288,0.4579481633934489,0.4745086496800672,0.68946383206311,0.5728886873408449,0.6257935460153784,0.9479208450327584,0.8106010395227963,0.8738994141811112,0.18143476093708064
office_4,seq_0005,-1,logit_count,0.6560804006757149,0.68946383206311,14958,57334,0.16698136943275585,0.25029726647238,0.2086393179525679,0.4923118063912288,0.4579481633934489,0.4745086496800672,0.68946383206311,0.5728886873408449,0.6257935460153784,0.9479208450327584,0.8106010395227963,0.8738994141811112,0.18143476093708064
office_4,seq_0005,-1,mlp_all,0.6596317287239463,0.7155368364754646,14958,57334,0.15604793633586794,0.2927911800978924,0.22441955821688017,0.5142398716405937,0.46129696166323647,0.48633179651560626,0.7155368364754646,0.5723305542958803,0.6359716802734582,0.9629629629629629,0.8031360100463948,0.8758175433154849,0.17566484795299325
office_4,seq_0005,-1,mlp_noconf,0.6596317287239463,0.7155368364754646,14958,57334,0.15604793633586794,0.2927911800978924,0.22441955821688017,0.5142398716405937,0.46129696166323647,0.48633179651560626,0.7155368364754646,0.5723305542958803,0.6359716802734582,0.9629629629629629,0.8031360100463948,0.8758175433154849,0.17566484795299325
office_4,seq_0007,4,support,0.6971474240352014,0.7377026271660145,7156,61235,0.16254265930824693,0.4497983205747629,0.3061704899415049,0.6039686975964226,0.3282599820364171,0.42534360539442867,0.7377026271660145,0.47361802890503796,0.5768732869291412,0.9143376187814422,0.7141504041806157,0.8019396775453254,0.14624129814193418
office_4,seq_0007,4,logit_count,0.6971474240352014,0.7377026271660145,7156,61235,0.16254265930824693,0.4497983205747629,0.3061704899415049,0.6039686975964226,0.3282599820364171,0.42534360539442867,0.7377026271660145,0.47361802890503796,0.5768732869291412,0.9143376187814422,0.7141504041806157,0.8019396775453254,0.14624129814193418
office_4,seq_0007,4,mlp_all,0.7152650572307676,0.7870318613750699,7156,61235,0.13552275353381962,0.4469049937276944,0.291213873630757,0.6492453884851872,0.34798726218665793,0.4531121701120853,0.7870318613750699,0.4935576059443129,0.6066668065219942,0.9453605366126328,0.689572956642443,0.7974575883538446,0.15848349868394412
office_4,seq_0007,4,mlp_noconf,0.7152650572307676,0.7870318613750699,7156,61235,0.13552275353381962,0.4469049937276944,0.291213873630757,0.6492453884851872,0.34798726218665793,0.4531121701120853,0.7870318613750699,0.4935576059443129,0.6066668065219942,0.9453605366126328,0.689572956642443,0.7974575883538446,0.15848349868394412
office_4,seq_0007,-1,support,0.686588188111513,0.592947451600158,20248,61235,0.22647653335082368,0.2590064784403425,0.2427415058955831,0.41870802054523903,0.508222421817588,0.45914298314232094,0.592947451600158,0.6605862660243325,0.6249420139148228,0.8734195969972343,0.8096513431860863,0.8403274431163742,0.17016294272611962
office_4,seq_0007,-1,logit_count,0.686588188111513,0.592947451600158,20248,61235,0.22647653335082368,0.2590064784403425,0.2427415058955831,0.41870802054523903,0.508222421817588,0.45914298314232094,0.592947451600158,0.6605862660243325,0.6249420139148228,0.8734195969972343,0.8096513431860863,0.8403274431163742,0.17016294272611962
office_4,seq_0007,-1,mlp_all,0.7100433035920771,0.6102824970367444,20248,61235,0.21541192606799517,0.2614965207266803,0.23845422339733774,0.4296720663769261,0.5088266514248387,0.4659113424415831,0.6102824970367444,0.661419123050543,0.6348226779414389,0.88675424733307,0.7989221850249041,0.8405499741945766,0.17164908167252832
office_4,seq_0007,-1,mlp_noconf,0.7100433035920771,0.6102824970367444,20248,61235,0.21541192606799517,0.2614965207266803,0.23845422339733774,0.4296720663769261,0.5088266514248387,0.4659113424415831,0.6102824970367444,0.661419123050543,0.6348226779414389,0.88675424733307,0.7989221850249041,0.8405499741945766,0.17164908167252832
office_4,seq_0011,4,support,0.6992962866341256,0.7977141067793957,6387,58635,0.12441382003410843,0.6222259501041186,0.3733198850691135,0.6165648974479412,0.31170802421761745,0.414076984257175,0.7977141067793957,0.4280890253261704,0.5571737345352431,0.969156098324722,0.6116653875671527,0.7499888454013675,0.13869836915104405
office_4,seq_0011,4,logit_count,0.6992962866341256,0.7977141067793957,6387,58635,0.12441382003410843,0.6222259501041186,0.3733198850691135,0.6165648974479412,0.31170802421761745,0.414076984257175,0.7977141067793957,0.4280890253261704,0.5571737345352431,0.969156098324722,0.6116653875671527,0.7499888454013675,0.13869836915104405
office_4,seq_0011,4,mlp_all,0.7170778262842173,0.8387349303272272,6387,58635,0.10927016798059427,0.5383932894723296,0.32383172872646193,0.660403945514326,0.336658992069583,0.4459717000300561,0.8387349303272272,0.45058412211136695,0.5862329290036319,0.9780804759668076,0.6385264773599386,0.7726433189074482,0.1524578362813657
office_4,seq_0011,4,mlp_noconf,0.7170778262842173,0.8387349303272272,6387,58635,0.10927016798059427,0.5383932894723296,0.32383172872646193,0.660403945514326,0.336658992069583,0.4459717000300561,0.8387349303272272,0.45058412211136695,0.5862329290036319,0.9780804759668076,0.6385264773599386,0.7726433189074482,0.1524578362813657
office_4,seq_0011,-1,support,0.7092023477041351,0.6432757718472004,19110,58635,0.19382662887502047,0.2710361552148121,0.2324313920449163,0.4398744113029827,0.5155112134390722,0.4746987722215755,0.6432757718472004,0.6514198004604759,0.6473221719463471,0.9152276295133438,0.8218299650379466,0.8660179065150794,0.17527428418517527
office_4,seq_0011,-1,logit_count,0.7092023477041351,0.6432757718472004,19110,58635,0.19382662887502047,0.2710361552148121,0.2324313920449163,0.4398744113029827,0.5155112134390722,0.4746987722215755,0.6432757718472004,0.6514198004604759,0.6473221719463471,0.9152276295133438,0.8218299650379466,0.8660179065150794,0.17527428418517527
office_4,seq_0011,-1,mlp_all,0.7405880908399546,0.6927786499215071,19110,58635,0.17273865189241858,0.2622391351819033,0.21748889353716094,0.48105703819989537,0.5337085358574231,0.506016865540755,0.6927786499215071,0.6672806344333589,0.6797906273045843,0.9402407116692831,0.8381683294960348,0.8862752813127961,0.1859052247873633
office_4,seq_0011,-1,mlp_noconf,0.7405880908399546,0.6927786499215071,19110,58635,0.17273865189241858,0.2622391351819033,0.21748889353716094,0.48105703819989537,0.5337085358574231,0.506016865540755,0.6927786499215071,0.6672806344333589,0.6797906273045843,0.9402407116692831,0.8381683294960348,0.8862752813127961,0.1859052247873633
frl_apartment_5,seq_0007,4,support,0.6005730953531918,0.609713282621416,8545,68669,0.4033823384217593,0.7027565269002081,0.5530694326609837,0.4738443534230544,0.2534476983791813,0.3302518169075234,0.609713282621416,0.4044619843015043,0.4863180008170806,0.7377413692217671,0.6035765774949395,0.6639490835133826,0.10895369284876905
frl_apartment_5,seq_0007,4,logit_count,0.6005730953531918,0.609713282621416,8545,68669,0.4033823384217593,0.7027565269002081,0.5530694326609837,0.4738443534230544,0.2534476983791813,0.3302518169075234,0.609713282621416,0.4044619843015043,0.4863180008170806,0.7377413692217671,0.6035765774949395,0.6639490835133826,0.10895369284876905
frl_apartment_5,seq_0007,4,mlp_all,0.6167974003139061,0.633703920421299,8545,68669,0.39286916125303567,0.5431950118387199,0.4680320865458778,0.491398478642481,0.260000873756717,0.34006958723565395,0.633703920421299,0.4264806535700243,0.5098403971936571,0.7571679344645992,0.687515472775197,0.7206626279846824,0.10891306737004067
frl_apartment_5,seq_0007,4,mlp_noconf,0.6167974003139061,0.633703920421299,8545,68669,0.39286916125303567,0.5431950118387199,0.4680320865458778,0.491398478642481,0.260000873756717,0.34006958723565395,0.633703920421299,0.4264806535700243,0.5098403971936571,0.7571679344645992,0.687515472775197,0.7206626279846824,0.10891306737004067
frl_apartment_5,seq_0007,-1,support,0.6155336012557074,0.536069854741309,24508,68669,0.4076069618984532,0.28515369531346163,0.3463803286059574,0.3414395299494043,0.38537040003495027,0.36207729921130755,0.536069854741309,0.5553160814923764,0.5455232677240412,0.7505304390403134,0.8420247855655391,0.7936493783438339,0.12156130221726262
frl_apartment_5,seq_0007,-1,logit_count,0.6155336012557074,0.536069854741309,24508,68669,0.4076069618984532,0.28515369531346163,0.3463803286059574,0.3414395299494043,0.38537040003495027,0.36207729921130755,0.536069854741309,0.5553160814923764,0.5455232677240412,0.7505304390403134,0.8420247855655391,0.7936493783438339,0.12156130221726262
frl_apartment_5,seq_0007,-1,mlp_all,0.645021691264673,0.5791170230128937,24508,68669,0.36792411718943036,0.27443239347656917,0.32117825533299976,0.3744491594581361,0.39709330265476417,0.38543893747165814,0.5791170230128937,0.5499716029066973,0.564168144298777,0.7842745226048637,0.8425490395957419,0.8123680541069692,0.1327730680648797
frl_apartment_5,seq_0007,-1,mlp_noconf,0.645021691264673,0.5791170230128937,24508,68669,0.36792411718943036,0.27443239347656917,0.32117825533299976,0.3744491594581361,0.39709330265476417,0.38543893747165814,0.5791170230128937,0.5499716029066973,0.564168144298777,0.7842745226048637,0.8425490395957419,0.8123680541069692,0.1327730680648797
frl_apartment_5,seq_0009,4,support,0.6220059291893417,0.5603429080382988,8982,72762,0.38290804462515293,0.8784550319579177,0.6306815382915354,0.405811623246493,0.21830076138643797,0.28388792953140635,0.5603429080382988,0.36108133366317585,0.43916657579912555,0.7567356936094412,0.5515653775322283,0.6380629317586288,0.08319808058711453
frl_apartment_5,seq_0009,4,logit_count,0.6220059291893417,0.5603429080382988,8982,72762,0.38290804462515293,0.8784550319579177,0.6306815382915354,0.405811623246493,0.21830076138643797,0.28388792953140635,0.5603429080382988,0.36108133366317585,0.43916657579912555,0.7567356936094412,0.5515653775322283,0.6380629317586288,0.08319808058711453
frl_apartment_5,seq_0009,4,mlp_all,0.6288149846201615,0.566354932086395,8982,72762,0.40158369145152145,0.46200479289936097,0.4317942421754412,0.4323090625695836,0.23083477639427175,0.30096627587580205,0.566354932086395,0.4141722327588577,0.4784538259951893,0.725896236918281,0.7060828454413017,0.715852468478571,0.08534257229724952
frl_apartment_5,seq_0009,4,mlp_noconf,0.6288149846201615,0.566354932086395,8982,72762,0.40158369145152145,0.46200479289936097,0.4317942421754412,0.4323090625695836,0.23083477639427175,0.30096627587580205,0.566354932086395,0.4141722327588577,0.4784538259951893,0.725896236918281,0.7060828454413017,0.715852468478571,0.08534257229724952
frl_apartment_5,seq_0009,-1,support,0.674504017451234,0.5109237748962322,31079,72762,0.3942571792162502,0.4725414706473271,0.4333993249317887,0.3142636506966119,0.41070888650669307,0.35607107145063704,0.5109237748962322,0.5374096368983811,0.5238321268034304,0.7600630650921845,0.7376790082735494,0.74870376956506,0.12559160874941372
frl_apartment_5,seq_0009,-1,logit_count,0.674504017451234,0.5109237748962322,31079,72762,0.3942571792162502,0.4725414706473271,0.4333993249317887,0.3142636506966119,0.41070888650669307,0.35607107145063704,0.5109237748962322,0.5374096368983811,0.5238321268034304,0.7600630650921845,0.7376790082735494,0.74870376956506,0.12559160874941372
frl_apartment_5,seq_0009,-1,mlp_all,0.6623872102643467,0.4924868882525178,31079,72762,0.41133061180457087,0.36991575127677606,0.39062318154067344,0.3091154799060459,0.4120007696325005,0.3532185433572122,0.4924868882525178,0.576894532860559,0.5313595088320585,0.7327777599021847,0.7943294576839559,0.7623131551247918,0.12071746975164509
frl_apartment_5,seq_0009,-1,mlp_noconf,0.6623872102643467,0.4924868882525178,31079,72762,0.41133061180457087,0.36991575127677606,0.39062318154067344,0.3091154799060459,0.4120007696325005,0.3532185433572122,0.4924868882525178,0.576894532860559,0.5313595088320585,0.7327777599021847,0.7943294576839559,0.7623131551247918,0.12071746975164509
frl_apartment_5,seq_0010,4,support,0.6287637169397929,0.5117493472584856,9575,76451,0.46385174080430513,0.620721884731022,0.5422868127676636,0.3838120104438642,0.20348981700697177,0.2659683049490865,0.5117493472584856,0.3460647996756092,0.4129063060479881,0.6953524804177545,0.5752050332892964,0.629598018714656,0.09480059888389819
frl_apartment_5,seq_0010,4,logit_count,0.6287637169397929,0.5117493472584856,9575,76451,0.46385174080430513,0.620721884731022,0.5422868127676636,0.3838120104438642,0.20348981700697177,0.2659683049490865,0.5117493472584856,0.3460647996756092,0.4129063060479881,0.6953524804177545,0.5752050332892964,0.629598018714656,0.09480059888389819
frl_apartment_5,seq_0010,4,mlp_all,0.6283910561233329,0.5345169712793734,9575,76451,0.46901621986382597,0.46591641877698226,0.4674663193204041,0.40637075718015664,0.2089312108409308,0.2759735504212989,0.5345169712793734,0.3773658944945128,0.44239996727683856,0.6919060052219321,0.6642032151312606,0.6777716519283633,0.09413044956811535
frl_apartment_5,seq_0010,4,mlp_noconf,0.6283910561233329,0.5345169712793734,9575,76451,0.46901621986382597,0.46591641877698226,0.4674663193204041,0.40637075718015664,0.2089312108409308,0.2759735504212989,0.5345169712793734,0.3773658944945128,0.44239996727683856,0.6919060052219321,0.6642032151312606,0.6777716519283633,0.09413044956811535
frl_apartment_5,seq_0010,-1,support,0.6670786365779049,0.42609444524185447,34835,76451,0.4701412605384552,0.35065895932600694,0.4104001099322311,0.264848571838668,0.3663653843638409,0.3074436104158568,0.42609444524185447,0.5182666021373167,0.46768239951857105,0.6823022821874551,0.7446207374658278,0.7121006831335427,0.10537154294732386
frl_apartment_5,seq_0010,-1,logit_count,0.6670786365779049,0.42609444524185447,34835,76451,0.4701412605384552,0.35065895932600694,0.4104001099322311,0.264848571838668,0.3663653843638409,0.3074436104158568,0.42609444524185447,0.5182666021373167,0.46768239951857105,0.6823022821874551,0.7446207374658278,0.7121006831335427,0.10537154294732386
frl_apartment_5,seq_0010,-1,mlp_all,0.6617630545155399,0.41596095880579875,34835,76451,0.48830541881889367,0.3214095133905433,0.4048574661047185,0.2629826324099325,0.3653189624726949,0.3058166434808491,0.41596095880579875,0.5422950648127559,0.47080022364661706,0.6630400459308167,0.7835868726373756,0.7182909005156598,0.09950991653265946
frl_apartment_5,seq_0010,-1,mlp_noconf,0.6617630545155399,0.41596095880579875,34835,76451,0.48830541881889367,0.3214095133905433,0.4048574661047185,0.2629826324099325,0.3653189624726949,0.3058166434808491,0.41596095880579875,0.5422950648127559,0.47080022364661706,0.6630400459308167,0.7835868726373756,0.7182909005156598,0.09950991653265946
frl_apartment_5,seq_0014,4,support,0.6139256387927872,0.5180598555211559,8721,85801,0.4490511901886071,0.9812930262018632,0.7151721081952351,0.3931888544891641,0.17462500437057843,0.24184195000634204,0.5180598555211559,0.3068612253936434,0.38542470490918385,0.6866185070519436,0.5113693313597744,0.5861756448477892,0.08578485009535124
frl_apartment_5,seq_0014,4,logit_count,0.6139256387927872,0.5180598555211559,8721,85801,0.4490511901886071,0.9812930262018632,0.7151721081952351,0.3931888544891641,0.17462500437057843,0.24184195000634204,0.5180598555211559,0.3068612253936434,0.38542470490918385,0.6866185070519436,0.5113693313597744,0.5861756448477892,0.08578485009535124
frl_apartment_5,seq_0014,4,mlp_all,0.6354567491735641,0.5601421855291824,8721,85801,0.4101314444514455,0.724069683437026,0.5671005639442358,0.4238046095631235,0.17271360473654154,0.24541353496655743,0.5601421855291824,0.2992855561123996,0.39012579505033085,0.7267515193211788,0.5444575238050838,0.6225338543188608,0.08884848104837445
frl_apartment_5,seq_0014,4,mlp_noconf,0.6354567491735641,0.5601421855291824,8721,85801,0.4101314444514455,0.724069683437026,0.5671005639442358,0.4238046095631235,0.17271360473654154,0.24541353496655743,0.5601421855291824,0.2992855561123996,0.39012579505033085,0.7267515193211788,0.5444575238050838,0.6225338543188608,0.08884848104837445
frl_apartment_5,seq_0014,-1,support,0.6527183196298649,0.45833439417470784,39277,85801,0.4299952667024145,0.48754832294565176,0.45877179482403313,0.2724495251674008,0.3867087796179532,0.31967623746858503,0.45833439417470784,0.5242712788895234,0.4890905183636602,0.7186648674796955,0.6942459878089999,0.7062444158589474,0.11098442950735982
frl_apartment_5,seq_0014,-1,logit_count,0.6527183196298649,0.45833439417470784,39277,85801,0.4299952667024145,0.48754832294565176,0.45877179482403313,0.2724495251674008,0.3867087796179532,0.31967623746858503,0.45833439417470784,0.5242712788895234,0.4890905183636602,0.7186648674796955,0.6942459878089999,0.7062444158589474,0.11098442950735982
frl_apartment_5,seq_0014,-1,mlp_all,0.6352433143541887,0.4396720727143112,39277,85801,0.4539618379852494,0.3583077927139189,0.4061348153495842,0.267433867148713,0.4013822682719316,0.32099468455967345,0.4396720727143112,0.5876388387081736,0.5029994003752943,0.6952669501234819,0.7833008939289752,0.7366631510913257,0.10556618630721555
frl_apartment_5,seq_0014,-1,mlp_noconf,0.6352433143541887,0.4396720727143112,39277,85801,0.4539618379852494,0.3583077927139189,0.4061348153495842,0.267433867148713,0.4013822682719316,0.32099468455967345,0.4396720727143112,0.5876388387081736,0.5029994003752943,0.6952669501234819,0.7833008939289752,0.7366631510913257,0.10556618630721555
