method,N_req,frac,N,n_cand,kept,n_pred,n_ref,acc,comp,chamfer,precision@0.1,recall@0.1,f1@0.1,precision@0.2,recall@0.2,f1@0.2,precision@0.5,recall@0.5,f1@0.5,iou,grid_voxel
A_point,-1,0.02,23.666666666666668,76640.7435897436,1532.3589743589744,1532.3589743589744,59403.743589743586,0.20390868163179127,1.9625680201083195,1.0832383508700554,0.7849424515851033,0.09521501172021161,0.16918835738138505,0.84276434355737,0.1263124920675232,0.21888609418381294,0.8698175407233757,0.20952905519786413,0.3355194855026762,0.05019407329695685,
A_point,-1,0.05,23.666666666666668,76640.7435897436,3831.5384615384614,3831.5384615384614,59403.743589743586,0.20539378301438746,1.5024898500691017,0.8539418165417447,0.6992177093151118,0.18489653851488116,0.29083219742086935,0.8110004242473824,0.23854444589598367,0.3665609912516532,0.8833022599362474,0.34748328158144154,0.49488369221989903,0.09600967985431104,
A_point,-1,0.1,23.666666666666668,76640.7435897436,7663.5641025641025,7663.5641025641025,59403.743589743586,0.21692803395377647,1.1088281817774481,0.6628781078656123,0.5948647638846999,0.27850148591575863,0.3766395548247298,0.7568798278529723,0.360589334845848,0.48540944893752824,0.8898834497823458,0.4856037554726947,0.6246385861292377,0.13282243582377967,
A_point,-1,0.25,23.666666666666668,76640.7435897436,19159.82051282051,19159.82051282051,59403.743589743586,0.25894023126843546,0.5283561134477422,0.39364817235808885,0.44952924718075254,0.4289595999618758,0.4352111634223142,0.650458663848099,0.5458547399914058,0.5903215132523426,0.8648972821459119,0.7007185503119595,0.7712999230316259,0.15994731026551523,
A_point,-1,0.5,23.666666666666668,76640.7435897436,38320.07692307692,38320.07692307692,59403.743589743586,0.3662493877282477,0.3234297338657863,0.344839560797017,0.32612489111286275,0.5495192523029632,0.4058170319178415,0.5219633440525878,0.6879867280859094,0.5902280447379666,0.7884189761990447,0.829122792103368,0.8062983515959,0.1453931481620279,
A_point,-1,1.0,23.666666666666668,76640.7435897436,76640.7435897436,76640.7435897436,59403.743589743586,0.5646359442861818,0.2611282379417207,0.4128820911139513,0.22603022705690387,0.6633699806783862,0.33449765036379464,0.38999883243951716,0.7724532035405679,0.514616147328285,0.6691959649032534,0.8676931617290355,0.7527794527151989,0.11421622680523254,
A_point,1,0.02,1.0,9476.871794871795,188.94871794871796,188.94871794871796,14955.076923076924,0.21691954667236638,1.7841114942027378,1.0005155204375522,0.7590704439343886,0.04731652674651532,0.08885450208092231,0.8094727121347915,0.07622170696707088,0.13862726696492972,0.8507005271762899,0.17242793174709214,0.2838073963965915,0.012363435401054657,
A_point,1,0.05,1.0,9476.871794871795,473.35897435897436,473.35897435897436,14955.076923076924,0.1930364606435131,1.488943271193283,0.8409898659183981,0.7441558070486276,0.11010332140752158,0.19086343282232343,0.8240105346625259,0.16450494459171097,0.27230312467992474,0.8860914381080705,0.2948915713724503,0.43876451725457116,0.03023568033772705,
A_point,1,0.1,1.0,9476.871794871795,947.2307692307693,947.2307692307693,14955.076923076924,0.19303073903660614,1.1555779223025981,0.6743043306696023,0.6878858163119475,0.19209820299598054,0.29839640544652934,0.7997214070940603,0.27991480409908254,0.4121001011956297,0.896230231520891,0.4420840794013205,0.5890007471092472,0.05461687331577476,
A_point,1,0.25,1.0,9476.871794871795,2368.948717948718,2368.948717948718,14955.076923076924,0.22218716841178038,0.622813051352704,0.4225001098822423,0.579534904863011,0.33276092875407526,0.42041846433021407,0.7288504877512026,0.4844956054294708,0.5795394737344741,0.8828226881904359,0.6959937541537832,0.7747854282436523,0.09782208913909332,
A_point,1,0.5,1.0,9476.871794871795,4738.282051282052,4738.282051282052,14955.076923076924,0.2772075455870189,0.3916749390180472,0.334441242302533,0.4797416450711391,0.422297273084364,0.44648677811269993,0.6480861826131034,0.5879864463718673,0.6138596335382811,0.8394825760528744,0.7912629312597034,0.8118215720875112,0.1248249528299263,
A_point,1,1.0,1.0,9476.871794871795,9476.871794871795,9476.871794871795,14955.076923076924,0.41092487549602497,0.3226358295130516,0.3667803525045383,0.3451754071141418,0.4680885149137262,0.39442401448801095,0.5151590309038483,0.6322639658902494,0.5644132529277517,0.747247705321937,0.8323401332487353,0.7847837166479044,0.12026553575157849,
A_point,2,0.02,2.0,16246.948717948719,324.5128205128205,324.5128205128205,24069.0,0.16512183705632838,1.5570831559923184,0.8611024965243234,0.7186938135112557,0.048904019310439105,0.0912912681755689,0.8436160846218484,0.08732511925223842,0.15759221887556205,0.9019979375457827,0.19921368510324727,0.3245868737734676,0.014855820559220495,
A_point,2,0.05,2.0,16246.948717948719,811.9230769230769,811.9230769230769,24069.0,0.16385688194878645,1.293855916748417,0.7288563993486017,0.7096489213918584,0.1130918950945464,0.19393185348335806,0.8385447798046616,0.18078000672520508,0.29556048811645586,0.9093595751983963,0.3279779862357153,0.4801069392550013,0.0364978147984918,
A_point,2,0.1,2.0,16246.948717948719,1624.3076923076924,1624.3076923076924,24069.0,0.17109464337722557,0.9983277406481309,0.5847111920126782,0.6771394191879215,0.20287133683958364,0.30987325602142324,0.8172858780260889,0.3062909661649739,0.4428600425389429,0.9080926921571455,0.4830530589357318,0.6284949429243795,0.06694304229589673,
A_point,2,0.25,2.0,16246.948717948719,4061.3846153846152,4061.3846153846152,24069.0,0.2146965249769581,0.5039138176887292,0.3593051713328437,0.5697041235424342,0.35705418189398863,0.43601356915761214,0.7366567023434308,0.5277880243839664,0.6115451200291891,0.884012402099581,0.7431693635307808,0.8049911893480323,0.11722382265456058,
A_point,2,0.5,2.0,16246.948717948719,8123.2307692307695,8123.2307692307695,24069.0,0.2820360295325425,0.3118767776846288,0.2969564036085856,0.46603581702903185,0.45721830130030966,0.4582183261035557,0.6474920941616834,0.643137669443988,0.6416636774632201,0.8420605611650512,0.842365849896149,0.8397416474021008,0.14195546537776657,
A_point,2,1.0,2.0,16246.948717948719,16246.948717948719,16246.948717948719,24069.0,0.44326054536452003,0.24438452524750373,0.34382253530601187,0.33618655452174667,0.52040037561792,0.40527738603979274,0.5126767836093962,0.7082884234256275,0.5909862202116716,0.7480690913505464,0.8879849689230107,0.8085154848056272,0.13166612219849122,
A_point,4,0.02,4.0,28508.5641025641,569.6666666666666,569.6666666666666,34478.53846153846,0.20568084551339977,1.665179166520561,0.9354300060169806,0.7657768107001213,0.06678927020163819,0.12264027714594178,0.8366226955023598,0.10628779732643388,0.18813225020887478,0.8671967458219247,0.21682489208152494,0.34491187545600027,0.02450740307395608,
A_point,4,0.05,4.0,28508.5641025641,1424.974358974359,1424.974358974359,34478.53846153846,0.18929914595370875,1.3577563105631951,0.7735277282584518,0.7548482289201943,0.14983092462154596,0.24914237038096318,0.8394084984513526,0.21518152624072193,0.34078221517361085,0.8858528880994285,0.35305335566266294,0.5009043223046566,0.05804828560085982,
A_point,4,0.1,4.0,28508.5641025641,2850.4358974358975,2850.4358974358975,34478.53846153846,0.19501876734710308,1.0171265519536619,0.6060726596503825,0.6912438516063166,0.2502680523395811,0.365734864749999,0.8109408877048486,0.3481546215486309,0.48437412833203514,0.8926958696582116,0.5130369928019942,0.6471195500276518,0.09687060208070236,
A_point,4,0.25,4.0,28508.5641025641,7126.74358974359,7126.74358974359,34478.53846153846,0.22718004595708335,0.5117099282628157,0.36944498710994955,0.5569255985508648,0.4139683370313541,0.4727167307796053,0.7260534181227681,0.571465751010841,0.6364067810099207,0.8802513691973112,0.7482962412957666,0.8055983647260809,0.14632971453749638,
A_point,4,0.5,4.0,28508.5641025641,14254.0,14254.0,34478.53846153846,0.2886572042882074,0.2919788400071544,0.29031802214768093,0.4360968960943769,0.5182703851887317,0.47139056391912293,0.6229771901383431,0.6893559723553221,0.651490599984393,0.8358684628163585,0.8551309912225651,0.8427360296290545,0.15772446556206046,
A_point,4,1.0,4.0,28508.5641025641,28508.5641025641,28508.5641025641,34478.53846153846,0.45462734643844865,0.22939773797041094,0.3420125422044298,0.3094409757161614,0.5983600801918296,0.405801625514314,0.4869220330094949,0.7649858834971432,0.5916800751196828,0.7365968068969108,0.8982168059809098,0.8061295888163337,0.13649641564394596,
A_point,8,0.02,8.0,44257.256410256414,884.6923076923077,884.6923076923077,44439.41025641026,0.21294801024430732,1.8319622245607934,1.0224551174025502,0.787329809346189,0.07921628077439802,0.1436581692107473,0.8355104448046513,0.11178841145956497,0.1966373794270458,0.860178396157585,0.20503511598481697,0.3290224270045349,0.035001316421760534,
A_point,8,0.05,8.0,44257.256410256414,2212.4615384615386,2212.4615384615386,44439.41025641026,0.1972656007914735,1.4346228703275956,0.8159442355595347,0.7457216218090084,0.1693492104740459,0.2750667414126023,0.8319833664810817,0.22705876310466921,0.3551034616181809,0.8830670026266143,0.346721063827597,0.4944367671989913,0.07609120460669923,
A_point,8,0.1,8.0,44257.256410256414,4425.333333333333,4425.333333333333,44439.41025641026,0.20703079523217438,1.0595981177749656,0.63331445650357,0.6579223430823268,0.26793144562864313,0.3791815837656344,0.7901264834544499,0.3582366267176606,0.4900422130320145,0.8889050557354952,0.5055117308280225,0.6394403942946456,0.11591196216787615,
A_point,8,0.25,8.0,44257.256410256414,11064.051282051281,11064.051282051281,44439.41025641026,0.23845357209857881,0.5117852116952744,0.3751193918969266,0.5126641342088752,0.4279455152066822,0.46406279793852906,0.6962178885871629,0.5657502289586159,0.6209345888641195,0.875856026168887,0.7261210893221227,0.7906844900096442,0.15645163696038678,
A_point,8,0.5,8.0,44257.256410256414,22128.384615384617,22128.384615384617,44439.41025641026,0.3127005461754285,0.29282352261993577,0.30276203439768207,0.38801832773549105,0.5383941109972519,0.4486428423005829,0.5815297932996324,0.6976687589976862,0.6311064416501178,0.8207126658213004,0.8520639190180598,0.8337502713745543,0.155679123424705,
A_point,8,1.0,8.0,44257.256410256414,44257.256410256414,44257.256410256414,44439.41025641026,0.49010380476854426,0.23452467817487,0.3623142414717071,0.27187485673970335,0.6370106602877014,0.37916091327041473,0.44574153737144456,0.7811412744144022,0.5644597849486195,0.7135618862229279,0.8907676289742452,0.7898580550226503,0.12849483375743198,
A_point,16,0.02,15.692307692307692,63060.53846153846,1260.7179487179487,1260.7179487179487,54121.41025641026,0.2072870001451627,1.9300038704074718,1.0686454352763173,0.7900503178448782,0.09006020432478078,0.16131999809352632,0.841176202461684,0.12109039645778709,0.21110790728269274,0.8665186182056437,0.20639908762199988,0.331439004530226,0.044794401379946266,
A_point,16,0.05,15.692307692307692,63060.53846153846,3152.5128205128203,3152.5128205128203,54121.41025641026,0.20203492673655837,1.4835024768864655,0.842768701811512,0.719665308344706,0.18154675968004882,0.2889438549113332,0.820460290221965,0.2354372937985866,0.36428419165837855,0.8844324966087159,0.34760210232790567,0.4956386369566242,0.09050271297048476,
A_point,16,0.1,15.692307692307692,63060.53846153846,6305.589743589743,6305.589743589743,54121.41025641026,0.2142230565844848,1.0903710606279837,0.6522970586062343,0.6181894320736074,0.2762876377251256,0.3802034464763239,0.769937937111345,0.3609238304286727,0.48886643163902666,0.8894152829816011,0.4940926955164387,0.6306414832209051,0.12816509497542425,
A_point,16,0.25,15.692307692307692,63060.53846153846,15764.71794871795,15764.71794871795,54121.41025641026,0.2501066531479064,0.5100980540509796,0.380102353599443,0.4701216662072325,0.42998984881089963,0.446521019498514,0.6651460642573033,0.5526512590577283,0.6007067724060647,0.8699827946833903,0.7117669428957709,0.7799607173093056,0.16034697764602732,
A_point,16,0.5,15.692307692307692,63060.53846153846,31530.02564102564,31530.02564102564,54121.41025641026,0.3433243096314656,0.313215261461737,0.3282697855466013,0.3441651629315655,0.5468577338658615,0.42006295950098976,0.5393528552375206,0.6916133933370298,0.6031738460306433,0.8002345765115988,0.8376923071617788,0.8165495434380146,0.1496600354431729,
A_point,16,1.0,15.692307692307692,63060.53846153846,63060.53846153846,63060.53846153846,54121.41025641026,0.532921615397774,0.2538431139838598,0.3933823646908169,0.24007467282364567,0.6592772282055015,0.35007304732189215,0.407672791748892,0.7762751667869937,0.5315810145806501,0.6854398864855259,0.8744393591493972,0.7661131591660575,0.11948207901853032,
B_argmax,-1,0.02,23.666666666666668,77800.20512820513,1555.5128205128206,1555.5128205128206,59403.743589743586,0.21155599184091925,1.9294891585571912,1.0705225751990552,0.7672497455990415,0.0922557300795969,0.1639689417037923,0.8334741063514783,0.12588997411579003,0.21761888828978385,0.8717405203997697,0.2175099089316921,0.34524632914717773,0.04621511971394982,
B_argmax,-1,0.05,23.666666666666668,77800.20512820513,3889.4615384615386,3889.4615384615386,59403.743589743586,0.19988471642466818,1.4270326845040993,0.8134587004643838,0.6460542334237288,0.17487960576434294,0.2733120864796202,0.7846971405487242,0.2399636445346683,0.36507844177097554,0.8992504717382025,0.37911186539036984,0.5292050956414331,0.0857043290885437,
B_argmax,-1,0.1,23.666666666666668,77800.20512820513,7779.538461538462,7779.538461538462,59403.743589743586,0.22318377592419344,0.9642808558962878,0.5937323159102406,0.5209830915729784,0.252473388637758,0.3371583692172418,0.7078635700316743,0.3506460535827833,0.46615810189925877,0.8935908400942818,0.5272917716408103,0.6594236525673882,0.11352132740211343,
B_argmax,-1,0.25,23.666666666666668,77800.20512820513,19449.666666666668,19449.666666666668,59403.743589743586,0.31054683151213386,0.4917574615764057,0.4011521465442697,0.3450001672561388,0.3762771013458908,0.3569232427223909,0.5551851351048993,0.5355701653068144,0.5422806934478701,0.8323014701173657,0.7386622837673794,0.7795572522934666,0.122097966149682,
B_argmax,-1,0.5,23.666666666666668,77800.20512820513,38899.846153846156,38899.846153846156,59403.743589743586,0.40227694187179036,0.3339276031149381,0.36810227249336425,0.25390855960163994,0.49866273875655676,0.334378142121439,0.449529290970484,0.6639038494895849,0.5337711304107584,0.7630271491495244,0.8274865022194019,0.7922863756885862,0.11323735143580926,
B_argmax,-1,1.0,23.666666666666668,77800.20512820513,77800.20512820513,77800.20512820513,59403.743589743586,0.547640544545439,0.25127850058179135,0.39945952256361517,0.186474408642074,0.6360548669657784,0.28695517279766947,0.3534501483622818,0.7796991899334724,0.4842339191247166,0.6654887791981389,0.878501704320231,0.7551472718878601,0.09510957775569889,
B_argmax,1,0.02,1.0,9388.948717948719,187.23076923076923,187.23076923076923,14955.076923076924,0.23747307484747815,1.7941778505063672,1.0158254626769225,0.720777526919784,0.04191066112351356,0.07904748147608726,0.7793542938383856,0.06901703929968869,0.12632463942354774,0.8295575623119595,0.16355788720524694,0.27072927235904903,0.012223608047469251,
B_argmax,1,0.05,1.0,9388.948717948719,469.0,469.0,14955.076923076924,0.21301771051351842,1.4786379446943134,0.8458278276039158,0.7132236982687896,0.09903856726952127,0.17315023415315903,0.8003446387202214,0.15368204609022035,0.2561840294656836,0.8685728026390711,0.2913967616499155,0.432773835812031,0.029239311416285243,
B_argmax,1,0.1,1.0,9388.948717948719,938.4871794871794,938.4871794871794,14955.076923076924,0.20962836511099603,1.1320853385453746,0.6708568518281854,0.6687726142033473,0.17846724581764603,0.28008288185169616,0.7868379764720126,0.26626379017435947,0.39580952880960846,0.8831702998358347,0.441633117998755,0.5858223121223052,0.05194653489604189,
B_argmax,1,0.25,1.0,9388.948717948719,2346.871794871795,2346.871794871795,14955.076923076924,0.22969612737351397,0.640371616789532,0.43503387208152294,0.5418564153854072,0.30005731182762957,0.3841455384737875,0.6988806548025677,0.4373854440882097,0.5360644543593527,0.877894628035375,0.6793884695575564,0.7635837793652536,0.0895612439485347,
B_argmax,1,0.5,1.0,9388.948717948719,4694.25641025641,4694.25641025641,14955.076923076924,0.2868348172812313,0.4032977819275478,0.3450662996043895,0.41491407391810814,0.3644531057244717,0.3856442288755125,0.5951637707620686,0.5392848100560159,0.5634081650754476,0.8355080084343448,0.796376140080618,0.8129334282966051,0.10582638056041671,
B_argmax,1,1.0,1.0,9388.948717948719,9388.948717948719,9388.948717948719,14955.076923076924,0.4173288274013873,0.304358636789356,0.3608437320953717,0.2831634930106566,0.4217533116331155,0.33656466454533135,0.46079936715263603,0.6379440358636506,0.5322858067195967,0.7417287336901112,0.8597684284268083,0.7942360632360536,0.09677383694274681,
B_argmax,2,0.02,2.0,16238.23076923077,324.2564102564103,324.2564102564103,24069.0,0.17751500962497624,1.5679400915745323,0.8727275505997543,0.6922851551929217,0.04530442128341462,0.08483865184374616,0.8208542777746428,0.08111605874513869,0.14727174764048095,0.8924488368320262,0.19241323227347487,0.3153952586199641,0.014362353721908047,
B_argmax,2,0.05,2.0,16238.23076923077,811.4615384615385,811.4615384615385,24069.0,0.1796024720558654,1.2929984179937992,0.7363004450248324,0.6811637262568886,0.1044778932507555,0.18035247067287505,0.8141464283601837,0.1705355877205757,0.2805900705989199,0.8980453684747481,0.326043599004612,0.4760882533285094,0.03427224527525233,
B_argmax,2,0.1,2.0,16238.23076923077,1623.2820512820513,1623.2820512820513,24069.0,0.18509892283979426,0.9579076950075875,0.571503308923691,0.6578213961341598,0.19175928574610304,0.2951092018226458,0.7999837042221191,0.29753249613004823,0.431649433191578,0.8997539766235778,0.49709081415544926,0.6383696187296248,0.06309761487506489,
B_argmax,2,0.25,2.0,16238.23076923077,4059.230769230769,4059.230769230769,24069.0,0.22361714396171123,0.5188404063091218,0.37122877513541647,0.536226719448922,0.33020287439559426,0.40630236241961754,0.7085541697554998,0.4924817655685992,0.5788690776887332,0.8817342126116247,0.737664611196946,0.8016208526937333,0.1072309259563622,
B_argmax,2,0.5,2.0,16238.23076923077,8118.820512820513,8118.820512820513,24069.0,0.29342869761040813,0.31105220705160125,0.30224045233100466,0.410629006337486,0.41385938677232675,0.40967084980784046,0.5996893119536592,0.6157751483779982,0.6051843812581439,0.8339162089429544,0.8512300007676452,0.8404607926034178,0.123226877340173,
B_argmax,2,1.0,2.0,16238.23076923077,16238.23076923077,16238.23076923077,24069.0,0.4461123268545198,0.2299338739323713,0.3380231003934456,0.28794626280295726,0.49655531952990445,0.3622553386361322,0.47060482118259683,0.7282646451479733,0.568722677899871,0.7438576012905996,0.905530505738898,0.8133670065445672,0.11184272938517675,
B_argmax,4,0.02,4.0,27976.102564102563,559.0512820512821,559.0512820512821,34478.53846153846,0.2260575113200298,1.6815250100691004,0.9537912606945651,0.741096455096485,0.061386128546931665,0.11318351478834848,0.8108518797798167,0.09877976138497356,0.17566995195530954,0.8509286699794706,0.2086849957738012,0.3331199267461844,0.021699070013445315,
B_argmax,4,0.05,4.0,27976.102564102563,1398.3076923076924,1398.3076923076924,34478.53846153846,0.20417220079414614,1.3495248437742398,0.776848522284193,0.7375862050158493,0.13822114874287733,0.2320277931592396,0.8238578549412537,0.20212274338179048,0.3231769432069109,0.8785633127400094,0.34970884226222454,0.4959335955993123,0.05176038539789973,
B_argmax,4,0.1,4.0,27976.102564102563,2797.1794871794873,2797.1794871794873,34478.53846153846,0.19958910125710388,0.9773234476621487,0.5884562744596262,0.6728720183132201,0.2337536944615725,0.3453097164133729,0.7995342412608849,0.33746295907981816,0.4720404305806366,0.8964265240307515,0.5335736696369633,0.6643956638968571,0.08657401580913981,
B_argmax,4,0.25,4.0,27976.102564102563,6993.641025641025,6993.641025641025,34478.53846153846,0.23683546219733087,0.5044268687531168,0.37063116547522384,0.4999871961420021,0.3666795558038616,0.42097997439714374,0.6816244801185538,0.5222726772399741,0.5888924059353822,0.8786112717396214,0.7490273005569401,0.8058735331105501,0.124600438766888,
B_argmax,4,0.5,4.0,27976.102564102563,13987.76923076923,13987.76923076923,34478.53846153846,0.31020099032570553,0.29021366737383464,0.3002073288497701,0.3640916896493174,0.46151981943831444,0.405281835863208,0.5596113027770647,0.6626989544141565,0.6046689189498914,0.8220662436897803,0.8625510575947137,0.8397690491258407,0.1287820160369968,
B_argmax,4,1.0,4.0,27976.102564102563,27976.102564102563,27976.102564102563,34478.53846153846,0.4630083391069007,0.22043496621713032,0.3417216526620155,0.25567033757751634,0.5670791875396815,0.3510130788157086,0.4359362789350529,0.7787419334528217,0.5564265444271632,0.72642172564761,0.9111084749335205,0.8057197428455511,0.11207603005573247,
B_argmax,8,0.02,8.0,43235.05128205128,864.1282051282051,864.1282051282051,44439.41025641026,0.2291135878472671,1.8585019925457256,1.0438077901964964,0.7753491808090442,0.07346127301755755,0.13392049274660472,0.8222362393478813,0.10431241655976983,0.18450017510045713,0.8513127345232372,0.19456368220794582,0.3146808669580946,0.0310072653814426,
B_argmax,8,0.05,8.0,43235.05128205128,2161.2820512820513,2161.2820512820513,44439.41025641026,0.20431139931001246,1.3931170549536338,0.798714227131823,0.7205300992431061,0.1570679403523774,0.25689592889193036,0.8206748490964972,0.22164960306990755,0.34722699434718385,0.886454939274675,0.36345114730304734,0.5116418738818136,0.06759454535479449,
B_argmax,8,0.1,8.0,43235.05128205128,4323.051282051282,4323.051282051282,44439.41025641026,0.20814919405822538,1.0300850458762358,0.6191171199672306,0.6108346280881123,0.24452046581063527,0.34749501246421455,0.7615109900692425,0.3404189698358857,0.4678013574077335,0.8965760694786067,0.5202473977411625,0.6531276855972306,0.10092645125484608,
B_argmax,8,0.25,8.0,43235.05128205128,10808.410256410256,10808.410256410256,44439.41025641026,0.25957619082790934,0.4775320317087494,0.3685541112683294,0.4272148026949206,0.36590413007657513,0.39232809154505754,0.6288551499868671,0.52965230089382,0.5728485022633014,0.8645575498889095,0.7458657459895384,0.7983100833191167,0.12578611352260127,
B_argmax,8,0.5,8.0,43235.05128205128,21617.25641025641,21617.25641025641,44439.41025641026,0.3482770288999179,0.29640586610346836,0.32234144750169313,0.305862937735118,0.4728208329246065,0.36992685184694496,0.5056564880658018,0.6728017306731963,0.5750301519038276,0.7968774034133671,0.8534190153523877,0.822043575546904,0.12116152971611285,
B_argmax,8,1.0,8.0,43235.05128205128,43235.05128205128,43235.05128205128,44439.41025641026,0.49866706554683393,0.22666161489920042,0.36266434022301713,0.22077993530652038,0.5980130186474378,0.3213278721812577,0.3970718977570047,0.7893497105302941,0.5260254928211714,0.7009243162261857,0.9018629930092871,0.7864405829011829,0.10471727728414262,
B_argmax,16,0.02,15.692307692307692,63183.46153846154,1263.2051282051282,1263.2051282051282,54121.41025641026,0.21773830730423327,1.9277043260642204,1.0727213166842269,0.7756809031649916,0.08592999808526838,0.15432740828371153,0.8329944750513243,0.11730858231753685,0.20494091356602873,0.8658980065854186,0.20556191647230976,0.3299960741986804,0.04081970590880159,
B_argmax,16,0.05,15.692307692307692,63183.46153846154,3158.6153846153848,3158.6153846153848,54121.41025641026,0.20353283883208048,1.417737212032577,0.8106350254323288,0.673260445055335,0.170892908015167,0.2714000967231705,0.7976135454618247,0.23557095260391397,0.3618791914613975,0.8942614531223307,0.37664275361250127,0.5256042983932346,0.08031186086834702,
B_argmax,16,0.1,15.692307692307692,63183.46153846154,6317.923076923077,6317.923076923077,54121.41025641026,0.21579570302170423,0.9935048631562114,0.6046502830889579,0.5524654780381594,0.25155015605319136,0.3439079623852709,0.726663701050487,0.3470805221475934,0.46760264531438167,0.89686264020068,0.5198651086827933,0.6549165558600001,0.11116098641332214,
B_argmax,16,0.25,15.692307692307692,63183.46153846154,15795.461538461539,15795.461538461539,54121.41025641026,0.28902627115435303,0.47357542801897634,0.38130084958666466,0.36781733804954336,0.37327655429233225,0.36864643402070246,0.5756102731015466,0.5396869925325861,0.5547951106650745,0.8442967194817785,0.7489595172002215,0.7908617771242231,0.12405007185786421,
B_argmax,16,0.5,15.692307692307692,63183.46153846154,31591.4358974359,31591.4358974359,54121.41025641026,0.3803961427909282,0.31822975827162864,0.3493129505312784,0.26643515428402625,0.4897725369963989,0.3437977824400243,0.4630460924396944,0.6697960989478546,0.545587322020201,0.7731518776238457,0.8396329088236691,0.8031940232286316,0.1151408767922803,
B_argmax,16,1.0,15.692307692307692,63183.46153846154,63183.46153846154,63183.46153846154,54121.41025641026,0.5300885407963448,0.24406370007198197,0.3870761204341634,0.19564779749889213,0.6262834997082993,0.29717326668377153,0.3659460736915323,0.78600627642657,0.4974943752177222,0.6773042952567928,0.8860090561440267,0.7656785928868839,0.09793633681244593,
B_argmax_matchE50,-1,0.02,23.666666666666668,77800.20512820513,333.56410256410254,333.56410256410254,59403.743589743586,0.26206616802067617,2.4349201647769214,1.348493166398799,0.7632769267887718,0.02339038735802048,0.045330025843713595,0.7989638379017115,0.03923655095318325,0.07459056504299252,0.8158390508480112,0.09136275350232843,0.16321881154805512,0.01017553371540495,
B_argmax_matchE50,-1,0.05,23.666666666666668,77800.20512820513,834.6666666666666,834.6666666666666,59403.743589743586,0.23026313596868442,2.2211515187952533,1.225707327381969,0.7836526293847907,0.05326385058080996,0.09944159537412348,0.8229063853612737,0.07450279600312612,0.13598137210113273,0.8497880592092155,0.14069795313080702,0.23951027367913694,0.026005787756438456,
B_argmax_matchE50,-1,0.1,23.666666666666668,77800.20512820513,1669.7948717948718,1669.7948717948718,59403.743589743586,0.2070815427198764,1.899442687936533,1.0532621153282047,0.7610744126389779,0.09748762526790788,0.17189412582515182,0.8336207699754744,0.13473075806711424,0.23017843827706044,0.8761848771373065,0.23418915854700523,0.3640848666561835,0.04920724484423207,
B_argmax_matchE50,-1,0.25,23.666666666666668,77800.20512820513,4175.179487179487,4175.179487179487,59403.743589743586,0.19717137321479228,1.3987934997675988,0.7979824364911955,0.6404196520251926,0.18520062351785704,0.2846213297942249,0.784359737667437,0.2547321769390634,0.3803644137471461,0.9032679561249972,0.39439852677393583,0.543119878458557,0.08987137502154485,
B_argmax_matchE50,-1,0.5,23.666666666666668,77800.20512820513,8350.871794871795,8350.871794871795,59403.743589743586,0.2228776540090238,0.9114913982406486,0.5671845261248362,0.5102886433312429,0.26305196751773646,0.34352764955214443,0.7034832329488463,0.3644011836892673,0.476263917697251,0.8959139363940408,0.5437747392312934,0.671601142099128,0.11666883098925095,
B_argmax_matchE50,-1,1.0,23.666666666666668,77800.20512820513,16702.30769230769,16702.30769230769,59403.743589743586,0.2882359323025933,0.5355335702005849,0.41188475125158913,0.37041105209576575,0.35594643271752285,0.35945087535131703,0.5823918632721625,0.5090240548860661,0.5397519781337747,0.8489183574302702,0.7144297203412675,0.7719071926748148,0.12309599306451083,
B_argmax_matchE50,1,0.02,1.0,9388.948717948719,53.97435897435897,53.97435897435897,14955.076923076924,0.2653851025115785,2.0506129909654263,1.1579990467385022,0.709080570037441,0.013224348295181012,0.025948225009684293,0.7374375997121191,0.025633944016009512,0.049485873779670765,0.782983851557355,0.08001216254294094,0.14466939544736918,0.003502282542185765,
B_argmax_matchE50,1,0.05,1.0,9388.948717948719,135.64102564102564,135.64102564102564,14955.076923076924,0.24838093225316835,1.8726811546479103,1.0605310434505393,0.7162466135323339,0.031378741306468935,0.06005752878285986,0.7647971199981389,0.052605965506479835,0.09822539055354093,0.8136483099799572,0.13516040348416278,0.23003527422254413,0.009044963324133739,
B_argmax_matchE50,1,0.1,1.0,9388.948717948719,271.7692307692308,271.7692307692308,14955.076923076924,0.22847589771950746,1.6890188129334054,0.9587473553264565,0.7213479905061788,0.06034432739671584,0.11110592973578534,0.7901583477259455,0.09558694543776956,0.16984980665113789,0.8448525232049792,0.20588246471403104,0.3284687447851518,0.017828327554843152,
B_argmax_matchE50,1,0.25,1.0,9388.948717948719,680.3076923076923,680.3076923076923,14955.076923076924,0.21190738864998268,1.3219404214724062,0.7669239050611945,0.687914776191844,0.13695139361180497,0.22746803223948425,0.7920247378043139,0.20719795384079495,0.3265760066392134,0.8774922155292637,0.3675780055909076,0.5139682689561662,0.04005072291990987,
B_argmax_matchE50,1,0.5,1.0,9388.948717948719,1361.076923076923,1361.076923076923,14955.076923076924,0.21501617728798714,0.9486836391939973,0.5818499082409923,0.6212369096761333,0.2277987257891457,0.3317761473991879,0.7574577509447343,0.33834208505871743,0.46535191248162805,0.8848259792632118,0.5411043005751309,0.6679927432350294,0.06631506050768221,
B_argmax_matchE50,1,1.0,1.0,9388.948717948719,2722.7179487179487,2722.7179487179487,14955.076923076924,0.23858338123749434,0.6032701431100587,0.42092676217377656,0.518400688137149,0.31664819844205927,0.3910680365899084,0.6807717902615769,0.45638047153776423,0.5439691617856288,0.8722409933885072,0.6974519800846359,0.7732118770664765,0.09536866123272135,
B_argmax_matchE50,2,0.02,2.0,16238.23076923077,89.7948717948718,89.7948717948718,24069.0,0.17944133426149383,1.794757363050637,0.9870993486560653,0.7108915406798184,0.014774435025453628,0.028927965690390505,0.8224592735176259,0.0332721450741613,0.06389615849332833,0.8818192027629058,0.10726445258177052,0.19094686218630463,0.004188697701939801,
B_argmax_matchE50,2,0.05,2.0,16238.23076923077,225.35897435897436,225.35897435897436,24069.0,0.17836206096256424,1.6403469270306485,0.9093544939966065,0.6977671912674379,0.03338816489398778,0.0636444763299718,0.8220004902538153,0.06361768121425851,0.11794752111413995,0.89082047116122,0.16350516682691604,0.275549039458903,0.01026808202986691,
B_argmax_matchE50,2,0.1,2.0,16238.23076923077,451.1794871794872,451.1794871794872,24069.0,0.1769696922999121,1.4860991947599664,0.8315344435299392,0.6848085557067022,0.06061291400351692,0.11112051748998211,0.8173632565003002,0.10521501701230665,0.1859998128186205,0.896514797024293,0.2322312599580271,0.3673116506861505,0.019697401160383363,
B_argmax_matchE50,2,0.25,2.0,16238.23076923077,1128.3589743589744,1128.3589743589744,24069.0,0.18068073026348036,1.1480057540100608,0.6643432421367705,0.6747293531303376,0.14014422564625378,0.2311334761328875,0.8086938611685608,0.22522591656282534,0.3508045776575223,0.8990667326164404,0.40042898230062707,0.5516919553951609,0.04670938380056609,
B_argmax_matchE50,2,0.5,2.0,16238.23076923077,2257.3076923076924,2257.3076923076924,24069.0,0.19456012929948815,0.8047107708049966,0.49963545005224236,0.6231551630198258,0.24207815822820783,0.3467625756032938,0.7756852402312319,0.3686913671050408,0.4977263548031156,0.896936115031014,0.5892499642090743,0.7091168617764446,0.07921111329467954,
B_argmax_matchE50,2,1.0,2.0,16238.23076923077,4515.2307692307695,4515.2307692307695,24069.0,0.23092696432749216,0.4960316949000456,0.3634793296137689,0.5176634443806473,0.34493411760516435,0.41188086718446226,0.6932520408589113,0.5114679946136855,0.5866924188454047,0.8769191040540317,0.7529194664296905,0.8086731145315215,0.11143230405679092,
B_argmax_matchE50,4,0.02,4.0,27976.102564102563,143.43589743589743,143.43589743589743,34478.53846153846,0.24792961278336434,1.9046140554486544,1.0762718341160094,0.7343891257168874,0.018384398065278213,0.03585144666662497,0.794288050300516,0.040737661555651124,0.07742616317244311,0.8277813546588726,0.12562247702706567,0.21727759126603147,0.0055856373170717075,
B_argmax_matchE50,4,0.05,4.0,27976.102564102563,359.35897435897436,359.35897435897436,34478.53846153846,0.23516666170105616,1.7750732148306145,1.0051199382658353,0.7362706256840197,0.041886483237589305,0.07916899788331566,0.803427035380178,0.07434359476097556,0.13581181513421434,0.8415207492972576,0.175307809348842,0.28829539799845383,0.01407454174186042,
B_argmax_matchE50,4,0.1,4.0,27976.102564102563,719.1538461538462,719.1538461538462,34478.53846153846,0.22120222534256592,1.6203158882371105,0.9207590567898382,0.7434241262472343,0.07753554006703335,0.1401158082778697,0.8138027651267881,0.11982488139555389,0.20810125430897403,0.8570467072814816,0.23768862136176794,0.36893490811609386,0.028023038076341617,
B_argmax_matchE50,4,0.25,4.0,27976.102564102563,1798.3589743589744,1798.3589743589744,34478.53846153846,0.2025091802568022,1.2135989289844322,0.7080540546206172,0.7219263949901786,0.17032138437722774,0.2743177617109318,0.8180989988375066,0.2486042231690326,0.3788896731363492,0.8837928239038474,0.4196591425323416,0.5633386401452467,0.0639926572972044,
B_argmax_matchE50,4,0.5,4.0,27976.102564102563,3597.25641025641,3597.25641025641,34478.53846153846,0.20478564946814348,0.8812219620530447,0.543003805760594,0.6335335473875059,0.27360208684896264,0.3797723620747065,0.7778949190025252,0.39003104177054454,0.5156727251941153,0.89725540628377,0.5867865715723094,0.7037442176414854,0.10012657974582384,
B_argmax_matchE50,4,1.0,4.0,27976.102564102563,7194.974358974359,7194.974358974359,34478.53846153846,0.23845995450182192,0.5064309098565353,0.3724454321791786,0.49581187540084826,0.3725705042387939,0.4229888938503142,0.6790576223503871,0.5268297225810498,0.5903615669340104,0.8781335689443028,0.745396491098956,0.8037126941948596,0.12644825534375445,
B_argmax_matchE50,8,0.02,8.0,43235.05128205128,196.3846153846154,196.3846153846154,44439.41025641026,0.27705223677498747,2.1627764447306665,1.2199143407528268,0.7407552450700906,0.020150719843680765,0.03920413920404592,0.7805789598758703,0.04100623582846378,0.07768123862353248,0.8007754747727337,0.10732061713648743,0.18748074127314934,0.006852723121012833,
B_argmax_matchE50,8,0.05,8.0,43235.05128205128,491.4871794871795,491.4871794871795,44439.41025641026,0.2483581300388329,2.0223304262631103,1.1353442781509717,0.766218201035737,0.04467046828731735,0.08427121719915479,0.804353307069191,0.07004493420537516,0.1283001619178956,0.8296393549369814,0.14603277537297235,0.24606276692358434,0.01775488608827255,
B_argmax_matchE50,8,0.1,8.0,43235.05128205128,983.5128205128206,983.5128205128206,44439.41025641026,0.22477750158968754,1.8124534934756389,1.0186154975326631,0.7725441987172028,0.0827082491635479,0.1489673917884927,0.8242619377420326,0.11619034392832465,0.20267558452914852,0.856198006909929,0.21281065097942337,0.3376294720189703,0.0354598170691341,
B_argmax_matchE50,8,0.25,8.0,43235.05128205128,2459.4871794871797,2459.4871794871797,44439.41025641026,0.2032678837536669,1.3182712725434698,0.7607695781485684,0.7037863517024003,0.17397657395873,0.277512228656018,0.8131837064212939,0.24727916119569046,0.37616099829778255,0.8899090480931806,0.4040012540029714,0.5486363457475936,0.07420655103131765,
B_argmax_matchE50,8,0.5,8.0,43235.05128205128,4919.51282051282,4919.51282051282,44439.41025641026,0.20775683721212923,0.9738377857638776,0.5907973114880034,0.5917375029192409,0.2647843952367991,0.3634602623949593,0.7534996114931468,0.3679863894843554,0.49041351926210325,0.8996024544228658,0.5433957602861782,0.6720924176452104,0.1080888547847898,
B_argmax_matchE50,8,1.0,8.0,43235.05128205128,9839.589743589744,9839.589743589744,44439.41025641026,0.24857263312186434,0.5227374332423187,0.3856550331820915,0.4460300556711367,0.35480798217108067,0.3930310929966129,0.6468472388121399,0.5082488676163326,0.5669242570719254,0.8732466241765088,0.7229776316658663,0.788321821124406,0.12593910434933028,
B_argmax_matchE50,16,0.02,15.692307692307692,63183.46153846154,269.05128205128204,269.05128205128204,54121.41025641026,0.27730469114770173,2.360297934268541,1.3188013127081213,0.7519705248127584,0.02184739286285276,0.042421067099469016,0.7870283567592513,0.03901374851442559,0.0741113190563264,0.8042789652427796,0.09417580814473221,0.1672452792569659,0.008732496393081863,
B_argmax_matchE50,16,0.05,15.692307692307692,63183.46153846154,673.4102564102565,673.4102564102565,54121.41025641026,0.23939597004155672,2.1747344530266624,1.2070652115341096,0.7807734375074207,0.049477970608666606,0.09287502200641931,0.8167243021492889,0.07128229365733806,0.13061092814967382,0.8415071476029963,0.13896671381323386,0.23678348756651219,0.02257166174419356,
B_argmax_matchE50,16,0.1,15.692307692307692,63183.46153846154,1347.3333333333333,1347.3333333333333,54121.41025641026,0.21637742581556665,1.895608353635018,1.0559928897252924,0.7717281518689246,0.09149038895070538,0.1630041642269288,0.8316912462526582,0.12578801991499816,0.2172535939849795,0.8672605904100612,0.2195838732471598,0.3465808804614422,0.043950572602365644,
B_argmax_matchE50,16,0.25,15.692307692307692,63183.46153846154,3368.846153846154,3368.846153846154,54121.41025641026,0.20105665580214485,1.3869337286644305,0.7939951922332876,0.6648390390558649,0.1808286213276063,0.28252306800872073,0.7953117182138182,0.2500848498176464,0.37713168572987793,0.8985528326343243,0.3953199615056211,0.5424699395491601,0.08410274860263578,
B_argmax_matchE50,16,0.5,15.692307692307692,63183.46153846154,6738.076923076923,6738.076923076923,54121.41025641026,0.21373929723909393,0.9480433174890814,0.5808913073640877,0.5441635952480871,0.2625766622984532,0.3519802219208321,0.7253463263866176,0.3611698651088619,0.47939782425298805,0.9001430285131061,0.533488210243192,0.6661983671704305,0.11533122054273534,
B_argmax_matchE50,16,1.0,15.692307692307692,63183.46153846154,13476.666666666666,13476.666666666666,54121.41025641026,0.2690191751843346,0.5218257086185946,0.3954224419014646,0.39601809450869097,0.3522239695044695,0.3708011934867263,0.6041886335041853,0.5090700605216067,0.5504094477769313,0.8607506961521215,0.7201930798536837,0.7808324881383473,0.12497031516763257,
B_argmax_matchE75,-1,0.02,23.666666666666668,77800.20512820513,183.56410256410257,183.56410256410257,59403.743589743586,0.2847462787552562,2.510000305423285,1.3973732920892705,0.746465143468492,0.014181142981701415,0.027808856046961355,0.7801942268582728,0.02781290135668736,0.0536153986134599,0.7954518085573336,0.07432846903088172,0.13540104794772334,0.005379380525343645,
B_argmax_matchE75,-1,0.05,23.666666666666668,77800.20512820513,459.53846153846155,459.53846153846155,59403.743589743586,0.25026398410960243,2.3830208578123893,1.316642420960996,0.7715019644646605,0.03020837502875645,0.05802442235041239,0.8075986103791611,0.047029043102771416,0.08862754673800029,0.8260844690458811,0.10153761140061016,0.1797562164965312,0.013893075202470136,
B_argmax_matchE75,-1,0.1,23.666666666666668,77800.20512820513,919.5128205128206,919.5128205128206,59403.743589743586,0.22629324186197886,2.1899735560365037,1.2081333989492413,0.783038227404629,0.05673907513486968,0.10542383250354828,0.8244040914624313,0.07862325888955139,0.1428800121455957,0.8518120926108881,0.14733168245365338,0.24912900727377613,0.02793030238319191,
B_argmax_matchE75,-1,0.25,23.666666666666668,77800.20512820513,2299.5897435897436,2299.5897435897436,59403.743589743586,0.19812558248296178,1.7220262065243146,0.9600758945036382,0.7284247659820297,0.12282079785289575,0.208429519989394,0.8255351079850791,0.1719939649002516,0.2815444480684116,0.8892153394120749,0.28858071606296154,0.4291581730282937,0.06114745745802301,
B_argmax_matchE75,-1,0.5,23.666666666666668,77800.20512820513,4599.717948717948,4599.717948717948,59403.743589743586,0.19753675390232653,1.3533645993797128,0.7754506766410196,0.6271210799258894,0.19162450730411695,0.290300634965399,0.7776784886962876,0.2644182400247551,0.38987263355551594,0.9035150527211064,0.40625292952977726,0.554084486864902,0.09237743325036518,
B_argmax_matchE75,-1,1.0,23.666666666666668,77800.20512820513,9200.0,9200.0,59403.743589743586,0.22888098208468838,0.8695219190709986,0.5492014505778435,0.4949249704117446,0.2707511943942947,0.34549868829367414,0.6921696594686042,0.3794705145217489,0.48505530699627275,0.8919645559497408,0.5649616141447686,0.6853633326110538,0.11698486043742513,
B_argmax_matchE75,1,0.02,1.0,9388.948717948719,33.84615384615385,33.84615384615385,14955.076923076924,0.2740136577210461,2.1231878165200126,1.1986007371205294,0.7069478971600349,0.008644975849312338,0.017068615631626264,0.72743366698017,0.018387608144157783,0.03581932293127908,0.7710166624242076,0.0634398066877596,0.11679666188026462,0.0021357638928416614,
B_argmax_matchE75,1,0.05,1.0,9388.948717948719,85.38461538461539,85.38461538461539,14955.076923076924,0.25595726144431724,1.9676624594915177,1.1118098604679174,0.7133355404614676,0.020777234949871246,0.04032349732600196,0.7545601582809142,0.036744278203876525,0.06992899472225107,0.7995641068368352,0.10278232064046208,0.18139049065222898,0.005711280328470486,
B_argmax_matchE75,1,0.1,1.0,9388.948717948719,171.2051282051282,171.2051282051282,14955.076923076924,0.24239778287904903,1.8208643477111923,1.0316310652951206,0.7180641531880507,0.03850185318213133,0.07290455372638074,0.7726625209890492,0.06281495566848572,0.11573265513127147,0.8237190547667578,0.15316332042298475,0.2561434813490179,0.011253326752106581,
B_argmax_matchE75,1,0.25,1.0,9388.948717948719,428.7435897435897,428.7435897435897,14955.076923076924,0.21877728898557594,1.5100652876924623,0.8644212883390191,0.7090754185991499,0.09102759096269107,0.1604230737686097,0.7933047734799653,0.1423165232313433,0.23942550981447036,0.8621647866057436,0.2795692039997621,0.4186788913089225,0.026647416065619385,
B_argmax_matchE75,1,0.5,1.0,9388.948717948719,857.9230769230769,857.9230769230769,14955.076923076924,0.21505659534484364,1.206226286547617,0.7106414409462303,0.6660201677523295,0.1637177749631558,0.26020647547476466,0.779322264818339,0.24600170768888405,0.37010680828877734,0.8785931889341558,0.4206166677785083,0.5628626541763674,0.04728083058132366,
B_argmax_matchE75,1,1.0,1.0,9388.948717948719,1716.4358974358975,1716.4358974358975,14955.076923076924,0.2196247684199738,0.8378258884446254,0.5287253284322996,0.5910497185701459,0.2567424233189315,0.3534888785421616,0.7353129328568615,0.37741492698315465,0.49310017738222883,0.8834594424027523,0.5909131451657244,0.7024531106663507,0.07470417207259104,
B_argmax_matchE75,2,0.02,2.0,16238.23076923077,50.82051282051282,50.82051282051282,24069.0,0.17539697294432402,1.8563661697315508,1.0158815713379374,0.7369596603984135,0.009139611342090586,0.018039432177820933,0.8310851429625787,0.02339361958407227,0.04545195986446622,0.8843924513463535,0.08821365166859847,0.16010958681547885,0.0023976823282004897,
B_argmax_matchE75,2,0.05,2.0,16238.23076923077,127.58974358974359,127.58974358974359,24069.0,0.17592974809335066,1.745683140211991,0.9608064441526708,0.7083468949713225,0.02023716848014593,0.039273777379858106,0.8249876004494794,0.0425164492781988,0.08071833094340199,0.8871601007221438,0.12435469829693958,0.21756324010957903,0.005924504704702275,
B_argmax_matchE75,2,0.1,2.0,16238.23076923077,255.84615384615384,255.84615384615384,24069.0,0.17787667050781986,1.6222111792213303,0.9000439248645751,0.6981546777953906,0.036816011226632715,0.06972325747814062,0.8218584112326227,0.0687239494239753,0.12644725092471576,0.8926623688951205,0.17177916044585806,0.2866637884385095,0.011487653061778683,
B_argmax_matchE75,2,0.25,2.0,16238.23076923077,640.4102564102565,640.4102564102565,24069.0,0.1766991946405119,1.389698743136126,0.7831989688883189,0.6821244232299314,0.08352363743071918,0.1477458376534746,0.8157516777384908,0.1390847882559339,0.23594501392337192,0.8992709125684197,0.2785519702280659,0.42234164686019793,0.027177618247239205,
B_argmax_matchE75,2,0.5,2.0,16238.23076923077,1281.4358974358975,1281.4358974358975,24069.0,0.1815811908381929,1.095753145088676,0.6386671679634344,0.668547232812906,0.15573329604039948,0.2499977166653722,0.8053038709787461,0.24556345299510132,0.3728763163262708,0.8991228478438055,0.4294326584320159,0.5777585244812923,0.05142397764020254,
B_argmax_matchE75,2,1.0,2.0,16238.23076923077,2563.358974358974,2563.358974358974,24069.0,0.19862737829319638,0.7674694340130996,0.48304840615314804,0.6055567798040905,0.2566989837558315,0.35632071998032666,0.7635240589497033,0.38899643410070145,0.5110765246574901,0.8950146174841971,0.6131322016300533,0.7241685554342466,0.08355228251151099,
B_argmax_matchE75,4,0.02,4.0,27976.102564102563,85.97435897435898,85.97435897435898,34478.53846153846,0.24146577882505724,1.9551118980361724,1.0982888384306146,0.7454965723412038,0.011634370057001122,0.02289604222720249,0.8041732547506896,0.02977120002493523,0.057366346981372995,0.8359961901622892,0.10745561865134881,0.1899002054958041,0.003316758754309892,
B_argmax_matchE75,4,0.05,4.0,27976.102564102563,215.69230769230768,215.69230769230768,34478.53846153846,0.24430567259757305,1.8548721435463755,1.0495889080719745,0.7319983567362973,0.026458172655813142,0.051012422534334724,0.7954778214910229,0.05289923517455696,0.09907283222492481,0.8293471829520299,0.14391189591933995,0.2442581117433717,0.008389412859654397,
B_argmax_matchE75,4,0.1,4.0,27976.102564102563,431.84615384615387,431.84615384615387,34478.53846153846,0.23198280639909372,1.7429372884360332,0.9874600474175634,0.7369924191745206,0.0490550119964813,0.091781787699173,0.8043052192982885,0.08333424528768087,0.15062400881718407,0.8440184496707311,0.1871398105871643,0.30427039006984496,0.016818343136511062,
B_argmax_matchE75,4,0.25,4.0,27976.102564102563,1080.179487179487,1080.179487179487,34478.53846153846,0.21057243459277125,1.4820719219336052,0.8463221782631882,0.742698413195379,0.11039843925617215,0.19124904059513936,0.8194570846632498,0.16240149114595398,0.2694084815395276,0.8680847598113561,0.29484781550129574,0.4360442014846518,0.04092224711032676,
B_argmax_matchE75,4,0.5,4.0,27976.102564102563,2160.871794871795,2160.871794871795,34478.53846153846,0.20114000431170068,1.1281937614892878,0.6646668829004942,0.7035311985415209,0.19411498143462041,0.301873967279556,0.8098757164726823,0.2809159790022104,0.4137620342820436,0.8878104106837383,0.4636309000324461,0.6027268355547554,0.07254877010674508,
B_argmax_matchE75,4,1.0,4.0,27976.102564102563,4322.282051282052,4322.282051282052,34478.53846153846,0.2107922463165071,0.8019909766595035,0.5063916114880053,0.5996705293770105,0.29618435576252056,0.3929758099064281,0.7552839424243769,0.42028328230257916,0.5355181531384938,0.8944863464237783,0.6216374331428656,0.7280931214324332,0.10731613044040024,
B_argmax_matchE75,8,0.02,8.0,43235.05128205128,114.66666666666667,114.66666666666667,44439.41025641026,0.28634411758629646,2.202932367231476,1.244638242408886,0.729102253407767,0.012764728350524923,0.02507629844771649,0.7703370634287249,0.03186430089387075,0.06106757756016966,0.7923186156513634,0.09628079144262024,0.17026456960050737,0.0038967539554395827,
B_argmax_matchE75,8,0.05,8.0,43235.05128205128,287.3333333333333,287.3333333333333,44439.41025641026,0.2667623741588609,2.119923151352634,1.1933427627557474,0.7501840527869248,0.027571010149949587,0.05311001425316383,0.787278661934965,0.04982536164402884,0.09337515249976451,0.8084442249502859,0.11828263134630558,0.204481894649547,0.010018007994633078,
B_argmax_matchE75,8,0.1,8.0,43235.05128205128,575.0769230769231,575.0769230769231,44439.41025641026,0.24295841653644912,1.9897376535572187,1.1163480350468338,0.7694927500021707,0.050753520140992756,0.09498186758488467,0.808518780029825,0.07688358410570909,0.13978663343833417,0.8341225247607837,0.15487490220756753,0.2590376687982725,0.020504863275645074,
B_argmax_matchE75,8,0.25,8.0,43235.05128205128,1438.4615384615386,1438.4615384615386,44439.41025641026,0.2131280699364599,1.6245481960131123,0.9188381329747861,0.7591250717706038,0.11337735489261959,0.1963436392958672,0.8268654004685592,0.1583159742699672,0.2639922572566911,0.8692241779572425,0.27806263304239065,0.4161768099431634,0.0491147047817218,
B_argmax_matchE75,8,0.5,8.0,43235.05128205128,2877.4102564102564,2877.4102564102564,44439.41025641026,0.2015099271053135,1.2523089122566864,0.726909419681,0.6804714898601171,0.19066949081302925,0.2957209865443881,0.8014784124143343,0.2688201089393581,0.3985833521751824,0.8940963957560754,0.4333676009053438,0.5761907783558641,0.08059377787739452,
B_argmax_matchE75,8,1.0,8.0,43235.05128205128,5755.307692307692,5755.307692307692,44439.41025641026,0.21364703249009367,0.8801392158190199,0.5468931241545568,0.5624418950616626,0.281471026915779,0.3721520175545125,0.7350214634955163,0.39254977599586743,0.5072141871124634,0.895884597417801,0.5772098051819529,0.6971528758255605,0.11266742797571554,
B_argmax_matchE75,16,0.02,15.692307692307692,63183.46153846154,150.2051282051282,150.2051282051282,54121.41025641026,0.2988739398102394,2.421385955177175,1.3601299474937072,0.7357707868795792,0.013453182436052301,0.02640487250981263,0.7679029733393014,0.02897575774285392,0.05567055598041767,0.7841076661543339,0.07975445367442331,0.1435930922646029,0.004671408621114526,
B_argmax_matchE75,16,0.05,15.692307692307692,63183.46153846154,376.1794871794872,376.1794871794872,54121.41025641026,0.2584107492677286,2.310775283798305,1.2845930165330168,0.7668139993480442,0.028795479805248547,0.05543195287011409,0.8013385824095511,0.0470320212140618,0.0885823709442592,0.8192932365144622,0.10509569462549667,0.1849508391500689,0.012180403057212744,
B_argmax_matchE75,16,0.1,15.692307692307692,63183.46153846154,752.9230769230769,752.9230769230769,54121.41025641026,0.23410544573326425,2.14458571924155,1.189345582487407,0.7817751132802709,0.05370934353254951,0.10028519295605814,0.8197926120296175,0.07610735840734566,0.13878069986582045,0.8445991576713018,0.14553249430399023,0.24666897922594871,0.024751797229016506,
B_argmax_matchE75,16,0.25,15.692307692307692,63183.46153846154,1883.2820512820513,1883.2820512820513,54121.41025641026,0.20598487606271,1.7031639955862958,0.9545744358245029,0.7463682993529828,0.11817868126356415,0.20302522684789148,0.8289975179096613,0.1642247558748428,0.27207572120956375,0.8803335200837762,0.282787295885742,0.42177588907538877,0.05668284943931121,
B_argmax_matchE75,16,0.5,15.692307692307692,63183.46153846154,3767.1794871794873,3767.1794871794873,54121.41025641026,0.2000858545621398,1.3496172606699077,0.7748515576160238,0.6481963278225957,0.18955658957053004,0.2911173299485991,0.7869365437323638,0.2624254966304066,0.3897431315079638,0.8997628962230622,0.4092370718150868,0.555818566651658,0.08797335041190633,
B_argmax_matchE75,16,1.0,15.692307692307692,63183.46153846154,7534.846153846154,7534.846153846154,54121.41025641026,0.21946463576586892,0.8811724894318482,0.5503185625988585,0.523562446910906,0.27276991500929804,0.3557249363653639,0.7115546016737176,0.3791315998916817,0.4909347898859674,0.896729588409114,0.5606913690098256,0.6852281137913777,0.11699550382345045,
C_grid,-1,0.005,23.666666666666668,606908.5128205129,3034.076923076923,3034.076923076923,59403.743589743586,0.21114093664985276,1.7470997028753028,0.9791203197625779,0.6794043617350434,0.11312679962645356,0.1915309177431097,0.8404787909803653,0.1492145846995567,0.25132771230358525,0.883476236668369,0.24932031347622655,0.3851600081220228,0.0623963564716821,0.10101488112899713
C_grid,-1,0.01,23.666666666666668,606908.5128205129,6068.717948717948,6068.717948717948,59403.743589743586,0.21561755466420224,1.4869689086562126,0.8512932316602073,0.5556734864105173,0.1719338067502062,0.2578122094673893,0.8066532777231016,0.22151094592946344,0.34389407826694957,0.8927817958326895,0.3384602252118988,0.4870151522991454,0.08961031824344347,0.10101488112899713
C_grid,-1,0.02,23.666666666666668,606908.5128205129,12137.76923076923,12137.76923076923,59403.743589743586,0.2328499617537373,1.2046835895313903,0.7187667756425639,0.4336608156530781,0.2549168661204443,0.31390593137433065,0.7302137688331591,0.3182959444105476,0.437756551589782,0.894413582264949,0.43840502510800267,0.5841190019304162,0.1134814616625583,0.10101488112899713
C_grid,-1,0.05,23.666666666666668,606908.5128205129,30345.02564102564,30345.02564102564,59403.743589743586,0.29538070053122845,0.6958739788660213,0.4956273396986249,0.30147447592140264,0.408441358502428,0.34007730902303496,0.5709378993773139,0.48196161764107404,0.515369292787476,0.8562323564241319,0.6137213276688345,0.7103710283540754,0.12429316354189585,0.10101488112899713
C_grid,-1,0.1,23.666666666666668,606908.5128205129,60690.53846153846,60690.53846153846,59403.743589743586,0.39843169871728557,0.4599117030880313,0.42917170090265844,0.22696774101549316,0.5539568312669699,0.3171724797569503,0.44495815164698455,0.6229144305550539,0.513036168409193,0.7768339571747683,0.7434632970816651,0.7567877968025496,0.11264073781626348,0.10101488112899713
C_grid,-1,0.25,23.666666666666668,606908.5128205129,151726.92307692306,151726.92307692306,59403.743589743586,0.6669783080350036,0.2613261684240737,0.4641522382295386,0.14629591186476817,0.7589626147971487,0.24266905912881798,0.29880595123407655,0.7992345163809981,0.4299002491930334,0.6188561239665541,0.8633227291930732,0.7159461053631365,0.08062597473353203,0.10101488112899713
C_grid,-1,0.5,23.666666666666668,606908.5128205129,303454.1794871795,303454.1794871795,59403.743589743586,0.9062006901607438,0.14890050640467828,0.527550598282711,0.09414258871237491,0.8907850545164806,0.16905037409668494,0.1981751962919916,0.9055219788082507,0.3216046229275679,0.47015483200011415,0.9319120827069229,0.6174643973445556,0.05284545003243647,0.10101488112899713
C_grid,-1,1.0,23.666666666666668,606908.5128205129,606908.5128205129,606908.5128205129,59403.743589743586,1.3734138637856086,0.08558364640911739,0.729498755097363,0.05344070490165805,0.9638146988367902,0.10089330613559819,0.11437737345364472,0.9672951698362425,0.20329540961232015,0.29019340201282606,0.9749100642151032,0.44261535042975086,0.029882677410073184,0.10101488112899713
C_grid,1,0.005,1.0,369493.3076923077,1847.025641025641,1847.025641025641,14955.076923076924,0.2279939700907071,0.8621268752127142,0.5450604226517107,0.6048342763817717,0.23941577122785476,0.33578552537520284,0.7623235032364344,0.35894042052293135,0.4805041889355263,0.8683353145527948,0.5650215054878678,0.6789210071221573,0.06608997180291087,0.1
C_grid,1,0.01,1.0,369493.3076923077,3694.5128205128203,3694.5128205128203,14955.076923076924,0.23457522241274206,0.7737511700950866,0.5041631962539144,0.5291030403066973,0.32262628578178193,0.39055548311022636,0.7375054148433673,0.4404155865109476,0.5430411464552528,0.8735224217170278,0.6229010989756162,0.7228485297974558,0.09618638180263035,0.1
C_grid,1,0.02,1.0,369493.3076923077,7389.4358974358975,7389.4358974358975,14955.076923076924,0.25490675577443295,0.6561052866476834,0.45550602121105815,0.4168991473541092,0.4134544147774324,0.4025925561327848,0.6785950716880428,0.5238073019552153,0.5820930753391681,0.8689357307762702,0.6765598529876232,0.7559266301045244,0.11337536787192612,0.1
C_grid,1,0.05,1.0,369493.3076923077,18474.30769230769,18474.30769230769,14955.076923076924,0.318659989306754,0.35023683790450305,0.3344484136056285,0.27787372257440346,0.5666717052556369,0.3632682147496887,0.5422006180782651,0.6815083162971179,0.5928252589960596,0.820113292398278,0.8165104857442165,0.8129091751388483,0.10532621327964542,0.1
C_grid,1,0.1,1.0,369493.3076923077,36949.02564102564,36949.02564102564,14955.076923076924,0.4112840043957654,0.24581258524619998,0.3285482948209827,0.2026242351755891,0.6812516463435263,0.3072581018109274,0.42693385662953687,0.7732007325229647,0.5438318060190219,0.7442888355157808,0.878900614292673,0.8024309194012326,0.08594685753063214,0.1
C_grid,1,0.25,1.0,369493.3076923077,92373.1282051282,92373.1282051282,14955.076923076924,0.6047561755158765,0.18751337277016653,0.3961347741430215,0.12775002695092977,0.801500241705732,0.21729110855215866,0.294916201480984,0.8526879510309925,0.4319011533710446,0.6234433463615934,0.9169822114290384,0.7358189594750838,0.056931295089897936,0.1
C_grid,1,0.5,1.0,369493.3076923077,184746.5641025641,184746.5641025641,14955.076923076924,0.7379840171482227,0.1379134677293509,0.4379487424387868,0.08484367068508297,0.8928741616960864,0.1531413916188757,0.20839698119430827,0.9175771276284749,0.33409996412436105,0.5227683518607529,0.9462494442960604,0.6643879815807703,0.03760734532018534,0.1
C_grid,1,1.0,1.0,369493.3076923077,369493.3076923077,369493.3076923077,14955.076923076924,0.9703227882170308,0.09490440961859149,0.5326135989178111,0.05105734572770613,0.9616366303057853,0.09624114571062985,0.13067014291276588,0.9650736051301896,0.22734609131072203,0.3693663869749603,0.9720497897851479,0.5266385299036543,0.022207465376275454,0.1
C_grid,2,0.005,2.0,479304.89743589744,2396.076923076923,2396.076923076923,24069.0,0.20518664703510084,0.8605521669048557,0.5328694069699783,0.6129294172786762,0.20381444202322457,0.2987112269609707,0.7901593463868604,0.3129612316761164,0.4412539155493023,0.8887588465875669,0.5216300248563126,0.6510531454088522,0.06557681731489631,0.1
C_grid,2,0.01,2.0,479304.89743589744,4792.641025641025,4792.641025641025,24069.0,0.22013730380218519,0.7192017519895787,0.4696695278958819,0.5427487748953362,0.29092081441002315,0.36831432596545055,0.7544361148377452,0.41100217339564143,0.523800256766098,0.881950961980973,0.6156798859517113,0.7201115275572163,0.097555558376686,0.1
C_grid,2,0.02,2.0,479304.89743589744,9585.666666666666,9585.666666666666,24069.0,0.24592527868413755,0.5726336469214989,0.4092794628028182,0.4458302768043856,0.3990062427043286,0.4084718829907236,0.7007300084342,0.5233176167098912,0.5887562423427936,0.8710237882495696,0.6994640512890533,0.771391507244152,0.12226444628127116,0.1
C_grid,2,0.05,2.0,479304.89743589744,23964.923076923078,23964.923076923078,24069.0,0.3068179329243784,0.35621865664240754,0.331518294783393,0.31228265861702137,0.5665320759135627,0.39151981783951595,0.5781136755569326,0.6748493532134554,0.611638006468913,0.8374751712116179,0.8089090249567052,0.817370614963731,0.1251962480714098,0.1
C_grid,2,0.1,2.0,479304.89743589744,47930.230769230766,47930.230769230766,24069.0,0.4037934938699587,0.24691844508379582,0.3253559694768773,0.22992992436105789,0.6961840096734949,0.33809204162752754,0.46306490954142493,0.7814660673761242,0.571497821877028,0.7768986339515787,0.8764413784895163,0.8172648397870297,0.10458125383722087,0.1
C_grid,2,0.25,2.0,479304.89743589744,119826.0,119826.0,24069.0,0.6449078851518897,0.14502004502148913,0.3949639650866894,0.1432655918344125,0.8433298686840376,0.24109089108912185,0.31387265921426044,0.8876106700905202,0.4554910381362545,0.6404624924262077,0.9385576594142384,0.7515379150970397,0.06883011332358877,0.1
C_grid,2,0.5,2.0,479304.89743589744,239652.35897435897,239652.35897435897,24069.0,0.8349784451301321,0.10210952087067769,0.46854398300040484,0.09292260293242334,0.9281419909073009,0.16681635800700698,0.21476588877629824,0.945465031179227,0.34371344790927044,0.5168099322880675,0.9654291562838859,0.6614275230869141,0.04454268260002014,0.1
C_grid,2,1.0,2.0,479304.89743589744,479304.89743589744,479304.89743589744,24069.0,1.140588649079362,0.07417399698624721,0.6073813230328046,0.053490899592016916,0.9774856947682421,0.10064452516064366,0.12828625193497709,0.9793144395959092,0.22398803611206766,0.3430301892226427,0.9832164970028473,0.49946702863686737,0.025185095342647592,0.1
C_grid,4,0.005,4.0,534550.0769230769,2672.2820512820513,2672.2820512820513,34478.53846153846,0.20311710063683855,1.1658788304168848,0.6844979655268616,0.6777275082849797,0.16923262052244853,0.26553355727732136,0.8370239064397069,0.24195729997201895,0.3703440309826411,0.8900084975375742,0.4013243426924463,0.5470472182762869,0.07018689144276516,0.10004141084081351
C_grid,4,0.01,4.0,534550.0769230769,5345.051282051282,5345.051282051282,34478.53846153846,0.2103659068992986,0.9703323105838655,0.5903491087415821,0.5827087380100018,0.2496475748113133,0.3401293472371619,0.8049566176349523,0.335908674622186,0.4663301945438978,0.8938781516627395,0.5097201718072699,0.6429189626455808,0.10238232517555872,0.10004141084081351
C_grid,4,0.02,4.0,534550.0769230769,10690.589743589744,10690.589743589744,34478.53846153846,0.22915622085698117,0.76458596289345,0.4968710918752156,0.4616788963012182,0.3538688827496331,0.3881602063199742,0.737113745028058,0.45375738739023974,0.5518623205594392,0.8915431597150755,0.6154597336017467,0.7228008389413901,0.12580545903568718,0.10004141084081351
C_grid,4,0.05,4.0,534550.0769230769,26727.128205128207,26727.128205128207,34478.53846153846,0.2877486934317583,0.4487198329307805,0.36823426318126945,0.3192476911045871,0.5283135717003835,0.3873859886998283,0.5929925586145766,0.6239068634121604,0.5974571584326087,0.8581698191087781,0.7546945611431148,0.798962973536028,0.13004907906045093,0.10004141084081351
C_grid,4,0.1,4.0,534550.0769230769,53454.794871794875,53454.794871794875,34478.53846153846,0.3764204530044529,0.2888387943557719,0.3326296236801124,0.2360382236647955,0.6643623415665157,0.34111971281872955,0.46785774229019766,0.7408198435395579,0.5642760040357176,0.7906623651811935,0.8449683847306139,0.8126678149848389,0.11172975666920215,0.10004141084081351
C_grid,4,0.25,4.0,534550.0769230769,133637.2564102564,133637.2564102564,34478.53846153846,0.6087074754285613,0.16771471932637994,0.3882110973774706,0.14940820126199428,0.8291942165338008,0.249308726130711,0.3161104914386506,0.8711056797261063,0.4560192200473359,0.6434709189174184,0.9244195965518188,0.7507868471825099,0.07610590786982921,0.10004141084081351
C_grid,4,0.5,4.0,534550.0769230769,267274.92307692306,267274.92307692306,34478.53846153846,0.8497500322847787,0.10986998023071469,0.47981000625774667,0.09689095916004786,0.9272738084277816,0.17345570419568526,0.21461520777535179,0.9411867408990913,0.3438220230007664,0.5084167442182314,0.9600003602403555,0.6542470771717195,0.0496187172452367,0.10004141084081351
C_grid,4,1.0,4.0,534550.0769230769,534550.0769230769,534550.0769230769,34478.53846153846,1.2245226657171595,0.07938682161694541,0.6519547436670525,0.05494071210848396,0.9749906943116554,0.10336889888453449,0.12551762367830413,0.9762795644756032,0.22026643985174063,0.3275678239837751,0.979785836074297,0.48388184079387214,0.027710536144277507,0.10004141084081351
C_grid,8,0.005,8.0,571832.2051282051,2858.7179487179487,2858.7179487179487,44439.41025641026,0.20745649717590695,1.4296784989533622,0.8185674980646345,0.6936313131653081,0.14163430562921012,0.23146840896532545,0.8447745599746318,0.1927909555160578,0.3102910520458922,0.8869063127433702,0.32331543778691335,0.4677181771543373,0.06630446064772656,0.10050698084579672
C_grid,8,0.01,8.0,571832.2051282051,5717.948717948718,5717.948717948718,44439.41025641026,0.21396377235561212,1.205103291414977,0.7095335318852946,0.5763050315877571,0.21235362438181477,0.30309365999970456,0.8112979752978163,0.2790434691134338,0.40926215712892544,0.8936384226718358,0.42671345914652253,0.5711619051380689,0.09660933771333512,0.10050698084579672
C_grid,8,0.02,8.0,571832.2051282051,11436.23076923077,11436.23076923077,44439.41025641026,0.22928011038404536,0.9599587972376336,0.5946194538108396,0.4500570417373063,0.3091863799219281,0.3563098338913323,0.7396203068169706,0.39224917629877876,0.504390307571372,0.8958600472913468,0.5332825267917439,0.6626861212573935,0.12079926681930399,0.10050698084579672
C_grid,8,0.05,8.0,571832.2051282051,28591.28205128205,28591.28205128205,44439.41025641026,0.29243750597878826,0.5539660688449621,0.4232017874118752,0.31004461033466,0.47342559815313506,0.36575604238402315,0.5829617279652166,0.5579603045790926,0.5606485150914065,0.8586560495045453,0.6890976783316441,0.7601454765828451,0.12783257405380388,0.10050698084579672
C_grid,8,0.1,8.0,571832.2051282051,57182.94871794872,57182.94871794872,44439.41025641026,0.39119235265126984,0.35850499940036307,0.37484867602581645,0.23128846761528038,0.6155157094941096,0.3301349614506984,0.4564920359110566,0.6872136798964232,0.5403844329342622,0.7842136238197877,0.8007590603752527,0.7884333925990971,0.11252606171420582,0.10050698084579672
C_grid,8,0.25,8.0,571832.2051282051,142957.8205128205,142957.8205128205,44439.41025641026,0.6469125220205826,0.20113613146651332,0.42402432674354795,0.14807995431074972,0.8032250579733997,0.24685473717160855,0.3072712752488813,0.8445628980420361,0.44410083539033135,0.6310496644930801,0.902703593607296,0.7358002183604442,0.07897123409464231,0.10050698084579672
C_grid,8,0.5,8.0,571832.2051282051,285916.0256410256,285916.0256410256,44439.41025641026,0.8802264389496393,0.12386521919806782,0.5020458290738536,0.09533609827168335,0.91610200218643,0.1711951781690581,0.20529102772902688,0.9299562360129656,0.3320387810155268,0.48685595106580537,0.9509165485023925,0.6352642846300011,0.05131243451073489,0.10050698084579672
C_grid,8,1.0,8.0,571832.2051282051,571832.2051282051,571832.2051282051,44439.41025641026,1.3076954041530384,0.08490108915707384,0.696298246655056,0.053619102345694836,0.9692257574379636,0.10116935853493016,0.11824282386569242,0.9710776957801553,0.2093577016853957,0.3036021420275068,0.9762279936390931,0.45810016673735365,0.028559483909448662,0.10050698084579672
C_grid,16,0.005,15.692307692307692,600299.2307692308,3001.051282051282,3001.051282051282,54121.41025641026,0.2096041269910546,1.6490862029102005,0.9293451649506276,0.6928608512115487,0.11963382506163675,0.2014365821878866,0.8409922943068698,0.15920972695914587,0.2653608695838891,0.8840755502922321,0.26709598928790323,0.4060074027753759,0.0643088163088429,0.100416588450881
C_grid,16,0.01,15.692307692307692,600299.2307692308,6002.615384615385,6002.615384615385,54121.41025641026,0.21481980977382906,1.4021886025124606,0.8085042061431448,0.5659247272617239,0.18237322451156024,0.27070199840050924,0.8081094625607897,0.23621183683797262,0.36099673814326033,0.892735385081918,0.3633608125267204,0.5108823403544995,0.09253996940543699,0.100416588450881
C_grid,16,0.02,15.692307692307692,600299.2307692308,12005.589743589744,12005.589743589744,54121.41025641026,0.23017711653231046,1.1359385378460938,0.6830578271892022,0.4398744347226021,0.26904919624566875,0.32621876782917963,0.7337630984792511,0.33820873617631686,0.4563459172403918,0.8957112277179644,0.46501111029327585,0.6066279656869518,0.11612100369165675,0.100416588450881
C_grid,16,0.05,15.692307692307692,600299.2307692308,30014.615384615383,30014.615384615383,54121.41025641026,0.2907971189462901,0.6508833100928753,0.47084021451958263,0.3047178345312705,0.42681402506862565,0.34831864355824,0.5762889026273081,0.5033004813279914,0.5295770121795057,0.8589156908792811,0.6346310148191758,0.725410027130893,0.12553456694323964,0.100416588450881
C_grid,16,0.1,15.692307692307692,600299.2307692308,60029.64102564102,60029.64102564102,54121.41025641026,0.38462507938806173,0.42254120093058756,0.40358314015932467,0.22866887304560707,0.572467104185119,0.32173435207956036,0.44907553153186314,0.6426937339894039,0.5224313750206596,0.7820260704395909,0.7624026226646832,0.7691049311178195,0.11264389919289187,0.100416588450881
C_grid,16,0.25,15.692307692307692,600299.2307692308,150074.61538461538,150074.61538461538,54121.41025641026,0.6460206357216423,0.23914952045911797,0.4425850780903801,0.14784956800090326,0.7747971308870465,0.2455790316794694,0.30281256420513425,0.8153429020884062,0.43630974470466644,0.6252431069792859,0.8781318074105715,0.7249706837830984,0.08062279715625476,0.100416588450881
C_grid,16,0.5,15.692307692307692,600299.2307692308,300149.5128205128,300149.5128205128,54121.41025641026,0.891299748634307,0.14111106751577182,0.5162054080750395,0.09475063487323968,0.8990836657592348,0.17016983988443976,0.20033590597933904,0.9132077592632387,0.32497205269593765,0.4755324923224193,0.9376317713460909,0.6235735799668857,0.05249814180722413,0.100416588450881
C_grid,16,1.0,15.692307692307692,600299.2307692308,600299.2307692308,600299.2307692308,54121.41025641026,1.359609805328407,0.08737161378086032,0.7234907095546337,0.05351541721297618,0.963614430883799,0.10102875942705247,0.11523854133622176,0.9660346440054883,0.20469040273985203,0.2931591567006483,0.9729204392924314,0.4462237786499442,0.029482918792194994,0.100416588450881
C_on_B,-1,0.02,23.666666666666668,77800.20512820513,1555.5128205128206,1555.5128205128206,59403.743589743586,0.20921922666799384,1.9771276852746134,1.0931734559713038,0.7858698874809074,0.07372261006362937,0.13451805068978911,0.8540683833476148,0.09888880514367757,0.1768585116374322,0.8787695451356109,0.17768083789788672,0.2944249305270609,0.04166858221911415,
C_on_B,-1,0.05,23.666666666666668,77800.20512820513,3889.4615384615386,3889.4615384615386,59403.743589743586,0.2188425376695953,1.629903634400498,0.9243730860350468,0.6599776545539131,0.13321370950990838,0.2208170291388288,0.8191446206385486,0.17563456449844914,0.2884142867709364,0.8812980884938554,0.2864930390030276,0.430385576642491,0.07558200291203972,
C_on_B,-1,0.1,23.666666666666668,77800.20512820513,7779.538461538462,7779.538461538462,59403.743589743586,0.22920850961143033,1.3650094283960432,0.7971089690037368,0.5256537591535463,0.20132294019077207,0.2895079726324384,0.7608892246158838,0.2604992532115099,0.38674166381444347,0.887299959066442,0.3840704890540725,0.5330290075922565,0.1025073111715808,
C_on_B,-1,0.25,23.666666666666668,77800.20512820513,19449.666666666668,19449.666666666668,59403.743589743586,0.2727306887535651,0.8923582172528072,0.5825444530031861,0.36860257222049075,0.33085968183597353,0.34625832820790614,0.6260366107679568,0.40871192986923544,0.4925088395399889,0.8705116450141156,0.5422476682321677,0.6656325663541913,0.12424588046285731,
C_on_B,-1,0.5,23.666666666666668,77800.20512820513,38899.846153846156,38899.846153846156,59403.743589743586,0.35266150512544403,0.5301977753529005,0.4414296402391723,0.27242762615636906,0.46469248686803283,0.3412103078147051,0.49373574646213786,0.5612739173821883,0.5231119890373789,0.8071963608953515,0.7021502714936605,0.7492214384930576,0.11999247282912659,
C_on_B,-1,1.0,23.666666666666668,77800.20512820513,77800.20512820513,77800.20512820513,59403.743589743586,0.547640544545439,0.25127850058179135,0.39945952256361517,0.186474408642074,0.6360548669657784,0.28695517279766947,0.3534501483622818,0.7796991899334724,0.4842339191247166,0.6654887791981389,0.878501704320231,0.7551472718878601,0.09510957775569889,
C_on_B,1,0.02,1.0,9388.948717948719,187.23076923076923,187.23076923076923,14955.076923076924,0.24844193342767626,1.2282987487652903,0.7383703410964833,0.7065896560724857,0.06064750282802226,0.11120858034190603,0.7752484838905521,0.14267848432898875,0.2380375345505915,0.8290887433409856,0.3309121727373285,0.46604256272033834,0.011469685258936267,
C_on_B,1,0.05,1.0,9388.948717948719,469.0,469.0,14955.076923076924,0.22696128664115214,1.034614764277064,0.6307880254591081,0.707060066808086,0.12351031628614269,0.20906691921675388,0.7893913273548594,0.23113519344880645,0.3543438526052882,0.8540019475744165,0.43982547206759026,0.5744729646026479,0.028073985322653,
C_on_B,1,0.1,1.0,9388.948717948719,938.4871794871794,938.4871794871794,14955.076923076924,0.21656000041138684,0.9096574407862752,0.563108720598831,0.6792296951952351,0.19334369887992175,0.29926834965459354,0.7893101964884628,0.3100919561091812,0.4423854421781239,0.8718039522213937,0.5253546538396875,0.6510796528969435,0.0510655258331028,
C_on_B,1,0.25,1.0,9388.948717948719,2346.871794871795,2346.871794871795,14955.076923076924,0.217832961830906,0.7918054556836304,0.5048192087572682,0.5857581024681415,0.29505770627125383,0.39014883568048314,0.7478004890652296,0.4125079048061722,0.5294169135867985,0.8851575043162373,0.6143861336076787,0.7225912331009504,0.09427596293913486,
C_on_B,1,0.5,1.0,9388.948717948719,4694.25641025641,4694.25641025641,14955.076923076924,0.2642397862292961,0.5466534484565253,0.4054466173429107,0.43194474752605,0.36409782062009743,0.39224470808087547,0.619295522967785,0.5151664322091626,0.5589852105652076,0.8558509735808735,0.732055950522986,0.7856939259511883,0.10962700784100424,
C_on_B,1,1.0,1.0,9388.948717948719,9388.948717948719,9388.948717948719,14955.076923076924,0.4173288274013873,0.304358636789356,0.3608437320953717,0.2831634930106566,0.4217533116331155,0.33656466454533135,0.46079936715263603,0.6379440358636506,0.5322858067195967,0.7417287336901112,0.8597684284268083,0.7942360632360536,0.09677383694274681,
C_on_B,2,0.02,2.0,16238.23076923077,324.2564102564103,324.2564102564103,24069.0,0.17367162627673718,1.3131420612129814,0.7434068437448593,0.7162469236895673,0.05432321662959293,0.10058353365159828,0.8575717069432752,0.11781630950863846,0.20574495846100538,0.9058869143307834,0.27862005010742374,0.42267099587019674,0.013943635271236623,
C_on_B,2,0.05,2.0,16238.23076923077,811.4615384615385,811.4615384615385,24069.0,0.18977492326964843,1.0632184525639874,0.6264966879168179,0.6837849505045034,0.11217899118078654,0.19175301742624484,0.8268781778244852,0.20505561119922153,0.3263846215033839,0.8955267388308417,0.4007849273117075,0.5497843969928267,0.03245180234083868,
C_on_B,2,0.1,2.0,16238.23076923077,1623.2820512820513,1623.2820512820513,24069.0,0.19676822761832488,0.8705748974484203,0.5336715625333727,0.650148798792768,0.18159491169946956,0.2821584844127073,0.8030186593247345,0.29239139937023184,0.42613186452217705,0.8936841282834953,0.5075943426290497,0.6443849323888207,0.05818003443754998,
C_on_B,2,0.25,2.0,16238.23076923077,4059.230769230769,4059.230769230769,24069.0,0.21494041907125522,0.6667366516562583,0.4408385353637567,0.5553187589024865,0.30596101475068843,0.3919491623389803,0.7441685228733103,0.4395150795991044,0.5498147305137008,0.8888104852112414,0.6516574679305395,0.7496258698649663,0.10603530806097812,
C_on_B,2,0.5,2.0,16238.23076923077,8118.820512820513,8118.820512820513,24069.0,0.26671057603067483,0.4388608827394373,0.3527857293850561,0.4291580085731991,0.41069913262369023,0.41688848996146677,0.635236894006582,0.5768734417795155,0.6018514956257928,0.8568817680001334,0.770549457419811,0.8094298211026373,0.12642089021198996,
C_on_B,2,1.0,2.0,16238.23076923077,16238.23076923077,16238.23076923077,24069.0,0.44611232685451985,0.2299338739323713,0.3380231003934456,0.28794626280295726,0.49655531952990445,0.3622553386361322,0.47060482118259683,0.7282646451479733,0.568722677899871,0.7438576012905996,0.905530505738898,0.8133670065445672,0.11184272938517675,
C_on_B,4,0.02,4.0,27976.102564102563,559.0512820512821,559.0512820512821,34478.53846153846,0.19362646941096875,1.5089353611306255,0.8512809152707973,0.7960192985905215,0.06976823200636578,0.12798619271350942,0.8664647045025998,0.1224405703123456,0.21357976886587585,0.8895361556376731,0.24370887757397916,0.3805898945267447,0.02172949649373684,
C_on_B,4,0.05,4.0,27976.102564102563,1398.3076923076924,1398.3076923076924,34478.53846153846,0.19863450225386325,1.2637144330452745,0.731174467649569,0.7550467724523351,0.12882930194805256,0.21935098718220786,0.8505681404030687,0.19518765788050066,0.31615568513894315,0.8889398547504148,0.3478490274800509,0.49750644015888373,0.04791502392697866,
C_on_B,4,0.1,4.0,27976.102564102563,2797.1794871794873,2797.1794871794873,34478.53846153846,0.20045946290418043,1.0577633461382423,0.6291114045212114,0.6843134961744818,0.19845429263172454,0.3064094776905613,0.8284643071562697,0.2794097857108464,0.415947268477027,0.8945510974276965,0.45563697408359655,0.5999815043026598,0.07939666463264371,
C_on_B,4,0.25,4.0,27976.102564102563,6993.641025641025,6993.641025641025,34478.53846153846,0.22210135934730174,0.7578420201821958,0.4899716897647488,0.517224243214133,0.3289105129017354,0.400041108979242,0.7304978334753109,0.4410365105871503,0.5474333480040545,0.8944207370376068,0.617703255885946,0.7276870546361818,0.1224419018930581,
C_on_B,4,0.5,4.0,27976.102564102563,13987.76923076923,13987.76923076923,34478.53846153846,0.2796094087089538,0.45499551035824565,0.3673024595335997,0.3832585583188179,0.45276275309159036,0.4130807109604792,0.6027035228717148,0.6006477024006165,0.5991208870636024,0.8569886507726202,0.7608519053831887,0.804086046139122,0.13273250674606343,
C_on_B,4,1.0,4.0,27976.102564102563,27976.102564102563,27976.102564102563,34478.53846153846,0.4630083391069007,0.22043496621713032,0.3417216526620155,0.25567033757751634,0.5670791875396815,0.3510130788157086,0.4359362789350529,0.7787419334528217,0.5564265444271632,0.72642172564761,0.9111084749335205,0.8057197428455511,0.11207603005573247,
C_on_B,8,0.02,8.0,43235.05128205128,864.1282051282051,864.1282051282051,44439.41025641026,0.2006457057881302,1.7682344641486343,0.9844400849683822,0.8116125632205308,0.07141229392356283,0.1310456700280149,0.863169893739076,0.10536746878838031,0.18730584990915955,0.8840564526220862,0.19535039104152124,0.31880045113585936,0.030160403474463734,
C_on_B,8,0.05,8.0,43235.05128205128,2161.2820512820513,2161.2820512820513,44439.41025641026,0.2073097575220127,1.4614273810859288,0.8343685693039709,0.7344460319453657,0.12981220551746955,0.21998944705045062,0.8425811402141062,0.17743719841965985,0.29212402290413,0.8848090508426001,0.3051034128977499,0.45085306838656763,0.060945765748217515,
C_on_B,8,0.1,8.0,43235.05128205128,4323.051282051282,4323.051282051282,44439.41025641026,0.21214390329655197,1.20884619939647,0.710495051346511,0.6210841667070776,0.2003662538444213,0.3018752697859379,0.8032070114581413,0.26839245918013854,0.40070440292193865,0.8910191610829886,0.4241904969236499,0.5704953271378567,0.0924811388040342,
C_on_B,8,0.25,8.0,43235.05128205128,10808.410256410256,10808.410256410256,44439.41025641026,0.24323405444088408,0.8292568362001964,0.5362454453205403,0.4408863470663472,0.32770324735902595,0.37422648744805626,0.6830928167336205,0.4268346568707543,0.5231382911540211,0.8863150939658139,0.5796465295502088,0.6978972956094223,0.12384261610559964,
C_on_B,8,0.5,8.0,43235.05128205128,21617.25641025641,21617.25641025641,44439.41025641026,0.311770411607746,0.49139941847628676,0.4015849150420164,0.32633380918661736,0.45694793003152556,0.3789495240953457,0.5529066208318945,0.5838702115323762,0.5652939710084197,0.8365268307965061,0.7282413852975143,0.7767216069453291,0.1270679866833811,
C_on_B,8,1.0,8.0,43235.05128205128,43235.05128205128,43235.05128205128,44439.41025641026,0.49866706554683393,0.22666161489920042,0.36266434022301713,0.22077993530652038,0.5980130186474378,0.3213278721812577,0.3970718977570047,0.7893497105302941,0.5260254928211714,0.7009243162261857,0.9018629930092871,0.7864405829011829,0.10471727728414262,
C_on_B,16,0.02,15.692307692307692,63183.46153846154,1263.2051282051282,1263.2051282051282,54121.41025641026,0.20213718355366309,1.927988105448717,1.06506264450119,0.8019951017095339,0.07367151890111039,0.13469239122713556,0.8625883679089904,0.09988310439788826,0.17862793092588503,0.8837457907380977,0.17930045528113409,0.2971548072187515,0.03804810424335892,
C_on_B,16,0.05,15.692307692307692,63183.46153846154,3158.6153846153848,3158.6153846153848,54121.41025641026,0.21345892837197958,1.578091138847224,0.8957750336096019,0.6877751092672294,0.13247460100523953,0.22150590756465305,0.8282677986183887,0.1748720073818325,0.287918595424257,0.883318441669893,0.2907680210131054,0.43530522870810473,0.07156729049045135,
C_on_B,16,0.1,15.692307692307692,63183.46153846154,6317.923076923077,6317.923076923077,54121.41025641026,0.2228060261328814,1.3169977401801714,0.7699018831565264,0.5547357001083238,0.20022641863864918,0.29307029529176915,0.7751001844777304,0.2614752024404417,0.389742929647652,0.8892661013366836,0.3944886385242465,0.5429023191265927,0.09999794208684634,
C_on_B,16,0.25,15.692307692307692,63183.46153846154,15795.461538461539,15795.461538461539,54121.41025641026,0.2614317449976131,0.8701020602924209,0.5657669026450171,0.3888009592232083,0.3294864521580574,0.35505921276858976,0.6440362244673101,0.4141952137012261,0.5023289496695705,0.8767538146559914,0.552731879714254,0.6753136869291939,0.12456652841850656,
C_on_B,16,0.5,15.692307692307692,63183.46153846154,31591.4358974359,31591.4358974359,54121.41025641026,0.33487962767990204,0.5089645227149572,0.4219220751974295,0.28628242438212925,0.4611937393542358,0.35170177128133756,0.5099871259644222,0.5688570263085312,0.5358730384007871,0.8187141634039302,0.71375518410603,0.760886573771149,0.12183288928569522,
C_on_B,16,1.0,15.692307692307692,63183.46153846154,63183.46153846154,63183.46153846154,54121.41025641026,0.5300885407963448,0.24406370007198197,0.3870761204341634,0.19564779749889213,0.6262834997082993,0.29717326668377153,0.3659460736915323,0.78600627642657,0.4974943752177222,0.6773042952567928,0.8860090561440267,0.7656785928868839,0.09793633681244593,
D_conf_sum,-1,0.02,23.666666666666668,77800.20512820513,1555.5128205128206,1555.5128205128206,59403.743589743586,0.21319233892241107,1.9438527343527459,1.0785225366375784,0.7748619750811757,0.09174642884378999,0.16336389051572095,0.8352584279750406,0.12141796038926693,0.211056991325012,0.8691802222718047,0.2067141987866468,0.3316947598662607,0.04695458793400661,
D_conf_sum,-1,0.05,23.666666666666668,77800.20512820513,3889.4615384615386,3889.4615384615386,59403.743589743586,0.19711949842006807,1.4379601830202906,0.8175398407201793,0.6666898077894754,0.17711919842272655,0.27791901940109853,0.7999162141386533,0.23850028130383608,0.3650734789069614,0.898024593597344,0.3704203965496324,0.5204711419827897,0.08846994654698087,
D_conf_sum,-1,0.1,23.666666666666668,77800.20512820513,7779.538461538462,7779.538461538462,59403.743589743586,0.21670620447224465,1.1278306648577703,0.6722684346650075,0.5297873914407936,0.2519539223013802,0.3385673533969943,0.7172494578585437,0.3350457008018652,0.45411303229756356,0.8984592743532411,0.48002800349815333,0.6223657647841895,0.11560186269475703,
D_conf_sum,-1,0.25,23.666666666666668,77800.20512820513,19449.666666666668,19449.666666666668,59403.743589743586,0.28642659492446576,0.612189063711785,0.4493078293181254,0.35076929074411095,0.36829704390042284,0.3565911129851182,0.5713387574033023,0.4909773522246832,0.5256537540142207,0.8491541766056024,0.667319302173653,0.7442167286745648,0.12377996017922345,
D_conf_sum,-1,0.5,23.666666666666668,77800.20512820513,38899.846153846156,38899.846153846156,59403.743589743586,0.3712869957002915,0.36563749757510433,0.3684622466376979,0.2565893131707364,0.4881103454404574,0.33437420430965115,0.4595000522952655,0.639646841872879,0.5322394601629735,0.7813168849558115,0.8072126576699931,0.7915372439589827,0.11398897372111516,
D_conf_sum,-1,1.0,23.666666666666668,77800.20512820513,77800.20512820513,77800.20512820513,59403.743589743586,0.547640544545439,0.25127850058179135,0.39945952256361517,0.186474408642074,0.6360548669657784,0.28695517279766947,0.3534501483622818,0.7796991899334724,0.4842339191247166,0.6654887791981389,0.878501704320231,0.7551472718878601,0.09510957775569889,
D_conf_sum,1,0.02,1.0,9388.948717948719,187.23076923076923,187.23076923076923,14955.076923076924,0.2406286464164313,1.8062898287378,1.0234592375771157,0.7281053780018824,0.04193909168929578,0.07914764789875432,0.7787437846044177,0.06623264316383447,0.12172556058585783,0.8266788150630686,0.153908178379505,0.25783242167948517,0.012440035987777943,
D_conf_sum,1,0.05,1.0,9388.948717948719,469.0,469.0,14955.076923076924,0.21634799238340677,1.4927845454064896,0.8545662688949482,0.733729315976685,0.10171953613391398,0.17784827018997357,0.8055821196633205,0.15249789658428473,0.2547801244496949,0.8617940201627803,0.27981408114955336,0.4190188172532272,0.030389619837911094,
D_conf_sum,1,0.1,1.0,9388.948717948719,938.4871794871794,938.4871794871794,14955.076923076924,0.20340578098621892,1.12848869482275,0.6659472379044845,0.7069644504469561,0.1865443662219282,0.2933263313109615,0.808518640887823,0.2690395065053599,0.4012777430700617,0.8833530514608793,0.4361860677390062,0.5809149892651632,0.05572530155924113,
D_conf_sum,1,0.25,1.0,9388.948717948719,2346.871794871795,2346.871794871795,14955.076923076924,0.21730683502196138,0.7835517353742826,0.500429285198122,0.5791871785235843,0.3046433242397087,0.397109505305636,0.735335747273823,0.4276521322376553,0.5387763821087529,0.8875657296174827,0.6264893291379897,0.732125430637221,0.09628852456744715,
D_conf_sum,1,0.5,1.0,9388.948717948719,4694.25641025641,4694.25641025641,14955.076923076924,0.2704192965452925,0.4865130244210711,0.37846616048318177,0.42943630992206994,0.3636722955265183,0.39128211246339095,0.6122169408458336,0.5253912796597265,0.5623719481741078,0.8496295117836439,0.7661563746637887,0.8023761659642111,0.1093811986787356,
D_conf_sum,1,1.0,1.0,9388.948717948719,9388.948717948719,9388.948717948719,14955.076923076924,0.4173288274013873,0.304358636789356,0.3608437320953717,0.2831634930106566,0.4217533116331155,0.33656466454533135,0.46079936715263603,0.6379440358636506,0.5322858067195967,0.7417287336901112,0.8597684284268083,0.7942360632360536,0.09677383694274681,
D_conf_sum,2,0.02,2.0,16238.23076923077,324.2564102564103,324.2564102564103,24069.0,0.17868686476622314,1.578823101940294,0.8787549833532586,0.7008228733556797,0.04469023757316141,0.08382808985575556,0.8276215890641885,0.07792248960433316,0.14208422697664053,0.892061378417915,0.18452181501705694,0.3049011108774747,0.014511970291638017,
D_conf_sum,2,0.05,2.0,16238.23076923077,811.4615384615385,811.4615384615385,24069.0,0.18152004918737208,1.2990935652339592,0.7403068072106657,0.6996339375663683,0.10543480867496495,0.1824353853059079,0.820982258288686,0.16651579424252574,0.27546527343981975,0.8949304489453707,0.31728599038241134,0.4659851021761318,0.03558981349771955,
D_conf_sum,2,0.1,2.0,16238.23076923077,1623.2820512820513,1623.2820512820513,24069.0,0.18210131026577447,0.9747710347102834,0.5784361724880289,0.686740781069087,0.1981572300904576,0.3055840168135592,0.8157724046376066,0.2942549474727774,0.4300221355000491,0.8985534417187137,0.4791235908743779,0.622572853041587,0.06686670946777992,
D_conf_sum,2,0.25,2.0,16238.23076923077,4059.230769230769,4059.230769230769,24069.0,0.21395205439878323,0.6213244858296493,0.4176382701142162,0.565393716393485,0.33394534780343266,0.4174698010841253,0.7342103099465127,0.4788368581706298,0.5775570977305006,0.888442920814421,0.6935710892895481,0.7772434507824655,0.11370094804542341,
D_conf_sum,2,0.5,2.0,16238.23076923077,8118.820512820513,8118.820512820513,24069.0,0.27269645504956025,0.36579001470890393,0.31924323487923206,0.42368982937497435,0.41141610013659713,0.41483327475666826,0.61664926585418,0.5985200909691845,0.6045544978886009,0.8478877077355528,0.8255134855340324,0.834075905167881,0.12725154069558917,
D_conf_sum,2,1.0,2.0,16238.23076923077,16238.23076923077,16238.23076923077,24069.0,0.44611232685451985,0.2299338739323713,0.3380231003934456,0.28794626280295726,0.49655531952990445,0.3622553386361322,0.47060482118259683,0.7282646451479733,0.568722677899871,0.7438576012905996,0.905530505738898,0.8133670065445672,0.11184272938517675,
D_conf_sum,4,0.02,4.0,27976.102564102563,559.0512820512821,559.0512820512821,34478.53846153846,0.22681327376324836,1.6887648628835679,0.9577890683234082,0.7430899378154153,0.060879065739507306,0.11234751632947709,0.8174183660515097,0.09702169426418848,0.17307957807767044,0.8531372428690611,0.20311285938807544,0.3262499229599528,0.021705307656319704,
D_conf_sum,4,0.05,4.0,27976.102564102563,1398.3076923076924,1398.3076923076924,34478.53846153846,0.20665289805654324,1.358991075389646,0.7828219867230946,0.7528061095263224,0.13927927588612224,0.2343161888592836,0.8287931750531191,0.19649807753607965,0.31643870166350047,0.8751059745249904,0.3378772067697053,0.4837569379310314,0.053323499088091725,
D_conf_sum,4,0.1,4.0,27976.102564102563,2797.1794871794873,2797.1794871794873,34478.53846153846,0.19841665016373194,0.9942457597438976,0.5963312049538148,0.6989269506634138,0.23808866787858768,0.35350047636684334,0.8148404136391807,0.3323728013467844,0.4695280210986086,0.8934943645826788,0.51560432150293,0.6489148318405545,0.09052013700946987,
D_conf_sum,4,0.25,4.0,27976.102564102563,6993.641025641025,6993.641025641025,34478.53846153846,0.22995794116952475,0.670373112816653,0.4501655269930889,0.5171944247229685,0.3665638649557459,0.4270667798298355,0.6993745821813722,0.5002308104700532,0.5809736073905523,0.8843921180230405,0.6815525238725516,0.7669181060949376,0.1293375002728712,
D_conf_sum,4,0.5,4.0,27976.102564102563,13987.76923076923,13987.76923076923,34478.53846153846,0.2938304844325253,0.32976896829827923,0.3117997263654023,0.3723699146205664,0.45786548744855154,0.40879911380495443,0.5725278795910208,0.6452961307482505,0.6041195157802223,0.8354048143775131,0.8370880626264358,0.8334919163270685,0.13176777809049953,
D_conf_sum,4,1.0,4.0,27976.102564102563,27976.102564102563,27976.102564102563,34478.53846153846,0.4630083391069007,0.22043496621713032,0.3417216526620155,0.25567033757751634,0.5670791875396815,0.3510130788157086,0.4359362789350529,0.7787419334528217,0.5564265444271632,0.72642172564761,0.9111084749335205,0.8057197428455511,0.11207603005573247,
D_conf_sum,8,0.02,8.0,43235.05128205128,864.1282051282051,864.1282051282051,44439.41025641026,0.23044891137860438,1.864730466804491,1.0475896890915475,0.7718342031982807,0.07225641169651936,0.13188684490034083,0.8236477987796074,0.10155379099498592,0.18025053216179635,0.8514096792731837,0.18796302636396,0.3062018703772874,0.030910342264285202,
D_conf_sum,8,0.05,8.0,43235.05128205128,2161.2820512820513,2161.2820512820513,44439.41025641026,0.20434950845646052,1.3930925010797275,0.798721004768094,0.7407912715666555,0.15906493500904126,0.2609270988123967,0.8310052871240712,0.21795431563562204,0.34371741056421945,0.8828434225475149,0.3547107967328359,0.5023106834917456,0.06986074736686697,
D_conf_sum,8,0.1,8.0,43235.05128205128,4323.051282051282,4323.051282051282,44439.41025641026,0.20503672840393417,1.083324809132952,0.644180768768443,0.6304815161641384,0.24658959350791634,0.3528030609644321,0.7763331740472266,0.3340868268102769,0.46464810611628027,0.8963175923393683,0.500194454200525,0.6366882218467526,0.10443895908939474,
D_conf_sum,8,0.25,8.0,43235.05128205128,10808.410256410256,10808.410256410256,44439.41025641026,0.2508086916700479,0.669567761115016,0.460188226392532,0.43474502239274243,0.3613949468118189,0.3930611795998777,0.6414819914776312,0.4957545195489506,0.5573960306175053,0.8728282056727777,0.6659064589965217,0.7531879196595879,0.12821823086972678,
D_conf_sum,8,0.5,8.0,43235.05128205128,21617.25641025641,21617.25641025641,44439.41025641026,0.32612769210808507,0.3340273103081057,0.33007750120809537,0.31052922570830166,0.4677651906963905,0.3717418244545087,0.5156588882182748,0.6545474119204724,0.5743989931873879,0.8120773337669096,0.8312956033876545,0.8190238336760114,0.12307923169604774,
D_conf_sum,8,1.0,8.0,43235.05128205128,43235.05128205128,43235.05128205128,44439.41025641026,0.49866706554683393,0.22666161489920042,0.36266434022301713,0.22077993530652038,0.5980130186474378,0.3213278721812577,0.3970718977570047,0.7893497105302941,0.5260254928211714,0.7009243162261857,0.9018629930092871,0.7864405829011829,0.10471727728414262,
D_conf_sum,16,0.02,15.692307692307692,63183.46153846154,1263.2051282051282,1263.2051282051282,54121.41025641026,0.21949793817471297,1.9324670282357221,1.0759824832052176,0.7800620969337859,0.08539755244356824,0.15357130212041398,0.8339599150828758,0.11394422074475244,0.19987335139217105,0.864019516515255,0.1975996085388769,0.31988226942662834,0.04133241027161134,
D_conf_sum,16,0.05,15.692307692307692,63183.46153846154,3158.6153846153848,3158.6153846153848,54121.41025641026,0.20075196265685577,1.4195140948423526,0.8101330287496041,0.6961114443022562,0.17302928393633787,0.27598602299414154,0.8134146393711051,0.23335329943802613,0.3609708524000184,0.8928454041654592,0.3673793385480136,0.5165871334397268,0.08317983060605855,
D_conf_sum,16,0.1,15.692307692307692,63183.46153846154,6317.923076923077,6317.923076923077,54121.41025641026,0.21205086913812457,1.1150430952194759,0.6635469821788001,0.5635197173177335,0.2516673245638241,0.3461880878543897,0.7361839114991973,0.3353517020286416,0.4586229111552038,0.8986674322427501,0.48539172686166066,0.6264310935325904,0.1135654927128101,
D_conf_sum,16,0.25,15.692307692307692,63183.46153846154,15795.461538461539,15795.461538461539,54121.41025641026,0.27420898146260836,0.6094011845224758,0.4418050829925421,0.3730901138397065,0.3649742959780224,0.3673870088641113,0.5899357004278423,0.49691457453897,0.5375080786304979,0.8577554121525719,0.6692221991120594,0.7493717938994876,0.12543170416617072,
D_conf_sum,16,0.5,15.692307692307692,63183.46153846154,31591.4358974359,31591.4358974359,54121.41025641026,0.3528947758397577,0.3508088956802272,0.35185183575999246,0.2694349214024685,0.48189089920488226,0.3442824636394568,0.4730586941235998,0.6485861945289694,0.5448484951161757,0.7910320605472324,0.8186398108042331,0.8020443545289655,0.11612884910012876,
D_conf_sum,16,1.0,15.692307692307692,63183.46153846154,63183.46153846154,63183.46153846154,54121.41025641026,0.5300885407963448,0.24406370007198197,0.3870761204341634,0.19564779749889213,0.6262834997082993,0.29717326668377153,0.3659460736915323,0.78600627642657,0.4974943752177222,0.6773042952567928,0.8860090561440267,0.7656785928868839,0.09793633681244593,
E_conf_filter50,-1,0.02,23.666666666666668,16702.30769230769,333.56410256410254,333.56410256410254,59403.743589743586,0.2679384916718404,2.430573241773683,1.3492558667227617,0.7629842099778664,0.023762679497290513,0.046031399470127216,0.7970509346583176,0.03974534894463774,0.07549108801160241,0.8108990820806379,0.09263506798247952,0.16504272790745717,0.010523114140648363,
E_conf_filter50,-1,0.05,23.666666666666668,16702.30769230769,834.6666666666666,834.6666666666666,59403.743589743586,0.23502033383754645,2.2160542288098335,1.22553728132369,0.7814159701813634,0.052869233574934976,0.09875229106899185,0.8217989747950162,0.07322356458551381,0.13385367938888673,0.8449132435133577,0.13823518734080023,0.2358771972438341,0.026437481617267125,
E_conf_filter50,-1,0.1,23.666666666666668,16702.30769230769,1669.7948717948718,1669.7948717948718,59403.743589743586,0.21238236015085052,1.887596277738962,1.049989318944906,0.7751915010072254,0.09734673875595432,0.1720852268062847,0.8342638213346774,0.12691551701536566,0.21884406989129837,0.8680957984938464,0.216777521522557,0.34225251050621236,0.05099938182008884,
E_conf_filter50,-1,0.25,23.666666666666668,16702.30769230769,4175.179487179487,4175.179487179487,59403.743589743586,0.19537360198432877,1.3531818663234154,0.7742777341538721,0.6901468187301127,0.1878832971019566,0.2929816663508622,0.8115615626033638,0.24982073205540217,0.37880339048131123,0.8946369189809096,0.39201155412214905,0.5395708638455151,0.09609982631869905,
E_conf_filter50,-1,0.5,23.666666666666668,16702.30769230769,8350.871794871795,8350.871794871795,59403.743589743586,0.22771670592034945,1.1052784606892103,0.6664975833047798,0.5263375695679204,0.264270232039444,0.3481737808073902,0.7193936002729862,0.36111299246672723,0.47652687346756734,0.8852289617345318,0.5002662362066439,0.63453453426469,0.11837692864185936,
E_conf_filter50,-1,1.0,23.666666666666668,16702.30769230769,16702.30769230769,16702.30769230769,59403.743589743586,0.2701212987941964,1.0365270581422332,0.6533241784682148,0.38360429653395883,0.33558185965469634,0.35429999598904216,0.6121097668207452,0.4155761456052879,0.49073456241620644,0.8634748241361191,0.5241889251023533,0.6483052039394639,0.1233980469789163,
E_conf_filter50,1,0.02,1.0,2722.7179487179487,53.97435897435897,53.97435897435897,14955.076923076924,0.26695230983791296,2.0428079670317647,1.154880138434839,0.7100298567731489,0.013584994026639454,0.02664240751397063,0.7443692829937483,0.02647622440020393,0.05108056529111895,0.783991330837857,0.08254848139409941,0.1488214018977542,0.003545792318161096,
E_conf_filter50,1,0.05,1.0,2722.7179487179487,135.64102564102564,135.64102564102564,14955.076923076924,0.25031827740577706,1.8721155962157303,1.0612169368107538,0.7193759525296997,0.03166645487011615,0.06060110826758299,0.7707110694285897,0.05254895020056077,0.09824120751212584,0.8147219467055664,0.13191673421443498,0.22594550450806813,0.009104452255194859,
E_conf_filter50,1,0.1,1.0,2722.7179487179487,271.7692307692308,271.7692307692308,14955.076923076924,0.24352169142894062,1.6975333344835282,0.9705275129562344,0.7257940494711665,0.06059552026180569,0.11163329135182046,0.7778020089933438,0.09046878875486151,0.16162783498210662,0.8287408946433268,0.19103976161729616,0.30878215996345526,0.018111945473141173,
E_conf_filter50,1,0.25,1.0,2722.7179487179487,680.3076923076923,680.3076923076923,14955.076923076924,0.22259263166810797,1.2652774170013525,0.7439350243347302,0.7386560812911097,0.14660337771027018,0.24363181787817317,0.8047875059589262,0.20930892834912088,0.3300894176946009,0.8595584513286108,0.35917441389818583,0.5020301269383226,0.04418911549658701,
E_conf_filter50,1,0.5,1.0,2722.7179487179487,1361.076923076923,1361.076923076923,14955.076923076924,0.20635641769832766,0.8985978026674228,0.5524771101828753,0.7004318148383645,0.23738705984401726,0.35280848962542816,0.8019131863264997,0.3374164059704569,0.47203173394928843,0.8816210353662598,0.5413924352975209,0.6662478645762685,0.0762852964759274,
E_conf_filter50,1,1.0,1.0,2722.7179487179487,2722.7179487179487,2722.7179487179487,14955.076923076924,0.22758239095998903,0.7964015676189247,0.5119919792894568,0.5765898853981574,0.3005475700729735,0.3925598345987246,0.7361597349042311,0.41041833777573944,0.5238382227003537,0.8772727040071714,0.6103247350540809,0.7167794185174216,0.10440882494576798,
E_conf_filter50,2,0.02,2.0,4515.2307692307695,89.7948717948718,89.7948717948718,24069.0,0.1717201634055037,1.788312205015432,0.9800161842104678,0.7360307196265398,0.015301344971977264,0.029958056950725058,0.8448672297911946,0.03385814862276339,0.06505117691215381,0.8864925612258235,0.10836155477181726,0.192813233525807,0.0043555289932424275,
E_conf_filter50,2,0.05,2.0,4515.2307692307695,225.35897435897436,225.35897435897436,24069.0,0.17970789371375778,1.6437437596350064,0.9117258266743818,0.7158982186581669,0.033712077559963485,0.06430411305235399,0.8349491218662507,0.06178740693623679,0.11490443986045346,0.8863794125471651,0.15771167906905342,0.26726126300150205,0.01055568001568377,
E_conf_filter50,2,0.1,2.0,4515.2307692307695,451.1794871794872,451.1794871794872,24069.0,0.18155881632167498,1.4735401923696527,0.8275495043456639,0.714278570306035,0.06360247216721533,0.1165115399843517,0.8266894238222937,0.10422767226110598,0.18465565163195582,0.8894406034790813,0.22650463391829612,0.35996788764383814,0.02095837979182708,
E_conf_filter50,2,0.25,2.0,4515.2307692307695,1128.3589743589744,1128.3589743589744,24069.0,0.18547105117069987,1.1112905578875323,0.6483808045291161,0.7175686710922731,0.15167315531926504,0.2492758596986958,0.8228909630779703,0.22580002200391802,0.35233175289895347,0.8903127379695781,0.3955787883789945,0.5443587539053352,0.051363604924093365,
E_conf_filter50,2,0.5,2.0,4515.2307692307695,2257.3076923076924,2257.3076923076924,24069.0,0.1915750586530473,0.7528332262163715,0.4722041424347094,0.684323713639256,0.2520424961698471,0.3663703036424611,0.8066154725748711,0.3639361257941086,0.49934796266636466,0.89180818491872,0.592663685972343,0.709886667789385,0.08985349999366883,
E_conf_filter50,2,1.0,2.0,4515.2307692307695,4515.2307692307695,4515.2307692307695,24069.0,0.2252872299828271,0.64275441278722,0.4340208213850236,0.5666742036124935,0.3257910634695301,0.4112360848612129,0.7331037230421437,0.4519921156217354,0.5567525158638241,0.8777917942070517,0.6762588501492431,0.7615045863289799,0.12122665528307604,
E_conf_filter50,4,0.02,4.0,7194.974358974359,143.43589743589743,143.43589743589743,34478.53846153846,0.24041591452544317,1.8923770380017977,1.0663964762636204,0.7467387431799704,0.018856983476070052,0.036767857428012994,0.8058491487464822,0.0416231439635029,0.07908518329907281,0.8329955716756233,0.12893676225598627,0.22247072443770058,0.005870029062294127,
E_conf_filter50,4,0.05,4.0,7194.974358974359,359.35897435897436,359.35897435897436,34478.53846153846,0.24086005078373537,1.767973990493685,1.0044170206387102,0.7379961325430653,0.04232961631288764,0.07998187733471954,0.80565305700311,0.07438443156265914,0.13595828138868235,0.8354675212676972,0.1754943014618869,0.28839201625321503,0.014276661486392523,
E_conf_filter50,4,0.1,4.0,7194.974358974359,719.1538461538462,719.1538461538462,34478.53846153846,0.22592998810192702,1.6135923465912994,0.9197611673466133,0.7507716394070031,0.07874066863379287,0.14221747185107989,0.8175984792441208,0.11933376917509647,0.20754079446681473,0.8525570658079391,0.23226739663419543,0.36263335664565327,0.02866535651243183,
E_conf_filter50,4,0.25,4.0,7194.974358974359,1798.3589743589744,1798.3589743589744,34478.53846153846,0.20767903891317063,1.1870734796018434,0.697376259257507,0.7573906952459725,0.176382818020228,0.2849524632040676,0.8288691787379525,0.2437729919030121,0.3745525429176821,0.8749293983495389,0.40191109240351025,0.5453487105619157,0.06835666493057856,
E_conf_filter50,4,0.5,4.0,7194.974358974359,3597.25641025641,3597.25641025641,34478.53846153846,0.2030796698385474,0.827451237453238,0.5152654536458926,0.6879376364489526,0.2780557913346955,0.393686258822533,0.8062301444411576,0.38520657211358444,0.5179590176055354,0.8882048474278068,0.5958505862729349,0.7077605686242121,0.10935244559699814,
E_conf_filter50,4,1.0,4.0,7194.974358974359,7194.974358974359,7194.974358974359,34478.53846153846,0.2358061393183069,0.7189626654640121,0.4773844023911595,0.524177539386212,0.35420330033202546,0.42040874384652016,0.7063787668316992,0.48134960552387596,0.5694064270201122,0.8771381685079465,0.6646975495649915,0.7523665687734405,0.13194950868614028,
E_conf_filter50,8,0.02,8.0,9839.589743589744,196.3846153846154,196.3846153846154,44439.41025641026,0.27200016101516533,2.1525456093362445,1.212272885175705,0.7492567093935578,0.020841107866983052,0.04052696532668662,0.7861197410626414,0.04195468200754331,0.07942148413548106,0.8032092774747772,0.11083282242278653,0.19272700211404084,0.007273015131368975,
E_conf_filter50,8,0.05,8.0,9839.589743589744,491.4871794871795,491.4871794871795,44439.41025641026,0.2557648284186954,2.0121405056428814,1.1339526670307885,0.7606465657495837,0.044792909623552785,0.08446553514104466,0.8020869194907309,0.07027348042670112,0.1286588300428327,0.8236447809295327,0.14824446696676846,0.24877942792601304,0.018205547847342494,
E_conf_filter50,8,0.1,8.0,9839.589743589744,983.5128205128206,983.5128205128206,44439.41025641026,0.23184015196011,1.8048763823097647,1.0183582671349372,0.7691053414302177,0.08220360479889766,0.1481304874480465,0.8204611935779625,0.11398313122883061,0.19926584494200228,0.849625450133193,0.20613132577367205,0.3292640965174002,0.035839691035998954,
E_conf_filter50,8,0.25,8.0,9839.589743589744,2459.4871794871797,2459.4871794871797,44439.41025641026,0.20532043017774493,1.2791302665218542,0.7422253483497995,0.7472643196188411,0.17806904471703333,0.2863224912594035,0.8299398669050586,0.2396218054206264,0.3695781933287443,0.8800457587476782,0.3909150505186045,0.5350133892647823,0.07937644297328039,
E_conf_filter50,8,0.5,8.0,9839.589743589744,4919.51282051282,4919.51282051282,44439.41025641026,0.20960210062739748,0.9522222654356468,0.5809121830315221,0.6307300943958078,0.26678914148681643,0.3728397764587325,0.7780773038678678,0.370116239022473,0.4982502489109268,0.8892407072994791,0.5527749111881963,0.6757279252497501,0.11436563279419115,
E_conf_filter50,8,1.0,8.0,9839.589743589744,9839.589743589744,9839.589743589744,44439.41025641026,0.2491103729824374,0.8549777929718538,0.5520440829771456,0.4604005966051642,0.3408211136177548,0.3895058376185087,0.6654001506101311,0.45975105766403107,0.5402602485563389,0.8726533088706884,0.6024612700180983,0.7080348165579584,0.12775903434305896,
E_conf_filter50,16,0.02,15.692307692307692,13476.666666666666,269.05128205128204,269.05128205128204,54121.41025641026,0.2792761330705886,2.352498415788741,1.3158872744296648,0.7534611326400663,0.02240101546097014,0.043469819704730475,0.7873982305241415,0.04027248697027962,0.07633182725316667,0.8017111928203388,0.09724363505366228,0.17165323912920313,0.00914868367535723,
E_conf_filter50,16,0.05,15.692307692307692,13476.666666666666,673.4102564102565,673.4102564102565,54121.41025641026,0.2436778102345996,2.1668679213668987,1.2052728658007492,0.7773907309622557,0.049234246667578314,0.0924305938365468,0.8160862492563032,0.07083097018168484,0.12982175949280278,0.8369181679085312,0.1384553989870242,0.2358402138435339,0.023074689135299,
E_conf_filter50,16,0.1,15.692307692307692,13476.666666666666,1347.3333333333333,1347.3333333333333,54121.41025641026,0.22179270757809,1.8839105797432438,1.052851643660667,0.7768725748525149,0.09091240269147079,0.16223149137233847,0.8305108139026165,0.12004139316165793,0.20878638523004506,0.8607708254523027,0.20610461154448723,0.3297917979540092,0.04502840519891402,
E_conf_filter50,16,0.25,15.692307692307692,13476.666666666666,3368.846153846154,3368.846153846154,54121.41025641026,0.19886025324861878,1.331381342035904,0.7651207976422614,0.717189432827771,0.1836258659894499,0.29093308741549295,0.8219388601172094,0.24442641720120342,0.3743003410922618,0.8896729987458705,0.3899172752435172,0.536304663020499,0.09046600007547297,
E_conf_filter50,16,0.5,15.692307692307692,13476.666666666666,6738.076923076923,6738.076923076923,54121.41025641026,0.2195720307758203,1.0559561976416187,0.6377641142087195,0.5627366554774621,0.26315821127568345,0.3564671759667528,0.7394836069863332,0.36287093503030415,0.4833697913218552,0.8880075919582717,0.5180027453473549,0.6488305579839891,0.11787303631199364,
E_conf_filter50,16,1.0,15.692307692307692,13476.666666666666,13476.666666666666,13476.666666666666,54121.41025641026,0.2627363739674654,0.979554349940829,0.6211453619541472,0.40673036355012204,0.3338966916876097,0.36439694672178413,0.6274855544893188,0.43110028333786615,0.5068054410860023,0.8664718280858653,0.5474276591587531,0.6661864502142573,0.12450172251371353,
E_conf_filter75,-1,0.02,23.666666666666668,9200.0,183.56410256410257,183.56410256410257,59403.743589743586,0.23298858310257856,2.4914619608185324,1.3622252719605557,0.7988577046200762,0.015346312449489048,0.030085974620012272,0.8396531722941531,0.029674136641179894,0.0572000330352979,0.8457330781906507,0.07827284157368428,0.14254345327031095,0.0060819128217492625,
E_conf_filter75,-1,0.05,23.666666666666668,9200.0,459.53846153846155,459.53846153846155,59403.743589743586,0.22528877736072425,2.3580686460029754,1.2916787116818498,0.7892935892275249,0.03172559392230687,0.06087466938247974,0.8375391466271666,0.049100773965656874,0.09248241745415632,0.8487916833854618,0.10597054818081177,0.1873524123892951,0.01493902149719986,
E_conf_filter75,-1,0.1,23.666666666666668,9200.0,919.5128205128206,919.5128205128206,59403.743589743586,0.21034598373950886,2.15878544466045,1.1845657141999795,0.7937422246951196,0.05790071648964133,0.1075196880552437,0.8457771186899689,0.07874026792128086,0.14343021689219504,0.86455135097901,0.14676820502915947,0.24950150071721133,0.029524357176163012,
E_conf_filter75,-1,0.25,23.666666666666668,9200.0,2299.5897435897436,2299.5897435897436,59403.743589743586,0.19625261668602326,1.6295429621995996,0.9128977894428115,0.7756442536412442,0.12481497246850062,0.21361703474576493,0.8431576532626573,0.16137592406673562,0.26875176012406926,0.8816157813003469,0.27029648730341915,0.40903298806559163,0.0664282263432716,
E_conf_filter75,-1,0.5,23.666666666666668,9200.0,4599.717948717948,4599.717948717948,59403.743589743586,0.20834789108166185,1.231542867240616,0.7199453791611389,0.6761842753996938,0.19246729828483103,0.29668055190277604,0.79368261988878,0.2643875407777151,0.3923855117996078,0.8821136872125279,0.423846363617179,0.5661560536885542,0.09766889379087701,
E_conf_filter75,-1,1.0,23.666666666666668,9200.0,9200.0,9200.0,59403.743589743586,0.25037329222665444,1.0782251232985307,0.6642992077625925,0.4992179988060555,0.2579135456279372,0.3359848849911474,0.694911703147578,0.35721562869984297,0.4667189178970501,0.8664919497158632,0.5011522039210362,0.6302053692795818,0.11257355167284143,
E_conf_filter75,1,0.02,1.0,1716.4358974358975,33.84615384615385,33.84615384615385,14955.076923076924,0.21673854341117554,2.1054864484997835,1.1611124959554795,0.7615777216341226,0.010034857509640806,0.01979437432142628,0.8090515541712063,0.02111082764204014,0.0411040684798703,0.8373049219779239,0.06991183484036426,0.12870902870152712,0.0024275719181609426,
E_conf_filter75,1,0.05,1.0,1716.4358974358975,85.38461538461539,85.38461538461539,14955.076923076924,0.2326938196693424,1.953433212072169,1.0930635158707556,0.7354042593913501,0.022562568475469665,0.043706114973311325,0.7895741069479798,0.04071281915868726,0.07721101644779538,0.8251897783910945,0.10674952300410971,0.18826110901454657,0.006031242600964383,
E_conf_filter75,1,0.1,1.0,1716.4358974358975,171.2051282051282,171.2051282051282,14955.076923076924,0.22431845044295706,1.7605798547530738,0.9924491525980156,0.7518596987205415,0.04601264109331202,0.08641984159201525,0.8027114275021794,0.07451382113473867,0.13555127354598753,0.8414939449976719,0.16274774476921286,0.2710785584413688,0.012132518780843293,
E_conf_filter75,1,0.25,1.0,1716.4358974358975,428.7435897435897,428.7435897435897,14955.076923076924,0.21486885339671255,1.3551082856167644,0.7849885695067385,0.7665864266078157,0.10937828380798638,0.1901649492200095,0.8104733589476917,0.16866606894543743,0.27660640550198007,0.8563986456213053,0.3020550147635805,0.44256392190706323,0.02995545684292829,
E_conf_filter75,1,0.5,1.0,1716.4358974358975,857.9230769230769,857.9230769230769,14955.076923076924,0.20180631571291624,1.0155926668832587,0.6086994912980875,0.7533077144574155,0.185103512190238,0.29468045153872546,0.8151162909884946,0.27287646350936584,0.40486753221036437,0.8751944481708034,0.4519370419736103,0.5902685587247202,0.055358480858550434,
E_conf_filter75,1,1.0,1.0,1716.4358974358975,1716.4358974358975,1716.4358974358975,14955.076923076924,0.21121123406134493,0.8939059027858479,0.5525585684235964,0.682055967343861,0.24897934017057333,0.36010678727323836,0.7871610970946747,0.3362199109504051,0.46545763707653576,0.8766877464403311,0.5277306601731695,0.6519961980934721,0.08694861263977947,
E_conf_filter75,2,0.02,2.0,2563.358974358974,50.82051282051282,50.82051282051282,24069.0,0.12659562925851547,1.8815844201472862,1.0040900247029008,0.7921885484487711,0.009753067988244846,0.019244848491266224,0.9131733368169423,0.02300128482163727,0.04479741455584479,0.9384667173321041,0.0812315805577762,0.14899388778467107,0.002675243954217244,
E_conf_filter75,2,0.05,2.0,2563.358974358974,127.58974358974359,127.58974358974359,24069.0,0.14352289274474708,1.7534708328372561,0.9484968627910018,0.7540469858190203,0.020815943728751563,0.04040691016292829,0.8851743964017927,0.04072737828877244,0.07761860151218772,0.9190401568862061,0.1162459574434131,0.20553557612864454,0.00623905397047081,
E_conf_filter75,2,0.1,2.0,2563.358974358974,255.84615384615384,255.84615384615384,24069.0,0.16250682172911882,1.5987078795280276,0.8806073506285733,0.7401552553647656,0.03945163013949046,0.07456455429905466,0.8607406006568386,0.06956323433000271,0.1278464021261581,0.9044316898317877,0.1665872945403014,0.27949612851109074,0.012375550657814002,
E_conf_filter75,2,0.25,2.0,2563.358974358974,640.4102564102565,640.4102564102565,24069.0,0.17882886425531389,1.247220366139149,0.7130246151972315,0.7530781821467404,0.09995801099880915,0.1749848045186338,0.8377511970731835,0.16160535708890375,0.26776419382442523,0.8884416620662057,0.3057247207432067,0.4510816482853588,0.0317575982672902,
E_conf_filter75,2,0.5,2.0,2563.358974358974,1281.4358974358975,1281.4358974358975,24069.0,0.18420038596237912,0.9257447210301708,0.554972553496275,0.7467969140896553,0.17731574413276524,0.2837665300182247,0.8282705925493349,0.2667494715317682,0.3991796437007971,0.8876575211959697,0.45678128758835146,0.5986719627795427,0.06024026164063909,
E_conf_filter75,2,1.0,2.0,2563.358974358974,2563.358974358974,2563.358974358974,24069.0,0.207728248565073,0.7762165003603708,0.49197237446272185,0.6740845757962131,0.24473323045251982,0.3545180480574136,0.7885712355069431,0.3405423229572238,0.47045607123727695,0.8788486831374501,0.5557499944821677,0.6764730596226566,0.09466897467196568,
E_conf_filter75,4,0.02,4.0,4322.282051282052,85.97435897435898,85.97435897435898,34478.53846153846,0.179599790506048,1.9433188820999452,1.0614593363029965,0.7896843875597014,0.012704822333822589,0.02498775193315885,0.8773496210945828,0.030703555933442372,0.059270591816902765,0.8958346727694882,0.10864184920138399,0.1934229094091419,0.0037921116322273997,
E_conf_filter75,4,0.05,4.0,4322.282051282052,215.69230769230768,215.69230769230768,34478.53846153846,0.1911039256095815,1.8311554579281017,1.0111296917688417,0.7617564455184436,0.028027471848727396,0.053987935476820625,0.860301033579199,0.05534163627768011,0.10379658240809506,0.8841067576757896,0.14692691911587885,0.2512543527106778,0.008891727341796366,
E_conf_filter75,4,0.1,4.0,4322.282051282052,431.84615384615387,431.84615384615387,34478.53846153846,0.20587943854983265,1.702063537405017,0.9539714879774248,0.760647467479946,0.05291979999969664,0.09864368331430096,0.8444908543542419,0.08953651392505063,0.16105584131766718,0.8705951938544205,0.19207118653194682,0.3128877448317907,0.017575875479996315,
E_conf_filter75,4,0.25,4.0,4322.282051282052,1080.179487179487,1080.179487179487,34478.53846153846,0.20371698744504374,1.3442889397419193,0.7740029635934815,0.781650135897487,0.12183949439708873,0.20944660615940508,0.8408643370254165,0.178327141985916,0.29149229558722656,0.8714827032187902,0.3133028583443889,0.4572592945155884,0.04448990048804956,
E_conf_filter75,4,0.5,4.0,4322.282051282052,2160.871794871795,2160.871794871795,34478.53846153846,0.19914360120046534,0.9728410050470134,0.5859923031237394,0.7703811660066026,0.20906353953579276,0.32630808595836247,0.8362457879848767,0.29019963678408023,0.42730908041465615,0.8793775878405807,0.4746917807354438,0.6113829591291841,0.08093326532281495,
E_conf_filter75,4,1.0,4.0,4322.282051282052,4322.282051282052,4322.282051282052,34478.53846153846,0.22175949453477642,0.7817149759841668,0.5017372352594717,0.6445658834497011,0.2806079403047757,0.38745261059370034,0.7715831612548932,0.3892044193110518,0.5139319129626817,0.8734433115036012,0.6121582558770174,0.715425047551626,0.11404859698142786,
E_conf_filter75,8,0.02,8.0,5755.307692307692,114.66666666666667,114.66666666666667,44439.41025641026,0.20985225870018717,2.1846100176395664,1.1972311381698768,0.8106812742710456,0.014413562001295,0.02830651397880544,0.8588595489593291,0.034143579132120294,0.0655646107302561,0.8665567880106343,0.10102430420366225,0.1798217947626298,0.004580105350632292,
E_conf_filter75,8,0.05,8.0,5755.307692307692,287.3333333333333,287.3333333333333,44439.41025641026,0.22208009618377497,2.08625611257958,1.1541681043816776,0.7817320675975266,0.029747360957946327,0.05722835329532341,0.8389553854074623,0.05346584419056933,0.10016666042438123,0.8520114236935117,0.12630663120476873,0.21836147209612405,0.010978399850752395,
E_conf_filter75,8,0.1,8.0,5755.307692307692,575.0769230769231,575.0769230769231,44439.41025641026,0.21792091586938397,1.944945448064077,1.0814331819667307,0.778371646977187,0.05337918659051942,0.09960083366262824,0.837588865212621,0.08118398765004385,0.14724306459637584,0.8579504247748029,0.162733754248133,0.27163126194502907,0.021492525429319245,
E_conf_filter75,8,0.25,8.0,5755.307692307692,1438.4615384615386,1438.4615384615386,44439.41025641026,0.20608038766285633,1.5312401524867465,0.8686602700748014,0.7839971626675931,0.11892616189674118,0.20555057201552382,0.8421392364942955,0.1601752618006137,0.26742719610006443,0.87127924764879,0.2749176056555271,0.41467910579581907,0.051995307661411055,
E_conf_filter75,8,0.5,8.0,5755.307692307692,2877.4102564102564,2877.4102564102564,44439.41025641026,0.20178055460099478,1.1107182915672758,0.6562494230841353,0.7483223971663763,0.19927041481535537,0.31276990341618277,0.8275590862687536,0.2693754869833101,0.4034016274025037,0.8798678271425637,0.44112561399344674,0.5815360108447766,0.08918244022099409,
E_conf_filter75,8,1.0,8.0,5755.307692307692,5755.307692307692,5755.307692307692,44439.41025641026,0.23255350319477847,0.9013106162500213,0.5669320597223998,0.5834681528903738,0.2686339096020098,0.3650978537030259,0.7406441187942364,0.3851479945094983,0.5029454097061538,0.8713294768855929,0.5710090236767875,0.6842077579327374,0.11385291126931515,
E_conf_filter75,16,0.02,15.692307692307692,7534.846153846154,150.2051282051282,150.2051282051282,54121.41025641026,0.23146328998194995,2.4025112902969665,1.3169872901394584,0.7933890007906249,0.01466107242786303,0.028769935818935045,0.8399177480903008,0.03128999321780498,0.06014738256104484,0.8470016516474851,0.08489131810013635,0.15314427298273806,0.005362752720610497,
E_conf_filter75,16,0.05,15.692307692307692,7534.846153846154,376.1794871794872,376.1794871794872,54121.41025641026,0.22740812296913013,2.2852697511428866,1.2563389370560083,0.78726262558792,0.030530042014115334,0.0586925062026039,0.8372583568613016,0.04975263734920325,0.09361591842450566,0.8480472438462624,0.11018782735682767,0.19379048855422384,0.013258382813844855,
E_conf_filter75,16,0.1,15.692307692307692,7534.846153846154,752.9230769230769,752.9230769230769,54121.41025641026,0.215429043469831,2.106592655603453,1.161010849536642,0.7903974670841855,0.05522005953250657,0.10296422076285744,0.8428733428673605,0.07766866428255294,0.1416594554870385,0.8600101075514528,0.1483012862228296,0.2515271030086944,0.026184561113539093,
E_conf_filter75,16,0.25,15.692307692307692,7534.846153846154,1883.2820512820513,1883.2820512820513,54121.41025641026,0.20115536564703726,1.6182464722367036,0.9097009189418704,0.7851727940237705,0.12162392881334567,0.2097023346135456,0.8456338063909675,0.15757685570246954,0.26421159250714976,0.8778147844668913,0.26543618789030543,0.4039645449268119,0.06099833420371402,
E_conf_filter75,16,0.5,15.692307692307692,7534.846153846154,3767.1794871794873,3767.1794871794873,54121.41025641026,0.20512942911024842,1.2003298250477332,0.7027296270789909,0.7064988217912704,0.193170872786238,0.30148060119688963,0.8082734633458051,0.26163578874699084,0.3922661186595378,0.88154859237516,0.42537902938158023,0.5672243901958363,0.09536810134187211,
E_conf_filter75,16,1.0,15.692307692307692,7534.846153846154,7534.846153846154,7534.846153846154,54121.41025641026,0.24339007412393143,1.0224216166743658,0.6329058453991485,0.5246175638653684,0.2585245833997076,0.3436113974348275,0.7085160657772023,0.3673061072087539,0.47906513834662545,0.867850370324017,0.5229639925375363,0.6469423867121672,0.1126091954634391,
oracle,-1,0.02,23.666666666666668,77800.20512820513,1555.5128205128206,1555.5128205128206,59403.743589743586,0.019364377428218067,0.43594133774908994,0.22765285758865397,1.0,0.25070638222940805,0.3992892979784149,1.0,0.4908756697259313,0.6564339720052463,1.0,0.7690461964687996,0.8661565701931389,0.07940399259863448,
oracle,-1,0.05,23.666666666666668,77800.20512820513,3889.4615384615386,3889.4615384615386,59403.743589743586,0.027309525191154985,0.3618472762202799,0.19457840070571744,1.0,0.44230007779836145,0.6114035066936264,1.0,0.6360395454202736,0.7752949527927209,1.0,0.8149081833774111,0.8946110716200335,0.18950765860480628,
oracle,-1,0.1,23.666666666666668,77800.20512820513,7779.538461538462,7779.538461538462,59403.743589743586,0.037774227862370426,0.3161606651135574,0.17696744648796392,0.9955696072638119,0.5813774031360537,0.7313469018883223,1.0,0.7144157342495069,0.8302205752214855,1.0,0.838018600947218,0.9083116320150167,0.3250950169730273,
oracle,-1,0.25,23.666666666666668,77800.20512820513,19449.666666666668,19449.666666666668,59403.743589743586,0.07736954775394336,0.2780441537314652,0.17770685074270426,0.7413837160356826,0.6359509068260635,0.6797679528337618,0.9782509131510142,0.7664441780326902,0.8570795440458568,1.0,0.8615732185000718,0.9220286262496332,0.27839533697705515,
oracle,-1,0.5,23.666666666666668,77800.20512820513,38899.846153846156,38899.846153846156,59403.743589743586,0.15974417385042644,0.2582874167168476,0.20901579528363703,0.3729521104416406,0.6360548669657784,0.4670265757013202,0.7058634179052857,0.7796983150520189,0.737133720687526,0.9844573341526219,0.8750195077846468,0.924138529814457,0.16940423301356283,
oracle,-1,1.0,23.666666666666668,77800.20512820513,77800.20512820513,77800.20512820513,59403.743589743586,0.547640544545439,0.25127850058179135,0.39945952256361517,0.186474408642074,0.6360548669657784,0.28695517279766947,0.3534501483622818,0.7796991899334724,0.4842339191247166,0.6654887791981389,0.878501704320231,0.7551472718878601,0.09510957775569889,
oracle,1,0.02,1.0,9388.948717948719,187.23076923076923,187.23076923076923,14955.076923076924,0.01445035553352365,0.7045882615590146,0.3595193085462691,1.0,0.07729599361783905,0.14314474376248315,1.0,0.18997408802683732,0.31857155110879504,1.0,0.4927402174905042,0.6576796699610316,0.021504970936434442,
oracle,1,0.05,1.0,9388.948717948719,469.0,469.0,14955.076923076924,0.022644616316343662,0.5829199042680605,0.30278226029220207,1.0,0.16835584806783696,0.2878437975386405,1.0,0.31472895023496533,0.47753496242178256,1.0,0.6175397423807498,0.760440846656793,0.05245868626911195,
oracle,1,0.1,1.0,9388.948717948719,938.4871794871794,938.4871794871794,14955.076923076924,0.030637932759784173,0.49275900629273295,0.2616984695262585,1.0,0.27705497887266123,0.43317585538971276,1.0,0.4332400783815285,0.6034198056080727,1.0,0.7050371303124852,0.8253887700056356,0.1014802258937605,
oracle,1,0.25,1.0,9388.948717948719,2346.871794871795,2346.871794871795,14955.076923076924,0.05118970217466775,0.39406242247194856,0.22262606232330817,0.9503135168575241,0.4095170068705213,0.5708800856463851,1.0,0.5675618905362563,0.722394779454181,1.0,0.7844390683781794,0.8777544303782924,0.16869898905115635,
oracle,1,0.5,1.0,9388.948717948719,4694.25641025641,4694.25641025641,14955.076923076924,0.10741536355885686,0.33189373610748985,0.2196545498331733,0.5663523409406083,0.4217533116331155,0.48012457697810645,0.8752917792518625,0.6343360617076126,0.7325127766576732,1.0,0.8389160012086285,0.9108414026606179,0.13804096086614726,
oracle,1,1.0,1.0,9388.948717948719,9388.948717948719,9388.948717948719,14955.076923076924,0.4173288274013873,0.304358636789356,0.3608437320953717,0.2831634930106566,0.4217533116331155,0.33656466454533135,0.46079936715263603,0.6379440358636506,0.5322858067195967,0.7417287336901112,0.8597684284268083,0.7942360632360536,0.09677383694274681,
oracle,2,0.02,2.0,16238.23076923077,324.2564102564103,324.2564102564103,24069.0,0.01493410164637786,0.5570521521572113,0.2859931269017946,1.0,0.09991852200460444,0.18139932603056996,1.0,0.25012524007814535,0.3992216539312094,1.0,0.6075770070358177,0.7539214167944751,0.02722733139270505,
oracle,2,0.05,2.0,16238.23076923077,811.4615384615385,811.4615384615385,24069.0,0.02263366371207209,0.43955726951597324,0.23109546661402264,1.0,0.2091827725600741,0.3453437982329313,1.0,0.4033175584167875,0.5732074920631427,1.0,0.7353393685783268,0.8461548958943333,0.0662039267755519,
oracle,2,0.1,2.0,16238.23076923077,1623.2820512820513,1623.2820512820513,24069.0,0.030050860674435454,0.37432048218192626,0.20218567142818086,1.0,0.33287683947659924,0.4982254438186178,1.0,0.5226070836679454,0.6849812390766754,1.0,0.7919060342541066,0.8829671735497201,0.1294156376185764,
oracle,2,0.25,2.0,16238.23076923077,4059.230769230769,4059.230769230769,24069.0,0.05093400694985059,0.2933899523890576,0.17216197966945407,0.946793037480166,0.4791129817941342,0.6343073763893846,1.0,0.6622642731183483,0.7954857925906496,1.0,0.8531936838444603,0.9200265519243376,0.2117310009928576,
oracle,2,0.5,2.0,16238.23076923077,8118.820512820513,8118.820512820513,24069.0,0.1072569505705465,0.2488551022212296,0.17805602639588808,0.5759153593068898,0.49655531952990445,0.5296655510687206,0.8831489449854687,0.7246476285672797,0.7930710295085613,0.9959596211922291,0.8910692755019156,0.9398235227206779,0.16745442801449656,
oracle,2,1.0,2.0,16238.23076923077,16238.23076923077,16238.23076923077,24069.0,0.4461123268545198,0.2299338739323713,0.3380231003934456,0.28794626280295726,0.49655531952990445,0.3622553386361322,0.47060482118259683,0.7282646451479733,0.568722677899871,0.7438576012905996,0.905530505738898,0.8133670065445672,0.11184272938517675,
oracle,4,0.02,4.0,27976.102564102563,559.0512820512821,559.0512820512821,34478.53846153846,0.016388369580550073,0.4722614144954416,0.24432489203799584,1.0,0.14353905578143264,0.25070986147119495,1.0,0.34513337060974564,0.5123278385283481,1.0,0.7144607438822151,0.8321262856474784,0.038136441993621824,
oracle,4,0.05,4.0,27976.102564102563,1398.3076923076924,1398.3076923076924,34478.53846153846,0.023881300141443684,0.3779963370982313,0.2009388186198375,1.0,0.283421181480713,0.44096199032238115,1.0,0.5141648908548919,0.6779288443819532,1.0,0.8028793420928393,0.8896365435529093,0.09125916407654988,
oracle,4,0.1,4.0,27976.102564102563,2797.1794871794873,2797.1794871794873,34478.53846153846,0.03160315519934506,0.32186710139087965,0.17673512829511237,1.0,0.42614555346999056,0.5966826227349324,1.0,0.6293513888275738,0.7716053435923793,1.0,0.837967133407125,0.910870696804837,0.17374078627784387,
oracle,4,0.25,4.0,27976.102564102563,6993.641025641025,6993.641025641025,34478.53846153846,0.056070265393029825,0.2626440010512987,0.15935713322216424,0.9152511959735137,0.5598360865401636,0.692795200684215,1.0,0.7390035256030763,0.8487256270141055,1.0,0.8773901399318816,0.9336113191839402,0.24726955635083409,
oracle,4,0.5,4.0,27976.102564102563,13987.76923076923,13987.76923076923,34478.53846153846,0.118617842391406,0.23128027187118008,0.17494905713129305,0.5113513035942074,0.5670791875396815,0.5351804206767594,0.8464942207007292,0.7780083028392872,0.8078565938346168,0.9991425584645924,0.9022351099763869,0.9470773677160198,0.17864038401118087,
oracle,4,1.0,4.0,27976.102564102563,27976.102564102563,27976.102564102563,34478.53846153846,0.4630083391069007,0.22043496621713032,0.3417216526620155,0.25567033757751634,0.5670791875396815,0.3510130788157086,0.4359362789350529,0.7787419334528217,0.5564265444271632,0.72642172564761,0.9111084749335205,0.8057197428455511,0.11207603005573247,
oracle,8,0.02,8.0,43235.05128205128,864.1282051282051,864.1282051282051,44439.41025641026,0.017638711455571197,0.4425123478801207,0.23007552966784595,1.0,0.18431864537696926,0.3107980452945798,1.0,0.4170312850232162,0.5877579107601562,1.0,0.7560465033869094,0.8595441674057926,0.05176779644962107,
oracle,8,0.05,8.0,43235.05128205128,2161.2820512820513,2161.2820512820513,44439.41025641026,0.02525996758155586,0.3583759605356627,0.19181796405860926,1.0,0.3477994825700711,0.5153005935453426,1.0,0.5845489630246525,0.7367749065653835,1.0,0.8216193999245743,0.9004600626328456,0.12353124920091957,
oracle,8,0.1,8.0,43235.05128205128,4323.051282051282,4323.051282051282,44439.41025641026,0.033938431376840245,0.3092263707964707,0.17158240108665546,1.0,0.4957673971757139,0.6620982980487536,1.0,0.6838419504413331,0.8110547318986963,1.0,0.8477598995706686,0.9158998584415203,0.22930245324594978,
oracle,8,0.25,8.0,43235.05128205128,10808.410256410256,10808.410256410256,44439.41025641026,0.06501137202531317,0.25727996798059627,0.1611456700029547,0.8464253848525339,0.5962532107668801,0.6970677645313098,0.9981065049554425,0.7661097806062447,0.8650602813261933,1.0,0.8794821897262384,0.9341045789432465,0.2635970500883067,
oracle,8,0.5,8.0,43235.05128205128,21617.25641025641,21617.25641025641,44439.41025641026,0.13622342145563993,0.23532970881270784,0.1857765651341739,0.4415660887232327,0.5980130186474378,0.5056759476192471,0.786427190696267,0.7891802420646642,0.7843175348514793,0.99578796389459,0.8965552312921585,0.9418625461243152,0.17551179644900575,
oracle,8,1.0,8.0,43235.05128205128,43235.05128205128,43235.05128205128,44439.41025641026,0.49866706554683393,0.22666161489920042,0.36266434022301713,0.22077993530652038,0.5980130186474378,0.3213278721812577,0.3970718977570047,0.7893497105302941,0.5260254928211714,0.7009243162261857,0.9018629930092871,0.7864405829011829,0.10471727728414262,
oracle,16,0.02,15.692307692307692,63183.46153846154,1263.2051282051282,1263.2051282051282,54121.41025641026,0.018846904640414244,0.4345152121652038,0.22668105840280903,1.0,0.22910185507170738,0.3722826832914052,1.0,0.4739423115935459,0.6420683067025343,1.0,0.773041501387337,0.8694614583058142,0.06900307712774238,
oracle,16,0.05,15.692307692307692,63183.46153846154,3158.6153846153848,3158.6153846153848,54121.41025641026,0.026663885668936346,0.3583071068029046,0.19248549623592048,1.0,0.41468766766683884,0.5854508936832415,1.0,0.6288268051738695,0.770716765114116,1.0,0.8212521673660914,0.8991610249167393,0.16468944484359707,
oracle,16,0.1,15.692307692307692,63183.46153846154,6317.923076923077,6317.923076923077,54121.41025641026,0.03636304021759392,0.31255866842428914,0.17446085432094152,1.0,0.5595202411928211,0.7161915289051521,1.0,0.7121419291950488,0.8296278385440852,1.0,0.8438348796940054,0.9123936722865605,0.29280089654957914,
oracle,16,0.25,15.692307692307692,63183.46153846154,15795.461538461539,15795.461538461539,54121.41025641026,0.07324209963824127,0.27180389877358385,0.17252299920591255,0.7760295413795466,0.6261109278893174,0.6899576367304173,0.9876256460642804,0.771017069978521,0.8636767654281311,1.0,0.8685136673048734,0.9266599615030645,0.2745630553726898,
oracle,16,0.5,15.692307692307692,63183.46153846154,31591.4358974359,31591.4358974359,54121.41025641026,0.15179074392907402,0.2518723764984768,0.20183156021377543,0.39129970013174625,0.6262834997082993,0.4795534284156731,0.7303425746100505,0.7860053908179754,0.7539044765246576,0.9905569889917797,0.8821135165776588,0.9308183511250715,0.1715203123548483,
oracle,16,1.0,15.692307692307692,63183.46153846154,63183.46153846154,63183.46153846154,54121.41025641026,0.5300885407963448,0.24406370007198197,0.3870761204341634,0.19564779749889213,0.6262834997082993,0.29717326668377153,0.3659460736915323,0.78600627642657,0.4974943752177222,0.6773042952567928,0.8860090561440267,0.7656785928868839,0.09793633681244593,
