method,N_req,frac,N,n_cand,kept,n_pred,n_ref,acc,comp,chamfer,precision@0.1,recall@0.1,f1@0.1,precision@0.2,recall@0.2,f1@0.2,precision@0.5,recall@0.5,f1@0.5,iou,grid_voxel
A_point,-1,0.02,23.666666666666668,84042.51282051283,1680.3076923076924,1680.3076923076924,59403.743589743586,0.20618772999304222,1.8912909461782839,1.048739338085663,0.7838520238003057,0.10651572875774096,0.18673513000547518,0.828927579675616,0.13665242486405263,0.23379173879649337,0.8683861619178137,0.22230114994766184,0.3519063045906798,0.052611044347141825,
A_point,-1,0.05,23.666666666666668,84042.51282051283,4201.717948717948,4201.717948717948,59403.743589743586,0.21279375955028776,1.4365100008925968,0.8246518802214424,0.6842995604665213,0.19889708958240812,0.3064866793163945,0.7922984466003267,0.25471631006269657,0.38314886220259226,0.8778310913771008,0.36834004168693446,0.5147615570941887,0.10102887348322054,
A_point,-1,0.1,23.666666666666668,84042.51282051283,8403.871794871795,8403.871794871795,59403.743589743586,0.22863014002351215,1.0753550666059184,0.6519926033147153,0.5676912638192001,0.287967686356787,0.37965886734088333,0.7303839702030944,0.3681192232251084,0.48654763046752436,0.8800194956956324,0.49218702041901125,0.6280659654895406,0.13365913348765304,
A_point,-1,0.25,23.666666666666668,84042.51282051283,21010.17948717949,21010.17948717949,59403.743589743586,0.28724152398836766,0.5423081195337088,0.4147748217610383,0.4049499803233256,0.42656844964387647,0.41227907477812326,0.5974537512583393,0.5377702305531618,0.5624595005887948,0.8373710161602325,0.6970921458161649,0.7573354204001334,0.15022371192403616,
A_point,-1,0.5,23.666666666666668,84042.51282051283,42021.02564102564,42021.02564102564,59403.743589743586,0.40214929746603373,0.32753249035062504,0.36484089390832936,0.2891261011304504,0.5413215284772307,0.37371917964342594,0.4675820621633206,0.6759051497658569,0.5485115673820159,0.7491817091809412,0.8267071026204397,0.7831532180257355,0.1320446925328744,
A_point,-1,1.0,23.666666666666668,84042.51282051283,84042.51282051283,84042.51282051283,59403.743589743586,0.6045948985061248,0.24609129909241304,0.4253430987992689,0.19922247917276797,0.6622436542814445,0.30401428022655314,0.34547999199156376,0.7798093618857774,0.47539493479362366,0.6231119701529817,0.8826799284878004,0.7273840963252491,0.10170705697987846,
A_point,1,0.02,1.0,9340.461538461539,186.33333333333334,186.33333333333334,14955.076923076924,0.2195996195315997,1.7821266293811566,1.0008631244563782,0.7479995297385421,0.04646904360619881,0.08732512344660066,0.7942734639534331,0.07358172442569294,0.13422406926713457,0.8457657467880488,0.17011199587646786,0.2805841999658141,0.012560220079267078,
A_point,1,0.05,1.0,9340.461538461539,466.5128205128205,466.5128205128205,14955.076923076924,0.20286635316336765,1.4923126036272134,0.8475894783952906,0.7205098311954334,0.10557704377380464,0.18340617972678133,0.8029569727565945,0.15746957626272426,0.2618335207594083,0.8752873052317821,0.2874483032664462,0.42940108649349484,0.029158679846329385,
A_point,1,0.1,1.0,9340.461538461539,933.5897435897435,933.5897435897435,14955.076923076924,0.20757554954828736,1.1750509401266716,0.6913132448374795,0.661636612105959,0.18277199663125332,0.2848218014567978,0.774310388899206,0.2667714500505269,0.3947752836054501,0.878481971682298,0.424968074585624,0.569755959350897,0.05198574173734357,
A_point,1,0.25,1.0,9340.461538461539,2334.74358974359,2334.74358974359,14955.076923076924,0.23753269134591953,0.6626174544384795,0.45007507289219956,0.5500103604823351,0.3137358254260879,0.3975711492020894,0.6948203520759094,0.4509990314450268,0.5443533239591347,0.8652316162722721,0.6610665547971727,0.7461292565414146,0.09439542121914152,
A_point,1,0.5,1.0,9340.461538461539,4670.0,4670.0,14955.076923076924,0.29903696776523697,0.4337301346856114,0.36638355122542415,0.44865261944865065,0.39521878687229145,0.4181435139363319,0.6063206940380443,0.5460447153887302,0.572244128538143,0.8161418309061201,0.7548896792058938,0.781635644334176,0.12040442465527022,
A_point,1,1.0,1.0,9340.461538461539,9340.461538461539,9340.461538461539,14955.076923076924,0.43391624355961783,0.3646416646202884,0.3992789540899531,0.3187270944630735,0.43560137717410513,0.3657804862055722,0.4744665984447868,0.5883042966867865,0.5226495057026553,0.7147992470697547,0.7968493802022965,0.7512406435608023,0.11299674142197294,
A_point,2,0.02,2.0,16425.69230769231,328.0,328.0,24069.0,0.16872072585220665,1.5545284500174428,0.8616245879348247,0.7243438570056621,0.04896822829667313,0.0914678157869655,0.8255205568254484,0.08454518614226923,0.15287751481281947,0.8976668817236447,0.19839915872854613,0.32335530919669886,0.01483320389474086,
A_point,2,0.05,2.0,16425.69230769231,820.8717948717949,820.8717948717949,24069.0,0.17018635160440956,1.2924123642086032,0.7312993579065062,0.7018820186842322,0.11176155113032192,0.19172638436935907,0.8191249001694135,0.1762647700724872,0.2883603444802794,0.9045820257173582,0.324075131010958,0.4751866012457017,0.03524189690164409,
A_point,2,0.1,2.0,16425.69230769231,1642.1538461538462,1642.1538461538462,24069.0,0.18140469075526686,0.9907285214871413,0.5860666061212041,0.6623745729142894,0.19781661618993734,0.3024728430649905,0.7953195077928704,0.29535368282299623,0.4283634164399577,0.8996471432843876,0.4769891299705232,0.6210956586522591,0.06473547189585223,
A_point,2,0.25,2.0,16425.69230769231,4106.153846153846,4106.153846153846,24069.0,0.22790035009159523,0.503527377755235,0.36571386392341515,0.5477576305044923,0.34290482760297797,0.4189037887923676,0.7069969206476795,0.5023903879552908,0.5838531291345189,0.8708285606678415,0.7286079875090578,0.7906689582085554,0.11320428823329451,
A_point,2,0.5,2.0,16425.69230769231,8212.641025641025,8212.641025641025,24069.0,0.3069129522183731,0.3376033576291176,0.3222581549237454,0.4330238860654555,0.42910788836821806,0.4278699483662569,0.6030476350554757,0.6033488819758954,0.5995690840751541,0.8166752265602973,0.8191703228262466,0.8148310548922456,0.133151382065678,
A_point,2,1.0,2.0,16425.69230769231,16425.69230769231,16425.69230769231,24069.0,0.474836352296078,0.26828792914189636,0.3715621407189872,0.3094754067105722,0.48695614442685026,0.37519296854658396,0.4716181648012241,0.6712186477777442,0.5502344637153006,0.7154255279764341,0.8714113259233451,0.7817937303315562,0.12099998753462402,
A_point,4,0.02,4.0,29268.358974358973,584.7948717948718,584.7948717948718,34478.53846153846,0.20105988601690714,1.6576736515951376,0.9293667688060224,0.7797495749699842,0.06931020862034003,0.12702127588453024,0.8286408686088277,0.10527470903919318,0.18636520581225774,0.8692858438827045,0.21521963455080703,0.34324486842534835,0.024727988431223622,
A_point,4,0.05,4.0,29268.358974358973,1462.871794871795,1462.871794871795,34478.53846153846,0.1914281900580981,1.3341735333986555,0.7628008617283769,0.7587160485970053,0.15464758110738688,0.25594093951728364,0.8288125038395594,0.21557934233593953,0.34075623872705957,0.8838421513803556,0.3559428146692894,0.5042164737041726,0.05737903138248041,
A_point,4,0.1,4.0,29268.358974358973,2926.3333333333335,2926.3333333333335,34478.53846153846,0.2015889823218112,0.9894906882054457,0.5955398352636285,0.6849742621740086,0.2540774029502175,0.3687670087041238,0.7937265263552263,0.350713872674191,0.4837673557856301,0.885155139139374,0.517591371551918,0.6492121053299531,0.09513595021367278,
A_point,4,0.25,4.0,29268.358974358973,7316.74358974359,7316.74358974359,34478.53846153846,0.24681133773809824,0.5133620480943785,0.38008669291623837,0.5263863038587021,0.4058536105335347,0.45618310977714127,0.6853008555652775,0.5562508381453501,0.6109216746885767,0.8599629527339036,0.7389451857373756,0.7916053179072998,0.1392729990312708,
A_point,4,0.5,4.0,29268.358974358973,14633.97435897436,14633.97435897436,34478.53846153846,0.32103153803276296,0.30604259769382514,0.31353706786329405,0.4009245643971756,0.4973361051066128,0.44170953435644905,0.5732909416957234,0.659427437001473,0.6103308831572459,0.8031648595672698,0.8385331430745993,0.817570918564113,0.14639537521509413,
A_point,4,1.0,4.0,29268.358974358973,29268.358974358973,29268.358974358973,34478.53846153846,0.49862093534539287,0.23560129130390728,0.36711111332465013,0.27988653414877823,0.5700131566366741,0.37330514415715205,0.4394246421837503,0.7420351734423273,0.5488063892954546,0.6930313700469183,0.8918209094968618,0.7765713226361032,0.1232516611779204,
A_point,8,0.02,8.0,46557.846153846156,930.6923076923077,930.6923076923077,44439.41025641026,0.20628588279191995,1.805947152727252,1.0061165177595859,0.7968118202014113,0.08423776403059687,0.15202918392295547,0.8345220630904117,0.11460116748613473,0.20108073957262024,0.8651276012378876,0.20614619184053887,0.33145731024103126,0.03528180518948011,
A_point,8,0.05,8.0,46557.846153846156,2327.3076923076924,2327.3076923076924,44439.41025641026,0.20194603595399463,1.4008827008449494,0.8014143683994719,0.7359092884857872,0.1764082253363342,0.28356503663574234,0.8175983277231061,0.23426158417422216,0.3625837509390273,0.8799522439302496,0.357781128287368,0.5052610702578543,0.07620739316057352,
A_point,8,0.1,8.0,46557.846153846156,4655.307692307692,4655.307692307692,44439.41025641026,0.21694126693533028,1.0221620658630006,0.6195516663991655,0.6382796401096738,0.27527997844935687,0.3827006091483929,0.7683523582813975,0.36719345209642407,0.49396601681788244,0.8798225757785704,0.5156846582860706,0.6454709897320964,0.11510384536816169,
A_point,8,0.25,8.0,46557.846153846156,11639.076923076924,11639.076923076924,44439.41025641026,0.2634308710117904,0.5184466124502369,0.3909387417310137,0.4710920401089383,0.417270401339775,0.4401642546139544,0.6481899864705934,0.5507914210817569,0.5918320493760179,0.8521107879269891,0.7160353756549808,0.7746098433519594,0.14653932877856837,
A_point,8,0.5,8.0,46557.846153846156,23278.69230769231,23278.69230769231,44439.41025641026,0.3438911891655994,0.3077004934798699,0.3257958413227347,0.350742583601189,0.5200403457325833,0.41673703658571,0.5310162130804575,0.6731791020949407,0.5902234597950416,0.7868482276203748,0.8368261653362808,0.8080143412843822,0.14302921306928731,
A_point,8,1.0,8.0,46557.846153846156,46557.846153846156,46557.846153846156,44439.41025641026,0.5292520163551209,0.24155503250443125,0.3854035244297761,0.24499863218316023,0.6171546857434377,0.3488005429045878,0.4033050638818301,0.7665414501552502,0.5251899115080528,0.6719205243144993,0.8895919197136277,0.7624689284336176,0.11616807318672681,
A_point,16,0.02,15.692307692307692,68554.92307692308,1370.5897435897436,1370.5897435897436,54121.41025641026,0.2046629249072607,1.8683799921366102,1.0365214585219356,0.7903820745015478,0.09944514134572187,0.17623602114038825,0.8331177727951149,0.12923229652811127,0.2232527866544834,0.8682038001366615,0.21682844810133572,0.34532641971342215,0.046834141183763174,
A_point,16,0.05,15.692307692307692,68554.92307692308,3427.2820512820513,3427.2820512820513,54121.41025641026,0.20948928606483636,1.4248908747719247,0.8171900804183805,0.7038703257373518,0.19444384641035584,0.3035512809033562,0.803208021384906,0.24940024127013558,0.3790206868021702,0.8796332968239642,0.3634409169327242,0.5111802786275051,0.09382563244480674,
A_point,16,0.1,15.692307692307692,68554.92307692308,6855.076923076923,6855.076923076923,54121.41025641026,0.2259613173789424,1.0417171676718375,0.63383924252539,0.5914569199933576,0.2869652842403309,0.3847851689496689,0.7432974625963745,0.37193996787160066,0.49307369732704176,0.8798431921277261,0.5042124149015278,0.6367852249068565,0.12925086443131856,
A_point,16,0.25,15.692307692307692,68554.92307692308,17138.384615384617,17138.384615384617,54121.41025641026,0.27794636342689183,0.5272193298090321,0.402582846617962,0.4258418906360625,0.425399506355407,0.4234069767026619,0.6134385277107028,0.5450484243848318,0.5738755196817674,0.843229968852242,0.7060239552788097,0.7651178154461706,0.15028857550480146,
A_point,16,0.5,15.692307692307692,68554.92307692308,34277.256410256414,34277.256410256414,54121.41025641026,0.3767015290646108,0.3146936429826309,0.34569758602362083,0.30757041458596307,0.5362455762767226,0.38881158145149125,0.4867485325720992,0.6785250688006141,0.5634768530339489,0.7624182468572702,0.834772529102651,0.7942221002117866,0.1361979892344076,
A_point,16,1.0,15.692307692307692,68554.92307692308,68554.92307692308,68554.92307692308,54121.41025641026,0.5736680240719798,0.23620137645663355,0.40493470026430667,0.21268436236207108,0.6529256722840151,0.3192148510195201,0.3632978411903608,0.7817294881876734,0.49315957582966863,0.6400492001132994,0.8896244531084095,0.7417675463236798,0.10650928150223106,
B_argmax,-1,0.02,23.666666666666668,85580.92307692308,1711.1538461538462,1711.1538461538462,59403.743589743586,0.19511435536586777,1.8655309343522861,1.0303226448590768,0.7841338656751669,0.10625652642243646,0.1864017339232295,0.8425994847194906,0.14034005220607218,0.23964961117808883,0.883269637469507,0.22914966019210445,0.3616678715524591,0.05297177940624881,
B_argmax,-1,0.05,23.666666666666668,85580.92307692308,4278.615384615385,4278.615384615385,59403.743589743586,0.20075589067032967,1.3801462253783294,0.7904510580243296,0.6724130655350115,0.19717834323131117,0.3034406117683427,0.7949625896561854,0.2633009695675589,0.39331926457937577,0.8920354483296458,0.3836605013476386,0.5323154889710364,0.09751278241848543,
B_argmax,-1,0.1,23.666666666666668,85580.92307692308,8557.71794871795,8557.71794871795,59403.743589743586,0.22996493261635223,0.975337553009316,0.602651242812834,0.5442806804108997,0.28991001143306916,0.37591768769134776,0.7176919794084998,0.38476615183255497,0.49836156065101733,0.8815311202080235,0.5205189637066485,0.6510762919771076,0.12760975553921497,
B_argmax,-1,0.25,23.666666666666668,85580.92307692308,21394.923076923078,21394.923076923078,59403.743589743586,0.30768515523523804,0.5168542872195873,0.4122697212274126,0.38525431935478593,0.4261196329671209,0.40195875199929443,0.5771577645310827,0.5425594607275972,0.5562120600512863,0.8254405163126464,0.7163442632618539,0.7637012517005111,0.1434418228860894,
B_argmax,-1,0.5,23.666666666666668,85580.92307692308,42790.282051282054,42790.282051282054,59403.743589743586,0.40963076553387645,0.31300286858248516,0.3613168170581808,0.2770333203114877,0.5318733009151078,0.3616739882026875,0.4554031954334749,0.6667241033101748,0.5379289795299784,0.7429368996317562,0.8408124741552486,0.7861563495761525,0.12593463284243248,
B_argmax,-1,1.0,23.666666666666668,85580.92307692308,85580.92307692308,85580.92307692308,59403.743589743586,0.5955815543006927,0.20687323184954415,0.4012273930751184,0.1913303536631034,0.6599400356098201,0.2947542160362892,0.3387725030429238,0.7883244587803437,0.4708453065777651,0.6218504308770838,0.9090498901126827,0.7351720079024745,0.09632834133901746,
B_argmax,1,0.02,1.0,9918.564102564103,197.84615384615384,197.84615384615384,14955.076923076924,0.23177809557752993,1.7648484749342497,0.9983132852558898,0.7268910592116712,0.04696163851504527,0.08807228215576637,0.7820146205783705,0.07775219371145466,0.14092469002229582,0.8393114820224659,0.17933396453434294,0.2925805727370596,0.013269238668995013,
B_argmax,1,0.05,1.0,9918.564102564103,495.38461538461536,495.38461538461536,14955.076923076924,0.21036220083393004,1.463098383682369,0.8367302922581495,0.7093523980782508,0.10906592643069349,0.18842289559153608,0.795095778969665,0.16554655842735116,0.272858288052267,0.8729919231262411,0.3004113298529082,0.4439491753153375,0.030889463728637576,
B_argmax,1,0.1,1.0,9918.564102564103,991.3589743589744,991.3589743589744,14955.076923076924,0.2050672788174166,1.113106974317723,0.6590871265675698,0.6694485814697373,0.19308682029330204,0.2981827838686898,0.7799966113884041,0.28296620362334707,0.4131820931155,0.883178585458748,0.4495388728735482,0.5923869360459049,0.05554396514631895,
B_argmax,1,0.25,1.0,9918.564102564103,2479.2051282051284,2479.2051282051284,14955.076923076924,0.23688077502617247,0.6077191378762805,0.42229995645122653,0.5499586418906763,0.32197910654296835,0.4042558103331397,0.6976979539725494,0.4739729860966628,0.5621414925421537,0.8655842383314802,0.6921273209818277,0.7667111926935429,0.09535259091259034,
B_argmax,1,0.5,1.0,9918.564102564103,4959.0,4959.0,14955.076923076924,0.3113932018830822,0.42269823772737525,0.3670457198052287,0.42612753520724833,0.3969645807073788,0.40874081280667224,0.5930662100371298,0.564571629705625,0.5761666792645576,0.8090313688489085,0.7663354890513013,0.7851111566625464,0.11158467453929558,
B_argmax,1,1.0,1.0,9918.564102564103,9918.564102564103,9918.564102564103,14955.076923076924,0.43376359078006754,0.32897485395480575,0.38136922236743664,0.30384122961805093,0.4555510002311506,0.3620748994366127,0.46641239204636054,0.6170895186110028,0.5286570515454003,0.7188507851682395,0.8212867103845116,0.7645562280520991,0.10626229819176898,
B_argmax,2,0.02,2.0,17059.102564102563,340.6666666666667,340.6666666666667,24069.0,0.17625861785126576,1.5459812559567045,0.8611199369039851,0.6955814497844847,0.048765368030688906,0.09093730581245212,0.8165537972542654,0.08938415145904435,0.16069385995502633,0.8973105256276437,0.20556509407054194,0.33304581976113096,0.014495570707917422,
B_argmax,2,0.05,2.0,17059.102564102563,852.5128205128206,852.5128205128206,24069.0,0.17857631297851673,1.2826567800507298,0.7306165465146233,0.6777834932495173,0.11059958708507861,0.18940784168346736,0.8058004442383311,0.17876349214110324,0.2914173531345219,0.9015437695495118,0.3311166023932628,0.48266984066072427,0.03454467303413178,
B_argmax,2,0.1,2.0,17059.102564102563,1705.4615384615386,1705.4615384615386,24069.0,0.18860443289243223,0.9732655049402599,0.5809349689163461,0.6518469554194299,0.20175141908918715,0.30637515229622514,0.7853949060807758,0.3024008541731687,0.43462563593033676,0.8948518625059143,0.4853911988811311,0.6272901084758923,0.06432510778292025,
B_argmax,2,0.25,2.0,17059.102564102563,4264.4358974358975,4264.4358974358975,24069.0,0.23307898011078393,0.4791884232878866,0.3561337016993353,0.5412813552265765,0.34738197363699147,0.4209359992839153,0.69980164894501,0.516608268265108,0.592038648521108,0.8672690440411571,0.7517945824634307,0.8036223680987317,0.11156403689642581,
B_argmax,2,0.5,2.0,17059.102564102563,8529.25641025641,8529.25641025641,24069.0,0.32211226912644125,0.3221138760250297,0.32211307257573546,0.41555310271862733,0.4336923036448373,0.421809480591601,0.5890098927717611,0.6175865761495928,0.6001712715573249,0.8098666049313632,0.8304354708683878,0.8174662406452966,0.12573552027211665,
B_argmax,2,1.0,2.0,17059.102564102563,17059.102564102563,17059.102564102563,24069.0,0.46690057125386997,0.24293892074974358,0.35491974600180676,0.29808637037092056,0.5070461700380153,0.3730240346298888,0.4652695093374283,0.6911686065401419,0.5530529629979996,0.7194957375495956,0.8923256878472492,0.7931128230336918,0.11633194489805576,
B_argmax,4,0.02,4.0,30803.30769230769,615.5384615384615,615.5384615384615,34478.53846153846,0.21818432955298667,1.6429566325310943,0.9305704810420405,0.7538810220488243,0.06979449452656761,0.12756577392607896,0.8158856343302789,0.11087031444431648,0.19482549711680358,0.8601810281170279,0.22555250056358617,0.3552703334534913,0.024687185373081896,
B_argmax,4,0.05,4.0,30803.30769230769,1539.6923076923076,1539.6923076923076,34478.53846153846,0.19683610743138052,1.3100525675702772,0.7534443375008288,0.7376416540355671,0.1547974383552027,0.2551678605691583,0.8201817968853289,0.22131484988817413,0.3473089982465242,0.8852446929370037,0.36619403860526883,0.5145139942370612,0.0573679609169878,
B_argmax,4,0.1,4.0,30803.30769230769,3079.871794871795,3079.871794871795,34478.53846153846,0.20472405243285227,0.9448268120158062,0.5747754322243293,0.6710927904589159,0.25730641175216606,0.37054936443174075,0.7864917558635904,0.3616217176838051,0.4934068477252764,0.8853277996586522,0.5365339200549903,0.6646066724219412,0.09518694795274509,
B_argmax,4,0.25,4.0,30803.30769230769,7700.4358974358975,7700.4358974358975,34478.53846153846,0.2525423429640562,0.45164036139538866,0.3520913521797224,0.5076135721476852,0.40782909316426424,0.4506275582328335,0.6730107739854692,0.5757063656629569,0.6181324761134002,0.8558505065702081,0.7660075757363416,0.8056873922131056,0.1353116036768934,
B_argmax,4,0.5,4.0,30803.30769230769,15401.410256410256,15401.410256410256,34478.53846153846,0.3317344522143814,0.2892027080202301,0.31046858011730577,0.3794214896235585,0.5053355403988767,0.4317686658767232,0.5584680657020206,0.6742435518049995,0.6085819688177957,0.7981868533149468,0.8538761764555475,0.8225928309921762,0.13932789781902785,
B_argmax,4,1.0,4.0,30803.30769230769,30803.30769230769,30803.30769230769,34478.53846153846,0.4901994615410649,0.21122168608428196,0.3507105738126734,0.2662184902128078,0.5893032105682333,0.36521301654795646,0.43078524004935287,0.7577905587080567,0.5467042197333943,0.6964150568869685,0.9126026399658763,0.7869909897173978,0.11844204954428282,
B_argmax,8,0.02,8.0,48755.794871794875,974.5897435897435,974.5897435897435,44439.41025641026,0.21393852238399594,1.7901669547884187,1.0020527385862072,0.7844777367770103,0.08440715975164713,0.1521201136907347,0.833017863939846,0.1188167897737702,0.2075034455366914,0.8657249670087314,0.21563017109696903,0.34330037225495336,0.03610411422185635,
B_argmax,8,0.05,8.0,48755.794871794875,2437.25641025641,2437.25641025641,44439.41025641026,0.19522047407181506,1.3492770911082392,0.7722487825900272,0.7291331185388179,0.17919401568221358,0.2867019140059302,0.8200984479141029,0.2434163786486161,0.3737347511352499,0.8913082354049047,0.37303452615653093,0.5226113678271579,0.07661723948343625,
B_argmax,8,0.1,8.0,48755.794871794875,4875.025641025641,4875.025641025641,44439.41025641026,0.2131533163263225,0.9514684622915641,0.5823108893089434,0.6221777587869645,0.27660013196083477,0.3814172434631657,0.7623584199158948,0.38408274434541145,0.5082531993939866,0.8853641661876006,0.5411019745104542,0.6673792716502998,0.11247940275053846,
B_argmax,8,0.25,8.0,48755.794871794875,12188.564102564103,12188.564102564103,44439.41025641026,0.2704977517374993,0.4645345303081791,0.3675161410228392,0.4505224817947215,0.42425075052486677,0.43512511486677913,0.6323928281596187,0.5681463263970891,0.5957981136402859,0.8478385969862748,0.7428171561576712,0.7889364496943699,0.14202456536938174,
B_argmax,8,0.5,8.0,48755.794871794875,24377.615384615383,24377.615384615383,44439.41025641026,0.3581649596489386,0.28952958134663925,0.32384727049778894,0.3336223902749992,0.5288342275452345,0.40726279267852905,0.5157877194790309,0.6810419185223048,0.5841355560156627,0.7804658682789783,0.8538008907341456,0.8128226305890613,0.13733397029124886,
B_argmax,8,1.0,8.0,48755.794871794875,48755.794871794875,48755.794871794875,44439.41025641026,0.5232734531649038,0.20774511111890206,0.365509282141903,0.23438890112158206,0.6302084058202951,0.3400869616765112,0.3943716052408231,0.7814809966847778,0.5213444922889374,0.672488342439792,0.9144163470803264,0.7719495379416429,0.11124187956101086,
B_argmax,16,0.02,15.692307692307692,70703.56410256411,1413.5897435897436,1413.5897435897436,54121.41025641026,0.203164898175274,1.8487974256944248,1.0259811619348493,0.7863969563642526,0.0994734899808489,0.1761876490909892,0.8401654525294472,0.13314528155109068,0.22926134242397367,0.8772983351929687,0.22398132643361904,0.3549342139880898,0.04744977400786311,
B_argmax,16,0.05,15.692307692307692,70703.56410256411,3534.8205128205127,3534.8205128205127,54121.41025641026,0.19978690253219808,1.3689031939605616,0.7843450482463799,0.6951012270672274,0.19457272429755232,0.30299877482122506,0.8054257403762312,0.2592182774208931,0.39066120142938304,0.8912008405564199,0.3809716687518674,0.5301100249752339,0.09221617936691293,
B_argmax,16,0.1,15.692307692307692,70703.56410256411,7069.948717948718,7069.948717948718,54121.41025641026,0.22403404310611172,0.9579341796577362,0.590984111381924,0.5708807873483993,0.28851221137876537,0.3819055106259669,0.7321606695206356,0.3887431365952444,0.5054652715334915,0.8832698741799425,0.5315523757903591,0.6597214419123179,0.12456747887486379,
B_argmax,16,0.25,15.692307692307692,70703.56410256411,17675.5641025641,17675.5641025641,54121.41025641026,0.2930350415645506,0.4893937115648836,0.3912143765647171,0.40506631516099684,0.4280908773915129,0.4143694414207732,0.5933154084451953,0.5545967684310469,0.5704007028131304,0.8329981225593486,0.7313657184200084,0.7757038976278628,0.14443294385048025,
B_argmax,16,0.5,15.692307692307692,70703.56410256411,35351.51282051282,35351.51282051282,54121.41025641026,0.38903883640470405,0.301680170015257,0.3453595032099805,0.29374327199393097,0.5328837647397698,0.3768640968966022,0.4741473607200534,0.6752232099027238,0.5542350986574897,0.7564456284625977,0.8478512273715361,0.7969686838977025,0.1298123824261387,
B_argmax,16,1.0,15.692307692307692,70703.56410256411,70703.56410256411,70703.56410256411,54121.41025641026,0.570325832208834,0.20375094456354878,0.38703838838619137,0.20397455774497872,0.6548976914598895,0.30972641953727414,0.3562259284966776,0.7925666187724436,0.4888541672487944,0.6385841995474804,0.9137151888333579,0.7488097529285543,0.1009675707415436,
B_argmax_matchE50,-1,0.02,23.666666666666668,85580.92307692308,137.89743589743588,137.89743589743588,59403.743589743586,0.2870825589338301,2.5406026864310918,1.413842622682461,0.7541706475918019,0.012235351744219206,0.02405642626422218,0.7780478102350968,0.025221670310359694,0.04874317785604931,0.7924450220697941,0.0691863922166838,0.12663835381621352,0.004284535535578978,
B_argmax_matchE50,-1,0.05,23.666666666666668,85580.92307692308,345.38461538461536,345.38461538461536,59403.743589743586,0.2519486509145511,2.4234619293156876,1.3377052901151194,0.7895371934250901,0.026142867080089133,0.050474171895909255,0.811141145266895,0.04218001349947084,0.07980989222661158,0.8254936932663194,0.0939353583607213,0.16727667864652393,0.011518023126142444,
B_argmax_matchE50,-1,0.1,23.666666666666668,85580.92307692308,691.3076923076923,691.3076923076923,59403.743589743586,0.22556002951909493,2.262905971620465,1.24423300056978,0.8060558843939655,0.048656376403440886,0.0912955728748422,0.8328483104821722,0.06961146450616051,0.1273535744768452,0.852659863191551,0.13218715486912908,0.22593299949916817,0.023507869681879724,
B_argmax_matchE50,-1,0.25,23.666666666666668,85580.92307692308,1728.923076923077,1728.923076923077,59403.743589743586,0.19367468827041548,1.8738381573697005,1.033756422820058,0.783974013102623,0.10727102661936427,0.18728003645515295,0.8465359710724002,0.14481346340428652,0.2445434547364264,0.8861569698646892,0.23762892514006523,0.3682312834111993,0.05393032141676434,
B_argmax_matchE50,-1,0.5,23.666666666666668,85580.92307692308,3458.4102564102564,3458.4102564102564,59403.743589743586,0.19013782078388342,1.499863839342114,0.8450008300629986,0.7138027923239575,0.17953283967580314,0.28366949911864053,0.8213476559933637,0.2388652431617093,0.3649353762613086,0.8976434414538679,0.35122007237388014,0.49733569223030966,0.0888664638908219,
B_argmax_matchE50,-1,1.0,23.666666666666668,85580.92307692308,6917.307692307692,6917.307692307692,59403.743589743586,0.21135868550651807,1.0977257639249138,0.654542224715716,0.5958145146087744,0.26568292443644975,0.36268805583093927,0.7562513460591012,0.3514028332507523,0.47566776778843245,0.8933503962161448,0.47835195203093206,0.6178953665814457,0.1222709860023944,
B_argmax_matchE50,1,0.02,1.0,9918.564102564103,30.025641025641026,30.025641025641026,14955.076923076924,0.262225451914253,2.1205764381934316,1.1914009450538425,0.7104163411948063,0.008252911943433182,0.016307633005282308,0.7338630399735734,0.017948394363276478,0.035010980449255345,0.7831433791995648,0.06277764419780038,0.11593132635826735,0.0020829361112073637,
B_argmax_matchE50,1,0.05,1.0,9918.564102564103,75.84615384615384,75.84615384615384,14955.076923076924,0.25205889995497044,1.9799302537492842,1.1159945768521273,0.7204759441786674,0.019053385045340723,0.03709205379559931,0.7533993864609325,0.03480343733346553,0.06639468642277585,0.8030739039763983,0.09995037984596357,0.1767285384848649,0.005268104675980998,
B_argmax_matchE50,1,0.1,1.0,9918.564102564103,152.23076923076923,152.23076923076923,14955.076923076924,0.23718300504502585,1.8322398496464491,1.0347114273457374,0.7297827849117843,0.03656575121128486,0.06952395145949089,0.7773409442206092,0.06270058734439257,0.11556787867601173,0.830129425272566,0.15439628359058852,0.2573284482535394,0.010452721241752392,
B_argmax_matchE50,1,0.25,1.0,9918.564102564103,381.46153846153845,381.46153846153845,14955.076923076924,0.2124535463171555,1.5661409555957995,0.8892972509564776,0.7198431016619918,0.08630867443951322,0.15369074076145298,0.8001793411574672,0.13423753867771757,0.22865517227310106,0.868459677927113,0.2616759343467519,0.3979369538019062,0.024825184259209498,
B_argmax_matchE50,1,0.5,1.0,9918.564102564103,763.4871794871794,763.4871794871794,14955.076923076924,0.20313500936251408,1.2745151411284226,0.7388250752454684,0.6919196290970175,0.15843177274542075,0.2566715461244288,0.7933422778707415,0.23447670343041196,0.35961312819214636,0.884138204087317,0.38581270254348227,0.5323086985848713,0.04558742070156854,
B_argmax_matchE50,1,1.0,1.0,9918.564102564103,1527.5897435897436,1527.5897435897436,14955.076923076924,0.21468567141426304,0.8338623773360296,0.5242740243751464,0.6251210202558836,0.25933217504499395,0.3642037943958842,0.7510638817200364,0.3811390626789364,0.5017596378470865,0.8803339579268745,0.5822465084397129,0.6954491754373029,0.07565330113556651,
B_argmax_matchE50,2,0.02,2.0,17059.102564102563,51.07692307692308,51.07692307692308,24069.0,0.1778145753667577,1.8584872374896118,1.0181509064281848,0.7133163818586029,0.00917681790980315,0.01811122178001964,0.822886766644682,0.023094113101218616,0.04488498372626205,0.8838943214571529,0.08623736893451475,0.15679389612799158,0.002279749618319007,
B_argmax_matchE50,2,0.05,2.0,17059.102564102563,128.3846153846154,128.3846153846154,24069.0,0.1770169584681201,1.7365355790401242,0.9567762687541221,0.7068845039671046,0.020524008256280698,0.03985802080769366,0.8206633141030587,0.043773723307516756,0.08301027432571222,0.8873496825031278,0.12774030867255629,0.22278682004915878,0.005586265954182749,
B_argmax_matchE50,2,0.1,2.0,17059.102564102563,257.4871794871795,257.4871794871795,24069.0,0.17421451025459683,1.6093878280665912,0.891801169160594,0.7007359152894308,0.03785791073622543,0.07172900706082067,0.8203440382772652,0.07274726554672088,0.13330810157753165,0.8971468391744677,0.18000543212684808,0.29835647733854304,0.011009087110386886,
B_argmax_matchE50,2,0.25,2.0,17059.102564102563,644.5384615384615,644.5384615384615,24069.0,0.17450826166183062,1.3699163107144474,0.772212286188139,0.6843355017999887,0.08595079505786556,0.15226950467747177,0.8140109143910926,0.14557196481895576,0.24593399702026575,0.9052384764077578,0.29167718279667876,0.4389217489359723,0.02676537214766528,
B_argmax_matchE50,2,0.5,2.0,17059.102564102563,1289.6923076923076,1289.6923076923076,24069.0,0.18110393172540767,1.1183578306619093,0.6497308811936585,0.6663680274165742,0.15895299747035965,0.2555713908132657,0.7988307532106304,0.24696132729667974,0.3752585548179681,0.9014741236409903,0.41610048202946703,0.5659479144050674,0.0505683175106465,
B_argmax_matchE50,2,1.0,2.0,17059.102564102563,2579.974358974359,2579.974358974359,24069.0,0.20011841503044775,0.7305496054414138,0.46533401023593074,0.6192577172481409,0.2727207616930629,0.3765307699677874,0.7610705813737159,0.4057907622270992,0.5260037516172535,0.8893737675621087,0.619264053102884,0.7260928878875275,0.08781972698161668,
B_argmax_matchE50,4,0.02,4.0,30803.30769230769,81.7948717948718,81.7948717948718,34478.53846153846,0.23994851531296044,1.9584168300651668,1.0991826726890634,0.730553341537011,0.011500472588506283,0.02263430298007026,0.8007948518095119,0.029438071042799753,0.05672975129297221,0.837925399703347,0.10702199514956437,0.18915167361476098,0.003191404313825684,
B_argmax_matchE50,4,0.05,4.0,30803.30769230769,205.23076923076923,205.23076923076923,34478.53846153846,0.24333454401241944,1.860387853906578,1.0518611989594986,0.7338307198491909,0.02594137385313504,0.05005974039454982,0.7957759903412224,0.052211971906278104,0.09781092343728005,0.8342110486033893,0.14101191028450466,0.240053406141099,0.007975299355423834,
B_argmax_matchE50,4,0.1,4.0,30803.30769230769,410.8974358974359,410.8974358974359,34478.53846153846,0.22909231141747277,1.7420601404880256,0.9855762259527492,0.7507458231503714,0.04863135188368516,0.09116310760210321,0.8086597008799083,0.08319897454287645,0.15029377402239,0.8478644014013523,0.18708805872234663,0.3036970791609344,0.016444879936996164,
B_argmax_matchE50,4,0.25,4.0,30803.30769230769,1027.974358974359,1027.974358974359,34478.53846153846,0.20361637543848496,1.4921407023441662,0.8478785388913257,0.7552721333868815,0.11014540737311009,0.19145961904552417,0.8244267969507879,0.16446191089626908,0.27216580194209006,0.8759824234447134,0.29625070650513075,0.43717655199108774,0.040318519352224504,
B_argmax_matchE50,4,0.5,4.0,30803.30769230769,2056.3076923076924,2056.3076923076924,34478.53846153846,0.19430078392826308,1.1766006120219943,0.6854506979751287,0.7221160570046937,0.1955859026850747,0.3059633594824456,0.8173164718107249,0.2752941529604993,0.4081098481106773,0.8902342864409257,0.43194591635800633,0.5748690961824465,0.072715227252432,
B_argmax_matchE50,4,1.0,4.0,30803.30769230769,4113.153846153846,4113.153846153846,34478.53846153846,0.20868761390284282,0.7989310358677724,0.5038093248853075,0.6368661149910653,0.31172256072046806,0.4152813121548574,0.7684242533736759,0.43827722509022987,0.5532753435748711,0.8860524376414204,0.6140897632758681,0.719776467271773,0.11363785524862845,
B_argmax_matchE50,8,0.02,8.0,48755.794871794875,105.05128205128206,105.05128205128206,44439.41025641026,0.2808101774522961,2.2085410191432397,1.2446755982977682,0.728024261780726,0.012515914789769643,0.024592579871348153,0.7715732645362178,0.03090801978717584,0.059290983281465925,0.794618964144943,0.09433685888120585,0.16725777226280217,0.0036982034287085163,
B_argmax_matchE50,8,0.05,8.0,48755.794871794875,263.3333333333333,263.3333333333333,44439.41025641026,0.2596207960140339,2.126577797050256,1.193099296532145,0.7578603776247408,0.02656254455419898,0.05123107038197235,0.795753034748568,0.048080569946768605,0.09030709287810168,0.8177318282648435,0.1166830507958531,0.20213142767799117,0.009653347645122734,
B_argmax_matchE50,8,0.1,8.0,48755.794871794875,527.1794871794872,527.1794871794872,44439.41025641026,0.23672939694606135,2.0008221730099938,1.1187757849780273,0.7803904604290713,0.048922003950334206,0.09178045118773859,0.8172650221556912,0.07522447841074073,0.13694625510332376,0.8422669327320185,0.15271873484564144,0.25560120985673823,0.01991404752774647,
B_argmax_matchE50,8,0.25,8.0,48755.794871794875,1318.5897435897436,1318.5897435897436,44439.41025641026,0.20217211617774322,1.6786441162624008,0.9404081162200719,0.7766049496242662,0.10960320383233164,0.19087844154226846,0.836623663377419,0.15392200332809816,0.2571282872081594,0.8791604790589278,0.2635678992302971,0.3991449414329306,0.04720690251705268,
B_argmax_matchE50,8,0.5,8.0,48755.794871794875,2637.641025641026,2637.641025641026,44439.41025641026,0.19194111761907598,1.3103813596693412,0.7511612386442087,0.7253602453477929,0.19034599657461182,0.2990489031725732,0.8234525657235153,0.26183415597301096,0.39215558788184973,0.8949545490284754,0.39884221812730897,0.5428217999272962,0.08108611229807007,
B_argmax_matchE50,8,1.0,8.0,48755.794871794875,5275.923076923077,5275.923076923077,44439.41025641026,0.20897167677393186,0.9319816692403007,0.5704766730071162,0.6206868212541453,0.2947866953016257,0.39527470249077734,0.7650033356070811,0.40317685760077476,0.5225549457884962,0.8900443302411446,0.5510654761205515,0.6743318974077095,0.11832189007228736,
B_argmax_matchE50,16,0.02,15.692307692307692,70703.56410256411,124.51282051282051,124.51282051282051,54121.41025641026,0.2931008770526895,2.4377533624378804,1.3654271197452847,0.7495468231912039,0.012311963632039234,0.02420074720167874,0.770175307758543,0.027333086134408883,0.05259418419451659,0.7868141075193595,0.0767260046090353,0.1385602902666355,0.004084965804583367,
B_argmax_matchE50,16,0.05,15.692307692307692,70703.56410256411,311.87179487179486,311.87179487179486,54121.41025641026,0.25775723051957794,2.3357673456308436,1.296762288075211,0.7831088366397813,0.026083008152617444,0.05036154461700516,0.8047754007783274,0.04352393835977809,0.08219926989841013,0.8206741839872936,0.09972375394781512,0.17618459925805988,0.010898970739449837,
B_argmax_matchE50,16,0.1,15.692307692307692,70703.56410256411,624.2820512820513,624.2820512820513,54121.41025641026,0.22995266145601237,2.1887370276052565,1.2093448445306345,0.8018863764061819,0.048495592924565484,0.09103645745089077,0.8285535891664149,0.07071291802813774,0.12926651438297027,0.8486414102407195,0.13679890184133717,0.23252884390484072,0.022296535965221215,
B_argmax_matchE50,16,0.25,15.692307692307692,70703.56410256411,1561.3076923076924,1561.3076923076924,54121.41025641026,0.19716770466535935,1.8227767280821376,1.0099722163737486,0.7836245390743252,0.10750477659350584,0.1876697711843682,0.8444243679860431,0.14570664594397598,0.24584405071486104,0.8836226360879638,0.240737119226926,0.37255719111443747,0.05174679707764902,
B_argmax_matchE50,16,0.5,15.692307692307692,70703.56410256411,3123.1794871794873,3123.1794871794873,54121.41025641026,0.19133737313061056,1.443966459431079,0.8176519162808448,0.7215606342243512,0.18343207755402677,0.28935653690731966,0.823986302342239,0.2465913482662593,0.37396302896402045,0.8966277569805167,0.36507428821246013,0.5102535699470427,0.08656820259719748,
B_argmax_matchE50,16,1.0,15.692307692307692,70703.56410256411,6246.897435897436,6246.897435897436,54121.41025641026,0.2092996943479544,1.0509653865112079,0.6301325404295811,0.6095047562285659,0.27563863450423026,0.3747167725011779,0.7621605612219662,0.36603560075157004,0.4896269377998668,0.8931643555586948,0.49810004938383257,0.633619635493331,0.12192902356163518,
B_argmax_matchE75,-1,0.02,23.666666666666668,85580.92307692308,53.23076923076923,53.23076923076923,59403.743589743586,0.38190628149081085,2.826938101612106,1.6044221915514585,0.655760290933385,0.005536970777175009,0.010975930848447711,0.6839794919552481,0.013916559652090306,0.027225699294080707,0.7057827283178564,0.04392870530693628,0.08219004413614284,0.0014721920507900156,
B_argmax_matchE75,-1,0.05,23.666666666666668,85580.92307692308,133.82051282051282,133.82051282051282,59403.743589743586,0.3033954539203527,2.5524684024978295,1.427931928209091,0.7383101081007776,0.012310642634672039,0.024192287234874956,0.7613260192731257,0.025085079052226414,0.04845522369805142,0.7759200026391391,0.06794596964517377,0.12437526184964341,0.0042279528055311905,
B_argmax_matchE75,-1,0.1,23.666666666666668,85580.92307692308,268.0769230769231,268.0769230769231,59403.743589743586,0.27404029464387075,2.466119354664509,1.3700798246541899,0.7678956215316217,0.021645212382035275,0.04200791062280375,0.7891783785553348,0.036394823797751136,0.06933778246494908,0.8029799298265337,0.08487615867820632,0.1526554089288988,0.008850189169044821,
B_argmax_matchE75,-1,0.25,23.666666666666668,85580.92307692308,670.9230769230769,670.9230769230769,59403.743589743586,0.23907494492216486,2.2860515980112517,1.262563271466708,0.7933059177737036,0.04814688877482959,0.09023049590289245,0.8189871353047061,0.06838350622564765,0.12507245853040708,0.8362885423199921,0.1281262424242376,0.2194533775739904,0.022504470955172575,
B_argmax_matchE75,-1,0.5,23.666666666666668,85580.92307692308,1342.2564102564102,1342.2564102564102,59403.743589743586,0.21500548383788995,2.0251838461384812,1.1200946649881856,0.7892879125623896,0.08785485289459101,0.1565890036907232,0.8333150191239929,0.11648810522342203,0.20202717598015763,0.8626253749321589,0.19289963462451537,0.31130914449025426,0.04351772961051392,
B_argmax_matchE75,-1,1.0,23.666666666666668,85580.92307692308,2684.923076923077,2684.923076923077,59403.743589743586,0.198796131184605,1.6530329985967755,0.9259145648906902,0.7409621680925056,0.1508757526389537,0.2475798722963153,0.823787217215112,0.19866967436941063,0.3157952580628323,0.8835753686158765,0.302389331459289,0.44414809012974016,0.07551367427855574,
B_argmax_matchE75,1,0.02,1.0,9918.564102564103,12.051282051282051,12.051282051282051,14955.076923076924,0.2608178445401133,2.2058611139619306,1.233339479251022,0.716670677500637,0.003961983549166739,0.007876361338256766,0.7433013567628952,0.010798928936901337,0.02126953751929494,0.781050644512183,0.04761130651240878,0.08948003540122633,0.0008603004290491326,
B_argmax_matchE75,1,0.05,1.0,9918.564102564103,30.743589743589745,30.743589743589745,14955.076923076924,0.26451987988642633,2.11930423064295,1.1919120552646882,0.7064305191762056,0.008721461301981025,0.017213385619679042,0.7306908016488196,0.01850615568473619,0.03605514303569112,0.7816639830567836,0.06357965643267757,0.11727847636942308,0.002108001687403552,
B_argmax_matchE75,1,0.1,1.0,9918.564102564103,61.97435897435897,61.97435897435897,14955.076923076924,0.2605896032338581,2.0220519100646723,1.1413207566492651,0.7130071009693438,0.016209478900586986,0.03165139306789938,0.7399287632736468,0.029566106206345512,0.05676827690051406,0.7888549119471787,0.08647740895752104,0.1554496155329402,0.004249382764569743,
B_argmax_matchE75,1,0.25,1.0,9918.564102564103,155.74358974358975,155.74358974358975,14955.076923076924,0.238228715813148,1.8288508793478575,1.0335397975805027,0.7277616951966966,0.03837700058172273,0.07268035754803975,0.7727431947151452,0.06370818885493032,0.11727331457426196,0.8259063924315447,0.1543409867743908,0.2578506782700463,0.01071415456588372,
B_argmax_matchE75,1,0.5,1.0,9918.564102564103,311.8974358974359,311.8974358974359,14955.076923076924,0.22375648317641966,1.6324837687898461,0.9281201259831329,0.7220026421931486,0.07348366212614564,0.13268998201460405,0.7871972091154477,0.11394442534418066,0.1980032667242172,0.8511390630984261,0.2317869908820614,0.3612838160339322,0.02054735689407601,
B_argmax_matchE75,1,1.0,1.0,9918.564102564103,624.3076923076923,624.3076923076923,14955.076923076924,0.2120636589032469,1.3673684419383814,0.7897160504208142,0.6943968785750116,0.13499836092776307,0.22407102784269275,0.7865993392221571,0.2002443456140267,0.3163791510662272,0.8726687457157738,0.34529207997223493,0.4903835455979461,0.038121103646188086,
B_argmax_matchE75,2,0.02,2.0,17059.102564102563,20.974358974358974,20.974358974358974,24069.0,0.18319837157984228,1.9324717082098073,1.0578350398948246,0.7227835190177415,0.004603719584961469,0.0091456239226409,0.8115034970432089,0.014635016743749486,0.02872889189955805,0.8742136992077454,0.06763409369902984,0.12521921859340052,0.00099821863848428,
B_argmax_matchE75,2,0.05,2.0,17059.102564102563,53.23076923076923,53.23076923076923,24069.0,0.18148562162677243,1.8547013376424928,1.0180934796346326,0.7025334561061813,0.009547027113378567,0.01882380189319603,0.8165643744598329,0.023926327881958392,0.04643407939266816,0.8811042976385887,0.0880518662670023,0.159761881837208,0.002378330696025821,
B_argmax_matchE75,2,0.1,2.0,17059.102564102563,106.8974358974359,106.8974358974359,24069.0,0.1755295092437486,1.7669367828910714,0.97123314606741,0.7078821498648685,0.01777356668469588,0.034632761808696615,0.8216627363606167,0.03868469657803429,0.07379000344714577,0.8878984876884264,0.11757222828978871,0.2070821846380447,0.0047291128310755996,
B_argmax_matchE75,2,0.25,2.0,17059.102564102563,268.2307692307692,268.2307692307692,24069.0,0.17491223107134113,1.6030824121758893,0.8889973216236152,0.6973440239080785,0.03965848440490793,0.07486887251209247,0.8173149647082304,0.07506434837304042,0.13717089538146482,0.8959131984056332,0.18258712107374053,0.3020912594065793,0.01153759375560509,
B_argmax_matchE75,2,0.5,2.0,17059.102564102563,536.8461538461538,536.8461538461538,24069.0,0.17508449375220378,1.4302344249700247,0.8026594593611143,0.68692073467454,0.07355095080013481,0.13230637159570333,0.8120941921193396,0.12644332177161385,0.21791542050175863,0.9012921767356815,0.2627896134671626,0.4050651458347987,0.02246142208929946,
B_argmax_matchE75,2,1.0,2.0,17059.102564102563,1074.2820512820513,1074.2820512820513,24069.0,0.18276987329704603,1.1952485003244309,0.6890091868107385,0.6703466402867511,0.13671237735748773,0.22556636369907532,0.798282310152715,0.21545024033658186,0.33727111684458305,0.897236900086772,0.3774243506950906,0.5285383621520438,0.04270165583352128,
B_argmax_matchE75,4,0.02,4.0,30803.30769230769,35.717948717948715,35.717948717948715,34478.53846153846,0.23287573575367937,2.0215668508912334,1.1272212933224564,0.7363225428411956,0.006106394633404032,0.01210783174955177,0.8022358839084056,0.01939273790961385,0.037839725260972346,0.8414147352710105,0.08856745706098253,0.15973960604734408,0.0014678306077741442,
B_argmax_matchE75,4,0.05,4.0,30803.30769230769,90.2051282051282,90.2051282051282,34478.53846153846,0.24251617092060926,1.949640408952227,1.096078289936418,0.7266783313018843,0.012914457396407807,0.02535675202543571,0.7971264021763657,0.03186857932927753,0.06121101831293688,0.8367967580885047,0.1105179231096525,0.19457059415406844,0.0035855317904074833,
B_argmax_matchE75,4,0.1,4.0,30803.30769230769,180.87179487179486,180.87179487179486,34478.53846153846,0.24408693082099392,1.8770324171695956,1.060559673995295,0.7326988655582901,0.023988275802936786,0.04638708377465469,0.794702090802527,0.04929287897888674,0.09265324270531669,0.8339690795554355,0.13642580809872645,0.23341864565737394,0.0071575300200263986,
B_argmax_matchE75,4,0.25,4.0,30803.30769230769,453.05128205128204,453.05128205128204,34478.53846153846,0.23423535094783487,1.7280861425898417,0.9811607467688385,0.7445485562502441,0.05402384251630709,0.10037836666678332,0.8010747169354266,0.08959845545833914,0.16042341288666623,0.8421274418382109,0.19432235213209917,0.31292950132935776,0.018153906139061943,
B_argmax_matchE75,4,0.5,4.0,30803.30769230769,906.5897435897435,906.5897435897435,34478.53846153846,0.21435234981954165,1.5414611844907695,0.8779067671551556,0.7530152445849029,0.10058322308219256,0.17624940397142808,0.8152341390702637,0.15096086867844702,0.252571672579252,0.863531992779681,0.2754907503604465,0.41314095266451606,0.03595286763238837,
B_argmax_matchE75,4,1.0,4.0,30803.30769230769,1813.6923076923076,1813.6923076923076,34478.53846153846,0.20238134737275915,1.255186680220463,0.7287840137966111,0.7271083627680599,0.17874457602171293,0.284092016199052,0.8132567367526311,0.2500278064056393,0.37840526567371596,0.8799013250987378,0.3971346721665709,0.5415468923231316,0.06581523745722287,
B_argmax_matchE75,8,0.02,8.0,48755.794871794875,43.333333333333336,43.333333333333336,44439.41025641026,0.2839050388988077,2.2725243756072597,1.2782147072530337,0.7274900128672219,0.006706350130137578,0.013285925886447423,0.7647733930636844,0.021580926708283092,0.04192282268159455,0.7923656967449874,0.07981401633860215,0.1441362454006509,0.001596110004479075,
B_argmax_matchE75,8,0.05,8.0,48755.794871794875,108.94871794871794,108.94871794871794,44439.41025641026,0.280841209159238,2.205696782435535,1.2432689957973864,0.7285456654201055,0.013357048577473942,0.026210808326561672,0.7708366941260968,0.03210110664626112,0.06148698401649085,0.7939657022589042,0.09604936496389604,0.16997563100918722,0.0039537099887331055,
B_argmax_matchE75,8,0.1,8.0,48755.794871794875,218.56410256410257,218.56410256410257,44439.41025641026,0.2730094422676612,2.152117483243896,1.2125634627557789,0.7414516946086183,0.023344718446595844,0.04516850951660778,0.781642407040275,0.044227536128310825,0.083372126315477,0.8027305222737071,0.1107349876011455,0.19271631862478583,0.0080248593129426,
B_argmax_matchE75,8,0.25,8.0,48755.794871794875,547.1282051282051,547.1282051282051,44439.41025641026,0.24646713953414554,2.00409644210498,1.1252817908195625,0.7688040751031407,0.05148986184492513,0.09605399206348009,0.8053256362477194,0.07726945448685217,0.14009762934409428,0.8302585197679317,0.15289763342955792,0.25558777650004016,0.020367691400592806,
B_argmax_matchE75,8,0.5,8.0,48755.794871794875,1094.8974358974358,1094.8974358974358,44439.41025641026,0.22157026066194968,1.7769853762671255,0.9992778184645377,0.7748096362533055,0.09375331805914608,0.16592008596103047,0.8220649565802907,0.13025004860590353,0.22259571811514592,0.8568811601262254,0.22727966047083187,0.35486837480251876,0.039731906104268466,
B_argmax_matchE75,8,1.0,8.0,48755.794871794875,2190.3076923076924,2190.3076923076924,44439.41025641026,0.20189756754234997,1.4301054213370878,0.8160014944397188,0.7394995859461219,0.1670477783328049,0.26934397523306874,0.8199839430190923,0.2258866504114186,0.3498425618196004,0.8816557840102368,0.3520409122127751,0.49716044456895775,0.07114671088169744,
B_argmax_matchE75,16,0.02,15.692307692307692,70703.56410256411,48.717948717948715,48.717948717948715,54121.41025641026,0.32819372932006124,2.5977130685129217,1.4629533989164916,0.700522742605817,0.006190543018906565,0.012266050560940192,0.7245176044628377,0.0176439584476859,0.0343316393246433,0.7464414827241259,0.05765379410460527,0.10593623887259064,0.0015710882035807666,
B_argmax_matchE75,16,0.05,15.692307692307692,70703.56410256411,122.61538461538461,122.61538461538461,54121.41025641026,0.30286771112610356,2.446288166732173,1.3745779389291382,0.7373157200020695,0.012539344868489918,0.02463202543989518,0.7596710103007469,0.027400925174946487,0.05269107613672887,0.7756100469859831,0.07577343756744423,0.13686126508734955,0.004084332730636142,
B_argmax_matchE75,16,0.1,15.692307692307692,70703.56410256411,245.56410256410257,245.56410256410257,54121.41025641026,0.2824937195509338,2.3741109001531187,1.3283023098520264,0.7594529430454877,0.021930336815911698,0.04253248026023885,0.7809190050459033,0.03843480595240713,0.07293558246590728,0.7964708908824493,0.0918112657022716,0.1631380514882222,0.008470457207890842,
B_argmax_matchE75,16,0.25,15.692307692307692,70703.56410256411,614.5384615384615,614.5384615384615,54121.41025641026,0.24255847979812137,2.2046705718526107,1.2236145258253661,0.7893171553128258,0.04858850725264441,0.09104030159462885,0.8152217162504877,0.07020809652820734,0.12824117598679172,0.8333642981698324,0.13452956604217972,0.2288115583180054,0.0215980061332782,
B_argmax_matchE75,16,0.5,15.692307692307692,70703.56410256411,1229.4871794871794,1229.4871794871794,54121.41025641026,0.2176593375694442,1.9592345838896297,1.088446960729537,0.7880674966327942,0.08901055001496216,0.15847975777325146,0.8313811996187539,0.1194395483614591,0.20643219066699772,0.8607098344232799,0.19987393102445825,0.3201358379122428,0.042035975540201664,
B_argmax_matchE75,16,1.0,15.692307692307692,70703.56410256411,2459.4358974358975,2459.4358974358975,54121.41025641026,0.2002839570841902,1.5904230509286554,0.8953535040064228,0.7447762243340261,0.1555101731636872,0.25409381128726277,0.8245743175867619,0.20580644014821117,0.324830848838711,0.8828734362874261,0.31640527781798167,0.4584411263264043,0.07395689408003844,
C_grid,-1,0.005,23.666666666666668,742901.641025641,3714.076923076923,3714.076923076923,59403.743589743586,0.22944662047421333,1.6101166879779067,0.9197816542260602,0.6260690464143431,0.14244136630876472,0.22869804777590266,0.8263074850177452,0.17831981598565413,0.29133545669298033,0.8707548576832996,0.27660426869587745,0.41592197585984775,0.07040944067154171,0.10662600615975744
C_grid,-1,0.01,23.666666666666668,742901.641025641,7428.5641025641025,7428.5641025641025,59403.743589743586,0.24637913439967546,1.2933212419558184,0.769850188177747,0.5131109177426051,0.22431537829748657,0.30636829586580444,0.776214913134073,0.2802491751039888,0.40790128423443867,0.8679850287049234,0.39152921209891434,0.5364120452026603,0.09964866174406962,0.10662600615975744
C_grid,-1,0.02,23.666666666666668,742901.641025641,14857.641025641025,14857.641025641025,59403.743589743586,0.2730687130498886,0.9721506503325008,0.6226096816911947,0.4079494286831026,0.332145243892264,0.35897414426413615,0.6885425336544991,0.3929299879226264,0.4956132312587458,0.85955645048831,0.5033880167125407,0.6325191137641867,0.12369192198732708,0.10662600615975744
C_grid,-1,0.05,23.666666666666668,742901.641025641,37144.666666666664,37144.666666666664,59403.743589743586,0.3763371210847171,0.5785315750293933,0.4774343480570552,0.269132340585537,0.48640833291174657,0.340188046669524,0.5076416827395904,0.5503399152086548,0.5212777748281235,0.7855408012639565,0.6721282528776125,0.7210681476473576,0.11945792817902558,0.10662600615975744
C_grid,-1,0.1,23.666666666666668,742901.641025641,74289.84615384616,74289.84615384616,59403.743589743586,0.5271191625673032,0.3680038784158661,0.4475615204915847,0.1880336127569633,0.6265497421560209,0.28540206825838416,0.3751798834405342,0.6898468733955467,0.4800024543430767,0.6816833561775393,0.7963910180379998,0.7306668378209998,0.09700746426256956,0.10662600615975744
C_grid,-1,0.25,23.666666666666668,742901.641025641,185725.23076923078,185725.23076923078,59403.743589743586,0.8203988634430045,0.18031268876643558,0.50035577610472,0.11509399441732007,0.8382734050216905,0.20075776528311853,0.23912883369516727,0.8714548352772626,0.3712365757148531,0.5171337682274694,0.9181954474121775,0.6555573387964523,0.06381333522546641,0.10662600615975744
C_grid,-1,0.5,23.666666666666668,742901.641025641,371450.7948717949,371450.7948717949,59403.743589743586,1.2616721395469552,0.09521837876598219,0.6784452591564687,0.06924090320026326,0.9435906171755306,0.12839468221446707,0.14664203432011103,0.9521169434325665,0.2521478655707634,0.35477001420880694,0.965766333214217,0.5134193832724367,0.038692900848964956,0.10662600615975744
C_grid,-1,1.0,23.666666666666668,742901.641025641,742901.641025641,742901.641025641,59403.743589743586,1.9358765204147126,0.061778871760226915,0.9988276960874699,0.03731550024284807,0.9843589022631577,0.07173783414242878,0.08008027049847148,0.9864500482975663,0.14753475436888802,0.203610387809847,0.9889148911050666,0.3351088299383482,0.0207330300702103,0.10662600615975744
C_grid,1,0.005,1.0,404755.3846153846,2023.4102564102564,2023.4102564102564,14955.076923076924,0.21768070518305244,1.0277271012121272,0.6227039031975898,0.6339068276870292,0.22865350771559514,0.3277253860215964,0.8123206540535021,0.3096584277010715,0.44208492333825444,0.8769307008206372,0.4667044383957655,0.6022715412789561,0.07289564621537062,0.1
C_grid,1,0.01,1.0,404755.3846153846,4047.051282051282,4047.051282051282,14955.076923076924,0.23382145122885,0.8216856177418376,0.5277535344853437,0.5394684605914899,0.3234759871507887,0.39352402283522336,0.7706695879721444,0.4226604393060609,0.5373598767096435,0.8771281473734837,0.5744106204673443,0.6871903650605662,0.10347056749857443,0.1
C_grid,1,0.02,1.0,404755.3846153846,8094.666666666667,8094.666666666667,14955.076923076924,0.27415855939610345,0.5999810659166435,0.4370698126563735,0.4195727597445209,0.43520761123342694,0.4161027899924537,0.6825233579415647,0.5416749836578688,0.5939871900314014,0.8525974820418845,0.6872473145648323,0.7557079937243014,0.1200402145788927,0.1
C_grid,1,0.05,1.0,404755.3846153846,20237.410256410258,20237.410256410258,14955.076923076924,0.3582151945493256,0.3616761234418963,0.359945658995611,0.28612894760338414,0.5770984027304414,0.3741169234617271,0.5339506426975831,0.6713600528940972,0.5858493637580927,0.7820774902753815,0.7968017110755767,0.7846868864503136,0.11404900453709108,0.1
C_grid,1,0.1,1.0,404755.3846153846,40475.230769230766,40475.230769230766,14955.076923076924,0.4620389451401775,0.26096894345688776,0.36150394429853266,0.20019425517833256,0.6713607367798023,0.3025170275946124,0.4128987450082104,0.7501869602324527,0.5244788607380206,0.6987958822130556,0.8578690070193574,0.7653623304144485,0.08841348632676986,0.1
C_grid,1,0.25,1.0,404755.3846153846,101188.64102564103,101188.64102564103,14955.076923076924,0.6678214759495471,0.188525085046119,0.4281732804978331,0.11624993606163143,0.7797046839547291,0.19965349222114628,0.27163155257299954,0.8360684032660953,0.4042924595550787,0.562321990981377,0.9118370427257461,0.6899992165182172,0.05237425935880228,0.1
C_grid,1,0.5,1.0,404755.3846153846,202377.61538461538,202377.61538461538,14955.076923076924,0.8415317638290251,0.13903277682453077,0.4902822703267779,0.07563001794334905,0.8733259828729117,0.13781830460951056,0.18958936758216546,0.9035085142067509,0.3091325530382256,0.46452556387417854,0.9417925340076053,0.6156378947098572,0.033618648017051896,0.1
C_grid,1,1.0,1.0,404755.3846153846,404755.3846153846,404755.3846153846,14955.076923076924,1.0558657876329758,0.08901167022822305,0.5724387289305994,0.04586266820317812,0.9627675298937876,0.08704777774627,0.11838613277989637,0.9660653043969509,0.2090214811139612,0.33594733102563124,0.9741912633967339,0.494011334977789,0.02013055857524563,0.1
C_grid,2,0.005,2.0,548032.6153846154,2739.641025641026,2739.641025641026,24069.0,0.21559763305461338,0.9577207760612805,0.5866592045579468,0.6367370627918019,0.2130178650103361,0.31158123458491727,0.8027139069869261,0.29007489238788137,0.4201175572480256,0.8714485905586477,0.45264073742782596,0.5904225493071679,0.07642431453932941,0.10069677269002598
C_grid,2,0.01,2.0,548032.6153846154,5479.820512820513,5479.820512820513,24069.0,0.2337879636010107,0.7350259993264455,0.4844069814637281,0.5552372718989708,0.30966094799147104,0.3871783340812824,0.7775442921298954,0.40989979102141455,0.5278164208024683,0.8702495049839755,0.5871088046818863,0.6948237432549852,0.11019793965841786,0.10069677269002598
C_grid,2,0.02,2.0,548032.6153846154,10960.179487179486,10960.179487179486,24069.0,0.2702683844693086,0.51885683016499,0.3945626073171493,0.4429318296362203,0.4278278179930116,0.422493592758661,0.7067098159850568,0.5442876595607729,0.6028901228290733,0.8541104401000024,0.7113148324775111,0.7695445700661754,0.13179643910694938,0.10069677269002598
C_grid,2,0.05,2.0,548032.6153846154,27401.30769230769,27401.30769230769,24069.0,0.3473710354344065,0.3096746521429966,0.32852284378870156,0.30751998501767847,0.596356333255323,0.39589897159177234,0.5641834298020408,0.7003287576188191,0.6130813186209164,0.8017313434496303,0.8323922824049549,0.8097606047999444,0.12894244208863365,0.10069677269002598
C_grid,2,0.1,2.0,548032.6153846154,54802.97435897436,54802.97435897436,24069.0,0.45113497692808496,0.20970071281127894,0.330417844869682,0.2180862884734223,0.7123090520778239,0.3275189630330435,0.44132182235353395,0.7954548198522091,0.5566629144732924,0.7309024854273314,0.896646159251672,0.7966081500922915,0.10271713206754789,0.10069677269002598
C_grid,2,0.25,2.0,548032.6153846154,137007.94871794872,137007.94871794872,24069.0,0.699229832569639,0.1331118795318646,0.41617085605075177,0.12824545099641968,0.8509536859568039,0.22019047170174558,0.28594206634151703,0.8974092808694164,0.42693520864736645,0.585206540849963,0.9474144967973257,0.7136217994229187,0.062453004568915935,0.10069677269002598
C_grid,2,0.5,2.0,548032.6153846154,274016.1794871795,274016.1794871795,24069.0,0.9782699116783019,0.09308504059580551,0.5356774761370537,0.08064362411805064,0.9367749656099784,0.14718647917603975,0.18899503291291653,0.955503947995799,0.3111824464363436,0.45211175669628784,0.973967474578684,0.6077857777193278,0.038907071352465676,0.10069677269002598
C_grid,2,1.0,2.0,548032.6153846154,548032.6153846154,548032.6153846154,24069.0,1.31239132614267,0.06984900643226954,0.6911201662874699,0.04550371644736845,0.9818382072601028,0.08651502806577124,0.10996484574458061,0.9834193796710409,0.19601630271677448,0.29640946134846713,0.9868187256134223,0.44930913589601074,0.021596345151768493,0.10069677269002598
C_grid,4,0.005,4.0,637958.9743589744,3189.358974358974,3189.358974358974,34478.53846153846,0.21963308334841913,1.1770766789917557,0.6983548811700875,0.6616556718183823,0.19149197069441398,0.29115052457503837,0.8384504470938998,0.244286016671209,0.3746635528386136,0.8740541634635957,0.3798317346946779,0.524021909051558,0.07726882370633333,0.10175823798873107
C_grid,4,0.01,4.0,637958.9743589744,6379.128205128205,6379.128205128205,34478.53846153846,0.23663964230013704,0.9228636081355633,0.5797516252178502,0.5628250176488372,0.2851810402157065,0.369946345668165,0.8026898593392445,0.36146048308342993,0.49139699341605153,0.8700126187152759,0.5113986406458757,0.6373626359526986,0.11155456832399356,0.10175823798873107
C_grid,4,0.02,4.0,637958.9743589744,12758.71794871795,12758.71794871795,34478.53846153846,0.2611802187072862,0.6479774425598283,0.45457883063355725,0.45016441436775406,0.4129202603356401,0.4201057733357135,0.7291122642294092,0.5068518833286999,0.5892153658795901,0.8627156750084959,0.6478158087698103,0.7343576541594181,0.1378495025754582,0.10175823798873107
C_grid,4,0.05,4.0,637958.9743589744,31897.589743589742,31897.589743589742,34478.53846153846,0.34062858443363864,0.3798872513840591,0.36025791790884887,0.3061524118344398,0.5859079331485518,0.39316813019105307,0.5671058278249127,0.6671938139470434,0.6024178758187946,0.8115210612218829,0.7875726032592182,0.7936606258627178,0.1342069214159465,0.10175823798873107
C_grid,4,0.1,4.0,637958.9743589744,63795.53846153846,63795.53846153846,34478.53846153846,0.4550328851844512,0.24352416369438928,0.34927852443942026,0.2125463923417147,0.7094584658409335,0.32145097600464456,0.4265520014944404,0.7742498581026616,0.5402881513003626,0.7260158752431828,0.8702586255946039,0.7849240351592957,0.1053522334833691,0.10175823798873107
C_grid,4,0.25,4.0,637958.9743589744,159489.61538461538,159489.61538461538,34478.53846153846,0.6945036545571439,0.1358651234707612,0.41518438901395255,0.12616426338988124,0.8616143480843262,0.21777086204641366,0.2737415494052493,0.8997202991413445,0.41394199701224393,0.5737266638319078,0.9449255315163958,0.7054352519305578,0.06518665916985054,0.10175823798873107
C_grid,4,0.5,4.0,637958.9743589744,318979.4358974359,318979.4358974359,34478.53846153846,1.0328998659835757,0.08847230075010723,0.5606860833668416,0.07833772424327796,0.9492718639961307,0.1436924052260299,0.17616977333265485,0.9611506717176592,0.29449280534494904,0.42285320707177065,0.9744985931345715,0.5823971404788458,0.040159878303725166,0.10175823798873107
C_grid,4,1.0,4.0,637958.9743589744,637958.9743589744,637958.9743589744,34478.53846153846,1.5060709467539886,0.06616483614239763,0.7861178914481931,0.04309735184114047,0.9846495610464517,0.08227079200801614,0.09953944016501978,0.9863159947794276,0.17973268768295944,0.26180887511171375,0.988997726017777,0.40985234512235674,0.021755981194904198,0.10175823798873107
C_grid,8,0.005,8.0,700246.5897435897,3500.8205128205127,3500.8205128205127,44439.41025641026,0.22187017995775457,1.3911241811996362,0.8064971805786953,0.6425872761020981,0.1657858921902194,0.2594411161702735,0.8325714975583921,0.20654903236729802,0.32829617731712485,0.8744894907191886,0.3170981574119728,0.4617076320801973,0.07784198008823286,0.1035088371776429
C_grid,8,0.01,8.0,700246.5897435897,7002.025641025641,7002.025641025641,44439.41025641026,0.23868689620204164,1.0865114329477514,0.6625991645748964,0.5311523201602185,0.2551848014521825,0.3376995282660439,0.7906712272424825,0.32050542965701456,0.4507895096901156,0.8725034611792938,0.45356222016024433,0.5917579032297439,0.10816978393223585,0.1035088371776429
C_grid,8,0.02,8.0,700246.5897435897,14004.435897435897,14004.435897435897,44439.41025641026,0.2651638872137822,0.7932710379787431,0.5292174625962627,0.4250612757989329,0.3731310003379947,0.38856724158032246,0.7076630234469246,0.45057464884912574,0.5432222294941962,0.8615592621846281,0.5783637146827442,0.687683426694794,0.13186095244557103,0.1035088371776429
C_grid,8,0.05,8.0,700246.5897435897,35012.05128205128,35012.05128205128,44439.41025641026,0.34701605949736025,0.460228508993858,0.40362228424560914,0.29000591189699243,0.5446061589013993,0.3702774411891624,0.5424458255637268,0.6161356897357744,0.5675854034070428,0.8050150394298758,0.7367708856988505,0.7642971344323772,0.1286571256709222,0.1035088371776429
C_grid,8,0.1,8.0,700246.5897435897,70024.38461538461,70024.38461538461,44439.41025641026,0.47804871798048065,0.29166114742167076,0.3848549327010757,0.20217564252692943,0.6760512592451752,0.3063147618711226,0.4047184991172085,0.7402690033291537,0.5154606759499184,0.7121885115427775,0.843328553448056,0.7667813398235014,0.1024578331016562,0.1035088371776429
C_grid,8,0.25,8.0,700246.5897435897,175061.5641025641,175061.5641025641,44439.41025641026,0.7524175225466448,0.15482974436348532,0.45362363345506507,0.12218970778679612,0.858529484061552,0.21186375267653168,0.2585971517768358,0.8915940164483792,0.3956570226206754,0.5482906112338538,0.9348129863194032,0.6832860829916841,0.06553084950367438,0.1035088371776429
C_grid,8,0.5,8.0,700246.5897435897,350123.25641025644,350123.25641025644,44439.41025641026,1.1521321029400506,0.09457216914207753,0.6233521360410642,0.0739077450000809,0.9475072314055447,0.13629044763463702,0.16099095095892313,0.957057390741632,0.27293659061699843,0.38762889211154106,0.9692291189090912,0.5468642075127728,0.0396098003945023,0.1035088371776429
C_grid,8,1.0,8.0,700246.5897435897,700246.5897435897,700246.5897435897,44439.41025641026,1.7511122297861623,0.06909004696629749,0.9101011383762299,0.04003430895575063,0.9808731255544171,0.07669467139125007,0.08895183907355424,0.9833850907897889,0.1622810982541236,0.22921164006280953,0.9862897942366695,0.36824798829649796,0.021214799445940073,0.1035088371776429
C_grid,16,0.005,15.692307692307692,738910.1538461539,3694.051282051282,3694.051282051282,54121.41025641026,0.22115351603417516,1.5409783114608568,0.8810659137475161,0.6279845012756992,0.14978764157514304,0.2381441008922684,0.8324356531696756,0.1871427030505955,0.3034216869809061,0.8761422043004395,0.288919383081949,0.43061145439995785,0.07224928939995788,0.10552968408740988
C_grid,16,0.01,15.692307692307692,738910.1538461539,7388.615384615385,7388.615384615385,54121.41025641026,0.2444027761870044,1.228453888073363,0.7364283321301838,0.5136084156203166,0.23429961310856326,0.31560054806765037,0.7803695941735729,0.2922930268025672,0.4212152643250847,0.8691680731785724,0.4096900488238379,0.5527856011998216,0.10207890358812795,0.10552968408740988
C_grid,16,0.02,15.692307692307692,738910.1538461539,14777.74358974359,14777.74358974359,54121.41025641026,0.27188982046522686,0.9118093264157086,0.5918495734404677,0.4104251422897784,0.34777338526442525,0.3684135444766151,0.6940930185208031,0.41247280611861026,0.5118039313169661,0.8600924248193837,0.5268858458028141,0.6500005066114637,0.12654086087280952,0.10552968408740988
C_grid,16,0.05,15.692307692307692,738910.1538461539,36945.10256410256,36945.10256410256,54121.41025641026,0.3664390055571596,0.535337069913438,0.4508880377352988,0.2724937227357574,0.5061649477948541,0.34742035073380617,0.5148664367238265,0.5719686632214415,0.5344325451206675,0.7917758182194292,0.694350982770647,0.7361059155156501,0.12142272892419786,0.10552968408740988
C_grid,16,0.1,15.692307692307692,738910.1538461539,73890.66666666667,73890.66666666667,54121.41025641026,0.5081864731261795,0.3357860799179653,0.4219862765220724,0.19045707464113568,0.6454150819674194,0.28999134286521716,0.38157197292760087,0.7091770216634229,0.4897647361438793,0.6909459291955644,0.815077088061977,0.7436549260018969,0.09779730304194707,0.10552968408740988
C_grid,16,0.25,15.692307692307692,738910.1538461539,184727.38461538462,184727.38461538462,54121.41025641026,0.7930981005302296,0.1655811103451027,0.4793396054376661,0.11620695590363535,0.8486143922410572,0.20269155342572093,0.24301615458865053,0.8818904170983578,0.3767911463097537,0.524772747054068,0.9274374849299047,0.6638844400164334,0.06379940342422628,0.10552968408740988
C_grid,16,0.5,15.692307692307692,738910.1538461539,369455.0256410256,369455.0256410256,54121.41025641026,1.2338182185217768,0.09147911559683371,0.6626486670593054,0.07000856585896435,0.9485988908422044,0.12973849636987372,0.14950419572497856,0.9570299784540515,0.25654121621898524,0.36197123385985247,0.9701066738987655,0.5217107885558165,0.038548406280610265,0.10552968408740988
C_grid,16,1.0,15.692307692307692,738910.1538461539,738910.1538461539,738910.1538461539,54121.41025641026,1.9027971526156808,0.06226040978734025,0.9825287812015105,0.037834993830763254,0.9859925911504266,0.07269716011507939,0.08206164544336791,0.9877740467091133,0.1509146157408855,0.20968430390831103,0.9893942105295733,0.3434657492158183,0.02065662862231573,0.10552968408740988
C_on_B,-1,0.02,23.666666666666668,85580.92307692308,1711.1538461538462,1711.1538461538462,59403.743589743586,0.2079663018533126,2.0312474080461116,1.119606854949712,0.8072813331170468,0.07857697325074282,0.1429025056303853,0.8522932620739336,0.09785488754686651,0.17518981142014556,0.8711282874552131,0.16111606897657269,0.27150262275166964,0.04643996197072718,
C_on_B,-1,0.05,23.666666666666668,85580.92307692308,4278.615384615385,4278.615384615385,59403.743589743586,0.25028369073502293,1.599829920863945,0.925056805799484,0.6782950444872932,0.14238553770643295,0.23467616901223862,0.8007601320646137,0.17647825891882168,0.2887501614284626,0.8468269664107105,0.2722799077432716,0.4109753459016564,0.08049952536208321,
C_on_B,-1,0.1,23.666666666666668,85580.92307692308,8557.71794871795,8557.71794871795,59403.743589743586,0.2673997548081321,1.2724950875631387,0.7699474211856353,0.569353644270916,0.22761773172724994,0.32380449898124136,0.7544799315404681,0.2830714029633216,0.4103978156462622,0.8459736776584186,0.39890170566010935,0.5399946488161885,0.11366996378117013,
C_on_B,-1,0.25,23.666666666666668,85580.92307692308,21394.923076923078,21394.923076923078,59403.743589743586,0.2974017940772457,0.8524832497407002,0.574942521908973,0.41480149803399624,0.37455493826920144,0.39022984241931996,0.6339513634691016,0.43746747837726674,0.5153332321229267,0.8400977109003588,0.5510127102038908,0.6631833401939172,0.14122323539996237,
C_on_B,-1,0.5,23.666666666666668,85580.92307692308,42790.282051282054,42790.282051282054,59403.743589743586,0.39430464390188563,0.5156035463192542,0.4549540951105699,0.2913868608653885,0.49516212697924344,0.36364642051328444,0.4867357598509851,0.5729275427699121,0.5228242567307618,0.7696715560670941,0.7071351991237811,0.7344155045007212,0.127957912719519,
C_on_B,-1,1.0,23.666666666666668,85580.92307692308,85580.92307692308,85580.92307692308,59403.743589743586,0.5955815543006927,0.20687323184954415,0.4012273930751184,0.1913303536631034,0.6599400356098201,0.2947542160362892,0.3387725030429238,0.7883244587803437,0.4708453065777651,0.6218504308770838,0.9090498901126827,0.7351720079024745,0.09632834133901746,
C_on_B,1,0.02,1.0,9918.564102564103,197.84615384615384,197.84615384615384,14955.076923076924,0.17240422323158208,1.664049778454077,0.9182270008428296,0.8530005286770211,0.061849289396228406,0.11502828535973407,0.8733297314520966,0.0976189076129043,0.17474311906024928,0.8867709601895811,0.1844779153113439,0.30323597847763634,0.015848042108703775,
C_on_B,1,0.05,1.0,9918.564102564103,495.38461538461536,495.38461538461536,14955.076923076924,0.18800409248061017,1.4604354862788909,0.8242197893797505,0.8020290596361132,0.11349758224686973,0.1981578455475315,0.8372902132061628,0.14951272339740446,0.2528064030450058,0.8766169838676715,0.25691187961672124,0.39582958425312004,0.03604090198378608,
C_on_B,1,0.1,1.0,9918.564102564103,991.3589743589744,991.3589743589744,14955.076923076924,0.20067631617553106,1.0886935683189354,0.6446849422472333,0.7265599553998561,0.185577450988405,0.2940622069075771,0.8065378167960684,0.2675130586063744,0.4001692873001968,0.8785693119472364,0.43161975734996905,0.5770784879418954,0.05936180204116607,
C_on_B,1,0.25,1.0,9918.564102564103,2479.2051282051284,2479.2051282051284,14955.076923076924,0.24316723477745553,0.7563778573503805,0.4997725460639181,0.5685730373211623,0.30391592122031225,0.3935529826040899,0.7136619553922225,0.4318076174913307,0.5352895786943681,0.8657525801352938,0.6128839793036972,0.7150741246958595,0.09332293651135011,
C_on_B,1,0.5,1.0,9918.564102564103,4959.0,4959.0,14955.076923076924,0.3121756930416267,0.5131983756569348,0.4126870343492807,0.43930971106051114,0.38661988888715404,0.40854854961181875,0.6017786043352836,0.5340482876360436,0.5630265034946271,0.8078020047534323,0.7268797888027771,0.7627683741555117,0.11246422442062261,
C_on_B,1,1.0,1.0,9918.564102564103,9918.564102564103,9918.564102564103,14955.076923076924,0.43376359078006754,0.32897485395480575,0.38136922236743664,0.30384122961805093,0.4555510002311506,0.3620748994366127,0.46641239204636054,0.6170895186110028,0.5286570515454003,0.7188507851682395,0.8212867103845116,0.7645562280520991,0.10626229819176898,
C_on_B,2,0.02,2.0,17059.102564102563,340.6666666666667,340.6666666666667,24069.0,0.17621901821799774,1.5275252533398502,0.8518721357789238,0.7953039262332723,0.058896854303995716,0.10931430518820953,0.841947355980543,0.09610553226997637,0.17195214317873891,0.8854030885859016,0.19786776248654442,0.32225313096447883,0.018054626985020417,
C_on_B,2,0.05,2.0,17059.102564102563,852.5128205128206,852.5128205128206,24069.0,0.1832190764555997,1.2675917222945416,0.7254053993750706,0.7668006698102645,0.11575268936797843,0.20025144890414565,0.8224089939651963,0.16577430072304708,0.27491037863308554,0.8805480635727093,0.29628299492626364,0.44218458334762445,0.04050343780367938,
C_on_B,2,0.1,2.0,17059.102564102563,1705.4615384615386,1705.4615384615386,24069.0,0.19539248914446802,0.9775845201276138,0.5864885046360409,0.7125953760145702,0.1933120017802927,0.30244232593213444,0.8048328800011912,0.2729662730527716,0.40603835591634757,0.8795762967855125,0.44068796607605565,0.5855448426208194,0.06943381315257358,
C_on_B,2,0.25,2.0,17059.102564102563,4264.4358974358975,4264.4358974358975,24069.0,0.2497497026485275,0.6426119382419538,0.4461808204452406,0.573166438657254,0.32359970977778235,0.4107708267809411,0.7272722581463169,0.45180834213010296,0.5540756877279317,0.8555805130504683,0.6421040089099329,0.7309862609098773,0.11177972929964063,
C_on_B,2,0.5,2.0,17059.102564102563,8529.25641025641,8529.25641025641,24069.0,0.30738157350142054,0.3993565832496384,0.35336907837552944,0.44033104946100976,0.42457305900610254,0.4290805794381211,0.617031674800287,0.582368650809726,0.5956367452856127,0.8164951184112508,0.7801505084847544,0.7948804463151985,0.13012835081751747,
C_on_B,2,1.0,2.0,17059.102564102563,17059.102564102563,17059.102564102563,24069.0,0.46690057125386997,0.24293892074974358,0.35491974600180676,0.29808637037092056,0.5070461700380153,0.3730240346298888,0.4652695093374283,0.6911686065401419,0.5530529629979996,0.7194957375495956,0.8923256878472492,0.7931128230336918,0.11633194489805576,
C_on_B,4,0.02,4.0,30803.30769230769,615.5384615384615,615.5384615384615,34478.53846153846,0.14394190597983408,1.7180209643666404,0.9309814351732373,0.894521571400362,0.07433863918407453,0.1369556192198706,0.913318099323936,0.10396973842439525,0.1858869692429256,0.921281709515009,0.1831893710997435,0.3041472388690468,0.028675270027117908,
C_on_B,4,0.05,4.0,30803.30769230769,1539.6923076923076,1539.6923076923076,34478.53846153846,0.20176113596114334,1.3861511065641354,0.7939561212626395,0.8009579041186823,0.1360546737832041,0.23191577469877445,0.8473111677565976,0.1775580912089231,0.2926842578051218,0.8732208234121884,0.2862956152043028,0.4300970449398463,0.05732681041618046,
C_on_B,4,0.1,4.0,30803.30769230769,3079.871794871795,3079.871794871795,34478.53846153846,0.2319951479928374,1.0894028018213475,0.6606989749070924,0.7127751715814334,0.21615190149041758,0.3305555907634859,0.8068420233305422,0.2775470840455411,0.4114528696860689,0.8566684428441951,0.4225038156530191,0.5621329887069648,0.09077972607166042,
C_on_B,4,0.25,4.0,30803.30769230769,7700.4358974358975,7700.4358974358975,34478.53846153846,0.2630142830330324,0.7065346380253684,0.4847744605292004,0.5566822559916992,0.36628841140864093,0.43971657630928446,0.7249436939233396,0.47350746269243815,0.5697108908306528,0.850556539941507,0.6280602423859392,0.7185471629747867,0.13826164679939182,
C_on_B,4,0.5,4.0,30803.30769230769,15401.410256410256,15401.410256410256,34478.53846153846,0.31408055740442253,0.4178733956393506,0.3659769765218866,0.41164816907075785,0.4897492184319528,0.44494536479953767,0.6037945599521095,0.6168098090556444,0.6068468781896286,0.818484963920425,0.7673255151886771,0.7888786660360851,0.14720051018786975,
C_on_B,4,1.0,4.0,30803.30769230769,30803.30769230769,30803.30769230769,34478.53846153846,0.4901994615410649,0.21122168608428196,0.3507105738126734,0.2662184902128078,0.5893032105682333,0.36521301654795646,0.43078524004935287,0.7577905587080567,0.5467042197333943,0.6964150568869685,0.9126026399658763,0.7869909897173978,0.11844204954428282,
C_on_B,8,0.02,8.0,48755.794871794875,974.5897435897435,974.5897435897435,44439.41025641026,0.17813202189163166,1.8919192994515357,1.0350256606715835,0.8582328138890398,0.07594473734634268,0.13922937091159712,0.8810283475618655,0.09741293197640158,0.1749458890502444,0.8921075563689865,0.1652810165077432,0.2782656213732657,0.035889947885438825,
C_on_B,8,0.05,8.0,48755.794871794875,2437.25641025641,2437.25641025641,44439.41025641026,0.2301248536259201,1.5151907924211963,0.8726578230235581,0.7538278944690617,0.1374690786438328,0.23195211119331582,0.8237379263848371,0.1718216727865817,0.2837140147421938,0.8560538604530041,0.2675584529516741,0.4069219085275036,0.06741259828925553,
C_on_B,8,0.1,8.0,48755.794871794875,4875.025641025641,4875.025641025641,44439.41025641026,0.25348288594681057,1.1750037054829976,0.7142432957149041,0.6537267888427223,0.21899452001037203,0.32718582880992797,0.7844980441235493,0.27798162329021414,0.4091701141470578,0.8476860583615194,0.41184506069490884,0.5508306503859832,0.10204145031878888,
C_on_B,8,0.25,8.0,48755.794871794875,12188.564102564103,12188.564102564103,44439.41025641026,0.2773521331179274,0.7877056373699057,0.5325288852439166,0.4915427125621821,0.3694542816766325,0.41947362682004763,0.6861947448994601,0.4532839618260235,0.5431167525158108,0.8463481964177114,0.5844669866072354,0.6879120537017759,0.1418892269649659,
C_on_B,8,0.5,8.0,48755.794871794875,24377.615384615383,24377.615384615383,44439.41025641026,0.3380124319013058,0.4717696749789754,0.4048910534401406,0.35834115456291893,0.49777344795154405,0.4140552989295692,0.5578545941871875,0.5934144581119004,0.571639224246658,0.8064478252181377,0.733500516692843,0.765397114577859,0.14214230955416837,
C_on_B,8,1.0,8.0,48755.794871794875,48755.794871794875,48755.794871794875,44439.41025641026,0.5232734531649038,0.20774511111890206,0.365509282141903,0.23438890112158206,0.6302084058202951,0.3400869616765112,0.3943716052408231,0.7814809966847778,0.5213444922889374,0.672488342439792,0.9144163470803264,0.7719495379416429,0.11124187956101086,
C_on_B,16,0.02,15.692307692307692,70703.56410256411,1413.5897435897436,1413.5897435897436,54121.41025641026,0.1947148872018133,1.988595123436191,1.0916550053190022,0.8316282157747136,0.07816957843761599,0.14265395660118593,0.8639950881548907,0.09803759892314025,0.1757623737590905,0.8808794061781143,0.16269789958279382,0.2742369537129604,0.043285660280522505,
C_on_B,16,0.05,15.692307692307692,70703.56410256411,3534.8205128205127,3534.8205128205127,54121.41025641026,0.24420893117830753,1.578093820574013,0.9111513758761601,0.7088079806568853,0.1418155830383493,0.23578958983915627,0.8107371289259252,0.17520084790050564,0.2876041840593478,0.8507279606645556,0.2689874174796171,0.4079177178529741,0.07725484472120507,
C_on_B,16,0.1,15.692307692307692,70703.56410256411,7069.948717948718,7069.948717948718,54121.41025641026,0.26235962046787925,1.2469251933964263,0.7546424069321527,0.6009359667444515,0.2250216118124634,0.326582677518919,0.7662047352545097,0.27971693471170844,0.40875426767902123,0.8470698902455774,0.39987383213329697,0.540821368016842,0.11123425621600251,
C_on_B,16,0.25,15.692307692307692,70703.56410256411,17675.5641025641,17675.5641025641,54121.41025641026,0.2898800876799331,0.8337848353228159,0.5618324615013746,0.439022496657222,0.37452949169881705,0.4019171083289973,0.6520787382840082,0.44333429687494114,0.5256102692502964,0.84173090949278,0.5623721994934623,0.6714403128520069,0.14271452904832205,
C_on_B,16,0.5,15.692307692307692,70703.56410256411,35351.51282051282,35351.51282051282,54121.41025641026,0.3685081483020052,0.5026612322859721,0.43558469029398866,0.3110209718402903,0.4972894499636263,0.38047541039314864,0.5099352003083867,0.5798431752704699,0.539883686116021,0.7840312940893523,0.7163250246198908,0.7461548923710419,0.13277858857136662,
C_on_B,16,1.0,15.692307692307692,70703.56410256411,70703.56410256411,70703.56410256411,54121.41025641026,0.5703258322088339,0.20375094456354878,0.38703838838619137,0.20397455774497872,0.6548976914598895,0.30972641953727414,0.3562259284966776,0.7925666187724436,0.4888541672487944,0.6385841995474804,0.9137151888333579,0.7488097529285543,0.1009675707415436,
D_conf_sum,-1,0.02,23.666666666666668,85580.92307692308,1711.1538461538462,1711.1538461538462,59403.743589743586,0.2034296442133271,1.8736647747853747,1.0385472094993509,0.7879250190230654,0.10518150796588675,0.1848287531305083,0.8362359179738014,0.13518711571868527,0.23185259687951829,0.8734478965172383,0.22012111238063534,0.34976761095135195,0.05347381595521348,
D_conf_sum,-1,0.05,23.666666666666668,85580.92307692308,4278.615384615385,4278.615384615385,59403.743589743586,0.21348960746860357,1.4319323958433297,0.8227110016559667,0.6792121913916616,0.19303483352200734,0.29916277207657554,0.7897811385616944,0.24744935484075356,0.37494235512772406,0.8772823424864155,0.36020371794992734,0.5066557550293902,0.09879558513731578,
D_conf_sum,-1,0.1,23.666666666666668,85580.92307692308,8557.71794871795,8557.71794871795,59403.743589743586,0.2338647563611982,1.129333599999777,0.6815991781804875,0.551318252518089,0.2808097979361466,0.3696841507410333,0.7214061181287563,0.36020088852974624,0.477875096443729,0.8764918608602418,0.47868803252502884,0.6157826874391538,0.12839567424680923,
D_conf_sum,-1,0.25,23.666666666666668,85580.92307692308,21394.923076923078,21394.923076923078,59403.743589743586,0.28374980632859387,0.6361356762576058,0.45994274129309987,0.399708352035078,0.4189712785737677,0.406381400145364,0.5980964573937079,0.5122830113185708,0.5491102054694941,0.8413416517315361,0.6512296681588405,0.7315009961357055,0.14669266041038442,
D_conf_sum,-1,0.5,23.666666666666668,85580.92307692308,42790.282051282054,42790.282051282054,59403.743589743586,0.3768652340367366,0.36706644750698797,0.37196584077186234,0.28579366303210135,0.5274946633108013,0.367956498152288,0.4707856674131077,0.6403130128270118,0.5393630744763904,0.7614650677336808,0.8030613981564604,0.7784353009249192,0.12862253328983367,
D_conf_sum,-1,1.0,23.666666666666668,85580.92307692308,85580.92307692308,85580.92307692308,59403.743589743586,0.5955815543006927,0.20687323184954415,0.4012273930751184,0.1913303536631034,0.6599400356098201,0.2947542160362892,0.3387725030429238,0.7883244587803437,0.4708453065777651,0.6218504308770838,0.9090498901126827,0.7351720079024745,0.09632834133901746,
D_conf_sum,1,0.02,1.0,9918.564102564103,197.84615384615384,197.84615384615384,14955.076923076924,0.2405996245828379,1.7729682282883772,1.0067839264356075,0.7360580307847909,0.04666184076679061,0.0876178599517035,0.7777304397941857,0.07301761527432701,0.13320774207047284,0.8275272976386787,0.16453488160862045,0.2725673017117434,0.013637875209852482,
D_conf_sum,1,0.05,1.0,9918.564102564103,495.38461538461536,495.38461538461536,14955.076923076924,0.21209460268885238,1.4823807573404362,0.8472376800146443,0.7447655400847849,0.11242799629287259,0.19471408938890114,0.8063442906254531,0.15972999045539643,0.2655430486072275,0.865933063245863,0.2814775796690417,0.4222460401080114,0.033265507493426424,
D_conf_sum,1,0.1,1.0,9918.564102564103,991.3589743589744,991.3589743589744,14955.076923076924,0.1991606885290574,1.1789094600113121,0.6890350742701847,0.7172467323604702,0.19947855381287355,0.3106401713525605,0.8047582067957922,0.2697039837517515,0.40203907032949815,0.8839458286525615,0.41483265583122797,0.5614666692625889,0.06087884645074359,
D_conf_sum,1,0.25,1.0,9918.564102564103,2479.2051282051284,2479.2051282051284,14955.076923076924,0.22797610400447424,0.7613091216527259,0.49464261282860006,0.5968532887101898,0.31997424448577977,0.41447033722999094,0.7356487415029535,0.4433739908350235,0.5505756772084052,0.8714553973219075,0.6226522969753407,0.7231722243373867,0.10381541368714985,
D_conf_sum,1,0.5,1.0,9918.564102564103,4959.0,4959.0,14955.076923076924,0.28375709795101034,0.5031413656673365,0.3934492318091734,0.46125585383175693,0.40385815367431616,0.42802034321687826,0.6315715207532883,0.5552746145802998,0.5885194539352192,0.8319327001503322,0.7403586727946186,0.7811852647556177,0.11943709211060471,
D_conf_sum,1,1.0,1.0,9918.564102564103,9918.564102564103,9918.564102564103,14955.076923076924,0.43376359078006754,0.32897485395480575,0.38136922236743664,0.30384122961805093,0.4555510002311506,0.3620748994366127,0.46641239204636054,0.6170895186110028,0.5286570515454003,0.7188507851682395,0.8212867103845116,0.7645562280520991,0.10626229819176898,
D_conf_sum,2,0.02,2.0,17059.102564102563,340.6666666666667,340.6666666666667,24069.0,0.18735417251052333,1.5442873491414844,0.8658207608260039,0.710035100504181,0.04913366567570321,0.09170686607840654,0.8106489632595301,0.08572728560629972,0.1547148720955326,0.881500003296807,0.19801335337227988,0.32232704727049033,0.015215656018823834,
D_conf_sum,2,0.05,2.0,17059.102564102563,852.5128205128206,852.5128205128206,24069.0,0.18785385974151247,1.2818763595885143,0.7348651096650133,0.7053844437425454,0.11425482277383334,0.19588955299050206,0.8095278963445411,0.174789976942087,0.2864646878345535,0.8874678785113681,0.3213116227563706,0.47002670598002183,0.03711632834600298,
D_conf_sum,2,0.1,2.0,17059.102564102563,1705.4615384615386,1705.4615384615386,24069.0,0.1869500417758792,1.009450349431829,0.5982001956038542,0.6899566577737796,0.2080303200778106,0.3179154493099319,0.8029177638072232,0.2900384997780354,0.42418147320316824,0.8926061853177893,0.45561594335772115,0.6013468250506068,0.06987530083774188,
D_conf_sum,2,0.25,2.0,17059.102564102563,4264.4358974358975,4264.4358974358975,24069.0,0.22568575707743677,0.6067275191844476,0.4162066381309421,0.5803858830282457,0.34522245587238654,0.43052260968105727,0.7314616163307947,0.4843696909460725,0.5803096465890107,0.8730196268641657,0.6851107409989055,0.7655086272167765,0.12012851907408968,
D_conf_sum,2,0.5,2.0,17059.102564102563,8529.25641025641,8529.25641025641,24069.0,0.28723701605509877,0.3813486427811291,0.3342928294181139,0.44595098189764826,0.43832875336843086,0.439540759470552,0.6253609825726397,0.6050914333363249,0.612678446893007,0.8320273774402046,0.8017861255081487,0.8145003919531854,0.13415734611014787,
D_conf_sum,2,1.0,2.0,17059.102564102563,17059.102564102563,17059.102564102563,24069.0,0.46690057125387,0.24293892074974358,0.35491974600180676,0.29808637037092056,0.5070461700380153,0.3730240346298888,0.4652695093374283,0.6911686065401419,0.5530529629979996,0.7194957375495956,0.8923256878472492,0.7931128230336918,0.11633194489805576,
D_conf_sum,4,0.02,4.0,30803.30769230769,615.5384615384615,615.5384615384615,34478.53846153846,0.22631913759464908,1.6528411253991373,0.939580131496893,0.7655987675146037,0.06970262426804585,0.1275660866979189,0.8152109427270466,0.10583624659858518,0.187014678524187,0.8518263337749767,0.2124203143929349,0.33851933724450567,0.02546739058254911,
D_conf_sum,4,0.05,4.0,30803.30769230769,1539.6923076923076,1539.6923076923076,34478.53846153846,0.2043194409315556,1.3321039165987267,0.7682116787651412,0.7569684857675701,0.15601265581071816,0.25799837265854864,0.8227409127359209,0.21177586482560792,0.3358264063532457,0.8757333621645623,0.34537827340090405,0.49267491380584527,0.059655627491555875,
D_conf_sum,4,0.1,4.0,30803.30769230769,3079.871794871795,3079.871794871795,34478.53846153846,0.20766361946498293,1.0208138907287783,0.6142387550968805,0.6961443025773153,0.25611290706167966,0.3730169378938658,0.7974721216462924,0.33885489916529976,0.4736906278815422,0.8801910271407587,0.4917986508630622,0.6278835891178434,0.09976917913144888,
D_conf_sum,4,0.25,4.0,30803.30769230769,7700.4358974358975,7700.4358974358975,34478.53846153846,0.24587938348027288,0.6114220179711068,0.42865070072568984,0.5338861461635758,0.40208905114039734,0.45697328086423095,0.6981293240575719,0.5428288274963865,0.6083288886120543,0.8620739096591274,0.7038255307373449,0.7718955495378717,0.1417142226463079,
D_conf_sum,4,0.5,4.0,30803.30769230769,15401.410256410256,15401.410256410256,34478.53846153846,0.3042251699674156,0.3455671578956155,0.32489616393151555,0.4008820868601227,0.5064829292785463,0.445904658236524,0.5861972996614472,0.6564197523721738,0.617171940539931,0.8169942051141659,0.8164370946642924,0.8142718778476103,0.14630693860570115,
D_conf_sum,4,1.0,4.0,30803.30769230769,30803.30769230769,30803.30769230769,34478.53846153846,0.4901994615410649,0.21122168608428196,0.3507105738126734,0.2662184902128078,0.5893032105682333,0.36521301654795646,0.43078524004935287,0.7577905587080567,0.5467042197333943,0.6964150568869685,0.9126026399658763,0.7869909897173978,0.11844204954428282,
D_conf_sum,8,0.02,8.0,48755.794871794875,974.5897435897435,974.5897435897435,44439.41025641026,0.22104402843966353,1.7955149559704382,1.0082794922050506,0.7890243858025541,0.08401108891072176,0.15155064980937727,0.8295441469710343,0.11454087389894774,0.20087056409872495,0.8584337081053116,0.20498988924759481,0.329628068177555,0.03656851224174447,
D_conf_sum,8,0.05,8.0,48755.794871794875,2437.25641025641,2437.25641025641,44439.41025641026,0.2045743246809354,1.3813416196161095,0.7929579721485224,0.7387751890910104,0.17695561994957024,0.28453959413914814,0.817137773120932,0.23109798780801577,0.35878698477552223,0.8796996241298183,0.3532525176245707,0.5009085751767136,0.07801261545462536,
D_conf_sum,8,0.1,8.0,48755.794871794875,4875.025641025641,4875.025641025641,44439.41025641026,0.22027201976509977,1.065882393252952,0.6430772065090259,0.6368403941806414,0.269330444302733,0.3770026431950189,0.7679583662651067,0.35286937289584747,0.48143117099580973,0.8766124894629365,0.4919639537356943,0.6263197702664094,0.11532306133717693,
D_conf_sum,8,0.25,8.0,48755.794871794875,12188.564102564103,12188.564102564103,44439.41025641026,0.2600658211974491,0.6548612637877941,0.45746354249262156,0.4686816420486804,0.4174352228212963,0.4395943853678689,0.654157227112985,0.536617239331931,0.5867648124751559,0.8576494621804406,0.6748204443610836,0.7524798932819323,0.14600309485172877,
D_conf_sum,8,0.5,8.0,48755.794871794875,24377.615384615383,24377.615384615383,44439.41025641026,0.3256479983954132,0.3498924062818316,0.3377702023386224,0.3496170172735336,0.5267221748036864,0.41841621436147575,0.5393776470899433,0.6563765029599047,0.5895120128999991,0.8021480983243993,0.8111238861152641,0.8038360836448779,0.14244430781879444,
D_conf_sum,8,1.0,8.0,48755.794871794875,48755.794871794875,48755.794871794875,44439.41025641026,0.5232734531649038,0.20774511111890206,0.365509282141903,0.23438890112158206,0.6302084058202951,0.3400869616765112,0.3943716052408231,0.7814809966847778,0.5213444922889374,0.672488342439792,0.9144163470803264,0.7719495379416429,0.11124187956101086,
D_conf_sum,16,0.02,15.692307692307692,70703.56410256411,1413.5897435897436,1413.5897435897436,54121.41025641026,0.2107010655896336,1.8572979282853537,1.0339994969374935,0.7917946798171801,0.09881372285576333,0.17527410798431792,0.8355244258248604,0.1283120630399992,0.2219077690762492,0.868390738916552,0.21315569962665712,0.3407566617789795,0.04798329793896583,
D_conf_sum,16,0.05,15.692307692307692,70703.56410256411,3534.8205128205127,3534.8205128205127,54121.41025641026,0.21120456645524813,1.4124548014388687,0.8118296839470585,0.7025802848428823,0.19098598938121397,0.299230199466628,0.800542405947788,0.24438085999205747,0.3729269373948801,0.8776087025279898,0.3575722426495851,0.5051817785523741,0.09348669456813888,
D_conf_sum,16,0.1,15.692307692307692,70703.56410256411,7069.948717948718,7069.948717948718,54121.41025641026,0.23135989120451128,1.102460279374973,0.6669100852897422,0.5783165743748038,0.27858102811724733,0.3746733643692468,0.7341990898467711,0.36083674859127535,0.4816829324180824,0.8752708415973246,0.48750801501870245,0.6219613995966884,0.12555838947840928,
D_conf_sum,16,0.25,15.692307692307692,70703.56410256411,17675.5641025641,17675.5641025641,54121.41025641026,0.2761988837562593,0.6325484932675716,0.4543736885119154,0.4204553994412949,0.420328636578148,0.41849805640119725,0.614319365524531,0.5213237593360481,0.561407930544984,0.8462476180022401,0.6602010774073371,0.7392440415138273,0.14768357582378405,
D_conf_sum,16,0.5,15.692307692307692,70703.56410256411,35351.51282051282,35351.51282051282,54121.41025641026,0.3575193729875634,0.35375977584686563,0.3556395744172145,0.30435442591281325,0.5292754323284435,0.38458806578612115,0.49147052372432315,0.6488935508146059,0.5566154842478491,0.775131103645867,0.809388748713316,0.7890228578669419,0.1332854679587918,
D_conf_sum,16,1.0,15.692307692307692,70703.56410256411,70703.56410256411,70703.56410256411,54121.41025641026,0.5703258322088339,0.20375094456354878,0.3870383883861913,0.20397455774497872,0.6548976914598895,0.30972641953727414,0.3562259284966776,0.7925666187724436,0.4888541672487944,0.6385841995474804,0.9137151888333579,0.7488097529285543,0.1009675707415436,
E_conf_filter50,-1,0.02,23.666666666666668,6917.307692307692,137.89743589743588,137.89743589743588,59403.743589743586,0.2932194108404754,2.552602317185216,1.4229108640128458,0.7479570327937841,0.012037473874123463,0.023670021478807948,0.771341070925993,0.024595908211834345,0.0475554649283493,0.7868736396843552,0.06756924157835532,0.12381899171263323,0.004253421859979596,
E_conf_filter50,-1,0.05,23.666666666666668,6917.307692307692,345.38461538461536,345.38461538461536,59403.743589743586,0.25700643216039243,2.4257505742923673,1.3413785032263799,0.7842479662090781,0.02576152662963856,0.049756853650904376,0.8050698672477434,0.04108905839407494,0.07785553087729728,0.8207373740769893,0.09161724359744489,0.16365138470904833,0.01143052923827079,
E_conf_filter50,-1,0.1,23.666666666666668,6917.307692307692,691.3076923076923,691.3076923076923,59403.743589743586,0.23265712815146772,2.259038292897576,1.2458477105245218,0.8008314369823902,0.04796070089511672,0.09006065488778935,0.8246403238038178,0.06694603232469191,0.12293564630774395,0.8455324407199689,0.12828003930630472,0.2200084973241155,0.023399650379565862,
E_conf_filter50,-1,0.25,23.666666666666668,6917.307692307692,1728.923076923077,1728.923076923077,59403.743589743586,0.21013690859829856,1.8802230364996255,1.045179972548962,0.7808652802487047,0.10430546591736456,0.18267250876391194,0.8303637992804936,0.13519110729746045,0.23022945924421392,0.8683843700138292,0.2230795055518685,0.3497368619538267,0.05390423786607414,
E_conf_filter50,-1,0.5,23.666666666666668,6917.307692307692,3458.4102564102564,3458.4102564102564,59403.743589743586,0.21987637515934175,1.5639620713072104,0.8919192232332761,0.7030716897692384,0.16478053149695904,0.2645781598697803,0.7926269823615557,0.20615419621541542,0.32395844916955585,0.8651268262974352,0.3098824194872852,0.450512602800888,0.08656041294929952,
E_conf_filter50,-1,1.0,23.666666666666668,6917.307692307692,6917.307692307692,6917.307692307692,59403.743589743586,0.25393427148858666,1.2998826426380892,0.776908457063338,0.5995966596617338,0.22549076146957803,0.3228600994090024,0.7353139744860899,0.27959386170029327,0.40003480969688393,0.8482135591787682,0.39215053831163144,0.5302845025218084,0.11472118314873239,
E_conf_filter50,1,0.02,1.0,1527.5897435897436,30.025641025641026,30.025641025641026,14955.076923076924,0.2634619063225868,2.1215684088246176,1.1925151575736022,0.7078004445466516,0.008237861131951525,0.016277550671056237,0.7313416724522059,0.017905226304938154,0.0349239533692777,0.7825023535585393,0.0625368051143972,0.11552065307217912,0.0020786382307158425,
E_conf_filter50,1,0.05,1.0,1527.5897435897436,75.84615384615384,75.84615384615384,14955.076923076924,0.2579638216343169,1.9844777348470108,1.1212207782406638,0.7201923170640359,0.018954111265401044,0.03690475488221858,0.7487562980842685,0.033717450910195394,0.06445699696299778,0.7963346145149985,0.09594186590142476,0.170640294839383,0.0052579844968156375,
E_conf_filter50,1,0.1,1.0,1527.5897435897436,152.23076923076923,152.23076923076923,14955.076923076924,0.24708732805651892,1.8376879007621114,1.0423876144093152,0.7263853283672136,0.03591822694771889,0.06834840097310531,0.7675859245280521,0.059001010511002594,0.10933853658791086,0.8190256742272042,0.14573189557797286,0.24536667686300626,0.010498161998133929,
E_conf_filter50,1,0.25,1.0,1527.5897435897436,381.46153846153845,381.46153846153845,14955.076923076924,0.22967728152610084,1.5750916063693658,0.9023844439477333,0.7336188286189392,0.0862695947181624,0.15393278223701629,0.7892891864569995,0.12634091112992488,0.2167924555255079,0.849757999368239,0.24111681353529732,0.3724461595542415,0.02580493597495672,
E_conf_filter50,1,0.5,1.0,1527.5897435897436,763.4871794871794,763.4871794871794,14955.076923076924,0.2137801065210723,1.2863000321361189,0.7500400693285956,0.7450751009112615,0.16491434314574757,0.26878797489058154,0.8046432618935633,0.2191212196529272,0.3424216941835941,0.8677401535306928,0.34865313738809534,0.49347420385372753,0.051253941808295754,
E_conf_filter50,1,1.0,1.0,1527.5897435897436,1527.5897435897436,1527.5897435897436,14955.076923076924,0.22600841242865344,1.0779269689887012,0.6519676907086773,0.7105230427462307,0.2341219153484292,0.34990425046896423,0.788789666671666,0.29309501504259367,0.42406800373241155,0.8620841867602898,0.4295701900905802,0.5688909084626415,0.08563108212100629,
E_conf_filter50,2,0.02,2.0,2579.974358974359,51.07692307692308,51.07692307692308,24069.0,0.18111835310441274,1.856439619632593,1.0187789863685028,0.7149039639129245,0.009187026271684745,0.018131389364891837,0.8205088081824938,0.022926550054382284,0.04456470770749809,0.8796138506841448,0.08632789506176498,0.15687192489965088,0.002300831705434132,
E_conf_filter50,2,0.05,2.0,2579.974358974359,128.3846153846154,128.3846153846154,24069.0,0.1835913139592065,1.7346414178823484,0.9591163659207774,0.7094856166612266,0.02035347979393058,0.03953918293965449,0.8144422504065478,0.04223387626954518,0.08021749306315913,0.8797358711130567,0.12541744581161046,0.21903837994188335,0.005729316417187634,
E_conf_filter50,2,0.1,2.0,2579.974358974359,257.4871794871795,257.4871794871795,24069.0,0.18457912586756384,1.6074274749996982,0.896003300433631,0.706422277354358,0.037701908789657526,0.07147311615533135,0.8077000351355483,0.06921882857260823,0.1272519175631409,0.8838401817432563,0.1736084633536803,0.2891815565369209,0.011476727384682053,
E_conf_filter50,2,0.25,2.0,2579.974358974359,644.5384615384615,644.5384615384615,24069.0,0.19373259057404532,1.364256342556776,0.7789944665654106,0.7051497492952659,0.08766094818386189,0.1555103277292927,0.8031305532479498,0.1391355988199672,0.23637506087661506,0.8790047024775283,0.2792393481830507,0.4219386962999293,0.028767535811090914,
E_conf_filter50,2,0.5,2.0,2579.974358974359,1289.6923076923076,1289.6923076923076,24069.0,0.199202694477973,1.1034520268292873,0.6513273606536301,0.7132028474648688,0.16753896707970858,0.2702109012013939,0.8015070781320712,0.23670859830382115,0.36380170236550846,0.8737466447589867,0.3924707235204377,0.5387954642144448,0.05730428821356796,
E_conf_filter50,2,1.0,2.0,2579.974358974359,2579.974358974359,2579.974358974359,24069.0,0.21924510841605852,0.9148852136332193,0.567065161024639,0.6827425589137764,0.2447741410679341,0.358043533055807,0.7813993447425717,0.3174630238736679,0.4487515762633211,0.8635140500562667,0.4794733988261133,0.6132754262002162,0.09739299748647141,
E_conf_filter50,4,0.02,4.0,4113.153846153846,81.7948717948718,81.7948717948718,34478.53846153846,0.24559670611992063,1.9577686459703365,1.1016826760451286,0.7270367886826494,0.011439466986682212,0.022514999403606167,0.7945599537054355,0.029099909666819447,0.056089750071401066,0.8312007516199895,0.10627638203235247,0.1877830501182211,0.003185489581979111,
E_conf_filter50,4,0.05,4.0,4113.153846153846,205.23076923076923,205.23076923076923,34478.53846153846,0.2507504534012997,1.8613921729673346,1.0560713131843171,0.7328219340879197,0.02581497133641065,0.04982503413470017,0.7893617850430734,0.05101755904842466,0.09567010049789247,0.8269989223803618,0.13848022123056827,0.23604309389390649,0.008056158726707483,
E_conf_filter50,4,0.1,4.0,4113.153846153846,410.8974358974359,410.8974358974359,34478.53846153846,0.23575335937212422,1.7416922432934103,0.9887228013327671,0.7527611851159312,0.04827590124231701,0.09055898352492078,0.8033345575449633,0.08115756084477815,0.14690551040476357,0.8411305488605257,0.1838250466998992,0.299093474027454,0.016668575986506912,
E_conf_filter50,4,0.25,4.0,4113.153846153846,1027.974358974359,1027.974358974359,34478.53846153846,0.21690443466842255,1.4956964227811462,0.8563004287247844,0.7615908104193148,0.10930442327628132,0.190405482454561,0.8167217523094202,0.15657998194485492,0.26120542013364706,0.8621380217431557,0.28208635685143674,0.42061049090409497,0.0412974290161965,
E_conf_filter50,4,0.5,4.0,4113.153846153846,2056.3076923076924,2056.3076923076924,34478.53846153846,0.21126812700006753,1.2093283990899397,0.7102982630450037,0.7418425117516398,0.19170248975351617,0.30302051772088484,0.8116134466864686,0.2520605070764018,0.3819169509874843,0.8698098970850807,0.3959931996927287,0.5385223006427706,0.07619049006826183,
E_conf_filter50,4,1.0,4.0,4113.153846153846,4113.153846153846,4113.153846153846,34478.53846153846,0.2399370864376651,0.9697455791553361,0.6048413327965007,0.6713765232574295,0.27250972764555526,0.3843950095052907,0.7703026126652438,0.34547699281767974,0.4726740137550466,0.8510922638881852,0.49518538239599325,0.6203676124954438,0.11681165213442468,
E_conf_filter50,8,0.02,8.0,5275.923076923077,105.05128205128206,105.05128205128206,44439.41025641026,0.2838697105085822,2.2084642818190092,1.2461669961637956,0.7231490032583319,0.012427458062347482,0.024419174597755784,0.7674244858507427,0.030867122166462042,0.059203588482933625,0.7904697083199534,0.09423812669812771,0.16700844755605765,0.003658739130983065,
E_conf_filter50,8,0.05,8.0,5275.923076923077,263.3333333333333,263.3333333333333,44439.41025641026,0.2654495755296859,2.127542908784355,1.1964962421570204,0.7527290841250555,0.02624595968962633,0.0506349024221497,0.7893179205614276,0.04730388854289307,0.08889307965821931,0.8115834137224539,0.1148745007384915,0.19923555848746566,0.009622535455219097,
E_conf_filter50,8,0.1,8.0,5275.923076923077,527.1794871794872,527.1794871794872,44439.41025641026,0.24347196122958645,2.00163214753481,1.1225520543821983,0.7780932310341732,0.04844671751233265,0.09091778120807592,0.8113696011370216,0.07289411878309955,0.13304235769060077,0.8354031200856205,0.1480775025404094,0.24902718943966853,0.019865721720149956,
E_conf_filter50,8,0.25,8.0,5275.923076923077,1318.5897435897436,1318.5897435897436,44439.41025641026,0.21315235044593997,1.675677063140016,0.9444147067929779,0.7788016843124964,0.10751705572370622,0.18786899743411256,0.8283013938904714,0.14601572572602978,0.24607456414332204,0.86729787299095,0.2507880260806914,0.38396639743245115,0.04750241052546897,
E_conf_filter50,8,0.5,8.0,5275.923076923077,2637.641025641026,2637.641025641026,44439.41025641026,0.21459730787121328,1.3659055052809153,0.7902514065760642,0.7293169744129333,0.18096353468247242,0.28765110849212344,0.8069065296066867,0.2333359589510745,0.35803153650611047,0.8686068944008843,0.3583660169623504,0.5002255350357632,0.08178979526344957,
E_conf_filter50,8,1.0,8.0,5275.923076923077,5275.923076923077,5275.923076923077,44439.41025641026,0.24718339120853722,1.1141809256719581,0.6806821584402477,0.6386911912849961,0.25420026551653113,0.3591810039126083,0.7569594369519902,0.31837476861477504,0.4427726659289493,0.8491319930980523,0.448754244415087,0.5805833922969876,0.1162894476479121,
E_conf_filter50,16,0.02,15.692307692307692,6246.897435897436,124.51282051282051,124.51282051282051,54121.41025641026,0.29741989566178706,2.441829954845051,1.3696249252534187,0.7438529907445162,0.012195263223532931,0.023971919982496967,0.7647137070512816,0.02702471946158968,0.051993032480996744,0.7817668231900744,0.07590236712480694,0.13701996145857379,0.0040658769970548115,
E_conf_filter50,16,0.05,15.692307692307692,6246.897435897436,311.87179487179486,311.87179487179486,54121.41025641026,0.26378982264195827,2.339247922567145,1.3015188726045517,0.7774301917396642,0.02572953085860716,0.049691197575715385,0.7980622086498175,0.04250146429972241,0.08034902157964001,0.8148249639587544,0.09673995801703152,0.17157797768064245,0.010844002916322634,
E_conf_filter50,16,0.1,15.692307692307692,6246.897435897436,624.2820512820513,624.2820512820513,54121.41025641026,0.23644705758979348,2.1852238924367637,1.2108354750132786,0.7978137107752818,0.04769025619319023,0.08961711518548234,0.821658958294787,0.06814234244065916,0.12499797328896217,0.8421938041617838,0.13369201880311274,0.2278476747188229,0.022224551310402074,
E_conf_filter50,16,0.25,15.692307692307692,6246.897435897436,1561.3076923076924,1561.3076923076924,54121.41025641026,0.21220314246922248,1.8244047826903689,1.0183039625797956,0.7827059019777912,0.10494587381071148,0.1837746643161249,0.8307509175412298,0.1374057186353867,0.23351709683574343,0.8678999112971161,0.22891597629749993,0.3570529138730279,0.05192479957016456,
E_conf_filter50,16,0.5,15.692307692307692,6246.897435897436,3123.1794871794873,3123.1794871794873,54121.41025641026,0.2178640922012211,1.5044376596518754,0.8611508759265482,0.7141362999281274,0.16991426831083783,0.27199994603206634,0.7981845201319461,0.21460969409266717,0.334463918793281,0.8669152081031194,0.32389318017322694,0.46488320707575964,0.08499564298080152,
E_conf_filter50,16,1.0,15.692307692307692,6246.897435897436,6246.897435897436,6246.897435897436,54121.41025641026,0.25180496250498824,1.243604797874315,0.7477048801896516,0.6151336920889465,0.23425116677257007,0.334275850555354,0.7426723016593985,0.2906584042624667,0.4121209537319406,0.8482101546195091,0.4086169981965684,0.5445692743594951,0.11522439257531464,
E_conf_filter75,-1,0.02,23.666666666666668,2684.923076923077,53.23076923076923,53.23076923076923,59403.743589743586,0.3657203394923778,2.839426949189166,1.6025736443407719,0.6699478966632019,0.00506483748976356,0.010048571339922598,0.6924737143289108,0.012260473304638706,0.024052243783126936,0.716120989057852,0.04106361483194997,0.0772205707681572,0.0015295644371357007,
E_conf_filter75,-1,0.05,23.666666666666668,2684.923076923077,133.82051282051282,133.82051282051282,59403.743589743586,0.3382353124643602,2.63583852922012,1.4870369208422398,0.7105513701373899,0.01131355105830876,0.02224603225470476,0.7316163578712965,0.02233059266108095,0.04321091668489389,0.7525028780681594,0.06129292911017238,0.11258400162319344,0.004085267242830528,
E_conf_filter75,-1,0.1,23.666666666666668,2684.923076923077,268.0769230769231,268.0769230769231,59403.743589743586,0.289454047510013,2.4866141578170518,1.3880341026635326,0.7542876360962644,0.020869445584452008,0.04051772501503515,0.775913894319741,0.03450001331892733,0.06578484328573322,0.7951511270241096,0.08088386624103985,0.14573826854108513,0.008750797101171366,
E_conf_filter75,-1,0.25,23.666666666666668,2684.923076923077,670.9230769230769,670.9230769230769,59403.743589743586,0.23721139035009925,2.267207647776591,1.252209519063345,0.796949472044546,0.0467463568862634,0.08781561055420108,0.8188104380818559,0.06416287593411123,0.11812081777285541,0.8375544660855383,0.12122537018056466,0.2097649149501874,0.022446164487092683,
E_conf_filter75,-1,0.5,23.666666666666668,2684.923076923077,1342.2564102564102,1342.2564102564102,59403.743589743586,0.2292287525742069,2.002146613061275,1.1156876828177407,0.7891823006900385,0.08175879578011677,0.1469405293935115,0.819019578405428,0.10411840447876297,0.1829024745002778,0.8458821177696111,0.1733297562743179,0.2844546466472118,0.04241599959683183,
E_conf_filter75,-1,1.0,23.666666666666668,2684.923076923077,2684.923076923077,2684.923076923077,59403.743589743586,0.2329270801601984,1.6962146449218103,0.9645708625410043,0.7332010539446255,0.1268105284821469,0.21374097495629635,0.794519602844428,0.15610215025946853,0.2581872746776333,0.8420994894479932,0.2419669490472271,0.3718005386441752,0.07167154420653882,
E_conf_filter75,1,0.02,1.0,624.3076923076923,12.051282051282051,12.051282051282051,14955.076923076924,0.2925043936857061,2.262440084631398,1.277472239158552,0.6924347282646878,0.0039554733691215,0.007861854293241754,0.719065407526946,0.010736153950558899,0.021133469439372454,0.7571708206323591,0.045765013883661755,0.08597105700341333,0.0008115248972139732,
E_conf_filter75,1,0.05,1.0,624.3076923076923,30.743589743589745,30.743589743589745,14955.076923076924,0.27356854446021334,2.112238053369019,1.192903298914616,0.7099692711745954,0.009000541323373393,0.017757682641717506,0.7302340279368972,0.019222369893785726,0.037396206911742724,0.7754061263698652,0.06481965392426915,0.1191496269371999,0.002093387915177162,
E_conf_filter75,1,0.1,1.0,624.3076923076923,61.97435897435897,61.97435897435897,14955.076923076924,0.24913393154338728,2.018964135685181,1.134049033614284,0.7507051833648669,0.01731195341248628,0.03378266654834204,0.7665416217435099,0.03107561650815078,0.05958916004478871,0.8037843634815811,0.08562068340361596,0.15431891666755015,0.004328650801287671,
E_conf_filter75,1,0.25,1.0,624.3076923076923,155.74358974358975,155.74358974358975,14955.076923076924,0.22799462180925034,1.8287055684913156,1.028350095150283,0.7747109471668443,0.04071678504379767,0.07711358924516722,0.7956893242266343,0.06241000310873316,0.11528450992974967,0.8255047670337381,0.13552305597760944,0.23193827263975783,0.011465962610963543,
E_conf_filter75,1,0.5,1.0,624.3076923076923,311.8974358974359,311.8974358974359,14955.076923076924,0.21426025462566495,1.6271179505307705,0.9206891025782178,0.7939604794064462,0.07844824160588396,0.14198219046628913,0.8170342872637273,0.10877516054358616,0.1909367611653357,0.8467969627419972,0.1965792801258045,0.31765669727269563,0.023236865171559686,
E_conf_filter75,1,1.0,1.0,624.3076923076923,624.3076923076923,624.3076923076923,14955.076923076924,0.2248219269151872,1.4348581195013013,0.8298400232082443,0.7809628602958519,0.1272008353238349,0.21731781605209208,0.805989160824109,0.16193250566712933,0.26812021146657633,0.8435362394918737,0.26050783023786506,0.39620466684214695,0.04451169899917422,
E_conf_filter75,2,0.02,2.0,1074.2820512820513,20.974358974358974,20.974358974358974,24069.0,0.18320315061709017,2.108741875610766,1.145972513113928,0.6831204509461237,0.0041485385702741545,0.008243276528952142,0.804754763486009,0.012520538106474768,0.024635178035324185,0.8781152337118042,0.056581713099376256,0.1059394825384197,0.0009398784898728657,
E_conf_filter75,2,0.05,2.0,1074.2820512820513,53.23076923076923,53.23076923076923,24069.0,0.1909871912481263,1.8826982416724367,1.0368427164602816,0.7008411652043606,0.009276159073688938,0.018297807321695957,0.7964360171231952,0.02197707274161994,0.042733990513537164,0.8708451923827155,0.08277708125199645,0.15091068659701357,0.0024884871423053066,
E_conf_filter75,2,0.1,2.0,1074.2820512820513,106.8974358974359,106.8974358974359,24069.0,0.19383802570501624,1.764559214540509,0.9791986201227627,0.7105017873806074,0.01735784913961343,0.03384134871114462,0.7881944706930715,0.035129058493503756,0.06714114202614067,0.8629070288047596,0.10964284710056212,0.19416366213622804,0.005020220680707873,
E_conf_filter75,2,0.25,2.0,1074.2820512820513,268.2307692307692,268.2307692307692,24069.0,0.20287881196386243,1.5864635381656522,0.8946711750647572,0.7304508435611751,0.04097217427115696,0.07737801307679176,0.7871394705713473,0.06834068245458402,0.1253967754021703,0.8550315596124042,0.1656218163059629,0.27689695526450236,0.013105814539465802,
E_conf_filter75,2,0.5,2.0,1074.2820512820513,536.8461538461538,536.8461538461538,24069.0,0.21071810055818416,1.4061147917914918,0.808416446174838,0.7425216179411646,0.07857083029181011,0.1414836552298829,0.7902957563482524,0.11731817108905247,0.20347477412826445,0.8476390079081494,0.23200708793764435,0.36343280410053513,0.026554934459900783,
E_conf_filter75,2,1.0,2.0,1074.2820512820513,1074.2820512820513,1074.2820512820513,24069.0,0.22594621965299025,1.238929790805021,0.7324380052290056,0.7368597773192849,0.13056600773904636,0.22061181146283268,0.7813510771455149,0.1753189781703115,0.285117766516598,0.8377938100735668,0.3001930809977736,0.4407383662051564,0.05122049150737616,
E_conf_filter75,4,0.02,4.0,1813.6923076923076,35.717948717948715,35.717948717948715,34478.53846153846,0.24864450444652642,2.115682060151263,1.182163282298895,0.6932340702517514,0.005699823139664634,0.011301461475699664,0.7778802331577469,0.017166963107216295,0.033558373756650384,0.8302023353237928,0.07736532554239672,0.14084885681790332,0.0014265447873399492,
E_conf_filter75,4,0.05,4.0,1813.6923076923076,90.2051282051282,90.2051282051282,34478.53846153846,0.2704898826892259,1.9905387530201408,1.1305143178546833,0.7072843936125057,0.012554384314969365,0.024650119113934464,0.76607206479281,0.02961220725197762,0.05695305227925273,0.8134268203440792,0.10367956356953446,0.18319664144639822,0.0036097452050851916,
E_conf_filter75,4,0.1,4.0,1813.6923076923076,180.87179487179486,180.87179487179486,34478.53846153846,0.2614817226344835,1.876273947567553,1.0688778351010184,0.7296960843826134,0.02376779356295518,0.04595253297049188,0.7739023260996316,0.046923908554340484,0.08826192366368933,0.8164064720160179,0.13122546434000507,0.22481433074195317,0.007367953101546074,
E_conf_filter75,4,0.25,4.0,1813.6923076923076,453.05128205128204,453.05128205128204,34478.53846153846,0.2327211589567424,1.7230546979037418,0.9778879284302422,0.7725192047081377,0.055302098169156544,0.10275111365568826,0.8065295289027389,0.0863880523024933,0.15506051987582428,0.8423267418109099,0.18111933434976,0.2956729843904711,0.019503210601145647,
E_conf_filter75,4,0.5,4.0,1813.6923076923076,906.5897435897435,906.5897435897435,34478.53846153846,0.22191003228134115,1.5301242900403134,0.8760171611608272,0.7873054875452214,0.1007656285376276,0.17734356979966676,0.8189749983794413,0.13808446938294164,0.2341428674865567,0.8513916526880748,0.2427929486253672,0.37427802381422925,0.03845564633712563,
E_conf_filter75,4,1.0,4.0,1813.6923076923076,1813.6923076923076,1813.6923076923076,34478.53846153846,0.22825057025903525,1.3115882268378936,0.7699193985484644,0.7670293384185571,0.16024732589731736,0.26262450722375247,0.808331408942949,0.20159560884063166,0.31971286938479576,0.8468294647941141,0.31626904367304726,0.45681002544195326,0.07056485496082594,
E_conf_filter75,8,0.02,8.0,2190.3076923076924,43.333333333333336,43.333333333333336,44439.41025641026,0.30120487095791953,2.3711608543668605,1.3361828626623902,0.6911083221812461,0.006104112210780501,0.012095516060168609,0.7382863397131639,0.018298663087458287,0.03564383220317318,0.7750747721781284,0.06738589321379557,0.12307783029839697,0.0015048923989291999,
E_conf_filter75,8,0.05,8.0,2190.3076923076924,108.94871794871794,108.94871794871794,44439.41025641026,0.30918908573725346,2.243754331410326,1.2764717085737896,0.7009201399250554,0.01289395211054918,0.025295813676688223,0.743765465973618,0.02963392685635541,0.05682776863074915,0.7719818993180527,0.0885388216104116,0.15748994910061656,0.003850434812239715,
E_conf_filter75,8,0.1,8.0,2190.3076923076924,218.56410256410257,218.56410256410257,44439.41025641026,0.2843242731057104,2.1589344216028645,1.2216293473542874,0.7367967456101033,0.023218147824732714,0.04491348059823886,0.7711578732925799,0.04283870236213846,0.08077319189633513,0.796655987623659,0.10705683868781858,0.18676675438809717,0.007991879347586543,
E_conf_filter75,8,0.25,8.0,2190.3076923076924,547.1282051282051,547.1282051282051,44439.41025641026,0.24201113711399772,1.9864687549136528,1.1142399460138253,0.7815674835202536,0.05116325571610501,0.09556058459211612,0.8105957366097406,0.07450495430074097,0.13550570884460547,0.8341093569932607,0.14788375814412882,0.24868066778249662,0.020820161282548027,
E_conf_filter75,8,0.5,8.0,2190.3076923076924,1094.8974358974358,1094.8974358974358,44439.41025641026,0.22983998682765344,1.761907105625691,0.9958735462266721,0.7884154569668568,0.09149659836921926,0.16262076334395387,0.8187311458601335,0.11968056276858409,0.2069172586659896,0.8467113452054316,0.20394550804700998,0.3254638521216988,0.04028606489241638,
E_conf_filter75,8,1.0,8.0,2190.3076923076924,2190.3076923076924,2190.3076923076924,44439.41025641026,0.23100294280427214,1.4852139079424147,0.8581084253733434,0.7566619053787763,0.14548692072832775,0.24116762822246343,0.805087834410515,0.18143384782212613,0.29259158632815896,0.844731191375771,0.28312287090132937,0.4189297657837406,0.07111318820825328,
E_conf_filter75,16,0.02,15.692307692307692,2459.4358974358975,48.717948717948715,48.717948717948715,54121.41025641026,0.34218868952790854,2.6615381589400564,1.5018634242339826,0.6842392187855081,0.005485465258461584,0.010876666927156388,0.7083629286360859,0.014493890802782624,0.028324961557576973,0.7317463672713486,0.04985342578356254,0.09244724699654819,0.0015249116803985891,
E_conf_filter75,16,0.05,15.692307692307692,2459.4358974358975,122.61538461538461,122.61538461538461,54121.41025641026,0.3262752065668796,2.503019429035359,1.4146473178011192,0.7168695226840938,0.011899620278716268,0.023380563627427287,0.7371312084205949,0.024659272686043586,0.04755586309044478,0.7589437058699845,0.06898483412738884,0.1253880071525808,0.004018488930849862,
E_conf_filter75,16,0.1,15.692307692307692,2459.4358974358975,245.56410256410257,245.56410256410257,54121.41025641026,0.29102900857894587,2.3955500964559646,1.3432895525174553,0.754735717522821,0.02125678889808085,0.04124975895642598,0.7747243537951245,0.03614336799012872,0.06874758705167373,0.7948349038472622,0.08630516792336218,0.15426496444443852,0.008458480909564497,
E_conf_filter75,16,0.25,15.692307692307692,2459.4358974358975,614.5384615384615,614.5384615384615,54121.41025641026,0.24144604470797354,2.186981880680461,1.2142139626942172,0.7933975531372262,0.04741523516015144,0.08898997994454748,0.8154819128006355,0.0665475821736477,0.12209634599426515,0.8348694499934844,0.12806167244600025,0.21960501281829897,0.021703485723692368,
E_conf_filter75,16,0.5,15.692307692307692,2459.4358974358975,1229.4871794871794,1229.4871794871794,54121.41025641026,0.22932851628135337,1.9329606250550582,1.081144570668206,0.7924096806044989,0.08403819416810777,0.15067325295399767,0.8206564001248754,0.10796917712530671,0.18890338445645358,0.8470295828194084,0.18125013333551826,0.2951263278487146,0.04145684176121011,
E_conf_filter75,16,1.0,15.692307692307692,2459.4358974358975,2459.4358974358975,2459.4358974358975,54121.41025641026,0.23150834117982952,1.6350576441547977,0.9332829926673136,0.7465607581088055,0.13217997142465557,0.2219448322484672,0.8000076335123762,0.1629895728009043,0.267643459658668,0.8435056930009875,0.2525325941888802,0.38390675553437004,0.07153455684896419,
oracle,-1,0.02,23.666666666666668,85580.92307692308,1711.1538461538462,1711.1538461538462,59403.743589743586,0.019879676439265224,0.3957083859619765,0.20779403120062084,1.0,0.2695829676545961,0.4232665760098004,1.0,0.5105869513375627,0.6744236681043018,1.0,0.7909902267163706,0.8807553079407519,0.08763417498463649,
oracle,-1,0.05,23.666666666666668,85580.92307692308,4278.615384615385,4278.615384615385,59403.743589743586,0.02763989204779272,0.32336624201103464,0.17550306702941368,1.0,0.47042260512515827,0.638196239801918,1.0,0.6556426800738946,0.7898112879938652,1.0,0.8345974468856008,0.9072807601653079,0.2084757698768815,
oracle,-1,0.1,23.666666666666668,85580.92307692308,8557.71794871795,8557.71794871795,59403.743589743586,0.03786731109217527,0.279656188397643,0.15876174974490911,0.9944942744445348,0.6072479595605356,0.7516835041754971,1.0,0.7262897532951694,0.8385858300386377,1.0,0.856746261903526,0.9203501037620787,0.34899793372236854,
oracle,-1,0.25,23.666666666666668,85580.92307692308,21394.923076923078,21394.923076923078,59403.743589743586,0.07777787707419619,0.23883873710927075,0.15830830709173346,0.7533354929358553,0.6595798761478753,0.6979188678401901,0.9713532362896189,0.7757234683479927,0.8612863624964152,1.0,0.8848235143172047,0.9365499133963116,0.29209447631210506,
oracle,-1,0.5,23.666666666666668,85580.92307692308,42790.282051282054,42790.282051282054,59403.743589743586,0.16904505214976961,0.21593262747535044,0.19248883981256004,0.3826625419592919,0.6599400356098201,0.4802737489899319,0.677548260710758,0.7883244587803437,0.7231745289238142,0.9736674632658088,0.9054330464250026,0.937508077590316,0.1741283570066985,
oracle,-1,1.0,23.666666666666668,85580.92307692308,85580.92307692308,85580.92307692308,59403.743589743586,0.5955815543006927,0.20687323184954415,0.4012273930751184,0.1913303536631034,0.6599400356098201,0.2947542160362892,0.3387725030429238,0.7883244587803437,0.4708453065777651,0.6218504308770838,0.9090498901126827,0.7351720079024745,0.09632834133901746,
oracle,1,0.02,1.0,9918.564102564103,197.84615384615384,197.84615384615384,14955.076923076924,0.01332253725895666,0.7173520164347679,0.36533727684686224,1.0,0.07653323786071924,0.1418131717851789,1.0,0.19904568765246955,0.33069802059441444,1.0,0.5080190246720793,0.671486181610593,0.02326998855287669,
oracle,1,0.05,1.0,9918.564102564103,495.38461538461536,495.38461538461536,14955.076923076924,0.02193777276922612,0.5979215481894755,0.30992966047935083,1.0,0.17392882079009975,0.29565957559076533,1.0,0.33359123841290617,0.4991746124178689,1.0,0.6165542821798949,0.7608481818270985,0.05556947234964311,
oracle,1,0.1,1.0,9918.564102564103,991.3589743589744,991.3589743589744,14955.076923076924,0.029948140517088228,0.5272333723832966,0.27859075645019243,1.0,0.2815354561734868,0.43837570688890865,1.0,0.4331681553705867,0.6029292075160242,1.0,0.6729853935201091,0.8026375965758873,0.10560368604913542,
oracle,1,0.25,1.0,9918.564102564103,2479.2051282051284,2479.2051282051284,14955.076923076924,0.050028376457431044,0.43809835324412877,0.24406336485077992,0.9565966959704273,0.4284471199502542,0.5901384278488595,0.9962853076681863,0.5511005107417112,0.7075221161806841,1.0,0.7364434975217224,0.8466320450192032,0.18099401220711286,
oracle,1,0.5,1.0,9918.564102564103,4959.0,4959.0,14955.076923076924,0.10377523372817016,0.3679498784610559,0.23586255609461304,0.607717836791447,0.4555510002311506,0.5170906294067231,0.8802650597492174,0.611934192580789,0.7194512701215198,0.9978129949907936,0.7936419320255949,0.8824543120470943,0.1537884829857579,
oracle,1,1.0,1.0,9918.564102564103,9918.564102564103,9918.564102564103,14955.076923076924,0.43376359078006754,0.32897485395480575,0.38136922236743664,0.30384122961805093,0.4555510002311506,0.3620748994366127,0.46641239204636054,0.6170895186110028,0.5286570515454003,0.7188507851682395,0.8212867103845116,0.7645562280520991,0.10626229819176898,
oracle,2,0.02,2.0,17059.102564102563,340.6666666666667,340.6666666666667,24069.0,0.014394288729510745,0.5573733347487188,0.28588381173911476,1.0,0.10119811003227139,0.18346781261673328,1.0,0.2606256615457691,0.41237895042146394,1.0,0.6164466915870676,0.7613493739736723,0.028844953385957106,
oracle,2,0.05,2.0,17059.102564102563,852.5128205128206,852.5128205128206,24069.0,0.022282792285315822,0.4526108658435493,0.23744682906443254,1.0,0.21374991926479284,0.3514344497331142,1.0,0.4098014712416215,0.5798328688810991,1.0,0.7182258368741696,0.8346547758819409,0.06915378633257271,
oracle,2,0.1,2.0,17059.102564102563,1705.4615384615386,1705.4615384615386,24069.0,0.02979432574662485,0.39241203231094784,0.21110317902878634,1.0,0.33591937648080544,0.5015627268515502,1.0,0.5125715400256636,0.6759964581137553,1.0,0.7628038078800231,0.8641745190013572,0.13319263226142322,
oracle,2,0.25,2.0,17059.102564102563,4264.4358974358975,4264.4358974358975,24069.0,0.05024175306037877,0.3180376508555894,0.18413970195798407,0.9470859334400603,0.48102523332399527,0.6364196225823415,1.0,0.6278651012230548,0.7696401530190266,1.0,0.8206989308190219,0.9005968285661792,0.21915451887100454,
oracle,2,0.5,2.0,17059.102564102563,8529.25641025641,8529.25641025641,24069.0,0.1064664284230795,0.2659362303846776,0.1862013294038786,0.596194603836589,0.5070461700380153,0.5441414118641047,0.8785909661621333,0.687254297909057,0.7681402994764035,0.9979681633134695,0.8712660958391706,0.9295946295623474,0.17601330290104844,
oracle,2,1.0,2.0,17059.102564102563,17059.102564102563,17059.102564102563,24069.0,0.46690057125386997,0.24293892074974358,0.35491974600180676,0.29808637037092056,0.5070461700380153,0.3730240346298888,0.4652695093374283,0.6911686065401419,0.5530529629979996,0.7194957375495956,0.8923256878472492,0.7931128230336918,0.11633194489805576,
oracle,4,0.02,4.0,30803.30769230769,615.5384615384615,615.5384615384615,34478.53846153846,0.016208874856387296,0.4702546812342986,0.24323177804534296,1.0,0.15518107020258803,0.2682645565724951,1.0,0.36765611595490594,0.5368785221180701,1.0,0.7154911767347308,0.833061747708181,0.042483600238254766,
oracle,4,0.05,4.0,30803.30769230769,1539.6923076923076,1539.6923076923076,34478.53846153846,0.023643517802905085,0.38092684415682715,0.2022851809798661,1.0,0.30628640250104705,0.4682940480587351,1.0,0.5305267788246373,0.6923488138260405,1.0,0.7902589298153331,0.8819773701009666,0.10107562647042788,
oracle,4,0.1,4.0,30803.30769230769,3079.871794871795,3079.871794871795,34478.53846153846,0.031191908491692545,0.32859865315528797,0.17989528082349027,1.0,0.44840497330281226,0.6181271019827612,1.0,0.6242766325871034,0.7675861000969777,1.0,0.8205168797735078,0.9005614871596143,0.18903443363005215,
oracle,4,0.25,4.0,30803.30769230769,7700.4358974358975,7700.4358974358975,34478.53846153846,0.05495420471208132,0.2651645257308897,0.1600593652214855,0.9190650402271279,0.577851873839966,0.7085278710842532,1.0,0.7165112846547026,0.8338518970209206,1.0,0.8637050189121541,0.9260893189453626,0.2707326397350633,
oracle,4,0.5,4.0,30803.30769230769,15401.410256410256,15401.410256410256,34478.53846153846,0.11894810121827269,0.22584067404762648,0.1723943876329496,0.5324472282082859,0.5893032105682333,0.5566571120342085,0.8415164039112514,0.7568519220016261,0.793783998016683,0.997276058711661,0.9005753177345602,0.9458601954549823,0.19289791736374667,
oracle,4,1.0,4.0,30803.30769230769,30803.30769230769,30803.30769230769,34478.53846153846,0.4901994615410649,0.21122168608428196,0.3507105738126734,0.2662184902128078,0.5893032105682333,0.36521301654795646,0.43078524004935287,0.7577905587080567,0.5467042197333943,0.6964150568869685,0.9126026399658763,0.7869909897173978,0.11844204954428282,
oracle,8,0.02,8.0,48755.794871794875,974.5897435897435,974.5897435897435,44439.41025641026,0.01747650640575169,0.42600657857401925,0.22174154248988545,1.0,0.2056023475608694,0.34056523868359384,1.0,0.44434977388623836,0.6147129083735074,1.0,0.761228368465008,0.8631223693592287,0.05840256857575985,
oracle,8,0.05,8.0,48755.794871794875,2437.25641025641,2437.25641025641,44439.41025641026,0.02485097291817883,0.3465446041048258,0.18569778851150234,1.0,0.38362089098736296,0.5538951184277304,1.0,0.6013456124147182,0.7501653320375621,1.0,0.8171034503348177,0.8981722043379563,0.1392413170743479,
oracle,8,0.1,8.0,48755.794871794875,4875.025641025641,4875.025641025641,44439.41025641026,0.03311664906834141,0.29921381354481363,0.16616523130657754,1.0,0.5297097458238759,0.6916864911565168,1.0,0.6833632295115651,0.8107316787381684,1.0,0.8425812247868117,0.9133581443604001,0.2544764500346726,
oracle,8,0.25,8.0,48755.794871794875,12188.564102564103,12188.564102564103,44439.41025641026,0.062464589448046684,0.24748474941842852,0.1549746694332376,0.8700868155284426,0.6268419863200866,0.7264185571687745,0.9977373330673347,0.7554268042609518,0.8586133759737999,1.0,0.879279914291786,0.934507619490122,0.2944315990618458,
oracle,8,0.5,8.0,48755.794871794875,24377.615384615383,24377.615384615383,44439.41025641026,0.13620348674056001,0.21907039431594888,0.17763694052825443,0.4687836174913113,0.6302084058202951,0.5344769414660242,0.7814665368311791,0.7811673003543772,0.7770947939814111,0.991679574728937,0.9070640415032648,0.9466012951049615,0.19110619476474172,
oracle,8,1.0,8.0,48755.794871794875,48755.794871794875,48755.794871794875,44439.41025641026,0.5232734531649038,0.20774511111890206,0.365509282141903,0.23438890112158206,0.6302084058202951,0.3400869616765112,0.3943716052408231,0.7814809966847778,0.5213444922889374,0.672488342439792,0.9144163470803264,0.7719495379416429,0.11124187956101086,
oracle,16,0.02,15.692307692307692,70703.56410256411,1413.5897435897436,1413.5897435897436,54121.41025641026,0.019119677957029638,0.39840898459611357,0.2087643312765716,1.0,0.25113022856703776,0.4008353830679814,1.0,0.49729304007158903,0.6634602699387239,1.0,0.788099154209461,0.879565634756126,0.07731054452930974,
oracle,16,0.05,15.692307692307692,70703.56410256411,3534.8205128205127,3534.8205128205127,54121.41025641026,0.026665440814106888,0.32404533165696964,0.17535538623553826,1.0,0.446293234427132,0.6165229075316534,1.0,0.6458263753537403,0.7836180219495644,1.0,0.8352204515355458,0.908342882174073,0.18385289211334208,
oracle,16,0.1,15.692307692307692,70703.56410256411,7069.948717948718,7069.948717948718,54121.41025641026,0.035968555546481915,0.27972946479848837,0.15784901017248512,1.0,0.5895627509450642,0.7404422795758925,1.0,0.7208443799719549,0.8358935177423097,1.0,0.8585755808187062,0.922017692553352,0.3205198524775156,
oracle,16,0.25,15.692307692307692,70703.56410256411,17675.5641025641,17675.5641025641,54121.41025641026,0.07176215368895501,0.23685829085865742,0.15431022227380622,0.7990277772728855,0.6543657596008475,0.7161811485030852,0.9847347613543525,0.7771621979647821,0.8674270637888637,1.0,0.8878430776439789,0.938803387483136,0.2958156998969907,
oracle,16,0.5,15.692307692307692,70703.56410256411,35351.51282051282,35351.51282051282,54121.41025641026,0.1565622366331258,0.21351357511390967,0.18503790587351773,0.4079524134390528,0.6548976914598895,0.4998939084103136,0.7124469130730356,0.7925666187724436,0.7455775182180067,0.9826326481724761,0.9092196595110226,0.9437131027708802,0.1801715561734987,
oracle,16,1.0,15.692307692307692,70703.56410256411,70703.56410256411,70703.56410256411,54121.41025641026,0.570325832208834,0.20375094456354878,0.38703838838619137,0.20397455774497872,0.6548976914598895,0.30972641953727414,0.3562259284966776,0.7925666187724436,0.4888541672487944,0.6385841995474804,0.9137151888333579,0.7488097529285543,0.1009675707415436,
