scene,seq,N_req,ranking,auroc,prec_top,n_pred,n_ref,acc,comp,chamfer,precision@0.1,recall@0.1,f1@0.1,precision@0.2,recall@0.2,f1@0.2,precision@0.5,recall@0.5,f1@0.5,iou
frl_apartment_5,seq_0001,4,support,0.5884878960809139,0.6155739828971236,7718,48964,0.34094625572774856,1.1056753389590943,0.7233107973434214,0.44195387406063746,0.26756392451597094,0.3333275450902829,0.6155739828971236,0.40205048607139937,0.48641090418660365,0.775330396475771,0.5702761212319255,0.6571793542270306,0.0933710947871493
frl_apartment_5,seq_0001,4,logit_count,0.5884878960809139,0.6155739828971236,7718,48964,0.34094625572774856,1.1056753389590943,0.7233107973434214,0.44195387406063746,0.26756392451597094,0.3333275450902829,0.6155739828971236,0.40205048607139937,0.48641090418660365,0.775330396475771,0.5702761212319255,0.6571793542270306,0.0933710947871493
frl_apartment_5,seq_0001,4,mlp_all,0.6905261277194527,0.7399585384814719,7718,48964,0.18341950054815126,1.0071319002708523,0.5952757004095017,0.5209898937548588,0.2553100236908749,0.34268699281823023,0.7399585384814719,0.36569724695694794,0.4894847093440771,0.9330137341280125,0.5168899599705906,0.665237882555036,0.10476190476190476
frl_apartment_5,seq_0001,4,mlp_noconf,0.6331113819399723,0.747862140450894,7718,48964,0.17730784771741653,0.9025975170349627,0.5399526823761897,0.5309665716506867,0.2650314516787844,0.3535758561029549,0.747862140450894,0.38659014786373663,0.5097017096913252,0.9289971495206012,0.550669879911772,0.6914673890667629,0.10654306059384656
frl_apartment_5,seq_0001,-1,support,0.6129009924649356,0.5908584858980702,16168,48964,0.35116067968688414,0.7726915170706011,0.5619260983787426,0.4019668480950025,0.3863450698472347,0.39400117255341516,0.5908584858980702,0.5017563924515971,0.5426743278133374,0.7767194458189015,0.6853606731476186,0.7281857612694581,0.13275485105220006
frl_apartment_5,seq_0001,-1,logit_count,0.6129009924649356,0.5908584858980702,16168,48964,0.35116067968688414,0.7726915170706011,0.5619260983787426,0.4019668480950025,0.3863450698472347,0.39400117255341516,0.5908584858980702,0.5017563924515971,0.5426743278133374,0.7767194458189015,0.6853606731476186,0.7281857612694581,0.13275485105220006
frl_apartment_5,seq_0001,-1,mlp_all,0.6797871399983731,0.6532038594755072,16168,48964,0.23704337501357123,0.4934540513160571,0.36524871316481416,0.4200272142503711,0.3816681643656564,0.3999299986568602,0.6532038594755072,0.5114165509353811,0.5736792209451048,0.8919470559129143,0.7252062739972225,0.7999805448965576,0.13244535519125683
frl_apartment_5,seq_0001,-1,mlp_noconf,0.6290318498951009,0.6325457694210787,16168,48964,0.28329051229797325,0.6570886427869116,0.4701895775424424,0.4122340425531915,0.3807286986357324,0.39585549837890915,0.6325457694210787,0.5155216077117882,0.5680694678697517,0.8393740722414647,0.6900580017972388,0.7574272893621802,0.129128924606688
apartment_2,seq_0011,4,support,0.6779678805436046,0.5643386481024029,8906,51469,0.43285285050948,0.6974466323043219,0.565149741406901,0.44677745340220076,0.3023567584371175,0.36064614435858755,0.5643386481024029,0.42612057743496085,0.4855854827699607,0.7151358634628341,0.653344731780295,0.68284526726166,0.0797343513878947
apartment_2,seq_0011,4,logit_count,0.6779678805436046,0.5643386481024029,8906,51469,0.43285285050948,0.6974466323043219,0.565149741406901,0.44677745340220076,0.3023567584371175,0.36064614435858755,0.5643386481024029,0.42612057743496085,0.4855854827699607,0.7151358634628341,0.653344731780295,0.68284526726166,0.0797343513878947
apartment_2,seq_0011,4,mlp_all,0.8206079192235181,0.7846395688300023,8906,51469,0.1972592727232728,0.7891722923734271,0.49321578254834997,0.6105995957781271,0.36503526394528746,0.4569135315089956,0.7846395688300023,0.44137247663642193,0.5649509089931967,0.8791825735459241,0.5644174163088461,0.6874840123467639,0.1214787277984304
apartment_2,seq_0011,4,mlp_noconf,0.8250732957921616,0.7610599595778127,8906,51469,0.21860739245276453,0.737918015801523,0.4782627041271438,0.5861217156972828,0.3554178243214362,0.44250527168839665,0.7610599595778127,0.44710408206881813,0.563289425768052,0.8685156074556479,0.5822922535895393,0.6971700718228812,0.11503080082135524
apartment_2,seq_0011,-1,support,0.6640893819399599,0.4907127204424502,19166,51469,0.4229664019036523,0.6370125983095148,0.5299895001065835,0.35458624647813836,0.41090753657541434,0.3806749689400455,0.4907127204424502,0.5099574501156036,0.5001500294878732,0.7272252947928624,0.6768151702966835,0.7011152797621057,0.11011869436201781
apartment_2,seq_0011,-1,logit_count,0.6640893819399599,0.4907127204424502,19166,51469,0.4229664019036523,0.6370125983095148,0.5299895001065835,0.35458624647813836,0.41090753657541434,0.3806749689400455,0.4907127204424502,0.5099574501156036,0.5001500294878732,0.7272252947928624,0.6768151702966835,0.7011152797621057,0.11011869436201781
apartment_2,seq_0011,-1,mlp_all,0.7760880580744406,0.641970155483669,19166,51469,0.3269696273602846,0.5329573737131191,0.42996350053670185,0.469998956485443,0.4439371272027823,0.4565964518841137,0.641970155483669,0.5179622685500009,0.5733373965345173,0.784201189606595,0.6730070527890575,0.7243617158562704,0.15533800685587226
apartment_2,seq_0011,-1,mlp_noconf,0.7693632015252715,0.6185432536783888,19166,51469,0.33835421320222614,0.5886491386659114,0.46350167593406877,0.44568506730668894,0.4354271503234957,0.4404963974305895,0.6185432536783888,0.5196526064232839,0.5648019382723828,0.7719398935615152,0.6638947716100954,0.7138521889238426,0.14522300792849052
frl_apartment_5,seq_0003,4,support,0.6042185346490286,0.393018610030491,9511,53836,0.5726601434845598,0.5878821863454848,0.5802711649150223,0.2734728209441699,0.18452336726354113,0.22036046183332877,0.393018610030491,0.3135819897466379,0.34883513481220346,0.5898433392913469,0.5737982019466528,0.5817101495972821,0.0672753124298436
frl_apartment_5,seq_0003,4,logit_count,0.6042185346490286,0.393018610030491,9511,53836,0.5726601434845598,0.5878821863454848,0.5802711649150223,0.2734728209441699,0.18452336726354113,0.22036046183332877,0.393018610030491,0.3135819897466379,0.34883513481220346,0.5898433392913469,0.5737982019466528,0.5817101495972821,0.0672753124298436
frl_apartment_5,seq_0003,4,mlp_all,0.7184576896311033,0.5616654400168226,9511,53836,0.39996518776006584,0.6488267568210232,0.5243959722905445,0.37819367048680474,0.2042127944126607,0.2652167890774465,0.5616654400168226,0.30462887287317036,0.39501473662765496,0.7427189569971612,0.5286796938851326,0.6176826293711344,0.08390651719551587
frl_apartment_5,seq_0003,4,mlp_noconf,0.7117314993448128,0.5482073388707812,9511,53836,0.414760465878951,0.58739413821563,0.5010773020472905,0.3686258017032909,0.2060331376773906,0.26432767455292394,0.5482073388707812,0.31950739282264656,0.4037186212731695,0.7301019871727473,0.5629690170146371,0.6357343049345979,0.08189197390380823
frl_apartment_5,seq_0003,-1,support,0.6035801591229746,0.36368686634878017,21601,53836,0.5570828835604895,0.40096472845874964,0.4790238060096196,0.21975834452108697,0.2708782227505758,0.2426551699132551,0.36368686634878017,0.43365034549372167,0.3955990838035302,0.6058515809453267,0.7272828590534215,0.6610368117897641,0.07416027505950806
frl_apartment_5,seq_0003,-1,logit_count,0.6035801591229746,0.36368686634878017,21601,53836,0.5570828835604895,0.40096472845874964,0.4790238060096196,0.21975834452108697,0.2708782227505758,0.2426551699132551,0.36368686634878017,0.43365034549372167,0.3955990838035302,0.6058515809453267,0.7272828590534215,0.6610368117897641,0.07416027505950806
frl_apartment_5,seq_0003,-1,mlp_all,0.6495777963513731,0.3982223045229388,21601,53836,0.5504480701423751,0.412052256978895,0.48125016356063505,0.2504050738391741,0.2826733041087748,0.2655625608384082,0.3982223045229388,0.43610223642172524,0.416302359748004,0.5930281005509004,0.7033769225053867,0.6435061156139886,0.08053316306169686
frl_apartment_5,seq_0003,-1,mlp_noconf,0.6497208623676234,0.3933614184528494,21601,53836,0.5546585157211485,0.4188036735471239,0.4867310946341362,0.2485533077172353,0.28545954379968796,0.26573110976381414,0.3933614184528494,0.44093171855264135,0.4157903704524375,0.5932595713161428,0.6981945166802883,0.6414638871191122,0.08056191134997073
apartment_2,seq_0005,4,support,0.6768064488043957,0.7458780819845712,6611,53901,0.14544176060357633,0.6016427403548374,0.37354225047920686,0.5280592951142036,0.30170126713790096,0.38400513523441554,0.7458780819845712,0.4694161518339177,0.5762015637683907,0.969747390712449,0.6493571547837702,0.7778526818958788,0.1325217044207165
apartment_2,seq_0005,4,logit_count,0.6768064488043957,0.7458780819845712,6611,53901,0.14544176060357633,0.6016427403548374,0.37354225047920686,0.5280592951142036,0.30170126713790096,0.38400513523441554,0.7458780819845712,0.4694161518339177,0.5762015637683907,0.969747390712449,0.6493571547837702,0.7778526818958788,0.1325217044207165
apartment_2,seq_0005,4,mlp_all,0.8030457259040946,0.8219633943427621,6611,53901,0.11606081318940424,0.5545573172146644,0.3353090652020343,0.6179095446982302,0.29526353870985694,0.3995872460219303,0.8219633943427621,0.4219958813380086,0.5576792967493717,0.9882014823778551,0.6177250885883379,0.7602300868310845,0.1442831215970962
apartment_2,seq_0005,4,mlp_noconf,0.7864957592871444,0.8154590833459386,6611,53901,0.12019321907705054,0.587473084049575,0.35383315156331274,0.6114052337014068,0.2937236785959444,0.39681462367560216,0.8154590833459386,0.42626296358138066,0.5598676554169963,0.9824534866132204,0.6123077493924046,0.754425013210868,0.14261263528819532
apartment_2,seq_0005,-1,support,0.6980053898379825,0.7097713392983951,14082,53901,0.1582360889681776,0.6385171026144916,0.39837659579133455,0.4755006391137622,0.4195654997124358,0.44578529922935095,0.7097713392983951,0.5177454963729801,0.5987386953847736,0.9672631728447664,0.6426967959778112,0.7722638501493966,0.1583413323094644
apartment_2,seq_0005,-1,logit_count,0.6980053898379825,0.7097713392983951,14082,53901,0.1582360889681776,0.6385171026144916,0.39837659579133455,0.4755006391137622,0.4195654997124358,0.44578529922935095,0.7097713392983951,0.5177454963729801,0.5987386953847736,0.9672631728447664,0.6426967959778112,0.7722638501493966,0.1583413323094644
apartment_2,seq_0005,-1,mlp_all,0.7713843453025871,0.7721914500781139,14082,53901,0.13915496595009938,0.36172318508053813,0.25043907551531874,0.5314585996307343,0.4384148717092447,0.48047371262556726,0.7721914500781139,0.5598782953934064,0.6491150095659017,0.9779150688822611,0.7528431754512903,0.8507446816322721,0.17544611548351904
apartment_2,seq_0005,-1,mlp_noconf,0.7500164600101553,0.7445675330208777,14082,53901,0.1503832491199677,0.45448089162835265,0.3024320703741602,0.5050418974577475,0.4306228084822174,0.4648728522167804,0.7445675330208777,0.5573737036418619,0.6375132022933765,0.9690384888510155,0.7126954973006067,0.8213300954873335,0.16469134849245262
frl_apartment_5,seq_0000,4,support,0.6352794409507373,0.4624093626765043,7861,48021,0.3657356996178434,0.9729198533672453,0.6693277764925444,0.29423737437984987,0.1890214697736407,0.23017553280391206,0.4624093626765043,0.32889777389058955,0.384390340949676,0.7515583259127337,0.5445950729889006,0.6315532740225029,0.07321925984878631
frl_apartment_5,seq_0000,4,logit_count,0.6352794409507373,0.4624093626765043,7861,48021,0.3657356996178434,0.9729198533672453,0.6693277764925444,0.29423737437984987,0.1890214697736407,0.23017553280391206,0.4624093626765043,0.32889777389058955,0.384390340949676,0.7515583259127337,0.5445950729889006,0.6315532740225029,0.07321925984878631
frl_apartment_5,seq_0000,4,mlp_all,0.7394733926573985,0.5749904592291057,7861,48021,0.31857820142986765,0.9724651434877699,0.6455216724588188,0.37565195267777635,0.1940609316757252,0.25591616382409677,0.5749904592291057,0.30043106141063286,0.3946555799563832,0.798753339269813,0.5001145332250474,0.6151020621729192,0.08366444930577258
frl_apartment_5,seq_0000,4,mlp_noconf,0.728564650407869,0.5631599033201883,7861,48021,0.32018269589876486,0.8853329307379797,0.6027578133183723,0.3732349573845567,0.19874638179129964,0.2593759350439372,0.5631599033201883,0.3202557214551967,0.4083133149887458,0.7754738582877496,0.54140896691031,0.637639875694145,0.08313253012048193
frl_apartment_5,seq_0000,-1,support,0.659860765402469,0.41373427169972277,18756,48021,0.39658558224007356,0.5931751099694006,0.4948803461047371,0.24482832160375348,0.2921013723162783,0.2663838097693239,0.41373427169972277,0.4108619145790383,0.4122930904268007,0.7269673704414588,0.6580037900085379,0.690768585834811,0.08771495731782754
frl_apartment_5,seq_0000,-1,logit_count,0.659860765402469,0.41373427169972277,18756,48021,0.39658558224007356,0.5931751099694006,0.4948803461047371,0.24482832160375348,0.2921013723162783,0.2663838097693239,0.41373427169972277,0.4108619145790383,0.4122930904268007,0.7269673704414588,0.6580037900085379,0.690768585834811,0.08771495731782754
frl_apartment_5,seq_0000,-1,mlp_all,0.7024140140717172,0.42951588824909365,18756,48021,0.4363356513626853,0.5529520155948295,0.4946438334787574,0.25874386862870546,0.2969950646592116,0.2765530625645217,0.42951588824909365,0.43909956060890026,0.4342548547868435,0.6967370441458733,0.6625642947876971,0.6792211190921741,0.08526461965746027
frl_apartment_5,seq_0000,-1,mlp_noconf,0.6968802351589898,0.4334079761143101,18756,48021,0.4214619791260282,0.5901831811086062,0.5058225801173172,0.2598101940712305,0.290331313383728,0.27422411816965964,0.4334079761143101,0.44420149517919244,0.4387383621300478,0.699616122840691,0.6509027300556006,0.6743808772033332,0.08519764248464838
apartment_2,seq_0010,4,support,0.703653933323653,0.7216374269005847,7695,64652,0.15560984390621763,0.6936536436758286,0.4246317437910231,0.571150097465887,0.29660335333787047,0.39044508324506705,0.7216374269005847,0.43554723751778757,0.5432273645520045,0.9585445094217024,0.6641867227618635,0.7846678780903128,0.13473259334006055
apartment_2,seq_0010,4,logit_count,0.703653933323653,0.7216374269005847,7695,64652,0.15560984390621763,0.6936536436758286,0.4246317437910231,0.571150097465887,0.29660335333787047,0.39044508324506705,0.7216374269005847,0.43554723751778757,0.5432273645520045,0.9585445094217024,0.6641867227618635,0.7846678780903128,0.13473259334006055
apartment_2,seq_0010,4,mlp_all,0.8422694724182248,0.8300194931773879,7695,64652,0.12594734614290307,0.7619351047446768,0.44394122544378994,0.6847303443794672,0.3100909484625379,0.4268679881652487,0.8300194931773879,0.41146445585596736,0.5501859599167543,0.9655620532813515,0.5790076099733961,0.7239139678211233,0.14751622515204701
apartment_2,seq_0010,4,mlp_noconf,0.8342107433928729,0.8400259909031839,7695,64652,0.1137903967745209,0.7472120792201716,0.43050123799734624,0.6766731643924626,0.30203241972406114,0.4176480374090926,0.8400259909031839,0.40595805234176824,0.5473831178373754,0.9831059129304743,0.5714285714285714,0.7227563145638025,0.14592589573227896
apartment_2,seq_0010,-1,support,0.7192764003887682,0.6265726461038961,19712,64652,0.2149147042539649,0.553830721977788,0.38437271311587645,0.42410714285714285,0.4444410072387552,0.43403605367823905,0.6265726461038961,0.5853647218956877,0.6052681143736764,0.9111708603896104,0.7413846439398627,0.8175556973772281,0.16204320379915446
apartment_2,seq_0010,-1,logit_count,0.7192764003887682,0.6265726461038961,19712,64652,0.2149147042539649,0.553830721977788,0.38437271311587645,0.42410714285714285,0.4444410072387552,0.43403605367823905,0.6265726461038961,0.5853647218956877,0.6052681143736764,0.9111708603896104,0.7413846439398627,0.8175556973772281,0.16204320379915446
apartment_2,seq_0010,-1,mlp_all,0.76387139738803,0.7165685876623377,19712,64652,0.17570934396197208,0.5941860459758428,0.38494769496890746,0.4898538961038961,0.4406978902431479,0.4639775705290256,0.7165685876623377,0.5383128132153684,0.6147800931888514,0.9437398538961039,0.6872486543339726,0.7953261980187348,0.17659131556571964
apartment_2,seq_0010,-1,mlp_noconf,0.7844645780112275,0.7119521103896104,19712,64652,0.1809300277031654,0.5933400418571886,0.38713503478017697,0.48031655844155846,0.440110128070284,0.45933518692533587,0.7119521103896104,0.5412206892284848,0.614956232692198,0.9346590909090909,0.6979366454247355,0.7991357762451456,0.17614302461899178
apartment_2,seq_0006,4,support,0.6688153463648225,0.6101751274661937,9022,54151,0.2996418228218938,0.8529884702678414,0.5763151465448676,0.4666371092884061,0.31382615279496223,0.37527180553874667,0.6101751274661937,0.47919706007275953,0.5368121759595887,0.8372866326756817,0.6242913334933796,0.7152691139691424,0.10747025551004485
apartment_2,seq_0006,4,logit_count,0.6688153463648225,0.6101751274661937,9022,54151,0.2996418228218938,0.8529884702678414,0.5763151465448676,0.4666371092884061,0.31382615279496223,0.37527180553874667,0.6101751274661937,0.47919706007275953,0.5368121759595887,0.8372866326756817,0.6242913334933796,0.7152691139691424,0.10747025551004485
apartment_2,seq_0006,4,mlp_all,0.8101106287910723,0.7664597650188428,9022,54151,0.23458434663065578,0.8942210067380395,0.5644026766843476,0.561294613167812,0.3510553821720744,0.4319515447870325,0.7664597650188428,0.4539343687097191,0.5701804359092607,0.8792950565284859,0.5739506195638123,0.6945445643175191,0.12918622225757695
apartment_2,seq_0006,4,mlp_noconf,0.8039309265911174,0.7534914653070273,9022,54151,0.24718337287188372,0.8585747743984198,0.5528790736351518,0.5601862114830415,0.34147107163302615,0.42430175972866924,0.7534914653070273,0.4546545770161216,0.5671141260135718,0.8611172688982487,0.5827223873982014,0.6950803831629598,0.12945576066199874
apartment_2,seq_0006,-1,support,0.7102374921564348,0.543859649122807,23142,54151,0.35068362148264315,0.7604847700602068,0.5555841957714249,0.36072940973122464,0.48732248711935144,0.414577347872591,0.543859649122807,0.5752063673801038,0.5590939739447158,0.8047273355803302,0.644900371184281,0.7160030882358982,0.14397201291711517
apartment_2,seq_0006,-1,logit_count,0.7102374921564348,0.543859649122807,23142,54151,0.35068362148264315,0.7604847700602068,0.5555841957714249,0.36072940973122464,0.48732248711935144,0.414577347872591,0.543859649122807,0.5752063673801038,0.5590939739447158,0.8047273355803302,0.644900371184281,0.7160030882358982,0.14397201291711517
apartment_2,seq_0006,-1,mlp_all,0.7808054663383878,0.6201279059718261,23142,54151,0.33693986878267923,0.7407938181276309,0.5388668434551551,0.3936565551810561,0.4641650200365644,0.426013073352195,0.6201279059718261,0.549445070266477,0.5826506388113905,0.8094805980468412,0.6391202378534099,0.7142829405312343,0.15406542690376002
apartment_2,seq_0006,-1,mlp_noconf,0.7660770809118592,0.6145968369198859,23142,54151,0.3299097712153133,0.6549340619240561,0.4924219165696847,0.39590355198340677,0.4760946242913335,0.4323118051516607,0.6145968369198859,0.5645325109416262,0.5885018402644567,0.8097830783856192,0.6617421654263079,0.7283158886603097,0.15406542690376002
apartment_2,seq_0009,4,support,0.735244003389762,0.7432198499711483,6932,60306,0.16633209462962648,0.7624252879298691,0.4643786912797478,0.5490478938257357,0.28516233873909724,0.3753676839991392,0.7432198499711483,0.41627698736444135,0.5336544441231577,0.9368147720715522,0.6025768580240772,0.733410382217487,0.09013286684160107
apartment_2,seq_0009,4,logit_count,0.735244003389762,0.7432198499711483,6932,60306,0.16633209462962648,0.7624252879298691,0.4643786912797478,0.5490478938257357,0.28516233873909724,0.3753676839991392,0.7432198499711483,0.41627698736444135,0.5336544441231577,0.9368147720715522,0.6025768580240772,0.733410382217487,0.09013286684160107
apartment_2,seq_0009,4,mlp_all,0.8380054265595581,0.7974610502019619,6932,60306,0.16189177395060542,0.8400334958450313,0.5009626348978183,0.608193883439123,0.2863065034988227,0.3893343519121491,0.7974610502019619,0.4128113288893311,0.5440113507647376,0.9258511252163878,0.5736410970716015,0.7083814738081412,0.10527871621621622
apartment_2,seq_0009,4,mlp_noconf,0.8444850595957625,0.8147720715522215,6932,60306,0.1449718421241076,0.9215065492053996,0.5332391956647536,0.6060300057703405,0.2848804430736577,0.38757227908551983,0.8147720715522215,0.40417205584850596,0.5403169772997273,0.9424408540103866,0.5549862368586873,0.6985872049710947,0.10411305631723265
apartment_2,seq_0009,-1,support,0.7562279845115888,0.585437541750167,22455,60306,0.23250324124437272,0.7476780054889615,0.4900906233666671,0.37261189044756177,0.45340430471263227,0.40905695579799617,0.585437541750167,0.5388518555367625,0.5611795440466097,0.8830549988866622,0.6211985540410573,0.7293351408470702,0.140200716453827
apartment_2,seq_0009,-1,logit_count,0.7562279845115888,0.585437541750167,22455,60306,0.23250324124437272,0.7476780054889615,0.4900906233666671,0.37261189044756177,0.45340430471263227,0.40905695579799617,0.585437541750167,0.5388518555367625,0.5611795440466097,0.8830549988866622,0.6211985540410573,0.7293351408470702,0.140200716453827
apartment_2,seq_0009,-1,mlp_all,0.7916002578040016,0.6625250501002004,22455,60306,0.21456999391051543,0.6606553850249325,0.43761268946772397,0.4164773992429303,0.47079892548005176,0.44197530484432945,0.6625250501002004,0.5518853845388518,0.6021652673790574,0.9018036072144289,0.649653434152489,0.7552381983348784,0.16430246844633084
apartment_2,seq_0009,-1,mlp_noconf,0.8178445118183927,0.6678690714762859,22455,60306,0.20438988124698484,0.6790433077437547,0.44171659449536976,0.4236472945891784,0.46877590952807346,0.4450705560409366,0.6678690714762859,0.5508075481709946,0.6037160635207116,0.9127588510354041,0.6466520744204557,0.7570004734898632,0.16690921303033696
frl_apartment_5,seq_0004,4,support,0.6237898107757311,0.5477775136676967,8414,50987,0.4071195949984103,0.8408947121878962,0.6240071535931533,0.37199904920370813,0.23615823641320335,0.2889076279608192,0.5477775136676967,0.3811167552513386,0.44949612801815014,0.7417399572141669,0.5850903171396631,0.6541678693802021,0.09066919556343545
frl_apartment_5,seq_0004,4,logit_count,0.6237898107757311,0.5477775136676967,8414,50987,0.4071195949984103,0.8408947121878962,0.6240071535931533,0.37199904920370813,0.23615823641320335,0.2889076279608192,0.5477775136676967,0.3811167552513386,0.44949612801815014,0.7417399572141669,0.5850903171396631,0.6541678693802021,0.09066919556343545
frl_apartment_5,seq_0004,4,mlp_all,0.7469551182274042,0.6770858093653435,8414,50987,0.29286643046181526,0.7422360620681899,0.5175512462650026,0.453648680770145,0.2299017396591288,0.30515560457889107,0.6770858093653435,0.3480298899719536,0.45974537291220685,0.8492987877347279,0.5830701943632691,0.6914430784610455,0.0967741935483871
frl_apartment_5,seq_0004,4,mlp_noconf,0.6975783962220071,0.6453529831233659,8414,50987,0.3264536895006085,0.6001727681534892,0.46331322882704884,0.43332541003090086,0.22409633828230727,0.29541656606815153,0.6453529831233659,0.3580716653264558,0.46058788320055005,0.8168528642738293,0.6127836507345009,0.7002536309444143,0.09400719632739153
frl_apartment_5,seq_0004,-1,support,0.6428603835716569,0.49300272922594507,17221,50987,0.3929146078947013,0.4323559763721068,0.41263529213340405,0.29533708843853435,0.3198854609998627,0.3071215148786661,0.49300272922594507,0.47633710553670544,0.48452665337679823,0.7544277335810928,0.7353639162923883,0.7447738517971918,0.09875350576503583
frl_apartment_5,seq_0004,-1,logit_count,0.6428603835716569,0.49300272922594507,17221,50987,0.3929146078947013,0.4323559763721068,0.41263529213340405,0.29533708843853435,0.3198854609998627,0.3071215148786661,0.49300272922594507,0.47633710553670544,0.48452665337679823,0.7544277335810928,0.7353639162923883,0.7447738517971918,0.09875350576503583
frl_apartment_5,seq_0004,-1,mlp_all,0.6935451566622794,0.5508971604436443,17221,50987,0.3637829781124102,0.41249353307675246,0.38813825559458137,0.3488763718715522,0.31600211818698887,0.331626527689579,0.5508971604436443,0.46847235569851137,0.5063523803956178,0.7757389234074676,0.7287347755310177,0.7515025761086814,0.10495142588530242
frl_apartment_5,seq_0004,-1,mlp_noconf,0.6699353368158463,0.5369026188955345,17221,50987,0.3844514655951564,0.4868255850780246,0.43563852533659053,0.33644968352592763,0.29742875634965776,0.3157381751775429,0.5369026188955345,0.44591758683586014,0.487198612294673,0.7628476859648105,0.7056112342361779,0.7331140011109993,0.10101798651011741
apartment_2,seq_0008,4,support,0.7153678263023794,0.5973146915224146,9012,63172,0.27505673729546914,0.9950777194192804,0.6350672283573747,0.4739236573457612,0.2620781358829861,0.3375128425248866,0.5973146915224146,0.3473532577724308,0.43926377341481676,0.8334442964935641,0.49159437725574623,0.6184219948128445,0.09829699301695881
apartment_2,seq_0008,4,logit_count,0.7153678263023794,0.5973146915224146,9012,63172,0.27505673729546914,0.9950777194192804,0.6350672283573747,0.4739236573457612,0.2620781358829861,0.3375128425248866,0.5973146915224146,0.3473532577724308,0.43926377341481676,0.8334442964935641,0.49159437725574623,0.6184219948128445,0.09829699301695881
apartment_2,seq_0008,4,mlp_all,0.8127930006814665,0.6853084775854417,9012,63172,0.2937168941656925,1.1088663456410224,0.7012916199033574,0.5459387483355526,0.2730798455011714,0.36405734905280185,0.6853084775854417,0.33674729310454,0.45159135418353136,0.8237905015534842,0.44519723928322674,0.5780185974019555,0.11502152132238579
apartment_2,seq_0008,4,mlp_noconf,0.8177211441360576,0.6743231247225921,9012,63172,0.28555801929198327,0.9863118355486412,0.6359349274203122,0.5340656901908566,0.2649433293231178,0.35418158889491635,0.6743231247225921,0.3387735072500475,0.4509793099149367,0.8298934753661784,0.4807034762236434,0.6087801104983749,0.11566718540769426
apartment_2,seq_0008,-1,support,0.7105643363735927,0.41788314491640144,27333,63172,0.4754539775915989,0.7017362051560975,0.5885950913738482,0.28218636812644055,0.3712720825682264,0.3206567164455305,0.41788314491640144,0.46917938327106945,0.4420481081798477,0.6674349687191308,0.6243905527765465,0.6451956276238185,0.10776027227443821
apartment_2,seq_0008,-1,logit_count,0.7105643363735927,0.41788314491640144,27333,63172,0.4754539775915989,0.7017362051560975,0.5885950913738482,0.28218636812644055,0.3712720825682264,0.3206567164455305,0.41788314491640144,0.46917938327106945,0.4420481081798477,0.6674349687191308,0.6243905527765465,0.6451956276238185,0.10776027227443821
apartment_2,seq_0008,-1,mlp_all,0.7584911432155157,0.488786448615227,27333,63172,0.47490165467078327,0.6407471043255226,0.557824379498153,0.32488201075622875,0.3976603558538593,0.3576058705428318,0.488786448615227,0.48743114037864876,0.488107853692123,0.7039110233051623,0.6356613689609321,0.6680475759043087,0.12469392892285865
apartment_2,seq_0008,-1,mlp_noconf,0.8009256602299412,0.5210917206307394,27333,63172,0.4241921315912922,0.6601858939526024,0.5421890127719473,0.3421139282186368,0.4070157664788197,0.3717534192079361,0.5210917206307394,0.4878902045209903,0.503944698740752,0.7369114257490945,0.6296777053124802,0.6790873497197903,0.13236412229569386
apartment_2,seq_0007,4,support,0.7092056756532432,0.7138794084186576,8790,75972,0.1878792611255992,0.7257818872258256,0.4568305741757124,0.5686006825938567,0.30061075132943715,0.3932932120542125,0.7138794084186576,0.4420444374243142,0.5459986358410956,0.9138794084186576,0.6478571052493024,0.7582114689686186,0.12498287436635155
apartment_2,seq_0007,4,logit_count,0.7092056756532432,0.7138794084186576,8790,75972,0.1878792611255992,0.7257818872258256,0.4568305741757124,0.5686006825938567,0.30061075132943715,0.3932932120542125,0.7138794084186576,0.4420444374243142,0.5459986358410956,0.9138794084186576,0.6478571052493024,0.7582114689686186,0.12498287436635155
apartment_2,seq_0007,4,mlp_all,0.8196706445519629,0.8031854379977247,8790,75972,0.15627085460873397,0.9047247300957597,0.5304977923522468,0.6534698521046644,0.30190070025798976,0.41299787911611385,0.8031854379977247,0.3885642078660559,0.5237494545407391,0.9310580204778157,0.5147554362133417,0.6629723568458465,0.140768268963601
apartment_2,seq_0007,4,mlp_noconf,0.8273055697487051,0.8262798634812286,8790,75972,0.14045776817481928,0.8677322410540372,0.5040950046144282,0.6689419795221843,0.2985968514715948,0.4128908577185251,0.8262798634812286,0.3925656820934028,0.5322563131731785,0.9449374288964733,0.5439898910124783,0.6904788461943695,0.1428720553951077
apartment_2,seq_0007,-1,support,0.709357042939892,0.559891849585542,28109,75972,0.3340434139768376,0.6299928505064497,0.4820181322416437,0.35572236650183214,0.44363712946875167,0.39484524887288375,0.559891849585542,0.574303690833465,0.5670062069998304,0.8355331032765306,0.7146053809298163,0.7703524009367368,0.1419939577039275
apartment_2,seq_0007,-1,logit_count,0.709357042939892,0.559891849585542,28109,75972,0.3340434139768376,0.6299928505064497,0.4820181322416437,0.35572236650183214,0.44363712946875167,0.39484524887288375,0.559891849585542,0.574303690833465,0.5670062069998304,0.8355331032765306,0.7146053809298163,0.7703524009367368,0.1419939577039275
apartment_2,seq_0007,-1,mlp_all,0.8002462362324173,0.6513572165498595,28109,75972,0.2747132921050291,0.5825574068767994,0.4286353494909142,0.41613006510370343,0.4596561891223082,0.43681151418351466,0.6513572165498595,0.5706049597220029,0.6083128684850222,0.8647052545448077,0.7242931606381299,0.7882954392532268,0.16614504158097113
apartment_2,seq_0007,-1,mlp_noconf,0.8106629050600913,0.6526735209363549,28109,75972,0.2544019410900589,0.6162562573627095,0.4353290992263842,0.4192251592016792,0.4628810614436898,0.43997283350569893,0.6526735209363549,0.5762912652029695,0.6121087493913726,0.878224056352058,0.7045095561522666,0.7818337024685397,0.16888878929795864
apartment_2,seq_0002,4,support,0.7203374523470191,0.6593783494105038,9330,62100,0.2528608599049173,0.9714750115771476,0.6121679357410325,0.5080385852090032,0.310048309178744,0.3850850207287513,0.6593783494105038,0.42663446054750404,0.5180666817518134,0.8368703108252947,0.5472624798711755,0.6617684729546234,0.10708419624366207
apartment_2,seq_0002,4,logit_count,0.7203374523470191,0.6593783494105038,9330,62100,0.2528608599049173,0.9714750115771476,0.6121679357410325,0.5080385852090032,0.310048309178744,0.3850850207287513,0.6593783494105038,0.42663446054750404,0.5180666817518134,0.8368703108252947,0.5472624798711755,0.6617684729546234,0.10708419624366207
apartment_2,seq_0002,4,mlp_all,0.79185496735755,0.6918542336548767,9330,62100,0.3614407151612901,1.0603694195915052,0.7109050673763977,0.5531618435155413,0.3060547504025765,0.3940748145409118,0.6918542336548767,0.3751207729468599,0.48647605293353896,0.7823151125401929,0.4792914653784219,0.5944118606224678,0.11536801208720052
apartment_2,seq_0002,4,mlp_noconf,0.8010314852579354,0.7106109324758842,9330,62100,0.3449386855616345,1.0435993074648493,0.6942689965132419,0.564951768488746,0.3057326892109501,0.39675504007703316,0.7106109324758842,0.38004830917874394,0.4952353091725978,0.7979635584137191,0.5029790660225443,0.6170279269693065,0.11907168122428355
apartment_2,seq_0002,-1,support,0.7322557294266387,0.46302161277973064,28733,62100,0.4312484366279765,0.7832970100587376,0.607272723343357,0.3020916715971183,0.4281159420289855,0.35422873755773693,0.46302161277973064,0.5102737520128825,0.48550066950439535,0.7177809487349042,0.6012399355877617,0.6543619991356044,0.1221227906148435
apartment_2,seq_0002,-1,logit_count,0.7322557294266387,0.46302161277973064,28733,62100,0.4312484366279765,0.7832970100587376,0.607272723343357,0.3020916715971183,0.4281159420289855,0.35422873755773693,0.46302161277973064,0.5102737520128825,0.48550066950439535,0.7177809487349042,0.6012399355877617,0.6543619991356044,0.1221227906148435
apartment_2,seq_0002,-1,mlp_all,0.750680993706492,0.4927435353078342,28733,62100,0.4636618386193461,0.6740403790256561,0.5688511088225011,0.3181359412522187,0.4159581320450886,0.36052935631339694,0.4927435353078342,0.5279549114331723,0.5097418740536709,0.7197995336372812,0.6533333333333333,0.6849577924393061,0.12658680493473987
apartment_2,seq_0002,-1,mlp_noconf,0.7953780241146169,0.5196812027981763,28733,62100,0.4198628518946783,0.6905069266037469,0.5551848892492126,0.3332405248320746,0.43020933977455716,0.37556673416400893,0.5196812027981763,0.5298228663446055,0.5247030336468052,0.7467023979396513,0.650048309178744,0.6950311587696083,0.13544318053834892
apartment_2,seq_0003,4,support,0.751705127552701,0.6154649947753396,8613,60016,0.2992962588031949,1.0719619117309016,0.6856290852670482,0.4992453268315337,0.29758731005065314,0.37289906811164286,0.6154649947753396,0.39789389496134364,0.483322871025795,0.7864855451062348,0.516945481205012,0.6238460499537684,0.09790782518055245
apartment_2,seq_0003,4,logit_count,0.751705127552701,0.6154649947753396,8613,60016,0.2992962588031949,1.0719619117309016,0.6856290852670482,0.4992453268315337,0.29758731005065314,0.37289906811164286,0.6154649947753396,0.39789389496134364,0.483322871025795,0.7864855451062348,0.516945481205012,0.6238460499537684,0.09790782518055245
apartment_2,seq_0003,4,mlp_all,0.8058379932565733,0.6421688145826077,8613,60016,0.3649225053551005,1.1053528558240864,0.7351376805895935,0.5148032044583769,0.30098640362569984,0.37987432923745557,0.6421688145826077,0.3710343908291122,0.47032365009404037,0.7634970393591083,0.4767228739002933,0.586954779432752,0.11022436380063244
apartment_2,seq_0003,4,mlp_noconf,0.8091121509890083,0.6610936955764541,8613,60016,0.35656019426354285,1.1716638786291853,0.764112036446364,0.5308254963427377,0.2936050386563583,0.3780865306587922,0.6610936955764541,0.36087043455078643,0.46688364526406034,0.7684894926274236,0.45802785923753664,0.5739659477617136,0.11097717170195133
apartment_2,seq_0003,-1,support,0.7794003435156177,0.3964271894750419,31012,60016,0.5495247402575797,0.9839142672346554,0.7667195037461175,0.25141880562362956,0.4056584910690483,0.3104358462208924,0.3964271894750419,0.4553785657158091,0.42386293789115465,0.649555010963498,0.5441715542521994,0.5922116005258572,0.10500425894378194
apartment_2,seq_0003,-1,logit_count,0.7794003435156177,0.3964271894750419,31012,60016,0.5495247402575797,0.9839142672346554,0.7667195037461175,0.25141880562362956,0.4056584910690483,0.3104358462208924,0.3964271894750419,0.4553785657158091,0.42386293789115465,0.649555010963498,0.5441715542521994,0.5922116005258572,0.10500425894378194
apartment_2,seq_0003,-1,mlp_all,0.8149685422023716,0.4380884818779827,31012,60016,0.6272215720322132,0.9419482411835121,0.7845849066078626,0.2777634464078421,0.39477805918421754,0.32609114344154755,0.4380884818779827,0.4550453212476673,0.44640593217592967,0.6358828840448858,0.5529358837643296,0.59151566913418,0.11612750580745075
apartment_2,seq_0003,-1,mlp_noconf,0.8304525913599312,0.4464078421256288,31012,60016,0.5981854334099872,0.9461404598795091,0.7721629466447482,0.28624403456726427,0.3992102106105039,0.3334184364004117,0.4464078421256288,0.4620434550786457,0.45409109411739557,0.6469753643750806,0.5514029592108771,0.5953781429982052,0.1211191530733499
apartment_2,seq_0000,4,support,0.7049361209550582,0.7257022122793935,8046,90479,0.18019894132628075,0.787873887450693,0.4840364143884869,0.5765597812577679,0.24863227931343185,0.347437595255932,0.7257022122793935,0.37076006587163873,0.4907809514096936,0.9072831220482227,0.5866223101493164,0.7125384372322645,0.1025617677411522
apartment_2,seq_0000,4,logit_count,0.7049361209550582,0.7257022122793935,8046,90479,0.18019894132628075,0.787873887450693,0.4840364143884869,0.5765597812577679,0.24863227931343185,0.347437595255932,0.7257022122793935,0.37076006587163873,0.4907809514096936,0.9072831220482227,0.5866223101493164,0.7125384372322645,0.1025617677411522
apartment_2,seq_0000,4,mlp_all,0.820887419374837,0.8282376336067612,8046,90479,0.13322239668062258,0.9596576974888806,0.5464400470847516,0.6580909768829232,0.2392488864819461,0.35092062628902826,0.8282376336067612,0.3178638137026271,0.4594126872247389,0.9578672632363907,0.47438632168790545,0.6345232889690969,0.11378549089348133
apartment_2,seq_0000,4,mlp_noconf,0.8130549355874088,0.8206562266964952,8046,90479,0.14154323364929483,1.0217735096054457,0.5816583716273702,0.6506338553318419,0.23206489903734567,0.3421082882478201,0.8206562266964952,0.3139623559057903,0.4541705314422883,0.9453144419587373,0.45757579106754054,0.6166597976147399,0.11191037374881387
apartment_2,seq_0000,-1,support,0.7143010672688069,0.5609378679315101,29727,90479,0.3198901266154789,0.7214941444101404,0.5206921355128096,0.3740370706764894,0.4045579637263895,0.38869930833071514,0.5609378679315101,0.493584146597553,0.5251100214553076,0.839640730648905,0.6392975165508018,0.7258994551193889,0.1461144810416708
apartment_2,seq_0000,-1,logit_count,0.7143010672688069,0.5609378679315101,29727,90479,0.3198901266154789,0.7214941444101404,0.5206921355128096,0.3740370706764894,0.4045579637263895,0.38869930833071514,0.5609378679315101,0.493584146597553,0.5251100214553076,0.839640730648905,0.6392975165508018,0.7258994551193889,0.1461144810416708
apartment_2,seq_0000,-1,mlp_all,0.8222323005255066,0.6974804050190063,29727,90479,0.21131678958378816,0.660458856088871,0.4358878228363296,0.4652672654489185,0.4382784955625062,0.45136980534814297,0.6974804050190063,0.5147382265498072,0.5923351075178458,0.911595519224947,0.6532012953281977,0.7610641438366669,0.18172187589129282
apartment_2,seq_0000,-1,mlp_noconf,0.8235544031143295,0.68284724324688,29727,90479,0.21723858524847475,0.6657369776578603,0.4414877814531675,0.4547717563158072,0.4418594369964301,0.4482226219796579,0.68284724324688,0.5169597365134451,0.5884355348863799,0.9098799071551115,0.6565169818410902,0.7627078611808629,0.178911854968193
frl_apartment_5,seq_0006,4,support,0.6357353510322439,0.6518114294376232,6597,45500,0.318159293407912,0.8776230491935333,0.5978911713007227,0.4656662119145066,0.26173626373626374,0.3351149838902617,0.6518114294376232,0.39254945054945056,0.48999962252656937,0.793087767166894,0.5492747252747253,0.6490393882162001,0.1031221348260387
frl_apartment_5,seq_0006,4,logit_count,0.6357353510322439,0.6518114294376232,6597,45500,0.318159293407912,0.8776230491935333,0.5978911713007227,0.4656662119145066,0.26173626373626374,0.3351149838902617,0.6518114294376232,0.39254945054945056,0.48999962252656937,0.793087767166894,0.5492747252747253,0.6490393882162001,0.1031221348260387
frl_apartment_5,seq_0006,4,mlp_all,0.7794495084277776,0.8556919812035774,6597,45500,0.14219220986924505,1.0070923685155289,0.5746422891923869,0.608609974230711,0.2828131868131868,0.3861755760012225,0.8556919812035774,0.3893186813186813,0.5351550533105425,0.9534636956192208,0.5363516483516484,0.6865170597931805,0.12047838447211058
frl_apartment_5,seq_0006,4,mlp_noconf,0.7539892934299148,0.8299226921327876,6597,45500,0.16161598231260693,0.8878071175217386,0.5247115499171727,0.5907230559345157,0.2802857142857143,0.3801827015720677,0.8299226921327876,0.4082197802197802,0.5472566631821064,0.9384568743368198,0.5620659340659341,0.703054477680612,0.11539399853622835
frl_apartment_5,seq_0006,-1,support,0.6425862459665254,0.5861741038771031,13670,45500,0.3287758015808956,0.555115125255821,0.4419454634183583,0.3663496708119971,0.34602197802197804,0.35589579666613463,0.5861741038771031,0.48127472527472526,0.5285701255221202,0.8063643013899049,0.6584175824175824,0.7249194432811024,0.1164863856769862
frl_apartment_5,seq_0006,-1,logit_count,0.6425862459665254,0.5861741038771031,13670,45500,0.3287758015808956,0.555115125255821,0.4419454634183583,0.3663496708119971,0.34602197802197804,0.35589579666613463,0.5861741038771031,0.48127472527472526,0.5285701255221202,0.8063643013899049,0.6584175824175824,0.7249194432811024,0.1164863856769862
frl_apartment_5,seq_0006,-1,mlp_all,0.7386281083667183,0.7271397220190198,13670,45500,0.22204705980964395,0.683015032761646,0.452531046285645,0.4549378200438917,0.37485714285714283,0.4110333251556488,0.7271397220190198,0.5042857142857143,0.5955475066427576,0.8999268471104609,0.6493406593406593,0.7543682286342512,0.13223890759163293
frl_apartment_5,seq_0006,-1,mlp_noconf,0.7192881975175063,0.7239209948792977,13670,45500,0.23716471265005687,0.5373311453025875,0.3872479289763222,0.4523043160204828,0.3737142857142857,0.40927064846260935,0.7239209948792977,0.5051868131868131,0.5950907446882457,0.8893196781272861,0.7056043956043956,0.7868811867839004,0.13288168950117327
office_4,seq_0000,4,support,0.7119880565134796,0.8079540904844521,7493,54187,0.13267901111042277,0.3763337187880205,0.25450636494922163,0.6534098491925797,0.37544060383486816,0.47687511360014473,0.8079540904844521,0.52265303486076,0.6347172645874836,0.9442146002936074,0.6755310314282024,0.787588187100551,0.1587349855557245
office_4,seq_0000,4,logit_count,0.7119880565134796,0.8079540904844521,7493,54187,0.13267901111042277,0.3763337187880205,0.25450636494922163,0.6534098491925797,0.37544060383486816,0.47687511360014473,0.8079540904844521,0.52265303486076,0.6347172645874836,0.9442146002936074,0.6755310314282024,0.787588187100551,0.1587349855557245
office_4,seq_0000,4,mlp_all,0.780405651764709,0.8417189376751635,7493,54187,0.1165315238102367,0.4396892898946586,0.27811040685244764,0.6603496596823702,0.37389041652056765,0.4774489308407157,0.8417189376751635,0.48227434624540944,0.6132046972135887,0.9598291738956359,0.6209976562644177,0.7541011526772401,0.15991070975597382
office_4,seq_0000,4,mlp_noconf,0.8018822444772092,0.8517282797277459,7493,54187,0.10974484855989897,0.42075750832723685,0.26525117844356794,0.6758307753903643,0.3734659604702235,0.481083722116968,0.8517282797277459,0.4815177071991437,0.6152236757996928,0.9677031896436674,0.6309262369202945,0.7638409774677282,0.16659863251352178
office_4,seq_0000,-1,support,0.7031817886127185,0.7023986990107061,14758,54187,0.17686053322248807,0.29512706112550274,0.2359937971739954,0.5109770971676378,0.4723642202004171,0.49091255249986127,0.7023986990107061,0.5779245944599258,0.6341109083074776,0.9220761620815828,0.762618340192297,0.8348008393313111,0.18065679128458342
office_4,seq_0000,-1,logit_count,0.7031817886127185,0.7023986990107061,14758,54187,0.17686053322248807,0.29512706112550274,0.2359937971739954,0.5109770971676378,0.4723642202004171,0.49091255249986127,0.7023986990107061,0.5779245944599258,0.6341109083074776,0.9220761620815828,0.762618340192297,0.8348008393313111,0.18065679128458342
office_4,seq_0000,-1,mlp_all,0.7731919894515981,0.7791706193251118,14758,54187,0.15245058683524168,0.29158159529640865,0.22201609106582515,0.574468085106383,0.4640780999132633,0.5134062620276011,0.7791706193251118,0.5643604554597966,0.6545931000123842,0.9255996747526765,0.7545905844575267,0.8313925113143249,0.18325347576781084
office_4,seq_0000,-1,mlp_noconf,0.785457712371963,0.7777476622848625,14758,54187,0.15305943366888183,0.2733611458681715,0.21321028976852668,0.5745358449654425,0.46872866185616474,0.5162668068129762,0.7777476622848625,0.5874287190654585,0.669322029377994,0.92648055292045,0.7762747522468488,0.8447525719019067,0.19040657473625983
frl_apartment_5,seq_0011,4,support,0.7734060367948055,0.8938946331856229,4062,29308,0.10816393585544769,0.8250465118194147,0.4666052238374312,0.7045790251107829,0.41852054046676673,0.525119594787255,0.8938946331856229,0.5779650607342705,0.7020232541095529,0.9709502708025604,0.7210318001910742,0.8275336171164605,0.1670592498641058
frl_apartment_5,seq_0011,4,logit_count,0.7734060367948055,0.8938946331856229,4062,29308,0.10816393585544769,0.8250465118194147,0.4666052238374312,0.7045790251107829,0.41852054046676673,0.525119594787255,0.8938946331856229,0.5779650607342705,0.7020232541095529,0.9709502708025604,0.7210318001910742,0.8275336171164605,0.1670592498641058
frl_apartment_5,seq_0011,4,mlp_all,0.8495037014382283,0.9357459379615952,4062,29308,0.08890915441676088,0.7009136155249793,0.3949113849708701,0.7843426883308715,0.4153473454346936,0.543098040894452,0.9357459379615952,0.5693667258086529,0.7079637474464414,0.9857213195470211,0.7068036031117784,0.8232804976667195,0.17740608719495476
frl_apartment_5,seq_0011,4,mlp_noconf,0.8353676186891262,0.9369768586903003,4062,29308,0.0917563126317295,0.6917464290623254,0.39175137084702744,0.7897587395371738,0.4197488740275693,0.5481575112985699,0.9369768586903003,0.5665688549201583,0.7061466786268755,0.9805514524864599,0.7075201310222465,0.8219555366192159,0.17600876392185502
frl_apartment_5,seq_0011,-1,support,0.8039236610201625,0.8602218300983111,7934,29308,0.11799763255763894,0.8060128630089626,0.46200524778330077,0.6032266196117974,0.5105773167735772,0.5530485551116268,0.8602218300983111,0.5986420090077794,0.7059807923924458,0.9815981850264683,0.7166302715981985,0.8284432771006002,0.2081921107665681
frl_apartment_5,seq_0011,-1,logit_count,0.8039236610201625,0.8602218300983111,7934,29308,0.11799763255763894,0.8060128630089626,0.46200524778330077,0.6032266196117974,0.5105773167735772,0.5530485551116268,0.8602218300983111,0.5986420090077794,0.7059807923924458,0.9815981850264683,0.7166302715981985,0.8284432771006002,0.2081921107665681
frl_apartment_5,seq_0011,-1,mlp_all,0.8598150001872866,0.9062263675321401,7934,29308,0.10651094672470192,0.6477761098948828,0.37714352830979236,0.6509957146458281,0.5249761157363177,0.5812336534025601,0.9062263675321401,0.6134161321140985,0.7316113800723298,0.9799596672548525,0.7222601337518766,0.8316032981455563,0.2247971342934425
frl_apartment_5,seq_0011,-1,mlp_noconf,0.843215791694987,0.8860599949584068,7934,29308,0.1124669254546747,0.6555221137880849,0.3839945196213798,0.6346105369296697,0.5278081070015013,0.576302845672335,0.8860599949584068,0.6314316910058687,0.7373830988651751,0.9794555079405092,0.7519107410945817,0.850730591814594,0.21758720930232558
apartment_2,seq_0004,4,support,0.7210721345806866,0.5729050900200044,8998,67653,0.32586169914579177,1.1226976023356445,0.7242796507407181,0.4714380973549678,0.2739715903211979,0.3465494141161539,0.5729050900200044,0.35170650229849376,0.43584667774862,0.7707268281840409,0.5123054410003991,0.6154912188680164,0.10211826398951218
apartment_2,seq_0004,4,logit_count,0.7210721345806866,0.5729050900200044,8998,67653,0.32586169914579177,1.1226976023356445,0.7242796507407181,0.4714380973549678,0.2739715903211979,0.3465494141161539,0.5729050900200044,0.35170650229849376,0.43584667774862,0.7707268281840409,0.5123054410003991,0.6154912188680164,0.10211826398951218
apartment_2,seq_0004,4,mlp_all,0.7935013370788795,0.5882418315181152,8998,67653,0.4116107467813383,1.150093208160576,0.7808519774709571,0.46532562791731497,0.2721091451968132,0.343404904317293,0.5882418315181152,0.3480259559812573,0.43731810171327706,0.7349410980217826,0.46935095265546245,0.572859887779201,0.09116371212897496
apartment_2,seq_0004,4,mlp_noconf,0.7954499727624669,0.6036897088241832,8998,67653,0.3917867808280679,1.2125114160830917,0.8021490984555798,0.4776617026005779,0.27037973186702735,0.34530184324404556,0.6036897088241832,0.3506126853206805,0.4435937103583883,0.7430540120026673,0.4621967983681433,0.5699016045574348,0.09449088666575305
apartment_2,seq_0004,-1,support,0.7780835282941934,0.380335325540805,37814,67653,0.6369052890689311,0.9997802427372251,0.8183427659030781,0.2476067065108161,0.41615301612640976,0.31048065802546454,0.380335325540805,0.4579989061830222,0.41556972503023565,0.6177341725286931,0.5391039569568238,0.5757468193164997,0.11234782608695652
apartment_2,seq_0004,-1,logit_count,0.7780835282941934,0.380335325540805,37814,67653,0.6369052890689311,0.9997802427372251,0.8183427659030781,0.2476067065108161,0.41615301612640976,0.31048065802546454,0.380335325540805,0.4579989061830222,0.41556972503023565,0.6177341725286931,0.5391039569568238,0.5757468193164997,0.11234782608695652
apartment_2,seq_0004,-1,mlp_all,0.8385815604928458,0.43917596657322683,37814,67653,0.5993150580198153,0.9596880804100755,0.7795015692149454,0.2725974506796425,0.40474184441192557,0.3257794011645284,0.43917596657322683,0.4546435486970275,0.4467759240743975,0.6519543026392342,0.5454599204765495,0.5939714681968579,0.12330843747689123
apartment_2,seq_0004,-1,mlp_noconf,0.843348678426942,0.43962553551594646,37814,67653,0.5970388530941996,0.9627527499003549,0.7798958014972772,0.2778071613688052,0.4104474302691677,0.33134609453990016,0.43962553551594646,0.46404446218201706,0.45150507532543777,0.6478817369228328,0.5518454466172971,0.5960198141253699,0.12493057355500425
frl_apartment_5,seq_0012,4,support,0.6513766409569204,0.4617782765930914,8019,47988,0.37423990393447926,0.8959562504887616,0.6350980772116204,0.2994138920064846,0.18719263149120613,0.23036302081134613,0.4617782765930914,0.3158497957822789,0.37512167973333105,0.7472253398179324,0.531445361340335,0.621128552273043,0.07292488386361644
frl_apartment_5,seq_0012,4,logit_count,0.6513766409569204,0.4617782765930914,8019,47988,0.37423990393447926,0.8959562504887616,0.6350980772116204,0.2994138920064846,0.18719263149120613,0.23036302081134613,0.4617782765930914,0.3158497957822789,0.37512167973333105,0.7472253398179324,0.531445361340335,0.621128552273043,0.07292488386361644
frl_apartment_5,seq_0012,4,mlp_all,0.7804456324435957,0.5987030801845616,8019,47988,0.29092567104373424,0.9338523672141105,0.6123890191289223,0.38820301783264743,0.19923730932733183,0.2633272561305225,0.5987030801845616,0.3144536134033508,0.4123374405328754,0.8249158249158249,0.5154621988830541,0.6344671688952458,0.0853874800496542
frl_apartment_5,seq_0012,4,mlp_noconf,0.7693834136598967,0.5923431849357775,8019,47988,0.2976128146920584,0.7947801077346316,0.546196461213345,0.38645716423494203,0.2034466950070851,0.26656354791925996,0.5923431849357775,0.3291864632824873,0.4231906341277239,0.8067090659683253,0.5573059931649579,0.6592065009756208,0.08432987864292674
frl_apartment_5,seq_0012,-1,support,0.6681190103511347,0.41678224687933424,18746,47988,0.4100797695605508,0.5718179533627485,0.4909488614616497,0.252160460898325,0.29378177877802786,0.2713845654592093,0.41678224687933424,0.41787530215887303,0.4173280587945256,0.7145524378534087,0.6393473368342085,0.67486117763093,0.0886800037104604
frl_apartment_5,seq_0012,-1,logit_count,0.6681190103511347,0.41678224687933424,18746,47988,0.4100797695605508,0.5718179533627485,0.4909488614616497,0.252160460898325,0.29378177877802786,0.2713845654592093,0.41678224687933424,0.41787530215887303,0.4173280587945256,0.7145524378534087,0.6393473368342085,0.67486117763093,0.0886800037104604
frl_apartment_5,seq_0012,-1,mlp_all,0.7171849807318207,0.446975354742345,18746,47988,0.4256912525016656,0.5455236976551033,0.4856074750783845,0.27440520644404137,0.3115778944736184,0.291812498765035,0.446975354742345,0.46128198716345753,0.454015993784334,0.7110316867598421,0.6686463282487288,0.689187943054257,0.09137968444871516
frl_apartment_5,seq_0012,-1,mlp_noconf,0.6998107353804413,0.435506241331484,18746,47988,0.4241547380230506,0.5953285070091435,0.5097416225160971,0.26677691240798035,0.29978327915312164,0.28231866197180333,0.435506241331484,0.4515087105109611,0.4433631271595088,0.6973220953803478,0.6577477702759023,0.6769570559056264,0.0875702724408476
office_4,seq_0001,4,support,0.6979816936449523,0.8293622485375945,7009,50714,0.11307764012410475,0.4137905374669704,0.2634340887955376,0.5657012412612356,0.338782190322199,0.42377670809725454,0.8293622485375945,0.48931261584572305,0.6154927530303733,0.9927236410329576,0.7017588831486374,0.8222600394689913,0.14900938477580813
office_4,seq_0001,4,logit_count,0.6979816936449523,0.8293622485375945,7009,50714,0.11307764012410475,0.4137905374669704,0.2634340887955376,0.5657012412612356,0.338782190322199,0.42377670809725454,0.8293622485375945,0.48931261584572305,0.6154927530303733,0.9927236410329576,0.7017588831486374,0.8222600394689913,0.14900938477580813
office_4,seq_0001,4,mlp_all,0.8074578173889384,0.8831502354116136,7009,50714,0.1016631145042723,0.5058490779694048,0.3037560962368386,0.5761164217434727,0.33919627716212486,0.42699406596456546,0.8831502354116136,0.480754821153922,0.6225927991593356,0.9945783992010272,0.6098513231060456,0.756087903698598,0.1416286779941981
office_4,seq_0001,4,mlp_noconf,0.8145356780514702,0.8751605079183906,7009,50714,0.10170584810975022,0.42698898953597947,0.26434741882286483,0.5888143815094878,0.32945537721339274,0.42250779213000617,0.8751605079183906,0.4634026107189336,0.6059507519979296,0.9940077043800828,0.654631857080885,0.7893891723602762,0.14912921055375952
office_4,seq_0001,-1,support,0.7044338159940434,0.7811387900355872,13488,50714,0.13197717773893836,0.3093429239637758,0.22066005085135706,0.5360320284697508,0.4734787238237962,0.5028173502697635,0.7811387900355872,0.5912962889931774,0.673087528575161,0.9857651245551602,0.7931932010884568,0.8790562245289035,0.18573804573804573
office_4,seq_0001,-1,logit_count,0.7044338159940434,0.7811387900355872,13488,50714,0.13197717773893836,0.3093429239637758,0.22066005085135706,0.5360320284697508,0.4734787238237962,0.5028173502697635,0.7811387900355872,0.5912962889931774,0.673087528575161,0.9857651245551602,0.7931932010884568,0.8790562245289035,0.18573804573804573
office_4,seq_0001,-1,mlp_all,0.7867058793653101,0.8715895610913404,13488,50714,0.11458456958094765,0.27015449992430446,0.19236953475262605,0.62855871886121,0.4557715818117285,0.5283984066093834,0.8715895610913404,0.5765271917024885,0.693998023299902,0.9735320284697508,0.7716804038332611,0.8609331161854966,0.1855408663839694
office_4,seq_0001,-1,mlp_noconf,0.7882143212307191,0.8644721233689205,13488,50714,0.11512789455296445,0.26302996227730246,0.18907892841513346,0.6051304863582444,0.46604487912607956,0.5265579725926977,0.8644721233689205,0.6081161020625468,0.7139802002026895,0.9806494661921709,0.7983791457980045,0.8801770560282571,0.19317991631799164
frl_apartment_5,seq_0013,4,support,0.6388503058074687,0.551447135262847,8465,51631,0.3703723365712135,0.9539109856990495,0.6621416611351315,0.3611340815121087,0.2189963394084949,0.27265262787391265,0.551447135262847,0.355329162712324,0.43217990873956974,0.7595983461311282,0.5217601828358932,0.6186062105174,0.07662788818872193
frl_apartment_5,seq_0013,4,logit_count,0.6388503058074687,0.551447135262847,8465,51631,0.3703723365712135,0.9539109856990495,0.6621416611351315,0.3611340815121087,0.2189963394084949,0.27265262787391265,0.551447135262847,0.355329162712324,0.43217990873956974,0.7595983461311282,0.5217601828358932,0.6186062105174,0.07662788818872193
frl_apartment_5,seq_0013,4,mlp_all,0.7263395640198105,0.6532782043709392,8465,51631,0.28095230308407226,0.9544970168608302,0.6177246599724513,0.42374483165977556,0.21777614224012706,0.28769601770637293,0.6532782043709392,0.33964091340473745,0.44692463276768196,0.8443000590667454,0.4887954910809397,0.6191455097805659,0.08552926322648964
frl_apartment_5,seq_0013,4,mlp_noconf,0.6995493121643829,0.6437093916125222,8465,51631,0.2997757235477887,0.905648939316633,0.6027123314322109,0.4192557590076787,0.21285661714861226,0.2823591688715274,0.6437093916125222,0.3369099959326761,0.44231662409388023,0.8187832250443,0.4962909879723422,0.6179951392405165,0.08446921918867234
frl_apartment_5,seq_0013,-1,support,0.6746230729065358,0.4935767048495878,18682,51631,0.37699959602505767,0.6418099928347102,0.509404794429884,0.2921528744245798,0.3170382134763998,0.30408726328780167,0.4935767048495878,0.4324146346187368,0.4609757810616228,0.7673161331763194,0.6232302299006411,0.6878082209754864,0.09774615178491679
frl_apartment_5,seq_0013,-1,logit_count,0.6746230729065358,0.4935767048495878,18682,51631,0.37699959602505767,0.6418099928347102,0.509404794429884,0.2921528744245798,0.3170382134763998,0.30408726328780167,0.4935767048495878,0.4324146346187368,0.4609757810616228,0.7673161331763194,0.6232302299006411,0.6878082209754864,0.09774615178491679
frl_apartment_5,seq_0013,-1,mlp_all,0.6976485799825487,0.50877850337223,18682,51631,0.3999123819073746,0.5567774228098711,0.4783449023586228,0.2972379830853228,0.30847746508880325,0.3027534457860164,0.50877850337223,0.4262749123588542,0.46388689306160363,0.743175248902687,0.6199570025759717,0.6759970636724018,0.0932866801091211
frl_apartment_5,seq_0013,-1,mlp_noconf,0.6807565919886563,0.4911144417085965,18682,51631,0.41724684960562763,0.6651490927054947,0.5411979711555612,0.28974413874317523,0.30568844298967673,0.2975028151130794,0.4911144417085965,0.4261005984776588,0.45630337132404586,0.719676694144096,0.599717224148283,0.6542435936871837,0.09034452166198433
frl_apartment_5,seq_0008,4,support,0.7084008520909187,0.8139207402937034,4971,34525,0.13230599399719992,0.9993310467266753,0.5658185203619376,0.5823777911888955,0.39296162201303403,0.4692768862865096,0.8139207402937034,0.6031281679942071,0.6928462696166747,0.9653993160329913,0.7153656770456192,0.8217847684563455,0.15292622767022945
frl_apartment_5,seq_0008,4,logit_count,0.7084008520909187,0.8139207402937034,4971,34525,0.13230599399719992,0.9993310467266753,0.5658185203619376,0.5823777911888955,0.39296162201303403,0.4692768862865096,0.8139207402937034,0.6031281679942071,0.6928462696166747,0.9653993160329913,0.7153656770456192,0.8217847684563455,0.15292622767022945
frl_apartment_5,seq_0008,4,mlp_all,0.7768187613901752,0.836049084691209,4971,34525,0.12372450926880657,0.7193626324214853,0.42154357084514593,0.6302554817944076,0.3647212165097755,0.46205613945289836,0.836049084691209,0.558059377262853,0.6693382104717881,0.9658016495674915,0.7443012309920347,0.8407065619724855,0.16257160084413627
frl_apartment_5,seq_0008,4,mlp_noconf,0.7697998201939392,0.8227720780527057,4971,34525,0.12654347870034738,0.7363599074734237,0.4314516930868856,0.6107423053711527,0.3553656770456191,0.4493014379317981,0.8227720780527057,0.5570166545981173,0.664301337688396,0.9649969824984912,0.7395510499637944,0.8373651173534095,0.15456586826347304
frl_apartment_5,seq_0008,-1,support,0.7543441799560555,0.7977205498520967,11494,34525,0.13754546955156643,0.8849391310386696,0.5112423002951181,0.516791369410127,0.5635336712527155,0.5391513233771216,0.7977205498520967,0.6498189717595945,0.7162138784013717,0.9725073951626936,0.7314699493120926,0.8349406021763182,0.20852375970486206
frl_apartment_5,seq_0008,-1,logit_count,0.7543441799560555,0.7977205498520967,11494,34525,0.13754546955156643,0.8849391310386696,0.5112423002951181,0.516791369410127,0.5635336712527155,0.5391513233771216,0.7977205498520967,0.6498189717595945,0.7162138784013717,0.9725073951626936,0.7314699493120926,0.8349406021763182,0.20852375970486206
frl_apartment_5,seq_0008,-1,mlp_all,0.8062230462118569,0.8525317556986254,11494,34525,0.12104545157465817,0.6597032168840813,0.39037433422936973,0.585522881503393,0.579898624185373,0.5826971816728262,0.8525317556986254,0.6712527154236061,0.7511091848522351,0.9772054985209675,0.7530485155684287,0.8506070716487301,0.22361598929586887
frl_apartment_5,seq_0008,-1,mlp_noconf,0.8034116380456752,0.8332173307812772,11494,34525,0.12769681049711742,0.7208458753343102,0.42427134291571383,0.5570732556116235,0.576480811006517,0.5666108951346779,0.8332173307812772,0.6785228095582911,0.7479552195093281,0.975204454497999,0.7557422157856626,0.8515608111318514,0.21212790633456674
frl_apartment_5,seq_0005,4,support,0.6308156590756994,0.6931231692007254,7169,64831,0.2584984428433068,1.1437287139617007,0.7011135784025038,0.4988143395173664,0.245422714442165,0.328982193390453,0.6931231692007254,0.415804167759251,0.5197878939737312,0.83805272701911,0.6030448396600392,0.7013867542036007,0.10594460255742173
frl_apartment_5,seq_0005,4,logit_count,0.6308156590756994,0.6931231692007254,7169,64831,0.2584984428433068,1.1437287139617007,0.7011135784025038,0.4988143395173664,0.245422714442165,0.328982193390453,0.6931231692007254,0.415804167759251,0.5197878939737312,0.83805272701911,0.6030448396600392,0.7013867542036007,0.10594460255742173
frl_apartment_5,seq_0005,4,mlp_all,0.7797857569994978,0.8616264472032361,7169,64831,0.14975676585921396,0.9269474366059095,0.5383521012325617,0.633561166131957,0.2478443954281131,0.35630495434763276,0.8616264472032361,0.39805031543551694,0.54453759769035,0.9458780862044915,0.5778408477425923,0.7174118310359271,0.11781865326958918
frl_apartment_5,seq_0005,4,mlp_noconf,0.7595868901392838,0.8487934160970847,7169,64831,0.16256737900237306,0.8714006599156124,0.5169840194589927,0.6205886455572605,0.24270796378275825,0.34894566914852443,0.8487934160970847,0.3996236368404004,0.5434048038174142,0.9428093178964988,0.5869877064984343,0.7235175259885309,0.11420725304902674
frl_apartment_5,seq_0005,-1,support,0.680720059600557,0.6133869070952568,20408,64831,0.30321254554556776,0.45159329251250646,0.3774029190290371,0.3852410819286554,0.38982893985901806,0.3875214324816949,0.6133869070952568,0.521062454689886,0.5634678783418878,0.8263426107408859,0.7422220851136031,0.7820266989092245,0.14437468467963452
frl_apartment_5,seq_0005,-1,logit_count,0.680720059600557,0.6133869070952568,20408,64831,0.30321254554556776,0.45159329251250646,0.3774029190290371,0.3852410819286554,0.38982893985901806,0.3875214324816949,0.6133869070952568,0.521062454689886,0.5634678783418878,0.8263426107408859,0.7422220851136031,0.7820266989092245,0.14437468467963452
frl_apartment_5,seq_0005,-1,mlp_all,0.7255228173447222,0.7053116424931399,20408,64831,0.2820999581831004,0.5972584711644463,0.43967921467377336,0.4522736181889455,0.40337184371674045,0.42642531598776834,0.7053116424931399,0.5242245222193087,0.6014327506798526,0.856967855742846,0.6854436920608968,0.7616685856045313,0.15391572223949354
frl_apartment_5,seq_0005,-1,mlp_noconf,0.7358149535799134,0.7156997255978048,20408,64831,0.26753706322897464,0.46579524982172016,0.3666661565253474,0.4526656213249706,0.4148478351405963,0.432932426925854,0.7156997255978048,0.5566781323749441,0.6262516815906097,0.8725499803998432,0.7669324860020669,0.8163392281928302,0.15427456745448379
apartment_2,seq_0001,4,support,0.6953304107550019,0.7547914972702985,8609,91546,0.19643005262976937,0.7192075176613045,0.457818785145537,0.6536183064235103,0.31621261442335,0.42622347682761985,0.7547914972702985,0.44213837852008825,0.5576304768956787,0.8765245673132768,0.6040460533502283,0.7152123622618255,0.12479306504529994
apartment_2,seq_0001,4,logit_count,0.6953304107550019,0.7547914972702985,8609,91546,0.19643005262976937,0.7192075176613045,0.457818785145537,0.6536183064235103,0.31621261442335,0.42622347682761985,0.7547914972702985,0.44213837852008825,0.5576304768956787,0.8765245673132768,0.6040460533502283,0.7152123622618255,0.12479306504529994
apartment_2,seq_0001,4,mlp_all,0.7832749354186179,0.8057846439772332,8609,91546,0.16242385717361865,0.7747710375974423,0.46859744738553044,0.6985712626321292,0.3002752714482337,0.42001182034621,0.8057846439772332,0.3901535839905621,0.5257458277029713,0.9071901498431874,0.529657221506128,0.6688251288547683,0.12822293339774168
apartment_2,seq_0001,4,mlp_noconf,0.7808792678072726,0.8041584388430713,8609,91546,0.1642230737597256,0.8211272348635156,0.49267515431162057,0.6911371820188175,0.2989316846175693,0.4173503663934557,0.8041584388430713,0.39208703821029867,0.5271494966308331,0.9052154721802764,0.532967032967033,0.6709162469673591,0.1267261653500573
apartment_2,seq_0001,-1,support,0.7023602348275622,0.5892811999662931,35601,91546,0.3091933188863299,0.4283774200105686,0.36878536944844925,0.41563439229235133,0.5115024140869071,0.458611919130554,0.5892811999662931,0.6007471653594914,0.5949589451718253,0.8418583747647538,0.7216044392982762,0.7771067338812802,0.17369975928222336
apartment_2,seq_0001,-1,logit_count,0.7023602348275622,0.5892811999662931,35601,91546,0.3091933188863299,0.4283774200105686,0.36878536944844925,0.41563439229235133,0.5115024140869071,0.458611919130554,0.5892811999662931,0.6007471653594914,0.5949589451718253,0.8418583747647538,0.7216044392982762,0.7771067338812802,0.17369975928222336
apartment_2,seq_0001,-1,mlp_all,0.7705876571357316,0.6730990702508356,35601,91546,0.23673376378888164,0.49177908592134323,0.36425642485511245,0.4530771607539114,0.49145784632862166,0.47148771400771883,0.6730990702508356,0.5839468682411029,0.6253615433665302,0.8859301705008287,0.7089222904332249,0.7876034442302118,0.18559112846774492
apartment_2,seq_0001,-1,mlp_noconf,0.7676078849907407,0.6708800314597905,35601,91546,0.2383442432473103,0.4664096098362886,0.3523769265417994,0.4545097047835735,0.5032442706398969,0.4776370774789668,0.6708800314597905,0.5970113385620344,0.6317938509029443,0.8917165248167186,0.7140126275315142,0.7930314498762692,0.18823963814271208
frl_apartment_5,seq_0002,4,support,0.5889355468344787,0.6644937440857954,9511,96872,0.37845550952216567,0.6308341381932862,0.5046448238577259,0.5292818841341604,0.2989511933272772,0.38208918521678836,0.6644937440857954,0.5323106780080932,0.591102621141046,0.744085795394806,0.7506503427202907,0.747353654044594,0.13001753546947234
frl_apartment_5,seq_0002,4,logit_count,0.5889355468344787,0.6644937440857954,9511,96872,0.37845550952216567,0.6308341381932862,0.5046448238577259,0.5292818841341604,0.2989511933272772,0.38208918521678836,0.6644937440857954,0.5323106780080932,0.591102621141046,0.744085795394806,0.7506503427202907,0.747353654044594,0.13001753546947234
frl_apartment_5,seq_0002,4,mlp_all,0.7462024916746182,0.8316685942592787,9511,96872,0.16442264648350785,0.5353310576414511,0.3498768520624794,0.6453580065187677,0.2610145346436535,0.37169665253543094,0.8316685942592787,0.4040692873069618,0.5438883782246758,0.9247187467143307,0.6349306301098356,0.7529028834945642,0.14317507418397626
frl_apartment_5,seq_0002,4,mlp_noconf,0.6680635241428406,0.8093786142361477,9511,96872,0.18434219359285867,0.4796449851034307,0.33199358934814466,0.6220166123436022,0.24795606573622925,0.35456927764608254,0.8093786142361477,0.3881307292096787,0.5246634833699846,0.904847019240879,0.6461722685605747,0.7539391105212339,0.13530221980204363
frl_apartment_5,seq_0002,-1,support,0.7059226754304299,0.6477054284553946,36935,96872,0.3717913473478034,0.16960210664692443,0.2706967269973639,0.4469202653309869,0.5708667107110413,0.5013463678062844,0.6477054284553946,0.7371996036006276,0.689560907145258,0.7599296060647083,0.9292778098934676,0.8361148705902941,0.20163232539470163
frl_apartment_5,seq_0002,-1,logit_count,0.7059226754304299,0.6477054284553946,36935,96872,0.3717913473478034,0.16960210664692443,0.2706967269973639,0.4469202653309869,0.5708667107110413,0.5013463678062844,0.6477054284553946,0.7371996036006276,0.689560907145258,0.7599296060647083,0.9292778098934676,0.8361148705902941,0.20163232539470163
frl_apartment_5,seq_0002,-1,mlp_all,0.6869611803678246,0.5912007580885339,36935,96872,0.45417084759072746,0.40711360217390813,0.4306422248823178,0.39166102612697984,0.5004232389132051,0.4394120307495925,0.5912007580885339,0.639276571145429,0.6142994828270495,0.6988493299038852,0.7657837145924519,0.7307870566013048,0.167750204324244
frl_apartment_5,seq_0002,-1,mlp_noconf,0.7139813248929459,0.6878570461621768,36935,96872,0.3156731145919583,0.29880522660484754,0.3072391705984029,0.44648707188303777,0.5590882814435544,0.4964833095402619,0.6878570461621768,0.6976525724667603,0.692720182223363,0.8167862461080276,0.8195350565694938,0.8181583425137944,0.19603142895192435
office_4,seq_0002,4,support,0.7077937093065765,0.8823706377858003,6648,51842,0.10846403094637919,0.5354751970946066,0.32196961402049284,0.6615523465703971,0.347285984337024,0.4554701200984637,0.8823706377858003,0.45623239844141816,0.6014719248297995,0.9778880866425993,0.6156784074688476,0.7556190244858001,0.15686169929062882
office_4,seq_0002,4,logit_count,0.7077937093065765,0.8823706377858003,6648,51842,0.10846403094637919,0.5354751970946066,0.32196961402049284,0.6615523465703971,0.347285984337024,0.4554701200984637,0.8823706377858003,0.45623239844141816,0.6014719248297995,0.9778880866425993,0.6156784074688476,0.7556190244858001,0.15686169929062882
office_4,seq_0002,4,mlp_all,0.8058517238794896,0.8993682310469314,6648,51842,0.0905837030925671,0.5485020042948322,0.31954285369369967,0.6914861612515042,0.36156012499517765,0.4748391901853445,0.8993682310469314,0.4722425832336715,0.6193010032961311,0.9981949458483754,0.60638092666178,0.7544503025659354,0.16707021791767554
office_4,seq_0002,4,mlp_noconf,0.8070578428330537,0.8892900120336944,6648,51842,0.09495530490800168,0.5224823976941063,0.308718851301054,0.6761432009626955,0.34780679757725397,0.45933336933599056,0.8892900120336944,0.4613826627059141,0.6075535565994643,0.9956377858002406,0.6184560780834073,0.7629769915810192,0.16244171713382283
office_4,seq_0002,-1,support,0.7118618923636167,0.7693171608265947,13356,51842,0.1458258488817455,0.2790603081607904,0.21244307852126795,0.5408056304282719,0.4659156668338413,0.5005751176889637,0.7693171608265947,0.5968326839242313,0.6721863310226437,0.960691823899371,0.8058138189113074,0.8764633733991283,0.187604550016728
office_4,seq_0002,-1,logit_count,0.7118618923636167,0.7693171608265947,13356,51842,0.1458258488817455,0.2790603081607904,0.21244307852126795,0.5408056304282719,0.4659156668338413,0.5005751176889637,0.7693171608265947,0.5968326839242313,0.6721863310226437,0.960691823899371,0.8058138189113074,0.8764633733991283,0.187604550016728
office_4,seq_0002,-1,mlp_all,0.7990562060882976,0.8758610362383947,13356,51842,0.11190102177890293,0.2993865447460534,0.20564378326247817,0.6413596885294999,0.46508622352532697,0.5391814497386551,0.8758610362383947,0.5738397438370433,0.6933898078550164,0.9793351302785265,0.7471548165580032,0.8476330382957533,0.19495055754260468
office_4,seq_0002,-1,mlp_noconf,0.8043693531563684,0.8558700209643606,13356,51842,0.11804495950099524,0.31612859123661385,0.21708677536880455,0.6131326744534291,0.4533004127927163,0.5212390683491448,0.8558700209643606,0.5795108213417692,0.6910861900789851,0.9769392033542977,0.753867520543189,0.8510282803798069,0.1883002761737384
office_4,seq_0003,4,support,0.6667753458097839,0.7480300859598854,5584,47402,0.1439622130465003,0.7698806209561245,0.4569214170013124,0.5736031518624641,0.2909581874182524,0.3860791034263672,0.7480300859598854,0.40318973882958525,0.5239625803872742,0.9557664756446992,0.5516011982616768,0.6995001184517916,0.11921512586567
office_4,seq_0003,4,logit_count,0.6667753458097839,0.7480300859598854,5584,47402,0.1439622130465003,0.7698806209561245,0.4569214170013124,0.5736031518624641,0.2909581874182524,0.3860791034263672,0.7480300859598854,0.40318973882958525,0.5239625803872742,0.9557664756446992,0.5516011982616768,0.6995001184517916,0.11921512586567
office_4,seq_0003,4,mlp_all,0.7919951263731225,0.8880730659025788,5584,47402,0.09474866864431841,0.7453818833322079,0.42006527598826315,0.6785458452722063,0.32492299902957683,0.439426001667868,0.8880730659025788,0.4169444327243576,0.5674669053405273,0.9935530085959885,0.5354204463946669,0.6958506619494969,0.1408482267914169
office_4,seq_0003,4,mlp_noconf,0.790663111784628,0.869269340974212,5584,47402,0.09893878789646617,0.6958186262182237,0.3973787070573449,0.6540114613180515,0.31960676764693474,0.42938080437979936,0.869269340974212,0.42477110670435847,0.5706784523655025,0.9930157593123209,0.5636260073414624,0.7190986643657699,0.13499804916113928
office_4,seq_0003,-1,support,0.6652655437927939,0.6209164984675188,13377,47402,0.19161064997975158,0.5676707513464032,0.3796407006630774,0.40464977199671076,0.38211467870553983,0.39305949188929407,0.6209164984675188,0.4824690941310493,0.5430069461775853,0.9361590790162219,0.6548246909413105,0.7706176406878902,0.13126280686246936
office_4,seq_0003,-1,logit_count,0.6652655437927939,0.6209164984675188,13377,47402,0.19161064997975158,0.5676707513464032,0.3796407006630774,0.40464977199671076,0.38211467870553983,0.39305949188929407,0.6209164984675188,0.4824690941310493,0.5430069461775853,0.9361590790162219,0.6548246909413105,0.7706176406878902,0.13126280686246936
office_4,seq_0003,-1,mlp_all,0.7995203657667783,0.7993571054795544,13377,47402,0.1374831712300062,0.4363660731653333,0.2869246221976698,0.5342752485609629,0.42238724104468167,0.47178822343322513,0.7993571054795544,0.5139656554575757,0.6256529025192719,0.9710697465799507,0.6941479262478376,0.80958310955927,0.1587308119675707
office_4,seq_0003,-1,mlp_noconf,0.7767898105754522,0.7549525304627346,13377,47402,0.16555345423220447,0.49956537555657593,0.3325594148943902,0.5012334604171339,0.411332855153791,0.4518549213445529,0.7549525304627346,0.5094299818573056,0.6083530105000521,0.9435598415190252,0.6626302687650311,0.7785271586201823,0.14735126324368378
office_4,seq_0008,4,support,0.6848702009013203,0.7131928181108509,6405,46599,0.1797005787321081,0.7922263700160964,0.48596347437410226,0.5427010148321624,0.313053928195884,0.39706386954175743,0.7131928181108509,0.43421532650915257,0.5397891828326611,0.9044496487119438,0.5623082040387133,0.6934743272816344,0.12934934375872661
office_4,seq_0008,4,logit_count,0.6848702009013203,0.7131928181108509,6405,46599,0.1797005787321081,0.7922263700160964,0.48596347437410226,0.5427010148321624,0.313053928195884,0.39706386954175743,0.7131928181108509,0.43421532650915257,0.5397891828326611,0.9044496487119438,0.5623082040387133,0.6934743272816344,0.12934934375872661
office_4,seq_0008,4,mlp_all,0.8093382940917911,0.8430913348946136,6405,46599,0.11830609981740373,0.6411935434814386,0.37974982164942117,0.6463700234192038,0.3507371402819803,0.45472739908222753,0.8430913348946136,0.4521985450331552,0.5886630952303353,0.9679937548790007,0.56554861692311,0.7139646602900253,0.15621247641374578
office_4,seq_0008,4,mlp_noconf,0.8171618317357917,0.8424668227946916,6405,46599,0.11953651959891753,0.5239219077758986,0.3217292136874081,0.6388758782201405,0.351466769673169,0.45346656860188445,0.8424668227946916,0.4681860125753772,0.6018850634537773,0.965807962529274,0.6053563381188437,0.7442353053484817,0.1510132058287796
office_4,seq_0008,-1,support,0.6909477630123003,0.6090523534728499,14383,46599,0.22617927016436326,0.41189946314569004,0.31903936665502663,0.41437808523951886,0.4323268739672525,0.42316223681970416,0.6090523534728499,0.5314491727290285,0.5676105852830218,0.8694291872349301,0.7019678533874117,0.7767754736179929,0.15361642938962528
office_4,seq_0008,-1,logit_count,0.6909477630123003,0.6090523534728499,14383,46599,0.22617927016436326,0.41189946314569004,0.31903936665502663,0.41437808523951886,0.4323268739672525,0.42316223681970416,0.6090523534728499,0.5314491727290285,0.5676105852830218,0.8694291872349301,0.7019678533874117,0.7767754736179929,0.15361642938962528
office_4,seq_0008,-1,mlp_all,0.8061039435750379,0.7674337759855385,14383,46599,0.15602010402122415,0.28215187177470363,0.2190859878979639,0.537926719043315,0.4832936329105775,0.5091487998426593,0.7674337759855385,0.5869224661473422,0.6651486667892605,0.9378432872140722,0.7851456039829181,0.8547281273177186,0.18254633900863876
office_4,seq_0008,-1,mlp_noconf,0.8023797587147082,0.7358687339219913,14383,46599,0.170547455311453,0.31313111685675693,0.24183928608410496,0.517068761732601,0.49346552501126634,0.5049914907834805,0.7358687339219913,0.6181892315285735,0.6719152927515469,0.9260933045957033,0.7654885297967767,0.8381667239222925,0.17608541518955667
office_4,seq_0006,4,support,0.6851124338397162,0.7605477936090745,7229,55803,0.15672978328091125,0.4098810366112946,0.2833054099461029,0.6034029602987965,0.34007132233034065,0.43498809959086976,0.7605477936090745,0.4891493288891278,0.5953785699502895,0.9247475446119795,0.667258032722255,0.7751797307340454,0.14921386817173957
office_4,seq_0006,4,logit_count,0.6851124338397162,0.7605477936090745,7229,55803,0.15672978328091125,0.4098810366112946,0.2833054099461029,0.6034029602987965,0.34007132233034065,0.43498809959086976,0.7605477936090745,0.4891493288891278,0.5953785699502895,0.9247475446119795,0.667258032722255,0.7751797307340454,0.14921386817173957
office_4,seq_0006,4,mlp_all,0.7810206443134905,0.8631899294508231,7229,55803,0.10716490165916603,0.4691739869700158,0.2881694443145909,0.6645455803015632,0.34856548931061054,0.4572798823641135,0.8631899294508231,0.4602978334498145,0.6004202917767993,0.9766219394107069,0.6153253409314912,0.7549750362334761,0.1578493095044679
office_4,seq_0006,4,mlp_noconf,0.791329422587477,0.8518467284548347,7229,55803,0.10987254974372644,0.45895504449457214,0.28441379711914927,0.6502974131968461,0.34195294159812195,0.44821573967037814,0.8518467284548347,0.4521799903231009,0.5907671060458793,0.9727486512657353,0.6115621023959286,0.7509842483817661,0.1583786254889013
office_4,seq_0006,-1,support,0.6934617491805797,0.6404153766769866,15504,55803,0.1978582517795769,0.2914491930417253,0.2446537224106511,0.4630417956656347,0.46038743436732793,0.46171080008747933,0.6404153766769866,0.5678189344658889,0.6019361864609329,0.9120227038183695,0.7604429869361862,0.8293638223841314,0.1696522655426765
office_4,seq_0006,-1,logit_count,0.6934617491805797,0.6404153766769866,15504,55803,0.1978582517795769,0.2914491930417253,0.2446537224106511,0.4630417956656347,0.46038743436732793,0.46171080008747933,0.6404153766769866,0.5678189344658889,0.6019361864609329,0.9120227038183695,0.7604429869361862,0.8293638223841314,0.1696522655426765
office_4,seq_0006,-1,mlp_all,0.7689869833397027,0.7623194014447885,15504,55803,0.1609409373377839,0.28814058847604784,0.22454076290691588,0.5472136222910217,0.44581832517964987,0.49133939995919,0.7623194014447885,0.5551672849129975,0.6424577898492303,0.9281475748194015,0.7659803236385141,0.8393023695455398,0.17602542757681247
office_4,seq_0006,-1,mlp_noconf,0.7704809267739812,0.7625773993808049,15504,55803,0.15717995650814548,0.3033823266209819,0.2302811415645637,0.5441176470588235,0.448488432521549,0.49169650611023835,0.7625773993808049,0.5580345142734262,0.644465651505213,0.9351135190918473,0.7536333172051681,0.8346220856903379,0.18314362937302525
office_4,seq_0010,4,support,0.6728650594501623,0.6957526726379659,6922,52162,0.18347585607140174,0.47470678348000694,0.3290913197757043,0.5673215833574111,0.31729995015528545,0.4069788113941284,0.6957526726379659,0.46497450251140676,0.5574216917755683,0.903351632476163,0.7113799317510832,0.79595424638356,0.12883835094925614
office_4,seq_0010,4,logit_count,0.6728650594501623,0.6957526726379659,6922,52162,0.18347585607140174,0.47470678348000694,0.3290913197757043,0.5673215833574111,0.31729995015528545,0.4069788113941284,0.6957526726379659,0.46497450251140676,0.5574216917755683,0.903351632476163,0.7113799317510832,0.79595424638356,0.12883835094925614
office_4,seq_0010,4,mlp_all,0.8243010439160768,0.8724357122219012,6922,52162,0.103348609606953,0.5228449061913402,0.3130967578991466,0.6830395839352789,0.3675472566235957,0.4779220823043714,0.8724357122219012,0.469901460833557,0.6108134735228685,0.9835307714533372,0.6163298953260995,0.7577902626234183,0.15504869297796003
office_4,seq_0010,4,mlp_noconf,0.8344138378501454,0.8543773475874025,6922,52162,0.1066275128300738,0.5458411034954083,0.326234308162741,0.6724934989887316,0.3590928261953146,0.46818687928371966,0.8543773475874025,0.4649553314673517,0.6021942898137084,0.9804969661947414,0.6263371803228404,0.7643871726929273,0.15587812884694296
office_4,seq_0010,-1,support,0.6662195518462544,0.5791878835357096,15318,52162,0.22247367830248413,0.38320071937772876,0.30283719884010646,0.4163076119597859,0.4355086077987807,0.4256917027290921,0.5791878835357096,0.5848893830758023,0.5820246707029555,0.8900639770204988,0.76862466929949,0.8248987915973117,0.14516845612736023
office_4,seq_0010,-1,logit_count,0.6662195518462544,0.5791878835357096,15318,52162,0.22247367830248413,0.38320071937772876,0.30283719884010646,0.4163076119597859,0.4355086077987807,0.4256917027290921,0.5791878835357096,0.5848893830758023,0.5820246707029555,0.8900639770204988,0.76862466929949,0.8248987915973117,0.14516845612736023
office_4,seq_0010,-1,mlp_all,0.8007375525013841,0.7649823736780259,15318,52162,0.17082982102922495,0.36498262910710316,0.2679062250681641,0.5445880663271968,0.46114029370039494,0.4994022458409426,0.7649823736780259,0.5625167746635482,0.6483098961734406,0.9232928580754668,0.721693953452705,0.8101400792631454,0.17514532122639717
office_4,seq_0010,-1,mlp_noconf,0.7949351130684461,0.7410889150019585,15318,52162,0.1783589188829971,0.3875465182777639,0.2829527185803805,0.5325107716412064,0.46167708293393656,0.49457055535499916,0.7410889150019585,0.5724473754840689,0.6459424188976683,0.911933672803238,0.718760783712281,0.803905549244671,0.17416391451239419
office_4,seq_0004,4,support,0.658712186760985,0.7126962353299802,6561,52573,0.1587670241685961,0.5637414031943156,0.3612542136814559,0.5241579027587258,0.3167215110417895,0.39485348377341206,0.7126962353299802,0.4505734882924695,0.5521024442131242,0.9428440786465477,0.6775721377893595,0.7884947971894711,0.13175800411414104
office_4,seq_0004,4,logit_count,0.658712186760985,0.7126962353299802,6561,52573,0.1587670241685961,0.5637414031943156,0.3612542136814559,0.5241579027587258,0.3167215110417895,0.39485348377341206,0.7126962353299802,0.4505734882924695,0.5521024442131242,0.9428440786465477,0.6775721377893595,0.7884947971894711,0.13175800411414104
office_4,seq_0004,4,mlp_all,0.8126950633881972,0.8867550678250267,6561,52573,0.0932005392905273,0.5301227873582229,0.3116616633243751,0.6947111720774273,0.390276377608278,0.49978335659412687,0.8867550678250267,0.49386567249348523,0.634407227298903,0.9966468526139308,0.6276035227207882,0.7702003153056854,0.169382527658183
office_4,seq_0004,4,mlp_noconf,0.8062909815455436,0.8667885992988874,6561,52573,0.09917344574076305,0.48251497541272975,0.2908442105767464,0.6608748666361836,0.3813934909554334,0.48366310007434843,0.8667885992988874,0.5026724744640785,0.6363244321353229,0.9955799420819997,0.645198105491412,0.7829776775067635,0.16310711188204682
office_4,seq_0004,-1,support,0.6718451221436165,0.6465991710267038,14717,52573,0.1886555568494513,0.38879404422560604,0.2887248005375287,0.45206224094584496,0.4720674110284747,0.4618482942325625,0.6465991710267038,0.5772544842409602,0.6099622603979066,0.920296256030441,0.7465809445913302,0.8243866409292554,0.16885731201894613
office_4,seq_0004,-1,logit_count,0.6718451221436165,0.6465991710267038,14717,52573,0.1886555568494513,0.38879404422560604,0.2887248005375287,0.45206224094584496,0.4720674110284747,0.4618482942325625,0.6465991710267038,0.5772544842409602,0.6099622603979066,0.920296256030441,0.7465809445913302,0.8243866409292554,0.16885731201894613
office_4,seq_0004,-1,mlp_all,0.7942174260145584,0.8187810015628185,14717,52573,0.12555872699127735,0.34355130890050983,0.2345550179458936,0.5811646395325134,0.48330892283111104,0.527738904658753,0.8187810015628185,0.5795750670496262,0.6787184816963112,0.9793436162261331,0.7290624465029578,0.8358699590099744,0.19056808587625135
office_4,seq_0004,-1,mlp_noconf,0.7743948504995953,0.7818169463885303,14717,52573,0.1358500503852648,0.3747746548227643,0.2553123526040145,0.5430454576340287,0.48779791908394043,0.5139412061709137,0.7818169463885303,0.5867650695223784,0.6703914994763495,0.9746551606985119,0.7303939284423563,0.8350284062002014,0.18827494883832913
office_4,seq_0009,4,support,0.6781867129326259,0.7651033923503177,7399,56697,0.14835786124753209,0.5047222730645197,0.3265400671560259,0.575212866603595,0.3628057921935905,0.44496035935077405,0.7651033923503177,0.5084572375963455,0.6109208281137393,0.9393161238005135,0.6752561863943418,0.7856929287975983,0.16137866887143448
office_4,seq_0009,4,logit_count,0.6781867129326259,0.7651033923503177,7399,56697,0.14835786124753209,0.5047222730645197,0.3265400671560259,0.575212866603595,0.3628057921935905,0.44496035935077405,0.7651033923503177,0.5084572375963455,0.6109208281137393,0.9393161238005135,0.6752561863943418,0.7856929287975983,0.16137866887143448
office_4,seq_0009,4,mlp_all,0.7917722675025521,0.8467360454115421,7399,56697,0.1185993801449573,0.482573257269921,0.3005863187074391,0.630220300040546,0.37116602289362755,0.4671850552691335,0.8467360454115421,0.4935887260348872,0.6236389490757179,0.9621570482497634,0.6591354039896291,0.7823286586249216,0.1580872880919256
office_4,seq_0009,4,mlp_noconf,0.7988375678654659,0.8413299094472226,7399,56697,0.12036374296254579,0.46584475446399415,0.29310424871326995,0.6154885795377754,0.36483411820731254,0.4581169725006723,0.8413299094472226,0.5016667548547542,0.6285454858579296,0.9599945938640356,0.669770887348537,0.7890416607716202,0.15671641791044777
office_4,seq_0009,-1,support,0.6862813944783062,0.6435198865315289,16921,56697,0.19815397147591807,0.3066389903345049,0.2523964809052115,0.4529283139294368,0.4956876025186518,0.47334426115289374,0.6435198865315289,0.6005256010018166,0.6212798012429731,0.9057975296968265,0.7830396670017814,0.8399570987793886,0.17857011307967144
office_4,seq_0009,-1,logit_count,0.6862813944783062,0.6435198865315289,16921,56697,0.19815397147591807,0.3066389903345049,0.2523964809052115,0.4529283139294368,0.4956876025186518,0.47334426115289374,0.6435198865315289,0.6005256010018166,0.6212798012429731,0.9057975296968265,0.7830396670017814,0.8399570987793886,0.17857011307967144
office_4,seq_0009,-1,mlp_all,0.7672236040530694,0.7618344069499439,16921,56697,0.15983278825527603,0.31423282659226703,0.23703280742377153,0.529283139294368,0.4898848263576556,0.5088224660228096,0.7618344069499439,0.597297916997372,0.6696067724245642,0.9325098989421429,0.7802000105825705,0.8495825580000401,0.17476227190953483
office_4,seq_0009,-1,mlp_noconf,0.7585888831493056,0.7494237929200401,16921,56697,0.16271731943924753,0.2856454277563994,0.22418137359782347,0.5192364517463507,0.4955465015785668,0.507114957561939,0.7494237929200401,0.6108612448630439,0.6730853289678266,0.9287276165711247,0.7897595992733302,0.8536246805151387,0.17454665589897952
office_4,seq_0005,4,support,0.6685525932445648,0.7702941176470588,6800,57334,0.13060693661097098,0.45703124356517777,0.2938190900880744,0.6069117647058824,0.34537970488715247,0.4402328759203068,0.7702941176470588,0.48015139358844666,0.5915616326148899,0.9663235294117647,0.680800223253218,0.7988146288267088,0.16078290720909977
office_4,seq_0005,4,logit_count,0.6685525932445648,0.7702941176470588,6800,57334,0.13060693661097098,0.45703124356517777,0.2938190900880744,0.6069117647058824,0.34537970488715247,0.4402328759203068,0.7702941176470588,0.48015139358844666,0.5915616326148899,0.9663235294117647,0.680800223253218,0.7988146288267088,0.16078290720909977
office_4,seq_0005,4,mlp_all,0.802680989200163,0.8888235294117647,6800,57334,0.09401666518188961,0.4271968899645131,0.2606067775732014,0.6986764705882353,0.38669899187218754,0.49785073675578956,0.8888235294117647,0.517371891024523,0.6540375590985514,0.9870588235294118,0.6849687794327973,0.8087240621907309,0.17786211916398045
office_4,seq_0005,4,mlp_noconf,0.7979167684115837,0.8814705882352941,6800,57334,0.09348607174547577,0.4052290451959788,0.24935755847072727,0.6963235294117647,0.37810025464820174,0.4900861423474008,0.8814705882352941,0.506191788467576,0.6430860719890078,0.9897058823529412,0.6730910105696445,0.8012549642774406,0.18043976656940391
office_4,seq_0005,-1,support,0.6560804006757149,0.68946383206311,14958,57334,0.16698136943275585,0.25029726647238,0.2086393179525679,0.4923118063912288,0.4579481633934489,0.4745086496800672,0.68946383206311,0.5728886873408449,0.6257935460153784,0.9479208450327584,0.8106010395227963,0.8738994141811112,0.18143476093708064
office_4,seq_0005,-1,logit_count,0.6560804006757149,0.68946383206311,14958,57334,0.16698136943275585,0.25029726647238,0.2086393179525679,0.4923118063912288,0.4579481633934489,0.4745086496800672,0.68946383206311,0.5728886873408449,0.6257935460153784,0.9479208450327584,0.8106010395227963,0.8738994141811112,0.18143476093708064
office_4,seq_0005,-1,mlp_all,0.7435966953424009,0.8174889691135179,14958,57334,0.12558477443238697,0.28828121784100086,0.20693299613669391,0.5637785800240674,0.47622702061603933,0.5163175915336489,0.8174889691135179,0.5899291868699201,0.6853124649188367,0.9790747426126487,0.7973104963895769,0.8788933300002615,0.19736535322919097
office_4,seq_0005,-1,mlp_noconf,0.7528636129256784,0.805321567054419,14958,57334,0.127455785919096,0.30114264179101313,0.21429921385505457,0.5597673485760128,0.4700003488331531,0.5109712603299872,0.805321567054419,0.5747723863676004,0.6707899817131084,0.9792084503275839,0.782014162626016,0.8695719333685598,0.19722578389089637
office_4,seq_0007,4,support,0.6971474240352014,0.7377026271660145,7156,61235,0.16254265930824693,0.4497983205747629,0.3061704899415049,0.6039686975964226,0.3282599820364171,0.42534360539442867,0.7377026271660145,0.47361802890503796,0.5768732869291412,0.9143376187814422,0.7141504041806157,0.8019396775453254,0.14624129814193418
office_4,seq_0007,4,logit_count,0.6971474240352014,0.7377026271660145,7156,61235,0.16254265930824693,0.4497983205747629,0.3061704899415049,0.6039686975964226,0.3282599820364171,0.42534360539442867,0.7377026271660145,0.47361802890503796,0.5768732869291412,0.9143376187814422,0.7141504041806157,0.8019396775453254,0.14624129814193418
office_4,seq_0007,4,mlp_all,0.7948700372975375,0.8416713247624371,7156,61235,0.10803980900868071,0.49640428888906624,0.3022220489488735,0.6767747344885411,0.3520862251980077,0.4631977903954083,0.8416713247624371,0.45792438964644405,0.5931411182747113,0.975684740078256,0.6134236955989222,0.75326280518199,0.16148185739659984
office_4,seq_0007,4,mlp_noconf,0.8168030319722727,0.8332867523756289,7156,61235,0.1128648575964129,0.5200853123108035,0.3164750849536082,0.6685299049748463,0.34274516208050954,0.4531613565900933,0.8332867523756289,0.45882256879235733,0.5917932205922388,0.9670206819452208,0.6281864946517515,0.7616181037284676,0.16095160799431876
office_4,seq_0007,-1,support,0.686588188111513,0.592947451600158,20248,61235,0.22647653335082368,0.2590064784403425,0.2427415058955831,0.41870802054523903,0.508222421817588,0.45914298314232094,0.592947451600158,0.6605862660243325,0.6249420139148228,0.8734195969972343,0.8096513431860863,0.8403274431163742,0.17016294272611962
office_4,seq_0007,-1,logit_count,0.686588188111513,0.592947451600158,20248,61235,0.22647653335082368,0.2590064784403425,0.2427415058955831,0.41870802054523903,0.508222421817588,0.45914298314232094,0.592947451600158,0.6605862660243325,0.6249420139148228,0.8734195969972343,0.8096513431860863,0.8403274431163742,0.17016294272611962
office_4,seq_0007,-1,mlp_all,0.7368212855792917,0.6539905175819835,20248,61235,0.1960361110833775,0.26444556808233155,0.23024083958285452,0.43836428289213747,0.5133502082142566,0.4729031616084009,0.6539905175819835,0.6613864619906916,0.6576676972703721,0.9075464243382062,0.7899403935657712,0.8446693924918416,0.16659641386466068
office_4,seq_0007,-1,mlp_noconf,0.7646361622077116,0.6782398261556697,20248,61235,0.18288870176295682,0.27260085188476013,0.22774477682385846,0.46468787040695375,0.517841103943823,0.4898267350534767,0.6782398261556697,0.6494488446150077,0.6635321685964207,0.9180659818253655,0.7847472850493998,0.8461876598553107,0.17844158396384002
office_4,seq_0011,4,support,0.6992962866341256,0.7977141067793957,6387,58635,0.12441382003410843,0.6222259501041186,0.3733198850691135,0.6165648974479412,0.31170802421761745,0.414076984257175,0.7977141067793957,0.4280890253261704,0.5571737345352431,0.969156098324722,0.6116653875671527,0.7499888454013675,0.13869836915104405
office_4,seq_0011,4,logit_count,0.6992962866341256,0.7977141067793957,6387,58635,0.12441382003410843,0.6222259501041186,0.3733198850691135,0.6165648974479412,0.31170802421761745,0.414076984257175,0.7977141067793957,0.4280890253261704,0.5571737345352431,0.969156098324722,0.6116653875671527,0.7499888454013675,0.13869836915104405
office_4,seq_0011,4,mlp_all,0.8475234496551357,0.8858619069985909,6387,58635,0.09080756741480203,0.5652835122631303,0.32804553983896617,0.6984499765147957,0.37104118700434896,0.4846299197021283,0.8858619069985909,0.48046388675705637,0.6230207420686071,0.9953029591357445,0.6302038031892214,0.7717515850573077,0.16856100104275287
office_4,seq_0011,4,mlp_noconf,0.8413474195033446,0.8954125567559105,6387,58635,0.09206395829787382,0.5375297567766196,0.31479685753724673,0.6890558947862846,0.3607742815724397,0.4735883021899965,0.8954125567559105,0.4775304852050823,0.6228762295566833,0.9923281665883826,0.6439328046388676,0.7810400304960362,0.16237942122186494
office_4,seq_0011,-1,support,0.7092023477041351,0.6432757718472004,19110,58635,0.19382662887502047,0.2710361552148121,0.2324313920449163,0.4398744113029827,0.5155112134390722,0.4746987722215755,0.6432757718472004,0.6514198004604759,0.6473221719463471,0.9152276295133438,0.8218299650379466,0.8660179065150794,0.17527428418517527
office_4,seq_0011,-1,logit_count,0.7092023477041351,0.6432757718472004,19110,58635,0.19382662887502047,0.2710361552148121,0.2324313920449163,0.4398744113029827,0.5155112134390722,0.4746987722215755,0.6432757718472004,0.6514198004604759,0.6473221719463471,0.9152276295133438,0.8218299650379466,0.8660179065150794,0.17527428418517527
office_4,seq_0011,-1,mlp_all,0.8051359663160337,0.7530088958660387,19110,58635,0.14987591316994203,0.2626624968215611,0.20626920499575158,0.5085295656724228,0.5263920866376738,0.5173066745559771,0.7530088958660387,0.6670589238509422,0.7074328377171373,0.9588697017268446,0.8299309286262472,0.8897532888599783,0.19465506103158683
office_4,seq_0011,-1,mlp_noconf,0.8200855863581055,0.7555729984301413,19110,58635,0.1465886502308851,0.27839176820366757,0.21249020921727635,0.5127158555729985,0.5283533725590518,0.5204171713778343,0.7555729984301413,0.6607657542423467,0.7049962606061534,0.9649921507064364,0.8129956510616526,0.8824969676988751,0.19705641864268192
frl_apartment_5,seq_0007,4,support,0.6005730953531918,0.609713282621416,8545,68669,0.4033823384217593,0.7027565269002081,0.5530694326609837,0.4738443534230544,0.2534476983791813,0.3302518169075234,0.609713282621416,0.4044619843015043,0.4863180008170806,0.7377413692217671,0.6035765774949395,0.6639490835133826,0.10895369284876905
frl_apartment_5,seq_0007,4,logit_count,0.6005730953531918,0.609713282621416,8545,68669,0.4033823384217593,0.7027565269002081,0.5530694326609837,0.4738443534230544,0.2534476983791813,0.3302518169075234,0.609713282621416,0.4044619843015043,0.4863180008170806,0.7377413692217671,0.6035765774949395,0.6639490835133826,0.10895369284876905
frl_apartment_5,seq_0007,4,mlp_all,0.7572064858372535,0.8111176126389702,8545,68669,0.2183821720433373,0.6293261215103679,0.4238541467768526,0.5934464599180808,0.2633211492813351,0.3647827069666847,0.8111176126389702,0.3783075332391618,0.5159667327829079,0.9066120538326506,0.6020766284640813,0.7236084357251109,0.1213187627338396
frl_apartment_5,seq_0007,4,mlp_noconf,0.7011497417116022,0.7836161497952019,8545,68669,0.23239431450699385,0.5920113726298867,0.4122028435684403,0.5660620245757753,0.25665147300819874,0.35317435011827353,0.7836161497952019,0.3886906755595684,0.5196323761931693,0.8971328262141604,0.6225953487017432,0.7350666178173524,0.11553344389165285
frl_apartment_5,seq_0007,-1,support,0.6155336012557074,0.536069854741309,24508,68669,0.4076069618984532,0.28515369531346163,0.3463803286059574,0.3414395299494043,0.38537040003495027,0.36207729921130755,0.536069854741309,0.5553160814923764,0.5455232677240412,0.7505304390403134,0.8420247855655391,0.7936493783438339,0.12156130221726262
frl_apartment_5,seq_0007,-1,logit_count,0.6155336012557074,0.536069854741309,24508,68669,0.4076069618984532,0.28515369531346163,0.3463803286059574,0.3414395299494043,0.38537040003495027,0.36207729921130755,0.536069854741309,0.5553160814923764,0.5455232677240412,0.7505304390403134,0.8420247855655391,0.7936493783438339,0.12156130221726262
frl_apartment_5,seq_0007,-1,mlp_all,0.7057891555043496,0.6865921331810021,24508,68669,0.26480120981166777,0.3910335434578461,0.32791737663475695,0.41814917577933736,0.42314581543345614,0.4206326575245741,0.6865921331810021,0.5883440853951565,0.6336825556450469,0.8807736249387955,0.7983952001631013,0.8375637089840772,0.14133010763306014
frl_apartment_5,seq_0007,-1,mlp_noconf,0.6767347808574619,0.664640117512649,24508,68669,0.2868268047089871,0.3249623685993642,0.3058945866541757,0.41031499918393993,0.414495623935109,0.4123947166285063,0.664640117512649,0.5718883338915668,0.6147855781404111,0.8591072302921495,0.7931380972491227,0.8248056903037102,0.13865970494791025
frl_apartment_5,seq_0009,4,support,0.6220059291893417,0.5603429080382988,8982,72762,0.38290804462515293,0.8784550319579177,0.6306815382915354,0.405811623246493,0.21830076138643797,0.28388792953140635,0.5603429080382988,0.36108133366317585,0.43916657579912555,0.7567356936094412,0.5515653775322283,0.6380629317586288,0.08319808058711453
frl_apartment_5,seq_0009,4,logit_count,0.6220059291893417,0.5603429080382988,8982,72762,0.38290804462515293,0.8784550319579177,0.6306815382915354,0.405811623246493,0.21830076138643797,0.28388792953140635,0.5603429080382988,0.36108133366317585,0.43916657579912555,0.7567356936094412,0.5515653775322283,0.6380629317586288,0.08319808058711453
frl_apartment_5,seq_0009,4,mlp_all,0.7586239003936243,0.7617457136495213,8982,72762,0.19875111580571486,0.7685577034304194,0.48365440961806716,0.549209530171454,0.24619993952887495,0.33998929675261796,0.7617457136495213,0.3754844561721778,0.5030180918890365,0.8960142507236696,0.5450784750281741,0.6778163162723119,0.10539012710186152
frl_apartment_5,seq_0009,4,mlp_noconf,0.74215683218143,0.7325762636383879,8982,72762,0.2257723837921539,0.7283211666088923,0.47704677520052313,0.5320641282565131,0.2364558423352849,0.3274076834370439,0.7325762636383879,0.3711827602319892,0.49271566299723013,0.8688488087285683,0.5548638025342899,0.6772332421933055,0.1010687899002941
frl_apartment_5,seq_0009,-1,support,0.674504017451234,0.5109237748962322,31079,72762,0.3942571792162502,0.4725414706473271,0.4333993249317887,0.3142636506966119,0.41070888650669307,0.35607107145063704,0.5109237748962322,0.5374096368983811,0.5238321268034304,0.7600630650921845,0.7376790082735494,0.74870376956506,0.12559160874941372
frl_apartment_5,seq_0009,-1,logit_count,0.674504017451234,0.5109237748962322,31079,72762,0.3942571792162502,0.4725414706473271,0.4333993249317887,0.3142636506966119,0.41070888650669307,0.35607107145063704,0.5109237748962322,0.5374096368983811,0.5238321268034304,0.7600630650921845,0.7376790082735494,0.74870376956506,0.12559160874941372
frl_apartment_5,seq_0009,-1,mlp_all,0.6853210421727152,0.5336079024421635,31079,72762,0.36161458405269076,0.417077019684327,0.38934580186850887,0.3270375494707037,0.39875209587422006,0.3593518014962518,0.5336079024421635,0.5201753662626096,0.5268060223325464,0.7800122269056275,0.7256260135785163,0.751836858992148,0.1254716377821833
frl_apartment_5,seq_0009,-1,mlp_noconf,0.6960252098028094,0.5397857073908426,31079,72762,0.3484331475939558,0.38885598919227515,0.3686445683931155,0.3332797065542649,0.40341112118963196,0.36500723241676436,0.5397857073908426,0.5429344987768341,0.5413555243906838,0.7826506644357927,0.7458426101536516,0.7638034450077293,0.1274905503235313
frl_apartment_5,seq_0010,4,support,0.6287637169397929,0.5117493472584856,9575,76451,0.46385174080430513,0.620721884731022,0.5422868127676636,0.3838120104438642,0.20348981700697177,0.2659683049490865,0.5117493472584856,0.3460647996756092,0.4129063060479881,0.6953524804177545,0.5752050332892964,0.629598018714656,0.09480059888389819
frl_apartment_5,seq_0010,4,logit_count,0.6287637169397929,0.5117493472584856,9575,76451,0.46385174080430513,0.620721884731022,0.5422868127676636,0.3838120104438642,0.20348981700697177,0.2659683049490865,0.5117493472584856,0.3460647996756092,0.4129063060479881,0.6953524804177545,0.5752050332892964,0.629598018714656,0.09480059888389819
frl_apartment_5,seq_0010,4,mlp_all,0.7624468258460014,0.7197911227154047,9575,76451,0.26426177776998155,0.6910140723337085,0.477637925051845,0.517284595300261,0.21386247400295613,0.3026142563081323,0.7197911227154047,0.3337431819073655,0.4560371286433422,0.8531592689295039,0.5155197446730586,0.6426933475458497,0.10769124836466294
frl_apartment_5,seq_0010,4,mlp_noconf,0.7527268905967519,0.7123759791122716,9575,76451,0.28104915094719524,0.6593248099108975,0.4701869804290464,0.5070496083550914,0.21230592143987653,0.2992946598971407,0.7123759791122716,0.3423761625093197,0.46247937191633015,0.8351958224543081,0.534159134609096,0.6515877792680583,0.10540781969353398
frl_apartment_5,seq_0010,-1,support,0.6670786365779049,0.42609444524185447,34835,76451,0.4701412605384552,0.35065895932600694,0.4104001099322311,0.264848571838668,0.3663653843638409,0.3074436104158568,0.42609444524185447,0.5182666021373167,0.46768239951857105,0.6823022821874551,0.7446207374658278,0.7121006831335427,0.10537154294732386
frl_apartment_5,seq_0010,-1,logit_count,0.6670786365779049,0.42609444524185447,34835,76451,0.4701412605384552,0.35065895932600694,0.4104001099322311,0.264848571838668,0.3663653843638409,0.3074436104158568,0.42609444524185447,0.5182666021373167,0.46768239951857105,0.6823022821874551,0.7446207374658278,0.7121006831335427,0.10537154294732386
frl_apartment_5,seq_0010,-1,mlp_all,0.6924870931404814,0.4502368307736472,34835,76451,0.4578346039297581,0.3225205568616811,0.3901775803957196,0.2731735323668724,0.35595348654693854,0.3091174543614776,0.4502368307736472,0.5204510078350839,0.48280446714254543,0.6740347351801349,0.7734104197459811,0.7203112127390403,0.10293044513576834
frl_apartment_5,seq_0010,-1,mlp_noconf,0.7131227278197535,0.4676331276015502,34835,76451,0.4484019961025815,0.34865446629135227,0.3985282311969669,0.2829625376776231,0.36319995814312434,0.3180994951124338,0.4676331276015502,0.5206995330342311,0.4927416868260252,0.696598248887613,0.7533191194359786,0.7238492219172389,0.107524393536195
frl_apartment_5,seq_0014,4,support,0.6139256387927872,0.5180598555211559,8721,85801,0.4490511901886071,0.9812930262018632,0.7151721081952351,0.3931888544891641,0.17462500437057843,0.24184195000634204,0.5180598555211559,0.3068612253936434,0.38542470490918385,0.6866185070519436,0.5113693313597744,0.5861756448477892,0.08578485009535124
frl_apartment_5,seq_0014,4,logit_count,0.6139256387927872,0.5180598555211559,8721,85801,0.4490511901886071,0.9812930262018632,0.7151721081952351,0.3931888544891641,0.17462500437057843,0.24184195000634204,0.5180598555211559,0.3068612253936434,0.38542470490918385,0.6866185070519436,0.5113693313597744,0.5861756448477892,0.08578485009535124
frl_apartment_5,seq_0014,4,mlp_all,0.7629745123972707,0.7239995413370026,8721,85801,0.24143344237265543,0.9547028758899208,0.5980681591312881,0.515537209035661,0.1799512826190837,0.2667810700450343,0.7239995413370026,0.27760748709222505,0.4013304372308332,0.8658410732714138,0.478013076770667,0.6159646944066436,0.10023125415782304
frl_apartment_5,seq_0014,4,mlp_noconf,0.7419415327847212,0.7251461988304093,8721,85801,0.24925443575264608,0.8590452455938289,0.5541498406732375,0.5131292282995069,0.18104684094590973,0.2676566649196734,0.7251461988304093,0.2861738208179392,0.4103900928275115,0.8648090815273478,0.5061712567452594,0.6385817322412544,0.0997086948261668
frl_apartment_5,seq_0014,-1,support,0.6527183196298649,0.45833439417470784,39277,85801,0.4299952667024145,0.48754832294565176,0.45877179482403313,0.2724495251674008,0.3867087796179532,0.31967623746858503,0.45833439417470784,0.5242712788895234,0.4890905183636602,0.7186648674796955,0.6942459878089999,0.7062444158589474,0.11098442950735982
frl_apartment_5,seq_0014,-1,logit_count,0.6527183196298649,0.45833439417470784,39277,85801,0.4299952667024145,0.48754832294565176,0.45877179482403313,0.2724495251674008,0.3867087796179532,0.31967623746858503,0.45833439417470784,0.5242712788895234,0.4890905183636602,0.7186648674796955,0.6942459878089999,0.7062444158589474,0.11098442950735982
frl_apartment_5,seq_0014,-1,mlp_all,0.6970911912296067,0.4947424701479237,39277,85801,0.40515002329390926,0.4195616265085761,0.4123558249012427,0.2909590854698679,0.4034568361674106,0.3380954509253126,0.4947424701479237,0.5608908987074742,0.525744177660675,0.745067087608524,0.7369844174310323,0.7410037122745587,0.11208203451036504
frl_apartment_5,seq_0014,-1,mlp_noconf,0.6945987518118037,0.496804745779973,39277,85801,0.39828663312565754,0.4428417804929514,0.4205642068093045,0.292130254347328,0.3926760760364098,0.3350219087616986,0.496804745779973,0.5435018239880655,0.5191052202189759,0.7508974718028363,0.717940350345567,0.7340491725508702,0.112442066521265
